rank,neuron_id,layer,neuron_idx,score,importance
0,446356,31,1940,0.0056008039973676205,0.0056008039973676205
1,457329,31,12913,0.004836794454604387,0.004836794454604387
2,452570,31,8154,-0.00461460230872035,0.00461460230872035
3,447825,31,3409,-0.0045837219804525375,0.0045837219804525375
4,456420,31,12004,-0.0036349475849419832,0.0036349475849419832
5,454241,31,9825,-0.0035086669959127903,0.0035086669959127903
6,451866,31,7450,-0.0029488597065210342,0.0029488597065210342
7,449727,31,5311,0.0029127136804163456,0.0029127136804163456
8,454108,31,9692,0.0028573491144925356,0.0028573491144925356
9,445582,31,1166,0.002532167825847864,0.002532167825847864
10,458617,31,14201,0.002480708761140704,0.002480708761140704
11,453353,31,8937,0.0024410272017121315,0.0024410272017121315
12,454080,31,9664,0.002333870390430093,0.002333870390430093
13,450848,31,6432,0.0023334212601184845,0.0023334212601184845
14,458692,31,14276,-0.002299763960763812,0.002299763960763812
15,458640,31,14224,0.0022937988396734,0.0022937988396734
16,449925,31,5509,0.0022591114975512028,0.0022591114975512028
17,455426,31,11010,0.0019368825014680624,0.0019368825014680624
18,445740,31,1324,0.001898619462735951,0.001898619462735951
19,458612,31,14196,0.001853592460975051,0.001853592460975051
20,449787,31,5371,0.0018418708350509405,0.0018418708350509405
21,452798,31,8382,-0.0018405179725959897,0.0018405179725959897
22,445266,31,850,0.001789358677342534,0.001789358677342534
23,453535,31,9119,0.001781980274245143,0.001781980274245143
24,447803,31,3387,0.0016785254701972008,0.0016785254701972008
25,446965,31,2549,0.001650904188863933,0.001650904188863933
26,432872,30,2792,0.0016314538661390543,0.0016314538661390543
27,457007,31,12591,0.00163090112619102,0.00163090112619102
28,451030,31,6614,0.0015757670626044273,0.0015757670626044273
29,451832,31,7416,-0.0015465507749468088,0.0015465507749468088
30,453832,31,9416,0.0015299362130463123,0.0015299362130463123
31,457492,31,13076,-0.0013910438865423203,0.0013910438865423203
32,458522,31,14106,0.001388124073855579,0.001388124073855579
33,452289,31,7873,0.0013555254554376006,0.0013555254554376006
34,448185,31,3769,0.0013521465007215738,0.0013521465007215738
35,446097,31,1681,0.0013463213108479977,0.0013463213108479977
36,448993,31,4577,-0.0012807452585548162,0.0012807452585548162
37,450188,31,5772,0.0012614275328814983,0.0012614275328814983
38,455495,31,11079,-0.0012532988330349326,0.0012532988330349326
39,456535,31,12119,0.0012374813668429852,0.0012374813668429852
40,446721,31,2305,0.001225501880981028,0.001225501880981028
41,453991,31,9575,0.001204820116981864,0.001204820116981864
42,448227,31,3811,-0.001202161656692624,0.001202161656692624
43,447591,31,3175,-0.0011956236558035016,0.0011956236558035016
44,446623,31,2207,0.0011733854189515114,0.0011733854189515114
45,438642,30,8562,0.0011426160344853997,0.0011426160344853997
46,437893,30,7813,0.0011396734043955803,0.0011396734043955803
47,453935,31,9519,-0.0011265233624726534,0.0011265233624726534
48,455250,31,10834,-0.0011208291398361325,0.0011208291398361325
49,456345,31,11929,-0.0011189045617356896,0.0011189045617356896
50,445988,31,1572,0.00111715670209378,0.00111715670209378
51,451073,31,6657,0.0011140585411339998,0.0011140585411339998
52,445412,31,996,0.001096775638870895,0.001096775638870895
53,447613,31,3197,-0.001096305437386036,0.001096305437386036
54,452267,31,7851,-0.0010880447225645185,0.0010880447225645185
55,455904,31,11488,0.0010688930051401258,0.0010688930051401258
56,449969,31,5553,0.0010669766925275326,0.0010669766925275326
57,448244,31,3828,-0.001057635061442852,0.001057635061442852
58,455090,31,10674,0.001050385762937367,0.001050385762937367
59,458443,31,14027,-0.0010491053108125925,0.0010491053108125925
60,456224,31,11808,-0.0009950711391866207,0.0009950711391866207
61,448852,31,4436,-0.0009880843572318554,0.0009880843572318554
62,437226,30,7146,-0.0009524085908196867,0.0009524085908196867
63,445130,31,714,-0.0009460768196731806,0.0009460768196731806
64,454079,31,9663,0.0009398373658768833,0.0009398373658768833
65,449077,31,4661,-0.0009295076597481966,0.0009295076597481966
66,458489,31,14073,0.0009294078918173909,0.0009294078918173909
67,431210,30,1130,0.0009277133503928781,0.0009277133503928781
68,448544,31,4128,0.000920139136724174,0.000920139136724174
69,452389,31,7973,-0.0009102086769416928,0.0009102086769416928
70,458285,31,13869,-0.0009054841939359903,0.0009054841939359903
71,455758,31,11342,-0.000903454318176955,0.000903454318176955
72,446893,31,2477,-0.000897994905244559,0.000897994905244559
73,442526,30,12446,-0.0008964193402789533,0.0008964193402789533
74,449669,31,5253,0.0008961636340245605,0.0008961636340245605
75,450031,31,5615,0.0008841922390274704,0.0008841922390274704
76,456941,31,12525,-0.0008825664990581572,0.0008825664990581572
77,456774,31,12358,-0.000864762463606894,0.000864762463606894
78,457230,31,12814,0.0008557977271266282,0.0008557977271266282
79,450883,31,6467,-0.0008512664935551584,0.0008512664935551584
80,449534,31,5118,-0.0008449719753116369,0.0008449719753116369
81,448480,31,4064,0.0008442056714557111,0.0008442056714557111
82,452775,31,8359,0.0008317530155181885,0.0008317530155181885
83,456401,31,11985,-0.0008245509816333652,0.0008245509816333652
84,449457,31,5041,-0.0008168009808287024,0.0008168009808287024
85,452766,31,8350,-0.0008020406821742654,0.0008020406821742654
86,452609,31,8193,0.0007954441825859249,0.0007954441825859249
87,438619,30,8539,0.0007917219772934914,0.0007917219772934914
88,445379,31,963,0.0007905028178356588,0.0007905028178356588
89,445811,31,1395,-0.0007784159970469773,0.0007784159970469773
90,448768,31,4352,0.0007741875597275794,0.0007741875597275794
91,447361,31,2945,-0.0007681268616579473,0.0007681268616579473
92,442265,30,12185,0.0007676598615944386,0.0007676598615944386
93,457366,31,12950,-0.0007574092596769333,0.0007574092596769333
94,455389,31,10973,-0.0007497085025534034,0.0007497085025534034
95,444676,31,260,-0.0007490665884688497,0.0007490665884688497
96,449560,31,5144,0.0007396375294774771,0.0007396375294774771
97,448576,31,4160,-0.0007395677384920418,0.0007395677384920418
98,448032,31,3616,0.0007354317931458354,0.0007354317931458354
99,455957,31,11541,0.0007244094740599394,0.0007244094740599394
100,458349,31,13933,-0.0007238075486384332,0.0007238075486384332
101,456111,31,11695,0.0007176959770731628,0.0007176959770731628
102,447964,31,3548,-0.000709777872543782,0.000709777872543782
103,447374,31,2958,0.0007063107914291322,0.0007063107914291322
104,449025,31,4609,0.0007002832717262208,0.0007002832717262208
105,447984,31,3568,-0.0006955867866054177,0.0006955867866054177
106,455730,31,11314,-0.0006699127843603492,0.0006699127843603492
107,447880,31,3464,0.0006638489430770278,0.0006638489430770278
108,455766,31,11350,0.0006547349039465189,0.0006547349039465189
109,454003,31,9587,0.000650758680421859,0.000650758680421859
110,448462,31,4046,0.0006495834677480161,0.0006495834677480161
111,458217,31,13801,0.0006440982688218355,0.0006440982688218355
112,446428,31,2012,0.0006415756652131677,0.0006415756652131677
113,450349,31,5933,-0.0006271285237744451,0.0006271285237744451
114,453603,31,9187,-0.0006206708494573832,0.0006206708494573832
115,435104,30,5024,-0.000618716876488179,0.000618716876488179
116,431251,30,1171,0.0006161207566037774,0.0006161207566037774
117,449038,31,4622,0.0006154460716061294,0.0006154460716061294
118,446229,31,1813,-0.0006133350543677807,0.0006133350543677807
119,457339,31,12923,-0.0006119204335846007,0.0006119204335846007
120,444790,31,374,0.0006111374241299927,0.0006111374241299927
121,457446,31,13030,0.0006097657606005669,0.0006097657606005669
122,446682,31,2266,0.0006009899079799652,0.0006009899079799652
123,456054,31,11638,0.0006009708158671856,0.0006009708158671856
124,450230,31,5814,-0.0005939502734690905,0.0005939502734690905
125,452469,31,8053,-0.0005891532055102289,0.0005891532055102289
126,457255,31,12839,0.0005846148123964667,0.0005846148123964667
127,446657,31,2241,0.0005841327947564423,0.0005841327947564423
128,458627,31,14211,-0.0005821172380819917,0.0005821172380819917
129,448175,31,3759,0.0005784918321296573,0.0005784918321296573
130,415998,29,254,0.0005779548082500696,0.0005779548082500696
131,431857,30,1777,0.0005775587051175535,0.0005775587051175535
132,455997,31,11581,0.0005753800505772233,0.0005753800505772233
133,456945,31,12529,0.0005640946910716593,0.0005640946910716593
134,438806,30,8726,0.0005628027720376849,0.0005628027720376849
135,457279,31,12863,0.000561257591471076,0.000561257591471076
136,430715,30,635,-0.0005574541864916682,0.0005574541864916682
137,444982,31,566,0.0005527647444978356,0.0005527647444978356
138,456330,31,11914,0.0005498440586961806,0.0005498440586961806
139,450488,31,6072,0.0005474658100865781,0.0005474658100865781
140,447956,31,3540,0.0005382284871302545,0.0005382284871302545
141,433866,30,3786,-0.0005336118047125638,0.0005336118047125638
142,449437,31,5021,-0.0005285642691887915,0.0005285642691887915
143,442230,30,12150,0.0005276381853036582,0.0005276381853036582
144,447705,31,3289,0.000527115014847368,0.000527115014847368
145,445575,31,1159,-0.0005222292384132743,0.0005222292384132743
146,448046,31,3630,0.0005176762933842838,0.0005176762933842838
147,451136,31,6720,0.000516016676556319,0.000516016676556319
148,451781,31,7365,0.0005134951788932085,0.0005134951788932085
149,451435,31,7019,-0.0005112678045406938,0.0005112678045406938
150,449864,31,5448,-0.0005072231870144606,0.0005072231870144606
151,448062,31,3646,-0.0005046332953497767,0.0005046332953497767
152,448976,31,4560,0.0004934433964081109,0.0004934433964081109
153,458038,31,13622,0.000492974475491792,0.000492974475491792
154,452089,31,7673,0.0004871129058301449,0.0004871129058301449
155,447370,31,2954,0.0004857318999711424,0.0004857318999711424
156,450009,31,5593,-0.00048417807556688786,0.00048417807556688786
157,448928,31,4512,0.0004745187470689416,0.0004745187470689416
158,450995,31,6579,-0.00047326451749540865,0.00047326451749540865
159,448595,31,4179,0.00047093009925447404,0.00047093009925447404
160,450882,31,6466,-0.0004698079719673842,0.0004698079719673842
161,446684,31,2268,-0.00046382498112507164,0.00046382498112507164
162,441805,30,11725,0.00046165232197381556,0.00046165232197381556
163,450020,31,5604,0.0004613608180079609,0.0004613608180079609
164,447073,31,2657,-0.00045997524284757674,0.00045997524284757674
165,453591,31,9175,0.00045708988909609616,0.00045708988909609616
166,453487,31,9071,-0.00045304655213840306,0.00045304655213840306
167,456056,31,11640,0.00044724452891387045,0.00044724452891387045
168,427394,29,11650,0.0004470488929655403,0.0004470488929655403
169,449498,31,5082,-0.0004427407984621823,0.0004427407984621823
170,454234,31,9818,0.00043952983105555177,0.00043952983105555177
171,433807,30,3727,-0.0004381927428767085,0.0004381927428767085
172,453530,31,9114,-0.00043773010838776827,0.00043773010838776827
173,457084,31,12668,-0.0004330847295932472,0.0004330847295932472
174,446214,31,1798,0.00043199866195209324,0.00043199866195209324
175,447062,31,2646,0.00042674216092564166,0.00042674216092564166
176,457000,31,12584,0.0004257979744579643,0.0004257979744579643
177,445369,31,953,-0.00042559258872643113,0.00042559258872643113
178,449010,31,4594,0.0004238882684148848,0.0004238882684148848
179,455591,31,11175,0.00042108818888664246,0.00042108818888664246
180,452109,31,7693,-0.00042061565909534693,0.00042061565909534693
181,437755,30,7675,0.00041606088052503765,0.00041606088052503765
182,447500,31,3084,-0.0004146175633650273,0.0004146175633650273
183,443839,30,13759,-0.0004144187842030078,0.0004144187842030078
184,438796,30,8716,0.0004141915123909712,0.0004141915123909712
185,448027,31,3611,-0.0004096799239050597,0.0004096799239050597
186,445909,31,1493,-0.0004092685121577233,0.0004092685121577233
187,451694,31,7278,-0.00040881597669795156,0.00040881597669795156
188,447191,31,2775,0.00040720344986766577,0.00040720344986766577
189,452122,31,7706,0.00040700926911085844,0.00040700926911085844
190,446629,31,2213,-0.00040470430394634604,0.00040470430394634604
191,455500,31,11084,0.00039973092498257756,0.00039973092498257756
192,445922,31,1506,0.0003993166028521955,0.0003993166028521955
193,444832,31,416,0.0003986074880231172,0.0003986074880231172
194,448287,31,3871,0.0003977823071181774,0.0003977823071181774
195,447844,31,3428,0.0003971494152210653,0.0003971494152210653
196,447520,31,3104,-0.00039500612183474004,0.00039500612183474004
197,456068,31,11652,0.00039385134004987776,0.00039385134004987776
198,450033,31,5617,0.0003925291239283979,0.0003925291239283979
199,456609,31,12193,0.00039111648220568895,0.00039111648220568895
200,447582,31,3166,0.0003905143530573696,0.0003905143530573696
201,445511,31,1095,0.000389464054023847,0.000389464054023847
202,454875,31,10459,-0.00038928756839595735,0.00038928756839595735
203,455478,31,11062,-0.00038793522980995476,0.00038793522980995476
204,454282,31,9866,0.0003861378354486078,0.0003861378354486078
205,456233,31,11817,0.00038479556678794324,0.00038479556678794324
206,450485,31,6069,0.00038090950693003833,0.00038090950693003833
207,442467,30,12387,-0.0003795222146436572,0.0003795222146436572
208,449206,31,4790,0.00037916848668828607,0.00037916848668828607
209,457257,31,12841,-0.0003787266032304615,0.0003787266032304615
210,431801,30,1721,-0.000378149765310809,0.000378149765310809
211,454761,31,10345,-0.00037413040990941226,0.00037413040990941226
212,458107,31,13691,-0.0003731239994522184,0.0003731239994522184
213,436974,30,6894,0.0003711830358952284,0.0003711830358952284
214,444705,31,289,0.00036946285399608314,0.00036946285399608314
215,452534,31,8118,0.00036940231802873313,0.00036940231802873313
216,456839,31,12423,0.0003674970648717135,0.0003674970648717135
217,442096,30,12016,0.0003669032303150743,0.0003669032303150743
218,439537,30,9457,0.00036679685581475496,0.00036679685581475496
219,452322,31,7906,0.00036668425309471786,0.00036668425309471786
220,437952,30,7872,0.0003650484432000667,0.0003650484432000667
221,447172,31,2756,0.0003638933994807303,0.0003638933994807303
222,453068,31,8652,0.0003625362296588719,0.0003625362296588719
223,446250,31,1834,-0.0003611667489167303,0.0003611667489167303
224,435622,30,5542,0.0003606820828281343,0.0003606820828281343
225,449646,31,5230,0.000357319280738011,0.000357319280738011
226,446890,31,2474,0.00035504958941601217,0.00035504958941601217
227,446155,31,1739,-0.00035490517620928586,0.00035490517620928586
228,453400,31,8984,-0.0003529791720211506,0.0003529791720211506
229,451933,31,7517,-0.0003522199986036867,0.0003522199986036867
230,454750,31,10334,-0.00034944424987770617,0.00034944424987770617
231,449751,31,5335,0.00034773017978295684,0.00034773017978295684
232,456668,31,12252,0.00034754344960674644,0.00034754344960674644
233,448542,31,4126,0.00034741961280815303,0.00034741961280815303
234,446070,31,1654,0.0003447467752266675,0.0003447467752266675
235,446604,31,2188,-0.00033870319020934403,0.00033870319020934403
236,450525,31,6109,0.00033840001560747623,0.00033840001560747623
237,453677,31,9261,0.000338361831381917,0.000338361831381917
238,434050,30,3970,-0.00033780818921513855,0.00033780818921513855
239,453742,31,9326,-0.00033668504329398274,0.00033668504329398274
240,445537,31,1121,0.00033584277844056487,0.00033584277844056487
241,440805,30,10725,0.00033428295864723623,0.00033428295864723623
242,456693,31,12277,0.00033421823172830045,0.00033421823172830045
243,453375,31,8959,-0.0003280995588283986,0.0003280995588283986
244,456642,31,12226,-0.00032614098745398223,0.00032614098745398223
245,454824,31,10408,0.0003249053261242807,0.0003249053261242807
246,437056,30,6976,-0.00032460485817864537,0.00032460485817864537
247,445416,31,1000,0.0003241455997340381,0.0003241455997340381
248,454074,31,9658,-0.00032255888800136745,0.00032255888800136745
249,444923,31,507,-0.0003220110374968499,0.0003220110374968499
250,452999,31,8583,0.0003199757484253496,0.0003199757484253496
251,419234,29,3490,-0.00031970374402590096,0.00031970374402590096
252,447668,31,3252,0.0003179269260726869,0.0003179269260726869
253,413575,28,12167,-0.0003140404587611556,0.0003140404587611556
254,455959,31,11543,0.00031303384457714856,0.00031303384457714856
255,451112,31,6696,-0.0003129220858681947,0.0003129220858681947
256,445625,31,1209,0.00030916774994693696,0.00030916774994693696
257,455660,31,11244,-0.0003070521343033761,0.0003070521343033761
258,455175,31,10759,-0.0003066294884774834,0.0003066294884774834
259,458325,31,13909,0.00030414407956413925,0.00030414407956413925
260,442564,30,12484,0.0003017288981936872,0.0003017288981936872
261,434850,30,4770,0.00030056326068006456,0.00030056326068006456
262,450982,31,6566,0.0002999284188263118,0.0002999284188263118
263,433983,30,3903,-0.0002995328395627439,0.0002995328395627439
264,448101,31,3685,0.00029931787867099047,0.00029931787867099047
265,453406,31,8990,-0.00029840253409929574,0.00029840253409929574
266,436703,30,6623,-0.0002977995900437236,0.0002977995900437236
267,455364,31,10948,0.00029774289578199387,0.00029774289578199387
268,446814,31,2398,-0.000294593715807423,0.000294593715807423
269,453187,31,8771,0.0002921418927144259,0.0002921418927144259
270,438719,30,8639,-0.00029181072022765875,0.00029181072022765875
271,439166,30,9086,0.0002905341098085046,0.0002905341098085046
272,457873,31,13457,-0.00029031740268692374,0.00029031740268692374
273,240653,16,11277,0.0002900597173720598,0.0002900597173720598
274,445652,31,1236,-0.0002872639743145555,0.0002872639743145555
275,458021,31,13605,0.00028564941021613777,0.00028564941021613777
276,455588,31,11172,-0.000285480753518641,0.000285480753518641
277,458008,31,13592,-0.00028447824297472835,0.00028447824297472835
278,431877,30,1797,-0.00028443438350223005,0.00028443438350223005
279,448256,31,3840,0.0002843753609340638,0.0002843753609340638
280,420662,29,4918,-0.00028329488122835755,0.00028329488122835755
281,430822,30,742,0.00028227761504240334,0.00028227761504240334
282,429769,29,14025,-0.000281446089502424,0.000281446089502424
283,448774,31,4358,-0.00028033548733219504,0.00028033548733219504
284,444703,31,287,-0.00027908451738767326,0.00027908451738767326
285,451509,31,7093,-0.00027755842893384397,0.00027755842893384397
286,439327,30,9247,-0.000277071405434981,0.000277071405434981
287,454908,31,10492,-0.0002768447739072144,0.0002768447739072144
288,448536,31,4120,0.00027665929519571364,0.00027665929519571364
289,447653,31,3237,-0.00027561114984564483,0.00027561114984564483
290,447291,31,2875,-0.00027438203687779605,0.00027438203687779605
291,449853,31,5437,0.0002724537334870547,0.0002724537334870547
292,455969,31,11553,0.0002713149879127741,0.0002713149879127741
293,440511,30,10431,0.00026857841294258833,0.00026857841294258833
294,433422,30,3342,-0.0002683035854715854,0.0002683035854715854
295,428732,29,12988,0.00026800812338478863,0.00026800812338478863
296,458249,31,13833,-0.0002671965630725026,0.0002671965630725026
297,451177,31,6761,0.00026584454462863505,0.00026584454462863505
298,431537,30,1457,-0.00026475408230908215,0.00026475408230908215
299,453826,31,9410,0.00026467707357369363,0.00026467707357369363
300,409311,28,7903,0.00026445623370818794,0.00026445623370818794
301,441654,30,11574,0.0002643906627781689,0.0002643906627781689
302,454411,31,9995,0.0002635879791341722,0.0002635879791341722
303,456243,31,11827,0.0002614978002384305,0.0002614978002384305
304,453989,31,9573,-0.0002603445027489215,0.0002603445027489215
305,450266,31,5850,-0.0002587714698165655,0.0002587714698165655
306,449350,31,4934,0.00025864673079922795,0.00025864673079922795
307,458063,31,13647,-0.00025849169469438493,0.00025849169469438493
308,451929,31,7513,-0.0002579135762061924,0.0002579135762061924
309,456783,31,12367,0.0002550036588218063,0.0002550036588218063
310,448677,31,4261,0.00025265500880777836,0.00025265500880777836
311,435985,30,5905,0.0002523283183109015,0.0002523283183109015
312,438303,30,8223,-0.0002522163849789649,0.0002522163849789649
313,455920,31,11504,-0.00025205823476426303,0.00025205823476426303
314,454446,31,10030,-0.0002516318636480719,0.0002516318636480719
315,444689,31,273,-0.0002507191966287792,0.0002507191966287792
316,446093,31,1677,-0.0002490174665581435,0.0002490174665581435
317,447047,31,2631,-0.0002463774289935827,0.0002463774289935827
318,453080,31,8664,0.00024518524878658354,0.00024518524878658354
319,457566,31,13150,0.00024485791800543666,0.00024485791800543666
320,457595,31,13179,-0.0002441815158817917,0.0002441815158817917
321,432842,30,2762,-0.00024305387341883034,0.00024305387341883034
322,443306,30,13226,0.00024263116938527673,0.00024263116938527673
323,416990,29,1246,0.00024168388335965574,0.00024168388335965574
324,445466,31,1050,-0.00024152138212230057,0.00024152138212230057
325,446094,31,1678,-0.0002407209831289947,0.0002407209831289947
326,449699,31,5283,0.00024011819914449006,0.00024011819914449006
327,447890,31,3474,-0.000239157336181961,0.000239157336181961
328,452282,31,7866,0.00023913134646136314,0.00023913134646136314
329,395212,27,8140,0.00023811517166905105,0.00023811517166905105
330,452260,31,7844,-0.00023805412638466805,0.00023805412638466805
331,447252,31,2836,0.00023794126173015684,0.00023794126173015684
332,440219,30,10139,0.0002377014752710238,0.0002377014752710238
333,438669,30,8589,-0.00023646204499527812,0.00023646204499527812
334,458529,31,14113,0.00023622425214853138,0.00023622425214853138
335,456638,31,12222,0.00023579795379191637,0.00023579795379191637
336,445730,31,1314,0.0002356910117669031,0.0002356910117669031
337,439819,30,9739,0.0002354933531023562,0.0002354933531023562
338,430920,30,840,-0.0002353664458496496,0.0002353664458496496
339,434115,30,4035,-0.00023526935547124594,0.00023526935547124594
340,409997,28,8589,0.00023525094729848206,0.00023525094729848206
341,452008,31,7592,0.0002348525740671903,0.0002348525740671903
342,434807,30,4727,-0.00023434474132955074,0.00023434474132955074
343,454620,31,10204,0.0002332478907192126,0.0002332478907192126
344,452014,31,7598,0.00023300989414565265,0.00023300989414565265
345,450643,31,6227,-0.00023293038248084486,0.00023293038248084486
346,444518,31,102,0.00023258847068063915,0.00023258847068063915
347,436239,30,6159,-0.00023201119620352983,0.00023201119620352983
348,458190,31,13774,0.00023146394232753664,0.00023146394232753664
349,448809,31,4393,-0.00023131958732847124,0.00023131958732847124
350,447667,31,3251,-0.00023069215239956975,0.00023069215239956975
351,453771,31,9355,0.00023027970746625215,0.00023027970746625215
352,449289,31,4873,0.0002298861654708162,0.0002298861654708162
353,448107,31,3691,0.00022925162920728326,0.00022925162920728326
354,445295,31,879,-0.0002291145792696625,0.0002291145792696625
355,457189,31,12773,0.00022879117750562727,0.00022879117750562727
356,416995,29,1251,0.00022733797959517688,0.00022733797959517688
357,252643,17,8931,0.00022724096197634935,0.00022724096197634935
358,449956,31,5540,0.000227013326366432,0.000227013326366432
359,447677,31,3261,-0.00022678790264762938,0.00022678790264762938
360,448023,31,3607,-0.0002253933489555493,0.0002253933489555493
361,455618,31,11202,-0.0002240949688712135,0.0002240949688712135
362,447860,31,3444,0.0002233896084362641,0.0002233896084362641
363,440920,30,10840,0.00022323646408040076,0.00022323646408040076
364,458658,31,14242,-0.00022305855236481875,0.00022305855236481875
365,453463,31,9047,0.00022277772950474173,0.00022277772950474173
366,454112,31,9696,-0.00022247491870075464,0.00022247491870075464
367,445992,31,1576,0.00022210972383618355,0.00022210972383618355
368,435874,30,5794,0.0002214739506598562,0.0002214739506598562
369,452277,31,7861,-0.0002213785919593647,0.0002213785919593647
370,445702,31,1286,-0.00022101505601312965,0.00022101505601312965
371,445090,31,674,-0.00022099113266449422,0.00022099113266449422
372,458722,31,14306,0.00022037386952433735,0.00022037386952433735
373,455429,31,11013,-0.00021927079069428146,0.00021927079069428146
374,453917,31,9501,0.00021889912022743374,0.00021889912022743374
375,434041,30,3961,-0.00021740452211815864,0.00021740452211815864
376,436028,30,5948,0.00021584112255368382,0.00021584112255368382
377,454726,31,10310,0.00021568930242210627,0.00021568930242210627
378,453954,31,9538,-0.0002156061091227457,0.0002156061091227457
379,450991,31,6575,0.00021554177510552108,0.00021554177510552108
380,458523,31,14107,-0.00021499328431673348,0.00021499328431673348
381,450943,31,6527,-0.00021466238831635565,0.00021466238831635565
382,449978,31,5562,0.00021398827084340155,0.00021398827084340155
383,453148,31,8732,0.00021380922407843173,0.00021380922407843173
384,450927,31,6511,-0.00021159861353226006,0.00021159861353226006
385,434518,30,4438,0.00020956121443305165,0.00020956121443305165
386,433444,30,3364,-0.00020885014964733273,0.00020885014964733273
387,433495,30,3415,0.000207030403544195,0.000207030403544195
388,456335,31,11919,0.0002063928113784641,0.0002063928113784641
389,456601,31,12185,-0.00020614905224647373,0.00020614905224647373
390,457518,31,13102,0.00020518997916951776,0.00020518997916951776
391,453621,31,9205,-0.0002050153270829469,0.0002050153270829469
392,453023,31,8607,0.0002041827974608168,0.0002041827974608168
393,456106,31,11690,0.000203401519684121,0.000203401519684121
394,444597,31,181,-0.00020335942099336535,0.00020335942099336535
395,440762,30,10682,0.00020333520660642534,0.00020333520660642534
396,445876,31,1460,0.0002028829767368734,0.0002028829767368734
397,453366,31,8950,0.00020266682258807123,0.00020266682258807123
398,449490,31,5074,0.00020250533998478204,0.00020250533998478204
399,451188,31,6772,0.0002017823135247454,0.0002017823135247454
400,424797,29,9053,0.0002014569181483239,0.0002014569181483239
401,457384,31,12968,0.00020088009478058666,0.00020088009478058666
402,432390,30,2310,-0.0002004648995352909,0.0002004648995352909
403,457531,31,13115,-0.00020000970107503235,0.00020000970107503235
404,450512,31,6096,0.0001994882186409086,0.0001994882186409086
405,456329,31,11913,-0.00019826414063572884,0.00019826414063572884
406,421520,29,5776,-0.0001977602660190314,0.0001977602660190314
407,452366,31,7950,0.0001975575287360698,0.0001975575287360698
408,431873,30,1793,0.0001970538287423551,0.0001970538287423551
409,441184,30,11104,0.00019687574240379035,0.00019687574240379035
410,431875,30,1795,-0.00019657201482914388,0.00019657201482914388
411,452915,31,8499,-0.0001961920061148703,0.0001961920061148703
412,452716,31,8300,0.00019556877668946981,0.00019556877668946981
413,456739,31,12323,-0.00019484561926219612,0.00019484561926219612
414,448346,31,3930,-0.00019468234677333385,0.00019468234677333385
415,453278,31,8862,-0.00019453534332569689,0.00019453534332569689
416,433113,30,3033,-0.00019427396182436496,0.00019427396182436496
417,435606,30,5526,0.00019388589134905487,0.00019388589134905487
418,429570,29,13826,0.00019338488345965743,0.00019338488345965743
419,432483,30,2403,0.00019311640062369406,0.00019311640062369406
420,457971,31,13555,-0.00019297961262054741,0.00019297961262054741
421,457740,31,13324,0.0001924600946949795,0.0001924600946949795
422,451004,31,6588,-0.00019211182370781898,0.00019211182370781898
423,451881,31,7465,-0.00019157749193254858,0.00019157749193254858
424,452528,31,8112,0.0001914234453579411,0.0001914234453579411
425,457886,31,13470,-0.00019135139882564545,0.00019135139882564545
426,458170,31,13754,0.0001912843727041036,0.0001912843727041036
427,447999,31,3583,-0.00019123594393022358,0.00019123594393022358
428,450575,31,6159,-0.00018954722327180207,0.00018954722327180207
429,448264,31,3848,0.00018867349717766047,0.00018867349717766047
430,448790,31,4374,0.0001881371281342581,0.0001881371281342581
431,450251,31,5835,-0.00018808407185133547,0.00018808407185133547
432,449061,31,4645,0.00018779888341668993,0.00018779888341668993
433,455624,31,11208,0.0001873332221293822,0.0001873332221293822
434,443800,30,13720,-0.0001868556864792481,0.0001868556864792481
435,450046,31,5630,-0.0001868183317128569,0.0001868183317128569
436,444538,31,122,-0.00018677578191272914,0.00018677578191272914
437,447909,31,3493,-0.0001866918319137767,0.0001866918319137767
438,447836,31,3420,-0.00018602095951791853,0.00018602095951791853
439,444761,31,345,0.00018566458311397582,0.00018566458311397582
440,451092,31,6676,0.00018481256847735494,0.00018481256847735494
441,442056,30,11976,-0.0001846391533035785,0.0001846391533035785
442,453861,31,9445,0.00018417835235595703,0.00018417835235595703
443,442222,30,12142,0.00018365045252721757,0.00018365045252721757
444,452645,31,8229,0.00018324652046430856,0.00018324652046430856
445,457389,31,12973,0.00018317635112907737,0.00018317635112907737
446,436236,30,6156,-0.00018150494724977762,0.00018150494724977762
447,438222,30,8142,0.00018132093828171492,0.00018132093828171492
448,451107,31,6691,0.0001812567061278969,0.0001812567061278969
449,440910,30,10830,-0.000180860937689431,0.000180860937689431
450,453007,31,8591,-0.00018082147289533168,0.00018082147289533168
451,401890,28,482,-0.00018062195158563554,0.00018062195158563554
452,429543,29,13799,-0.00017978239338845015,0.00017978239338845015
453,450340,31,5924,-0.00017846963601186872,0.00017846963601186872
454,445581,31,1165,-0.0001781217724783346,0.0001781217724783346
455,384515,26,11779,-0.00017804125673137605,0.00017804125673137605
456,444902,31,486,0.00017804077651817352,0.00017804077651817352
457,444521,31,105,0.00017742438649293035,0.00017742438649293035
458,445316,31,900,0.00017658001161180437,0.00017658001161180437
459,451874,31,7458,-0.0001761463936418295,0.0001761463936418295
460,426470,29,10726,-0.00017509890312794596,0.00017509890312794596
461,447294,31,2878,0.00017505338473711163,0.00017505338473711163
462,448453,31,4037,0.00017445877892896533,0.00017445877892896533
463,447551,31,3135,0.00017354608280584216,0.00017354608280584216
464,451922,31,7506,-0.0001734147808747366,0.0001734147808747366
465,441169,30,11089,-0.00017266279610339552,0.00017266279610339552
466,446403,31,1987,-0.00017235177801921964,0.00017235177801921964
467,455781,31,11365,-0.0001715838589007035,0.0001715838589007035
468,441449,30,11369,0.00017145062156487256,0.00017145062156487256
469,452474,31,8058,-0.00017093984934035689,0.00017093984934035689
470,447856,31,3440,-0.00017048543668352067,0.00017048543668352067
471,453688,31,9272,0.00016916394815780222,0.00016916394815780222
472,449951,31,5535,0.00016892827989067882,0.00016892827989067882
473,458411,31,13995,0.00016873687854968011,0.00016873687854968011
474,430165,30,85,-0.00016848630912136286,0.00016848630912136286
475,452048,31,7632,0.00016722740838304162,0.00016722740838304162
476,450515,31,6099,-0.00016694665828254074,0.00016694665828254074
477,194678,13,8310,0.00016661461268085986,0.00016661461268085986
478,450382,31,5966,-0.00016633675841148943,0.00016633675841148943
479,445845,31,1429,0.00016516254981979728,0.00016516254981979728
480,453151,31,8735,0.00016504611994605511,0.00016504611994605511
481,453245,31,8829,-0.00016471371054649353,0.00016471371054649353
482,457693,31,13277,-0.00016449122631456703,0.00016449122631456703
483,426052,29,10308,-0.00016400562890339643,0.00016400562890339643
484,452304,31,7888,0.0001635571534279734,0.0001635571534279734
485,452776,31,8360,0.00016324769239872694,0.00016324769239872694
486,451562,31,7146,-0.00016312797379214317,0.00016312797379214317
487,450589,31,6173,0.00016220439283642918,0.00016220439283642918
488,437385,30,7305,0.00016211418551392853,0.00016211418551392853
489,445525,31,1109,0.00016210846661124378,0.00016210846661124378
490,440488,30,10408,0.00016200281970668584,0.00016200281970668584
491,453497,31,9081,0.0001619926479179412,0.0001619926479179412
492,452656,31,8240,0.00016197763034142554,0.00016197763034142554
493,432554,30,2474,-0.00016182016406673938,0.00016182016406673938
494,446887,31,2471,0.00016176895587705076,0.00016176895587705076
495,452866,31,8450,0.0001609330647625029,0.0001609330647625029
496,446881,31,2465,-0.0001605419092811644,0.0001605419092811644
497,418154,29,2410,-0.00016034556028898805,0.00016034556028898805
498,439750,30,9670,0.00015992387488950044,0.00015992387488950044
499,448880,31,4464,0.0001596269867150113,0.0001596269867150113
500,445608,31,1192,0.00015927644562907517,0.00015927644562907517
501,447681,31,3265,0.0001587537699379027,0.0001587537699379027
502,423072,29,7328,-0.00015830314077902585,0.00015830314077902585
503,455861,31,11445,-0.00015803103451617062,0.00015803103451617062
504,450335,31,5919,-0.00015762406110297889,0.00015762406110297889
505,446755,31,2339,-0.00015536566206719726,0.00015536566206719726
506,445010,31,594,-0.00015524518676102161,0.00015524518676102161
507,455412,31,10996,0.00015498977154493332,0.00015498977154493332
508,447215,31,2799,0.00015480478759855032,0.00015480478759855032
509,439129,30,9049,0.00015446115867234766,0.00015446115867234766
510,450910,31,6494,0.0001541177771287039,0.0001541177771287039
511,455921,31,11505,0.00015404931036755443,0.00015404931036755443
512,303754,21,2698,0.00015296944184228778,0.00015296944184228778
513,403056,28,1648,-0.00015269719006028026,0.00015269719006028026
514,455128,31,10712,-0.00015251363220158964,0.00015251363220158964
515,456581,31,12165,-0.00015132904809433967,0.00015132904809433967
516,450559,31,6143,0.0001513279421487823,0.0001513279421487823
517,452589,31,8173,-0.00015125193749554455,0.00015125193749554455
518,430639,30,559,-0.00015114096459001303,0.00015114096459001303
519,455872,31,11456,0.00015101899043656886,0.00015101899043656886
520,453842,31,9426,-0.000150769847095944,0.000150769847095944
521,454489,31,10073,0.00015036799595691264,0.00015036799595691264
522,442666,30,12586,0.0001499283971497789,0.0001499283971497789
523,453723,31,9307,-0.00014939301763661206,0.00014939301763661206
524,453531,31,9115,-0.00014927241136319935,0.00014927241136319935
525,452360,31,7944,0.0001492695155320689,0.0001492695155320689
526,444064,30,13984,0.00014872904284857213,0.00014872904284857213
527,454634,31,10218,0.00014788424596190453,0.00014788424596190453
528,451540,31,7124,0.00014770143025089055,0.00014770143025089055
529,446350,31,1934,0.000147359591210261,0.000147359591210261
530,456850,31,12434,0.00014667554933112115,0.00014667554933112115
531,455849,31,11433,-0.0001465056266169995,0.0001465056266169995
532,455576,31,11160,0.00014610086509492248,0.00014610086509492248
533,443502,30,13422,-0.0001460937928641215,0.0001460937928641215
534,439344,30,9264,-0.00014546673628501594,0.00014546673628501594
535,432629,30,2549,-0.00014542898861691356,0.00014542898861691356
536,445767,31,1351,0.00014532309432979673,0.00014532309432979673
537,449367,31,4951,0.00014528777683153749,0.00014528777683153749
538,440276,30,10196,0.00014493723574560136,0.00014493723574560136
539,454693,31,10277,-0.0001449222327210009,0.0001449222327210009
540,440848,30,10768,-0.0001446946116629988,0.0001446946116629988
541,315301,21,14245,0.00014439958613365889,0.00014439958613365889
542,449226,31,4810,-0.0001442034263163805,0.0001442034263163805
543,455501,31,11085,-0.0001441338681615889,0.0001441338681615889
544,455826,31,11410,-0.00014389412535820156,0.00014389412535820156
545,454530,31,10114,-0.00014311500126495957,0.00014311500126495957
546,458026,31,13610,0.0001429262920282781,0.0001429262920282781
547,452088,31,7672,-0.00014271854888647795,0.00014271854888647795
548,458119,31,13703,-0.00014262620243243873,0.00014262620243243873
549,431138,30,1058,0.00014202448073774576,0.00014202448073774576
550,332293,23,2565,0.00014189643843565136,0.00014189643843565136
551,443045,30,12965,-0.0001418485480826348,0.0001418485480826348
552,438079,30,7999,-0.00014157405530568212,0.00014157405530568212
553,453881,31,9465,0.00014111150812823325,0.00014111150812823325
554,444649,31,233,0.00014106935122981668,0.00014106935122981668
555,454274,31,9858,-0.00014089526666793972,0.00014089526666793972
556,417967,29,2223,-0.00014064094284549356,0.00014064094284549356
557,444727,31,311,0.0001406277879141271,0.0001406277879141271
558,458270,31,13854,-0.00014011224266141653,0.00014011224266141653
559,449577,31,5161,-0.00014004766126163304,0.00014004766126163304
560,425928,29,10184,0.00013968754501547664,0.00013968754501547664
561,458037,31,13621,0.0001394005084875971,0.0001394005084875971
562,445606,31,1190,-0.00013899685291107744,0.00013899685291107744
563,450299,31,5883,0.00013897016469854861,0.00013897016469854861
564,453880,31,9464,-0.0001381678448524326,0.0001381678448524326
565,452199,31,7783,0.00013757968554273248,0.00013757968554273248
566,449835,31,5419,-0.0001373940467601642,0.0001373940467601642
567,450280,31,5864,-0.00013668910833075643,0.00013668910833075643
568,423093,29,7349,-0.00013609220332000405,0.00013609220332000405
569,445163,31,747,-0.00013601355021819472,0.00013601355021819472
570,398402,27,11330,0.00013594324991572648,0.00013594324991572648
571,447439,31,3023,-0.00013526680413633585,0.00013526680413633585
572,450722,31,6306,-0.00013509337441064417,0.00013509337441064417
573,420575,29,4831,-0.00013492129801306874,0.00013492129801306874
574,455069,31,10653,0.00013448721438180655,0.00013448721438180655
575,446452,31,2036,-0.00013441292685456574,0.00013441292685456574
576,159221,11,1525,-0.00013426672376226634,0.00013426672376226634
577,453543,31,9127,0.00013423975906334817,0.00013423975906334817
578,456784,31,12368,0.00013380913878791034,0.00013380913878791034
579,448889,31,4473,-0.00013364355254452676,0.00013364355254452676
580,428961,29,13217,-0.00013359943113755435,0.00013359943113755435
581,447438,31,3022,-0.0001328073994955048,0.0001328073994955048
582,434262,30,4182,0.000132675762870349,0.000132675762870349
583,451520,31,7104,0.00013207407027948648,0.00013207407027948648
584,451417,31,7001,0.00013157649664208293,0.00013157649664208293
585,446581,31,2165,0.000131473527289927,0.000131473527289927
586,437177,30,7097,0.0001314163237111643,0.0001314163237111643
587,447633,31,3217,-0.00013101677177473903,0.00013101677177473903
588,454390,31,9974,-0.0001309196959482506,0.0001309196959482506
589,450064,31,5648,-0.00013078762276563793,0.00013078762276563793
590,449319,31,4903,0.00013071447028778493,0.00013071447028778493
591,455721,31,11305,0.00013069176930002868,0.00013069176930002868
592,457146,31,12730,0.000130305954371579,0.000130305954371579
593,455204,31,10788,-0.00013006842345930636,0.00013006842345930636
594,446566,31,2150,-0.00013001762272324413,0.00013001762272324413
595,452712,31,8296,0.00012927790521644056,0.00012927790521644056
596,451529,31,7113,0.00012921130110044032,0.00012921130110044032
597,431631,30,1551,-0.0001291283842874691,0.0001291283842874691
598,455777,31,11361,0.00012885971227660775,0.00012885971227660775
599,451845,31,7429,0.00012848789629060775,0.00012848789629060775
600,452742,31,8326,-0.00012749034794978797,0.00012749034794978797
601,226141,15,11101,-0.00012739469821099192,0.00012739469821099192
602,431280,30,1200,0.00012707087444141507,0.00012707087444141507
603,450880,31,6464,-0.00012686011905316263,0.00012686011905316263
604,440959,30,10879,-0.0001267516054213047,0.0001267516054213047
605,458118,31,13702,0.00012575909204315394,0.00012575909204315394
606,429723,29,13979,0.00012557173613458872,0.00012557173613458872
607,447959,31,3543,-0.00012555501598399132,0.00012555501598399132
608,455132,31,10716,0.00012553251872304827,0.00012553251872304827
609,457830,31,13414,-0.0001250744826393202,0.0001250744826393202
610,455266,31,10850,-0.00012505793711170554,0.00012505793711170554
611,455670,31,11254,0.00012492650421336293,0.00012492650421336293
612,452380,31,7964,0.00012477558630052954,0.00012477558630052954
613,436026,30,5946,-0.00012442505976650864,0.00012442505976650864
614,452606,31,8190,0.0001243930746568367,0.0001243930746568367
615,432386,30,2306,-0.0001242113794432953,0.0001242113794432953
616,450348,31,5932,0.00012420259008649737,0.00012420259008649737
617,453762,31,9346,0.00012377339589875191,0.00012377339589875191
618,458179,31,13763,-0.00012348992459010333,0.00012348992459010333
619,446354,31,1938,0.0001233517687069252,0.0001233517687069252
620,429566,29,13822,-0.000123248144518584,0.000123248144518584
621,433462,30,3382,0.00012292483006604016,0.00012292483006604016
622,445948,31,1532,-0.00012250336294528097,0.00012250336294528097
623,447550,31,3134,-0.00012221666111145169,0.00012221666111145169
624,435161,30,5081,0.00012218087795190513,0.00012218087795190513
625,449552,31,5136,-0.00012179446639493108,0.00012179446639493108
626,449223,31,4807,-0.00012174691073596478,0.00012174691073596478
627,438328,30,8248,-0.00012132438132539392,0.00012132438132539392
628,455002,31,10586,-0.00012131960829719901,0.00012131960829719901
629,446128,31,1712,0.00012113507546018809,0.00012113507546018809
630,442488,30,12408,-0.00012074573169229552,0.00012074573169229552
631,453507,31,9091,0.00012040573346894234,0.00012040573346894234
632,457576,31,13160,0.00012037870328640565,0.00012037870328640565
633,421971,29,6227,0.00011998745321761817,0.00011998745321761817
634,436796,30,6716,-0.00011985091987298802,0.00011985091987298802
635,451503,31,7087,0.0001196440207422711,0.0001196440207422711
636,445615,31,1199,-0.00011959280527662486,0.00011959280527662486
637,450182,31,5766,0.00011959270341321826,0.00011959270341321826
638,454549,31,10133,0.00011927647574339062,0.00011927647574339062
639,442006,30,11926,-0.00011920899123651907,0.00011920899123651907
640,302888,21,1832,0.00011914328933926299,0.00011914328933926299
641,435016,30,4936,-0.00011885532148880884,0.00011885532148880884
642,458593,31,14177,0.00011880446982104331,0.00011880446982104331
643,454392,31,9976,0.00011866145359817892,0.00011866145359817892
644,458705,31,14289,0.00011848575377371162,0.00011848575377371162
645,450136,31,5720,-0.00011840496154036373,0.00011840496154036373
646,451150,31,6734,-0.00011815294419648126,0.00011815294419648126
647,444602,31,186,-0.00011814682511612773,0.00011814682511612773
648,433411,30,3331,-0.00011811309377662838,0.00011811309377662838
649,455219,31,10803,-0.00011791629367507994,0.00011791629367507994
650,435501,30,5421,-0.00011747302778530866,0.00011747302778530866
651,458426,31,14010,-0.00011746538802981377,0.00011746538802981377
652,432593,30,2513,0.0001172839620267041,0.0001172839620267041
653,454044,31,9628,-0.00011716706649167463,0.00011716706649167463
654,450475,31,6059,-0.00011710172839229926,0.00011710172839229926
655,446521,31,2105,0.0001168483286164701,0.0001168483286164701
656,440556,30,10476,0.00011658958828775212,0.00011658958828775212
657,451743,31,7327,-0.0001164716377388686,0.0001164716377388686
658,456475,31,12059,0.00011645790073089302,0.00011645790073089302
659,445409,31,993,-0.00011642676690826192,0.00011642676690826192
660,444853,31,437,-0.00011610571527853608,0.00011610571527853608
661,456451,31,12035,-0.00011598059063544497,0.00011598059063544497
662,455676,31,11260,-0.00011583891318878159,0.00011583891318878159
663,448135,31,3719,0.0001158205050160177,0.0001158205050160177
664,431406,30,1326,-0.00011553330841707066,0.00011553330841707066
665,452826,31,8410,0.0001152248150901869,0.0001152248150901869
666,455222,31,10806,0.00011520630505401641,0.00011520630505401641
667,453775,31,9359,0.00011508839088492095,0.00011508839088492095
668,447364,31,2948,-0.0001148205337813124,0.0001148205337813124
669,451701,31,7285,-0.00011465567513369024,0.00011465567513369024
670,444993,31,577,-0.00011437772627687082,0.00011437772627687082
671,441516,30,11436,0.00011420271766837686,0.00011420271766837686
672,452910,31,8494,0.00011420097143854946,0.00011420097143854946
673,387774,27,702,0.00011328287655487657,0.00011328287655487657
674,449203,31,4787,-0.00011297536548227072,0.00011297536548227072
675,413036,28,11628,0.00011290657130302861,0.00011290657130302861
676,442771,30,12691,0.00011276492296019569,0.00011276492296019569
677,453163,31,8747,-0.00011270048707956448,0.00011270048707956448
678,447546,31,3130,0.00011260907194809988,0.00011260907194809988
679,423467,29,7723,-0.00011246068606851622,0.00011246068606851622
680,452795,31,8379,0.00011244846973568201,0.00011244846973568201
681,451601,31,7185,-0.00011237122089369223,0.00011237122089369223
682,429094,29,13350,-0.00011229543451918289,0.00011229543451918289
683,438797,30,8717,0.00011217418796150014,0.00011217418796150014
684,446637,31,2221,0.0001114667029469274,0.0001114667029469274
685,445821,31,1405,-0.00011141732829855755,0.00011141732829855755
686,456107,31,11691,-0.00011136350076412782,0.00011136350076412782
687,433540,30,3460,0.00011133649240946397,0.00011133649240946397
688,451951,31,7535,0.00011131318024126813,0.00011131318024126813
689,384849,26,12113,0.00011115612869616598,0.00011115612869616598
690,446605,31,2189,0.00011109172191936523,0.00011109172191936523
691,449622,31,5206,-0.0001110314333345741,0.0001110314333345741
692,457733,31,13317,0.00011088756582466885,0.00011088756582466885
693,447626,31,3210,-0.00011076097871409729,0.00011076097871409729
694,419603,29,3859,0.00011065209400840104,0.00011065209400840104
695,449589,31,5173,0.00011032482143491507,0.00011032482143491507
696,431965,30,1885,-0.00011017365613952279,0.00011017365613952279
697,456530,31,12114,-0.00011006724525941536,0.00011006724525941536
698,456014,31,11598,-0.00011003221152350307,0.00011003221152350307
699,431036,30,956,-0.00010990888404194266,0.00010990888404194266
700,223737,15,8697,-0.00010967243724735454,0.00010967243724735454
701,447877,31,3461,-0.00010966236004605889,0.00010966236004605889
702,457349,31,12933,-0.00010951931471936405,0.00010951931471936405
703,444765,31,349,-0.00010949384159175679,0.00010949384159175679
704,442540,30,12460,0.00010945768735837191,0.00010945768735837191
705,458241,31,13825,-0.00010937526531051844,0.00010937526531051844
706,427538,29,11794,-0.00010937517072306946,0.00010937517072306946
707,392219,27,5147,-0.00010930513235507533,0.00010930513235507533
708,456259,31,11843,-0.0001092879319912754,0.0001092879319912754
709,450201,31,5785,-0.00010883331560762599,0.00010883331560762599
710,446197,31,1781,-0.00010871168342418969,0.00010871168342418969
711,456729,31,12313,-0.00010859034227905795,0.00010859034227905795
712,446639,31,2223,0.00010857250163098797,0.00010857250163098797
713,455491,31,11075,0.00010848468809854239,0.00010848468809854239
714,413055,28,11647,0.0001083341267076321,0.0001083341267076321
715,457367,31,12951,0.00010823889169842005,0.00010823889169842005
716,411336,28,9928,-0.000108219581306912,0.000108219581306912
717,457161,31,12745,-0.00010821429896168411,0.00010821429896168411
718,456561,31,12145,0.00010811458196258172,0.00010811458196258172
719,450780,31,6364,0.00010810356616275385,0.00010810356616275385
720,454452,31,10036,0.0001078758214134723,0.0001078758214134723
721,441013,30,10933,0.00010785563790705055,0.00010785563790705055
722,422601,29,6857,-0.00010751004447229207,0.00010751004447229207
723,449267,31,4851,-0.00010750208457466215,0.00010750208457466215
724,433936,30,3856,0.0001073232342605479,0.0001073232342605479
725,449204,31,4788,-0.00010726146138040349,0.00010726146138040349
726,446041,31,1625,0.00010705788008635864,0.00010705788008635864
727,431609,30,1529,-0.00010698375263018534,0.00010698375263018534
728,398901,27,11829,0.00010685150482458994,0.00010685150482458994
729,456799,31,12383,0.00010670645860955119,0.00010670645860955119
730,442648,30,12568,0.0001065098331309855,0.0001065098331309855
731,445853,31,1437,0.00010629040480125695,0.00010629040480125695
732,455119,31,10703,-0.00010591006866889074,0.00010591006866889074
733,443928,30,13848,0.00010590566671453416,0.00010590566671453416
734,457320,31,12904,0.00010578223009360954,0.00010578223009360954
735,451330,31,6914,-0.00010575976193649694,0.00010575976193649694
736,438571,30,8491,0.00010556491179158911,0.00010556491179158911
737,431989,30,1909,-0.00010547183046583086,0.00010547183046583086
738,424861,29,9117,0.00010542328527662903,0.00010542328527662903
739,457644,31,13228,-0.00010539542563492432,0.00010539542563492432
740,416408,29,664,-0.0001052556253853254,0.0001052556253853254
741,450108,31,5692,-0.00010513372399145737,0.00010513372399145737
742,213343,14,12639,0.00010511677101021633,0.00010511677101021633
743,444634,31,218,0.00010500177450012416,0.00010500177450012416
744,457235,31,12819,0.00010484696394996718,0.00010484696394996718
745,416161,29,417,-0.00010463615763001144,0.00010463615763001144
746,456980,31,12564,0.00010441356425872073,0.00010441356425872073
747,440191,30,10111,-0.00010420053877169266,0.00010420053877169266
748,446539,31,2123,0.00010414565622340888,0.00010414565622340888
749,439671,30,9591,0.00010386719804955646,0.00010386719804955646
750,445065,31,649,0.00010379732702858746,0.00010379732702858746
751,401747,28,339,0.00010377911530667916,0.00010377911530667916
752,403289,28,1881,-0.00010355775884818286,0.00010355775884818286
753,454986,31,10570,0.00010341314919060096,0.00010341314919060096
754,439545,30,9465,0.00010328690405003726,0.00010328690405003726
755,453927,31,9511,-0.00010326267511118203,0.00010326267511118203
756,422057,29,6313,-0.00010308328637620434,0.00010308328637620434
757,449207,31,4791,-0.0001029229533742182,0.0001029229533742182
758,447214,31,2798,-0.00010278026456944644,0.00010278026456944644
759,455411,31,10995,0.00010271045175613835,0.00010271045175613835
760,439218,30,9138,0.00010248069884255528,0.00010248069884255528
761,448476,31,4060,0.00010205416037933901,0.00010205416037933901
762,451276,31,6860,-0.00010187811858486384,0.00010187811858486384
763,449260,31,4844,0.0001018553739413619,0.0001018553739413619
764,434386,30,4306,0.00010155130439670756,0.00010155130439670756
765,441991,30,11911,0.00010152917820960283,0.00010152917820960283
766,433780,30,3700,-0.00010135907359654084,0.00010135907359654084
767,457458,31,13042,0.00010128280700882897,0.00010128280700882897
768,447739,31,3323,0.00010126607958227396,0.00010126607958227396
769,453647,31,9231,0.00010122636740561575,0.00010122636740561575
770,451651,31,7235,0.00010064418165711686,0.00010064418165711686
771,455707,31,11291,-0.00010053197183879092,0.00010053197183879092
772,452572,31,8156,0.00010033646685769781,0.00010033646685769781
773,446611,31,2195,0.00010027604002971202,0.00010027604002971202
774,454185,31,9769,-0.00010021922207670286,0.00010021922207670286
775,449819,31,5403,-0.00010002398630604148,0.00010002398630604148
776,444526,31,110,-0.00010000134352594614,0.00010000134352594614
777,295958,20,9238,9.970890096155927e-05,9.970890096155927e-05
778,457881,31,13465,9.940482414094731e-05,9.940482414094731e-05
779,455338,31,10922,9.930019587045535e-05,9.930019587045535e-05
780,457020,31,12604,-9.923549805535004e-05,9.923549805535004e-05
781,439495,30,9415,-9.91745910141617e-05,9.91745910141617e-05
782,457942,31,13526,9.909822983900085e-05,9.909822983900085e-05
783,431544,30,1464,-9.896288975141943e-05,9.896288975141943e-05
784,453370,31,8954,-9.888000931823626e-05,9.888000931823626e-05
785,457785,31,13369,9.881542791845277e-05,9.881542791845277e-05
786,455313,31,10897,9.860420686891302e-05,9.860420686891302e-05
787,457478,31,13062,-9.845949534792453e-05,9.845949534792453e-05
788,458474,31,14058,9.842179133556783e-05,9.842179133556783e-05
789,452416,31,8000,-9.825159213505685e-05,9.825159213505685e-05
790,431552,30,1472,-9.822168067330495e-05,9.822168067330495e-05
791,440791,30,10711,-9.799092367757112e-05,9.799092367757112e-05
792,440086,30,10006,-9.795262303669006e-05,9.795262303669006e-05
793,452194,31,7778,-9.791888442123309e-05,9.791888442123309e-05
794,353615,24,9551,9.790372860152274e-05,9.790372860152274e-05
795,205188,14,4484,9.787682938622311e-05,9.787682938622311e-05
796,415016,28,13608,-9.781959670362994e-05,9.781959670362994e-05
797,446816,31,2400,9.77514500846155e-05,9.77514500846155e-05
798,455398,31,10982,9.765011054696515e-05,9.765011054696515e-05
799,396511,27,9439,-9.721964306663722e-05,9.721964306663722e-05
800,442282,30,12202,9.719412628328428e-05,9.719412628328428e-05
801,448659,31,4243,-9.706622950034216e-05,9.706622950034216e-05
802,446144,31,1728,9.702092211227864e-05,9.702092211227864e-05
803,457960,31,13544,9.698292706161737e-05,9.698292706161737e-05
804,422179,29,6435,-9.690487786429003e-05,9.690487786429003e-05
805,204621,14,3917,9.684237738838419e-05,9.684237738838419e-05
806,439335,30,9255,9.637081529945135e-05,9.637081529945135e-05
807,323906,22,8514,9.636743197916076e-05,9.636743197916076e-05
808,417271,29,1527,-9.621940989745781e-05,9.621940989745781e-05
809,455475,31,11059,-9.620036144042388e-05,9.620036144042388e-05
810,451901,31,7485,9.606390085536987e-05,9.606390085536987e-05
811,455372,31,10956,9.603127546142787e-05,9.603127546142787e-05
812,431642,30,1562,9.598472388461232e-05,9.598472388461232e-05
813,453812,31,9396,-9.59181270445697e-05,9.59181270445697e-05
814,448997,31,4581,-9.58768796408549e-05,9.58768796408549e-05
815,444210,30,14130,9.574347495799884e-05,9.574347495799884e-05
816,452617,31,8201,9.569243411533535e-05,9.569243411533535e-05
817,448194,31,3778,-9.554495773045346e-05,9.554495773045346e-05
818,457483,31,13067,9.544000204186887e-05,9.544000204186887e-05
819,457479,31,13063,9.543401392875239e-05,9.543401392875239e-05
820,436458,30,6378,9.53442431637086e-05,9.53442431637086e-05
821,455928,31,11512,9.505592606728896e-05,9.505592606728896e-05
822,456809,31,12393,-9.497178689343855e-05,9.497178689343855e-05
823,415897,29,153,-9.47786757024005e-05,9.47786757024005e-05
824,448246,31,3830,9.446511830901727e-05,9.446511830901727e-05
825,457782,31,13366,-9.444359602639452e-05,9.444359602639452e-05
826,457838,31,13422,9.413267252966762e-05,9.413267252966762e-05
827,436380,30,6300,-9.408004552824423e-05,9.408004552824423e-05
828,455208,31,10792,-9.402687282999977e-05,9.402687282999977e-05
829,444527,31,111,-9.398732800036669e-05,9.398732800036669e-05
830,456908,31,12492,-9.39448073040694e-05,9.39448073040694e-05
831,446529,31,2113,9.390774357598275e-05,9.390774357598275e-05
832,291957,20,5237,9.386464080307633e-05,9.386464080307633e-05
833,446296,31,1880,-9.384302393300459e-05,9.384302393300459e-05
834,446209,31,1793,9.380626579513773e-05,9.380626579513773e-05
835,456294,31,11878,-9.378039976581931e-05,9.378039976581931e-05
836,449095,31,4679,9.373168722959235e-05,9.373168722959235e-05
837,398649,27,11577,-9.351570770377293e-05,9.351570770377293e-05
838,439413,30,9333,-9.337451047031209e-05,9.337451047031209e-05
839,442983,30,12903,9.322787082055584e-05,9.322787082055584e-05
840,451366,31,6950,9.311952453572303e-05,9.311952453572303e-05
841,418691,29,2947,9.251819574274123e-05,9.251819574274123e-05
842,435911,30,5831,-9.240811777999625e-05,9.240811777999625e-05
843,451238,31,6822,9.23897823668085e-05,9.23897823668085e-05
844,305815,21,4759,-9.220054926117882e-05,9.220054926117882e-05
845,415886,29,142,-9.212821896653622e-05,9.212821896653622e-05
846,388641,27,1569,9.196368046104908e-05,9.196368046104908e-05
847,446517,31,2101,-9.18175937840715e-05,9.18175937840715e-05
848,432154,30,2074,-9.171805140795186e-05,9.171805140795186e-05
849,453498,31,9082,-9.133324783761054e-05,9.133324783761054e-05
850,452800,31,8384,9.128893725574017e-05,9.128893725574017e-05
851,455422,31,11006,9.114286513067782e-05,9.114286513067782e-05
852,439835,30,9755,-9.0678186097648e-05,9.0678186097648e-05
853,442050,30,11970,-9.055480768438429e-05,9.055480768438429e-05
854,242798,16,13422,9.050602238858119e-05,9.050602238858119e-05
855,432325,30,2245,-9.039090218720958e-05,9.039090218720958e-05
856,454574,31,10158,-9.02194733498618e-05,9.02194733498618e-05
857,447590,31,3174,-9.012732334667817e-05,9.012732334667817e-05
858,451141,31,6725,-8.999511919682845e-05,8.999511919682845e-05
859,444850,31,434,-8.996696851681918e-05,8.996696851681918e-05
860,409868,28,8460,-8.981435530586168e-05,8.981435530586168e-05
861,455508,31,11092,-8.980798156699166e-05,8.980798156699166e-05
862,454430,31,10014,-8.972801879281178e-05,8.972801879281178e-05
863,453705,31,9289,8.956078818300739e-05,8.956078818300739e-05
864,440130,30,10050,-8.955087105277926e-05,8.955087105277926e-05
865,447931,31,3515,-8.948864706326276e-05,8.948864706326276e-05
866,446711,31,2295,8.911675831768662e-05,8.911675831768662e-05
867,454791,31,10375,-8.910375618143007e-05,8.910375618143007e-05
868,449458,31,5042,-8.903045090846717e-05,8.903045090846717e-05
869,450133,31,5717,-8.88541471795179e-05,8.88541471795179e-05
870,439040,30,8960,-8.874217019183561e-05,8.874217019183561e-05
871,445263,31,847,-8.874179911799729e-05,8.874179911799729e-05
872,444871,31,455,-8.873365732142702e-05,8.873365732142702e-05
873,396248,27,9176,8.862747199600562e-05,8.862747199600562e-05
874,452054,31,7638,8.860256639309227e-05,8.860256639309227e-05
875,443092,30,13012,-8.85951376403682e-05,8.85951376403682e-05
876,434373,30,4293,8.845376578392461e-05,8.845376578392461e-05
877,446631,31,2215,-8.844672265695408e-05,8.844672265695408e-05
878,453449,31,9033,-8.834338950691745e-05,8.834338950691745e-05
879,290637,20,3917,8.826281555229798e-05,8.826281555229798e-05
880,443687,30,13607,8.805723336990923e-05,8.805723336990923e-05
881,454644,31,10228,-8.787066326476634e-05,8.787066326476634e-05
882,442092,30,12012,-8.783211524132639e-05,8.783211524132639e-05
883,455066,31,10650,8.77533238963224e-05,8.77533238963224e-05
884,448431,31,4015,-8.774609887041152e-05,8.774609887041152e-05
885,452288,31,7872,8.756271563470364e-05,8.756271563470364e-05
886,452465,31,8049,-8.728407556191087e-05,8.728407556191087e-05
887,454493,31,10077,-8.716323645785451e-05,8.716323645785451e-05
888,447512,31,3096,-8.71347074280493e-05,8.71347074280493e-05
889,446731,31,2315,-8.707346569281071e-05,8.707346569281071e-05
890,430805,30,725,8.706322114448994e-05,8.706322114448994e-05
891,430842,30,762,8.704612992005423e-05,8.704612992005423e-05
892,448917,31,4501,8.684601925779134e-05,8.684601925779134e-05
893,161483,11,3787,8.671633258927613e-05,8.671633258927613e-05
894,441130,30,11050,8.658446313347667e-05,8.658446313347667e-05
895,455534,31,11118,-8.651421376271173e-05,8.651421376271173e-05
896,437256,30,7176,8.628096838947386e-05,8.628096838947386e-05
897,432789,30,2709,-8.624166366644204e-05,8.624166366644204e-05
898,456415,31,11999,8.609839278506115e-05,8.609839278506115e-05
899,456173,31,11757,8.607695781392977e-05,8.607695781392977e-05
900,454422,31,10006,-8.597161649959162e-05,8.597161649959162e-05
901,445506,31,1090,8.590223296778277e-05,8.590223296778277e-05
902,432538,30,2458,8.588761556893587e-05,8.588761556893587e-05
903,457839,31,13423,8.58275088830851e-05,8.58275088830851e-05
904,403477,28,2069,-8.575791434850544e-05,8.575791434850544e-05
905,447531,31,3115,-8.569770579924807e-05,8.569770579924807e-05
906,447903,31,3487,8.559324487578124e-05,8.559324487578124e-05
907,435708,30,5628,-8.547057950636372e-05,8.547057950636372e-05
908,445055,31,639,8.544822048861533e-05,8.544822048861533e-05
909,452275,31,7859,8.533107029506937e-05,8.533107029506937e-05
910,245292,17,1580,8.530313789378852e-05,8.530313789378852e-05
911,455934,31,11518,8.51782679092139e-05,8.51782679092139e-05
912,445545,31,1129,-8.472223271382973e-05,8.472223271382973e-05
913,446879,31,2463,8.465760038234293e-05,8.465760038234293e-05
914,445649,31,1233,-8.463133417535573e-05,8.463133417535573e-05
915,451324,31,6908,-8.44577225507237e-05,8.44577225507237e-05
916,424972,29,9228,8.413752948399633e-05,8.413752948399633e-05
917,411779,28,10371,-8.410162990912795e-05,8.410162990912795e-05
918,406744,28,5336,8.402219827985391e-05,8.402219827985391e-05
919,388634,27,1562,8.401287050219253e-05,8.401287050219253e-05
920,369984,25,11584,8.395250188186765e-05,8.395250188186765e-05
921,423314,29,7570,8.389636059291661e-05,8.389636059291661e-05
922,456297,31,11881,-8.37146071717143e-05,8.37146071717143e-05
923,447579,31,3163,8.366906695300713e-05,8.366906695300713e-05
924,449786,31,5370,8.365944086108357e-05,8.365944086108357e-05
925,451670,31,7254,8.355853060493246e-05,8.355853060493246e-05
926,446416,31,2000,-8.351585711352527e-05,8.351585711352527e-05
927,144444,10,1084,-8.34957099868916e-05,8.34957099868916e-05
928,442045,30,11965,8.342025830643252e-05,8.342025830643252e-05
929,452536,31,8120,-8.332217839779332e-05,8.332217839779332e-05
930,450496,31,6080,-8.33191879792139e-05,8.33191879792139e-05
931,457498,31,13082,-8.329885895363986e-05,8.329885895363986e-05
932,429684,29,13940,8.324201189680025e-05,8.324201189680025e-05
933,452505,31,8089,8.311467536259443e-05,8.311467536259443e-05
934,441781,30,11701,8.30939898150973e-05,8.30939898150973e-05
935,451110,31,6694,8.300445915665478e-05,8.300445915665478e-05
936,449899,31,5483,8.2784601545427e-05,8.2784601545427e-05
937,441425,30,11345,8.25938768684864e-05,8.25938768684864e-05
938,410195,28,8787,8.188216452253982e-05,8.188216452253982e-05
939,446090,31,1674,-8.159801654983312e-05,8.159801654983312e-05
940,434471,30,4391,8.154430543072522e-05,8.154430543072522e-05
941,449617,31,5201,8.151979272952303e-05,8.151979272952303e-05
942,458230,31,13814,8.146435720846057e-05,8.146435720846057e-05
943,447359,31,2943,8.146034815581515e-05,8.146034815581515e-05
944,336567,23,6839,-8.14117884146981e-05,8.14117884146981e-05
945,448939,31,4523,8.134572271956131e-05,8.134572271956131e-05
946,458715,31,14299,8.128475019475445e-05,8.128475019475445e-05
947,449530,31,5114,-8.110236376523972e-05,8.110236376523972e-05
948,439717,30,9637,8.097717363853008e-05,8.097717363853008e-05
949,427386,29,11642,8.08127733762376e-05,8.08127733762376e-05
950,455790,31,11374,-8.079945109784603e-05,8.079945109784603e-05
951,201070,14,366,-8.075241930782795e-05,8.075241930782795e-05
952,419792,29,4048,-8.070287731243297e-05,8.070287731243297e-05
953,447716,31,3300,8.06941170594655e-05,8.06941170594655e-05
954,436366,30,6286,8.058852108661085e-05,8.058852108661085e-05
955,444947,31,531,-8.031939796637744e-05,8.031939796637744e-05
956,441824,30,11744,-8.031367178773507e-05,8.031367178773507e-05
957,444308,30,14228,-8.027750300243497e-05,8.027750300243497e-05
958,448589,31,4173,8.024419366847724e-05,8.024419366847724e-05
959,456572,31,12156,8.000213711056858e-05,8.000213711056858e-05
960,449823,31,5407,-7.998666114872321e-05,7.998666114872321e-05
961,437674,30,7594,-7.986689161043614e-05,7.986689161043614e-05
962,380843,26,8107,-7.979463407536969e-05,7.979463407536969e-05
963,458012,31,13596,-7.960645598359406e-05,7.960645598359406e-05
964,441510,30,11430,-7.955464388942346e-05,7.955464388942346e-05
965,401327,27,14255,-7.930245919851586e-05,7.930245919851586e-05
966,432895,30,2815,7.926605030661449e-05,7.926605030661449e-05
967,457398,31,12982,7.92463542893529e-05,7.92463542893529e-05
968,434505,30,4425,7.921516225906089e-05,7.921516225906089e-05
969,448903,31,4487,-7.90230551501736e-05,7.90230551501736e-05
970,452377,31,7961,-7.885244122007862e-05,7.885244122007862e-05
971,451052,31,6636,-7.884714432293549e-05,7.884714432293549e-05
972,439804,30,9724,7.884393562562764e-05,7.884393562562764e-05
973,453867,31,9451,7.879331678850576e-05,7.879331678850576e-05
974,454631,31,10215,7.87730750744231e-05,7.87730750744231e-05
975,403290,28,1882,7.870829722378403e-05,7.870829722378403e-05
976,450268,31,5852,-7.870815898058936e-05,7.870815898058936e-05
977,445474,31,1058,7.8686120104976e-05,7.8686120104976e-05
978,375949,26,3213,-7.854668365325779e-05,7.854668365325779e-05
979,446084,31,1668,7.827413355698809e-05,7.827413355698809e-05
980,443817,30,13737,7.826358341844752e-05,7.826358341844752e-05
981,445929,31,1513,7.819645543349907e-05,7.819645543349907e-05
982,430815,30,735,-7.817149889888242e-05,7.817149889888242e-05
983,420087,29,4343,7.808008376741782e-05,7.808008376741782e-05
984,452463,31,8047,-7.793175609549507e-05,7.793175609549507e-05
985,220433,15,5393,7.791810639901087e-05,7.791810639901087e-05
986,433012,30,2932,-7.791652751620859e-05,7.791652751620859e-05
987,447611,31,3195,-7.790861127432436e-05,7.790861127432436e-05
988,453584,31,9168,7.790654490236193e-05,7.790654490236193e-05
989,449256,31,4840,-7.789163646521047e-05,7.789163646521047e-05
990,446763,31,2347,-7.786439527990296e-05,7.786439527990296e-05
991,449774,31,5358,7.783993351040408e-05,7.783993351040408e-05
992,454724,31,10308,7.778117287671193e-05,7.778117287671193e-05
993,455425,31,11009,7.765430927975103e-05,7.765430927975103e-05
994,455186,31,10770,7.760363951092586e-05,7.760363951092586e-05
995,418534,29,2790,-7.75897060520947e-05,7.75897060520947e-05
996,445306,31,890,-7.75695443735458e-05,7.75695443735458e-05
997,457917,31,13501,7.7565957326442e-05,7.7565957326442e-05
998,446425,31,2009,-7.755961269140244e-05,7.755961269140244e-05
999,435416,30,5336,-7.734251994406804e-05,7.734251994406804e-05
1000,430705,30,625,7.733004167675972e-05,7.733004167675972e-05
1001,425306,29,9562,7.722487498540431e-05,7.722487498540431e-05
1002,456640,31,12224,7.721983274677768e-05,7.721983274677768e-05
1003,449039,31,4623,7.72089115343988e-05,7.72089115343988e-05
1004,444796,31,380,7.674309745198116e-05,7.674309745198116e-05
1005,341493,23,11765,-7.668678154004738e-05,7.668678154004738e-05
1006,452674,31,8258,-7.661328709218651e-05,7.661328709218651e-05
1007,436513,30,6433,-7.654121873201802e-05,7.654121873201802e-05
1008,453087,31,8671,-7.653832290088758e-05,7.653832290088758e-05
1009,431760,30,1680,-7.636951340828091e-05,7.636951340828091e-05
1010,456105,31,11689,7.627539889654145e-05,7.627539889654145e-05
1011,417711,29,1967,-7.624615682289004e-05,7.624615682289004e-05
1012,434421,30,4341,7.61952469474636e-05,7.61952469474636e-05
1013,456394,31,11978,-7.60565308155492e-05,7.60565308155492e-05
1014,455651,31,11235,-7.602685946039855e-05,7.602685946039855e-05
1015,431376,30,1296,-7.589207234559581e-05,7.589207234559581e-05
1016,434973,30,4893,7.585890125483274e-05,7.585890125483274e-05
1017,446331,31,1915,7.572530739707872e-05,7.572530739707872e-05
1018,448167,31,3751,7.570204616058618e-05,7.570204616058618e-05
1019,229834,16,458,7.55928922444582e-05,7.55928922444582e-05
1020,366183,25,7783,-7.533935422543436e-05,7.533935422543436e-05
1021,434640,30,4560,-7.529475988121703e-05,7.529475988121703e-05
1022,446218,31,1802,-7.499844650737941e-05,7.499844650737941e-05
1023,430859,30,779,-7.481111970264465e-05,7.481111970264465e-05
1024,174723,12,2691,-7.471667777281255e-05,7.471667777281255e-05
1025,453071,31,8655,7.449061376973987e-05,7.449061376973987e-05
1026,445748,31,1332,-7.446991367032751e-05,7.446991367032751e-05
1027,447216,31,2800,7.443020876962692e-05,7.443020876962692e-05
1028,444732,31,316,-7.437870226567611e-05,7.437870226567611e-05
1029,453541,31,9125,-7.433231075992808e-05,7.433231075992808e-05
1030,267467,18,9419,-7.429905235767365e-05,7.429905235767365e-05
1031,434689,30,4609,-7.424147770507261e-05,7.424147770507261e-05
1032,457610,31,13194,7.409575482597575e-05,7.409575482597575e-05
1033,448064,31,3648,7.391846156679094e-05,7.391846156679094e-05
1034,446727,31,2311,-7.383396587101743e-05,7.383396587101743e-05
1035,438854,30,8774,-7.380273746093735e-05,7.380273746093735e-05
1036,410141,28,8733,-7.369434024440125e-05,7.369434024440125e-05
1037,454581,31,10165,7.368155638687313e-05,7.368155638687313e-05
1038,436619,30,6539,7.367584476014599e-05,7.367584476014599e-05
1039,456991,31,12575,7.356680725933984e-05,7.356680725933984e-05
1040,447450,31,3034,7.351473323069513e-05,7.351473323069513e-05
1041,443593,30,13513,7.345293124672025e-05,7.345293124672025e-05
1042,452379,31,7963,-7.345230551436543e-05,7.345230551436543e-05
1043,435760,30,5680,7.33292181394063e-05,7.33292181394063e-05
1044,402189,28,781,-7.33261404093355e-05,7.33261404093355e-05
1045,458108,31,13692,-7.32273911125958e-05,7.32273911125958e-05
1046,455035,31,10619,7.308938802452758e-05,7.308938802452758e-05
1047,436163,30,6083,-7.278009434230626e-05,7.278009434230626e-05
1048,456588,31,12172,-7.266590546350926e-05,7.266590546350926e-05
1049,457964,31,13548,7.260841084644198e-05,7.260841084644198e-05
1050,436484,30,6404,7.260678103193641e-05,7.260678103193641e-05
1051,433080,30,3000,7.258750702021644e-05,7.258750702021644e-05
1052,457687,31,13271,7.254460797412321e-05,7.254460797412321e-05
1053,436160,30,6080,-7.254105003084987e-05,7.254105003084987e-05
1054,453323,31,8907,7.249109330587089e-05,7.249109330587089e-05
1055,449043,31,4627,-7.22885160939768e-05,7.22885160939768e-05
1056,453674,31,9258,-7.224098953884095e-05,7.224098953884095e-05
1057,445636,31,1220,-7.221764826681465e-05,7.221764826681465e-05
1058,438367,30,8287,-7.21979740774259e-05,7.21979740774259e-05
1059,445371,31,955,7.217667734948918e-05,7.217667734948918e-05
1060,442520,30,12440,-7.21589894965291e-05,7.21589894965291e-05
1061,424400,29,8656,-7.214790093712509e-05,7.214790093712509e-05
1062,437073,30,6993,-7.212512718979269e-05,7.212512718979269e-05
1063,410566,28,9158,7.200028630904853e-05,7.200028630904853e-05
1064,437079,30,6999,-7.199256651801988e-05,7.199256651801988e-05
1065,440392,30,10312,7.177976658567786e-05,7.177976658567786e-05
1066,411960,28,10552,7.173217454692349e-05,7.173217454692349e-05
1067,458168,31,13752,7.16948852641508e-05,7.16948852641508e-05
1068,444681,31,265,-7.169082527980208e-05,7.169082527980208e-05
1069,453049,31,8633,-7.162360998336226e-05,7.162360998336226e-05
1070,454542,31,10126,7.157147774705663e-05,7.157147774705663e-05
1071,445190,31,774,-7.148909935494885e-05,7.148909935494885e-05
1072,450787,31,6371,7.125973934307694e-05,7.125973934307694e-05
1073,432454,30,2374,-7.124599505914375e-05,7.124599505914375e-05
1074,449078,31,4662,-7.119316433090717e-05,7.119316433090717e-05
1075,418401,29,2657,7.118391658877954e-05,7.118391658877954e-05
1076,445935,31,1519,7.111306331353262e-05,7.111306331353262e-05
1077,445025,31,609,7.10276945028454e-05,7.10276945028454e-05
1078,458129,31,13713,7.102118252078071e-05,7.102118252078071e-05
1079,445067,31,651,7.100489165168256e-05,7.100489165168256e-05
1080,433663,30,3583,7.096276385709643e-05,7.096276385709643e-05
1081,208962,14,8258,-7.094594911905006e-05,7.094594911905006e-05
1082,455830,31,11414,-7.093112071743235e-05,7.093112071743235e-05
1083,450224,31,5808,7.082882075337693e-05,7.082882075337693e-05
1084,432707,30,2627,-7.076476322254166e-05,7.076476322254166e-05
1085,454649,31,10233,7.075767643982545e-05,7.075767643982545e-05
1086,443567,30,13487,-7.072837615851313e-05,7.072837615851313e-05
1087,444899,31,483,7.062838994897902e-05,7.062838994897902e-05
1088,382519,26,9783,7.057679613353685e-05,7.057679613353685e-05
1089,452960,31,8544,-7.051953434711322e-05,7.051953434711322e-05
1090,448934,31,4518,-7.03954283380881e-05,7.03954283380881e-05
1091,413728,28,12320,7.036703027551994e-05,7.036703027551994e-05
1092,436561,30,6481,7.035933231236413e-05,7.035933231236413e-05
1093,448316,31,3900,7.035646558506414e-05,7.035646558506414e-05
1094,451246,31,6830,-7.033176370896399e-05,7.033176370896399e-05
1095,453069,31,8653,7.031455606920645e-05,7.031455606920645e-05
1096,431881,30,1801,-7.015318260528147e-05,7.015318260528147e-05
1097,439771,30,9691,-6.986624794080853e-05,6.986624794080853e-05
1098,456709,31,12293,6.984503852436319e-05,6.984503852436319e-05
1099,457232,31,12816,6.980792386457324e-05,6.980792386457324e-05
1100,454929,31,10513,6.970811227802187e-05,6.970811227802187e-05
1101,454762,31,10346,6.959765596548095e-05,6.959765596548095e-05
1102,445633,31,1217,-6.955728167667985e-05,6.955728167667985e-05
1103,439805,30,9725,6.951414252398536e-05,6.951414252398536e-05
1104,196469,13,10101,6.944529013708234e-05,6.944529013708234e-05
1105,453963,31,9547,-6.933079566806555e-05,6.933079566806555e-05
1106,458133,31,13717,6.932479300303385e-05,6.932479300303385e-05
1107,441385,30,11305,-6.931315147085115e-05,6.931315147085115e-05
1108,449236,31,4820,6.925569323357195e-05,6.925569323357195e-05
1109,456984,31,12568,6.925106572452933e-05,6.925106572452933e-05
1110,432810,30,2730,-6.924280023667961e-05,6.924280023667961e-05
1111,449336,31,4920,-6.920000305399299e-05,6.920000305399299e-05
1112,448036,31,3620,-6.918572762515396e-05,6.918572762515396e-05
1113,436909,30,6829,6.910947558935732e-05,6.910947558935732e-05
1114,450682,31,6266,6.909318472025916e-05,6.909318472025916e-05
1115,449816,31,5400,6.901766028022394e-05,6.901766028022394e-05
1116,283315,19,10931,-6.883752212161198e-05,6.883752212161198e-05
1117,454688,31,10272,-6.878385465824977e-05,6.878385465824977e-05
1118,442267,30,12187,6.872761150589213e-05,6.872761150589213e-05
1119,454626,31,10210,-6.854255479993299e-05,6.854255479993299e-05
1120,399656,27,12584,-6.853004015283659e-05,6.853004015283659e-05
1121,450169,31,5753,-6.843236042186618e-05,6.843236042186618e-05
1122,450571,31,6155,6.840007699793205e-05,6.840007699793205e-05
1123,434817,30,4737,6.837181717855856e-05,6.837181717855856e-05
1124,450773,31,6357,-6.835420208517462e-05,6.835420208517462e-05
1125,445127,31,711,-6.826388562330976e-05,6.826388562330976e-05
1126,448614,31,4198,6.821515853516757e-05,6.821515853516757e-05
1127,446552,31,2136,-6.796320667490363e-05,6.796320667490363e-05
1128,435813,30,5733,-6.787778693251312e-05,6.787778693251312e-05
1129,437490,30,7410,-6.786340236430988e-05,6.786340236430988e-05
1130,455850,31,11434,6.778933311579749e-05,6.778933311579749e-05
1131,342213,23,12485,-6.770960317226127e-05,6.770960317226127e-05
1132,438444,30,8364,-6.766225124010816e-05,6.766225124010816e-05
1133,446359,31,1943,-6.75557748763822e-05,6.75557748763822e-05
1134,371462,25,13062,6.742760888300836e-05,6.742760888300836e-05
1135,455324,31,10908,6.741677498212084e-05,6.741677498212084e-05
1136,444616,31,200,-6.740905519109219e-05,6.740905519109219e-05
1137,173591,12,1559,6.738907541148365e-05,6.738907541148365e-05
1138,445444,31,1028,-6.737517105648294e-05,6.737517105648294e-05
1139,426577,29,10833,6.726905849063769e-05,6.726905849063769e-05
1140,456220,31,11804,6.720295641571283e-05,6.720295641571283e-05
1141,422811,29,7067,-6.717661744914949e-05,6.717661744914949e-05
1142,454868,31,10452,6.701735401293263e-05,6.701735401293263e-05
1143,292130,20,5410,-6.693258183076978e-05,6.693258183076978e-05
1144,456042,31,11626,-6.688630674034357e-05,6.688630674034357e-05
1145,453140,31,8724,-6.678277713945135e-05,6.678277713945135e-05
1146,450800,31,6384,6.676654447801411e-05,6.676654447801411e-05
1147,457673,31,13257,-6.675712938886136e-05,6.675712938886136e-05
1148,458267,31,13851,6.663653039140627e-05,6.663653039140627e-05
1149,433516,30,3436,-6.648395356023684e-05,6.648395356023684e-05
1150,454318,31,9902,6.646732072113082e-05,6.646732072113082e-05
1151,439356,30,9276,6.644039240200073e-05,6.644039240200073e-05
1152,456431,31,12015,6.625541573157534e-05,6.625541573157534e-05
1153,456765,31,12349,-6.620479689445347e-05,6.620479689445347e-05
1154,458298,31,13882,6.611321441596374e-05,6.611321441596374e-05
1155,429157,29,13413,6.60051591694355e-05,6.60051591694355e-05
1156,451564,31,7148,-6.600419874303043e-05,6.600419874303043e-05
1157,458239,31,13823,6.598127947654575e-05,6.598127947654575e-05
1158,433323,30,3243,-6.59526267554611e-05,6.59526267554611e-05
1159,451522,31,7106,6.585699884453788e-05,6.585699884453788e-05
1160,434341,30,4261,6.577606109203771e-05,6.577606109203771e-05
1161,445622,31,1206,6.577177555300295e-05,6.577177555300295e-05
1162,455821,31,11405,6.571516132680699e-05,6.571516132680699e-05
1163,442338,30,12258,6.55956391710788e-05,6.55956391710788e-05
1164,424653,29,8909,6.557830784004182e-05,6.557830784004182e-05
1165,452243,31,7827,-6.554950959980488e-05,6.554950959980488e-05
1166,457216,31,12800,-6.553020648425445e-05,6.553020648425445e-05
1167,454739,31,10323,6.543388008140028e-05,6.543388008140028e-05
1168,433097,30,3017,6.536763976328075e-05,6.536763976328075e-05
1169,451533,31,7117,-6.527787627419457e-05,6.527787627419457e-05
1170,440929,30,10849,-6.526311335619539e-05,6.526311335619539e-05
1171,439868,30,9788,-6.52164890198037e-05,6.52164890198037e-05
1172,450263,31,5847,6.516776193166152e-05,6.516776193166152e-05
1173,427653,29,11909,-6.512303662020713e-05,6.512303662020713e-05
1174,378806,26,6070,6.51174777885899e-05,6.51174777885899e-05
1175,443340,30,13260,6.50246292934753e-05,6.50246292934753e-05
1176,445219,31,803,-6.500540621345863e-05,6.500540621345863e-05
1177,383345,26,10609,6.498988659586757e-05,6.498988659586757e-05
1178,398611,27,11539,-6.489462248282507e-05,6.489462248282507e-05
1179,360626,25,2226,6.488672806881368e-05,6.488672806881368e-05
1180,433426,30,3346,6.488100189017132e-05,6.488100189017132e-05
1181,425592,29,9848,-6.478387513197958e-05,6.478387513197958e-05
1182,431812,30,1732,6.476783892139792e-05,6.476783892139792e-05
1183,448920,31,4504,-6.474975816672668e-05,6.474975816672668e-05
1184,438817,30,8737,-6.457752169808373e-05,6.457752169808373e-05
1185,453998,31,9582,6.44670581095852e-05,6.44670581095852e-05
1186,453394,31,8978,6.444921746151522e-05,6.444921746151522e-05
1187,430698,30,618,6.444046448450536e-05,6.444046448450536e-05
1188,445802,31,1386,-6.441341247409582e-05,6.441341247409582e-05
1189,435403,30,5323,6.439945718739182e-05,6.439945718739182e-05
1190,449710,31,5294,6.43987295916304e-05,6.43987295916304e-05
1191,444819,31,403,6.430766370613128e-05,6.430766370613128e-05
1192,447376,31,2960,-6.426511390600353e-05,6.426511390600353e-05
1193,458097,31,13681,6.41972801531665e-05,6.41972801531665e-05
1194,444482,31,66,6.407014006981626e-05,6.407014006981626e-05
1195,448707,31,4291,6.404868327081203e-05,6.404868327081203e-05
1196,442241,30,12161,-6.404831947293133e-05,6.404831947293133e-05
1197,442276,30,12196,-6.399409903679043e-05,6.399409903679043e-05
1198,437391,30,7311,-6.391468923538923e-05,6.391468923538923e-05
1199,436542,30,6462,-6.386367749655619e-05,6.386367749655619e-05
1200,453283,31,8867,-6.377876707119867e-05,6.377876707119867e-05
1201,437034,30,6954,-6.374109943863004e-05,6.374109943863004e-05
1202,431003,30,923,6.370479241013527e-05,6.370479241013527e-05
1203,445490,31,1074,-6.364011642290279e-05,6.364011642290279e-05
1204,416713,29,969,6.358682730933651e-05,6.358682730933651e-05
1205,427579,29,11835,6.3447339925915e-05,6.3447339925915e-05
1206,453098,31,8682,-6.335345096886158e-05,6.335345096886158e-05
1207,448021,31,3605,6.313162157312036e-05,6.313162157312036e-05
1208,406321,28,4913,-6.308587762759998e-05,6.308587762759998e-05
1209,432763,30,2683,-6.305291753960773e-05,6.305291753960773e-05
1210,448137,31,3721,6.292144826147705e-05,6.292144826147705e-05
1211,445217,31,801,6.291858153417706e-05,6.291858153417706e-05
1212,445246,31,830,-6.280653906287625e-05,6.280653906287625e-05
1213,441420,30,11340,-6.278682121774182e-05,6.278682121774182e-05
1214,452408,31,7992,-6.278028013184667e-05,6.278028013184667e-05
1215,447642,31,3226,6.271983875194564e-05,6.271983875194564e-05
1216,452200,31,7784,-6.261076487135142e-05,6.261076487135142e-05
1217,446988,31,2572,-6.253248284338042e-05,6.253248284338042e-05
1218,451348,31,6932,-6.25200045760721e-05,6.25200045760721e-05
1219,450611,31,6195,6.24633175903e-05,6.24633175903e-05
1220,409825,28,8417,-6.23303567408584e-05,6.23303567408584e-05
1221,449749,31,5333,-6.229666178114712e-05,6.229666178114712e-05
1222,204644,14,3940,6.226648110896349e-05,6.226648110896349e-05
1223,439440,30,9360,-6.22096486040391e-05,6.22096486040391e-05
1224,446944,31,2528,6.220647628651932e-05,6.220647628651932e-05
1225,434577,30,4497,-6.220160867087543e-05,6.220160867087543e-05
1226,430953,30,873,-6.21262370259501e-05,6.21262370259501e-05
1227,446121,31,1705,-6.21030485490337e-05,6.21030485490337e-05
1228,419490,29,3746,-6.206861144164577e-05,6.206861144164577e-05
1229,346852,24,2788,-6.201730138855055e-05,6.201730138855055e-05
1230,425339,29,9595,6.200216012075543e-05,6.200216012075543e-05
1231,446496,31,2080,6.194731395225972e-05,6.194731395225972e-05
1232,444019,30,13939,-6.190245039761066e-05,6.190245039761066e-05
1233,455113,31,10697,6.19003112660721e-05,6.19003112660721e-05
1234,435229,30,5149,6.178556941449642e-05,6.178556941449642e-05
1235,418820,29,3076,-6.158185715321451e-05,6.158185715321451e-05
1236,449213,31,4797,6.155529990792274e-05,6.155529990792274e-05
1237,447103,31,2687,-6.154143920866773e-05,6.154143920866773e-05
1238,445015,31,599,-6.148973625386134e-05,6.148973625386134e-05
1239,450391,31,5975,6.144746294012293e-05,6.144746294012293e-05
1240,444843,31,427,6.139898323453963e-05,6.139898323453963e-05
1241,451487,31,7071,-6.139268225524575e-05,6.139268225524575e-05
1242,437411,30,7331,6.136205047369003e-05,6.136205047369003e-05
1243,449280,31,4864,-6.116910662967712e-05,6.116910662967712e-05
1244,456084,31,11668,6.114208372309804e-05,6.114208372309804e-05
1245,455625,31,11209,6.114161078585312e-05,6.114161078585312e-05
1246,214502,14,13798,-6.110305548645556e-05,6.110305548645556e-05
1247,458253,31,13837,-6.109211972216144e-05,6.109211972216144e-05
1248,437384,30,7304,-6.093716001487337e-05,6.093716001487337e-05
1249,453983,31,9567,-6.0924408899154514e-05,6.0924408899154514e-05
1250,409713,28,8305,-6.09235285082832e-05,6.09235285082832e-05
1251,454569,31,10153,6.0811751609435305e-05,6.0811751609435305e-05
1252,454949,31,10533,-6.08012851444073e-05,6.08012851444073e-05
1253,453923,31,9507,6.07576293987222e-05,6.07576293987222e-05
1254,458720,31,14304,6.068112998036668e-05,6.068112998036668e-05
1255,438033,30,7953,6.059239967726171e-05,6.059239967726171e-05
1256,395994,27,8922,-6.05318600719329e-05,6.05318600719329e-05
1257,457108,31,12692,-6.04900014877785e-05,6.04900014877785e-05
1258,458737,31,14321,6.0434704209910706e-05,6.0434704209910706e-05
1259,448855,31,4439,6.041742017259821e-05,6.041742017259821e-05
1260,285190,19,12806,6.0396429034881294e-05,6.0396429034881294e-05
1261,437468,30,7388,-6.0373771702870727e-05,6.0373771702870727e-05
1262,446462,31,2046,-6.032180317561142e-05,6.032180317561142e-05
1263,454808,31,10392,-6.0266083892202005e-05,6.0266083892202005e-05
1264,444696,31,280,-6.022921297699213e-05,6.022921297699213e-05
1265,445011,31,595,-6.0109396144980565e-05,6.0109396144980565e-05
1266,401564,28,156,-5.999925633659586e-05,5.999925633659586e-05
1267,420642,29,4898,5.993568993289955e-05,5.993568993289955e-05
1268,425667,29,9923,-5.9929992858087644e-05,5.9929992858087644e-05
1269,454504,31,10088,5.991310172248632e-05,5.991310172248632e-05
1270,447101,31,2685,5.991046782582998e-05,5.991046782582998e-05
1271,453708,31,9292,5.98628212173935e-05,5.98628212173935e-05
1272,441077,30,10997,-5.98524566157721e-05,5.98524566157721e-05
1273,448152,31,3736,-5.9840527683263645e-05,5.9840527683263645e-05
1274,457184,31,12768,5.977975160931237e-05,5.977975160931237e-05
1275,446349,31,1933,-5.9724767197621986e-05,5.9724767197621986e-05
1276,454081,31,9665,-5.9655394579749554e-05,5.9655394579749554e-05
1277,447973,31,3557,-5.9627622249536216e-05,5.9627622249536216e-05
1278,412649,28,11241,5.9607085859170184e-05,5.9607085859170184e-05
1279,456112,31,11696,5.960690032225102e-05,5.960690032225102e-05
1280,453425,31,9009,5.9593887272058055e-05,5.9593887272058055e-05
1281,455659,31,11243,-5.959350892226212e-05,5.959350892226212e-05
1282,444836,31,420,-5.956862878520042e-05,5.956862878520042e-05
1283,454552,31,10136,5.955153392278589e-05,5.955153392278589e-05
1284,449703,31,5287,5.9520210925256833e-05,5.9520210925256833e-05
1285,456156,31,11740,5.951472485321574e-05,5.951472485321574e-05
1286,457234,31,12818,5.9489400882739574e-05,5.9489400882739574e-05
1287,439655,30,9575,5.948071338934824e-05,5.948071338934824e-05
1288,443703,30,13623,5.942907228018157e-05,5.942907228018157e-05
1289,451613,31,7197,5.939135007793084e-05,5.939135007793084e-05
1290,430936,30,856,5.933706052019261e-05,5.933706052019261e-05
1291,447241,31,2825,5.930922270636074e-05,5.930922270636074e-05
1292,407290,28,5882,-5.930461338721216e-05,5.930461338721216e-05
1293,443359,30,13279,-5.916861118748784e-05,5.916861118748784e-05
1294,448718,31,4302,5.915511792409234e-05,5.915511792409234e-05
1295,431669,30,1589,-5.9131340094609186e-05,5.9131340094609186e-05
1296,455650,31,11234,5.909449464525096e-05,5.909449464525096e-05
1297,451390,31,6974,5.9027704992331564e-05,5.9027704992331564e-05
1298,446407,31,1991,-5.8936137065757066e-05,5.8936137065757066e-05
1299,447159,31,2743,5.88576149311848e-05,5.88576149311848e-05
1300,440949,30,10869,5.885414793738164e-05,5.885414793738164e-05
1301,444037,30,13957,5.884184793103486e-05,5.884184793103486e-05
1302,408237,28,6829,5.879988384549506e-05,5.879988384549506e-05
1303,453871,31,9455,5.868826701771468e-05,5.868826701771468e-05
1304,457664,31,13248,5.860248347744346e-05,5.860248347744346e-05
1305,448250,31,3834,5.858129952684976e-05,5.858129952684976e-05
1306,430944,30,864,-5.8558729506330565e-05,5.8558729506330565e-05
1307,456036,31,11620,5.855749623151496e-05,5.855749623151496e-05
1308,457109,31,12693,5.8509194786893204e-05,5.8509194786893204e-05
1309,388039,27,967,-5.850831439602189e-05,5.850831439602189e-05
1310,420483,29,4739,-5.848428554600105e-05,5.848428554600105e-05
1311,298705,20,11985,5.846314525115304e-05,5.846314525115304e-05
1312,448496,31,4080,-5.8435303799342364e-05,5.8435303799342364e-05
1313,369713,25,11313,5.8433277445146814e-05,5.8433277445146814e-05
1314,453926,31,9510,5.8291323512094095e-05,5.8291323512094095e-05
1315,438472,30,8392,5.8223373343935236e-05,5.8223373343935236e-05
1316,452103,31,7687,-5.8159992477158085e-05,5.8159992477158085e-05
1317,423082,29,7338,-5.8146768424194306e-05,5.8146768424194306e-05
1318,453127,31,8711,-5.813552706968039e-05,5.813552706968039e-05
1319,445449,31,1033,5.813133611809462e-05,5.813133611809462e-05
1320,433215,30,3135,-5.805828914162703e-05,5.805828914162703e-05
1321,447537,31,3121,5.8010071370517835e-05,5.8010071370517835e-05
1322,437899,30,7819,5.797905396320857e-05,5.797905396320857e-05
1323,440075,30,9995,5.7976732932729647e-05,5.7976732932729647e-05
1324,446268,31,1852,-5.79716288484633e-05,5.79716288484633e-05
1325,232572,16,3196,5.794394382974133e-05,5.794394382974133e-05
1326,444683,31,267,5.793535819975659e-05,5.793535819975659e-05
1327,445495,31,1079,-5.781807703897357e-05,5.781807703897357e-05
1328,440682,30,10602,5.7779066992225125e-05,5.7779066992225125e-05
1329,445249,31,833,5.775969839305617e-05,5.775969839305617e-05
1330,447816,31,3400,-5.772309668827802e-05,5.772309668827802e-05
1331,451454,31,7038,5.7697772717801854e-05,5.7697772717801854e-05
1332,445115,31,699,5.76445490878541e-05,5.76445490878541e-05
1333,443422,30,13342,5.763929584645666e-05,5.763929584645666e-05
1334,439457,30,9377,-5.756307655246928e-05,5.756307655246928e-05
1335,435629,30,5549,5.750678610638715e-05,5.750678610638715e-05
1336,450814,31,6398,5.7497814850648865e-05,5.7497814850648865e-05
1337,440163,30,10083,-5.7483728596707806e-05,5.7483728596707806e-05
1338,446238,31,1822,-5.747772956965491e-05,5.747772956965491e-05
1339,452688,31,8272,-5.747713294113055e-05,5.747713294113055e-05
1340,447684,31,3268,-5.7371798902750015e-05,5.7371798902750015e-05
1341,457192,31,12776,-5.737088213209063e-05,5.737088213209063e-05
1342,438991,30,8911,5.7358163758181036e-05,5.7358163758181036e-05
1343,445592,31,1176,-5.728425821871497e-05,5.728425821871497e-05
1344,188149,13,1781,5.728042378905229e-05,5.728042378905229e-05
1345,422780,29,7036,5.7204430049750954e-05,5.7204430049750954e-05
1346,445544,31,1128,5.717468957300298e-05,5.717468957300298e-05
1347,421354,29,5610,5.717461317544803e-05,5.717461317544803e-05
1348,439250,30,9170,5.7164525060215965e-05,5.7164525060215965e-05
1349,445717,31,1301,-5.713454447686672e-05,5.713454447686672e-05
1350,439620,30,9540,5.7050667237490416e-05,5.7050667237490416e-05
1351,447001,31,2585,-5.703249553334899e-05,5.703249553334899e-05
1352,446467,31,2051,-5.692959894076921e-05,5.692959894076921e-05
1353,456286,31,11870,5.692544436897151e-05,5.692544436897151e-05
1354,445188,31,772,-5.68925061088521e-05,5.68925061088521e-05
1355,453715,31,9299,-5.6830460380297154e-05,5.6830460380297154e-05
1356,456756,31,12340,-5.669367601512931e-05,5.669367601512931e-05
1357,450317,31,5901,5.664669879479334e-05,5.664669879479334e-05
1358,441994,30,11914,-5.664191849064082e-05,5.664191849064082e-05
1359,442461,30,12381,-5.662975672748871e-05,5.662975672748871e-05
1360,453969,31,9553,5.6560253142379224e-05,5.6560253142379224e-05
1361,452410,31,7994,-5.653949119732715e-05,5.653949119732715e-05
1362,447767,31,3351,-5.653118569171056e-05,5.653118569171056e-05
1363,446408,31,1992,5.6526627304265276e-05,5.6526627304265276e-05
1364,446365,31,1949,-5.65240225114394e-05,5.65240225114394e-05
1365,446025,31,1609,-5.6500895880162716e-05,5.6500895880162716e-05
1366,213879,14,13175,-5.6488461268600076e-05,5.6488461268600076e-05
1367,447360,31,2944,5.634403714793734e-05,5.634403714793734e-05
1368,437540,30,7460,5.633631371892989e-05,5.633631371892989e-05
1369,449183,31,4767,-5.633292312268168e-05,5.633292312268168e-05
1370,444563,31,147,-5.632037209579721e-05,5.632037209579721e-05
1371,185900,12,13868,-5.629585575661622e-05,5.629585575661622e-05
1372,430538,30,458,5.6261964346049353e-05,5.6261964346049353e-05
1373,425534,29,9790,-5.621187301585451e-05,5.621187301585451e-05
1374,424991,29,9247,5.610417065327056e-05,5.610417065327056e-05
1375,220687,15,5647,5.608466381090693e-05,5.608466381090693e-05
1376,424737,29,8993,5.6055578170344234e-05,5.6055578170344234e-05
1377,443626,30,13546,5.59504478587769e-05,5.59504478587769e-05
1378,458114,31,13698,5.5950375099200755e-05,5.5950375099200755e-05
1379,458630,31,14214,-5.594901813310571e-05,5.594901813310571e-05
1380,435640,30,5560,5.5926080676727e-05,5.5926080676727e-05
1381,447501,31,3085,-5.5924505431903526e-05,5.5924505431903526e-05
1382,450277,31,5861,5.5910371884237975e-05,5.5910371884237975e-05
1383,456676,31,12260,5.590681030298583e-05,5.590681030298583e-05
1384,451371,31,6955,-5.587950727203861e-05,5.587950727203861e-05
1385,447301,31,2885,5.587471241597086e-05,5.587471241597086e-05
1386,454971,31,10555,5.585371036431752e-05,5.585371036431752e-05
1387,427568,29,11824,-5.58502615604084e-05,5.58502615604084e-05
1388,454456,31,10040,-5.584902100963518e-05,5.584902100963518e-05
1389,446935,31,2519,-5.584658356383443e-05,5.584658356383443e-05
1390,452922,31,8506,5.584561586147174e-05,5.584561586147174e-05
1391,236049,16,6673,5.578835407504812e-05,5.578835407504812e-05
1392,416258,29,514,-5.576638432103209e-05,5.576638432103209e-05
1393,393142,27,6070,-5.5748379963915795e-05,5.5748379963915795e-05
1394,453727,31,9311,5.570309440372512e-05,5.570309440372512e-05
1395,378652,26,5916,-5.570054054260254e-05,5.570054054260254e-05
1396,436571,30,6491,5.559003329835832e-05,5.559003329835832e-05
1397,456833,31,12417,-5.5552278354298323e-05,5.5552278354298323e-05
1398,446662,31,2246,-5.554455128731206e-05,5.554455128731206e-05
1399,422883,29,7139,5.5497363064205274e-05,5.5497363064205274e-05
1400,452619,31,8203,-5.5496962886536494e-05,5.5496962886536494e-05
1401,450937,31,6521,5.5459109717048705e-05,5.5459109717048705e-05
1402,360277,25,1877,-5.5426760809496045e-05,5.5426760809496045e-05
1403,362034,25,3634,-5.541848804568872e-05,5.541848804568872e-05
1404,440045,30,9965,5.5260690714931116e-05,5.5260690714931116e-05
1405,458476,31,14060,5.523615254787728e-05,5.523615254787728e-05
1406,144213,10,853,-5.521962884813547e-05,5.521962884813547e-05
1407,427563,29,11819,-5.51486955373548e-05,5.51486955373548e-05
1408,455808,31,11392,-5.5129723477875814e-05,5.5129723477875814e-05
1409,431354,30,1274,5.510998016688973e-05,5.510998016688973e-05
1410,448383,31,3967,-5.510297341970727e-05,5.510297341970727e-05
1411,449584,31,5168,5.509245238499716e-05,5.509245238499716e-05
1412,455331,31,10915,5.5058932048268616e-05,5.5058932048268616e-05
1413,447459,31,3043,5.5033327953424305e-05,5.5033327953424305e-05
1414,432167,30,2087,-5.4920285037951544e-05,5.4920285037951544e-05
1415,450244,31,5828,5.49031792616006e-05,5.49031792616006e-05
1416,451216,31,6800,5.484278153744526e-05,5.484278153744526e-05
1417,445725,31,1309,5.4838401410961524e-05,5.4838401410961524e-05
1418,430605,30,525,-5.4838023061165586e-05,5.4838023061165586e-05
1419,446710,31,2294,5.481169500853866e-05,5.481169500853866e-05
1420,407312,28,5904,-5.477252489072271e-05,5.477252489072271e-05
1421,422169,29,6425,-5.4697997256880626e-05,5.4697997256880626e-05
1422,457825,31,13409,-5.4690619435859844e-05,5.4690619435859844e-05
1423,452770,31,8354,5.469008829095401e-05,5.469008829095401e-05
1424,450907,31,6491,5.466004949994385e-05,5.466004949994385e-05
1425,444543,31,127,-5.465870344778523e-05,5.465870344778523e-05
1426,449618,31,5202,-5.462472472572699e-05,5.462472472572699e-05
1427,347708,24,3644,5.4602831369265914e-05,5.4602831369265914e-05
1428,450768,31,6352,5.458737723529339e-05,5.458737723529339e-05
1429,458414,31,13998,-5.458292434923351e-05,5.458292434923351e-05
1430,389242,27,2170,5.452680852613412e-05,5.452680852613412e-05
1431,454887,31,10471,5.450715616461821e-05,5.450715616461821e-05
1432,442343,30,12263,-5.445561691885814e-05,5.445561691885814e-05
1433,456223,31,11807,5.421522291726433e-05,5.421522291726433e-05
1434,422076,29,6332,5.412580867414363e-05,5.412580867414363e-05
1435,425494,29,9750,-5.402518581831828e-05,5.402518581831828e-05
1436,430162,30,82,-5.4021911637391895e-05,5.4021911637391895e-05
1437,443651,30,13571,-5.392626189859584e-05,5.392626189859584e-05
1438,452338,31,7922,-5.389291254687123e-05,5.389291254687123e-05
1439,444600,31,184,5.386745760915801e-05,5.386745760915801e-05
1440,445814,31,1398,-5.383820825954899e-05,5.383820825954899e-05
1441,448056,31,3640,5.382227755035274e-05,5.382227755035274e-05
1442,435460,30,5380,5.382153540267609e-05,5.382153540267609e-05
1443,414147,28,12739,-5.379714275477454e-05,5.379714275477454e-05
1444,441584,30,11504,-5.376763874664903e-05,5.376763874664903e-05
1445,432959,30,2879,5.374839383875951e-05,5.374839383875951e-05
1446,422539,29,6795,5.373562817112543e-05,5.373562817112543e-05
1447,458510,31,14094,5.371871156967245e-05,5.371871156967245e-05
1448,445044,31,628,5.3669646149501204e-05,5.3669646149501204e-05
1449,435439,30,5359,5.3574600315187126e-05,5.3574600315187126e-05
1450,455496,31,11080,-5.35600702278316e-05,5.35600702278316e-05
1451,362214,25,3814,-5.355459506972693e-05,5.355459506972693e-05
1452,451723,31,7307,5.35346262040548e-05,5.35346262040548e-05
1453,247061,17,3349,5.3475894674193114e-05,5.3475894674193114e-05
1454,158594,11,898,5.346994657884352e-05,5.346994657884352e-05
1455,447561,31,3145,-5.341719224816188e-05,5.341719224816188e-05
1456,378217,26,5481,-5.3388568630907685e-05,5.3388568630907685e-05
1457,431315,30,1235,-5.329833584255539e-05,5.329833584255539e-05
1458,447943,31,3527,-5.326646351022646e-05,5.326646351022646e-05
1459,448835,31,4419,5.32625854248181e-05,5.32625854248181e-05
1460,396742,27,9670,-5.323616278474219e-05,5.323616278474219e-05
1461,432055,30,1975,-5.321066782926209e-05,5.321066782926209e-05
1462,448409,31,3993,5.315580710885115e-05,5.315580710885115e-05
1463,454218,31,9802,-5.314609734341502e-05,5.314609734341502e-05
1464,448513,31,4097,-5.3060968639329076e-05,5.3060968639329076e-05
1465,450150,31,5734,-5.302976569510065e-05,5.302976569510065e-05
1466,434108,30,4028,5.29432509210892e-05,5.29432509210892e-05
1467,432200,30,2120,-5.2933301049051806e-05,5.2933301049051806e-05
1468,451067,31,6651,-5.291308116284199e-05,5.291308116284199e-05
1469,434144,30,4064,-5.290901754051447e-05,5.290901754051447e-05
1470,453805,31,9389,5.290522676659748e-05,5.290522676659748e-05
1471,133458,9,4434,5.2897215937264264e-05,5.2897215937264264e-05
1472,442852,30,12772,-5.289090404403396e-05,5.289090404403396e-05
1473,430500,30,420,-5.2861512813251466e-05,5.2861512813251466e-05
1474,399063,27,11991,-5.284886356093921e-05,5.284886356093921e-05
1475,457072,31,12656,-5.283997961669229e-05,5.283997961669229e-05
1476,454596,31,10180,5.282242636894807e-05,5.282242636894807e-05
1477,443981,30,13901,-5.281891571939923e-05,5.281891571939923e-05
1478,454938,31,10522,-5.278189928503707e-05,5.278189928503707e-05
1479,451512,31,7096,5.260575926513411e-05,5.260575926513411e-05
1480,445256,31,840,5.2589279221137986e-05,5.2589279221137986e-05
1481,384964,26,12228,5.2529463573591784e-05,5.2529463573591784e-05
1482,416201,29,457,-5.252268601907417e-05,5.252268601907417e-05
1483,430414,30,334,5.2463412430370227e-05,5.2463412430370227e-05
1484,450035,31,5619,5.243121995590627e-05,5.243121995590627e-05
1485,412975,28,11567,-5.2426137699512765e-05,5.2426137699512765e-05
1486,432493,30,2413,5.2383031288627535e-05,5.2383031288627535e-05
1487,430886,30,806,5.238042285782285e-05,5.238042285782285e-05
1488,453477,31,9061,5.235576463746838e-05,5.235576463746838e-05
1489,362915,25,4515,5.233411502558738e-05,5.233411502558738e-05
1490,448817,31,4401,5.228758163866587e-05,5.228758163866587e-05
1491,431741,30,1661,5.218021760811098e-05,5.218021760811098e-05
1492,444626,31,210,5.213350596022792e-05,5.213350596022792e-05
1493,431324,30,1244,5.209980008658022e-05,5.209980008658022e-05
1494,416053,29,309,-5.2067567594349384e-05,5.2067567594349384e-05
1495,457544,31,13128,-5.206274727242999e-05,5.206274727242999e-05
1496,422562,29,6818,5.203982800594531e-05,5.203982800594531e-05
1497,455851,31,11435,5.2013314416399226e-05,5.2013314416399226e-05
1498,456998,31,12582,-5.1974748203065246e-05,5.1974748203065246e-05
1499,410911,28,9503,-5.1964856538688764e-05,5.1964856538688764e-05
1500,450498,31,6082,-5.195875928620808e-05,5.195875928620808e-05
1501,432441,30,2361,-5.195562698645517e-05,5.195562698645517e-05
1502,444945,31,529,5.19284003530629e-05,5.19284003530629e-05
1503,440631,30,10551,-5.1915205403929576e-05,5.1915205403929576e-05
1504,280448,19,8064,-5.187728675082326e-05,5.187728675082326e-05
1505,445617,31,1201,5.1866110879927874e-05,5.1866110879927874e-05
1506,407537,28,6129,-5.185537884244695e-05,5.185537884244695e-05
1507,423227,29,7483,-5.1841252570739016e-05,5.1841252570739016e-05
1508,448015,31,3599,5.183910616324283e-05,5.183910616324283e-05
1509,434823,30,4743,5.180548032512888e-05,5.180548032512888e-05
1510,444997,31,581,-5.175812111701816e-05,5.175812111701816e-05
1511,442000,30,11920,5.1675058784894645e-05,5.1675058784894645e-05
1512,448622,31,4206,-5.165999391465448e-05,5.165999391465448e-05
1513,442721,30,12641,5.16442050866317e-05,5.16442050866317e-05
1514,449104,31,4688,-5.1612863899208605e-05,5.1612863899208605e-05
1515,436349,30,6269,-5.159604916116223e-05,5.159604916116223e-05
1516,445424,31,1008,5.152044104761444e-05,5.152044104761444e-05
1517,444981,31,565,5.1512623031158e-05,5.1512623031158e-05
1518,145016,10,1656,5.1437451475067064e-05,5.1437451475067064e-05
1519,370708,25,12308,5.1416136557236314e-05,5.1416136557236314e-05
1520,437284,30,7204,-5.139813947607763e-05,5.139813947607763e-05
1521,444378,30,14298,-5.137430707691237e-05,5.137430707691237e-05
1522,454740,31,10324,5.133164449944161e-05,5.133164449944161e-05
1523,453911,31,9495,5.131242505740374e-05,5.131242505740374e-05
1524,394946,27,7874,5.1286966481711715e-05,5.1286966481711715e-05
1525,439194,30,9114,-5.1285165682202205e-05,5.1285165682202205e-05
1526,423197,29,7453,-5.127350232214667e-05,5.127350232214667e-05
1527,431536,30,1456,-5.124623567098752e-05,5.124623567098752e-05
1528,457210,31,12794,5.11888756591361e-05,5.11888756591361e-05
1529,430367,30,287,5.114621308166534e-05,5.114621308166534e-05
1530,432353,30,2273,-5.1074752263957635e-05,5.1074752263957635e-05
1531,446494,31,2078,-5.104063166072592e-05,5.104063166072592e-05
1532,433095,30,3015,5.1023915148107335e-05,5.1023915148107335e-05
1533,390601,27,3529,5.099078407511115e-05,5.099078407511115e-05
1534,432587,30,2507,-5.098872497910634e-05,5.098872497910634e-05
1535,435220,30,5140,5.0926246331073344e-05,5.0926246331073344e-05
1536,455505,31,11089,5.090939157526009e-05,5.090939157526009e-05
1537,438897,30,8817,-5.090912600280717e-05,5.090912600280717e-05
1538,441615,30,11535,5.0907692639157176e-05,5.0907692639157176e-05
1539,455289,31,10873,-5.090004560770467e-05,5.090004560770467e-05
1540,428401,29,12657,-5.089137994218618e-05,5.089137994218618e-05
1541,441521,30,11441,-5.085565862827934e-05,5.085565862827934e-05
1542,444570,31,154,-5.083659925730899e-05,5.083659925730899e-05
1543,448693,31,4277,-5.082033749204129e-05,5.082033749204129e-05
1544,428066,29,12322,5.0773196562658995e-05,5.0773196562658995e-05
1545,449830,31,5414,5.069677354185842e-05,5.069677354185842e-05
1546,440382,30,10302,-5.058758324594237e-05,5.058758324594237e-05
1547,174275,12,2243,5.0581009418237954e-05,5.0581009418237954e-05
1548,454286,31,9870,5.054770372225903e-05,5.054770372225903e-05
1549,417112,29,1368,5.053731001680717e-05,5.053731001680717e-05
1550,396161,27,9089,5.053299537394196e-05,5.053299537394196e-05
1551,445927,31,1511,-5.05065981997177e-05,5.05065981997177e-05
1552,454516,31,10100,-5.04748422827106e-05,5.04748422827106e-05
1553,407640,28,6232,-5.047149534220807e-05,5.047149534220807e-05
1554,432134,30,2054,5.0410348194418475e-05,5.0410348194418475e-05
1555,450048,31,5632,5.040994074079208e-05,5.040994074079208e-05
1556,219013,15,3973,5.038605013396591e-05,5.038605013396591e-05
1557,457196,31,12780,5.034592322772369e-05,5.034592322772369e-05
1558,447091,31,2675,5.029363092035055e-05,5.029363092035055e-05
1559,433541,30,3461,-5.018479350837879e-05,5.018479350837879e-05
1560,434190,30,4110,-5.0161630497314036e-05,5.0161630497314036e-05
1561,439236,30,9156,5.013948612031527e-05,5.013948612031527e-05
1562,444463,31,47,-5.011156099499203e-05,5.011156099499203e-05
1563,438812,30,8732,-5.010791574022733e-05,5.010791574022733e-05
1564,449509,31,5093,5.004238846595399e-05,5.004238846595399e-05
1565,429969,29,14225,-5.003484329790808e-05,5.003484329790808e-05
1566,387681,27,609,-5.00268506584689e-05,5.00268506584689e-05
1567,437743,30,7663,4.998402073397301e-05,4.998402073397301e-05
1568,453025,31,8609,4.991738751414232e-05,4.991738751414232e-05
1569,444968,31,552,-4.986733983969316e-05,4.986733983969316e-05
1570,447212,31,2796,4.985475607099943e-05,4.985475607099943e-05
1571,454591,31,10175,-4.982536847819574e-05,4.982536847819574e-05
1572,423258,29,7514,-4.9802274588728324e-05,4.9802274588728324e-05
1573,365476,25,7076,4.9793816288001835e-05,4.9793816288001835e-05
1574,425577,29,9833,-4.972038368578069e-05,4.972038368578069e-05
1575,302438,21,1382,4.9664085963740945e-05,4.9664085963740945e-05
1576,436934,30,6854,-4.9659345677355304e-05,4.9659345677355304e-05
1577,438108,30,8028,4.965831249137409e-05,4.965831249137409e-05
1578,444446,31,30,-4.965508924215101e-05,4.965508924215101e-05
1579,431411,30,1331,-4.963224273524247e-05,4.963224273524247e-05
1580,454605,31,10189,4.959615762345493e-05,4.959615762345493e-05
1581,432539,30,2459,4.957657074555755e-05,4.957657074555755e-05
1582,451892,31,7476,4.952855306328274e-05,4.952855306328274e-05
1583,450500,31,6084,4.9519792810315266e-05,4.9519792810315266e-05
1584,436313,30,6233,4.9468882934888825e-05,4.9468882934888825e-05
1585,452750,31,8334,-4.9437661800766364e-05,4.9437661800766364e-05
1586,439763,30,9683,-4.941668885294348e-05,4.941668885294348e-05
1587,441649,30,11569,-4.940147846355103e-05,4.940147846355103e-05
1588,435519,30,5439,4.935508331982419e-05,4.935508331982419e-05
1589,452169,31,7753,4.93441621074453e-05,4.93441621074453e-05
1590,441968,30,11888,-4.934266326017678e-05,4.934266326017678e-05
1591,447477,31,3061,4.9335172661812976e-05,4.9335172661812976e-05
1592,458161,31,13745,4.932673982693814e-05,4.932673982693814e-05
1593,453655,31,9239,-4.931739385938272e-05,4.931739385938272e-05
1594,240316,16,10940,4.931570219923742e-05,4.931570219923742e-05
1595,436373,30,6293,4.9295671487925574e-05,4.9295671487925574e-05
1596,450567,31,6151,4.928725684294477e-05,4.928725684294477e-05
1597,454030,31,9614,-4.925868779537268e-05,4.925868779537268e-05
1598,191525,13,5157,-4.923866436001845e-05,4.923866436001845e-05
1599,437039,30,6959,4.922704101772979e-05,4.922704101772979e-05
1600,315218,21,14162,4.9215439503313974e-05,4.9215439503313974e-05
1601,456950,31,12534,4.9176935135619715e-05,4.9176935135619715e-05
1602,433601,30,3521,4.916479520034045e-05,4.916479520034045e-05
1603,456256,31,11840,-4.914289092994295e-05,4.914289092994295e-05
1604,417265,29,1521,4.9114991270471364e-05,4.9114991270471364e-05
1605,451748,31,7332,4.908892879029736e-05,4.908892879029736e-05
1606,455261,31,10845,-4.9003436288330704e-05,4.9003436288330704e-05
1607,452316,31,7900,4.899393024970777e-05,4.899393024970777e-05
1608,455802,31,11386,4.8930807679425925e-05,4.8930807679425925e-05
1609,445095,31,679,-4.8926616727840155e-05,4.8926616727840155e-05
1610,412795,28,11387,4.8925241571851075e-05,4.8925241571851075e-05
1611,452401,31,7985,-4.88995028717909e-05,4.88995028717909e-05
1612,424334,29,8590,4.888161492999643e-05,4.888161492999643e-05
1613,450290,31,5874,-4.8874593630898744e-05,4.8874593630898744e-05
1614,453208,31,8792,4.884869122179225e-05,4.884869122179225e-05
1615,451661,31,7245,4.8835503548616543e-05,4.8835503548616543e-05
1616,445149,31,733,-4.87419129058253e-05,4.87419129058253e-05
1617,413884,28,12476,4.8715453885961324e-05,4.8715453885961324e-05
1618,446334,31,1918,4.867159805144183e-05,4.867159805144183e-05
1619,422842,29,7098,-4.863498543272726e-05,4.863498543272726e-05
1620,435946,30,5866,-4.860693297814578e-05,4.860693297814578e-05
1621,349390,24,5326,4.860030094278045e-05,4.860030094278045e-05
1622,390290,27,3218,4.858817555941641e-05,4.858817555941641e-05
1623,122191,8,7503,4.8560305003775284e-05,4.8560305003775284e-05
1624,446231,31,1815,-4.855975566897541e-05,4.855975566897541e-05
1625,444692,31,276,-4.855733277508989e-05,4.855733277508989e-05
1626,458527,31,14111,-4.855547740589827e-05,4.855547740589827e-05
1627,442188,30,12108,4.854176222579554e-05,4.854176222579554e-05
1628,325158,22,9766,4.8502337449463084e-05,4.8502337449463084e-05
1629,433221,30,3141,4.84668453282211e-05,4.84668453282211e-05
1630,440577,30,10497,-4.8466510634170845e-05,4.8466510634170845e-05
1631,269149,18,11101,-4.841694681090303e-05,4.841694681090303e-05
1632,172710,12,678,4.836072912439704e-05,4.836072912439704e-05
1633,334344,23,4616,4.835628715227358e-05,4.835628715227358e-05
1634,444189,30,14109,4.8262325435644016e-05,4.8262325435644016e-05
1635,407441,28,6033,-4.824872667086311e-05,4.824872667086311e-05
1636,455565,31,11149,-4.820786853088066e-05,4.820786853088066e-05
1637,455536,31,11120,-4.820466710953042e-05,4.820466710953042e-05
1638,451288,31,6872,4.805806383956224e-05,4.805806383956224e-05
1639,439799,30,9719,-4.8045043513411656e-05,4.8045043513411656e-05
1640,407149,28,5741,4.803561023436487e-05,4.803561023436487e-05
1641,457054,31,12638,-4.7977358917705715e-05,4.7977358917705715e-05
1642,449017,31,4601,4.7868503315839916e-05,4.7868503315839916e-05
1643,458155,31,13739,4.786210411111824e-05,4.786210411111824e-05
1644,429001,29,13257,4.783583790413104e-05,4.783583790413104e-05
1645,445573,31,1157,-4.781862662639469e-05,4.781862662639469e-05
1646,396431,27,9359,4.780846575158648e-05,4.780846575158648e-05
1647,448110,31,3694,-4.7760251618456095e-05,4.7760251618456095e-05
1648,449064,31,4648,-4.775882916874252e-05,4.775882916874252e-05
1649,445148,31,732,-4.7666595492046326e-05,4.7666595492046326e-05
1650,450864,31,6448,4.7652549255872145e-05,4.7652549255872145e-05
1651,454120,31,9704,-4.763429024023935e-05,4.763429024023935e-05
1652,452001,31,7585,-4.7588404413545504e-05,4.7588404413545504e-05
1653,450693,31,6277,4.755325062433258e-05,4.755325062433258e-05
1654,394063,27,6991,-4.755210829898715e-05,4.755210829898715e-05
1655,413849,28,12441,-4.753279063152149e-05,4.753279063152149e-05
1656,446800,31,2384,-4.751415326609276e-05,4.751415326609276e-05
1657,190082,13,3714,-4.746701233671047e-05,4.746701233671047e-05
1658,448629,31,4213,4.743812314700335e-05,4.743812314700335e-05
1659,452499,31,8083,4.742965393234044e-05,4.742965393234044e-05
1660,438215,30,8135,4.740305303130299e-05,4.740305303130299e-05
1661,441611,30,11531,-4.7359349991893396e-05,4.7359349991893396e-05
1662,456539,31,12123,-4.734774483949877e-05,4.734774483949877e-05
1663,444685,31,269,4.730505679617636e-05,4.730505679617636e-05
1664,446383,31,1967,-4.729000647785142e-05,4.729000647785142e-05
1665,144516,10,1156,4.727045597974211e-05,4.727045597974211e-05
1666,424713,29,8969,4.7265621105907485e-05,4.7265621105907485e-05
1667,190380,13,4012,-4.722502490039915e-05,4.722502490039915e-05
1668,449773,31,5357,-4.7194145736284554e-05,4.7194145736284554e-05
1669,452290,31,7874,-4.716574039775878e-05,4.716574039775878e-05
1670,449369,31,4953,-4.7126795834628865e-05,4.7126795834628865e-05
1671,163229,11,5533,4.710450957645662e-05,4.710450957645662e-05
1672,430115,30,35,-4.708302003564313e-05,4.708302003564313e-05
1673,416450,29,706,4.70687446068041e-05,4.70687446068041e-05
1674,455597,31,11181,4.705737592303194e-05,4.705737592303194e-05
1675,221817,15,6777,-4.705710307462141e-05,4.705710307462141e-05
1676,422534,29,6790,4.7028235712787136e-05,4.7028235712787136e-05
1677,449431,31,5015,4.7019944759085774e-05,4.7019944759085774e-05
1678,447564,31,3148,4.701651414507069e-05,4.701651414507069e-05
1679,449202,31,4786,4.698624979937449e-05,4.698624979937449e-05
1680,165176,11,7480,-4.6968492824817076e-05,4.6968492824817076e-05
1681,371332,25,12932,4.693381197284907e-05,4.693381197284907e-05
1682,440752,30,10672,-4.6918947191443294e-05,4.6918947191443294e-05
1683,442091,30,12011,4.6864181058481336e-05,4.6864181058481336e-05
1684,429072,29,13328,4.684150553657673e-05,4.684150553657673e-05
1685,176351,12,4319,4.681191057898104e-05,4.681191057898104e-05
1686,454531,31,10115,4.6809065679553896e-05,4.6809065679553896e-05
1687,455213,31,10797,-4.679510311689228e-05,4.679510311689228e-05
1688,449055,31,4639,-4.678759432863444e-05,4.678759432863444e-05
1689,451734,31,7318,4.676892785937525e-05,4.676892785937525e-05
1690,430890,30,810,-4.6758053940720856e-05,4.6758053940720856e-05
1691,194763,13,8395,4.673919465858489e-05,4.673919465858489e-05
1692,446760,31,2344,-4.673833245760761e-05,4.673833245760761e-05
1693,457945,31,13529,4.6719727833988145e-05,4.6719727833988145e-05
1694,449048,31,4632,4.671419083024375e-05,4.671419083024375e-05
1695,361215,25,2815,4.666884706239216e-05,4.666884706239216e-05
1696,453944,31,9528,4.666236782213673e-05,4.666236782213673e-05
1697,221266,15,6226,4.663942672777921e-05,4.663942672777921e-05
1698,234409,16,5033,4.662260107579641e-05,4.662260107579641e-05
1699,453363,31,8947,4.6622484660474584e-05,4.6622484660474584e-05
1700,444773,31,357,-4.6604844101238996e-05,4.6604844101238996e-05
1701,453960,31,9544,4.6589259000029415e-05,4.6589259000029415e-05
1702,430169,30,89,-4.657500176108442e-05,4.657500176108442e-05
1703,456017,31,11601,-4.653888754546642e-05,4.653888754546642e-05
1704,423267,29,7523,-4.653364885598421e-05,4.653364885598421e-05
1705,456185,31,11769,4.6529105020454153e-05,4.6529105020454153e-05
1706,427322,29,11578,4.6526201913366094e-05,4.6526201913366094e-05
1707,190121,13,3753,-4.6509991079801694e-05,4.6509991079801694e-05
1708,387233,27,161,4.647345849662088e-05,4.647345849662088e-05
1709,457818,31,13402,4.6468085201922804e-05,4.6468085201922804e-05
1710,449399,31,4983,4.6400386054301634e-05,4.6400386054301634e-05
1711,447902,31,3486,4.6379205741686746e-05,4.6379205741686746e-05
1712,446901,31,2485,-4.63758478872478e-05,4.63758478872478e-05
1713,452666,31,8250,4.634371362044476e-05,4.634371362044476e-05
1714,448335,31,3919,-4.633654680219479e-05,4.633654680219479e-05
1715,449619,31,5203,-4.6279521484393626e-05,4.6279521484393626e-05
1716,457277,31,12861,-4.6267090510809794e-05,4.6267090510809794e-05
1717,431387,30,1307,-4.620304753188975e-05,4.620304753188975e-05
1718,455318,31,10902,4.6179713535821065e-05,4.6179713535821065e-05
1719,401619,28,211,4.614888530340977e-05,4.614888530340977e-05
1720,458524,31,14108,4.613809869624674e-05,4.613809869624674e-05
1721,457487,31,13071,-4.6130364353302866e-05,4.6130364353302866e-05
1722,456938,31,12522,4.610337418853305e-05,4.610337418853305e-05
1723,437807,30,7727,-4.6094151912257075e-05,4.6094151912257075e-05
1724,447834,31,3418,-4.60646660940256e-05,4.60646660940256e-05
1725,194629,13,8261,4.604432615451515e-05,4.604432615451515e-05
1726,202168,14,1464,4.6028981159906834e-05,4.6028981159906834e-05
1727,273419,19,1035,-4.602625995175913e-05,4.602625995175913e-05
1728,424793,29,9049,4.600147076416761e-05,4.600147076416761e-05
1729,455742,31,11326,4.5978242269484326e-05,4.5978242269484326e-05
1730,453290,31,8874,-4.5941891585243866e-05,4.5941891585243866e-05
1731,432300,30,2220,-4.59221591881942e-05,4.59221591881942e-05
1732,445413,31,997,-4.588238152791746e-05,4.588238152791746e-05
1733,437775,30,7695,4.5859284000471234e-05,4.5859284000471234e-05
1734,448517,31,4101,4.582983092404902e-05,4.582983092404902e-05
1735,445074,31,658,4.5823733671568334e-05,4.5823733671568334e-05
1736,451465,31,7049,-4.58116082882043e-05,4.58116082882043e-05
1737,451154,31,6738,-4.577470463118516e-05,4.577470463118516e-05
1738,451319,31,6903,4.5724347728537396e-05,4.5724347728537396e-05
1739,458591,31,14175,4.5671233237953857e-05,4.5671233237953857e-05
1740,431183,30,1103,4.5659038732992485e-05,4.5659038732992485e-05
1741,446857,31,2441,-4.564428672892973e-05,4.564428672892973e-05
1742,448501,31,4085,4.560013985610567e-05,4.560013985610567e-05
1743,449282,31,4866,4.558778528007679e-05,4.558778528007679e-05
1744,450784,31,6368,-4.557640932034701e-05,4.557640932034701e-05
1745,447683,31,3267,4.552656173473224e-05,4.552656173473224e-05
1746,442326,30,12246,-4.552564860205166e-05,4.552564860205166e-05
1747,458493,31,14077,-4.5524619054049253e-05,4.5524619054049253e-05
1748,415741,28,14333,4.5514421799452975e-05,4.5514421799452975e-05
1749,454371,31,9955,-4.549239019979723e-05,4.549239019979723e-05
1750,450454,31,6038,4.548542347038165e-05,4.548542347038165e-05
1751,448138,31,3722,-4.546625859802589e-05,4.546625859802589e-05
1752,445448,31,1032,-4.539822111837566e-05,4.539822111837566e-05
1753,376201,26,3465,-4.539528890745714e-05,4.539528890745714e-05
1754,418554,29,2810,4.538986468105577e-05,4.538986468105577e-05
1755,451981,31,7565,4.538668508757837e-05,4.538668508757837e-05
1756,455263,31,10847,-4.5356435293797404e-05,4.5356435293797404e-05
1757,434469,30,4389,-4.5319342461880296e-05,4.5319342461880296e-05
1758,449184,31,4768,-4.531253580353223e-05,4.531253580353223e-05
1759,408955,28,7547,-4.528113277046941e-05,4.528113277046941e-05
1760,454965,31,10549,-4.527919736574404e-05,4.527919736574404e-05
1761,369368,25,10968,4.527901182882488e-05,4.527901182882488e-05
1762,447069,31,2653,-4.5229968236526474e-05,4.5229968236526474e-05
1763,452782,31,8366,4.5223525376059115e-05,4.5223525376059115e-05
1764,426935,29,11191,-4.521058144746348e-05,4.521058144746348e-05
1765,445729,31,1313,-4.520304355537519e-05,4.520304355537519e-05
1766,444540,31,124,4.520075162872672e-05,4.520075162872672e-05
1767,453937,31,9521,-4.518801506492309e-05,4.518801506492309e-05
1768,449704,31,5288,4.512791201705113e-05,4.512791201705113e-05
1769,451839,31,7423,-4.511961742537096e-05,4.511961742537096e-05
1770,422726,29,6982,4.511749284574762e-05,4.511749284574762e-05
1771,436546,30,6466,-4.5090517232893035e-05,4.5090517232893035e-05
1772,433775,30,3695,-4.503080708673224e-05,4.503080708673224e-05
1773,442179,30,12099,4.501764851738699e-05,4.501764851738699e-05
1774,452308,31,7892,4.5011311158305034e-05,4.5011311158305034e-05
1775,455658,31,11242,4.4986256398260593e-05,4.4986256398260593e-05
1776,444324,30,14244,4.4941622036276385e-05,4.4941622036276385e-05
1777,434552,30,4472,4.4909524149261415e-05,4.4909524149261415e-05
1778,418590,29,2846,-4.487062687985599e-05,4.487062687985599e-05
1779,434732,30,4652,4.486353282118216e-05,4.486353282118216e-05
1780,447553,31,3137,4.480140341911465e-05,4.480140341911465e-05
1781,454011,31,9595,4.4793767301598564e-05,4.4793767301598564e-05
1782,244907,17,1195,4.477881520870142e-05,4.477881520870142e-05
1783,455524,31,11108,-4.477398033486679e-05,4.477398033486679e-05
1784,439513,30,9433,4.4768461521016434e-05,4.4768461521016434e-05
1785,458077,31,13661,4.476052708923817e-05,4.476052708923817e-05
1786,430907,30,827,-4.4747957872459665e-05,4.4747957872459665e-05
1787,425503,29,9759,-4.469480336410925e-05,4.469480336410925e-05
1788,238400,16,9024,4.4690365029964596e-05,4.4690365029964596e-05
1789,440302,30,10222,-4.468681800062768e-05,4.468681800062768e-05
1790,445759,31,1343,-4.463175355340354e-05,4.463175355340354e-05
1791,402451,28,1043,4.461439675651491e-05,4.461439675651491e-05
1792,451807,31,7391,4.460505078895949e-05,4.460505078895949e-05
1793,448065,31,3649,-4.46020821982529e-05,4.46020821982529e-05
1794,445060,31,644,-4.459534466150217e-05,4.459534466150217e-05
1795,441314,30,11234,-4.452265056897886e-05,4.452265056897886e-05
1796,445500,31,1084,4.451418499229476e-05,4.451418499229476e-05
1797,208794,14,8090,4.4511249143397436e-05,4.4511249143397436e-05
1798,457645,31,13229,4.4507247366709635e-05,4.4507247366709635e-05
1799,451047,31,6631,-4.44863508164417e-05,4.44863508164417e-05
1800,438110,30,8030,4.445124795893207e-05,4.445124795893207e-05
1801,209659,14,8955,4.4417094613891095e-05,4.4417094613891095e-05
1802,435787,30,5707,-4.441197597770952e-05,4.441197597770952e-05
1803,458473,31,14057,4.43851386080496e-05,4.43851386080496e-05
1804,452937,31,8521,-4.433799767866731e-05,4.433799767866731e-05
1805,165062,11,7366,-4.433779758983292e-05,4.433779758983292e-05
1806,448280,31,3864,-4.4304211769485846e-05,4.4304211769485846e-05
1807,199223,13,12855,4.4289517973084e-05,4.4289517973084e-05
1808,436977,30,6897,-4.4280997826717794e-05,4.4280997826717794e-05
1809,454361,31,9945,4.425436054589227e-05,4.425436054589227e-05
1810,453182,31,8766,-4.424827784532681e-05,4.424827784532681e-05
1811,455910,31,11494,-4.422886195243336e-05,4.422886195243336e-05
1812,453490,31,9074,4.4226995669305325e-05,4.4226995669305325e-05
1813,454384,31,9968,-4.42118507635314e-05,4.42118507635314e-05
1814,449504,31,5088,-4.419477772898972e-05,4.419477772898972e-05
1815,447263,31,2847,4.413075293996371e-05,4.413075293996371e-05
1816,458274,31,13858,-4.410905239637941e-05,4.410905239637941e-05
1817,428345,29,12601,4.4104657717980444e-05,4.4104657717980444e-05
1818,433902,30,3822,4.4097476347815245e-05,4.4097476347815245e-05
1819,450922,31,6506,4.4091786548960954e-05,4.4091786548960954e-05
1820,410064,28,8656,4.408137465361506e-05,4.408137465361506e-05
1821,424985,29,9241,-4.408113090903498e-05,4.408113090903498e-05
1822,354836,24,10772,4.4080425141146407e-05,4.4080425141146407e-05
1823,429949,29,14205,-4.4053220335626975e-05,4.4053220335626975e-05
1824,435981,30,5901,4.4041462388122454e-05,4.4041462388122454e-05
1825,423953,29,8209,-4.402664853841998e-05,4.402664853841998e-05
1826,431040,30,960,-4.402047852636315e-05,4.402047852636315e-05
1827,445534,31,1118,-4.401253681862727e-05,4.401253681862727e-05
1828,434157,30,4077,-4.3960804759990424e-05,4.3960804759990424e-05
1829,454575,31,10159,4.392291884869337e-05,4.392291884869337e-05
1830,446377,31,1961,-4.389472815091722e-05,4.389472815091722e-05
1831,237704,16,8328,-4.38219249190297e-05,4.38219249190297e-05
1832,196770,13,10402,-4.380118480185047e-05,4.380118480185047e-05
1833,446446,31,2030,4.376218203105964e-05,4.376218203105964e-05
1834,434461,30,4381,4.3756983359344304e-05,4.3756983359344304e-05
1835,348477,24,4413,-4.373323463369161e-05,4.373323463369161e-05
1836,454442,31,10026,4.3720869143726304e-05,4.3720869143726304e-05
1837,450474,31,6058,-4.3693224142771214e-05,4.3693224142771214e-05
1838,390759,27,3687,4.369191447040066e-05,4.369191447040066e-05
1839,417649,29,1905,-4.367641668068245e-05,4.367641668068245e-05
1840,443794,30,13714,4.366842404124327e-05,4.366842404124327e-05
1841,458531,31,14115,4.3635820475174114e-05,4.3635820475174114e-05
1842,417116,29,1372,-4.3634841858875006e-05,4.3634841858875006e-05
1843,452730,31,8314,-4.35375259257853e-05,4.35375259257853e-05
1844,447646,31,3230,-4.350636663730256e-05,4.350636663730256e-05
1845,188404,13,2036,-4.350365634309128e-05,4.350365634309128e-05
1846,250888,17,7176,4.347119102021679e-05,4.347119102021679e-05
1847,453757,31,9341,-4.346622881712392e-05,4.346622881712392e-05
1848,456536,31,12120,-4.343176988186315e-05,4.343176988186315e-05
1849,440090,30,10010,4.343140608398244e-05,4.343140608398244e-05
1850,215384,15,344,4.338529834058136e-05,4.338529834058136e-05
1851,441936,30,11856,4.3384527089074254e-05,4.3384527089074254e-05
1852,435894,30,5814,-4.337625432526693e-05,4.337625432526693e-05
1853,447908,31,3492,-4.33670065831393e-05,4.33670065831393e-05
1854,423719,29,7975,4.3355994421290234e-05,4.3355994421290234e-05
1855,251352,17,7640,-4.334830373409204e-05,4.334830373409204e-05
1856,437736,30,7656,4.333338438300416e-05,4.333338438300416e-05
1857,456772,31,12356,-4.3332649511285126e-05,4.3332649511285126e-05
1858,368784,25,10384,-4.332798926043324e-05,4.332798926043324e-05
1859,416457,29,713,4.329612056608312e-05,4.329612056608312e-05
1860,457261,31,12845,-4.3221407395321876e-05,4.3221407395321876e-05
1861,454055,31,9639,-4.319798244978301e-05,4.319798244978301e-05
1862,439312,30,9232,4.31875123467762e-05,4.31875123467762e-05
1863,449647,31,5231,4.3135973101016134e-05,4.3135973101016134e-05
1864,428305,29,12561,-4.311490920372307e-05,4.311490920372307e-05
1865,456807,31,12391,-4.3095755245303735e-05,4.3095755245303735e-05
1866,430606,30,526,4.3094147258671e-05,4.3094147258671e-05
1867,454536,31,10120,-4.307703784434125e-05,4.307703784434125e-05
1868,438024,30,7944,-4.3049258238170296e-05,4.3049258238170296e-05
1869,438831,30,8751,4.3032046960433945e-05,4.3032046960433945e-05
1870,455060,31,10644,4.30304862675257e-05,4.30304862675257e-05
1871,445863,31,1447,4.302155502955429e-05,4.302155502955429e-05
1872,437333,30,7253,4.301785156712867e-05,4.301785156712867e-05
1873,453985,31,9569,-4.2985364416381344e-05,4.2985364416381344e-05
1874,445950,31,1534,4.2969164496753365e-05,4.2969164496753365e-05
1875,445959,31,1543,4.2902978748315945e-05,4.2902978748315945e-05
1876,447481,31,3065,-4.2880874389084056e-05,4.2880874389084056e-05
1877,448615,31,4199,-4.279588029021397e-05,4.279588029021397e-05
1878,255848,17,12136,4.2789659346453846e-05,4.2789659346453846e-05
1879,457935,31,13519,4.2765441321535036e-05,4.2765441321535036e-05
1880,443068,30,12988,-4.276382605894469e-05,4.276382605894469e-05
1881,456789,31,12373,4.271232319297269e-05,4.271232319297269e-05
1882,191906,13,5538,-4.2676540033426136e-05,4.2676540033426136e-05
1883,457198,31,12782,4.2664683860493824e-05,4.2664683860493824e-05
1884,455336,31,10920,4.265921234036796e-05,4.265921234036796e-05
1885,387851,27,779,4.2632058466551825e-05,4.2632058466551825e-05
1886,436031,30,5951,4.262603397364728e-05,4.262603397364728e-05
1887,449198,31,4782,4.26077822339721e-05,4.26077822339721e-05
1888,441030,30,10950,-4.2583000322338194e-05,4.2583000322338194e-05
1889,232661,16,3285,-4.2568888602545485e-05,4.2568888602545485e-05
1890,413372,28,11964,4.256730971974321e-05,4.256730971974321e-05
1891,449042,31,4626,-4.25484795414377e-05,4.25484795414377e-05
1892,446227,31,1811,4.253102088114247e-05,4.253102088114247e-05
1893,443628,30,13548,-4.250257552484982e-05,4.250257552484982e-05
1894,446792,31,2376,-4.245558739057742e-05,4.245558739057742e-05
1895,430986,30,906,-4.245155651005916e-05,4.245155651005916e-05
1896,421900,29,6156,4.244249066687189e-05,4.244249066687189e-05
1897,191938,13,5570,-4.2439634853508323e-05,4.2439634853508323e-05
1898,450694,31,6278,-4.239014015183784e-05,4.239014015183784e-05
1899,455727,31,11311,-4.2263432987965643e-05,4.2263432987965643e-05
1900,452762,31,8346,-4.2254676372976974e-05,4.2254676372976974e-05
1901,439849,30,9769,4.224326403345913e-05,4.224326403345913e-05
1902,456293,31,11877,4.22324264945928e-05,4.22324264945928e-05
1903,445046,31,630,4.221676863380708e-05,4.221676863380708e-05
1904,458680,31,14264,-4.220982009428553e-05,4.220982009428553e-05
1905,432313,30,2233,-4.2201121686957777e-05,4.2201121686957777e-05
1906,242886,16,13510,4.2195268179057166e-05,4.2195268179057166e-05
1907,457425,31,13009,-4.2194242269033566e-05,4.2194242269033566e-05
1908,432833,30,2753,4.2178457078989595e-05,4.2178457078989595e-05
1909,458619,31,14203,4.217824243823998e-05,4.217824243823998e-05
1910,436798,30,6718,4.216573142912239e-05,4.216573142912239e-05
1911,435036,30,4956,-4.212871499476023e-05,4.212871499476023e-05
1912,437777,30,7697,-4.212496423861012e-05,4.212496423861012e-05
1913,453638,31,9222,-4.211156920064241e-05,4.211156920064241e-05
1914,440812,30,10732,-4.207253732602112e-05,4.207253732602112e-05
1915,439770,30,9690,-4.206514495308511e-05,4.206514495308511e-05
1916,448375,31,3959,4.202865238767117e-05,4.202865238767117e-05
1917,184591,12,12559,-4.202206764603034e-05,4.202206764603034e-05
1918,448199,31,3783,4.199164322926663e-05,4.199164322926663e-05
1919,418165,29,2421,-4.198721217107959e-05,4.198721217107959e-05
1920,458126,31,13710,-4.1980852984124795e-05,4.1980852984124795e-05
1921,129826,9,802,4.196966256131418e-05,4.196966256131418e-05
1922,404578,28,3170,-4.1938561480492353e-05,4.1938561480492353e-05
1923,454092,31,9676,-4.185790385236032e-05,4.185790385236032e-05
1924,104072,7,3720,-4.184997669653967e-05,4.184997669653967e-05
1925,423335,29,7591,-4.183522469247691e-05,4.183522469247691e-05
1926,432612,30,2532,4.182987686363049e-05,4.182987686363049e-05
1927,456994,31,12578,4.179989991826005e-05,4.179989991826005e-05
1928,454821,31,10405,4.176944639766589e-05,4.176944639766589e-05
1929,408186,28,6778,-4.1753126424737275e-05,4.1753126424737275e-05
1930,447018,31,2602,4.175104186288081e-05,4.175104186288081e-05
1931,443338,30,13258,-4.173359047854319e-05,4.173359047854319e-05
1932,424386,29,8642,4.1732975660124794e-05,4.1732975660124794e-05
1933,454077,31,9661,4.170816464466043e-05,4.170816464466043e-05
1934,438711,30,8631,-4.1663675801828504e-05,4.1663675801828504e-05
1935,447901,31,3485,4.16480288549792e-05,4.16480288549792e-05
1936,439155,30,9075,-4.152638211962767e-05,4.152638211962767e-05
1937,432889,30,2809,4.152045585215092e-05,4.152045585215092e-05
1938,437797,30,7717,-4.150051245233044e-05,4.150051245233044e-05
1939,439922,30,9842,4.14956703025382e-05,4.14956703025382e-05
1940,251331,17,7619,-4.148167499806732e-05,4.148167499806732e-05
1941,370805,25,12405,4.1473573219263926e-05,4.1473573219263926e-05
1942,406008,28,4600,-4.141713725402951e-05,4.141713725402951e-05
1943,452916,31,8500,4.140890087001026e-05,4.140890087001026e-05
1944,161842,11,4146,-4.140546661801636e-05,4.140546661801636e-05
1945,436540,30,6460,4.13889174524229e-05,4.13889174524229e-05
1946,419238,29,3494,4.1358216549269855e-05,4.1358216549269855e-05
1947,452519,31,8103,4.1358165617566556e-05,4.1358165617566556e-05
1948,446865,31,2449,-4.135244671488181e-05,4.135244671488181e-05
1949,241794,16,12418,4.134696428081952e-05,4.134696428081952e-05
1950,399937,27,12865,4.132396134082228e-05,4.132396134082228e-05
1951,445722,31,1306,4.132276808377355e-05,4.132276808377355e-05
1952,429338,29,13594,4.131829336984083e-05,4.131829336984083e-05
1953,422028,29,6284,-4.130309753236361e-05,4.130309753236361e-05
1954,454731,31,10315,-4.12806766689755e-05,4.12806766689755e-05
1955,454363,31,9947,4.124157931073569e-05,4.124157931073569e-05
1956,415089,28,13681,4.123215694562532e-05,4.123215694562532e-05
1957,185368,12,13336,4.121818346902728e-05,4.121818346902728e-05
1958,450322,31,5906,4.1215800592908636e-05,4.1215800592908636e-05
1959,445685,31,1269,4.118246215512045e-05,4.118246215512045e-05
1960,449419,31,5003,4.117693970329128e-05,4.117693970329128e-05
1961,453664,31,9248,4.1168481402564794e-05,4.1168481402564794e-05
1962,439817,30,9737,4.116660784347914e-05,4.116660784347914e-05
1963,439839,30,9759,-4.115245246794075e-05,4.115245246794075e-05
1964,445146,31,730,4.115221599931829e-05,4.115221599931829e-05
1965,436248,30,6168,4.114237890462391e-05,4.114237890462391e-05
1966,437586,30,7506,4.114069088245742e-05,4.114069088245742e-05
1967,450598,31,6182,-4.111343150725588e-05,4.111343150725588e-05
1968,450972,31,6556,4.1080289520323277e-05,4.1080289520323277e-05
1969,414816,28,13408,4.106641063117422e-05,4.106641063117422e-05
1970,448563,31,4147,-4.1059687646338716e-05,4.1059687646338716e-05
1971,454834,31,10418,4.1058901842916384e-05,4.1058901842916384e-05
1972,454327,31,9911,4.105590778635815e-05,4.105590778635815e-05
1973,434275,30,4195,-4.102474122191779e-05,4.102474122191779e-05
1974,427785,29,12041,-4.102103412151337e-05,4.102103412151337e-05
1975,457655,31,13239,4.102098318981007e-05,4.102098318981007e-05
1976,440602,30,10522,-4.097667260793969e-05,4.097667260793969e-05
1977,436743,30,6663,4.093651659786701e-05,4.093651659786701e-05
1978,458507,31,14091,-4.093323150300421e-05,4.093323150300421e-05
1979,447390,31,2974,4.091687878826633e-05,4.091687878826633e-05
1980,418672,29,2928,4.091150185558945e-05,4.091150185558945e-05
1981,368059,25,9659,4.090667425771244e-05,4.090667425771244e-05
1982,215265,15,225,4.09027561545372e-05,4.09027561545372e-05
1983,442382,30,12302,-4.089153662789613e-05,4.089153662789613e-05
1984,184395,12,12363,4.087574779987335e-05,4.087574779987335e-05
1985,434001,30,3921,-4.0863171307137236e-05,4.0863171307137236e-05
1986,450490,31,6074,-4.0856728446669877e-05,4.0856728446669877e-05
1987,458142,31,13726,-4.084270403836854e-05,4.084270403836854e-05
1988,436689,30,6609,4.0836992411641404e-05,4.0836992411641404e-05
1989,431290,30,1210,-4.08322703151498e-05,4.08322703151498e-05
1990,449785,31,5369,-4.081750739715062e-05,4.081750739715062e-05
1991,455022,31,10606,4.0803304727887735e-05,4.0803304727887735e-05
1992,454212,31,9796,-4.079927384736948e-05,4.079927384736948e-05
1993,448196,31,3780,4.0759434341453016e-05,4.0759434341453016e-05
1994,77413,5,5733,4.074416574439965e-05,4.074416574439965e-05
1995,453038,31,8622,-4.0711700421525165e-05,4.0711700421525165e-05
1996,439579,30,9499,4.0659098885953426e-05,4.0659098885953426e-05
1997,145637,10,2277,4.065768371219747e-05,4.065768371219747e-05
1998,379750,26,7014,4.064137101522647e-05,4.064137101522647e-05
1999,455392,31,10976,-4.064027962158434e-05,4.064027962158434e-05
2000,435074,30,4994,-4.060500577907078e-05,4.060500577907078e-05
2001,450222,31,5806,-4.060359060531482e-05,4.060359060531482e-05
2002,452583,31,8167,-4.0603572415420786e-05,4.0603572415420786e-05
2003,448797,31,4381,4.059870116179809e-05,4.059870116179809e-05
2004,447728,31,3312,-4.059146885992959e-05,4.059146885992959e-05
2005,162829,11,5133,4.054618693771772e-05,4.054618693771772e-05
2006,443667,30,13587,4.053718294017017e-05,4.053718294017017e-05
2007,442916,30,12836,-4.050451025250368e-05,4.050451025250368e-05
2008,452390,31,7974,-4.049674316775054e-05,4.049674316775054e-05
2009,162496,11,4800,-4.0483209886588156e-05,4.0483209886588156e-05
2010,439981,30,9901,-4.0451752283843234e-05,4.0451752283843234e-05
2011,438707,30,8627,4.044326487928629e-05,4.044326487928629e-05
2012,458141,31,13725,4.043466105940752e-05,4.043466105940752e-05
2013,418862,29,3118,4.041868669446558e-05,4.041868669446558e-05
2014,433978,30,3898,-4.0393071685684845e-05,4.0393071685684845e-05
2015,394187,27,7115,4.036036261823028e-05,4.036036261823028e-05
2016,438985,30,8905,4.0354694647248834e-05,4.0354694647248834e-05
2017,444445,31,29,4.033771620015614e-05,4.033771620015614e-05
2018,422629,29,6885,-4.033166260342114e-05,4.033166260342114e-05
2019,245832,17,2120,-4.032815922982991e-05,4.032815922982991e-05
2020,447693,31,3277,4.032665674458258e-05,4.032665674458258e-05
2021,450805,31,6389,4.031147909699939e-05,4.031147909699939e-05
2022,446628,31,2212,-4.028772673336789e-05,4.028772673336789e-05
2023,445024,31,608,4.026079113828018e-05,4.026079113828018e-05
2024,161665,11,3969,4.0189661376643926e-05,4.0189661376643926e-05
2025,449531,31,5115,4.018456093035638e-05,4.018456093035638e-05
2026,451605,31,7189,-4.0136463212547824e-05,4.0136463212547824e-05
2027,242339,16,12963,4.0135611925506964e-05,4.0135611925506964e-05
2028,329444,22,14052,4.012922363472171e-05,4.012922363472171e-05
2029,439257,30,9177,-4.012074350612238e-05,4.012074350612238e-05
2030,429748,29,14004,-4.011945566162467e-05,4.011945566162467e-05
2031,447331,31,2915,4.008044925285503e-05,4.008044925285503e-05
2032,444932,31,516,4.007767711300403e-05,4.007767711300403e-05
2033,447198,31,2782,4.006325616501272e-05,4.006325616501272e-05
2034,375512,26,2776,-4.006032759207301e-05,4.006032759207301e-05
2035,431216,30,1136,-4.002363493782468e-05,4.002363493782468e-05
2036,413232,28,11824,4.0007693314692006e-05,4.0007693314692006e-05
2037,444148,30,14068,3.999793989351019e-05,3.999793989351019e-05
2038,444511,31,95,-3.9996899431571364e-05,3.9996899431571364e-05
2039,374802,26,2066,3.999022374046035e-05,3.999022374046035e-05
2040,447409,31,2993,-3.9988179196370766e-05,3.9988179196370766e-05
2041,456537,31,12121,-3.9959395508049056e-05,3.9959395508049056e-05
2042,424359,29,8615,3.994445069110952e-05,3.994445069110952e-05
2043,401060,27,13988,3.994022335973568e-05,3.994022335973568e-05
2044,455649,31,11233,3.992100027971901e-05,3.992100027971901e-05
2045,430845,30,765,-3.9919730625115335e-05,3.9919730625115335e-05
2046,427601,29,11857,3.9897578972158954e-05,3.9897578972158954e-05
2047,447170,31,2754,3.983829446951859e-05,3.983829446951859e-05
2048,457841,31,13425,3.981775444117375e-05,3.981775444117375e-05
2049,437692,30,7612,3.978841414209455e-05,3.978841414209455e-05
2050,180877,12,8845,-3.978313907282427e-05,3.978313907282427e-05
2051,418571,29,2827,3.9778729842510074e-05,3.9778729842510074e-05
2052,446927,31,2511,3.977292726631276e-05,3.977292726631276e-05
2053,184597,12,12565,-3.9770249713910744e-05,3.9770249713910744e-05
2054,447855,31,3439,-3.975172512582503e-05,3.975172512582503e-05
2055,431414,30,1334,3.974799983552657e-05,3.974799983552657e-05
2056,456424,31,12008,3.97186704503838e-05,3.97186704503838e-05
2057,447052,31,2636,3.9700586057733744e-05,3.9700586057733744e-05
2058,246653,17,2941,-3.964745337725617e-05,3.964745337725617e-05
2059,409298,28,7890,-3.9621339965378866e-05,3.9621339965378866e-05
2060,452510,31,8094,-3.95687748095952e-05,3.95687748095952e-05
2061,235379,16,6003,-3.956675573135726e-05,3.956675573135726e-05
2062,443902,30,13822,3.955926149501465e-05,3.955926149501465e-05
2063,430298,30,218,3.952998304157518e-05,3.952998304157518e-05
2064,454319,31,9903,3.9523245504824445e-05,3.9523245504824445e-05
2065,419889,29,4145,3.948212179238908e-05,3.948212179238908e-05
2066,436749,30,6669,3.9468744944315404e-05,3.9468744944315404e-05
2067,442632,30,12552,3.946181095670909e-05,3.946181095670909e-05
2068,399439,27,12367,3.9403483242494985e-05,3.9403483242494985e-05
2069,179374,12,7342,3.940226815757342e-05,3.940226815757342e-05
2070,444432,31,16,3.939854650525376e-05,3.939854650525376e-05
2071,402438,28,1030,-3.935143104172312e-05,3.935143104172312e-05
2072,454253,31,9837,-3.9328628190560266e-05,3.9328628190560266e-05
2073,410187,28,8779,-3.930295497411862e-05,3.930295497411862e-05
2074,447660,31,3244,3.920143353752792e-05,3.920143353752792e-05
2075,188495,13,2127,3.919659502571449e-05,3.919659502571449e-05
2076,420668,29,4924,-3.917312278645113e-05,3.917312278645113e-05
2077,456585,31,12169,-3.915269917342812e-05,3.915269917342812e-05
2078,445340,31,924,-3.914047192665748e-05,3.914047192665748e-05
2079,447285,31,2869,-3.910798841388896e-05,3.910798841388896e-05
2080,258171,18,123,-3.9070931961759925e-05,3.9070931961759925e-05
2081,205242,14,4538,-3.906287383870222e-05,3.906287383870222e-05
2082,452151,31,7735,-3.906125493813306e-05,3.906125493813306e-05
2083,444493,31,77,3.9033231587382033e-05,3.9033231587382033e-05
2084,453047,31,8631,3.9019894757075235e-05,3.9019894757075235e-05
2085,398541,27,11469,-3.900850788340904e-05,3.900850788340904e-05
2086,402170,28,762,3.8927839341340587e-05,3.8927839341340587e-05
2087,331479,23,1751,3.8916408811928704e-05,3.8916408811928704e-05
2088,440891,30,10811,-3.8890815631020814e-05,3.8890815631020814e-05
2089,269263,18,11215,-3.888990613631904e-05,3.888990613631904e-05
2090,430335,30,255,3.888428182108328e-05,3.888428182108328e-05
2091,343319,23,13591,3.8853901060065255e-05,3.8853901060065255e-05
2092,457040,31,12624,-3.882707460434176e-05,3.882707460434176e-05
2093,451032,31,6616,3.882387682097033e-05,3.882387682097033e-05
2094,421945,29,6201,3.880974691128358e-05,3.880974691128358e-05
2095,418932,29,3188,-3.88006774301175e-05,3.88006774301175e-05
2096,404384,28,2976,3.8762922486057505e-05,3.8762922486057505e-05
2097,427885,29,12141,-3.8755017158109695e-05,3.8755017158109695e-05
2098,450691,31,6275,-3.8723283068975434e-05,3.8723283068975434e-05
2099,457440,31,13024,3.8705642509739846e-05,3.8705642509739846e-05
2100,449179,31,4763,-3.8702652091160417e-05,3.8702652091160417e-05
2101,441391,30,11311,-3.8694786780979484e-05,3.8694786780979484e-05
2102,439701,30,9621,3.863083111355081e-05,3.863083111355081e-05
2103,422018,29,6274,-3.862030280288309e-05,3.862030280288309e-05
2104,450936,31,6520,-3.861926234094426e-05,3.861926234094426e-05
2105,434663,30,4583,3.860568176605739e-05,3.860568176605739e-05
2106,439795,30,9715,3.8587058952543885e-05,3.8587058952543885e-05
2107,458229,31,13813,-3.858576019410975e-05,3.858576019410975e-05
2108,439912,30,9832,-3.8557736843358725e-05,3.8557736843358725e-05
2109,427095,29,11351,3.8551068428205326e-05,3.8551068428205326e-05
2110,453561,31,9145,3.854632450384088e-05,3.854632450384088e-05
2111,448116,31,3700,-3.852925874525681e-05,3.852925874525681e-05
2112,418880,29,3136,-3.8522000977536663e-05,3.8522000977536663e-05
2113,446030,31,1614,3.852011286653578e-05,3.852011286653578e-05
2114,397174,27,10102,-3.8517820939887315e-05,3.8517820939887315e-05
2115,325702,22,10310,3.851202563964762e-05,3.851202563964762e-05
2116,443688,30,13608,3.848519190796651e-05,3.848519190796651e-05
2117,152682,10,9322,3.8483958633150905e-05,3.8483958633150905e-05
2118,453352,31,8936,3.846341496682726e-05,3.846341496682726e-05
2119,423073,29,7329,3.844014281639829e-05,3.844014281639829e-05
2120,436741,30,6661,-3.841725629172288e-05,3.841725629172288e-05
2121,455967,31,11551,3.838501652353443e-05,3.838501652353443e-05
2122,452586,31,8170,-3.838314296444878e-05,3.838314296444878e-05
2123,432306,30,2226,3.8368700188584626e-05,3.8368700188584626e-05
2124,378409,26,5673,3.835835377685726e-05,3.835835377685726e-05
2125,430860,30,780,3.832438960671425e-05,3.832438960671425e-05
2126,447475,31,3059,-3.831599678960629e-05,3.831599678960629e-05
2127,442121,30,12041,3.8300015148706734e-05,3.8300015148706734e-05
2128,449775,31,5359,3.8296897400869057e-05,3.8296897400869057e-05
2129,434232,30,4152,-3.8292448152787983e-05,3.8292448152787983e-05
2130,245706,17,1994,3.825999010587111e-05,3.825999010587111e-05
2131,452981,31,8565,-3.82565485779196e-05,3.82565485779196e-05
2132,445048,31,632,3.8256421248661354e-05,3.8256421248661354e-05
2133,385931,26,13195,3.823311271844432e-05,3.823311271844432e-05
2134,456123,31,11707,3.8231075450312346e-05,3.8231075450312346e-05
2135,455554,31,11138,-3.819949415628798e-05,3.819949415628798e-05
2136,429431,29,13687,-3.8179176044650376e-05,3.8179176044650376e-05
2137,448469,31,4053,3.817090328084305e-05,3.817090328084305e-05
2138,451936,31,7520,3.815598029177636e-05,3.815598029177636e-05
2139,452517,31,8101,3.81546160497237e-05,3.81546160497237e-05
2140,421311,29,5567,3.8154244975885376e-05,3.8154244975885376e-05
2141,430679,30,599,-3.813423973042518e-05,3.813423973042518e-05
2142,451116,31,6700,3.813132207142189e-05,3.813132207142189e-05
2143,222556,15,7516,-3.813002331298776e-05,3.813002331298776e-05
2144,453919,31,9503,-3.812952490989119e-05,3.812952490989119e-05
2145,449664,31,5248,3.8093767216196284e-05,3.8093767216196284e-05
2146,307464,21,6408,3.808686597039923e-05,3.808686597039923e-05
2147,437373,30,7293,-3.80810524802655e-05,3.80810524802655e-05
2148,448166,31,3750,-3.806568565778434e-05,3.806568565778434e-05
2149,448424,31,4008,-3.804001971730031e-05,3.804001971730031e-05
2150,400782,27,13710,-3.8022124499548227e-05,3.8022124499548227e-05
2151,448005,31,3589,3.801698767347261e-05,3.801698767347261e-05
2152,448840,31,4424,3.7989466363796964e-05,3.7989466363796964e-05
2153,451909,31,7493,-3.798443140112795e-05,3.798443140112795e-05
2154,456862,31,12446,-3.798203033511527e-05,3.798203033511527e-05
2155,452865,31,8449,3.796455712290481e-05,3.796455712290481e-05
2156,433376,30,3296,-3.7962057831464335e-05,3.7962057831464335e-05
2157,434022,30,3942,-3.7954767321934924e-05,3.7954767321934924e-05
2158,452831,31,8415,-3.791203198488802e-05,3.791203198488802e-05
2159,68055,4,10711,3.7897712900303304e-05,3.7897712900303304e-05
2160,450138,31,5722,3.78780132450629e-05,3.78780132450629e-05
2161,433755,30,3675,3.784245564020239e-05,3.784245564020239e-05
2162,447659,31,3243,-3.782281783060171e-05,3.782281783060171e-05
2163,403201,28,1793,3.781280611292459e-05,3.781280611292459e-05
2164,452552,31,8136,-3.779667167691514e-05,3.779667167691514e-05
2165,455026,31,10610,-3.779551116167568e-05,3.779551116167568e-05
2166,452953,31,8537,-3.77782853320241e-05,3.77782853320241e-05
2167,254882,17,11170,-3.777709207497537e-05,3.777709207497537e-05
2168,447785,31,3369,3.7776222598040476e-05,3.7776222598040476e-05
2169,450357,31,5941,-3.7767367757624015e-05,3.7767367757624015e-05
2170,449334,31,4918,3.7762813008157536e-05,3.7762813008157536e-05
2171,455899,31,11483,3.7739260733360425e-05,3.7739260733360425e-05
2172,422234,29,6490,3.773640491999686e-05,3.773640491999686e-05
2173,457435,31,13019,3.7711113691329956e-05,3.7711113691329956e-05
2174,272997,19,613,3.77048272639513e-05,3.77048272639513e-05
2175,443818,30,13738,3.7687295844079927e-05,3.7687295844079927e-05
2176,445841,31,1425,3.7684509152313694e-05,3.7684509152313694e-05
2177,428720,29,12976,-3.763578934012912e-05,3.763578934012912e-05
2178,451705,31,7289,-3.763322456507012e-05,3.763322456507012e-05
2179,326321,22,10929,-3.7623678508680314e-05,3.7623678508680314e-05
2180,312826,21,11770,-3.760596155188978e-05,3.760596155188978e-05
2181,457888,31,13472,3.760342951864004e-05,3.760342951864004e-05
2182,444712,31,296,3.759538594749756e-05,3.759538594749756e-05
2183,454259,31,9843,-3.758901220862754e-05,3.758901220862754e-05
2184,405310,28,3902,3.758577804546803e-05,3.758577804546803e-05
2185,458052,31,13636,3.7580521166091785e-05,3.7580521166091785e-05
2186,448546,31,4130,3.757556987693533e-05,3.757556987693533e-05
2187,430723,30,643,-3.755921352421865e-05,3.755921352421865e-05
2188,441969,30,11889,3.755499346880242e-05,3.755499346880242e-05
2189,212021,14,11317,3.755117722903378e-05,3.755117722903378e-05
2190,431641,30,1561,-3.754498902708292e-05,3.754498902708292e-05
2191,457999,31,13583,-3.7544155929936096e-05,3.7544155929936096e-05
2192,454771,31,10355,-3.753192140720785e-05,3.753192140720785e-05
2193,455199,31,10783,-3.7499001336982474e-05,3.7499001336982474e-05
2194,444924,31,508,3.7496047298191115e-05,3.7496047298191115e-05
2195,443920,30,13840,-3.7493646232178435e-05,3.7493646232178435e-05
2196,432756,30,2676,-3.745295907719992e-05,3.745295907719992e-05
2197,414115,28,12707,-3.7452693504747e-05,3.7452693504747e-05
2198,446883,31,2467,-3.7444071494974196e-05,3.7444071494974196e-05
2199,381541,26,8805,-3.744392961380072e-05,3.744392961380072e-05
2200,454206,31,9790,-3.743630804819986e-05,3.743630804819986e-05
2201,430566,30,486,-3.7424822949105874e-05,3.7424822949105874e-05
2202,219408,15,4368,3.741920954780653e-05,3.741920954780653e-05
2203,188932,13,2564,3.7413701647892594e-05,3.7413701647892594e-05
2204,422544,29,6800,-3.7412261008284986e-05,3.7412261008284986e-05
2205,455486,31,11070,3.739988824236207e-05,3.739988824236207e-05
2206,414257,28,12849,3.73814873455558e-05,3.73814873455558e-05
2207,193114,13,6746,3.735951395356096e-05,3.735951395356096e-05
2208,438714,30,8634,3.7359499401645735e-05,3.7359499401645735e-05
2209,446247,31,1831,3.735581412911415e-05,3.735581412911415e-05
2210,411878,28,10470,-3.7346904719015583e-05,3.7346904719015583e-05
2211,451644,31,7228,3.7343714211601764e-05,3.7343714211601764e-05
2212,452352,31,7936,-3.730169919435866e-05,3.730169919435866e-05
2213,439404,30,9324,-3.7292200431693345e-05,3.7292200431693345e-05
2214,32000,2,3328,-3.7288598832674325e-05,3.7288598832674325e-05
2215,395514,27,8442,3.72787872038316e-05,3.72787872038316e-05
2216,430186,30,106,-3.7274774513207376e-05,3.7274774513207376e-05
2217,444944,31,528,3.727395596797578e-05,3.727395596797578e-05
2218,441552,30,11472,3.722039400599897e-05,3.722039400599897e-05
2219,449594,31,5178,3.7196645280346274e-05,3.7196645280346274e-05
2220,449958,31,5542,-3.718903099070303e-05,3.718903099070303e-05
2221,457150,31,12734,3.7179255741648376e-05,3.7179255741648376e-05
2222,456270,31,11854,-3.7174304452491924e-05,3.7174304452491924e-05
2223,428375,29,12631,-3.714924241648987e-05,3.714924241648987e-05
2224,383142,26,10406,-3.71429996448569e-05,3.71429996448569e-05
2225,406628,28,5220,3.712156831170432e-05,3.712156831170432e-05
2226,431390,30,1310,-3.7112658901605755e-05,3.7112658901605755e-05
2227,441745,30,11665,-3.710583769134246e-05,3.710583769134246e-05
2228,430360,30,280,3.7089590477989987e-05,3.7089590477989987e-05
2229,457222,31,12806,3.708594522322528e-05,3.708594522322528e-05
2230,447204,31,2788,3.705517156049609e-05,3.705517156049609e-05
2231,453570,31,9154,-3.7044159398647025e-05,3.7044159398647025e-05
2232,450203,31,5787,-3.7036090361652896e-05,3.7036090361652896e-05
2233,215455,15,415,3.7034664273960516e-05,3.7034664273960516e-05
2234,434335,30,4255,3.70224479411263e-05,3.70224479411263e-05
2235,455023,31,10607,-3.701823516166769e-05,3.701823516166769e-05
2236,431232,30,1152,-3.7004079786129296e-05,3.7004079786129296e-05
2237,444629,31,213,3.699916123878211e-05,3.699916123878211e-05
2238,238952,16,9576,3.699847366078757e-05,3.699847366078757e-05
2239,447029,31,2613,-3.69753033737652e-05,3.69753033737652e-05
2240,410387,28,8979,-3.696302883327007e-05,3.696302883327007e-05
2241,457652,31,13236,3.695907798828557e-05,3.695907798828557e-05
2242,450328,31,5912,-3.695823761518113e-05,3.695823761518113e-05
2243,440367,30,10287,-3.6953744711354375e-05,3.6953744711354375e-05
2244,433933,30,3853,-3.6950066714780405e-05,3.6950066714780405e-05
2245,447494,31,3078,3.6899156839353964e-05,3.6899156839353964e-05
2246,422718,29,6974,-3.689407094498165e-05,3.689407094498165e-05
2247,222401,15,7361,-3.686608397401869e-05,3.686608397401869e-05
2248,276466,19,4082,-3.6854697100352496e-05,3.6854697100352496e-05
2249,445660,31,1244,-3.6828227166552097e-05,3.6828227166552097e-05
2250,437313,30,7233,3.6807025026064366e-05,3.6807025026064366e-05
2251,452351,31,7935,-3.6784884287044406e-05,3.6784884287044406e-05
2252,439974,30,9894,3.676556298159994e-05,3.676556298159994e-05
2253,456021,31,11605,3.6737077607540414e-05,3.6737077607540414e-05
2254,452306,31,7890,3.673540777526796e-05,3.673540777526796e-05
2255,446658,31,2242,3.6732846638187766e-05,3.6732846638187766e-05
2256,438468,30,8388,3.672557431855239e-05,3.672557431855239e-05
2257,458418,31,14002,3.670876321848482e-05,3.670876321848482e-05
2258,452747,31,8331,-3.665361873572692e-05,3.665361873572692e-05
2259,444129,30,14049,-3.665326948976144e-05,3.665326948976144e-05
2260,445565,31,1149,-3.6607507354347035e-05,3.6607507354347035e-05
2261,420465,29,4721,3.660353468148969e-05,3.660353468148969e-05
2262,360084,25,1684,3.6594210541807115e-05,3.6594210541807115e-05
2263,247756,17,4044,3.6577523133018985e-05,3.6577523133018985e-05
2264,444845,31,429,-3.657536581158638e-05,3.657536581158638e-05
2265,320915,22,5523,-3.6529250792227685e-05,3.6529250792227685e-05
2266,183269,12,11237,-3.6511399230221286e-05,3.6511399230221286e-05
2267,176349,12,4317,3.6505658499663696e-05,3.6505658499663696e-05
2268,444320,30,14240,3.648149504442699e-05,3.648149504442699e-05
2269,319825,22,4433,3.646593540906906e-05,3.646593540906906e-05
2270,453130,31,8714,-3.646387267508544e-05,3.646387267508544e-05
2271,399905,27,12833,3.645286415121518e-05,3.645286415121518e-05
2272,370555,25,12155,-3.6445679143071175e-05,3.6445679143071175e-05
2273,396662,27,9590,3.6435681977309287e-05,3.6435681977309287e-05
2274,432023,30,1943,3.643402305897325e-05,3.643402305897325e-05
2275,405227,28,3819,3.64260959031526e-05,3.64260959031526e-05
2276,313370,21,12314,-3.6422548873815686e-05,3.6422548873815686e-05
2277,425793,29,10049,3.640499562607147e-05,3.640499562607147e-05
2278,356076,24,12012,3.6372399335959926e-05,3.6372399335959926e-05
2279,433081,30,3001,-3.6371762689668685e-05,3.6371762689668685e-05
2280,445680,31,1264,3.635115717770532e-05,3.635115717770532e-05
2281,448325,31,3909,-3.633934466051869e-05,3.633934466051869e-05
2282,432714,30,2634,-3.633585220086388e-05,3.633585220086388e-05
2283,430437,30,357,3.632741209003143e-05,3.632741209003143e-05
2284,199784,13,13416,3.632581137935631e-05,3.632581137935631e-05
2285,453159,31,8743,3.631627623690292e-05,3.631627623690292e-05
2286,314454,21,13398,3.631482468335889e-05,3.631482468335889e-05
2287,453501,31,9085,-3.6288689443608746e-05,3.6288689443608746e-05
2288,236424,16,7048,3.62876926374156e-05,3.62876926374156e-05
2289,430508,30,428,3.6256398743717e-05,3.6256398743717e-05
2290,446745,31,2329,-3.6225468647899106e-05,3.6225468647899106e-05
2291,436500,30,6420,3.6198289308231324e-05,3.6198289308231324e-05
2292,422917,29,7173,3.618852133513428e-05,3.618852133513428e-05
2293,282154,19,9770,3.617711263359524e-05,3.617711263359524e-05
2294,195871,13,9503,-3.6174857086734846e-05,3.6174857086734846e-05
2295,448816,31,4400,3.616655885707587e-05,3.616655885707587e-05
2296,431394,30,1314,-3.612818181863986e-05,3.612818181863986e-05
2297,451930,31,7514,3.607320104492828e-05,3.607320104492828e-05
2298,434605,30,4525,3.60483827535063e-05,3.60483827535063e-05
2299,441107,30,11027,3.604488301789388e-05,3.604488301789388e-05
2300,446714,31,2298,3.603843288146891e-05,3.603843288146891e-05
2301,457538,31,13122,-3.60372505383566e-05,3.60372505383566e-05
2302,417202,29,1458,3.603454024414532e-05,3.603454024414532e-05
2303,457098,31,12682,3.6034281947650015e-05,3.6034281947650015e-05
2304,440035,30,9955,-3.6029003240400925e-05,3.6029003240400925e-05
2305,448240,31,3824,3.598739203880541e-05,3.598739203880541e-05
2306,406284,28,4876,-3.598400508053601e-05,3.598400508053601e-05
2307,458526,31,14110,-3.5983597626909614e-05,3.5983597626909614e-05
2308,236377,16,7001,3.597790782805532e-05,3.597790782805532e-05
2309,453029,31,8613,3.594970257836394e-05,3.594970257836394e-05
2310,206157,14,5453,-3.5941502574132755e-05,3.5941502574132755e-05
2311,438389,30,8309,-3.593912333599292e-05,3.593912333599292e-05
2312,449743,31,5327,3.593512883526273e-05,3.593512883526273e-05
2313,450042,31,5626,-3.5932072933064774e-05,3.5932072933064774e-05
2314,455987,31,11571,-3.5925753763876855e-05,3.5925753763876855e-05
2315,407786,28,6378,-3.5923341783927754e-05,3.5923341783927754e-05
2316,449575,31,5159,3.5921413655159995e-05,3.5921413655159995e-05
2317,442451,30,12371,3.591588028939441e-05,3.591588028939441e-05
2318,456114,31,11698,3.5914170439355075e-05,3.5914170439355075e-05
2319,347707,24,3643,3.59022305929102e-05,3.59022305929102e-05
2320,449438,31,5022,-3.5892844607587904e-05,3.5892844607587904e-05
2321,283044,19,10660,-3.587156243156642e-05,3.587156243156642e-05
2322,334502,23,4774,3.5824192309519276e-05,3.5824192309519276e-05
2323,426635,29,10891,-3.582312274374999e-05,3.582312274374999e-05
2324,445634,31,1218,-3.581913551897742e-05,3.581913551897742e-05
2325,210780,14,10076,3.579891927074641e-05,3.579891927074641e-05
2326,425996,29,10252,-3.579141775844619e-05,3.579141775844619e-05
2327,445347,31,931,3.57727003574837e-05,3.57727003574837e-05
2328,430146,30,66,3.574246875359677e-05,3.574246875359677e-05
2329,396683,27,9611,3.5726086935028434e-05,3.5726086935028434e-05
2330,452403,31,7987,3.566524537745863e-05,3.566524537745863e-05
2331,437041,30,6961,-3.565969382179901e-05,3.565969382179901e-05
2332,454751,31,10335,3.5657430998981e-05,3.5657430998981e-05
2333,452375,31,7959,-3.5652319638757035e-05,3.5652319638757035e-05
2334,449901,31,5485,3.5643264709506184e-05,3.5643264709506184e-05
2335,449041,31,4625,-3.563476639101282e-05,3.563476639101282e-05
2336,418541,29,2797,3.5626188036985695e-05,3.5626188036985695e-05
2337,138823,9,9799,3.5606175515567884e-05,3.5606175515567884e-05
2338,448134,31,3718,-3.560227924026549e-05,3.560227924026549e-05
2339,455246,31,10830,3.559844117262401e-05,3.559844117262401e-05
2340,457735,31,13319,-3.559608740033582e-05,3.559608740033582e-05
2341,344884,24,820,3.558479875209741e-05,3.558479875209741e-05
2342,415328,28,13920,-3.557636955520138e-05,3.557636955520138e-05
2343,453043,31,8627,-3.5574776120483875e-05,3.5574776120483875e-05
2344,455737,31,11321,3.5572211345424876e-05,3.5572211345424876e-05
2345,446645,31,2229,-3.556816591299139e-05,3.556816591299139e-05
2346,451293,31,6877,-3.556516094249673e-05,3.556516094249673e-05
2347,430919,30,839,3.5561915865400806e-05,3.5561915865400806e-05
2348,455109,31,10693,-3.555583316483535e-05,3.555583316483535e-05
2349,229095,15,14055,-3.554851355147548e-05,3.554851355147548e-05
2350,260508,18,2460,3.554792783688754e-05,3.554792783688754e-05
2351,437069,30,6989,-3.5529730666894466e-05,3.5529730666894466e-05
2352,294173,20,7453,3.5521676181815565e-05,3.5521676181815565e-05
2353,446704,31,2288,-3.551722693373449e-05,3.551722693373449e-05
2354,229000,15,13960,3.5506902349879965e-05,3.5506902349879965e-05
2355,408925,28,7517,-3.5495646443450823e-05,3.5495646443450823e-05
2356,448670,31,4254,3.548507811501622e-05,3.548507811501622e-05
2357,200234,13,13866,-3.5462569940136746e-05,3.5462569940136746e-05
2358,449068,31,4652,-3.5443055821815506e-05,3.5443055821815506e-05
2359,436805,30,6725,-3.541136902640574e-05,3.541136902640574e-05
2360,446649,31,2233,3.540885154507123e-05,3.540885154507123e-05
2361,442650,30,12570,3.5398225008975714e-05,3.5398225008975714e-05
2362,446702,31,2286,3.538140663295053e-05,3.538140663295053e-05
2363,446394,31,1978,3.5377208405407146e-05,3.5377208405407146e-05
2364,435869,30,5789,-3.53614886989817e-05,3.53614886989817e-05
2365,416267,29,523,-3.536079020705074e-05,3.536079020705074e-05
2366,435148,30,5068,3.5343848139746115e-05,3.5343848139746115e-05
2367,441529,30,11449,3.5333341656951234e-05,3.5333341656951234e-05
2368,333069,23,3341,3.532765185809694e-05,3.532765185809694e-05
2369,447328,31,2912,3.531432230374776e-05,3.531432230374776e-05
2370,401336,27,14264,3.528984962031245e-05,3.528984962031245e-05
2371,445704,31,1288,-3.528558954712935e-05,3.528558954712935e-05
2372,438498,30,8418,3.527892113197595e-05,3.527892113197595e-05
2373,414687,28,13279,3.5258399293525144e-05,3.5258399293525144e-05
2374,444522,31,106,3.5255459806649014e-05,3.5255459806649014e-05
2375,157738,11,42,-3.524659769027494e-05,3.524659769027494e-05
2376,446563,31,2147,-3.5243112506577745e-05,3.5243112506577745e-05
2377,442996,30,12916,3.5219534765928984e-05,3.5219534765928984e-05
2378,446479,31,2063,3.520386599120684e-05,3.520386599120684e-05
2379,457870,31,13454,-3.520290192682296e-05,3.520290192682296e-05
2380,458224,31,13808,3.520036625559442e-05,3.520036625559442e-05
2381,456080,31,11664,-3.519775782478973e-05,3.519775782478973e-05
2382,436644,30,6564,-3.5143442801199853e-05,3.5143442801199853e-05
2383,387880,27,808,-3.513804040267132e-05,3.513804040267132e-05
2384,442105,30,12025,-3.5126842703903094e-05,3.5126842703903094e-05
2385,444442,31,26,-3.511462637106888e-05,3.511462637106888e-05
2386,454916,31,10500,-3.5106684663333e-05,3.5106684663333e-05
2387,445903,31,1487,3.5104425478493795e-05,3.5104425478493795e-05
2388,453475,31,9059,3.5099998058285564e-05,3.5099998058285564e-05
2389,448662,31,4246,-3.508655208861455e-05,3.508655208861455e-05
2390,448580,31,4164,3.508007284835912e-05,3.508007284835912e-05
2391,256233,17,12521,3.506424036459066e-05,3.506424036459066e-05
2392,444494,31,78,3.506240318529308e-05,3.506240318529308e-05
2393,299943,20,13223,3.505131462588906e-05,3.505131462588906e-05
2394,379159,26,6423,3.5049746657023206e-05,3.5049746657023206e-05
2395,434842,30,4762,3.501907849567942e-05,3.501907849567942e-05
2396,448991,31,4575,-3.497349098324776e-05,3.497349098324776e-05
2397,222922,15,7882,3.496769932098687e-05,3.496769932098687e-05
2398,435552,30,5472,3.4949563996633515e-05,3.4949563996633515e-05
2399,197780,13,11412,3.4931752452393994e-05,3.4931752452393994e-05
2400,451016,31,6600,3.492165342322551e-05,3.492165342322551e-05
2401,446868,31,2452,-3.490647577564232e-05,3.490647577564232e-05
2402,455085,31,10669,3.4886368666775525e-05,3.4886368666775525e-05
2403,228300,15,13260,3.4881551982834935e-05,3.4881551982834935e-05
2404,440806,30,10726,3.488024594844319e-05,3.488024594844319e-05
2405,306336,21,5280,-3.4860549931181595e-05,3.4860549931181595e-05
2406,458383,31,13967,-3.485591150820255e-05,3.485591150820255e-05
2407,450992,31,6576,3.485547858872451e-05,3.485547858872451e-05
2408,161954,11,4258,-3.484353146632202e-05,3.484353146632202e-05
2409,217298,15,2258,3.4826549381250516e-05,3.4826549381250516e-05
2410,458015,31,13599,3.4803371818270534e-05,3.4803371818270534e-05
2411,452727,31,8311,3.480006489553489e-05,3.480006489553489e-05
2412,445533,31,1117,-3.4798780689015985e-05,3.4798780689015985e-05
2413,455655,31,11239,3.476733763818629e-05,3.476733763818629e-05
2414,451759,31,7343,3.475950506981462e-05,3.475950506981462e-05
2415,408157,28,6749,3.475781704764813e-05,3.475781704764813e-05
2416,35792,2,7120,3.475445555523038e-05,3.475445555523038e-05
2417,416672,29,928,-3.474493496469222e-05,3.474493496469222e-05
2418,244660,17,948,-3.4744589356705546e-05,3.4744589356705546e-05
2419,436896,30,6816,3.4743487049127e-05,3.4743487049127e-05
2420,444984,31,568,-3.472853859420866e-05,3.472853859420866e-05
2421,335201,23,5473,-3.472709795460105e-05,3.472709795460105e-05
2422,455416,31,11000,-3.4724700526567176e-05,3.4724700526567176e-05
2423,453571,31,9155,-3.468535214778967e-05,3.468535214778967e-05
2424,201294,14,590,-3.4679669624892995e-05,3.4679669624892995e-05
2425,457923,31,13507,-3.463715984253213e-05,3.463715984253213e-05
2426,447737,31,3321,3.463306711637415e-05,3.463306711637415e-05
2427,250624,17,6912,-3.46228334819898e-05,3.46228334819898e-05
2428,419798,29,4054,3.462278618826531e-05,3.462278618826531e-05
2429,402447,28,1039,3.461551386862993e-05,3.461551386862993e-05
2430,443993,30,13913,-3.461515734670684e-05,3.461515734670684e-05
2431,458058,31,13642,3.461346204858273e-05,3.461346204858273e-05
2432,250647,17,6935,3.4595221222843975e-05,3.4595221222843975e-05
2433,430762,30,682,-3.457338971202262e-05,3.457338971202262e-05
2434,434620,30,4540,3.455984915490262e-05,3.455984915490262e-05
2435,446999,31,2583,-3.4556931495899335e-05,3.4556931495899335e-05
2436,454721,31,10305,3.4551991120679304e-05,3.4551991120679304e-05
2437,455385,31,10969,3.453423414612189e-05,3.453423414612189e-05
2438,398363,27,11291,3.452478631515987e-05,3.452478631515987e-05
2439,445156,31,740,-3.452366581768729e-05,3.452366581768729e-05
2440,286229,19,13845,-3.4523469366831705e-05,3.4523469366831705e-05
2441,167990,11,10294,3.451744851190597e-05,3.451744851190597e-05
2442,449500,31,5084,3.4488795790821314e-05,3.4488795790821314e-05
2443,439793,30,9713,3.448185816523619e-05,3.448185816523619e-05
2444,439295,30,9215,3.446461778366938e-05,3.446461778366938e-05
2445,439634,30,9554,3.445625043241307e-05,3.445625043241307e-05
2446,268171,18,10123,3.445291076786816e-05,3.445291076786816e-05
2447,449603,31,5187,3.4442160540493205e-05,3.4442160540493205e-05
2448,420119,29,4375,3.4425534977344796e-05,3.4425534977344796e-05
2449,445120,31,704,3.441992521402426e-05,3.441992521402426e-05
2450,455191,31,10775,3.44125583069399e-05,3.44125583069399e-05
2451,443740,30,13660,3.440841464907862e-05,3.440841464907862e-05
2452,420534,29,4790,-3.4399869036860764e-05,3.4399869036860764e-05
2453,413754,28,12346,-3.439246938796714e-05,3.439246938796714e-05
2454,400176,27,13104,-3.439106876612641e-05,3.439106876612641e-05
2455,435248,30,5168,3.4386808692943305e-05,3.4386808692943305e-05
2456,449194,31,4778,3.4382504964014515e-05,3.4382504964014515e-05
2457,458265,31,13849,-3.4371234505670145e-05,3.4371234505670145e-05
2458,436830,30,6750,3.4363441955065355e-05,3.4363441955065355e-05
2459,432536,30,2456,3.4361266443738714e-05,3.4361266443738714e-05
2460,386801,26,14065,3.434475729591213e-05,3.434475729591213e-05
2461,407914,28,6506,-3.433481833781116e-05,3.433481833781116e-05
2462,448621,31,4205,-3.4332319046370685e-05,3.4332319046370685e-05
2463,444454,31,38,3.4328953915974125e-05,3.4328953915974125e-05
2464,433811,30,3731,-3.428780837566592e-05,3.428780837566592e-05
2465,455177,31,10761,-3.4246506402269006e-05,3.4246506402269006e-05
2466,458398,31,13982,3.423447924433276e-05,3.423447924433276e-05
2467,399678,27,12606,-3.42277271556668e-05,3.42277271556668e-05
2468,454895,31,10479,-3.422244844841771e-05,3.422244844841771e-05
2469,444337,30,14257,3.4208693250548095e-05,3.4208693250548095e-05
2470,364221,25,5821,3.4147222322644666e-05,3.4147222322644666e-05
2471,450793,31,6377,3.413972808630206e-05,3.413972808630206e-05
2472,456358,31,11942,3.411558282095939e-05,3.411558282095939e-05
2473,452900,31,8484,-3.411236320971511e-05,3.411236320971511e-05
2474,243316,16,13940,-3.40960941684898e-05,3.40960941684898e-05
2475,402324,28,916,3.409476994420402e-05,3.409476994420402e-05
2476,455434,31,11018,3.409470082260668e-05,3.409470082260668e-05
2477,418664,29,2920,-3.4085365768987685e-05,3.4085365768987685e-05
2478,430795,30,715,3.40851183864288e-05,3.40851183864288e-05
2479,446430,31,2014,3.408297925489023e-05,3.408297925489023e-05
2480,452971,31,8555,3.407469193916768e-05,3.407469193916768e-05
2481,201511,14,807,3.407421172596514e-05,3.407421172596514e-05
2482,452956,31,8540,3.406628093216568e-05,3.406628093216568e-05
2483,427393,29,11649,-3.402234142413363e-05,3.402234142413363e-05
2484,453794,31,9378,3.4004471672233194e-05,3.4004471672233194e-05
2485,418353,29,2609,-3.3984491892624646e-05,3.3984491892624646e-05
2486,424337,29,8593,3.397634282009676e-05,3.397634282009676e-05
2487,447654,31,3238,-3.396925239940174e-05,3.396925239940174e-05
2488,336402,23,6674,3.39660000463482e-05,3.39660000463482e-05
2489,378223,26,5487,-3.393731822143309e-05,3.393731822143309e-05
2490,447027,31,2611,3.3933683880604804e-05,3.3933683880604804e-05
2491,217387,15,2347,3.393187580513768e-05,3.393187580513768e-05
2492,404832,28,3424,-3.39288599207066e-05,3.39288599207066e-05
2493,399864,27,12792,-3.392758299014531e-05,3.392758299014531e-05
2494,437752,30,7672,-3.3921936847036704e-05,3.3921936847036704e-05
2495,423253,29,7509,-3.3918469853233546e-05,3.3918469853233546e-05
2496,201735,14,1031,-3.3907414035638794e-05,3.3907414035638794e-05
2497,432074,30,1994,3.3906639146152884e-05,3.3906639146152884e-05
2498,457633,31,13217,-3.388915865798481e-05,3.388915865798481e-05
2499,454152,31,9736,-3.387501055840403e-05,3.387501055840403e-05
