rank,neuron_id,layer,neuron_idx,score,importance
0,450848,31,6432,-0.0071268449537456036,0.0071268449537456036
1,458617,31,14201,-0.004552509170025587,0.004552509170025587
2,447374,31,2958,-0.0035434195306152105,0.0035434195306152105
3,453935,31,9519,0.002828479977324605,0.002828479977324605
4,445625,31,1209,0.0025770075153559446,0.0025770075153559446
5,457230,31,12814,-0.0024346427526324987,0.0024346427526324987
6,454080,31,9664,0.002353857271373272,0.002353857271373272
7,444727,31,311,0.0022201435640454292,0.0022201435640454292
8,456345,31,11929,0.002026267582550645,0.002026267582550645
9,447825,31,3409,-0.002023473847657442,0.002023473847657442
10,455495,31,11079,0.0018937978893518448,0.0018937978893518448
11,446356,31,1940,0.001864149933680892,0.001864149933680892
12,447500,31,3084,-0.0017681112512946129,0.0017681112512946129
13,455090,31,10674,-0.0017665487248450518,0.0017665487248450518
14,446965,31,2549,0.001689487718977034,0.001689487718977034
15,446814,31,2398,0.0016040345653891563,0.0016040345653891563
16,446721,31,2305,0.001590169034898281,0.001590169034898281
17,458411,31,13995,-0.00151050032582134,0.00151050032582134
18,447613,31,3197,-0.0013097173068672419,0.0013097173068672419
19,453278,31,8862,-0.001300183474086225,0.001300183474086225
20,453832,31,9416,-0.0013000448234379292,0.0013000448234379292
21,457492,31,13076,0.0012047162745147943,0.0012047162745147943
22,453603,31,9187,-0.0011845651315525174,0.0011845651315525174
23,452389,31,7973,0.0011780888307839632,0.0011780888307839632
24,455920,31,11504,-0.0011400908697396517,0.0011400908697396517
25,448718,31,4302,-0.001136803301051259,0.001136803301051259
26,458443,31,14027,0.001094892737455666,0.001094892737455666
27,458692,31,14276,0.001083164825104177,0.001083164825104177
28,449534,31,5118,0.0010697206016629934,0.0010697206016629934
29,437893,30,7813,0.001067132456228137,0.001067132456228137
30,445266,31,850,-0.0010593433398753405,0.0010593433398753405
31,458107,31,13691,0.0010513541055843234,0.0010513541055843234
32,454855,31,10439,0.0009845213498920202,0.0009845213498920202
33,450883,31,6467,0.0009658766211941838,0.0009658766211941838
34,445412,31,996,-0.0009624978993088007,0.0009624978993088007
35,435622,30,5542,0.00094373564934358,0.00094373564934358
36,453530,31,9114,-0.0009429499041289091,0.0009429499041289091
37,457084,31,12668,-0.0009164742077700794,0.0009164742077700794
38,457329,31,12913,0.0008975951350294054,0.0008975951350294054
39,455175,31,10759,0.0008972895448096097,0.0008972895448096097
40,446684,31,2268,-0.0008959640399552882,0.0008959640399552882
41,452766,31,8350,0.0008892472833395004,0.0008892472833395004
42,449437,31,5021,0.0008788478444330394,0.0008788478444330394
43,455372,31,10956,-0.0008637987775728106,0.0008637987775728106
44,447999,31,3583,-0.0008494180510751903,0.0008494180510751903
45,447803,31,3387,0.0008490969776175916,0.0008490969776175916
46,452775,31,8359,-0.0008454736089333892,0.0008454736089333892
47,446682,31,2266,0.0008287382661364973,0.0008287382661364973
48,438472,30,8392,-0.0008108961628749967,0.0008108961628749967
49,448768,31,4352,-0.0008000288507901132,0.0008000288507901132
50,445466,31,1050,-0.000790847756434232,0.000790847756434232
51,448101,31,3685,-0.0007793150725774467,0.0007793150725774467
52,457007,31,12591,-0.0007642988348379731,0.0007642988348379731
53,454206,31,9790,0.0007636803202331066,0.0007636803202331066
54,445271,31,855,0.0007630003965459764,0.0007630003965459764
55,447159,31,2743,-0.0007585567072965205,0.0007585567072965205
56,458489,31,14073,-0.0007500237552449107,0.0007500237552449107
57,445511,31,1095,-0.0007471382850781083,0.0007471382850781083
58,458529,31,14113,-0.0007414566352963448,0.0007414566352963448
59,445909,31,1493,0.0007372650434263051,0.0007372650434263051
60,447370,31,2954,0.0007241761195473373,0.0007241761195473373
61,448852,31,4436,0.0007189260213635862,0.0007189260213635862
62,446893,31,2477,0.0007114079198800027,0.0007114079198800027
63,452089,31,7673,0.0007089737337082624,0.0007089737337082624
64,445416,31,1000,0.0006912043900229037,0.0006912043900229037
65,451866,31,7450,0.0006868048803880811,0.0006868048803880811
66,445582,31,1166,-0.0006863489397801459,0.0006863489397801459
67,456056,31,11640,-0.0006860224530100822,0.0006860224530100822
68,445922,31,1506,0.0006562463822774589,0.0006562463822774589
69,454452,31,10036,0.0006556102307513356,0.0006556102307513356
70,448023,31,3607,-0.0006540404283441603,0.0006540404283441603
71,452570,31,8154,-0.0006394810043275356,0.0006394810043275356
72,449864,31,5448,0.0006377747631631792,0.0006377747631631792
73,450188,31,5772,-0.0006359366234391928,0.0006359366234391928
74,457526,31,13110,-0.000634420313872397,0.000634420313872397
75,456774,31,12358,0.0006342611741274595,0.0006342611741274595
76,431251,30,1171,-0.000633776537142694,0.000633776537142694
77,458640,31,14224,0.0006200330681167543,0.0006200330681167543
78,451781,31,7365,-0.0006194106535986066,0.0006194106535986066
79,453535,31,9119,-0.0006191518041305244,0.0006191518041305244
80,454074,31,9658,0.0006187306717038155,0.0006187306717038155
81,450391,31,5975,-0.0006056656129658222,0.0006056656129658222
82,447844,31,3428,-0.0006010525394231081,0.0006010525394231081
83,457479,31,13063,-0.0006000626599416137,0.0006000626599416137
84,444676,31,260,0.0005999928689561784,0.0005999928689561784
85,454875,31,10459,-0.0005966205499134958,0.0005966205499134958
86,445379,31,963,-0.0005893743364140391,0.0005893743364140391
87,454274,31,9858,0.0005866464925929904,0.0005866464925929904
88,445369,31,953,0.0005853648763149977,0.0005853648763149977
89,453049,31,8633,0.0005798759520985186,0.0005798759520985186
90,448107,31,3691,0.0005794515600427985,0.0005794515600427985
91,449498,31,5082,-0.0005686336662620306,0.0005686336662620306
92,455478,31,11062,-0.0005623593460768461,0.0005623593460768461
93,454626,31,10210,-0.000561631575692445,0.000561631575692445
94,447591,31,3175,0.0005547992186620831,0.0005547992186620831
95,455730,31,11314,-0.0005490680923685431,0.0005490680923685431
96,449038,31,4622,0.0005429204902611673,0.0005429204902611673
97,434050,30,3970,0.0005394609179347754,0.0005394609179347754
98,452866,31,8450,0.0005351979634724557,0.0005351979634724557
99,447903,31,3487,0.0005336134345270693,0.0005336134345270693
100,439537,30,9457,-0.000527359894476831,0.000527359894476831
101,430715,30,635,-0.0005270602414384484,0.0005270602414384484
102,455219,31,10803,0.0005260146572254598,0.0005260146572254598
103,447191,31,2775,-0.0005188671639189124,0.0005188671639189124
104,453406,31,8990,0.0005154249956831336,0.0005154249956831336
105,416990,29,1246,-0.0005138955893926322,0.0005138955893926322
106,448185,31,3769,0.0005063563585281372,0.0005063563585281372
107,448595,31,4179,0.000502529030200094,0.000502529030200094
108,454108,31,9692,0.0005016084178350866,0.0005016084178350866
109,454908,31,10492,0.0004989440785720944,0.0004989440785720944
110,429864,29,14120,0.000498393492307514,0.000498393492307514
111,458224,31,13808,-0.0004976093769073486,0.0004976093769073486
112,431873,30,1793,-0.0004923591623082757,0.0004923591623082757
113,431642,30,1562,0.000488900812342763,0.000488900812342763
114,427653,29,11909,0.00048669317038729787,0.00048669317038729787
115,438806,30,8726,0.0004860298940911889,0.0004860298940911889
116,445090,31,674,-0.0004809364618267864,0.0004809364618267864
117,423072,29,7328,-0.0004795841814484447,0.0004795841814484447
118,457366,31,12950,-0.00047875160817056894,0.00047875160817056894
119,432306,30,2226,-0.0004749465733766556,0.0004749465733766556
120,447964,31,3548,0.000473992113256827,0.000473992113256827
121,455758,31,11342,-0.0004708754422608763,0.0004708754422608763
122,457830,31,13414,0.0004675051022786647,0.0004675051022786647
123,446492,31,2076,-0.00046625337563455105,0.00046625337563455105
124,452688,31,8272,-0.0004658991238102317,0.0004658991238102317
125,447364,31,2948,0.0004402149352245033,0.0004402149352245033
126,455500,31,11084,0.0004330648516770452,0.0004330648516770452
127,447909,31,3493,-0.00043080089380964637,0.00043080089380964637
128,447582,31,3166,0.00042965373722836375,0.00042965373722836375
129,436028,30,5948,-0.00042615729034878314,0.00042615729034878314
130,448480,31,4064,0.0004229281621519476,0.0004229281621519476
131,448576,31,4160,0.0004228497564326972,0.0004228497564326972
132,456601,31,12185,-0.00042220670729875565,0.00042220670729875565
133,435606,30,5526,0.00042056318488903344,0.00042056318488903344
134,443045,30,12965,-0.0004183723358437419,0.0004183723358437419
135,446604,31,2188,0.00041569978930056095,0.00041569978930056095
136,448287,31,3871,0.0004145042912568897,0.0004145042912568897
137,445575,31,1159,0.00041413260623812675,0.00041413260623812675
138,438796,30,8716,0.0004138335061725229,0.0004138335061725229
139,456420,31,12004,0.0004074321186635643,0.0004074321186635643
140,449077,31,4661,-0.0004060630453750491,0.0004060630453750491
141,456668,31,12252,0.0004043829976581037,0.0004043829976581037
142,456941,31,12525,0.0004017515748273581,0.0004017515748273581
143,449669,31,5253,0.0004004200454801321,0.0004004200454801321
144,431210,30,1130,0.0003980676701758057,0.0003980676701758057
145,444790,31,374,0.00039776507765054703,0.00039776507765054703
146,449727,31,5311,-0.0003971060796175152,0.0003971060796175152
147,437755,30,7675,-0.0003962268528994173,0.0003962268528994173
148,438619,30,8539,-0.00039538773125968874,0.00039538773125968874
149,449289,31,4873,-0.00039528627530671656,0.00039528627530671656
150,448227,31,3811,-0.00039257315802387893,0.00039257315802387893
151,454079,31,9663,0.00039256326272152364,0.00039256326272152364
152,432872,30,2792,-0.000387650856282562,0.000387650856282562
153,454411,31,9995,-0.00038698219577781856,0.00038698219577781856
154,416995,29,1251,0.00038253472303040326,0.00038253472303040326
155,455660,31,11244,-0.0003803226863965392,0.0003803226863965392
156,457531,31,13115,0.00038003275403752923,0.00038003275403752923
157,450335,31,5919,0.00037475035060197115,0.00037475035060197115
158,453771,31,9355,0.00037432380486279726,0.00037432380486279726
159,456394,31,11978,0.00037317239912226796,0.00037317239912226796
160,454241,31,9825,0.00037176828482188284,0.00037176828482188284
161,457518,31,13102,-0.0003693190519697964,0.0003693190519697964
162,453080,31,8664,0.0003689996083267033,0.0003689996083267033
163,452199,31,7783,-0.0003661328228190541,0.0003661328228190541
164,445876,31,1460,-0.00036494238884188235,0.00036494238884188235
165,448928,31,4512,-0.00036211669794283807,0.00036211669794283807
166,455651,31,11235,-0.00036109593929722905,0.00036109593929722905
167,448138,31,3722,0.00036043935688212514,0.00036043935688212514
168,458612,31,14196,-0.00035863748053088784,0.00035863748053088784
169,447459,31,3043,0.00035388130345381796,0.00035388130345381796
170,447668,31,3252,-0.00034807634074240923,0.00034807634074240923
171,434850,30,4770,0.0003442467423155904,0.0003442467423155904
172,429543,29,13799,-0.0003432396042626351,0.0003432396042626351
173,454596,31,10180,-0.00034253051853738725,0.00034253051853738725
174,440910,30,10830,0.0003414027742110193,0.0003414027742110193
175,453148,31,8732,0.00033949047792702913,0.00033949047792702913
176,449170,31,4754,-0.0003378849942237139,0.0003378849942237139
177,454510,31,10094,-0.0003378155524842441,0.0003378155524842441
178,441683,30,11603,-0.00033702258951961994,0.00033702258951961994
179,444832,31,416,0.0003365076845511794,0.0003365076845511794
180,450251,31,5835,-0.00033324299147352576,0.00033324299147352576
181,448005,31,3589,-0.0003303623525425792,0.0003303623525425792
182,445802,31,1386,0.0003293408954050392,0.0003293408954050392
183,453881,31,9465,-0.00032506801653653383,0.00032506801653653383
184,453880,31,9464,-0.0003233897150494158,0.0003233897150494158
185,430920,30,840,0.0003233238239772618,0.0003233238239772618
186,449978,31,5562,0.00032128908787854016,0.00032128908787854016
187,436974,30,6894,0.0003206278779543936,0.0003206278779543936
188,458038,31,13622,0.00031846066121943295,0.00031846066121943295
189,456401,31,11985,0.00031549640698358417,0.00031549640698358417
190,452322,31,7906,-0.0003153169236611575,0.0003153169236611575
191,456224,31,11808,0.00031517911702394485,0.00031517911702394485
192,455440,31,11024,0.0003142205241601914,0.0003142205241601914
193,456014,31,11598,-0.00030921364668756723,0.00030921364668756723
194,449206,31,4790,0.00030888745095580816,0.00030888745095580816
195,445506,31,1090,0.00030787670402787626,0.00030787670402787626
196,458285,31,13869,0.00030710798455402255,0.00030710798455402255
197,450230,31,5814,0.0003060490998905152,0.0003060490998905152
198,453375,31,8959,-0.00030598187004216015,0.00030598187004216015
199,448062,31,3646,0.000304982386296615,0.000304982386296615
200,458627,31,14211,-0.00030313964816741645,0.00030313964816741645
201,453531,31,9115,0.00030222622444853187,0.00030222622444853187
202,457257,31,12841,-0.00030221298220567405,0.00030221298220567405
203,429157,29,13413,-0.0003022065502591431,0.0003022065502591431
204,450006,31,5590,-0.00029934526537545025,0.00029934526537545025
205,454918,31,10502,0.0002992355148307979,0.0002992355148307979
206,447984,31,3568,-0.0002991767250932753,0.0002991767250932753
207,448462,31,4046,0.0002986285835504532,0.0002986285835504532
208,455690,31,11274,0.0002958796394523233,0.0002958796394523233
209,446968,31,2552,0.0002955084783025086,0.0002955084783025086
210,445740,31,1324,-0.00029511211323551834,0.00029511211323551834
211,458523,31,14107,0.00029461877420544624,0.00029461877420544624
212,455904,31,11488,0.00028987033874727786,0.00028987033874727786
213,455826,31,11410,0.0002882311528082937,0.0002882311528082937
214,444853,31,437,-0.0002873454650398344,0.0002873454650398344
215,455250,31,10834,-0.00028619024669751525,0.00028619024669751525
216,438719,30,8639,-0.00028468098025768995,0.00028468098025768995
217,451073,31,6657,-0.0002817322965711355,0.0002817322965711355
218,449457,31,5041,0.00028138532070443034,0.00028138532070443034
219,450299,31,5883,0.0002812266757246107,0.0002812266757246107
220,429769,29,14025,0.00028109789127483964,0.00028109789127483964
221,447252,31,2836,-0.00028055760776624084,0.00028055760776624084
222,434973,30,4893,-0.0002798374043777585,0.0002798374043777585
223,433866,30,3786,-0.0002797084453050047,0.0002797084453050047
224,447705,31,3289,0.0002786342229228467,0.0002786342229228467
225,451435,31,7019,0.00027741564554162323,0.00027741564554162323
226,445811,31,1395,-0.0002770853752736002,0.0002770853752736002
227,449560,31,5144,0.0002760595816653222,0.0002760595816653222
228,455501,31,11085,0.00027595218853093684,0.00027595218853093684
229,431877,30,1797,0.00027508707717061043,0.00027508707717061043
230,450033,31,5617,0.0002749329141806811,0.0002749329141806811
231,451874,31,7458,0.00027443707222118974,0.00027443707222118974
232,446344,31,1928,0.0002741903008427471,0.0002741903008427471
233,456535,31,12119,-0.0002731803397182375,0.0002731803397182375
234,457255,31,12839,0.00027308345306664705,0.00027308345306664705
235,458522,31,14106,-0.0002728365652728826,0.0002728365652728826
236,456561,31,12145,-0.00026906467974185944,0.00026906467974185944
237,439513,30,9433,0.0002690523979254067,0.0002690523979254067
238,446428,31,2012,-0.00026501822867430747,0.00026501822867430747
239,448544,31,4128,-0.00026490562595427036,0.00026490562595427036
240,454649,31,10233,0.0002648479421623051,0.0002648479421623051
241,457446,31,13030,-0.00026458073989488184,0.00026458073989488184
242,447633,31,3217,-0.00026205283938907087,0.00026205283938907087
243,452366,31,7950,0.0002610170340631157,0.0002610170340631157
244,450525,31,6109,0.0002604409819468856,0.0002604409819468856
245,440086,30,10006,0.0002583191671874374,0.0002583191671874374
246,440929,30,10849,0.000256973784416914,0.000256973784416914
247,458155,31,13739,0.0002564676105976105,0.0002564676105976105
248,449184,31,4768,-0.0002559571585152298,0.0002559571585152298
249,449367,31,4951,0.0002548963821027428,0.0002548963821027428
250,457873,31,13457,0.0002545315073803067,0.0002545315073803067
251,435439,30,5359,-0.0002526922326069325,0.0002526922326069325
252,435629,30,5549,-0.0002468392194714397,0.0002468392194714397
253,444597,31,181,0.0002467485028319061,0.0002467485028319061
254,456096,31,11680,0.0002463224227540195,0.0002463224227540195
255,458349,31,13933,0.00024387399025727063,0.00024387399025727063
256,454581,31,10165,0.00024253000447060913,0.00024253000447060913
257,451417,31,7001,0.00024127394135575742,0.00024127394135575742
258,453497,31,9081,-0.00024125493655446917,0.00024125493655446917
259,456233,31,11817,-0.00024068170750979334,0.00024068170750979334
260,447216,31,2800,-0.000239783592405729,0.000239783592405729
261,455969,31,11553,0.00023973386851139367,0.00023973386851139367
262,439218,30,9138,-0.00023952462652232498,0.00023952462652232498
263,446041,31,1625,-0.00023867566778790206,0.00023867566778790206
264,429094,29,13350,0.00023760844487696886,0.00023760844487696886
265,430502,30,422,0.00023612221411895007,0.00023612221411895007
266,439868,30,9788,0.00023471553868148476,0.00023471553868148476
267,454352,31,9936,-0.0002343382511753589,0.0002343382511753589
268,368421,25,10021,0.00023163421428762376,0.00023163421428762376
269,449025,31,4609,0.00023073276679497212,0.00023073276679497212
270,455737,31,11321,-0.000228576100198552,0.000228576100198552
271,453688,31,9272,0.00022833245748188347,0.00022833245748188347
272,441378,30,11298,-0.0002258509339299053,0.0002258509339299053
273,444982,31,566,0.0002245929790660739,0.0002245929790660739
274,427394,29,11650,0.00022359217109624296,0.00022359217109624296
275,446250,31,1834,0.00022344276658259332,0.00022344276658259332
276,432707,30,2627,-0.00022201739193405956,0.00022201739193405956
277,419792,29,4048,0.00022164858819451183,0.00022164858819451183
278,451531,31,7115,0.00022095328313298523,0.00022095328313298523
279,450133,31,5717,0.0002203840995207429,0.0002203840995207429
280,442488,30,12408,-0.00021986060892231762,0.00021986060892231762
281,455988,31,11572,0.00021958111028652638,0.00021958111028652638
282,453098,31,8682,0.00021847590687684715,0.00021847590687684715
283,444732,31,316,0.0002177512797061354,0.0002177512797061354
284,434157,30,4077,-0.00021712135639972985,0.00021712135639972985
285,445202,31,786,-0.0002167982020182535,0.0002167982020182535
286,456609,31,12193,0.0002155055699404329,0.0002155055699404329
287,445474,31,1058,0.00021509591897483915,0.00021509591897483915
288,446025,31,1609,-0.00021458949777297676,0.00021458949777297676
289,441805,30,11725,-0.00021377480879891664,0.00021377480879891664
290,446155,31,1739,0.00021305590053088963,0.00021305590053088963
291,447361,31,2945,0.0002125486935256049,0.0002125486935256049
292,449925,31,5509,0.00021209355327300727,0.00021209355327300727
293,434807,30,4727,0.00021080135775264353,0.00021080135775264353
294,444324,30,14244,0.0002082681021420285,0.0002082681021420285
295,448264,31,3848,0.0002081920247292146,0.0002081920247292146
296,410387,28,8979,-0.00020734587451443076,0.00020734587451443076
297,457189,31,12773,0.00020726388902403414,0.00020726388902403414
298,452795,31,8379,0.00020718203450087458,0.00020718203450087458
299,458405,31,13989,0.0002066492015728727,0.0002066492015728727
300,457964,31,13548,0.0002052756171906367,0.0002052756171906367
301,450991,31,6575,0.00020512584887910634,0.00020512584887910634
302,426470,29,10726,-0.0002039911487372592,0.0002039911487372592
303,445652,31,1236,0.00020381389185786247,0.00020381389185786247
304,440920,30,10840,-0.00020249687077011913,0.00020249687077011913
305,458015,31,13599,0.00020104862051084638,0.00020104862051084638
306,455222,31,10806,-0.0002008683659369126,0.0002008683659369126
307,445295,31,879,0.00020012047025375068,0.00020012047025375068
308,455624,31,11208,-0.00019957726181019098,0.00019957726181019098
309,452260,31,7844,-0.00019956374308094382,0.00019956374308094382
310,455767,31,11351,0.0001994538033613935,0.0001994538033613935
311,446890,31,2474,0.00019744627934414893,0.00019744627934414893
312,436026,30,5946,-0.00019738158152904361,0.00019738158152904361
313,451030,31,6614,-0.0001965801347978413,0.0001965801347978413
314,449515,31,5099,0.00019601939129643142,0.00019601939129643142
315,447062,31,2646,-0.00019592390162870288,0.00019592390162870288
316,452360,31,7944,0.0001955770858330652,0.0001955770858330652
317,447890,31,3474,-0.00019549898570403457,0.00019549898570403457
318,431280,30,1200,0.00019493380386848003,0.00019493380386848003
319,437384,30,7304,0.0001935810869326815,0.0001935810869326815
320,452999,31,8583,0.0001916891342261806,0.0001916891342261806
321,445191,31,775,0.0001914371969178319,0.0001914371969178319
322,412795,28,11387,0.00019122059165965766,0.00019122059165965766
323,456449,31,12033,-0.00018992857076227665,0.00018992857076227665
324,451929,31,7513,0.0001891230931505561,0.0001891230931505561
325,450910,31,6494,-0.00018881534924730659,0.00018881534924730659
326,458230,31,13814,-0.00018880639981944114,0.00018880639981944114
327,431881,30,1801,-0.0001884702214738354,0.0001884702214738354
328,449830,31,5414,0.00018786759756039828,0.00018786759756039828
329,456068,31,11652,-0.00018724157416727394,0.00018724157416727394
330,437056,30,6976,0.00018722213280852884,0.00018722213280852884
331,455426,31,11010,0.00018638600886333734,0.00018638600886333734
332,449226,31,4810,-0.00018603734497446567,0.00018603734497446567
333,452609,31,8193,0.0001849196123657748,0.0001849196123657748
334,452536,31,8120,-0.00018480874132364988,0.00018480874132364988
335,423093,29,7349,0.00018444639863446355,0.00018444639863446355
336,403056,28,1648,-0.0001838329917518422,0.0001838329917518422
337,439291,30,9211,0.00018352482584305108,0.00018352482584305108
338,444703,31,287,-0.00018314606859348714,0.00018314606859348714
339,452282,31,7866,-0.00018255144823342562,0.00018255144823342562
340,455318,31,10902,-0.00018253756570629776,0.00018253756570629776
341,457595,31,13179,0.0001818349992390722,0.0001818349992390722
342,449204,31,4788,0.00018176659068558365,0.00018176659068558365
343,431544,30,1464,0.00018173237913288176,0.00018173237913288176
344,450882,31,6466,-0.00018121805624105036,0.00018121805624105036
345,433444,30,3364,0.00018003582954406738,0.00018003582954406738
346,439819,30,9739,0.00017988063336815685,0.00017988063336815685
347,454726,31,10310,0.00017936169751919806,0.00017936169751919806
348,452645,31,8229,0.0001793117553461343,0.0001793117553461343
349,415886,29,142,0.00017929555906448513,0.00017929555906448513
350,453923,31,9507,0.00017849118739832193,0.00017849118739832193
351,431989,30,1909,0.00017623644089326262,0.00017623644089326262
352,444620,31,204,0.00017574577941559255,0.00017574577941559255
353,387841,27,769,-0.00017449798178859055,0.00017449798178859055
354,458008,31,13592,0.00017447731806896627,0.00017447731806896627
355,144444,10,1084,-0.0001738650753395632,0.0001738650753395632
356,415998,29,254,0.00017382964142598212,0.00017382964142598212
357,447215,31,2799,-0.00017296757141593844,0.00017296757141593844
358,419490,29,3746,0.00017223450413439423,0.00017223450413439423
359,442326,30,12246,-0.00017115307855419815,0.00017115307855419815
360,457498,31,13082,-0.00017094968643505126,0.00017094968643505126
361,447069,31,2653,-0.00017057023069355637,0.00017057023069355637
362,446403,31,1987,0.0001699330168776214,0.0001699330168776214
363,449490,31,5074,0.00016785148181952536,0.00016785148181952536
364,446629,31,2213,0.00016778633289504796,0.00016778633289504796
365,454887,31,10471,0.00016722430882509798,0.00016722430882509798
366,446883,31,2467,0.00016711372882127762,0.00016711372882127762
367,451067,31,6651,-0.0001664747396716848,0.0001664747396716848
368,454574,31,10158,0.0001656522654229775,0.0001656522654229775
369,456664,31,12248,0.00016543935635127127,0.00016543935635127127
370,445730,31,1314,-0.0001653390791034326,0.0001653390791034326
371,448346,31,3930,0.00016449399117846042,0.00016449399117846042
372,457886,31,13470,0.00016390309610869735,0.00016390309610869735
373,454112,31,9696,-0.00016383886395487934,0.00016383886395487934
374,404215,28,2807,-0.00016383660840801895,0.00016383660840801895
375,446350,31,1934,-0.00016379666340071708,0.00016379666340071708
376,453861,31,9445,0.00016368013166356832,0.00016368013166356832
377,390290,27,3218,0.00016349086945410818,0.00016349086945410818
378,240653,16,11277,-0.00016329008212778717,0.00016329008212778717
379,448842,31,4426,-0.00016272670472972095,0.00016272670472972095
380,458325,31,13909,-0.0001622752461116761,0.0001622752461116761
381,433376,30,3296,0.00016219935787376016,0.00016219935787376016
382,454150,31,9734,-0.00016215076902881265,0.00016215076902881265
383,445767,31,1351,-0.00016200194659177214,0.00016200194659177214
384,448844,31,4428,-0.00016138129285536706,0.00016138129285536706
385,445655,31,1239,0.00016054850129876286,0.00016054850129876286
386,456330,31,11914,0.00015974622510839254,0.00015974622510839254
387,451540,31,7124,-0.00015887826157268137,0.00015887826157268137
388,448032,31,3616,0.00015879668353591114,0.00015879668353591114
389,446090,31,1674,0.0001587732112966478,0.0001587732112966478
390,439129,30,9049,-0.00015873512893449515,0.00015873512893449515
391,458619,31,14203,0.00015818340762052685,0.00015818340762052685
392,446531,31,2115,0.0001576641370775178,0.0001576641370775178
393,440959,30,10879,0.00015707159764133394,0.00015707159764133394
394,416878,29,1134,0.0001567900471854955,0.0001567900471854955
395,451004,31,6588,-0.00015675825125072151,0.00015675825125072151
396,456862,31,12446,-0.00015661909128539264,0.00015661909128539264
397,441991,30,11911,-0.00015648572298232466,0.00015648572298232466
398,457279,31,12863,-0.00015639615594409406,0.00015639615594409406
399,456329,31,11913,0.00015605930821038783,0.00015605930821038783
400,443340,30,13260,0.00015459755377378315,0.00015459755377378315
401,444570,31,154,0.00015457124391105026,0.00015457124391105026
402,430252,30,172,0.000153367014718242,0.000153367014718242
403,455338,31,10922,-0.00015189654368441552,0.00015189654368441552
404,438571,30,8491,-0.00015187831013463438,0.00015187831013463438
405,439671,30,9591,0.00015184660151135176,0.00015184660151135176
406,445622,31,1206,-0.00015183469804469496,0.00015183469804469496
407,453543,31,9127,-0.00015146036457736045,0.00015146036457736045
408,426052,29,10308,-0.00015119268209673464,0.00015119268209673464
409,432074,30,1994,-0.00014990175259299576,0.00014990175259299576
410,442564,30,12484,0.00014837800699751824,0.00014837800699751824
411,431537,30,1457,0.0001480554637964815,0.0001480554637964815
412,445992,31,1576,0.00014801080396864563,0.00014801080396864563
413,450995,31,6579,0.00014762124919798225,0.00014762124919798225
414,454761,31,10345,-0.00014730695693287998,0.00014730695693287998
415,453023,31,8607,0.00014717906014993787,0.00014717906014993787
416,444378,30,14298,0.0001469871640438214,0.0001469871640438214
417,455208,31,10792,-0.00014692697732243687,0.00014692697732243687
418,452469,31,8053,-0.0001468360424041748,0.0001468360424041748
419,446711,31,2295,-0.00014670367818325758,0.00014670367818325758
420,444871,31,455,0.00014667818322777748,0.00014667818322777748
421,455022,31,10606,-0.00014658947475254536,0.00014658947475254536
422,450722,31,6306,-0.00014625117182731628,0.00014625117182731628
423,435000,30,4920,-0.00014622423623222858,0.00014622423623222858
424,454808,31,10392,0.00014591966464649886,0.00014591966464649886
425,443306,30,13226,-0.0001455732126487419,0.0001455732126487419
426,442265,30,12185,0.00014509000175166875,0.00014509000175166875
427,444689,31,273,-0.0001449955889256671,0.0001449955889256671
428,454549,31,10133,0.00014493490743916482,0.00014493490743916482
429,452008,31,7592,0.00014476476644631475,0.00014476476644631475
430,447172,31,2756,-0.00014357351756189018,0.00014357351756189018
431,430944,30,864,0.00014309165999293327,0.00014309165999293327
432,430331,30,251,-0.00014303512580227107,0.00014303512580227107
433,455721,31,11305,-0.0001429600961273536,0.0001429600961273536
434,446563,31,2147,0.00014289670798461884,0.00014289670798461884
435,457960,31,13544,-0.00014274798741098493,0.00014274798741098493
436,444947,31,531,-0.00014262351032812148,0.00014262351032812148
437,450498,31,6082,0.00014214261318556964,0.00014214261318556964
438,449787,31,5371,0.0001420356857124716,0.0001420356857124716
439,447163,31,2747,-0.00014189253852237016,0.00014189253852237016
440,332293,23,2565,0.00014161443687044084,0.00014161443687044084
441,435016,30,4936,-0.0001415251026628539,0.0001415251026628539
442,454081,31,9665,0.00014092765923123807,0.00014092765923123807
443,445537,31,1121,-0.00014078308595344424,0.00014078308595344424
444,448110,31,3694,-0.0001406888768542558,0.0001406888768542558
445,445525,31,1109,0.00014050766185391694,0.00014050766185391694
446,447959,31,3543,0.0001403435890097171,0.0001403435890097171
447,458217,31,13801,0.00014004750119056553,0.00014004750119056553
448,445975,31,1559,-0.00013990506704431027,0.00013990506704431027
449,409824,28,8416,-0.00013963574019726366,0.00013963574019726366
450,444993,31,577,-0.0001394666323903948,0.0001394666323903948
451,457936,31,13520,-0.00013937795301899314,0.00013937795301899314
452,448542,31,4126,0.00013921198842581362,0.00013921198842581362
453,401060,27,13988,-0.00013899829355068505,0.00013899829355068505
454,451694,31,7278,-0.00013854959979653358,0.00013854959979653358
455,445347,31,931,0.0001385016948916018,0.0001385016948916018
456,446377,31,1961,0.00013836061407346278,0.00013836061407346278
457,433807,30,3727,0.00013802613830193877,0.00013802613830193877
458,402055,28,647,0.0001377635489916429,0.0001377635489916429
459,454390,31,9974,0.0001374344719806686,0.0001374344719806686
460,416161,29,417,-0.00013741781003773212,0.00013741781003773212
461,451411,31,6995,0.0001372426631860435,0.0001372426631860435
462,453812,31,9396,-0.0001372343540424481,0.0001372343540424481
463,446214,31,1798,-0.0001371459075016901,0.0001371459075016901
464,401890,28,482,0.0001366506185149774,0.0001366506185149774
465,449227,31,4811,0.00013628041779156774,0.00013628041779156774
466,457277,31,12861,-0.00013619275705423206,0.00013619275705423206
467,452277,31,7861,0.00013578840298578143,0.00013578840298578143
468,448997,31,4581,0.00013535103062167764,0.00013535103062167764
469,438669,30,8589,0.0001352186081930995,0.0001352186081930995
470,450266,31,5850,0.0001351954706478864,0.0001351954706478864
471,447520,31,3104,-0.00013476330786943436,0.00013476330786943436
472,194678,13,8310,-0.00013458519242703915,0.00013458519242703915
473,441398,30,11318,0.00013424913049675524,0.00013424913049675524
474,431857,30,1777,-0.00013402066542766988,0.00013402066542766988
475,455872,31,11456,0.00013373208639677614,0.00013373208639677614
476,447367,31,2951,0.00013334232789929956,0.00013334232789929956
477,458477,31,14061,0.00013333889364730567,0.00013333889364730567
478,453647,31,9231,-0.00013277849939186126,0.00013277849939186126
479,456930,31,12514,0.00013263222353998572,0.00013263222353998572
480,445552,31,1136,0.0001320753653999418,0.0001320753653999418
481,452721,31,8305,-0.00013183479313738644,0.00013183479313738644
482,453463,31,9047,0.00013180292444303632,0.00013180292444303632
483,447047,31,2631,0.00013160698290448636,0.00013160698290448636
484,437385,30,7305,-0.00013067630061414093,0.00013067630061414093
485,455132,31,10716,0.00013058701006229967,0.00013058701006229967
486,438303,30,8223,-0.00013046809181105345,0.00013046809181105345
487,457655,31,13239,-0.0001302394230151549,0.0001302394230151549
488,434041,30,3961,0.00013020240294281393,0.00013020240294281393
489,430403,30,323,0.00012942796456627548,0.00012942796456627548
490,434000,30,3920,0.00012933336256537586,0.00012933336256537586
491,453705,31,9289,0.0001292865490540862,0.0001292865490540862
492,456451,31,12035,0.00012912419333588332,0.00012912419333588332
493,444210,30,14130,-0.000128802697872743,0.000128802697872743
494,455650,31,11234,0.0001287758641410619,0.0001287758641410619
495,452528,31,8112,-0.00012872151273768395,0.00012872151273768395
496,452014,31,7598,-0.0001286953774979338,0.0001286953774979338
497,450477,31,6061,0.00012852580402977765,0.00012852580402977765
498,452109,31,7693,0.00012834824156016111,0.00012834824156016111
499,455851,31,11435,-0.00012834488006774336,0.00012834488006774336
500,403477,28,2069,-0.00012740575766656548,0.00012740575766656548
501,438552,30,8472,0.0001270136854145676,0.0001270136854145676
502,446048,31,1632,0.00012690802395809442,0.00012690802395809442
503,445609,31,1193,0.00012672654702328146,0.00012672654702328146
504,458249,31,13833,-0.00012630061246454716,0.00012630061246454716
505,448162,31,3746,-0.00012608693214133382,0.00012608693214133382
506,454489,31,10073,-0.00012550617975648493,0.00012550617975648493
507,455261,31,10845,-0.00012478127609938383,0.00012478127609938383
508,424972,29,9228,0.00012447863991837949,0.00012447863991837949
509,456984,31,12568,-0.00012447548215277493,0.00012447548215277493
510,457135,31,12719,-0.00012411337229423225,0.00012411337229423225
511,456259,31,11843,-0.00012349685130175203,0.00012349685130175203
512,437073,30,6993,0.0001233631483046338,0.0001233631483046338
513,448471,31,4055,-0.00012324238196015358,0.00012324238196015358
514,440511,30,10431,-0.00012323497503530234,0.00012323497503530234
515,456335,31,11919,0.0001231093192473054,0.0001231093192473054
516,458063,31,13647,-0.00012282175885047764,0.00012282175885047764
517,456042,31,11626,-0.00012271487503312528,0.00012271487503312528
518,453742,31,9326,-0.0001226767635671422,0.0001226767635671422
519,453011,31,8595,0.00012261548545211554,0.00012261548545211554
520,445746,31,1330,-0.00012235244503244758,0.00012235244503244758
521,430385,30,305,-0.00012202919606352225,0.00012202919606352225
522,453944,31,9528,0.00012183163926238194,0.00012183163926238194
523,436743,30,6663,-0.00012174947914900258,0.00012174947914900258
524,458119,31,13703,0.00012146658991696313,0.00012146658991696313
525,246011,17,2299,0.00012124441855121404,0.00012124441855121404
526,448789,31,4373,0.00012119344319216907,0.00012119344319216907
527,453396,31,8980,-0.00012097043509129435,0.00012097043509129435
528,447407,31,2991,-0.00012091463577235118,0.00012091463577235118
529,442648,30,12568,-0.00012069254444213584,0.00012069254444213584
530,447856,31,3440,0.00012058870925102383,0.00012058870925102383
531,445316,31,900,0.00012048502685502172,0.00012048502685502172
532,437034,30,6954,0.00012047353811794892,0.00012047353811794892
533,448774,31,4358,0.00012036594853270799,0.00012036594853270799
534,458108,31,13692,-0.00011988776532234624,0.00011988776532234624
535,447739,31,3323,0.00011973288201261312,0.00011973288201261312
536,451112,31,6696,-0.00011971089406870306,0.00011971089406870306
537,433221,30,3141,0.00011962211283389479,0.00011962211283389479
538,427529,29,11785,0.00011929265019716695,0.00011929265019716695
539,440383,30,10303,-0.00011915952927665785,0.00011915952927665785
540,450589,31,6173,-0.00011912272748304531,0.00011912272748304531
541,453677,31,9261,-0.000119074247777462,0.000119074247777462
542,213343,14,12639,-0.0001187640373245813,0.0001187640373245813
543,443928,30,13848,-0.00011850105511257425,0.00011850105511257425
544,432483,30,2403,0.00011833606549771503,0.00011833606549771503
545,449664,31,5248,0.00011713225103449076,0.00011713225103449076
546,454644,31,10228,-0.00011693917622324079,0.00011693917622324079
547,442338,30,12258,0.00011683653428917751,0.00011683653428917751
548,417967,29,2223,-0.00011680735042318702,0.00011680735042318702
549,458420,31,14004,-0.00011680683383019641,0.00011680683383019641
550,454740,31,10324,-0.00011679450108204037,0.00011679450108204037
551,425716,29,9972,-0.0001166821748483926,0.0001166821748483926
552,430845,30,765,-0.0001162312037195079,0.0001162312037195079
553,448993,31,4577,0.0001160994142992422,0.0001160994142992422
554,451743,31,7327,-0.00011573449592106044,0.00011573449592106044
555,413575,28,12167,-0.00011568562331376597,0.00011568562331376597
556,451454,31,7038,0.0001156246944447048,0.0001156246944447048
557,455681,31,11265,-0.00011549025657586753,0.00011549025657586753
558,450768,31,6352,0.00011526462185429409,0.00011526462185429409
559,457971,31,13555,0.00011472219921415672,0.00011472219921415672
560,441383,30,11303,0.00011470455501694232,0.00011470455501694232
561,436366,30,6286,-0.00011456682113930583,0.00011456682113930583
562,451659,31,7243,0.00011443272524047643,0.00011443272524047643
563,445048,31,632,0.00011442724644439295,0.00011442724644439295
564,437226,30,7146,-0.00011423615796957165,0.00011423615796957165
565,438110,30,8030,0.00011422587704146281,0.00011422587704146281
566,446881,31,2465,-0.00011413143511163071,0.00011413143511163071
567,453187,31,8771,0.00011376943439245224,0.00011376943439245224
568,443962,30,13882,0.0001137375074904412,0.0001137375074904412
569,449362,31,4946,-0.00011364407691871747,0.00011364407691871747
570,412975,28,11567,-0.0001136393184424378,0.0001136393184424378
571,455389,31,10973,0.00011359844938851893,0.00011359844938851893
572,444526,31,110,-0.00011295666627120227,0.00011295666627120227
573,457804,31,13388,0.00011267825902905315,0.00011267825902905315
574,446419,31,2003,0.00011257921141805127,0.00011257921141805127
575,445616,31,1200,-0.0001122816902352497,0.0001122816902352497
576,455849,31,11433,-0.0001119491716963239,0.0001119491716963239
577,442540,30,12460,-0.0001117187348427251,0.0001117187348427251
578,440045,30,9965,-0.00011170898505952209,0.00011170898505952209
579,446763,31,2347,0.00011165767500642687,0.00011165767500642687
580,432889,30,2809,0.00011137682304251939,0.00011137682304251939
581,451246,31,6830,-0.00011119850387331098,0.00011119850387331098
582,448659,31,4243,-0.00011074950452893972,0.00011074950452893972
583,198626,13,12258,-0.00011067748710047454,0.00011067748710047454
584,453969,31,9553,0.00011054579954361543,0.00011054579954361543
585,449194,31,4778,-0.00011047440784750506,0.00011047440784750506
586,454446,31,10030,0.00011011085007339716,0.00011011085007339716
587,448561,31,4145,-0.00010982936510117725,0.00010982936510117725
588,417271,29,1527,-0.00010947870759991929,0.00010947870759991929
589,449577,31,5161,-0.00010918956832028925,0.00010918956832028925
590,446516,31,2100,0.00010896717867581174,0.00010896717867581174
591,450643,31,6227,0.00010860859765671194,0.00010860859765671194
592,438714,30,8634,0.00010849967657122761,0.00010849967657122761
593,454935,31,10519,-0.00010846462100744247,0.00010846462100744247
594,439750,30,9670,0.0001083551105693914,0.0001083551105693914
595,434577,30,4497,-0.000108091437141411,0.000108091437141411
596,444521,31,105,-0.00010806175123434514,0.00010806175123434514
597,455204,31,10788,0.00010764340549940243,0.00010764340549940243
598,433775,30,3695,-0.00010758373537100852,0.00010758373537100852
599,447653,31,3237,0.00010755249968497083,0.00010755249968497083
600,456115,31,11699,-0.00010729426139732823,0.00010729426139732823
601,424985,29,9241,0.0001067210832843557,0.0001067210832843557
602,428305,29,12561,-0.00010656928498065099,0.00010656928498065099
603,433578,30,3498,0.00010636023216648027,0.00010636023216648027
604,442230,30,12150,-0.00010629659664118662,0.00010629659664118662
605,436796,30,6716,0.00010615288192639127,0.00010615288192639127
606,422601,29,6857,0.00010601989924907684,0.00010601989924907684
607,457604,31,13188,-0.00010594059858703986,0.00010594059858703986
608,456945,31,12529,0.00010592750913929194,0.00010592750913929194
609,445219,31,803,0.00010555565677350387,0.00010555565677350387
610,448175,31,3759,0.00010551888408372179,0.00010551888408372179
611,439215,30,9135,-0.0001053509404300712,0.0001053509404300712
612,437079,30,6999,0.0001053378582582809,0.0001053378582582809
613,457258,31,12842,0.0001050043647410348,0.0001050043647410348
614,451564,31,7148,-0.00010493408626643941,0.00010493408626643941
615,443628,30,13548,-0.00010486604151083156,0.00010486604151083156
616,435104,30,5024,0.00010471355926711112,0.00010471355926711112
617,450222,31,5806,0.00010452006245031953,0.00010452006245031953
618,449853,31,5437,0.00010443772771395743,0.00010443772771395743
619,451342,31,6926,-0.00010430246038595214,0.00010430246038595214
620,435036,30,4956,0.00010420237231301144,0.00010420237231301144
621,453587,31,9171,0.00010388613736722618,0.00010388613736722618
622,401327,27,14255,-0.000103606260381639,0.000103606260381639
623,440602,30,10522,-0.00010305288014933467,0.00010305288014933467
624,456186,31,11770,0.00010288378689438105,0.00010288378689438105
625,453692,31,9276,-0.00010286747419741005,0.00010286747419741005
626,443332,30,13252,-0.00010278571426169947,0.00010278571426169947
627,447481,31,3065,-0.00010277554974891245,0.00010277554974891245
628,450814,31,6398,-0.00010243426368106157,0.00010243426368106157
629,443626,30,13546,0.00010236156958853826,0.00010236156958853826
630,403290,28,1882,0.00010222074342891574,0.00010222074342891574
631,446685,31,2269,-0.00010197656229138374,0.00010197656229138374
632,447439,31,3023,-0.00010190021566813812,0.00010190021566813812
633,454929,31,10513,-0.00010176897194469348,0.00010176897194469348
634,456448,31,12032,0.0001017480535665527,0.0001017480535665527
635,436977,30,6897,0.00010161542741116136,0.00010161542741116136
636,452606,31,8190,-0.00010158341319765896,0.00010158341319765896
637,455259,31,10843,-0.00010158238728763536,0.00010158238728763536
638,447973,31,3557,-0.0001015630696201697,0.0001015630696201697
639,429489,29,13745,-0.00010154440678888932,0.00010154440678888932
640,451238,31,6822,-0.0001015334200928919,0.0001015334200928919
641,451723,31,7307,0.00010147682041861117,0.00010147682041861117
642,456156,31,11740,-0.00010144447151105851,0.00010144447151105851
643,450512,31,6096,-0.00010124581604031846,0.00010124581604031846
644,457592,31,13176,0.00010100899817189202,0.00010100899817189202
645,431801,30,1721,0.00010082647349918261,0.00010082647349918261
646,455411,31,10995,-0.00010072402801597491,0.00010072402801597491
647,448614,31,4198,-0.00010070690768770874,0.00010070690768770874
648,449061,31,4645,-0.00010066681716125458,0.00010066681716125458
649,446204,31,1788,-0.00010062406363431364,0.00010062406363431364
650,448513,31,4097,-0.00010050202399725094,0.00010050202399725094
651,445127,31,711,0.00010035741433966905,0.00010035741433966905
652,446268,31,1852,-9.980185132008046e-05,9.980185132008046e-05
653,450136,31,5720,9.976721048587933e-05,9.976721048587933e-05
654,451324,31,6908,-9.959728777175769e-05,9.959728777175769e-05
655,452103,31,7687,-9.954787674359977e-05,9.954787674359977e-05
656,446657,31,2241,-9.900650184135884e-05,9.900650184135884e-05
657,458474,31,14058,-9.899130236590281e-05,9.899130236590281e-05
658,411960,28,10552,-9.897910058498383e-05,9.897910058498383e-05
659,452534,31,8118,9.897022391669452e-05,9.897022391669452e-05
660,433113,30,3033,9.877727279672399e-05,9.877727279672399e-05
661,457330,31,12914,9.876080002868548e-05,9.876080002868548e-05
662,446543,31,2127,9.864919411484152e-05,9.864919411484152e-05
663,449466,31,5050,-9.830436465563253e-05,9.830436465563253e-05
664,450009,31,5593,9.818575199460611e-05,9.818575199460611e-05
665,447931,31,3515,9.785525617189705e-05,9.785525617189705e-05
666,446529,31,2113,-9.762312402017415e-05,9.762312402017415e-05
667,285190,19,12806,9.761200635693967e-05,9.761200635693967e-05
668,452122,31,7706,9.727099677547812e-05,9.727099677547812e-05
669,444543,31,127,-9.72317939158529e-05,9.72317939158529e-05
670,451701,31,7285,9.719349327497184e-05,9.719349327497184e-05
671,433426,30,3346,9.714733459986746e-05,9.714733459986746e-05
672,448917,31,4501,9.702785609988496e-05,9.702785609988496e-05
673,449956,31,5540,9.692602179711685e-05,9.692602179711685e-05
674,449589,31,5173,9.609216795070097e-05,9.609216795070097e-05
675,378806,26,6070,-9.59993340075016e-05,9.59993340075016e-05
676,449055,31,4639,9.589359979145229e-05,9.589359979145229e-05
677,427563,29,11819,-9.582832717569545e-05,9.582832717569545e-05
678,439327,30,9247,9.578204480931163e-05,9.578204480931163e-05
679,433422,30,3342,9.57448355620727e-05,9.57448355620727e-05
680,447170,31,2754,9.574147406965494e-05,9.574147406965494e-05
681,439356,30,9276,9.56573712755926e-05,9.56573712755926e-05
682,457235,31,12819,-9.550530376145616e-05,9.550530376145616e-05
683,458593,31,14177,9.548837260808796e-05,9.548837260808796e-05
684,458476,31,14060,9.528352529741824e-05,9.528352529741824e-05
685,416578,29,834,9.521756874164566e-05,9.521756874164566e-05
686,446605,31,2189,-9.509453957434744e-05,9.509453957434744e-05
687,456517,31,12101,-9.480633889324963e-05,9.480633889324963e-05
688,427277,29,11533,-9.474006219534203e-05,9.474006219534203e-05
689,421354,29,5610,-9.471422526985407e-05,9.471422526985407e-05
690,445448,31,1032,-9.46854124777019e-05,9.46854124777019e-05
691,455766,31,11350,9.44148123380728e-05,9.44148123380728e-05
692,454928,31,10512,-9.434507228434086e-05,9.434507228434086e-05
693,439250,30,9170,9.424498421140015e-05,9.424498421140015e-05
694,431138,30,1058,9.388773469254375e-05,9.388773469254375e-05
695,204621,14,3917,9.38868397497572e-05,9.38868397497572e-05
696,441516,30,11436,-9.374751971336082e-05,9.374751971336082e-05
697,456104,31,11688,-9.372858767164871e-05,9.372858767164871e-05
698,449239,31,4823,9.360850526718423e-05,9.360850526718423e-05
699,425935,29,10191,-9.350637992611155e-05,9.350637992611155e-05
700,439912,30,9832,-9.339901589555666e-05,9.339901589555666e-05
701,444902,31,486,-9.328553278464824e-05,9.328553278464824e-05
702,429073,29,13329,-9.319172386312857e-05,9.319172386312857e-05
703,452352,31,7936,9.315997886005789e-05,9.315997886005789e-05
704,453487,31,9071,9.303546539740637e-05,9.303546539740637e-05
705,422603,29,6859,-9.301086538471282e-05,9.301086538471282e-05
706,439620,30,9540,9.286500426242128e-05,9.286500426242128e-05
707,448046,31,3630,-9.283891995437443e-05,9.283891995437443e-05
708,456227,31,11811,9.278159268433228e-05,9.278159268433228e-05
709,218856,15,3816,9.272032184526324e-05,9.272032184526324e-05
710,442056,30,11976,9.25031490623951e-05,9.25031490623951e-05
711,455060,31,10644,-9.24526248127222e-05,9.24526248127222e-05
712,427538,29,11794,-9.23891639104113e-05,9.23891639104113e-05
713,445055,31,639,-9.227370173903182e-05,9.227370173903182e-05
714,448622,31,4206,9.21236933209002e-05,9.21236933209002e-05
715,453394,31,8978,9.211534779751673e-05,9.211534779751673e-05
716,449202,31,4786,9.184738155454397e-05,9.184738155454397e-05
717,432612,30,2532,-9.16849821805954e-05,9.16849821805954e-05
718,420575,29,4831,9.167976531898603e-05,9.167976531898603e-05
719,449292,31,4876,9.157448948826641e-05,9.157448948826641e-05
720,456784,31,12368,9.140761540038511e-05,9.140761540038511e-05
721,451366,31,6950,9.138646419160068e-05,9.138646419160068e-05
722,416629,29,885,-9.110152313951403e-05,9.110152313951403e-05
723,458270,31,13854,9.105784556595609e-05,9.105784556595609e-05
724,447642,31,3226,-9.103339107241482e-05,9.103339107241482e-05
725,450617,31,6201,-9.102688636630774e-05,9.102688636630774e-05
726,444819,31,403,9.089624654734507e-05,9.089624654734507e-05
727,457740,31,13324,-9.077502909349278e-05,9.077502909349278e-05
728,456017,31,11601,-9.060116281034425e-05,9.060116281034425e-05
729,442267,30,12187,-9.039439464686438e-05,9.039439464686438e-05
730,450475,31,6059,-9.038304415298626e-05,9.038304415298626e-05
731,451697,31,7281,9.021168079925701e-05,9.021168079925701e-05
732,437743,30,7663,-9.016570402309299e-05,9.016570402309299e-05
733,447677,31,3261,-9.010924259200692e-05,9.010924259200692e-05
734,452617,31,8201,-8.984804298961535e-05,8.984804298961535e-05
735,457567,31,13151,8.980162965599447e-05,8.980162965599447e-05
736,197780,13,11412,8.900321699911729e-05,8.900321699911729e-05
737,421592,29,5848,8.899431122699752e-05,8.899431122699752e-05
738,453989,31,9573,-8.888771117199212e-05,8.888771117199212e-05
739,444968,31,552,8.875855564838275e-05,8.875855564838275e-05
740,430953,30,873,8.873840124579147e-05,8.873840124579147e-05
741,456839,31,12423,8.870076999301091e-05,8.870076999301091e-05
742,450138,31,5722,8.849758160067722e-05,8.849758160067722e-05
743,457200,31,12784,8.834553591441363e-05,8.834553591441363e-05
744,433462,30,3382,-8.814589091343805e-05,8.814589091343805e-05
745,445171,31,755,-8.800721116131172e-05,8.800721116131172e-05
746,452380,31,7964,-8.785379759501666e-05,8.785379759501666e-05
747,441654,30,11574,-8.747940592002124e-05,8.747940592002124e-05
748,451509,31,7093,-8.735834853723645e-05,8.735834853723645e-05
749,431965,30,1885,-8.730671106604859e-05,8.730671106604859e-05
750,452015,31,7599,8.728836837690324e-05,8.728836837690324e-05
751,447607,31,3191,-8.725575025891885e-05,8.725575025891885e-05
752,441130,30,11050,-8.684689237270504e-05,8.684689237270504e-05
753,457232,31,12816,-8.677280129631981e-05,8.677280129631981e-05
754,392219,27,5147,-8.669310045661405e-05,8.669310045661405e-05
755,455491,31,11075,-8.662459731567651e-05,8.662459731567651e-05
756,420974,29,5230,-8.648004586575553e-05,8.648004586575553e-05
757,454179,31,9763,-8.64111862028949e-05,8.64111862028949e-05
758,433516,30,3436,8.626117050880566e-05,8.626117050880566e-05
759,458298,31,13882,-8.62480592331849e-05,8.62480592331849e-05
760,449646,31,5230,-8.597959094913676e-05,8.597959094913676e-05
761,455959,31,11543,8.53713572723791e-05,8.53713572723791e-05
762,444341,30,14261,-8.529418846592307e-05,8.529418846592307e-05
763,425494,29,9750,8.524567965650931e-05,8.524567965650931e-05
764,315301,21,14245,8.478410018142313e-05,8.478410018142313e-05
765,454365,31,9949,8.468825399177149e-05,8.468825399177149e-05
766,423258,29,7514,-8.464621350867674e-05,8.464621350867674e-05
767,440474,30,10394,8.459071250399575e-05,8.459071250399575e-05
768,455412,31,10996,-8.447017899015918e-05,8.447017899015918e-05
769,452816,31,8400,-8.444609557045624e-05,8.444609557045624e-05
770,445950,31,1534,-8.440854435320944e-05,8.440854435320944e-05
771,357980,24,13916,8.440559759037569e-05,8.440559759037569e-05
772,446407,31,1991,-8.435898052994162e-05,8.435898052994162e-05
773,430639,30,559,-8.42826411826536e-05,8.42826411826536e-05
774,446144,31,1728,-8.411769522354007e-05,8.411769522354007e-05
775,445725,31,1309,-8.406086271861568e-05,8.406086271861568e-05
776,445190,31,774,8.404970139963552e-05,8.404970139963552e-05
777,454322,31,9906,-8.40216816868633e-05,8.40216816868633e-05
778,445306,31,890,-8.400953811360523e-05,8.400953811360523e-05
779,421223,29,5479,-8.400707883993164e-05,8.400707883993164e-05
780,451933,31,7517,-8.39161075418815e-05,8.39161075418815e-05
781,457367,31,12951,-8.386555418837816e-05,8.386555418837816e-05
782,458012,31,13596,8.380890358239412e-05,8.380890358239412e-05
783,450340,31,5924,8.355934551218525e-05,8.355934551218525e-05
784,427440,29,11696,8.35484970593825e-05,8.35484970593825e-05
785,451529,31,7113,8.34876045701094e-05,8.34876045701094e-05
786,453826,31,9410,-8.33690573927015e-05,8.33690573927015e-05
787,446197,31,1781,-8.318793697981164e-05,8.318793697981164e-05
788,455861,31,11445,8.312810678035021e-05,8.312810678035021e-05
789,448196,31,3780,-8.305901428684592e-05,8.305901428684592e-05
790,456530,31,12114,-8.300326589960605e-05,8.300326589960605e-05
791,451562,31,7146,8.298816828755662e-05,8.298816828755662e-05
792,452701,31,8285,8.29268537927419e-05,8.29268537927419e-05
793,454286,31,9870,8.267896191682667e-05,8.267896191682667e-05
794,435935,30,5855,-8.26742616482079e-05,8.26742616482079e-05
795,424838,29,9094,-8.24781454866752e-05,8.24781454866752e-05
796,457881,31,13465,-8.239854651037604e-05,8.239854651037604e-05
797,449819,31,5403,-8.220699237426743e-05,8.220699237426743e-05
798,457458,31,13042,-8.217202412197366e-05,8.217202412197366e-05
799,457538,31,13122,8.21079156594351e-05,8.21079156594351e-05
800,439799,30,9719,8.210774831240997e-05,8.210774831240997e-05
801,448112,31,3696,-8.178753341780975e-05,8.178753341780975e-05
802,450780,31,6364,-8.176219125743955e-05,8.176219125743955e-05
803,423197,29,7453,8.175637049134821e-05,8.175637049134821e-05
804,457661,31,13245,-8.160941797541454e-05,8.160941797541454e-05
805,453277,31,8861,8.141263242578134e-05,8.141263242578134e-05
806,457566,31,13150,8.134582458296791e-05,8.134582458296791e-05
807,438468,30,8388,8.125258318614215e-05,8.125258318614215e-05
808,435416,30,5336,8.124361193040386e-05,8.124361193040386e-05
809,454972,31,10556,8.107203029794618e-05,8.107203029794618e-05
810,430890,30,810,-8.102382707875222e-05,8.102382707875222e-05
811,205188,14,4484,8.09067496447824e-05,8.09067496447824e-05
812,375524,26,2788,8.088473259704188e-05,8.088473259704188e-05
813,453058,31,8642,-8.084947330644354e-05,8.084947330644354e-05
814,452794,31,8378,-8.084820001386106e-05,8.084820001386106e-05
815,450322,31,5906,8.079707913566381e-05,8.079707913566381e-05
816,452137,31,7721,-8.068975148489699e-05,8.068975148489699e-05
817,458083,31,13667,8.060911204665899e-05,8.060911204665899e-05
818,436542,30,6462,-8.042117406148463e-05,8.042117406148463e-05
819,448691,31,4275,8.042062836466357e-05,8.042062836466357e-05
820,429145,29,13401,-8.036152576096356e-05,8.036152576096356e-05
821,453837,31,9421,-8.01666610641405e-05,8.01666610641405e-05
822,441611,30,11531,8.015041385078803e-05,8.015041385078803e-05
823,431406,30,1326,-8.011747559066862e-05,8.011747559066862e-05
824,455534,31,11118,8.006439747987315e-05,8.006439747987315e-05
825,313043,21,11987,8.004355913726613e-05,8.004355913726613e-05
826,442666,30,12586,7.986262789927423e-05,7.986262789927423e-05
827,173591,12,1559,-7.982252282090485e-05,7.982252282090485e-05
828,454986,31,10570,-7.981914677657187e-05,7.981914677657187e-05
829,432500,30,2420,-7.973707397468388e-05,7.973707397468388e-05
830,446710,31,2294,-7.972768071340397e-05,7.972768071340397e-05
831,458658,31,14242,-7.962020754348487e-05,7.962020754348487e-05
832,454430,31,10014,-7.957766501931474e-05,7.957766501931474e-05
833,433755,30,3675,-7.942259253468364e-05,7.942259253468364e-05
834,441227,30,11147,7.937330519780517e-05,7.937330519780517e-05
835,388851,27,1779,-7.934727182146162e-05,7.934727182146162e-05
836,457872,31,13456,-7.929386629257351e-05,7.929386629257351e-05
837,455987,31,11571,7.927586557343602e-05,7.927586557343602e-05
838,455670,31,11254,-7.921168435132131e-05,7.921168435132131e-05
839,455475,31,11059,-7.904246740508825e-05,7.904246740508825e-05
840,448256,31,3840,-7.903907680884004e-05,7.903907680884004e-05
841,436160,30,6080,7.89389741839841e-05,7.89389741839841e-05
842,404695,28,3287,7.872455171309412e-05,7.872455171309412e-05
843,445462,31,1046,7.867893145885319e-05,7.867893145885319e-05
844,456850,31,12434,-7.85531519795768e-05,7.85531519795768e-05
845,436236,30,6156,7.85001102485694e-05,7.85001102485694e-05
846,452275,31,7859,7.845961226848885e-05,7.845961226848885e-05
847,446879,31,2463,-7.825491775292903e-05,7.825491775292903e-05
848,438912,30,8832,-7.818079757271335e-05,7.818079757271335e-05
849,453917,31,9501,7.816116703907028e-05,7.816116703907028e-05
850,413036,28,11628,7.81211128924042e-05,7.81211128924042e-05
851,449236,31,4820,-7.804121560184285e-05,7.804121560184285e-05
852,456739,31,12323,7.804105553077534e-05,7.804105553077534e-05
853,450108,31,5692,-7.783193723298609e-05,7.783193723298609e-05
854,446452,31,2036,7.781026943121105e-05,7.781026943121105e-05
855,435041,30,4961,-7.777651626383886e-05,7.777651626383886e-05
856,400929,27,13857,7.773541437927634e-05,7.773541437927634e-05
857,330699,23,971,-7.771394302835688e-05,7.771394302835688e-05
858,451288,31,6872,7.765255577396601e-05,7.765255577396601e-05
859,432538,30,2458,-7.75949883973226e-05,7.75949883973226e-05
860,447204,31,2788,7.751845987513661e-05,7.751845987513661e-05
861,430682,30,602,-7.743165042484179e-05,7.743165042484179e-05
862,457839,31,13423,-7.736573024885729e-05,7.736573024885729e-05
863,446581,31,2165,-7.7166645496618e-05,7.7166645496618e-05
864,444337,30,14257,7.702279253862798e-05,7.702279253862798e-05
865,447331,31,2915,-7.702233415329829e-05,7.702233415329829e-05
866,276466,19,4082,7.693796942476183e-05,7.693796942476183e-05
867,436023,30,5943,7.686677417950705e-05,7.686677417950705e-05
868,441824,30,11744,-7.686446042498574e-05,7.686446042498574e-05
869,445926,31,1510,7.68550526117906e-05,7.68550526117906e-05
870,407441,28,6033,-7.681313581997529e-05,7.681313581997529e-05
871,451103,31,6687,-7.680173439439386e-05,7.680173439439386e-05
872,438797,30,8717,7.660514529561624e-05,7.660514529561624e-05
873,439040,30,8960,-7.651388295926154e-05,7.651388295926154e-05
874,400782,27,13710,-7.648362952750176e-05,7.648362952750176e-05
875,457752,31,13336,-7.621770055266097e-05,7.621770055266097e-05
876,450268,31,5852,-7.618081144755706e-05,7.618081144755706e-05
877,434262,30,4182,7.60992625146173e-05,7.60992625146173e-05
878,439317,30,9237,-7.603948324685916e-05,7.603948324685916e-05
879,455431,31,11015,-7.602787081850693e-05,7.602787081850693e-05
880,444392,30,14312,7.584320701425895e-05,7.584320701425895e-05
881,455565,31,11149,7.569940498797223e-05,7.569940498797223e-05
882,435589,30,5509,-7.565756823169068e-05,7.565756823169068e-05
883,454530,31,10114,7.564678526250646e-05,7.564678526250646e-05
884,453352,31,8936,-7.564284896943718e-05,7.564284896943718e-05
885,457339,31,12923,-7.560174708487466e-05,7.560174708487466e-05
886,413337,28,11929,7.542399544036016e-05,7.542399544036016e-05
887,451679,31,7263,-7.536182965850458e-05,7.536182965850458e-05
888,452416,31,8000,-7.514689059462398e-05,7.514689059462398e-05
889,440496,30,10416,-7.514368917327374e-05,7.514368917327374e-05
890,448609,31,4193,-7.507515692850575e-05,7.507515692850575e-05
891,409539,28,8131,-7.503414963139221e-05,7.503414963139221e-05
892,451136,31,6720,-7.50308608985506e-05,7.50308608985506e-05
893,445025,31,609,-7.502468361053616e-05,7.502468361053616e-05
894,445929,31,1513,-7.487450784537941e-05,7.487450784537941e-05
895,451605,31,7189,7.481475040549412e-05,7.481475040549412e-05
896,445903,31,1487,-7.470337732229382e-05,7.470337732229382e-05
897,427386,29,11642,-7.466942770406604e-05,7.466942770406604e-05
898,438269,30,8189,7.456202001776546e-05,7.456202001776546e-05
899,447725,31,3309,7.455360173480585e-05,7.455360173480585e-05
900,455659,31,11243,7.453113357769325e-05,7.453113357769325e-05
901,455113,31,10697,7.449568511219695e-05,7.449568511219695e-05
902,445935,31,1519,7.436675514327362e-05,7.436675514327362e-05
903,446331,31,1915,7.430863479385152e-05,7.430863479385152e-05
904,380843,26,8107,7.420169276883826e-05,7.420169276883826e-05
905,449675,31,5259,-7.41844269214198e-05,7.41844269214198e-05
906,458527,31,14111,7.417667075060308e-05,7.417667075060308e-05
907,455083,31,10667,7.416815060423687e-05,7.416815060423687e-05
908,451092,31,6676,-7.410254329442978e-05,7.410254329442978e-05
909,431003,30,923,7.378641021205112e-05,7.378641021205112e-05
910,456723,31,12307,7.377585279755294e-05,7.377585279755294e-05
911,454835,31,10419,-7.370070670731366e-05,7.370070670731366e-05
912,445074,31,658,-7.365961937466636e-05,7.365961937466636e-05
913,456709,31,12293,7.342766912188381e-05,7.342766912188381e-05
914,452289,31,7873,7.342409662669525e-05,7.342409662669525e-05
915,273681,19,1297,-7.320884469663724e-05,7.320884469663724e-05
916,433435,30,3355,-7.31834807083942e-05,7.31834807083942e-05
917,431875,30,1795,-7.314026879612356e-05,7.314026879612356e-05
918,452674,31,8258,7.310949149541557e-05,7.310949149541557e-05
919,452656,31,8240,7.310208457056433e-05,7.310208457056433e-05
920,449620,31,5204,7.301956793526188e-05,7.301956793526188e-05
921,448909,31,4493,-7.289140194188803e-05,7.289140194188803e-05
922,450982,31,6566,7.271777576534078e-05,7.271777576534078e-05
923,379337,26,6601,-7.270755304489285e-05,7.270755304489285e-05
924,456464,31,12048,-7.254071533679962e-05,7.254071533679962e-05
925,455275,31,10859,7.254032971104607e-05,7.254032971104607e-05
926,452889,31,8473,7.243878644658253e-05,7.243878644658253e-05
927,446284,31,1868,-7.240728882607073e-05,7.240728882607073e-05
928,458129,31,13713,-7.231299969134852e-05,7.231299969134852e-05
929,445226,31,810,7.229291077237576e-05,7.229291077237576e-05
930,452218,31,7802,-7.226571324281394e-05,7.226571324281394e-05
931,440976,30,10896,-7.218273094622418e-05,7.218273094622418e-05
932,453400,31,8984,-7.195776561275125e-05,7.195776561275125e-05
933,448934,31,4518,7.186554284999147e-05,7.186554284999147e-05
934,450800,31,6384,-7.18556038918905e-05,7.18556038918905e-05
935,438791,30,8711,-7.18514493200928e-05,7.18514493200928e-05
936,456368,31,11952,-7.138864748412743e-05,7.138864748412743e-05
937,439413,30,9333,-7.130561425583437e-05,7.130561425583437e-05
938,452390,31,7974,7.11959510226734e-05,7.11959510226734e-05
939,449445,31,5029,7.11691754986532e-05,7.11691754986532e-05
940,450765,31,6349,-7.102641393430531e-05,7.102641393430531e-05
941,444744,31,328,-7.094350439729169e-05,7.094350439729169e-05
942,456543,31,12127,-7.093500607879832e-05,7.093500607879832e-05
943,447768,31,3352,-7.084312528604642e-05,7.084312528604642e-05
944,451953,31,7537,7.082652882672846e-05,7.082652882672846e-05
945,450434,31,6018,-7.078905764501542e-05,7.078905764501542e-05
946,440891,30,10811,-7.074909808579832e-05,7.074909808579832e-05
947,446603,31,2187,7.070618448778987e-05,7.070618448778987e-05
948,457687,31,13271,-7.067801197990775e-05,7.067801197990775e-05
949,429909,29,14165,-7.064493547659367e-05,7.064493547659367e-05
950,450020,31,5604,7.0604270149488e-05,7.0604270149488e-05
951,405508,28,4100,7.057146285660565e-05,7.057146285660565e-05
952,447728,31,3312,7.056470349198207e-05,7.056470349198207e-05
953,419889,29,4145,-7.055307651171461e-05,7.055307651171461e-05
954,445158,31,742,-7.054569869069383e-05,7.054569869069383e-05
955,446664,31,2248,-7.044553785817698e-05,7.044553785817698e-05
956,453507,31,9091,7.037739123916253e-05,7.037739123916253e-05
957,456286,31,11870,-7.035188900772482e-05,7.035188900772482e-05
958,440805,30,10725,-7.010987610556185e-05,7.010987610556185e-05
959,447860,31,3444,-7.00918462825939e-05,7.00918462825939e-05
960,453271,31,8855,-7.006525265751407e-05,7.006525265751407e-05
961,445210,31,794,-6.99750380590558e-05,6.99750380590558e-05
962,188149,13,1781,6.983941420912743e-05,6.983941420912743e-05
963,458737,31,14321,-6.975715223234147e-05,6.975715223234147e-05
964,451719,31,7303,-6.969092646613717e-05,6.969092646613717e-05
965,236049,16,6673,6.95981943863444e-05,6.95981943863444e-05
966,457999,31,13583,6.954944547032937e-05,6.954944547032937e-05
967,337436,23,7708,6.950866372790188e-05,6.950866372790188e-05
968,336402,23,6674,-6.947944348212332e-05,6.947944348212332e-05
969,425376,29,9632,6.944612687220797e-05,6.944612687220797e-05
970,417110,29,1366,6.942733307369053e-05,6.942733307369053e-05
971,242886,16,13510,-6.928933726157993e-05,6.928933726157993e-05
972,454003,31,9587,-6.92821922712028e-05,6.92821922712028e-05
973,346227,24,2163,6.920986925251782e-05,6.920986925251782e-05
974,444845,31,429,-6.918871076777577e-05,6.918871076777577e-05
975,434421,30,4341,-6.911835953360423e-05,6.911835953360423e-05
976,448939,31,4523,6.893723912071437e-05,6.893723912071437e-05
977,400523,27,13451,6.893079989822581e-05,6.893079989822581e-05
978,456243,31,11827,-6.889105134177953e-05,6.889105134177953e-05
979,432539,30,2459,6.88732834532857e-05,6.88732834532857e-05
980,455069,31,10653,-6.885157199576497e-05,6.885157199576497e-05
981,429072,29,13328,-6.880109140183777e-05,6.880109140183777e-05
982,458715,31,14299,6.863273301860318e-05,6.863273301860318e-05
983,453323,31,8907,-6.858450797153637e-05,6.858450797153637e-05
984,402438,28,1030,-6.852249498479068e-05,6.852249498479068e-05
985,448873,31,4457,-6.84055412421003e-05,6.84055412421003e-05
986,450655,31,6239,-6.83610123815015e-05,6.83610123815015e-05
987,437540,30,7460,6.825157470302656e-05,6.825157470302656e-05
988,453541,31,9125,6.816138193244115e-05,6.816138193244115e-05
989,413884,28,12476,6.81237579556182e-05,6.81237579556182e-05
990,453657,31,9241,6.810823833802715e-05,6.810823833802715e-05
991,179374,12,7342,-6.804236909374595e-05,6.804236909374595e-05
992,444189,30,14109,-6.799621769459918e-05,6.799621769459918e-05
993,307464,21,6408,-6.795109948143363e-05,6.795109948143363e-05
994,320958,22,5566,6.788863538531587e-05,6.788863538531587e-05
995,400028,27,12956,-6.779541581636295e-05,6.779541581636295e-05
996,447611,31,3195,-6.773382483515888e-05,6.773382483515888e-05
997,449703,31,5287,-6.754617061233148e-05,6.754617061233148e-05
998,446097,31,1681,-6.751703767804429e-05,6.751703767804429e-05
999,449207,31,4791,6.73972099320963e-05,6.73972099320963e-05
1000,449618,31,5202,-6.733863847330213e-05,6.733863847330213e-05
1001,449478,31,5062,-6.72744499752298e-05,6.72744499752298e-05
1002,436239,30,6159,6.727035361109301e-05,6.727035361109301e-05
1003,450771,31,6355,-6.725224375259131e-05,6.725224375259131e-05
1004,425779,29,10035,-6.724061677232385e-05,6.724061677232385e-05
1005,430169,30,89,-6.723098340444267e-05,6.723098340444267e-05
1006,452304,31,7888,6.710361049044877e-05,6.710361049044877e-05
1007,434198,30,4118,-6.708430737489834e-05,6.708430737489834e-05
1008,450773,31,6357,6.662631494691595e-05,6.662631494691595e-05
1009,449438,31,5022,6.660806684521958e-05,6.660806684521958e-05
1010,444696,31,280,-6.658604979747906e-05,6.658604979747906e-05
1011,445130,31,714,-6.654635944869369e-05,6.654635944869369e-05
1012,448666,31,4250,-6.64400722598657e-05,6.64400722598657e-05
1013,434448,30,4368,6.638369814027101e-05,6.638369814027101e-05
1014,283315,19,10931,-6.635289901169017e-05,6.635289901169017e-05
1015,448920,31,4504,-6.632061558775604e-05,6.632061558775604e-05
1016,441169,30,11089,6.625351670663804e-05,6.625351670663804e-05
1017,454516,31,10100,6.624266825383529e-05,6.624266825383529e-05
1018,439988,30,9908,-6.62278471281752e-05,6.62278471281752e-05
1019,423091,29,7347,-6.62260499666445e-05,6.62260499666445e-05
1020,291957,20,5237,6.592919817194343e-05,6.592919817194343e-05
1021,449223,31,4807,-6.584122456843033e-05,6.584122456843033e-05
1022,442632,30,12552,6.581953493878245e-05,6.581953493878245e-05
1023,458705,31,14289,6.579462205991149e-05,6.579462205991149e-05
1024,455907,31,11491,6.578789179911837e-05,6.578789179911837e-05
1025,452960,31,8544,-6.569067045347765e-05,6.569067045347765e-05
1026,454542,31,10126,-6.561788904946297e-05,6.561788904946297e-05
1027,452830,31,8414,-6.557050801347941e-05,6.557050801347941e-05
1028,427535,29,11791,-6.554329593200237e-05,6.554329593200237e-05
1029,448496,31,4080,6.553201092174277e-05,6.553201092174277e-05
1030,448281,31,3865,6.552126433234662e-05,6.552126433234662e-05
1031,455610,31,11194,-6.545377982547507e-05,6.545377982547507e-05
1032,369984,25,11584,6.545325595652685e-05,6.545325595652685e-05
1033,451512,31,7096,-6.54487666906789e-05,6.54487666906789e-05
1034,447103,31,2687,6.515414133900777e-05,6.515414133900777e-05
1035,454036,31,9620,6.507532816613093e-05,6.507532816613093e-05
1036,452776,31,8360,6.504572957055643e-05,6.504572957055643e-05
1037,442642,30,12562,-6.503183976747096e-05,6.503183976747096e-05
1038,408005,28,6597,-6.498258153442293e-05,6.498258153442293e-05
1039,446247,31,1831,-6.483990728156641e-05,6.483990728156641e-05
1040,446163,31,1747,-6.47671622573398e-05,6.47671622573398e-05
1041,430605,30,525,6.474753172369674e-05,6.474753172369674e-05
1042,456638,31,12222,-6.47151391603984e-05,6.47151391603984e-05
1043,446760,31,2344,-6.46954940748401e-05,6.46954940748401e-05
1044,437795,30,7715,-6.466109334724024e-05,6.466109334724024e-05
1045,430472,30,392,-6.459673022618517e-05,6.459673022618517e-05
1046,453991,31,9575,6.455860420828685e-05,6.455860420828685e-05
1047,425306,29,9562,6.454800313804299e-05,6.454800313804299e-05
1048,442983,30,12903,-6.441489676944911e-05,6.441489676944911e-05
1049,450887,31,6471,6.439223216148093e-05,6.439223216148093e-05
1050,452011,31,7595,6.432599911931902e-05,6.432599911931902e-05
1051,410296,28,8888,-6.431640940718353e-05,6.431640940718353e-05
1052,443800,30,13720,6.423170998459682e-05,6.423170998459682e-05
1053,444850,31,434,-6.409274647012353e-05,6.409274647012353e-05
1054,450032,31,5616,-6.381400453392416e-05,6.381400453392416e-05
1055,435957,30,5877,-6.38107376289554e-05,6.38107376289554e-05
1056,323906,22,8514,-6.378255784511566e-05,6.378255784511566e-05
1057,226141,15,11101,-6.367389869410545e-05,6.367389869410545e-05
1058,446926,31,2510,6.3656538259238e-05,6.3656538259238e-05
1059,457478,31,13062,-6.364870932884514e-05,6.364870932884514e-05
1060,454607,31,10191,-6.363264401443303e-05,6.363264401443303e-05
1061,444491,31,75,-6.359106919262558e-05,6.359106919262558e-05
1062,455473,31,11057,-6.347600719891489e-05,6.347600719891489e-05
1063,420662,29,4918,-6.34726820862852e-05,6.34726820862852e-05
1064,452194,31,7778,-6.344114081002772e-05,6.344114081002772e-05
1065,447235,31,2819,6.342736014630646e-05,6.342736014630646e-05
1066,451533,31,7117,6.342231063172221e-05,6.342231063172221e-05
1067,440488,30,10408,6.335804937407374e-05,6.335804937407374e-05
1068,419170,29,3426,6.330203905235976e-05,6.330203905235976e-05
1069,432864,30,2784,-6.328080780804157e-05,6.328080780804157e-05
1070,390601,27,3529,6.319637759588659e-05,6.319637759588659e-05
1071,441584,30,11504,6.318189116427675e-05,6.318189116427675e-05
1072,454921,31,10505,6.315988866845146e-05,6.315988866845146e-05
1073,454234,31,9818,-6.312371988315135e-05,6.312371988315135e-05
1074,447238,31,2822,-6.305666465777904e-05,6.305666465777904e-05
1075,451748,31,7332,-6.301808025455102e-05,6.301808025455102e-05
1076,430801,30,721,-6.301188113866374e-05,6.301188113866374e-05
1077,455091,31,10675,-6.298797961790115e-05,6.298797961790115e-05
1078,452661,31,8245,-6.289414886850864e-05,6.289414886850864e-05
1079,438642,30,8562,6.289048178587109e-05,6.289048178587109e-05
1080,440829,30,10749,-6.288871372817084e-05,6.288871372817084e-05
1081,266640,18,8592,6.283297261688858e-05,6.283297261688858e-05
1082,458720,31,14304,6.273100734688342e-05,6.273100734688342e-05
1083,447531,31,3115,-6.270123412832618e-05,6.270123412832618e-05
1084,438155,30,8075,6.268588913371786e-05,6.268588913371786e-05
1085,447212,31,2796,6.266057607717812e-05,6.266057607717812e-05
1086,458190,31,13774,-6.261982343858108e-05,6.261982343858108e-05
1087,436703,30,6623,-6.261608359636739e-05,6.261608359636739e-05
1088,446639,31,2223,6.261376256588846e-05,6.261376256588846e-05
1089,202475,14,1771,-6.261233647819608e-05,6.261233647819608e-05
1090,445759,31,1343,6.259153451537713e-05,6.259153451537713e-05
1091,457685,31,13269,6.249205762287602e-05,6.249205762287602e-05
1092,442040,30,11960,6.246118573471904e-05,6.246118573471904e-05
1093,448816,31,4400,-6.244630640139803e-05,6.244630640139803e-05
1094,455330,31,10914,-6.239362119231373e-05,6.239362119231373e-05
1095,448152,31,3736,-6.23664163867943e-05,6.23664163867943e-05
1096,454030,31,9614,6.235890759853646e-05,6.235890759853646e-05
1097,448790,31,4374,-6.235445471247658e-05,6.235445471247658e-05
1098,454693,31,10277,-6.230713916011155e-05,6.230713916011155e-05
1099,437890,30,7810,-6.21703511569649e-05,6.21703511569649e-05
1100,423551,29,7807,-6.213448796188459e-05,6.213448796188459e-05
1101,451602,31,7186,-6.212212610989809e-05,6.212212610989809e-05
1102,439384,30,9304,6.211832078406587e-05,6.211832078406587e-05
1103,444400,30,14320,-6.20773498667404e-05,6.20773498667404e-05
1104,444463,31,47,6.206275429576635e-05,6.206275429576635e-05
1105,451619,31,7203,6.1972183175385e-05,6.1972183175385e-05
1106,437373,30,7293,6.190292333485559e-05,6.190292333485559e-05
1107,443839,30,13759,-6.185524398460984e-05,6.185524398460984e-05
1108,446095,31,1679,-6.183334335219115e-05,6.183334335219115e-05
1109,438392,30,8312,6.182568904478103e-05,6.182568904478103e-05
1110,444518,31,102,-6.178490730235353e-05,6.178490730235353e-05
1111,437063,30,6983,-6.177337490953505e-05,6.177337490953505e-05
1112,446012,31,1596,-6.174501322675496e-05,6.174501322675496e-05
1113,449809,31,5393,6.173255678731948e-05,6.173255678731948e-05
1114,431045,30,965,6.172042049001902e-05,6.172042049001902e-05
1115,430674,30,594,-6.16927063674666e-05,6.16927063674666e-05
1116,299943,20,13223,6.162100908113644e-05,6.162100908113644e-05
1117,456998,31,12582,6.157168536446989e-05,6.157168536446989e-05
1118,455119,31,10703,6.155684968689457e-05,6.155684968689457e-05
1119,402451,28,1043,6.155487062642351e-05,6.155487062642351e-05
1120,405310,28,3902,6.153581489343196e-05,6.153581489343196e-05
1121,431697,30,1617,6.136453157523647e-05,6.136453157523647e-05
1122,447896,31,3480,-6.136425508884713e-05,6.136425508884713e-05
1123,450248,31,5832,-6.13381271250546e-05,6.13381271250546e-05
1124,443875,30,13795,6.122628110460937e-05,6.122628110460937e-05
1125,439166,30,9086,6.121612386777997e-05,6.121612386777997e-05
1126,436380,30,6300,6.113978452049196e-05,6.113978452049196e-05
1127,432167,30,2087,-6.112501432653517e-05,6.112501432653517e-05
1128,393142,27,6070,-6.111768743721768e-05,6.111768743721768e-05
1129,399500,27,12428,-6.111458060331643e-05,6.111458060331643e-05
1130,448135,31,3719,6.107329681981355e-05,6.107329681981355e-05
1131,451289,31,6873,6.096532888477668e-05,6.096532888477668e-05
1132,418567,29,2823,-6.088444933993742e-05,6.088444933993742e-05
1133,450419,31,6003,6.0881488025188446e-05,6.0881488025188446e-05
1134,457384,31,12968,6.087889414629899e-05,6.087889414629899e-05
1135,449336,31,4920,-6.083459084038623e-05,6.083459084038623e-05
1136,438511,30,8431,-6.081098399590701e-05,6.081098399590701e-05
1137,452165,31,7749,6.074630800867453e-05,6.074630800867453e-05
1138,432252,30,2172,-6.073447730159387e-05,6.073447730159387e-05
1139,451371,31,6955,-6.072169344406575e-05,6.072169344406575e-05
1140,448065,31,3649,-6.070577001082711e-05,6.070577001082711e-05
1141,450488,31,6072,-6.06747817073483e-05,6.06747817073483e-05
1142,458170,31,13754,-6.060015584807843e-05,6.060015584807843e-05
1143,427713,29,11969,-6.058265353203751e-05,6.058265353203751e-05
1144,455266,31,10850,6.057569771655835e-05,6.057569771655835e-05
1145,448405,31,3989,-6.046533599146642e-05,6.046533599146642e-05
1146,439770,30,9690,6.0442511312430725e-05,6.0442511312430725e-05
1147,450185,31,5769,6.043517350917682e-05,6.043517350917682e-05
1148,449929,31,5513,-6.040661537554115e-05,6.040661537554115e-05
1149,436011,30,5931,6.040306107024662e-05,6.040306107024662e-05
1150,455496,31,11080,6.037341881892644e-05,6.037341881892644e-05
1151,458229,31,13813,6.028596908436157e-05,6.028596908436157e-05
1152,458426,31,14010,6.023999230819754e-05,6.023999230819754e-05
1153,453998,31,9582,-6.0221987951081246e-05,6.0221987951081246e-05
1154,449458,31,5042,6.013277015881613e-05,6.013277015881613e-05
1155,444840,31,424,-6.0037455114070326e-05,6.0037455114070326e-05
1156,430859,30,779,-6.001013025525026e-05,6.001013025525026e-05
1157,439322,30,9242,5.996419349685311e-05,5.996419349685311e-05
1158,457428,31,13012,-5.980850619380362e-05,5.980850619380362e-05
1159,436283,30,6203,-5.980283094686456e-05,5.980283094686456e-05
1160,451448,31,7032,-5.9718553529819474e-05,5.9718553529819474e-05
1161,457693,31,13277,5.9691221395041794e-05,5.9691221395041794e-05
1162,310967,21,9911,-5.9681486163754016e-05,5.9681486163754016e-05
1163,411702,28,10294,-5.955405504209921e-05,5.955405504209921e-05
1164,430822,30,742,5.955036613158882e-05,5.955036613158882e-05
1165,449283,31,4867,-5.952195351710543e-05,5.952195351710543e-05
1166,445617,31,1201,5.951438652118668e-05,5.951438652118668e-05
1167,305815,21,4759,-5.949986370978877e-05,5.949986370978877e-05
1168,453177,31,8761,5.949464321020059e-05,5.949464321020059e-05
1169,433593,30,3513,5.946417149971239e-05,5.946417149971239e-05
1170,428998,29,13254,-5.9463767684064806e-05,5.9463767684064806e-05
1171,447600,31,3184,5.940867413301021e-05,5.940867413301021e-05
1172,457709,31,13293,-5.940311530139297e-05,5.940311530139297e-05
1173,421971,29,6227,-5.9294106904417276e-05,5.9294106904417276e-05
1174,415897,29,153,5.9289315686328337e-05,5.9289315686328337e-05
1175,446018,31,1602,5.922176205785945e-05,5.922176205785945e-05
1176,444796,31,380,5.920195690123364e-05,5.920195690123364e-05
1177,449693,31,5277,-5.911249900236726e-05,5.911249900236726e-05
1178,431778,30,1698,5.9107936976943165e-05,5.9107936976943165e-05
1179,455702,31,11286,5.9069971030112356e-05,5.9069971030112356e-05
1180,448116,31,3700,-5.902564589632675e-05,5.902564589632675e-05
1181,439185,30,9105,-5.899906682316214e-05,5.899906682316214e-05
1182,443139,30,13059,-5.898600647924468e-05,5.898600647924468e-05
1183,454949,31,10533,5.89240989938844e-05,5.89240989938844e-05
1184,432676,30,2596,5.889679960091598e-05,5.889679960091598e-05
1185,427336,29,11592,5.884260099264793e-05,5.884260099264793e-05
1186,450091,31,5675,-5.868600055691786e-05,5.868600055691786e-05
1187,445581,31,1165,5.8676163462223485e-05,5.8676163462223485e-05
1188,396511,27,9439,5.8646262914408e-05,5.8646262914408e-05
1189,442855,30,12775,5.864378181286156e-05,5.864378181286156e-05
1190,437674,30,7594,5.863402839167975e-05,5.863402839167975e-05
1191,414678,28,13270,5.862713442184031e-05,5.862713442184031e-05
1192,431608,30,1528,-5.860388046130538e-05,5.860388046130538e-05
1193,449797,31,5381,-5.857180440216325e-05,5.857180440216325e-05
1194,426577,29,10833,5.850325396750122e-05,5.850325396750122e-05
1195,449617,31,5201,5.846884960192256e-05,5.846884960192256e-05
1196,440752,30,10672,5.8457229897612706e-05,5.8457229897612706e-05
1197,447018,31,2602,-5.843572216690518e-05,5.843572216690518e-05
1198,446980,31,2564,-5.8424506278242916e-05,5.8424506278242916e-05
1199,317965,22,2573,-5.8404093579156324e-05,5.8404093579156324e-05
1200,444145,30,14065,5.840057201567106e-05,5.840057201567106e-05
1201,431719,30,1639,-5.8390032791066915e-05,5.8390032791066915e-05
1202,452942,31,8526,5.829254587297328e-05,5.829254587297328e-05
1203,442467,30,12387,5.828299981658347e-05,5.828299981658347e-05
1204,439479,30,9399,-5.8240348153049126e-05,5.8240348153049126e-05
1205,447956,31,3540,-5.8234432799508795e-05,5.8234432799508795e-05
1206,450880,31,6464,-5.819920261274092e-05,5.819920261274092e-05
1207,441333,30,11253,-5.808931382489391e-05,5.808931382489391e-05
1208,451107,31,6691,-5.8088564401259646e-05,5.8088564401259646e-05
1209,416002,29,258,-5.8075518609257415e-05,5.8075518609257415e-05
1210,452730,31,8314,5.7993584050564095e-05,5.7993584050564095e-05
1211,455313,31,10897,-5.798360507469624e-05,5.798360507469624e-05
1212,439037,30,8957,5.796225377707742e-05,5.796225377707742e-05
1213,451927,31,7511,5.793435047962703e-05,5.793435047962703e-05
1214,445281,31,865,5.7923145504901186e-05,5.7923145504901186e-05
1215,458589,31,14173,5.791124567622319e-05,5.791124567622319e-05
1216,430500,30,420,-5.786191104562022e-05,5.786191104562022e-05
1217,188495,13,2127,5.7786171964835376e-05,5.7786171964835376e-05
1218,444511,31,95,5.777990008937195e-05,5.777990008937195e-05
1219,455186,31,10770,5.7771361753111705e-05,5.7771361753111705e-05
1220,175633,12,3601,-5.7757864851737395e-05,5.7757864851737395e-05
1221,457454,31,13038,5.764278830611147e-05,5.764278830611147e-05
1222,439375,30,9295,-5.749220144934952e-05,5.749220144934952e-05
1223,455381,31,10965,5.747530303779058e-05,5.747530303779058e-05
1224,451655,31,7239,5.746188253397122e-05,5.746188253397122e-05
1225,454771,31,10355,5.743286601500586e-05,5.743286601500586e-05
1226,446030,31,1614,5.740166307077743e-05,5.740166307077743e-05
1227,452750,31,8334,-5.7394365285290405e-05,5.7394365285290405e-05
1228,429001,29,13257,5.7371700677322224e-05,5.7371700677322224e-05
1229,455164,31,10748,-5.735517697758041e-05,5.735517697758041e-05
1230,369713,25,11313,-5.7339326303917915e-05,5.7339326303917915e-05
1231,449952,31,5536,5.7287714298581704e-05,5.7287714298581704e-05
1232,205767,14,5063,5.719401815440506e-05,5.719401815440506e-05
1233,445449,31,1033,5.7135115639539436e-05,5.7135115639539436e-05
1234,444428,31,12,5.712156053050421e-05,5.712156053050421e-05
1235,448687,31,4271,-5.7075434597209096e-05,5.7075434597209096e-05
1236,448686,31,4270,5.705804142053239e-05,5.705804142053239e-05
1237,457240,31,12824,5.705357398255728e-05,5.705357398255728e-05
1238,446084,31,1668,5.705266448785551e-05,5.705266448785551e-05
1239,453954,31,9538,5.7043263950617984e-05,5.7043263950617984e-05
1240,431036,30,956,5.7034005294553936e-05,5.7034005294553936e-05
1241,449238,31,4822,-5.6991524616023526e-05,5.6991524616023526e-05
1242,442096,30,12016,-5.6961180234793574e-05,5.6961180234793574e-05
1243,454821,31,10405,-5.6912067520897835e-05,5.6912067520897835e-05
1244,447171,31,2755,5.685096766683273e-05,5.685096766683273e-05
1245,456297,31,11881,5.6841356126824394e-05,5.6841356126824394e-05
1246,441392,30,11312,-5.6786739150993526e-05,5.6786739150993526e-05
1247,450382,31,5966,5.671544204233214e-05,5.671544204233214e-05
1248,430146,30,66,5.6705208407947794e-05,5.6705208407947794e-05
1249,453803,31,9387,5.66982344025746e-05,5.66982344025746e-05
1250,222401,15,7361,5.655690256389789e-05,5.655690256389789e-05
1251,448880,31,4464,5.644764314638451e-05,5.644764314638451e-05
1252,451601,31,7185,-5.6433535064570606e-05,5.6433535064570606e-05
1253,456855,31,12439,5.642713949782774e-05,5.642713949782774e-05
1254,446070,31,1654,-5.636320565827191e-05,5.636320565827191e-05
1255,442222,30,12142,5.633138061966747e-05,5.633138061966747e-05
1256,444591,31,175,5.6290471547981724e-05,5.6290471547981724e-05
1257,454846,31,10430,-5.627570135402493e-05,5.627570135402493e-05
1258,450064,31,5648,-5.624078039545566e-05,5.624078039545566e-05
1259,447214,31,2798,-5.62222812732216e-05,5.62222812732216e-05
1260,453093,31,8677,-5.605464684776962e-05,5.605464684776962e-05
1261,427885,29,12141,5.6036973546724766e-05,5.6036973546724766e-05
1262,424760,29,9016,-5.601947850664146e-05,5.601947850664146e-05
1263,168657,11,10961,5.601639350061305e-05,5.601639350061305e-05
1264,429566,29,13822,-5.5988202802836895e-05,5.5988202802836895e-05
1265,439495,30,9415,5.5987075029406697e-05,5.5987075029406697e-05
1266,451670,31,7254,-5.5949974921531975e-05,5.5949974921531975e-05
1267,446731,31,2315,5.589171632891521e-05,5.589171632891521e-05
1268,453283,31,8867,5.588150816038251e-05,5.588150816038251e-05
1269,448747,31,4331,-5.585439794231206e-05,5.585439794231206e-05
1270,301079,21,23,-5.584006066783331e-05,5.584006066783331e-05
1271,425629,29,9885,5.577399497269653e-05,5.577399497269653e-05
1272,341493,23,11765,-5.5702272220514715e-05,5.5702272220514715e-05
1273,444164,30,14084,-5.568890992435627e-05,5.568890992435627e-05
1274,455142,31,10726,5.567140760831535e-05,5.567140760831535e-05
1275,453130,31,8714,-5.5657164921285585e-05,5.5657164921285585e-05
1276,403656,28,2248,-5.56562481506262e-05,5.56562481506262e-05
1277,432390,30,2310,-5.5594620789634064e-05,5.5594620789634064e-05
1278,452826,31,8410,5.5557331506861374e-05,5.5557331506861374e-05
1279,455556,31,11140,-5.55391343368683e-05,5.55391343368683e-05
1280,454493,31,10077,-5.547424734686501e-05,5.547424734686501e-05
1281,441745,30,11665,5.539530684472993e-05,5.539530684472993e-05
1282,445065,31,649,5.536428216146305e-05,5.536428216146305e-05
1283,455850,31,11434,5.528690599021502e-05,5.528690599021502e-05
1284,450943,31,6527,5.5255975894397125e-05,5.5255975894397125e-05
1285,437294,30,7214,-5.5172065913211554e-05,5.5172065913211554e-05
1286,455742,31,11326,5.509731636266224e-05,5.509731636266224e-05
1287,373519,26,783,5.505751323653385e-05,5.505751323653385e-05
1288,203566,14,2862,-5.504688306245953e-05,5.504688306245953e-05
1289,227703,15,12663,5.504305590875447e-05,5.504305590875447e-05
1290,449079,31,4663,5.4998741688905284e-05,5.4998741688905284e-05
1291,455614,31,11198,5.4976961109787226e-05,5.4976961109787226e-05
1292,449692,31,5276,-5.496767334989272e-05,5.496767334989272e-05
1293,436031,30,5951,5.496698213391937e-05,5.496698213391937e-05
1294,453366,31,8950,5.4966978495940566e-05,5.4966978495940566e-05
1295,450853,31,6437,-5.4899843235034496e-05,5.4899843235034496e-05
1296,456712,31,12296,-5.477827289723791e-05,5.477827289723791e-05
1297,455141,31,10725,5.475871512317099e-05,5.475871512317099e-05
1298,456588,31,12172,-5.471375334309414e-05,5.471375334309414e-05
1299,445841,31,1425,-5.471285476232879e-05,5.471285476232879e-05
1300,446999,31,2583,5.4675743740517646e-05,5.4675743740517646e-05
1301,458635,31,14219,5.467019582283683e-05,5.467019582283683e-05
1302,450938,31,6522,-5.4665899369865656e-05,5.4665899369865656e-05
1303,436934,30,6854,5.461999899125658e-05,5.461999899125658e-05
1304,442520,30,12440,-5.461727050715126e-05,5.461727050715126e-05
1305,456980,31,12564,5.448973388411105e-05,5.448973388411105e-05
1306,406321,28,4913,5.4478889069287106e-05,5.4478889069287106e-05
1307,457516,31,13100,-5.4450356401503086e-05,5.4450356401503086e-05
1308,436540,30,6460,5.44462600373663e-05,5.44462600373663e-05
1309,443370,30,13290,-5.437842264655046e-05,5.437842264655046e-05
1310,444485,31,69,-5.435042112367228e-05,5.435042112367228e-05
1311,450611,31,6195,5.434511331259273e-05,5.434511331259273e-05
1312,410141,28,8733,-5.4310232371790335e-05,5.4310232371790335e-05
1313,352508,24,8444,-5.4270603868644685e-05,5.4270603868644685e-05
1314,457093,31,12677,-5.4252341215033084e-05,5.4252341215033084e-05
1315,448036,31,3620,5.411411257227883e-05,5.411411257227883e-05
1316,421149,29,5405,5.4080592235550284e-05,5.4080592235550284e-05
1317,439155,30,9075,-5.405697083915584e-05,5.405697083915584e-05
1318,442474,30,12394,5.405190313467756e-05,5.405190313467756e-05
1319,432272,30,2192,5.394506297307089e-05,5.394506297307089e-05
1320,423467,29,7723,5.394356412580237e-05,5.394356412580237e-05
1321,454591,31,10175,-5.3935473260935396e-05,5.3935473260935396e-05
1322,448902,31,4486,-5.390270598581992e-05,5.390270598581992e-05
1323,445845,31,1429,5.389273792388849e-05,5.389273792388849e-05
1324,432106,30,2026,5.387536293710582e-05,5.387536293710582e-05
1325,445544,31,1128,-5.382351082516834e-05,5.382351082516834e-05
1326,440848,30,10768,-5.381687878980301e-05,5.381687878980301e-05
1327,457054,31,12638,5.380213769967668e-05,5.380213769967668e-05
1328,415611,28,14203,5.3769905207445845e-05,5.3769905207445845e-05
1329,458616,31,14200,-5.3767591452924535e-05,5.3767591452924535e-05
1330,433179,30,3099,-5.373502790462226e-05,5.373502790462226e-05
1331,454499,31,10083,5.367580524762161e-05,5.367580524762161e-05
1332,456291,31,11875,-5.367320409277454e-05,5.367320409277454e-05
1333,444836,31,420,5.36372244823724e-05,5.36372244823724e-05
1334,445473,31,1057,-5.3576266509480774e-05,5.3576266509480774e-05
1335,410645,28,9237,-5.346228135749698e-05,5.346228135749698e-05
1336,448409,31,3993,-5.3386916988529265e-05,5.3386916988529265e-05
1337,449901,31,5485,5.3345913329394534e-05,5.3345913329394534e-05
1338,444431,31,15,5.331826469046064e-05,5.331826469046064e-05
1339,421335,29,5591,-5.331592183210887e-05,5.331592183210887e-05
1340,432138,30,2058,-5.331500869942829e-05,5.331500869942829e-05
1341,202168,14,1464,-5.3198757086647674e-05,5.3198757086647674e-05
1342,437984,30,7904,-5.319857154972851e-05,5.319857154972851e-05
1343,229834,16,458,5.319346746546216e-05,5.319346746546216e-05
1344,425713,29,9969,-5.3187035518931225e-05,5.3187035518931225e-05
1345,446156,31,1740,-5.3150135499890894e-05,5.3150135499890894e-05
1346,435950,30,5870,5.309465268510394e-05,5.309465268510394e-05
1347,448589,31,4173,-5.304114529280923e-05,5.304114529280923e-05
1348,432165,30,2085,-5.300977863953449e-05,5.300977863953449e-05
1349,444681,31,265,5.287461681291461e-05,5.287461681291461e-05
1350,454824,31,10408,-5.282097481540404e-05,5.282097481540404e-05
1351,453490,31,9074,-5.277056334307417e-05,5.277056334307417e-05
1352,416917,29,1173,-5.27581105416175e-05,5.27581105416175e-05
1353,446612,31,2196,-5.2755523938685656e-05,5.2755523938685656e-05
1354,435985,30,5905,5.273729038890451e-05,5.273729038890451e-05
1355,449388,31,4972,-5.2731156756635755e-05,5.2731156756635755e-05
1356,452736,31,8320,-5.2700146625284106e-05,5.2700146625284106e-05
1357,220433,15,5393,5.26878320670221e-05,5.26878320670221e-05
1358,439974,30,9894,-5.26748517586384e-05,5.26748517586384e-05
1359,448128,31,3712,-5.267063534120098e-05,5.267063534120098e-05
1360,458278,31,13862,5.264597712084651e-05,5.264597712084651e-05
1361,451044,31,6628,-5.261128899292089e-05,5.261128899292089e-05
1362,417707,29,1963,5.2561688789865e-05,5.2561688789865e-05
1363,436951,30,6871,5.254198549664579e-05,5.254198549664579e-05
1364,448335,31,3919,5.2538718591677025e-05,5.2538718591677025e-05
1365,437265,30,7185,-5.241106919129379e-05,5.241106919129379e-05
1366,429570,29,13826,5.238605081103742e-05,5.238605081103742e-05
1367,457328,31,12912,-5.230612805462442e-05,5.230612805462442e-05
1368,286503,19,14119,5.2300259994808584e-05,5.2300259994808584e-05
1369,455928,31,11512,-5.2291539759607986e-05,5.2291539759607986e-05
1370,446556,31,2140,-5.226553184911609e-05,5.226553184911609e-05
1371,418590,29,2846,-5.222237086854875e-05,5.222237086854875e-05
1372,453816,31,9400,5.215142300585285e-05,5.215142300585285e-05
1373,456640,31,12224,5.21216461493168e-05,5.21216461493168e-05
1374,448817,31,4401,5.2090581448283046e-05,5.2090581448283046e-05
1375,446238,31,1822,-5.209020309848711e-05,5.209020309848711e-05
1376,455753,31,11337,5.208863876760006e-05,5.208863876760006e-05
1377,446394,31,1978,5.208010406931862e-05,5.208010406931862e-05
1378,419234,29,3490,5.204495755606331e-05,5.204495755606331e-05
1379,449076,31,4660,5.202286411076784e-05,5.202286411076784e-05
1380,458639,31,14223,-5.201557723921724e-05,5.201557723921724e-05
1381,455597,31,11181,5.198463986744173e-05,5.198463986744173e-05
1382,441994,30,11914,5.193555261939764e-05,5.193555261939764e-05
1383,457838,31,13422,5.188733121030964e-05,5.188733121030964e-05
1384,452466,31,8050,5.186138878343627e-05,5.186138878343627e-05
1385,447716,31,3300,5.183156827115454e-05,5.183156827115454e-05
1386,434373,30,4293,-5.179267827770673e-05,5.179267827770673e-05
1387,446354,31,1938,5.179030995350331e-05,5.179030995350331e-05
1388,449010,31,4594,-5.177833008929156e-05,5.177833008929156e-05
1389,457605,31,13189,5.1767612603725865e-05,5.1767612603725865e-05
1390,429834,29,14090,5.173045428819023e-05,5.173045428819023e-05
1391,447111,31,2695,5.166983828530647e-05,5.166983828530647e-05
1392,444798,31,382,5.165147013030946e-05,5.165147013030946e-05
1393,430698,30,618,5.161882654647343e-05,5.161882654647343e-05
1394,446566,31,2150,5.1578477723523974e-05,5.1578477723523974e-05
1395,446231,31,1815,-5.154142127139494e-05,5.154142127139494e-05
1396,449523,31,5107,-5.143633461557329e-05,5.143633461557329e-05
1397,430813,30,733,5.142540976521559e-05,5.142540976521559e-05
1398,438046,30,7966,-5.142425652593374e-05,5.142425652593374e-05
1399,455425,31,11009,-5.1415183406788856e-05,5.1415183406788856e-05
1400,431812,30,1732,5.14043313160073e-05,5.14043313160073e-05
1401,410319,28,8911,5.1394206820987165e-05,5.1394206820987165e-05
1402,429338,29,13594,5.137361949891783e-05,5.137361949891783e-05
1403,445148,31,732,5.136203617439605e-05,5.136203617439605e-05
1404,455750,31,11334,5.13055274495855e-05,5.13055274495855e-05
1405,451276,31,6860,-5.128973862156272e-05,5.128973862156272e-05
1406,450348,31,5932,-5.126428004587069e-05,5.126428004587069e-05
1407,442526,30,12446,-5.126029282109812e-05,5.126029282109812e-05
1408,456827,31,12411,-5.12292463099584e-05,5.12292463099584e-05
1409,415741,28,14333,5.122245420352556e-05,5.122245420352556e-05
1410,435460,30,5380,-5.1222057663835585e-05,5.1222057663835585e-05
1411,449041,31,4625,-5.120541754877195e-05,5.120541754877195e-05
1412,409997,28,8589,-5.118158514960669e-05,5.118158514960669e-05
1413,456783,31,12367,-5.117854743730277e-05,5.117854743730277e-05
1414,446611,31,2195,-5.114481973578222e-05,5.114481973578222e-05
1415,453449,31,9033,-5.113923180033453e-05,5.113923180033453e-05
1416,457825,31,13409,-5.110344500280917e-05,5.110344500280917e-05
1417,447291,31,2875,-5.109846097184345e-05,5.109846097184345e-05
1418,450746,31,6330,-5.109660196467303e-05,5.109660196467303e-05
1419,416667,29,923,5.1032307965215296e-05,5.1032307965215296e-05
1420,444257,30,14177,5.10051213495899e-05,5.10051213495899e-05
1421,431387,30,1307,-5.09919882460963e-05,5.09919882460963e-05
1422,458304,31,13888,-5.087622412247583e-05,5.087622412247583e-05
1423,395994,27,8922,-5.086459350422956e-05,5.086459350422956e-05
1424,438367,30,8287,-5.0842711061704904e-05,5.0842711061704904e-05
1425,452910,31,8494,-5.077040987089276e-05,5.077040987089276e-05
1426,439817,30,9737,5.075123772257939e-05,5.075123772257939e-05
1427,431505,30,1425,-5.071064151707105e-05,5.071064151707105e-05
1428,448406,31,3990,5.069078542874195e-05,5.069078542874195e-05
1429,453111,31,8695,-5.0671711505856365e-05,5.0671711505856365e-05
1430,434120,30,4040,5.054998837294988e-05,5.054998837294988e-05
1431,452180,31,7764,5.051355401519686e-05,5.051355401519686e-05
1432,414660,28,13252,5.0495022151153535e-05,5.0495022151153535e-05
1433,447816,31,3400,5.04522213304881e-05,5.04522213304881e-05
1434,444522,31,106,5.043282362748869e-05,5.043282362748869e-05
1435,452136,31,7720,-5.042969496571459e-05,5.042969496571459e-05
1436,451731,31,7315,5.041573604103178e-05,5.041573604103178e-05
1437,439123,30,9043,-5.040526593802497e-05,5.040526593802497e-05
1438,440276,30,10196,-5.040474206907675e-05,5.040474206907675e-05
1439,442241,30,12161,5.039591633249074e-05,5.039591633249074e-05
1440,438444,30,8364,5.0346403440926224e-05,5.0346403440926224e-05
1441,420483,29,4739,5.030413740314543e-05,5.030413740314543e-05
1442,449765,31,5349,5.0298654969083145e-05,5.0298654969083145e-05
1443,446334,31,1918,-5.0276801630388945e-05,5.0276801630388945e-05
1444,456294,31,11878,5.0266182370251045e-05,5.0266182370251045e-05
1445,446704,31,2288,-5.019637683290057e-05,5.019637683290057e-05
1446,435708,30,5628,-5.0180307880509645e-05,5.0180307880509645e-05
1447,435865,30,5785,-5.0130845920648426e-05,5.0130845920648426e-05
1448,375358,26,2622,-5.0112284952774644e-05,5.0112284952774644e-05
1449,449969,31,5553,5.010550739825703e-05,5.010550739825703e-05
1450,448662,31,4246,5.007960135117173e-05,5.007960135117173e-05
1451,444747,31,331,5.004569538868964e-05,5.004569538868964e-05
1452,424676,29,8932,4.9984981160378084e-05,4.9984981160378084e-05
1453,446476,31,2060,4.997873475076631e-05,4.997873475076631e-05
1454,449390,31,4974,4.9973798013525084e-05,4.9973798013525084e-05
1455,397572,27,10500,-4.9966027290793136e-05,4.9966027290793136e-05
1456,458722,31,14306,-4.992913454771042e-05,4.992913454771042e-05
1457,454682,31,10266,4.992384492652491e-05,4.992384492652491e-05
1458,426826,29,11082,-4.990037632524036e-05,4.990037632524036e-05
1459,450249,31,5833,4.986613566870801e-05,4.986613566870801e-05
1460,458057,31,13641,-4.9808215408120304e-05,4.9808215408120304e-05
1461,450357,31,5941,4.980133235221729e-05,4.980133235221729e-05
1462,457435,31,13019,-4.976790660293773e-05,4.976790660293773e-05
1463,182939,12,10907,-4.975388219463639e-05,4.975388219463639e-05
1464,454171,31,9755,-4.971066300640814e-05,4.971066300640814e-05
1465,424400,29,8656,4.96736029163003e-05,4.96736029163003e-05
1466,409393,28,7985,-4.967343920725398e-05,4.967343920725398e-05
1467,448133,31,3717,-4.964033723808825e-05,4.964033723808825e-05
1468,444818,31,402,-4.9637452320894226e-05,4.9637452320894226e-05
1469,447630,31,3214,-4.955903932568617e-05,4.955903932568617e-05
1470,432629,30,2549,-4.954580799676478e-05,4.954580799676478e-05
1471,452884,31,8468,-4.953253665007651e-05,4.953253665007651e-05
1472,387233,27,161,-4.9444759497419e-05,4.9444759497419e-05
1473,447326,31,2910,-4.944141983287409e-05,4.944141983287409e-05
1474,202145,14,1441,4.9420184950577095e-05,4.9420184950577095e-05
1475,436308,30,6228,-4.940591679769568e-05,4.940591679769568e-05
1476,416182,29,438,-4.9379181291442364e-05,4.9379181291442364e-05
1477,423903,29,8159,-4.9281410611001775e-05,4.9281410611001775e-05
1478,418280,29,2536,4.925981556880288e-05,4.925981556880288e-05
1479,269263,18,11215,4.922377411276102e-05,4.922377411276102e-05
1480,418879,29,3135,4.916233228868805e-05,4.916233228868805e-05
1481,426400,29,10656,-4.913520751870237e-05,4.913520751870237e-05
1482,454011,31,9595,4.9057136493502185e-05,4.9057136493502185e-05
1483,449591,31,5175,-4.901972715742886e-05,4.901972715742886e-05
1484,446237,31,1821,-4.895946040051058e-05,4.895946040051058e-05
1485,457369,31,12953,4.894973608315922e-05,4.894973608315922e-05
1486,454047,31,9631,4.8948157200356945e-05,4.8948157200356945e-05
1487,452761,31,8345,-4.892293509328738e-05,4.892293509328738e-05
1488,418534,29,2790,4.882196299149655e-05,4.882196299149655e-05
1489,441449,30,11369,-4.879234256804921e-05,4.879234256804921e-05
1490,445636,31,1220,-4.877024548477493e-05,4.877024548477493e-05
1491,444765,31,349,-4.875191007158719e-05,4.875191007158719e-05
1492,448976,31,4560,4.870124030276202e-05,4.870124030276202e-05
1493,431552,30,1472,-4.869211988989264e-05,4.869211988989264e-05
1494,433495,30,3415,-4.866079689236358e-05,4.866079689236358e-05
1495,449477,31,5061,-4.8655823775334284e-05,4.8655823775334284e-05
1496,444064,30,13984,4.8650745156919584e-05,4.8650745156919584e-05
1497,435307,30,5227,-4.862567220698111e-05,4.862567220698111e-05
1498,456598,31,12182,4.8599580622976646e-05,4.8599580622976646e-05
1499,458077,31,13661,-4.859468754148111e-05,4.859468754148111e-05
1500,217784,15,2744,4.857114254264161e-05,4.857114254264161e-05
1501,451503,31,7087,-4.847949821851216e-05,4.847949821851216e-05
1502,436792,30,6712,4.845439980272204e-05,4.845439980272204e-05
1503,434337,30,4257,4.844532304559834e-05,4.844532304559834e-05
1504,202397,14,1693,4.8440528189530596e-05,4.8440528189530596e-05
1505,446846,31,2430,4.8422592954011634e-05,4.8422592954011634e-05
1506,454592,31,10176,-4.8421228711958975e-05,4.8421228711958975e-05
1507,448290,31,3874,4.838244058191776e-05,4.838244058191776e-05
1508,456480,31,12064,4.838178938371129e-05,4.838178938371129e-05
1509,450637,31,6221,4.822797200176865e-05,4.822797200176865e-05
1510,436892,30,6812,-4.822239498025738e-05,4.822239498025738e-05
1511,451920,31,7504,-4.81808019685559e-05,4.81808019685559e-05
1512,144213,10,853,-4.814937710762024e-05,4.814937710762024e-05
1513,407861,28,6453,-4.808321318705566e-05,4.808321318705566e-05
1514,376201,26,3465,-4.806254946743138e-05,4.806254946743138e-05
1515,406008,28,4600,-4.8049121687654406e-05,4.8049121687654406e-05
1516,452474,31,8058,4.8019614041550085e-05,4.8019614041550085e-05
1517,435849,30,5769,-4.8012472689151764e-05,4.8012472689151764e-05
1518,438999,30,8919,-4.796399662154727e-05,4.796399662154727e-05
1519,456830,31,12414,4.784169505001046e-05,4.784169505001046e-05
1520,434471,30,4391,4.7830002586124465e-05,4.7830002586124465e-05
1521,457161,31,12745,4.7820471081649885e-05,4.7820471081649885e-05
1522,453591,31,9175,4.7785171773284674e-05,4.7785171773284674e-05
1523,444712,31,296,-4.772372267325409e-05,4.772372267325409e-05
1524,455591,31,11175,-4.763115430250764e-05,4.763115430250764e-05
1525,452798,31,8382,4.760679439641535e-05,4.760679439641535e-05
1526,446547,31,2131,-4.7604138671886176e-05,4.7604138671886176e-05
1527,445840,31,1424,-4.758225259138271e-05,4.758225259138271e-05
1528,447346,31,2930,-4.757591159432195e-05,4.757591159432195e-05
1529,242339,16,12963,4.7561985411448404e-05,4.7561985411448404e-05
1530,453163,31,8747,-4.7536130296066403e-05,4.7536130296066403e-05
1531,450926,31,6510,-4.7508932766504586e-05,4.7508932766504586e-05
1532,453096,31,8680,-4.748473293147981e-05,4.748473293147981e-05
1533,433933,30,3853,4.748101127916016e-05,4.748101127916016e-05
1534,455802,31,11386,-4.7465291572734714e-05,4.7465291572734714e-05
1535,436561,30,6481,4.742328746942803e-05,4.742328746942803e-05
1536,410454,28,9046,4.74204498459585e-05,4.74204498459585e-05
1537,453214,31,8798,4.7413763240911067e-05,4.7413763240911067e-05
1538,451002,31,6586,-4.7392837586812675e-05,4.7392837586812675e-05
1539,439409,30,9329,4.7358636948047206e-05,4.7358636948047206e-05
1540,446712,31,2296,4.732479283120483e-05,4.732479283120483e-05
1541,162597,11,4901,4.7315133997472e-05,4.7315133997472e-05
1542,277728,19,5344,4.73035397590138e-05,4.73035397590138e-05
1543,452381,31,7965,4.728560088551603e-05,4.728560088551603e-05
1544,449045,31,4629,-4.727369741885923e-05,4.727369741885923e-05
1545,425503,29,9759,4.727061605080962e-05,4.727061605080962e-05
1546,403767,28,2359,4.7199973778333515e-05,4.7199973778333515e-05
1547,439777,30,9697,-4.719198477687314e-05,4.719198477687314e-05
1548,449360,31,4944,-4.71673411084339e-05,4.71673411084339e-05
1549,452096,31,7680,4.714388705906458e-05,4.714388705906458e-05
1550,171622,11,13926,-4.713260568678379e-05,4.713260568678379e-05
1551,432714,30,2634,4.71312268928159e-05,4.71312268928159e-05
1552,439404,30,9324,4.708181950263679e-05,4.708181950263679e-05
1553,451922,31,7506,4.707396510639228e-05,4.707396510639228e-05
1554,455571,31,11155,4.706235995399766e-05,4.706235995399766e-05
1555,412649,28,11241,-4.705472747446038e-05,4.705472747446038e-05
1556,442045,30,11965,4.70367340312805e-05,4.70367340312805e-05
1557,439326,30,9246,4.701083162217401e-05,4.701083162217401e-05
1558,447261,31,2845,4.698603879660368e-05,4.698603879660368e-05
1559,453268,31,8852,4.6979403123259544e-05,4.6979403123259544e-05
1560,448477,31,4061,-4.696000542026013e-05,4.696000542026013e-05
1561,440241,30,10161,-4.695815368904732e-05,4.695815368904732e-05
1562,197162,13,10794,4.695481402450241e-05,4.695481402450241e-05
1563,169837,11,12141,4.695052484748885e-05,4.695052484748885e-05
1564,444829,31,413,-4.692762377089821e-05,4.692762377089821e-05
1565,428519,29,12775,-4.691644062404521e-05,4.691644062404521e-05
1566,432751,30,2671,-4.689351771958172e-05,4.689351771958172e-05
1567,305778,21,4722,4.687847103923559e-05,4.687847103923559e-05
1568,232119,16,2743,4.6873163228156045e-05,4.6873163228156045e-05
1569,206596,14,5892,4.686139800469391e-05,4.686139800469391e-05
1570,453262,31,8846,4.684572195401415e-05,4.684572195401415e-05
1571,448476,31,4060,4.681913196691312e-05,4.681913196691312e-05
1572,426616,29,10872,4.676975731854327e-05,4.676975731854327e-05
1573,168381,11,10685,-4.676919706980698e-05,4.676919706980698e-05
1574,451042,31,6626,-4.674600131693296e-05,4.674600131693296e-05
1575,454930,31,10514,-4.6743207349209115e-05,4.6743207349209115e-05
1576,406744,28,5336,-4.674264710047282e-05,4.674264710047282e-05
1577,453570,31,9154,-4.6738266973989084e-05,4.6738266973989084e-05
1578,421945,29,6201,-4.672459908761084e-05,4.672459908761084e-05
1579,444843,31,427,-4.669291593017988e-05,4.669291593017988e-05
1580,415016,28,13608,4.667102621169761e-05,4.667102621169761e-05
1581,442123,30,12043,4.6668814320582896e-05,4.6668814320582896e-05
1582,443789,30,13709,4.6627497795270756e-05,4.6627497795270756e-05
1583,250987,17,7275,4.662641731556505e-05,4.662641731556505e-05
1584,447546,31,3130,4.661692582885735e-05,4.661692582885735e-05
1585,433983,30,3903,-4.653900032280944e-05,4.653900032280944e-05
1586,202110,14,1406,4.648695176001638e-05,4.648695176001638e-05
1587,457068,31,12652,4.648237518267706e-05,4.648237518267706e-05
1588,422179,29,6435,4.6480407036142424e-05,4.6480407036142424e-05
1589,457398,31,12982,4.636126323021017e-05,4.636126323021017e-05
1590,408186,28,6778,4.632578566088341e-05,4.632578566088341e-05
1591,427579,29,11835,4.6281485992949456e-05,4.6281485992949456e-05
1592,445011,31,595,-4.624535358743742e-05,4.624535358743742e-05
1593,431710,30,1630,4.624390203389339e-05,4.624390203389339e-05
1594,446539,31,2123,4.6232766180764884e-05,4.6232766180764884e-05
1595,452054,31,7638,-4.621483458322473e-05,4.621483458322473e-05
1596,455829,31,11413,-4.6148205001372844e-05,4.6148205001372844e-05
1597,441510,30,11430,-4.613931378116831e-05,4.613931378116831e-05
1598,434026,30,3946,-4.608838935382664e-05,4.608838935382664e-05
1599,449552,31,5136,4.6056411520112306e-05,4.6056411520112306e-05
1600,451821,31,7405,-4.60394294350408e-05,4.60394294350408e-05
1601,436619,30,6539,4.6034572733333334e-05,4.6034572733333334e-05
1602,433086,30,3006,4.6024251787457615e-05,4.6024251787457615e-05
1603,211977,14,11273,4.6016684791538864e-05,4.6016684791538864e-05
1604,409851,28,8443,-4.60162409581244e-05,4.60162409581244e-05
1605,448448,31,4032,-4.601172258844599e-05,4.601172258844599e-05
1606,432414,30,2334,-4.598056693794206e-05,4.598056693794206e-05
1607,448840,31,4424,-4.594956772052683e-05,4.594956772052683e-05
1608,451845,31,7429,4.594870188157074e-05,4.594870188157074e-05
1609,446359,31,1943,-4.5945056626806036e-05,4.5945056626806036e-05
1610,452652,31,8236,-4.592427285388112e-05,4.592427285388112e-05
1611,435107,30,5027,4.590906610246748e-05,4.590906610246748e-05
1612,439230,30,9150,-4.590655953506939e-05,4.590655953506939e-05
1613,453203,31,8787,-4.5812561438651755e-05,4.5812561438651755e-05
1614,436458,30,6378,4.577746949507855e-05,4.577746949507855e-05
1615,452428,31,8012,-4.577435174724087e-05,4.577435174724087e-05
1616,372073,25,13673,-4.577237268676981e-05,4.577237268676981e-05
1617,380771,26,8035,-4.5745888201054186e-05,4.5745888201054186e-05
1618,434257,30,4177,-4.572069883579388e-05,4.572069883579388e-05
1619,450608,31,6192,-4.5695425797021016e-05,4.5695425797021016e-05
1620,452379,31,7963,-4.568331496557221e-05,4.568331496557221e-05
1621,282259,19,9875,4.5678116293856874e-05,4.5678116293856874e-05
1622,449154,31,4738,-4.564696428133175e-05,4.564696428133175e-05
1623,441627,30,11547,4.563861511996947e-05,4.563861511996947e-05
1624,453828,31,9412,4.561140667647123e-05,4.561140667647123e-05
1625,441415,30,11335,-4.557447027764283e-05,4.557447027764283e-05
1626,458306,31,13890,4.554525003186427e-05,4.554525003186427e-05
1627,440729,30,10649,-4.546306809061207e-05,4.546306809061207e-05
1628,432763,30,2683,4.545434421743266e-05,4.545434421743266e-05
1629,447359,31,2943,4.5448097807820886e-05,4.5448097807820886e-05
1630,446702,31,2286,-4.544734474620782e-05,4.544734474620782e-05
1631,434605,30,4525,-4.5411023165797815e-05,4.5411023165797815e-05
1632,454822,31,10406,4.539962174021639e-05,4.539962174021639e-05
1633,458539,31,14123,4.5394299377221614e-05,4.5394299377221614e-05
1634,455727,31,11311,4.537446875474416e-05,4.537446875474416e-05
1635,440466,30,10386,-4.537313725450076e-05,4.537313725450076e-05
1636,453370,31,8954,4.534611070994288e-05,4.534611070994288e-05
1637,444527,31,111,-4.5327909901971e-05,4.5327909901971e-05
1638,452516,31,8100,4.531440572463907e-05,4.531440572463907e-05
1639,447175,31,2759,-4.5224776840768754e-05,4.5224776840768754e-05
1640,446352,31,1936,-4.5191012759460136e-05,4.5191012759460136e-05
1641,437177,30,7097,4.518907007877715e-05,4.518907007877715e-05
1642,418234,29,2490,4.5180619054008275e-05,4.5180619054008275e-05
1643,419180,29,3436,4.514788815868087e-05,4.514788815868087e-05
1644,444602,31,186,4.5102777221472934e-05,4.5102777221472934e-05
1645,451617,31,7201,4.505897959461436e-05,4.505897959461436e-05
1646,436946,30,6866,4.5008546294411644e-05,4.5008546294411644e-05
1647,449661,31,5245,-4.4993608753429726e-05,4.4993608753429726e-05
1648,416713,29,969,4.4985103158978745e-05,4.4985103158978745e-05
1649,456617,31,12201,-4.497147165238857e-05,4.497147165238857e-05
1650,444972,31,556,-4.4964250264456496e-05,4.4964250264456496e-05
1651,387774,27,702,-4.496413384913467e-05,4.496413384913467e-05
1652,449531,31,5115,-4.495812390814535e-05,4.495812390814535e-05
1653,422144,29,6400,4.4943448301637545e-05,4.4943448301637545e-05
1654,354836,24,10772,-4.492871084949002e-05,4.492871084949002e-05
1655,449070,31,4654,4.489462298806757e-05,4.489462298806757e-05
1656,414147,28,12739,-4.489421553444117e-05,4.489421553444117e-05
1657,448654,31,4238,-4.4893651647726074e-05,4.4893651647726074e-05
1658,448282,31,3866,4.486833859118633e-05,4.486833859118633e-05
1659,437625,30,7545,4.4846667151432484e-05,4.4846667151432484e-05
1660,344460,24,396,4.4811265979660675e-05,4.4811265979660675e-05
1661,418154,29,2410,4.479761264519766e-05,4.479761264519766e-05
1662,446587,31,2171,4.4788823288399726e-05,4.4788823288399726e-05
1663,369164,25,10764,4.475503010326065e-05,4.475503010326065e-05
1664,427899,29,12155,4.475414607441053e-05,4.475414607441053e-05
1665,403144,28,1736,-4.474821253097616e-05,4.474821253097616e-05
1666,447551,31,3135,4.468704719329253e-05,4.468704719329253e-05
1667,451487,31,7071,4.467018516152166e-05,4.467018516152166e-05
1668,447681,31,3265,4.4646447349805385e-05,4.4646447349805385e-05
1669,410971,28,9563,-4.463387085706927e-05,4.463387085706927e-05
1670,442129,30,12049,-4.4623691792367026e-05,4.4623691792367026e-05
1671,444544,31,128,-4.4619675463764e-05,4.4619675463764e-05
1672,445153,31,737,-4.451529457583092e-05,4.451529457583092e-05
1673,453127,31,8711,-4.444886144483462e-05,4.444886144483462e-05
1674,432283,30,2203,-4.443467332748696e-05,4.443467332748696e-05
1675,450328,31,5912,-4.442347926669754e-05,4.442347926669754e-05
1676,449582,31,5166,4.432740752235986e-05,4.432740752235986e-05
1677,271866,18,13818,4.428196916705929e-05,4.428196916705929e-05
1678,456220,31,11804,4.427926614880562e-05,4.427926614880562e-05
1679,431050,30,970,-4.4247673940844834e-05,4.4247673940844834e-05
1680,416075,29,331,4.420802724780515e-05,4.420802724780515e-05
1681,414935,28,13527,-4.4140469981357455e-05,4.4140469981357455e-05
1682,195377,13,9009,4.4107320718467236e-05,4.4107320718467236e-05
1683,453927,31,9511,-4.410022665979341e-05,4.410022665979341e-05
1684,454392,31,9976,4.4068354327464476e-05,4.4068354327464476e-05
1685,447434,31,3018,4.406150765134953e-05,4.406150765134953e-05
1686,447091,31,2675,-4.405150320963003e-05,4.405150320963003e-05
1687,319825,22,4433,4.40458970842883e-05,4.40458970842883e-05
1688,452915,31,8499,-4.403321145218797e-05,4.403321145218797e-05
1689,140033,9,11009,4.400303078000434e-05,4.400303078000434e-05
1690,457821,31,13405,-4.399749741423875e-05,4.399749741423875e-05
1691,436805,30,6725,-4.398003875394352e-05,4.398003875394352e-05
1692,443716,30,13636,4.397444354253821e-05,4.397444354253821e-05
1693,454547,31,10131,4.393222479848191e-05,4.393222479848191e-05
1694,452088,31,7672,-4.392615664983168e-05,4.392615664983168e-05
1695,422830,29,7086,-4.385197098599747e-05,4.385197098599747e-05
1696,448165,31,3749,-4.378589801490307e-05,4.378589801490307e-05
1697,454384,31,9968,-4.377444929559715e-05,4.377444929559715e-05
1698,452800,31,8384,4.376089054858312e-05,4.376089054858312e-05
1699,437946,30,7866,4.374115087557584e-05,4.374115087557584e-05
1700,425577,29,9833,4.3738378735724837e-05,4.3738378735724837e-05
1701,439107,30,9027,-4.361773608252406e-05,4.361773608252406e-05
1702,444996,31,580,4.3598312913673e-05,4.3598312913673e-05
1703,423242,29,7498,4.358445949037559e-05,4.358445949037559e-05
1704,456789,31,12373,-4.3547541281441227e-05,4.3547541281441227e-05
1705,444783,31,367,4.354682823759504e-05,4.354682823759504e-05
1706,415220,28,13812,-4.352881296654232e-05,4.352881296654232e-05
1707,410566,28,9158,-4.349035589257255e-05,4.349035589257255e-05
1708,433157,30,3077,4.344334593042731e-05,4.344334593042731e-05
1709,447360,31,2944,-4.344179615145549e-05,4.344179615145549e-05
1710,452695,31,8279,4.343757245806046e-05,4.343757245806046e-05
1711,457757,31,13341,-4.3431573431007564e-05,4.3431573431007564e-05
1712,428415,29,12671,-4.342797546996735e-05,4.342797546996735e-05
1713,431637,30,1557,4.3398136767791584e-05,4.3398136767791584e-05
1714,445371,31,955,4.339765291661024e-05,4.339765291661024e-05
1715,422544,29,6800,4.336271376814693e-05,4.336271376814693e-05
1716,442486,30,12406,-4.335791527410038e-05,4.335791527410038e-05
1717,448177,31,3761,-4.326058115111664e-05,4.326058115111664e-05
1718,122191,8,7503,-4.3252453906461596e-05,4.3252453906461596e-05
1719,455588,31,11172,-4.323892426327802e-05,4.323892426327802e-05
1720,248086,17,4374,-4.3215077312197536e-05,4.3215077312197536e-05
1721,412616,28,11208,4.320707739680074e-05,4.320707739680074e-05
1722,447540,31,3124,4.319519939599559e-05,4.319519939599559e-05
1723,424411,29,8667,-4.3192714656470343e-05,4.3192714656470343e-05
1724,419496,29,3752,4.307376002543606e-05,4.307376002543606e-05
1725,438222,30,8142,-4.306766641093418e-05,4.306766641093418e-05
1726,453867,31,9451,-4.303832247387618e-05,4.303832247387618e-05
1727,200247,13,13879,-4.3022741010645404e-05,4.3022741010645404e-05
1728,440556,30,10476,-4.300912041799165e-05,4.300912041799165e-05
1729,458506,31,14090,4.298764542909339e-05,4.298764542909339e-05
1730,442153,30,12073,4.2955678509315476e-05,4.2955678509315476e-05
1731,423020,29,7276,-4.293010351830162e-05,4.293010351830162e-05
1732,454724,31,10308,-4.2908457544399425e-05,4.2908457544399425e-05
1733,446083,31,1667,-4.287614137865603e-05,4.287614137865603e-05
1734,451954,31,7538,-4.2875908548012376e-05,4.2875908548012376e-05
1735,411336,28,9928,4.28688399551902e-05,4.28688399551902e-05
1736,432895,30,2815,4.285778049961664e-05,4.285778049961664e-05
1737,453170,31,8754,-4.284420720068738e-05,4.284420720068738e-05
1738,455672,31,11256,4.282886584405787e-05,4.282886584405787e-05
1739,456450,31,12034,-4.28195962740574e-05,4.28195962740574e-05
1740,404913,28,3505,-4.280422945157625e-05,4.280422945157625e-05
1741,448258,31,3842,4.279754648450762e-05,4.279754648450762e-05
1742,449178,31,4762,-4.2781452066265047e-05,4.2781452066265047e-05
1743,450417,31,6001,-4.277500920579769e-05,4.277500920579769e-05
1744,431760,30,1680,-4.2731593566713855e-05,4.2731593566713855e-05
1745,453138,31,8722,-4.272213118383661e-05,4.272213118383661e-05
1746,442279,30,12199,4.271373472874984e-05,4.271373472874984e-05
1747,453241,31,8825,4.2701358324848115e-05,4.2701358324848115e-05
1748,437740,30,7660,4.269480996299535e-05,4.269480996299535e-05
1749,409913,28,8505,-4.2667659727158025e-05,4.2667659727158025e-05
1750,457421,31,13005,-4.2665895307436585e-05,4.2665895307436585e-05
1751,313870,21,12814,-4.2645770008675754e-05,4.2645770008675754e-05
1752,200262,13,13894,-4.262874790583737e-05,4.262874790583737e-05
1753,449751,31,5335,4.260148125467822e-05,4.260148125467822e-05
1754,448487,31,4071,-4.259881461621262e-05,4.259881461621262e-05
1755,449786,31,5370,4.2594419937813655e-05,4.2594419937813655e-05
1756,457645,31,13229,4.2588551877997816e-05,4.2588551877997816e-05
1757,444634,31,218,-4.2586838389979675e-05,4.2586838389979675e-05
1758,446649,31,2233,4.258004992152564e-05,4.258004992152564e-05
1759,409311,28,7903,4.2578743887133896e-05,4.2578743887133896e-05
1760,456424,31,12008,-4.255823296261951e-05,4.255823296261951e-05
1761,457635,31,13219,4.252275903127156e-05,4.252275903127156e-05
1762,456729,31,12313,4.252232611179352e-05,4.252232611179352e-05
1763,446014,31,1598,-4.252227154211141e-05,4.252227154211141e-05
1764,429307,29,13563,-4.250023266649805e-05,4.250023266649805e-05
1765,429011,29,13267,-4.2480962292756885e-05,4.2480962292756885e-05
1766,440219,30,10139,-4.247750621289015e-05,4.247750621289015e-05
1767,354650,24,10586,4.246921889716759e-05,4.246921889716759e-05
1768,447558,31,3142,-4.2464063881197944e-05,4.2464063881197944e-05
1769,450397,31,5981,4.2429048335179687e-05,4.2429048335179687e-05
1770,450907,31,6491,-4.2416078940732405e-05,4.2416078940732405e-05
1771,434022,30,3942,-4.240168709657155e-05,4.240168709657155e-05
1772,435403,30,5323,4.237929169903509e-05,4.237929169903509e-05
1773,454982,31,10566,-4.234483276377432e-05,4.234483276377432e-05
1774,336747,23,7019,4.2323375964770094e-05,4.2323375964770094e-05
1775,444711,31,295,-4.2319770727772266e-05,4.2319770727772266e-05
1776,197356,13,10988,-4.2273401049897075e-05,4.2273401049897075e-05
1777,193114,13,6746,-4.225050361128524e-05,4.225050361128524e-05
1778,446791,31,2375,4.224748772685416e-05,4.224748772685416e-05
1779,336396,23,6668,-4.2217448935844004e-05,4.2217448935844004e-05
1780,445533,31,1117,-4.221494236844592e-05,4.221494236844592e-05
1781,448015,31,3599,4.220538539811969e-05,4.220538539811969e-05
1782,448975,31,4559,-4.219138645567e-05,4.219138645567e-05
1783,449319,31,4903,-4.213618012727238e-05,4.213618012727238e-05
1784,196081,13,9713,4.2125757317990065e-05,4.2125757317990065e-05
1785,302888,21,1832,4.208851532894187e-05,4.208851532894187e-05
1786,430538,30,458,4.2082625441253185e-05,4.2082625441253185e-05
1787,431427,30,1347,4.2069365008501336e-05,4.2069365008501336e-05
1788,432399,30,2319,-4.203498610877432e-05,4.203498610877432e-05
1789,404383,28,2975,4.201816045679152e-05,4.201816045679152e-05
1790,433306,30,3226,-4.195480141788721e-05,4.195480141788721e-05
1791,437468,30,7388,4.194083885522559e-05,4.194083885522559e-05
1792,417765,29,2021,4.190287654637359e-05,4.190287654637359e-05
1793,428862,29,13118,-4.188262391835451e-05,4.188262391835451e-05
1794,441310,30,11230,4.1868508560582995e-05,4.1868508560582995e-05
1795,441030,30,10950,4.179696770734154e-05,4.179696770734154e-05
1796,456799,31,12383,-4.173582055955194e-05,4.173582055955194e-05
1797,430298,30,218,-4.172609624220058e-05,4.172609624220058e-05
1798,444942,31,526,-4.1715960833244026e-05,4.1715960833244026e-05
1799,440239,30,10159,-4.163929770584218e-05,4.163929770584218e-05
1800,418867,29,3123,-4.162868208368309e-05,4.162868208368309e-05
1801,445988,31,1572,-4.1575436625862494e-05,4.1575436625862494e-05
1802,446171,31,1755,-4.156785144004971e-05,4.156785144004971e-05
1803,443906,30,13826,-4.155903297942132e-05,4.155903297942132e-05
1804,424528,29,8784,4.1549403249518946e-05,4.1549403249518946e-05
1805,452762,31,8346,-4.1514515032758936e-05,4.1514515032758936e-05
1806,457991,31,13575,4.151442044530995e-05,4.151442044530995e-05
1807,428401,29,12657,4.150723907514475e-05,4.150723907514475e-05
1808,442771,30,12691,-4.150671884417534e-05,4.150671884417534e-05
1809,444464,31,48,4.1499344661133364e-05,4.1499344661133364e-05
1810,444601,31,185,-4.1483519453322515e-05,4.1483519453322515e-05
1811,433540,30,3460,-4.1476901969872415e-05,4.1476901969872415e-05
1812,431931,30,1851,4.146959327044897e-05,4.146959327044897e-05
1813,184591,12,12559,-4.143100159126334e-05,4.143100159126334e-05
1814,443359,30,13279,4.1419534682063386e-05,4.1419534682063386e-05
1815,455745,31,11329,-4.1400933696422726e-05,4.1400933696422726e-05
1816,370446,25,12046,4.139458542340435e-05,4.139458542340435e-05
1817,432353,30,2273,4.1391002014279366e-05,4.1391002014279366e-05
1818,452174,31,7758,-4.138735312153585e-05,4.138735312153585e-05
1819,446816,31,2400,-4.138346776016988e-05,4.138346776016988e-05
1820,448676,31,4260,4.136887218919583e-05,4.136887218919583e-05
1821,186534,13,166,4.1348972445121035e-05,4.1348972445121035e-05
1822,458267,31,13851,-4.133645416004583e-05,4.133645416004583e-05
1823,448724,31,4308,-4.1307481296826154e-05,4.1307481296826154e-05
1824,450691,31,6275,4.1298648284282535e-05,4.1298648284282535e-05
1825,448055,31,3639,-4.129794251639396e-05,4.129794251639396e-05
1826,457482,31,13066,4.128733417019248e-05,4.128733417019248e-05
1827,432583,30,2503,4.126788189751096e-05,4.126788189751096e-05
1828,426935,29,11191,-4.1219565900973976e-05,4.1219565900973976e-05
1829,434229,30,4149,-4.119947334402241e-05,4.119947334402241e-05
1830,399063,27,11991,4.1192899516317993e-05,4.1192899516317993e-05
1831,438707,30,8627,-4.11862856708467e-05,4.11862856708467e-05
1832,429448,29,13704,-4.1183491703122854e-05,4.1183491703122854e-05
1833,425339,29,9595,4.116471245652065e-05,4.116471245652065e-05
1834,431610,30,1530,-4.1154795326292515e-05,4.1154795326292515e-05
1835,224428,15,9388,-4.114144394407049e-05,4.114144394407049e-05
1836,452670,31,8254,-4.111857560928911e-05,4.111857560928911e-05
1837,453960,31,9544,4.1112827602773905e-05,4.1112827602773905e-05
1838,258338,18,290,4.111043381271884e-05,4.111043381271884e-05
1839,205293,14,4589,4.107275162823498e-05,4.107275162823498e-05
1840,432033,30,1953,-4.1069382859859616e-05,4.1069382859859616e-05
1841,453621,31,9205,-4.106125561520457e-05,4.106125561520457e-05
1842,212427,14,11723,-4.1055136534851044e-05,4.1055136534851044e-05
1843,431892,30,1812,-4.1022198274731636e-05,4.1022198274731636e-05
1844,454971,31,10555,-4.101944068679586e-05,4.101944068679586e-05
1845,443741,30,13661,-4.100203295820393e-05,4.100203295820393e-05
1846,434852,30,4772,-4.099963916814886e-05,4.099963916814886e-05
1847,235897,16,6521,4.099908619537018e-05,4.099908619537018e-05
1848,443610,30,13530,-4.0955201257020235e-05,4.0955201257020235e-05
1849,180544,12,8512,-4.093300231033936e-05,4.093300231033936e-05
1850,447564,31,3148,-4.090242146048695e-05,4.090242146048695e-05
1851,451558,31,7142,-4.0897059079725295e-05,4.0897059079725295e-05
1852,422420,29,6676,4.0894308767747134e-05,4.0894308767747134e-05
1853,454848,31,10432,-4.0891278331400827e-05,4.0891278331400827e-05
1854,448027,31,3611,4.082536543137394e-05,4.082536543137394e-05
1855,442885,30,12805,-4.081455699633807e-05,4.081455699633807e-05
1856,434679,30,4599,4.0813210944179446e-05,4.0813210944179446e-05
1857,411878,28,10470,4.079562859260477e-05,4.079562859260477e-05
1858,378652,26,5916,4.0749640902504325e-05,4.0749640902504325e-05
1859,182600,12,10568,-4.0730701584834605e-05,4.0730701584834605e-05
1860,309056,21,8000,4.0695478674024343e-05,4.0695478674024343e-05
1861,174754,12,2722,4.067215195391327e-05,4.067215195391327e-05
1862,434518,30,4438,-4.066478868480772e-05,4.066478868480772e-05
1863,453462,31,9046,4.0657974750502035e-05,4.0657974750502035e-05
1864,432619,30,2539,4.063751475769095e-05,4.063751475769095e-05
1865,436939,30,6859,4.063696542289108e-05,4.063696542289108e-05
1866,454677,31,10261,4.053213706356473e-05,4.053213706356473e-05
1867,456477,31,12061,-4.0520637412555516e-05,4.0520637412555516e-05
1868,435177,30,5097,4.049239942105487e-05,4.049239942105487e-05
1869,430647,30,567,4.0437702409690246e-05,4.0437702409690246e-05
1870,424737,29,8993,4.0413524402538314e-05,4.0413524402538314e-05
1871,445010,31,594,-4.0390030335402116e-05,4.0390030335402116e-05
1872,407290,28,5882,-4.035782330902293e-05,4.035782330902293e-05
1873,443436,30,13356,4.031795106129721e-05,4.031795106129721e-05
1874,413110,28,11702,-4.028580951853655e-05,4.028580951853655e-05
1875,201070,14,366,-4.0255497879115865e-05,4.0255497879115865e-05
1876,420514,29,4770,4.017888932139613e-05,4.017888932139613e-05
1877,451491,31,7075,-4.0135997551260516e-05,4.0135997551260516e-05
1878,447475,31,3059,-4.0128394175553694e-05,4.0128394175553694e-05
1879,445702,31,1286,4.011453711427748e-05,4.011453711427748e-05
1880,441615,30,11535,-4.002705099992454e-05,4.002705099992454e-05
1881,173875,12,1843,4.001223715022206e-05,4.001223715022206e-05
1882,457036,31,12620,-4.001059278380126e-05,4.001059278380126e-05
1883,441013,30,10933,-4.000125409220345e-05,4.000125409220345e-05
1884,446623,31,2207,4.000098124379292e-05,4.000098124379292e-05
1885,391846,27,4774,3.999819455202669e-05,3.999819455202669e-05
1886,129826,9,802,3.998702595708892e-05,3.998702595708892e-05
1887,454307,31,9891,3.996933810412884e-05,3.996933810412884e-05
1888,456915,31,12499,3.9923219446791336e-05,3.9923219446791336e-05
1889,419859,29,4115,-3.983506394433789e-05,3.983506394433789e-05
1890,85120,5,13440,-3.983369970228523e-05,3.983369970228523e-05
1891,445023,31,607,3.982300768257119e-05,3.982300768257119e-05
1892,440505,30,10425,-3.979756002081558e-05,3.979756002081558e-05
1893,317573,22,2181,3.9795679185772315e-05,3.9795679185772315e-05
1894,437952,30,7872,3.9786798879504204e-05,3.9786798879504204e-05
1895,295958,20,9238,-3.9769023715052754e-05,3.9769023715052754e-05
1896,423608,29,7864,3.974430728703737e-05,3.974430728703737e-05
1897,449922,31,5506,3.973416824010201e-05,3.973416824010201e-05
1898,431301,30,1221,3.9700084016658366e-05,3.9700084016658366e-05
1899,434309,30,4229,3.9691327401669696e-05,3.9691327401669696e-05
1900,456536,31,12120,-3.968248711316846e-05,3.968248711316846e-05
1901,434461,30,4381,-3.9642782212467864e-05,3.9642782212467864e-05
1902,452737,31,8321,3.9636401197640225e-05,3.9636401197640225e-05
1903,457476,31,13060,-3.95992974517867e-05,3.95992974517867e-05
1904,450894,31,6478,-3.9596936403540894e-05,3.9596936403540894e-05
1905,449766,31,5350,-3.951578037231229e-05,3.951578037231229e-05
1906,452842,31,8426,-3.9490583731094375e-05,3.9490583731094375e-05
1907,419238,29,3494,3.9481041312683374e-05,3.9481041312683374e-05
1908,202226,14,1522,-3.947152799810283e-05,3.947152799810283e-05
1909,451901,31,7485,3.945867138099857e-05,3.945867138099857e-05
1910,446383,31,1967,3.942721014027484e-05,3.942721014027484e-05
1911,439265,30,9185,3.939617454307154e-05,3.939617454307154e-05
1912,453452,31,9036,-3.935903077945113e-05,3.935903077945113e-05
1913,458086,31,13670,-3.9358463254757226e-05,3.9358463254757226e-05
1914,445565,31,1149,-3.9356862544082105e-05,3.9356862544082105e-05
1915,456693,31,12277,3.934543201467022e-05,3.934543201467022e-05
1916,390180,27,3108,-3.934375126846135e-05,3.934375126846135e-05
1917,452572,31,8156,3.9307913539232686e-05,3.9307913539232686e-05
1918,210452,14,9748,3.9295391616178676e-05,3.9295391616178676e-05
1919,440762,30,10682,-3.9279744669329375e-05,3.9279744669329375e-05
1920,432886,30,2806,3.9242440834641457e-05,3.9242440834641457e-05
1921,455199,31,10783,3.923886106349528e-05,3.923886106349528e-05
1922,454318,31,9902,3.923663098248653e-05,3.923663098248653e-05
1923,437154,30,7074,-3.92093752452638e-05,3.92093752452638e-05
1924,249894,17,6182,-3.919446317013353e-05,3.919446317013353e-05
1925,431341,30,1261,-3.917510184692219e-05,3.917510184692219e-05
1926,431631,30,1551,-3.9158832805696875e-05,3.9158832805696875e-05
1927,446754,31,2338,3.915119668818079e-05,3.915119668818079e-05
1928,419955,29,4211,3.914273111149669e-05,3.914273111149669e-05
1929,450490,31,6074,-3.9137656131060794e-05,3.9137656131060794e-05
1930,435894,30,5814,3.913610999006778e-05,3.913610999006778e-05
1931,188404,13,2036,3.9083639421733096e-05,3.9083639421733096e-05
1932,439908,30,9828,3.907222708221525e-05,3.907222708221525e-05
1933,449183,31,4767,-3.902428215951659e-05,3.902428215951659e-05
1934,393613,27,6541,3.9023558201733977e-05,3.9023558201733977e-05
1935,453926,31,9510,-3.899349758285098e-05,3.899349758285098e-05
1936,457196,31,12780,3.8977064832579345e-05,3.8977064832579345e-05
1937,436690,30,6610,3.891003143507987e-05,3.891003143507987e-05
1938,452480,31,8064,3.889662912115455e-05,3.889662912115455e-05
1939,449043,31,4627,-3.887451748596504e-05,3.887451748596504e-05
1940,455034,31,10618,-3.8873840821906924e-05,3.8873840821906924e-05
1941,450144,31,5728,3.887219645548612e-05,3.887219645548612e-05
1942,445078,31,662,-3.887001003022306e-05,3.887001003022306e-05
1943,456210,31,11794,3.88642365578562e-05,3.88642365578562e-05
1944,455360,31,10944,-3.8862905057612807e-05,3.8862905057612807e-05
1945,425227,29,9483,-3.884228863171302e-05,3.884228863171302e-05
1946,441816,30,11736,-3.881086377077736e-05,3.881086377077736e-05
1947,437490,30,7410,3.8798923924332485e-05,3.8798923924332485e-05
1948,236748,16,7372,-3.877554627251811e-05,3.877554627251811e-05
1949,403289,28,1881,3.877542621921748e-05,3.877542621921748e-05
1950,195350,13,8982,3.875531183439307e-05,3.875531183439307e-05
1951,454263,31,9847,3.875176844303496e-05,3.875176844303496e-05
1952,420668,29,4924,3.873756941175088e-05,3.873756941175088e-05
1953,210884,14,10180,3.8730624510208145e-05,3.8730624510208145e-05
1954,458078,31,13662,-3.870594082400203e-05,3.870594082400203e-05
1955,427541,29,11797,-3.869955980917439e-05,3.869955980917439e-05
1956,455762,31,11346,3.8685127947246656e-05,3.8685127947246656e-05
1957,442851,30,12771,-3.868346902891062e-05,3.868346902891062e-05
1958,447579,31,3163,3.867606574203819e-05,3.867606574203819e-05
1959,445649,31,1233,-3.8672380469506606e-05,3.8672380469506606e-05
1960,441348,30,11268,3.866462066071108e-05,3.866462066071108e-05
1961,398611,27,11539,3.8649079215247184e-05,3.8649079215247184e-05
1962,429684,29,13940,-3.8613852666458115e-05,3.8613852666458115e-05
1963,458552,31,14136,3.8554699131054804e-05,3.8554699131054804e-05
1964,447689,31,3273,3.8533606129931286e-05,3.8533606129931286e-05
1965,448602,31,4186,3.851923247566447e-05,3.851923247566447e-05
1966,438746,30,8666,3.84996019420214e-05,3.84996019420214e-05
1967,440336,30,10256,3.849652057397179e-05,3.849652057397179e-05
1968,435751,30,5671,3.843118975055404e-05,3.843118975055404e-05
1969,198661,13,12293,-3.841486613964662e-05,3.841486613964662e-05
1970,442154,30,12074,-3.841313809971325e-05,3.841313809971325e-05
1971,415758,29,14,3.8407928514061496e-05,3.8407928514061496e-05
1972,377098,26,4362,-3.83525803044904e-05,3.83525803044904e-05
1973,454345,31,9929,3.835165989585221e-05,3.835165989585221e-05
1974,447246,31,2830,-3.834821472992189e-05,3.834821472992189e-05
1975,420535,29,4791,-3.832546281046234e-05,3.832546281046234e-05
1976,441443,30,11363,3.832531365333125e-05,3.832531365333125e-05
1977,453775,31,9359,-3.827729233307764e-05,3.827729233307764e-05
1978,427754,29,12010,-3.826709871646017e-05,3.826709871646017e-05
1979,449530,31,5114,-3.823075530817732e-05,3.823075530817732e-05
1980,447785,31,3369,3.822850703727454e-05,3.822850703727454e-05
1981,453425,31,9009,3.8224359741434455e-05,3.8224359741434455e-05
1982,435874,30,5794,-3.821959035121836e-05,3.821959035121836e-05
1983,450931,31,6515,-3.8213176594581455e-05,3.8213176594581455e-05
1984,438462,30,8382,3.820561323664151e-05,3.820561323664151e-05
1985,446121,31,1705,3.818627737928182e-05,3.818627737928182e-05
1986,202263,14,1559,-3.817538163275458e-05,3.817538163275458e-05
1987,447455,31,3039,3.816274329437874e-05,3.816274329437874e-05
1988,443782,30,13702,3.8154008507262915e-05,3.8154008507262915e-05
1989,437391,30,7311,3.814200681517832e-05,3.814200681517832e-05
1990,428543,29,12799,-3.812481736531481e-05,3.812481736531481e-05
1991,444664,31,248,-3.808976543950848e-05,3.808976543950848e-05
1992,454331,31,9915,3.8068836147431284e-05,3.8068836147431284e-05
1993,456793,31,12377,-3.806875611189753e-05,3.806875611189753e-05
1994,448948,31,4532,3.8063892134232447e-05,3.8063892134232447e-05
1995,364348,25,5948,-3.805327651207335e-05,3.805327651207335e-05
1996,433517,30,3437,3.8049733120715246e-05,3.8049733120715246e-05
1997,437158,30,7078,-3.803218714892864e-05,3.803218714892864e-05
1998,453059,31,8643,-3.80318560928572e-05,3.80318560928572e-05
1999,455177,31,10761,3.801113780355081e-05,3.801113780355081e-05
2000,452016,31,7600,3.798594116233289e-05,3.798594116233289e-05
2001,426925,29,11181,-3.79630146198906e-05,3.79630146198906e-05
2002,437257,30,7177,3.79614248231519e-05,3.79614248231519e-05
2003,449823,31,5407,3.7961257476126775e-05,3.7961257476126775e-05
2004,454700,31,10284,-3.795252996496856e-05,3.795252996496856e-05
2005,456196,31,11780,-3.7946858356008306e-05,3.7946858356008306e-05
2006,450067,31,5651,-3.793220821535215e-05,3.793220821535215e-05
2007,444579,31,163,-3.792482311837375e-05,3.792482311837375e-05
2008,210580,14,9876,-3.7905803765170276e-05,3.7905803765170276e-05
2009,456486,31,12070,-3.785514127230272e-05,3.785514127230272e-05
2010,364597,25,6197,3.784121508942917e-05,3.784121508942917e-05
2011,458149,31,13733,-3.780248880502768e-05,3.780248880502768e-05
2012,454423,31,10007,3.777200618060306e-05,3.777200618060306e-05
2013,458265,31,13849,-3.7756435631308705e-05,3.7756435631308705e-05
2014,432121,30,2041,-3.7742789572803304e-05,3.7742789572803304e-05
2015,429703,29,13959,-3.772260242840275e-05,3.772260242840275e-05
2016,436401,30,6321,-3.772205673158169e-05,3.772205673158169e-05
2017,125807,8,11119,3.7719684769399464e-05,3.7719684769399464e-05
2018,416507,29,763,-3.771824776777066e-05,3.771824776777066e-05
2019,433533,30,3453,3.7711841287091374e-05,3.7711841287091374e-05
2020,448601,31,4185,3.7705311115132645e-05,3.7705311115132645e-05
2021,441781,30,11701,-3.769286195165478e-05,3.769286195165478e-05
2022,455296,31,10880,3.768335955101065e-05,3.768335955101065e-05
2023,390759,27,3687,-3.768257738556713e-05,3.768257738556713e-05
2024,457125,31,12709,3.763164204428904e-05,3.763164204428904e-05
2025,335493,23,5765,-3.758444290724583e-05,3.758444290724583e-05
2026,161665,11,3969,-3.75660638383124e-05,3.75660638383124e-05
2027,440236,30,10156,-3.756426303880289e-05,3.756426303880289e-05
2028,431204,30,1124,-3.755401121452451e-05,3.755401121452451e-05
2029,437675,30,7595,3.755169382202439e-05,3.755169382202439e-05
2030,451660,31,7244,-3.750736141228117e-05,3.750736141228117e-05
2031,236377,16,7001,3.748523522517644e-05,3.748523522517644e-05
2032,439821,30,9741,-3.747313894564286e-05,3.747313894564286e-05
2033,458288,31,13872,3.746085712919012e-05,3.746085712919012e-05
2034,420399,29,4655,-3.745252615772188e-05,3.745252615772188e-05
2035,416118,29,374,3.7447200156748295e-05,3.7447200156748295e-05
2036,446761,31,2345,3.7432102544698864e-05,3.7432102544698864e-05
2037,430186,30,106,-3.7431651435326785e-05,3.7431651435326785e-05
2038,164925,11,7229,-3.7387206248240545e-05,3.7387206248240545e-05
2039,237353,16,7977,3.7376350519480184e-05,3.7376350519480184e-05
2040,180491,12,8459,-3.7366509786807e-05,3.7366509786807e-05
2041,447834,31,3418,-3.73620459868107e-05,3.73620459868107e-05
2042,452583,31,8167,-3.7332505598897114e-05,3.7332505598897114e-05
2043,454620,31,10204,-3.7326175515772775e-05,3.7326175515772775e-05
2044,412475,28,11067,3.727675721165724e-05,3.727675721165724e-05
2045,394406,27,7334,-3.72563699784223e-05,3.72563699784223e-05
2046,440130,30,10050,-3.7231795431580395e-05,3.7231795431580395e-05
2047,436322,30,6242,3.722786277648993e-05,3.722786277648993e-05
2048,446307,31,1891,3.721757457242347e-05,3.721757457242347e-05
2049,57184,3,14176,3.718374136951752e-05,3.718374136951752e-05
2050,456939,31,12523,-3.717939034686424e-05,3.717939034686424e-05
2051,444678,31,262,3.7178957427386194e-05,3.7178957427386194e-05
2052,455557,31,11141,-3.715456841746345e-05,3.715456841746345e-05
2053,433081,30,3001,-3.715160346473567e-05,3.715160346473567e-05
2054,430705,30,625,-3.7135287129785866e-05,3.7135287129785866e-05
2055,251352,17,7640,-3.712631223606877e-05,3.712631223606877e-05
2056,455638,31,11222,3.711626777658239e-05,3.711626777658239e-05
2057,449785,31,5369,3.7111134588485584e-05,3.7111134588485584e-05
2058,210745,14,10041,-3.7094083381816745e-05,3.7094083381816745e-05
2059,447335,31,2919,-3.708211443154141e-05,3.708211443154141e-05
2060,442821,30,12741,-3.706007555592805e-05,3.706007555592805e-05
2061,455035,31,10619,-3.705910421558656e-05,3.705910421558656e-05
2062,437050,30,6970,-3.7038655136711895e-05,3.7038655136711895e-05
2063,455115,31,10699,-3.7031037209089845e-05,3.7031037209089845e-05
2064,457175,31,12759,-3.700947490870021e-05,3.700947490870021e-05
2065,448744,31,4328,3.699096123455092e-05,3.699096123455092e-05
2066,435400,30,5320,3.696055500768125e-05,3.696055500768125e-05
2067,329444,22,14052,-3.695669875014573e-05,3.695669875014573e-05
2068,452988,31,8572,3.694351471494883e-05,3.694351471494883e-05
2069,452621,31,8205,-3.689505683723837e-05,3.689505683723837e-05
2070,447654,31,3238,-3.689371078507975e-05,3.689371078507975e-05
2071,448021,31,3605,-3.687036587507464e-05,3.687036587507464e-05
2072,454894,31,10478,-3.685925912577659e-05,3.685925912577659e-05
2073,451484,31,7068,3.685429328470491e-05,3.685429328470491e-05
2074,435386,30,5306,3.681960151880048e-05,3.681960151880048e-05
2075,430372,30,292,3.680572262965143e-05,3.680572262965143e-05
2076,448552,31,4136,-3.6800058296648785e-05,3.6800058296648785e-05
2077,450201,31,5785,-3.677963468362577e-05,3.677963468362577e-05
2078,233197,16,3821,-3.677564382087439e-05,3.677564382087439e-05
2079,418097,29,2353,3.677521090139635e-05,3.677521090139635e-05
2080,456908,31,12492,3.676965206977911e-05,3.676965206977911e-05
2081,455002,31,10586,3.675570769701153e-05,3.675570769701153e-05
2082,148338,10,4978,3.6740002542501315e-05,3.6740002542501315e-05
2083,416053,29,309,3.6739125789608806e-05,3.6739125789608806e-05
2084,452589,31,8173,-3.6735160392709076e-05,3.6735160392709076e-05
2085,444234,30,14154,3.6723489756695926e-05,3.6723489756695926e-05
2086,347797,24,3733,-3.671332888188772e-05,3.671332888188772e-05
2087,440791,30,10711,3.666623524622992e-05,3.666623524622992e-05
2088,444473,31,57,-3.662905146484263e-05,3.662905146484263e-05
2089,446146,31,1730,-3.654063766589388e-05,3.654063766589388e-05
2090,455456,31,11040,3.6518056731438264e-05,3.6518056731438264e-05
2091,444433,31,17,-3.650415601441637e-05,3.650415601441637e-05
2092,410476,28,9068,3.650216240203008e-05,3.650216240203008e-05
2093,453303,31,8887,-3.649621794465929e-05,3.649621794465929e-05
2094,228359,15,13319,3.648526035249233e-05,3.648526035249233e-05
2095,246653,17,2941,-3.647869743872434e-05,3.647869743872434e-05
2096,453182,31,8766,3.647171615739353e-05,3.647171615739353e-05
2097,433637,30,3557,-3.647087578428909e-05,3.647087578428909e-05
2098,160826,11,3130,-3.646147160907276e-05,3.646147160907276e-05
2099,430333,30,253,3.645839024102315e-05,3.645839024102315e-05
2100,424094,29,8350,-3.643663148977794e-05,3.643663148977794e-05
2101,456909,31,12493,3.6429442843655124e-05,3.6429442843655124e-05
2102,453672,31,9256,3.64277366315946e-05,3.64277366315946e-05
2103,432593,30,2513,3.6425513826543465e-05,3.6425513826543465e-05
2104,218584,15,3544,-3.6403787817107514e-05,3.6403787817107514e-05
2105,238395,16,9019,-3.635764369391836e-05,3.635764369391836e-05
2106,266208,18,8160,-3.634108725236729e-05,3.634108725236729e-05
2107,443667,30,13587,-3.63039544026833e-05,3.63039544026833e-05
2108,423263,29,7519,-3.629896309575997e-05,3.629896309575997e-05
2109,446504,31,2088,3.6289227864472196e-05,3.6289227864472196e-05
2110,132224,9,3200,3.6273479054216295e-05,3.6273479054216295e-05
2111,442923,30,12843,-3.626989564509131e-05,3.626989564509131e-05
2112,451777,31,7361,-3.6248875403543934e-05,3.6248875403543934e-05
2113,451827,31,7411,3.623400698415935e-05,3.623400698415935e-05
2114,242533,16,13157,3.6212659324519336e-05,3.6212659324519336e-05
2115,447930,31,3514,3.620179631980136e-05,3.620179631980136e-05
2116,445756,31,1340,3.6194345739204437e-05,3.6194345739204437e-05
2117,347230,24,3166,3.6190693208482116e-05,3.6190693208482116e-05
2118,224554,15,9514,-3.617052789195441e-05,3.617052789195441e-05
2119,453723,31,9307,-3.61695492756553e-05,3.61695492756553e-05
2120,458126,31,13710,3.616401590988971e-05,3.616401590988971e-05
2121,457411,31,12995,-3.615372042986564e-05,3.615372042986564e-05
2122,250736,17,7024,-3.614783418015577e-05,3.614783418015577e-05
2123,445590,31,1174,3.614588058553636e-05,3.614588058553636e-05
2124,270914,18,12866,-3.613259468693286e-05,3.613259468693286e-05
2125,456437,31,12021,3.6127625207882375e-05,3.6127625207882375e-05
2126,449177,31,4761,-3.6120894947089255e-05,3.6120894947089255e-05
2127,430815,30,735,3.6120320146437734e-05,3.6120320146437734e-05
2128,440944,30,10864,-3.6097528209211305e-05,3.6097528209211305e-05
2129,456431,31,12015,3.605850361054763e-05,3.605850361054763e-05
2130,450257,31,5841,3.6055949749425054e-05,3.6055949749425054e-05
2131,425060,29,9316,-3.605220263125375e-05,3.605220263125375e-05
2132,453474,31,9058,3.603316508815624e-05,3.603316508815624e-05
2133,456832,31,12416,-3.6022272979607806e-05,3.6022272979607806e-05
2134,451495,31,7079,-3.601258504204452e-05,3.601258504204452e-05
2135,458510,31,14094,-3.5976689105154946e-05,3.5976689105154946e-05
2136,399937,27,12865,3.596781607484445e-05,3.596781607484445e-05
2137,305713,21,4657,3.5964319977210835e-05,3.5964319977210835e-05
2138,435760,30,5680,3.5955748899141327e-05,3.5955748899141327e-05
2139,441399,30,11319,-3.594775989768095e-05,3.594775989768095e-05
2140,433295,30,3215,-3.5924414987675846e-05,3.5924414987675846e-05
2141,443074,30,12994,-3.5906978155253455e-05,3.5906978155253455e-05
2142,431669,30,1589,-3.58746838173829e-05,3.58746838173829e-05
2143,310351,21,9295,3.5861259675584733e-05,3.5861259675584733e-05
2144,205193,14,4489,-3.582186036510393e-05,3.582186036510393e-05
2145,434161,30,4081,3.579877738957293e-05,3.579877738957293e-05
2146,451900,31,7484,-3.5793771530734375e-05,3.5793771530734375e-05
2147,450923,31,6507,3.5791108530247584e-05,3.5791108530247584e-05
2148,423347,29,7603,-3.577319148462266e-05,3.577319148462266e-05
2149,458670,31,14254,-3.575175651349127e-05,3.575175651349127e-05
2150,449980,31,5564,-3.575073787942529e-05,3.575073787942529e-05
2151,400729,27,13657,-3.574767833924852e-05,3.574767833924852e-05
2152,450254,31,5838,3.574241418391466e-05,3.574241418391466e-05
2153,448367,31,3951,3.574014044716023e-05,3.574014044716023e-05
2154,405790,28,4382,3.562673009582795e-05,3.562673009582795e-05
2155,161842,11,4146,-3.557923628250137e-05,3.557923628250137e-05
2156,218472,15,3432,3.557907621143386e-05,3.557907621143386e-05
2157,436699,30,6619,-3.557779928087257e-05,3.557779928087257e-05
2158,439335,30,9255,3.557043964974582e-05,3.557043964974582e-05
2159,456247,31,11831,-3.555594594217837e-05,3.555594594217837e-05
2160,402189,28,781,-3.552543057594448e-05,3.552543057594448e-05
2161,434340,30,4260,-3.551787813194096e-05,3.551787813194096e-05
2162,451116,31,6700,-3.5514996852725744e-05,3.5514996852725744e-05
2163,435914,30,5834,3.551423651515506e-05,3.551423651515506e-05
2164,449710,31,5294,3.550769542925991e-05,3.550769542925991e-05
2165,439525,30,9445,-3.544228820828721e-05,3.544228820828721e-05
2166,328197,22,12805,3.541904152370989e-05,3.541904152370989e-05
2167,380089,26,7353,-3.5417098843026906e-05,3.5417098843026906e-05
2168,408004,28,6596,3.54112489731051e-05,3.54112489731051e-05
2169,452641,31,8225,-3.540568650350906e-05,3.540568650350906e-05
2170,457611,31,13195,-3.540022225934081e-05,3.540022225934081e-05
2171,453315,31,8899,3.539853059919551e-05,3.539853059919551e-05
2172,430305,30,225,3.539146564435214e-05,3.539146564435214e-05
2173,438207,30,8127,3.538700912031345e-05,3.538700912031345e-05
2174,440741,30,10661,-3.537962766131386e-05,3.537962766131386e-05
2175,438378,30,8298,-3.537134034559131e-05,3.537134034559131e-05
2176,439754,30,9674,-3.537075826898217e-05,3.537075826898217e-05
2177,452900,31,8484,-3.533565177349374e-05,3.533565177349374e-05
2178,452956,31,8540,3.5332337574800476e-05,3.5332337574800476e-05
2179,426340,29,10596,3.531386028043926e-05,3.531386028043926e-05
2180,454109,31,9693,-3.530100002535619e-05,3.530100002535619e-05
2181,414378,28,12970,-3.526959699229337e-05,3.526959699229337e-05
2182,404067,28,2659,-3.526118234731257e-05,3.526118234731257e-05
2183,443176,30,13096,3.525736246956512e-05,3.525736246956512e-05
2184,219819,15,4779,-3.524495696183294e-05,3.524495696183294e-05
2185,452463,31,8047,-3.523309715092182e-05,3.523309715092182e-05
2186,437284,30,7204,-3.522697807056829e-05,3.522697807056829e-05
2187,368587,25,10187,-3.5197605029679835e-05,3.5197605029679835e-05
2188,450909,31,6493,-3.5195265809306875e-05,3.5195265809306875e-05
2189,187710,13,1342,-3.518805533531122e-05,3.518805533531122e-05
2190,447032,31,2616,3.5168435715604573e-05,3.5168435715604573e-05
2191,447494,31,3078,-3.5166856832802296e-05,3.5166856832802296e-05
2192,437438,30,7358,-3.516500146361068e-05,3.516500146361068e-05
2193,450349,31,5933,3.515162825351581e-05,3.515162825351581e-05
2194,446662,31,2246,3.513318733894266e-05,3.513318733894266e-05
2195,454631,31,10215,-3.5133172787027434e-05,3.5133172787027434e-05
2196,453006,31,8590,-3.5120359825668857e-05,3.5120359825668857e-05
2197,448809,31,4393,3.508936060825363e-05,3.508936060825363e-05
2198,235678,16,6302,-3.508890586090274e-05,3.508890586090274e-05
2199,377079,26,4343,3.5084987757727504e-05,3.5084987757727504e-05
2200,409676,28,8268,-3.508485679049045e-05,3.508485679049045e-05
2201,444345,30,14265,-3.5083834518445656e-05,3.5083834518445656e-05
2202,177479,12,5447,3.507613291731104e-05,3.507613291731104e-05
2203,452542,31,8126,-3.506656503304839e-05,3.506656503304839e-05
2204,152682,10,9322,3.506095163174905e-05,3.506095163174905e-05
2205,53359,3,10351,-3.505350832710974e-05,3.505350832710974e-05
2206,454751,31,10335,3.502891195239499e-05,3.502891195239499e-05
2207,446806,31,2390,-3.502293111523613e-05,3.502293111523613e-05
2208,453290,31,8874,3.499918238958344e-05,3.499918238958344e-05
2209,457985,31,13569,-3.499873128021136e-05,3.499873128021136e-05
2210,457216,31,12800,3.498063233564608e-05,3.498063233564608e-05
2211,114891,8,203,-3.497527359286323e-05,3.497527359286323e-05
2212,360142,25,1742,-3.496310819173232e-05,3.496310819173232e-05
2213,427907,29,12163,-3.4950015106005594e-05,3.4950015106005594e-05
2214,425006,29,9262,3.4931275877170265e-05,3.4931275877170265e-05
2215,173760,12,1728,3.4920682082884014e-05,3.4920682082884014e-05
2216,433110,30,3030,3.490450035315007e-05,3.490450035315007e-05
2217,444959,31,543,-3.48929752362892e-05,3.48929752362892e-05
2218,448037,31,3621,-3.4885928471339867e-05,3.4885928471339867e-05
2219,441749,30,11669,-3.4878135920735076e-05,3.4878135920735076e-05
2220,425435,29,9691,3.480168015812524e-05,3.480168015812524e-05
2221,440426,30,10346,3.479804945527576e-05,3.479804945527576e-05
2222,392765,27,5693,-3.4796128602465615e-05,3.4796128602465615e-05
2223,202477,14,1773,-3.476993151707575e-05,3.476993151707575e-05
2224,374723,26,1987,-3.4745655284496024e-05,3.4745655284496024e-05
2225,430970,30,890,3.4716744266916066e-05,3.4716744266916066e-05
2226,456673,31,12257,3.471552554401569e-05,3.471552554401569e-05
2227,431386,30,1306,3.47141976817511e-05,3.47141976817511e-05
2228,447626,31,3210,-3.46687957062386e-05,3.46687957062386e-05
2229,439344,30,9264,-3.4660155506571755e-05,3.4660155506571755e-05
2230,439814,30,9734,3.464830297161825e-05,3.464830297161825e-05
2231,175772,12,3740,3.462109452812001e-05,3.462109452812001e-05
2232,423719,29,7975,3.4611093724379316e-05,3.4611093724379316e-05
2233,255848,17,12136,-3.4586875699460506e-05,3.4586875699460506e-05
2234,445256,31,840,-3.458335777395405e-05,3.458335777395405e-05
2235,457000,31,12584,-3.4580047213239595e-05,3.4580047213239595e-05
2236,422574,29,6830,-3.4577969927340746e-05,3.4577969927340746e-05
2237,409790,28,8382,-3.457690036157146e-05,3.457690036157146e-05
2238,433411,30,3331,-3.455750993452966e-05,3.455750993452966e-05
2239,421531,29,5787,3.4532862628111616e-05,3.4532862628111616e-05
2240,435229,30,5149,3.452093733358197e-05,3.452093733358197e-05
2241,390929,27,3857,3.4494572901166975e-05,3.4494572901166975e-05
2242,110946,7,10594,-3.4485830838093534e-05,3.4485830838093534e-05
2243,242634,16,13258,3.44573418260552e-05,3.44573418260552e-05
2244,373517,26,781,-3.443641617195681e-05,3.443641617195681e-05
2245,451867,31,7451,-3.4423872421029955e-05,3.4423872421029955e-05
2246,427931,29,12187,3.4415177651681006e-05,3.4415177651681006e-05
2247,443100,30,13020,-3.437942359596491e-05,3.437942359596491e-05
2248,457180,31,12764,3.437499253777787e-05,3.437499253777787e-05
2249,436938,30,6858,-3.436624683672562e-05,3.436624683672562e-05
2250,458507,31,14091,3.4343400329817086e-05,3.4343400329817086e-05
2251,450331,31,5915,-3.434046811889857e-05,3.434046811889857e-05
2252,458037,31,13621,3.433492747717537e-05,3.433492747717537e-05
2253,412886,28,11478,-3.432534140301868e-05,3.432534140301868e-05
2254,454584,31,10168,-3.432508310652338e-05,3.432508310652338e-05
2255,440222,30,10142,3.4320535633014515e-05,3.4320535633014515e-05
2256,267467,18,9419,-3.43065221386496e-05,3.43065221386496e-05
2257,451110,31,6694,3.430404467508197e-05,3.430404467508197e-05
2258,434610,30,4530,-3.4300323022762313e-05,3.4300323022762313e-05
2259,451807,31,7391,-3.428193667787127e-05,3.428193667787127e-05
2260,403978,28,2570,3.42736930178944e-05,3.42736930178944e-05
2261,425011,29,9267,3.426720286370255e-05,3.426720286370255e-05
2262,451696,31,7280,-3.426496186875738e-05,3.426496186875738e-05
2263,445323,31,907,-3.42541461577639e-05,3.42541461577639e-05
2264,449704,31,5288,3.423929956625216e-05,3.423929956625216e-05
2265,450578,31,6162,3.423781890887767e-05,3.423781890887767e-05
2266,439717,30,9637,3.4233158658025786e-05,3.4233158658025786e-05
2267,167439,11,9743,3.422993904678151e-05,3.422993904678151e-05
2268,442254,30,12174,-3.422194276936352e-05,3.422194276936352e-05
2269,436834,30,6754,-3.421893052291125e-05,3.421893052291125e-05
2270,457908,31,13492,-3.4202173992525786e-05,3.4202173992525786e-05
2271,453708,31,9292,-3.4201359085273e-05,3.4201359085273e-05
2272,165707,11,8011,3.419782660785131e-05,3.419782660785131e-05
2273,445814,31,1398,3.418668347876519e-05,3.418668347876519e-05
2274,185368,12,13336,3.416895924601704e-05,3.416895924601704e-05
2275,444945,31,529,-3.4161246730946004e-05,3.4161246730946004e-05
2276,271158,18,13110,-3.413117156014778e-05,3.413117156014778e-05
2277,423444,29,7700,3.4127584513043985e-05,3.4127584513043985e-05
2278,441430,30,11350,-3.412100704736076e-05,3.412100704736076e-05
2279,441249,30,11169,3.410769204492681e-05,3.410769204492681e-05
2280,458080,31,13664,3.410192584851757e-05,3.410192584851757e-05
2281,450735,31,6319,-3.408843986107968e-05,3.408843986107968e-05
2282,452965,31,8549,-3.407909025554545e-05,3.407909025554545e-05
2283,440093,30,10013,3.407836629776284e-05,3.407836629776284e-05
2284,449944,31,5528,-3.40753686032258e-05,3.40753686032258e-05
2285,428887,29,13143,3.406052564969286e-05,3.406052564969286e-05
2286,302837,21,1781,3.405791721888818e-05,3.405791721888818e-05
2287,443761,30,13681,-3.405765528441407e-05,3.405765528441407e-05
2288,442478,30,12398,3.405531606404111e-05,3.405531606404111e-05
2289,444686,31,270,-3.4050328395096585e-05,3.4050328395096585e-05
2290,454282,31,9866,3.404574817977846e-05,3.404574817977846e-05
2291,447001,31,2585,-3.4036482247756794e-05,3.4036482247756794e-05
2292,177889,12,5857,-3.402609581826255e-05,3.402609581826255e-05
2293,141336,9,12312,-3.400692003197037e-05,3.400692003197037e-05
2294,453971,31,9555,3.3997977880062535e-05,3.3997977880062535e-05
2295,450320,31,5904,3.39961115969345e-05,3.39961115969345e-05
2296,453743,31,9327,3.399552952032536e-05,3.399552952032536e-05
2297,257301,17,13589,-3.3980166335823014e-05,3.3980166335823014e-05
2298,420087,29,4343,-3.3966316550504416e-05,3.3966316550504416e-05
2299,385253,26,12517,-3.394075611140579e-05,3.394075611140579e-05
2300,252867,17,9155,-3.392867438378744e-05,3.392867438378744e-05
2301,457349,31,12933,3.392497819731943e-05,3.392497819731943e-05
2302,396858,27,9786,-3.391452628420666e-05,3.391452628420666e-05
2303,451620,31,7204,-3.391183781786822e-05,3.391183781786822e-05
2304,422862,29,7118,-3.390231722733006e-05,3.390231722733006e-05
2305,446800,31,2384,3.3878619433380663e-05,3.3878619433380663e-05
2306,448325,31,3909,3.3876327506732196e-05,3.3876327506732196e-05
2307,310489,21,9433,-3.3871201594593003e-05,3.3871201594593003e-05
2308,393178,27,6106,3.386185198905878e-05,3.386185198905878e-05
2309,443920,30,13840,-3.385963645996526e-05,3.385963645996526e-05
2310,442374,30,12294,3.3844757126644254e-05,3.3844757126644254e-05
2311,223117,15,8077,-3.383812145330012e-05,3.383812145330012e-05
2312,449684,31,5268,-3.3836375223472714e-05,3.3836375223472714e-05
2313,432222,30,2142,-3.382148133823648e-05,3.382148133823648e-05
2314,181998,12,9966,-3.3819338568719104e-05,3.3819338568719104e-05
2315,434115,30,4035,-3.381198621354997e-05,3.381198621354997e-05
2316,407312,28,5904,-3.377784742042422e-05,3.377784742042422e-05
2317,194808,13,8440,-3.375753658474423e-05,3.375753658474423e-05
2318,436153,30,6073,3.374157677171752e-05,3.374157677171752e-05
2319,443742,30,13662,3.369387923157774e-05,3.369387923157774e-05
2320,436125,30,6045,-3.368915349710733e-05,3.368915349710733e-05
2321,132465,9,3441,-3.36563098244369e-05,3.36563098244369e-05
2322,445254,31,838,-3.365378506714478e-05,3.365378506714478e-05
2323,443307,30,13227,3.364465737831779e-05,3.364465737831779e-05
2324,442363,30,12283,3.364343865541741e-05,3.364343865541741e-05
2325,457588,31,13172,-3.3640470064710826e-05,3.3640470064710826e-05
2326,446555,31,2139,3.363713767612353e-05,3.363713767612353e-05
2327,457422,31,13006,3.363615178386681e-05,3.363615178386681e-05
2328,429079,29,13335,3.363513314980082e-05,3.363513314980082e-05
2329,431506,30,1426,3.362166171427816e-05,3.362166171427816e-05
2330,447821,31,3405,-3.3615338907111436e-05,3.3615338907111436e-05
2331,453073,31,8657,-3.360155824339017e-05,3.360155824339017e-05
2332,358801,25,401,3.360118716955185e-05,3.360118716955185e-05
2333,448053,31,3637,-3.358701360411942e-05,3.358701360411942e-05
2334,452817,31,8401,-3.358510002726689e-05,3.358510002726689e-05
2335,256902,17,13190,-3.357650348334573e-05,3.357650348334573e-05
2336,243067,16,13691,-3.357359310030006e-05,3.357359310030006e-05
2337,444441,31,25,-3.357251625857316e-05,3.357251625857316e-05
2338,429435,29,13691,3.357052628416568e-05,3.357052628416568e-05
2339,453885,31,9469,-3.3567481295904145e-05,3.3567481295904145e-05
2340,241706,16,12330,-3.356233355589211e-05,3.356233355589211e-05
2341,431061,30,981,3.355081571498886e-05,3.355081571498886e-05
2342,264276,18,6228,-3.354644650244154e-05,3.354644650244154e-05
2343,438899,30,8819,3.352921339683235e-05,3.352921339683235e-05
2344,454938,31,10522,-3.351777559146285e-05,3.351777559146285e-05
2345,433953,30,3873,3.3516433177283034e-05,3.3516433177283034e-05
2346,140100,9,11076,3.35027689288836e-05,3.35027689288836e-05
2347,386734,26,13998,-3.350018960190937e-05,3.350018960190937e-05
2348,197395,13,11027,-3.346530138514936e-05,3.346530138514936e-05
2349,435730,30,5650,-3.346354787936434e-05,3.346354787936434e-05
2350,440410,30,10330,3.3458614780101925e-05,3.3458614780101925e-05
2351,450869,31,6453,3.344710057717748e-05,3.344710057717748e-05
2352,419527,29,3783,3.340672265039757e-05,3.340672265039757e-05
2353,239349,16,9973,3.3403135603293777e-05,3.3403135603293777e-05
2354,419320,29,3576,3.339859176776372e-05,3.339859176776372e-05
2355,454304,31,9888,-3.3394368074368685e-05,3.3394368074368685e-05
2356,453235,31,8819,-3.339263639645651e-05,3.339263639645651e-05
2357,411850,28,10442,-3.3390679163858294e-05,3.3390679163858294e-05
2358,433830,30,3750,3.338636815897189e-05,3.338636815897189e-05
2359,455554,31,11138,-3.33830394083634e-05,3.33830394083634e-05
2360,454324,31,9908,3.337868474773131e-05,3.337868474773131e-05
2361,451188,31,6772,-3.337663656566292e-05,3.337663656566292e-05
2362,435292,30,5212,-3.337641101097688e-05,3.337641101097688e-05
2363,176351,12,4319,-3.337044836371206e-05,3.337044836371206e-05
2364,445246,31,830,3.335025394335389e-05,3.335025394335389e-05
2365,446223,31,1807,3.334994107717648e-05,3.334994107717648e-05
2366,453870,31,9454,3.3326694392599165e-05,3.3326694392599165e-05
2367,458260,31,13844,3.33161442540586e-05,3.33161442540586e-05
2368,444301,30,14221,3.330885374452919e-05,3.330885374452919e-05
2369,438534,30,8454,3.3307482226518914e-05,3.3307482226518914e-05
2370,452552,31,8136,3.329932224005461e-05,3.329932224005461e-05
2371,453403,31,8987,-3.329253013362177e-05,3.329253013362177e-05
2372,445303,31,887,-3.328777165734209e-05,3.328777165734209e-05
2373,434092,30,4012,3.328666934976354e-05,3.328666934976354e-05
2374,456581,31,12165,-3.328584352857433e-05,3.328584352857433e-05
2375,455933,31,11517,3.327598824398592e-05,3.327598824398592e-05
2376,419954,29,4210,3.3265339880017564e-05,3.3265339880017564e-05
2377,454739,31,10323,3.325724173919298e-05,3.325724173919298e-05
2378,243298,16,13922,3.324942372273654e-05,3.324942372273654e-05
2379,393311,27,6239,3.3232616260647774e-05,3.3232616260647774e-05
2380,426635,29,10891,-3.323154305689968e-05,3.323154305689968e-05
2381,435078,30,4998,-3.3227548556169495e-05,3.3227548556169495e-05
2382,432733,30,2653,3.320745236123912e-05,3.320745236123912e-05
2383,133621,9,4597,3.320701580378227e-05,3.320701580378227e-05
2384,453040,31,8624,-3.320571704534814e-05,3.320571704534814e-05
2385,198292,13,11924,-3.318865492474288e-05,3.318865492474288e-05
2386,449502,31,5086,3.318562812637538e-05,3.318562812637538e-05
2387,450927,31,6511,-3.318201197544113e-05,3.318201197544113e-05
2388,353615,24,9551,-3.3179327147081494e-05,3.3179327147081494e-05
2389,343319,23,13591,-3.316857691970654e-05,3.316857691970654e-05
2390,445208,31,792,-3.31437295244541e-05,3.31437295244541e-05
2391,444607,31,191,-3.3139909646706656e-05,3.3139909646706656e-05
2392,453387,31,8971,-3.312963599455543e-05,3.312963599455543e-05
2393,453353,31,8937,3.310668034828268e-05,3.310668034828268e-05
2394,430986,30,906,3.31006376654841e-05,3.31006376654841e-05
2395,442804,30,12724,-3.3099357096944004e-05,3.3099357096944004e-05
2396,446777,31,2361,-3.309450039523654e-05,3.309450039523654e-05
2397,456682,31,12266,3.308736268081702e-05,3.308736268081702e-05
2398,454185,31,9769,3.3074349630624056e-05,3.3074349630624056e-05
2399,413462,28,12054,3.3071759389713407e-05,3.3071759389713407e-05
2400,422018,29,6274,-3.306725193397142e-05,3.306725193397142e-05
2401,422634,29,6890,3.304510028101504e-05,3.304510028101504e-05
2402,224961,15,9921,-3.303981065982953e-05,3.303981065982953e-05
2403,399840,27,12768,3.303130142739974e-05,3.303130142739974e-05
2404,408611,28,7203,3.3023137802956626e-05,3.3023137802956626e-05
2405,434013,30,3933,3.3010954211931676e-05,3.3010954211931676e-05
2406,456708,31,12292,-3.299372474430129e-05,3.299372474430129e-05
2407,456879,31,12463,3.298638330306858e-05,3.298638330306858e-05
2408,457326,31,12910,-3.29819304170087e-05,3.29819304170087e-05
2409,454688,31,10272,3.297836519777775e-05,3.297836519777775e-05
2410,385543,26,12807,3.297418152214959e-05,3.297418152214959e-05
2411,437489,30,7409,-3.2972438930300996e-05,3.2972438930300996e-05
2412,446000,31,1584,-3.296605427749455e-05,3.296605427749455e-05
2413,451578,31,7162,3.296481736470014e-05,3.296481736470014e-05
2414,252099,17,8387,3.296068462077528e-05,3.296068462077528e-05
2415,444432,31,16,3.2950123568298295e-05,3.2950123568298295e-05
2416,449907,31,5491,3.294649286544882e-05,3.294649286544882e-05
2417,441179,30,11099,-3.2913649192778394e-05,3.2913649192778394e-05
2418,242225,16,12849,-3.290993845439516e-05,3.290993845439516e-05
2419,450619,31,6203,-3.290090535301715e-05,3.290090535301715e-05
2420,455957,31,11541,3.288690641056746e-05,3.288690641056746e-05
2421,437553,30,7473,3.288685547886416e-05,3.288685547886416e-05
2422,452128,31,7712,3.287423896836117e-05,3.287423896836117e-05
2423,447369,31,2953,-3.2860934879863635e-05,3.2860934879863635e-05
2424,443774,30,13694,-3.285298225819133e-05,3.285298225819133e-05
2425,439630,30,9550,-3.2849813578650355e-05,3.2849813578650355e-05
2426,438029,30,7949,3.284849663032219e-05,3.284849663032219e-05
2427,215494,15,454,-3.284665217506699e-05,3.284665217506699e-05
2428,417949,29,2205,-3.284028935013339e-05,3.284028935013339e-05
2429,432810,30,2730,3.283394471509382e-05,3.283394471509382e-05
2430,457443,31,13027,-3.283000842202455e-05,3.283000842202455e-05
2431,451885,31,7469,-3.281020326539874e-05,3.281020326539874e-05
2432,443127,30,13047,3.280535020167008e-05,3.280535020167008e-05
2433,456173,31,11757,3.277005089330487e-05,3.277005089330487e-05
2434,457652,31,13236,-3.2744850614108145e-05,3.2744850614108145e-05
2435,173921,12,1889,-3.274297705502249e-05,3.274297705502249e-05
2436,450227,31,5811,3.2740208553150296e-05,3.2740208553150296e-05
2437,441126,30,11046,-3.2713163818698376e-05,3.2713163818698376e-05
2438,449400,31,4984,-3.27059424307663e-05,3.27059424307663e-05
2439,455071,31,10655,3.2702857424737886e-05,3.2702857424737886e-05
2440,455524,31,11108,3.2685697078704834e-05,3.2685697078704834e-05
2441,448398,31,3982,-3.2683794415788725e-05,3.2683794415788725e-05
2442,455463,31,11047,-3.266904968768358e-05,3.266904968768358e-05
2443,454767,31,10351,-3.2669035135768354e-05,3.2669035135768354e-05
2444,456114,31,11698,-3.2622749131405726e-05,3.2622749131405726e-05
2445,321240,22,5848,-3.2610405469313264e-05,3.2610405469313264e-05
2446,414081,28,12673,3.2599135010968894e-05,3.2599135010968894e-05
2447,452267,31,7851,-3.258958167862147e-05,3.258958167862147e-05
2448,423267,29,7523,3.2587511668680236e-05,3.2587511668680236e-05
2449,451612,31,7196,-3.2587387977400795e-05,3.2587387977400795e-05
2450,364965,25,6565,-3.255360934417695e-05,3.255360934417695e-05
2451,446108,31,1692,3.2552288757869974e-05,3.2552288757869974e-05
2452,434694,30,4614,3.254838156863116e-05,3.254838156863116e-05
2453,446046,31,1630,3.25232686009258e-05,3.25232686009258e-05
2454,346852,24,2788,3.252257010899484e-05,3.252257010899484e-05
2455,457260,31,12844,-3.251356247346848e-05,3.251356247346848e-05
2456,453871,31,9455,3.248916254960932e-05,3.248916254960932e-05
2457,451832,31,7416,-3.247628046665341e-05,3.247628046665341e-05
2458,430256,30,176,3.247045970056206e-05,3.247045970056206e-05
2459,414257,28,12849,3.2461110095027834e-05,3.2461110095027834e-05
2460,448848,31,4432,-3.245818516006693e-05,3.245818516006693e-05
2461,385347,26,12611,3.24517568515148e-05,3.24517568515148e-05
2462,430984,30,904,-3.243849641876295e-05,3.243849641876295e-05
2463,387117,27,45,-3.240215664845891e-05,3.240215664845891e-05
2464,440949,30,10869,-3.2400967029388994e-05,3.2400967029388994e-05
2465,404278,28,2870,-3.23877357004676e-05,3.23877357004676e-05
2466,446755,31,2339,3.2379924959968776e-05,3.2379924959968776e-05
2467,443034,30,12954,3.236910197301768e-05,3.236910197301768e-05
2468,456055,31,11639,3.2368679967476055e-05,3.2368679967476055e-05
2469,451318,31,6902,3.2366828236263245e-05,3.2366828236263245e-05
2470,452887,31,8471,3.2364514481741935e-05,3.2364514481741935e-05
2471,436416,30,6336,-3.235103577026166e-05,3.235103577026166e-05
2472,451177,31,6761,3.234040195820853e-05,3.234040195820853e-05
2473,382024,26,9288,3.2338219170924276e-05,3.2338219170924276e-05
2474,446093,31,1677,3.233230745536275e-05,3.233230745536275e-05
2475,298942,20,12222,-3.232929884688929e-05,3.232929884688929e-05
2476,384106,26,11370,-3.232490053051151e-05,3.232490053051151e-05
2477,416193,29,449,-3.231587106711231e-05,3.231587106711231e-05
2478,456575,31,12159,-3.230918082408607e-05,3.230918082408607e-05
2479,415025,28,13617,-3.229757203371264e-05,3.229757203371264e-05
2480,440174,30,10094,-3.229012872907333e-05,3.229012872907333e-05
2481,102346,7,1994,-3.228869172744453e-05,3.228869172744453e-05
2482,280250,19,7866,-3.2285759516526014e-05,3.2285759516526014e-05
2483,443981,30,13901,3.226480112061836e-05,3.226480112061836e-05
2484,371810,25,13410,-3.226343324058689e-05,3.226343324058689e-05
2485,444384,30,14304,-3.2247429771814495e-05,3.2247429771814495e-05
2486,435446,30,5366,-3.22468695230782e-05,3.22468695230782e-05
2487,443907,30,13827,3.223150997655466e-05,3.223150997655466e-05
2488,402447,28,1039,3.22305531881284e-05,3.22305531881284e-05
2489,210932,14,10228,-3.221711085643619e-05,3.221711085643619e-05
2490,387247,27,175,3.221704173483886e-05,3.221704173483886e-05
2491,434010,30,3930,3.2213330996455625e-05,3.2213330996455625e-05
2492,418593,29,2849,-3.2203599403146654e-05,3.2203599403146654e-05
2493,28810,2,138,3.2197720429394394e-05,3.2197720429394394e-05
2494,450905,31,6489,3.2191288482863456e-05,3.2191288482863456e-05
2495,446176,31,1760,3.2164207368623465e-05,3.2164207368623465e-05
2496,455294,31,10878,-3.215789911337197e-05,3.215789911337197e-05
2497,253818,17,10106,3.2135711080627516e-05,3.2135711080627516e-05
2498,454660,31,10244,3.21158004226163e-05,3.21158004226163e-05
2499,403201,28,1793,-3.2114458008436486e-05,3.2114458008436486e-05
2500,434883,30,4803,3.211430521332659e-05,3.211430521332659e-05
2501,457610,31,13194,-3.209467467968352e-05,3.209467467968352e-05
2502,357607,24,13543,3.209120040992275e-05,3.209120040992275e-05
2503,452249,31,7833,3.2083786209113896e-05,3.2083786209113896e-05
2504,399420,27,12348,-3.207379631930962e-05,3.207379631930962e-05
2505,449762,31,5346,-3.207105692126788e-05,3.207105692126788e-05
2506,456780,31,12364,3.206364272045903e-05,3.206364272045903e-05
2507,439963,30,9883,-3.205869870726019e-05,3.205869870726019e-05
2508,404689,28,3281,-3.2057054340839386e-05,3.2057054340839386e-05
2509,448024,31,3608,3.204346285201609e-05,3.204346285201609e-05
2510,180877,12,8845,3.2038667995948344e-05,3.2038667995948344e-05
2511,456507,31,12091,3.2029547583078966e-05,3.2029547583078966e-05
2512,444997,31,581,3.2017389457905665e-05,3.2017389457905665e-05
2513,435832,30,5752,3.201574145350605e-05,3.201574145350605e-05
2514,432023,30,1943,3.201319486834109e-05,3.201319486834109e-05
2515,401747,28,339,3.200600258423947e-05,3.200600258423947e-05
2516,442006,30,11926,3.200577702955343e-05,3.200577702955343e-05
2517,239127,16,9751,3.1990093702916056e-05,3.1990093702916056e-05
2518,432675,30,2595,-3.1978059269022197e-05,3.1978059269022197e-05
2519,394217,27,7145,3.196867692167871e-05,3.196867692167871e-05
2520,448913,31,4497,-3.196643592673354e-05,3.196643592673354e-05
2521,451613,31,7197,-3.1964515073923394e-05,3.1964515073923394e-05
2522,452447,31,8031,3.1917843443807214e-05,3.1917843443807214e-05
2523,402785,28,1377,-3.1901105103315786e-05,3.1901105103315786e-05
2524,155234,10,11874,-3.1883657356956974e-05,3.1883657356956974e-05
2525,452732,31,8316,-3.187637048540637e-05,3.187637048540637e-05
2526,212633,14,11929,-3.187509355484508e-05,3.187509355484508e-05
2527,444944,31,528,-3.187136826454662e-05,3.187136826454662e-05
2528,415342,28,13934,-3.18693601002451e-05,3.18693601002451e-05
2529,386559,26,13823,3.1866518838796765e-05,3.1866518838796765e-05
2530,432154,30,2074,3.186367030139081e-05,3.186367030139081e-05
2531,455183,31,10767,3.1863030017120764e-05,3.1863030017120764e-05
2532,399439,27,12367,3.1862989999353886e-05,3.1862989999353886e-05
2533,424865,29,9121,-3.186234971508384e-05,3.186234971508384e-05
2534,420789,29,5045,-3.186071990057826e-05,3.186071990057826e-05
2535,440112,30,10032,3.185340028721839e-05,3.185340028721839e-05
2536,419946,29,4202,-3.1822084565646946e-05,3.1822084565646946e-05
2537,425429,29,9685,-3.1818744901102036e-05,3.1818744901102036e-05
2538,331844,23,2116,3.180819112458266e-05,3.180819112458266e-05
2539,431682,30,1602,3.1807488994672894e-05,3.1807488994672894e-05
2540,438466,30,8386,-3.1796465918887407e-05,3.1796465918887407e-05
2541,424606,29,8862,3.1793828384252265e-05,3.1793828384252265e-05
2542,451066,31,6650,-3.1787225452717394e-05,3.1787225452717394e-05
2543,351042,24,6978,-3.17754311254248e-05,3.17754311254248e-05
2544,439634,30,9554,-3.1770799978403375e-05,3.1770799978403375e-05
2545,438053,30,7973,3.176790050929412e-05,3.176790050929412e-05
2546,456144,31,11728,-3.1764968298375607e-05,3.1764968298375607e-05
2547,456829,31,12413,-3.176207246724516e-05,3.176207246724516e-05
2548,458559,31,14143,-3.1761304853716865e-05,3.1761304853716865e-05
2549,439315,30,9235,3.175417077727616e-05,3.175417077727616e-05
2550,454328,31,9912,-3.1746883905725554e-05,3.1746883905725554e-05
2551,430925,30,845,-3.172186916344799e-05,3.172186916344799e-05
2552,419182,29,3438,-3.1669325835537165e-05,3.1669325835537165e-05
2553,457730,31,13314,-3.165434463880956e-05,3.165434463880956e-05
2554,452464,31,8048,3.1650361052015796e-05,3.1650361052015796e-05
2555,450155,31,5739,3.16459518217016e-05,3.16459518217016e-05
2556,446303,31,1887,-3.162674329360016e-05,3.162674329360016e-05
2557,444253,30,14173,-3.16215846396517e-05,3.16215846396517e-05
2558,386067,26,13331,3.161757922498509e-05,3.161757922498509e-05
2559,266468,18,8420,3.161600398016162e-05,3.161600398016162e-05
2560,434398,30,4318,3.1599589419784024e-05,3.1599589419784024e-05
2561,446944,31,2528,3.1578048947267234e-05,3.1578048947267234e-05
2562,211965,14,11261,-3.1577423214912415e-05,3.1577423214912415e-05
2563,442898,30,12818,-3.156905950163491e-05,3.156905950163491e-05
2564,455547,31,11131,-3.156456659780815e-05,3.156456659780815e-05
2565,444789,31,373,3.1541323551209643e-05,3.1541323551209643e-05
2566,455362,31,10946,3.151864802930504e-05,3.151864802930504e-05
2567,204644,14,3940,3.15134457196109e-05,3.15134457196109e-05
2568,454920,31,10504,-3.150997144985013e-05,3.150997144985013e-05
2569,423419,29,7675,3.1492800189880654e-05,3.1492800189880654e-05
2570,203927,14,3223,3.148986434098333e-05,3.148986434098333e-05
2571,398402,27,11330,3.148163159494288e-05,3.148163159494288e-05
2572,215789,15,749,3.1481391488341615e-05,3.1481391488341615e-05
2573,430919,30,839,3.1450970709556714e-05,3.1450970709556714e-05
2574,164517,11,6821,-3.142258356092498e-05,3.142258356092498e-05
2575,453787,31,9371,3.140820626867935e-05,3.140820626867935e-05
2576,440121,30,10041,-3.140495391562581e-05,3.140495391562581e-05
2577,442973,30,12893,3.1354738894151524e-05,3.1354738894151524e-05
2578,424713,29,8969,3.135415681754239e-05,3.135415681754239e-05
2579,450888,31,6472,3.134751750621945e-05,3.134751750621945e-05
2580,427676,29,11932,-3.134084545308724e-05,3.134084545308724e-05
2581,209659,14,8955,-3.133694553980604e-05,3.133694553980604e-05
2582,158128,11,432,3.1330393539974466e-05,3.1330393539974466e-05
2583,211086,14,10382,-3.1324052542913705e-05,3.1324052542913705e-05
2584,448440,31,4024,3.132383062620647e-05,3.132383062620647e-05
2585,422741,29,6997,3.13176897179801e-05,3.13176897179801e-05
2586,366824,25,8424,-3.131503763142973e-05,3.131503763142973e-05
2587,171371,11,13675,-3.126941010123119e-05,3.126941010123119e-05
2588,367274,25,8874,3.126800584141165e-05,3.126800584141165e-05
2589,445099,31,683,3.126241790596396e-05,3.126241790596396e-05
2590,455757,31,11341,-3.124985596514307e-05,3.124985596514307e-05
2591,427393,29,11649,3.124412251054309e-05,3.124412251054309e-05
2592,428318,29,12574,3.123663191217929e-05,3.123663191217929e-05
2593,246301,17,2589,-3.123425994999707e-05,3.123425994999707e-05
2594,448305,31,3889,-3.122098496532999e-05,3.122098496532999e-05
2595,445198,31,782,-3.121995905530639e-05,3.121995905530639e-05
2596,360277,25,1877,-3.1188443244900554e-05,3.1188443244900554e-05
2597,455066,31,10650,3.118598033324815e-05,3.118598033324815e-05
2598,251214,17,7502,3.117983942502178e-05,3.117983942502178e-05
2599,412506,28,11098,-3.116881271125749e-05,3.116881271125749e-05
2600,413495,28,12087,-3.115975050604902e-05,3.115975050604902e-05
2601,449042,31,4626,3.1157018383964896e-05,3.1157018383964896e-05
2602,435952,30,5872,-3.1154519092524424e-05,3.1154519092524424e-05
2603,147431,10,4071,-3.113345883321017e-05,3.113345883321017e-05
2604,451791,31,7375,3.112889680778608e-05,3.112889680778608e-05
2605,186332,12,14300,-3.112401827820577e-05,3.112401827820577e-05
2606,430883,30,803,-3.1108760595088825e-05,3.1108760595088825e-05
2607,455021,31,10605,-3.110585385002196e-05,3.110585385002196e-05
2608,338907,23,9179,3.109210592810996e-05,3.109210592810996e-05
2609,449444,31,5028,3.108667442575097e-05,3.108667442575097e-05
2610,422905,29,7161,-3.1078212487045676e-05,3.1078212487045676e-05
2611,431475,30,1395,3.1069805118022487e-05,3.1069805118022487e-05
2612,455925,31,11509,-3.101470792898908e-05,3.101470792898908e-05
2613,456054,31,11638,3.100660251220688e-05,3.100660251220688e-05
2614,440390,30,10310,3.1000170565675944e-05,3.1000170565675944e-05
2615,431915,30,1835,-3.100011235801503e-05,3.100011235801503e-05
2616,385974,26,13238,-3.0988310754764825e-05,3.0988310754764825e-05
2617,455398,31,10982,-3.096409636782482e-05,3.096409636782482e-05
2618,432728,30,2648,3.095391730312258e-05,3.095391730312258e-05
2619,428681,29,12937,-3.095156353083439e-05,3.095156353083439e-05
2620,438481,30,8401,3.095065403613262e-05,3.095065403613262e-05
2621,139862,9,10838,-3.094318526564166e-05,3.094318526564166e-05
2622,457785,31,13369,3.093871055170894e-05,3.093871055170894e-05
2623,418325,29,2581,-3.0894942028680816e-05,3.0894942028680816e-05
2624,427234,29,11490,-3.089297024416737e-05,3.089297024416737e-05
2625,345749,24,1685,3.088316952926107e-05,3.088316952926107e-05
2626,453729,31,9313,-3.087298682658002e-05,3.087298682658002e-05
2627,452031,31,7615,3.0866936867823824e-05,3.0866936867823824e-05
2628,349382,24,5318,-3.086545621044934e-05,3.086545621044934e-05
2629,457689,31,13273,-3.0863957363180816e-05,3.0863957363180816e-05
2630,227138,15,12098,-3.08486123685725e-05,3.08486123685725e-05
2631,217706,15,2666,3.084131458308548e-05,3.084131458308548e-05
2632,445490,31,1074,3.0841103580314666e-05,3.0841103580314666e-05
2633,381149,26,8413,-3.084044874412939e-05,3.084044874412939e-05
2634,196334,13,9966,-3.082965122302994e-05,3.082965122302994e-05
2635,447398,31,2982,-3.080305032199249e-05,3.080305032199249e-05
2636,450948,31,6532,3.080120586673729e-05,3.080120586673729e-05
2637,432398,30,2318,-3.0791718018008396e-05,3.0791718018008396e-05
2638,249296,17,5584,-3.079102680203505e-05,3.079102680203505e-05
2639,446765,31,2349,3.078430745517835e-05,3.078430745517835e-05
2640,348657,24,4593,3.078367080888711e-05,3.078367080888711e-05
2641,225064,15,10024,3.077030851272866e-05,3.077030851272866e-05
2642,447603,31,3187,3.07578120555263e-05,3.07578120555263e-05
2643,451903,31,7487,-3.0754203180549666e-05,3.0754203180549666e-05
2644,231775,16,2399,-3.0751227313885465e-05,3.0751227313885465e-05
2645,451186,31,6770,3.074771666433662e-05,3.074771666433662e-05
2646,449642,31,5226,-3.072246181545779e-05,3.072246181545779e-05
2647,305476,21,4420,3.071987157454714e-05,3.071987157454714e-05
2648,446982,31,2566,3.071529863518663e-05,3.071529863518663e-05
2649,442229,30,12149,3.070502862101421e-05,3.070502862101421e-05
2650,456098,31,11682,-3.070347520406358e-05,3.070347520406358e-05
2651,366410,25,8010,3.070152524742298e-05,3.070152524742298e-05
2652,397798,27,10726,3.0701277864864096e-05,3.0701277864864096e-05
2653,447562,31,3146,3.0699353374075145e-05,3.0699353374075145e-05
2654,450197,31,5781,-3.0688806873513386e-05,3.0688806873513386e-05
2655,446733,31,2317,-3.067760917474516e-05,3.067760917474516e-05
2656,430902,30,822,-3.066698263864964e-05,3.066698263864964e-05
2657,414999,28,13591,-3.066254430450499e-05,3.066254430450499e-05
2658,384964,26,12228,3.064152042497881e-05,3.064152042497881e-05
2659,308159,21,7103,3.063019539695233e-05,3.063019539695233e-05
2660,456622,31,12206,-3.062476389459334e-05,3.062476389459334e-05
2661,454422,31,10006,-3.062281393795274e-05,3.062281393795274e-05
2662,238821,16,9445,3.061947427340783e-05,3.061947427340783e-05
2663,175092,12,3060,-3.061553798033856e-05,3.061553798033856e-05
2664,439805,30,9725,3.0587008950533345e-05,3.0587008950533345e-05
2665,452905,31,8489,3.0580416932934895e-05,3.0580416932934895e-05
2666,282632,19,10248,-3.0572060495615005e-05,3.0572060495615005e-05
2667,431199,30,1119,3.056704736081883e-05,3.056704736081883e-05
2668,446408,31,1992,-3.056559944525361e-05,3.056559944525361e-05
2669,367150,25,8750,-3.0555424018530175e-05,3.0555424018530175e-05
2670,448670,31,4254,-3.0549268558388576e-05,3.0549268558388576e-05
2671,448008,31,3592,3.0545954359695315e-05,3.0545954359695315e-05
2672,237607,16,8231,-3.0545164918294176e-05,3.0545164918294176e-05
2673,452832,31,8416,-3.053488035220653e-05,3.053488035220653e-05
2674,454259,31,9843,-3.052914689760655e-05,3.052914689760655e-05
2675,364219,25,5819,-3.051067869819235e-05,3.051067869819235e-05
2676,453113,31,8697,-3.049852602998726e-05,3.049852602998726e-05
2677,437186,30,7106,-3.049179576919414e-05,3.049179576919414e-05
2678,335071,23,5343,-3.0469058401649818e-05,3.0469058401649818e-05
2679,208665,14,7961,3.0464039809885435e-05,3.0464039809885435e-05
2680,428591,29,12847,-3.0461866117548198e-05,3.0461866117548198e-05
2681,435611,30,5531,3.044969889742788e-05,3.044969889742788e-05
2682,411396,28,9988,-3.0447423341684043e-05,3.0447423341684043e-05
2683,458313,31,13897,-3.0434706786763854e-05,3.0434706786763854e-05
2684,424991,29,9247,3.0420989787671715e-05,3.0420989787671715e-05
2685,447806,31,3390,3.0420465918723494e-05,3.0420465918723494e-05
2686,431084,30,1004,-3.0398294256883673e-05,3.0398294256883673e-05
2687,442852,30,12772,-3.0393011911655776e-05,3.0393011911655776e-05
2688,436471,30,6391,3.0391887776204385e-05,3.0391887776204385e-05
2689,302191,21,1135,-3.0390214305953123e-05,3.0390214305953123e-05
2690,376811,26,4075,3.0385454010684043e-05,3.0385454010684043e-05
2691,446530,31,2114,3.0374323614523746e-05,3.0374323614523746e-05
2692,288897,20,2177,-3.0363375117303804e-05,3.0363375117303804e-05
2693,415089,28,13681,3.035718691535294e-05,3.035718691535294e-05
2694,449083,31,4667,-3.034263863810338e-05,3.034263863810338e-05
2695,449260,31,4844,-3.032858148799278e-05,3.032858148799278e-05
2696,448777,31,4361,3.030963307537604e-05,3.030963307537604e-05
2697,212649,14,11945,-3.0305560358101502e-05,3.0305560358101502e-05
2698,451330,31,6914,-3.029291474376805e-05,3.029291474376805e-05
2699,439896,30,9816,-3.0279810744104907e-05,3.0279810744104907e-05
2700,448621,31,4205,3.0273960874183103e-05,3.0273960874183103e-05
2701,397901,27,10829,3.0268221962614916e-05,3.0268221962614916e-05
2702,435787,30,5707,3.026467857125681e-05,3.026467857125681e-05
2703,437777,30,7697,3.025439400516916e-05,3.025439400516916e-05
2704,450839,31,6423,-3.0251771022449248e-05,3.0251771022449248e-05
2705,440955,30,10875,-3.022819510078989e-05,3.022819510078989e-05
2706,207304,14,6600,-3.022028977284208e-05,3.022028977284208e-05
2707,362633,25,4233,-3.0216295272111893e-05,3.0216295272111893e-05
2708,292036,20,5316,3.0216106097213924e-05,3.0216106097213924e-05
2709,242170,16,12794,-3.021429256477859e-05,3.021429256477859e-05
2710,432804,30,2724,-3.020937947439961e-05,3.020937947439961e-05
2711,423446,29,7702,3.0192426493158564e-05,3.0192426493158564e-05
2712,451390,31,6974,-3.0184302886482328e-05,3.0184302886482328e-05
2713,406922,28,5514,3.0178083761711605e-05,3.0178083761711605e-05
2714,218620,15,3580,3.0176724976627156e-05,3.0176724976627156e-05
2715,450819,31,6403,-3.0172666811267845e-05,3.0172666811267845e-05
2716,415896,29,152,-3.016624214069452e-05,3.016624214069452e-05
2717,439283,30,9203,3.0131677704048343e-05,3.0131677704048343e-05
2718,255959,17,12247,-3.0127668651402928e-05,3.0127668651402928e-05
2719,267673,18,9625,-3.0116310881567188e-05,3.0116310881567188e-05
2720,452773,31,8357,3.010912587342318e-05,3.010912587342318e-05
2721,456229,31,11813,-3.01061081700027e-05,3.01061081700027e-05
2722,249195,17,5483,3.0101673473836854e-05,3.0101673473836854e-05
2723,446552,31,2136,3.009911233675666e-05,3.009911233675666e-05
2724,450972,31,6556,-3.0098950446699746e-05,3.0098950446699746e-05
2725,183261,12,11229,-3.009688589372672e-05,3.009688589372672e-05
2726,430872,30,792,-3.008139356097672e-05,3.008139356097672e-05
2727,216013,15,973,-3.0067822081036866e-05,3.0067822081036866e-05
2728,315289,21,14233,3.0061379220569506e-05,3.0061379220569506e-05
2729,449775,31,5359,-3.0046434403629974e-05,3.0046434403629974e-05
2730,442032,30,11952,-3.0040388082852587e-05,3.0040388082852587e-05
2731,438103,30,8023,-3.0035538657102734e-05,3.0035538657102734e-05
2732,382101,26,9365,3.0031445930944756e-05,3.0031445930944756e-05
2733,172318,12,286,-3.002747689606622e-05,3.002747689606622e-05
2734,366267,25,7867,3.0006469387444668e-05,3.0006469387444668e-05
2735,275688,19,3304,-3.0005334338056855e-05,3.0005334338056855e-05
2736,450273,31,5857,-3.000531069119461e-05,3.000531069119461e-05
2737,307868,21,6812,3.0004299333086237e-05,3.0004299333086237e-05
2738,190965,13,4597,2.9997976525919512e-05,2.9997976525919512e-05
2739,378511,26,5775,2.9993998396093957e-05,2.9993998396093957e-05
2740,418871,29,3127,2.9981603802298196e-05,2.9981603802298196e-05
2741,457450,31,13034,-2.99782204820076e-05,2.99782204820076e-05
2742,429967,29,14223,-2.997490628331434e-05,2.997490628331434e-05
2743,444649,31,233,2.9971497497172095e-05,2.9971497497172095e-05
2744,218848,15,3808,-2.9964747227495536e-05,2.9964747227495536e-05
2745,416966,29,1222,2.9956050639157183e-05,2.9956050639157183e-05
2746,440075,30,9995,2.993140515172854e-05,2.993140515172854e-05
2747,455618,31,11202,-2.9918997825006954e-05,2.9918997825006954e-05
2748,439575,30,9495,2.99183539027581e-05,2.99183539027581e-05
2749,441521,30,11441,2.991767723869998e-05,2.991767723869998e-05
2750,447661,31,3245,2.9916562198195606e-05,2.9916562198195606e-05
2751,434017,30,3937,-2.9909537261119112e-05,2.9909537261119112e-05
2752,452716,31,8300,2.9908542273915373e-05,2.9908542273915373e-05
2753,435161,30,5081,2.990456960105803e-05,2.990456960105803e-05
2754,450859,31,6443,2.9877748602302745e-05,2.9877748602302745e-05
2755,251896,17,8184,-2.9876593544031493e-05,2.9876593544031493e-05
2756,233073,16,3697,-2.9865857868571766e-05,2.9865857868571766e-05
2757,456292,31,11876,-2.9854520107619464e-05,2.9854520107619464e-05
2758,453210,31,8794,-2.9845219614799134e-05,2.9845219614799134e-05
2759,212308,14,11604,-2.9841625291737728e-05,2.9841625291737728e-05
2760,449284,31,4868,-2.983280865009874e-05,2.983280865009874e-05
2761,445144,31,728,2.9828790502506308e-05,2.9828790502506308e-05
2762,444011,30,13931,2.9825388992321678e-05,2.9825388992321678e-05
2763,171334,11,13638,2.98131908493815e-05,2.98131908493815e-05
2764,449811,31,5395,2.9804017685819417e-05,2.9804017685819417e-05
2765,281195,19,8811,-2.9785045626340434e-05,2.9785045626340434e-05
2766,458121,31,13705,2.9774448194075376e-05,2.9774448194075376e-05
2767,457309,31,12893,-2.974647213704884e-05,2.974647213704884e-05
2768,457818,31,13402,-2.974447124870494e-05,2.974447124870494e-05
2769,447243,31,2827,2.974131166411098e-05,2.974131166411098e-05
2770,404578,28,3170,2.9729493689956143e-05,2.9729493689956143e-05
2771,450169,31,5753,-2.9723933039349504e-05,2.9723933039349504e-05
2772,435977,30,5897,-2.9713079129578546e-05,2.9713079129578546e-05
2773,445680,31,1264,-2.9702150641242042e-05,2.9702150641242042e-05
2774,455397,31,10981,-2.970001514768228e-05,2.970001514768228e-05
2775,441566,30,11486,-2.9697479476453736e-05,2.9697479476453736e-05
2776,453204,31,8788,-2.9695995181100443e-05,2.9695995181100443e-05
2777,449500,31,5084,2.9695140256080776e-05,2.9695140256080776e-05
2778,431624,30,1544,2.9694247132283635e-05,2.9694247132283635e-05
2779,313374,21,12318,-2.968498483824078e-05,2.968498483824078e-05
2780,441818,30,11738,-2.9681888918275945e-05,2.9681888918275945e-05
2781,457664,31,13248,2.9665454349014908e-05,2.9665454349014908e-05
2782,441357,30,11277,-2.9659900974365883e-05,2.9659900974365883e-05
2783,443553,30,13473,2.965812927868683e-05,2.965812927868683e-05
2784,440935,30,10855,-2.9657117920578457e-05,2.9657117920578457e-05
2785,179146,12,7114,-2.965428211609833e-05,2.965428211609833e-05
2786,419204,29,3460,-2.965071689686738e-05,2.965071689686738e-05
2787,451629,31,7213,2.9636341423611157e-05,2.9636341423611157e-05
2788,433664,30,3584,2.961985592264682e-05,2.961985592264682e-05
2789,452085,31,7669,-2.9616883693961427e-05,2.9616883693961427e-05
2790,450575,31,6159,2.961572681670077e-05,2.961572681670077e-05
2791,298705,20,11985,-2.961008249258157e-05,2.961008249258157e-05
2792,451640,31,7224,2.9605767849716358e-05,2.9605767849716358e-05
2793,427574,29,11830,-2.9593302315333858e-05,2.9593302315333858e-05
2794,203117,14,2413,2.9588269171654247e-05,2.9588269171654247e-05
2795,394717,27,7645,2.957564174721483e-05,2.957564174721483e-05
2796,446317,31,1901,2.9561233532149345e-05,2.9561233532149345e-05
2797,453913,31,9497,-2.9560253096860833e-05,2.9560253096860833e-05
2798,430396,30,316,-2.955768104584422e-05,2.955768104584422e-05
2799,450012,31,5596,2.954006049549207e-05,2.954006049549207e-05
2800,448370,31,3954,-2.9538723538280465e-05,2.9538723538280465e-05
2801,453921,31,9505,-2.9520306270569563e-05,2.9520306270569563e-05
2802,347378,24,3314,-2.949991903733462e-05,2.949991903733462e-05
2803,450425,31,6009,-2.9486362109309994e-05,2.9486362109309994e-05
2804,433173,30,3093,2.9480495868483558e-05,2.9480495868483558e-05
2805,303754,21,2698,2.9476994313881733e-05,2.9476994313881733e-05
2806,435940,30,5860,-2.947599205072038e-05,2.947599205072038e-05
2807,451051,31,6635,2.9469645596691407e-05,2.9469645596691407e-05
2808,428266,29,12522,-2.946715358120855e-05,2.946715358120855e-05
2809,238976,16,9600,-2.9462935344781727e-05,2.9462935344781727e-05
2810,429132,29,13388,-2.9437527700792998e-05,2.9437527700792998e-05
2811,421184,29,5440,2.9422033549053594e-05,2.9422033549053594e-05
2812,442187,30,12107,2.94074161502067e-05,2.94074161502067e-05
2813,444449,31,33,-2.939528894785326e-05,2.939528894785326e-05
2814,193906,13,7538,2.9391299904091284e-05,2.9391299904091284e-05
2815,456397,31,11981,-2.938994293799624e-05,2.938994293799624e-05
2816,451150,31,6734,2.9377819373621605e-05,2.9377819373621605e-05
2817,281974,19,9590,-2.934020994871389e-05,2.934020994871389e-05
2818,441482,30,11402,2.9335415092646144e-05,2.9335415092646144e-05
2819,279750,19,7366,2.933448922703974e-05,2.933448922703974e-05
2820,430128,30,48,-2.9332639314816333e-05,2.9332639314816333e-05
2821,424278,29,8534,-2.9325992727535777e-05,2.9325992727535777e-05
2822,418577,29,2833,2.9313177947187796e-05,2.9313177947187796e-05
2823,410669,28,9261,2.930885602836497e-05,2.930885602836497e-05
2824,454895,31,10479,2.9301594622666016e-05,2.9301594622666016e-05
2825,245027,17,1315,2.9300435926415958e-05,2.9300435926415958e-05
2826,449252,31,4836,2.9299086236278526e-05,2.9299086236278526e-05
2827,442102,30,12022,-2.92926088150125e-05,2.92926088150125e-05
2828,417455,29,1711,2.9289427402545698e-05,2.9289427402545698e-05
2829,253551,17,9839,-2.9281916795298457e-05,2.9281916795298457e-05
2830,322081,22,6689,2.9277556677698158e-05,2.9277556677698158e-05
2831,428602,29,12858,2.9268445359775797e-05,2.9268445359775797e-05
2832,395075,27,8003,-2.9262293537613004e-05,2.9262293537613004e-05
2833,159516,11,1820,2.9260401788633317e-05,2.9260401788633317e-05
2834,443250,30,13170,-2.9254579203552566e-05,2.9254579203552566e-05
2835,242557,16,13181,-2.92514159809798e-05,2.92514159809798e-05
2836,448798,31,4382,-2.9249893486849032e-05,2.9249893486849032e-05
2837,457045,31,12629,2.92384374915855e-05,2.92384374915855e-05
2838,409557,28,8149,-2.922547901107464e-05,2.922547901107464e-05
2839,451085,31,6669,-2.9218936106190085e-05,2.9218936106190085e-05
2840,450846,31,6430,-2.918720019806642e-05,2.918720019806642e-05
2841,450345,31,5929,-2.91847791231703e-05,2.91847791231703e-05
2842,454575,31,10159,-2.917789970524609e-05,2.917789970524609e-05
2843,453114,31,8698,2.9177197575336322e-05,2.9177197575336322e-05
2844,273732,19,1348,2.9173448638175614e-05,2.9173448638175614e-05
2845,431538,30,1458,2.9160788471926935e-05,2.9160788471926935e-05
2846,430081,30,1,-2.9158392862882465e-05,2.9158392862882465e-05
2847,396618,27,9546,-2.9114589779055677e-05,2.9114589779055677e-05
2848,188362,13,1994,2.9109398383297957e-05,2.9109398383297957e-05
2849,452777,31,8361,-2.9103221095283516e-05,2.9103221095283516e-05
2850,447693,31,3277,-2.909684735641349e-05,2.909684735641349e-05
2851,437143,30,7063,-2.9092692784615792e-05,2.9092692784615792e-05
2852,292343,20,5623,-2.9084811103530228e-05,2.9084811103530228e-05
2853,398244,27,11172,2.9072991310385987e-05,2.9072991310385987e-05
2854,441968,30,11888,-2.907218731706962e-05,2.907218731706962e-05
2855,419055,29,3311,-2.9064300179015845e-05,2.9064300179015845e-05
2856,429492,29,13748,2.905072869907599e-05,2.905072869907599e-05
2857,442205,30,12125,2.9046483177808113e-05,2.9046483177808113e-05
2858,219822,15,4782,2.9044564143987373e-05,2.9044564143987373e-05
2859,434640,30,4560,2.904165921790991e-05,2.904165921790991e-05
2860,161869,11,4173,-2.902875166910235e-05,2.902875166910235e-05
2861,453475,31,9059,2.9024588002357632e-05,2.9024588002357632e-05
2862,402603,28,1195,-2.9023327442700975e-05,2.9023327442700975e-05
2863,408977,28,7569,-2.9022774469922297e-05,2.9022774469922297e-05
2864,239558,16,10182,2.9021517548244447e-05,2.9021517548244447e-05
2865,458445,31,14029,-2.9019649446127005e-05,2.9019649446127005e-05
2866,449897,31,5481,2.9019618523307145e-05,2.9019618523307145e-05
2867,344939,24,875,-2.9007644116063602e-05,2.9007644116063602e-05
2868,161877,11,4181,-2.9005885153310373e-05,2.9005885153310373e-05
2869,444769,31,353,2.900558138207998e-05,2.900558138207998e-05
2870,456131,31,11715,-2.8998176276218146e-05,2.8998176276218146e-05
2871,450448,31,6032,2.8986018151044846e-05,2.8986018151044846e-05
2872,436076,30,5996,-2.898081947932951e-05,2.898081947932951e-05
2873,458719,31,14303,2.8980524803046137e-05,2.8980524803046137e-05
2874,424312,29,8568,-2.8980035494896583e-05,2.8980035494896583e-05
2875,445434,31,1018,2.8967133403057232e-05,2.8967133403057232e-05
2876,456134,31,11718,2.8957392714801244e-05,2.8957392714801244e-05
2877,447308,31,2892,-2.8944788937224075e-05,2.8944788937224075e-05
2878,277043,19,4659,2.8940505217178725e-05,2.8940505217178725e-05
2879,399961,27,12889,-2.893909731938038e-05,2.893909731938038e-05
2880,447029,31,2613,2.8908094463986345e-05,2.8908094463986345e-05
2881,457733,31,13317,2.8900118195451796e-05,2.8900118195451796e-05
2882,455830,31,11414,-2.8897877200506628e-05,2.8897877200506628e-05
2883,450247,31,5831,-2.888958260882646e-05,2.888958260882646e-05
2884,440115,30,10035,2.8889509849250317e-05,2.8889509849250317e-05
2885,455387,31,10971,2.888794188038446e-05,2.888794188038446e-05
2886,458118,31,13702,-2.8876889700768515e-05,2.8876889700768515e-05
2887,446691,31,2275,2.887322989408858e-05,2.887322989408858e-05
2888,456672,31,12256,-2.8872971597593278e-05,2.8872971597593278e-05
2889,415360,28,13952,2.8869779271190055e-05,2.8869779271190055e-05
2890,441003,30,10923,2.8869193556602113e-05,2.8869193556602113e-05
2891,355273,24,11209,2.886535548896063e-05,2.886535548896063e-05
2892,443499,30,13419,-2.8858128644060344e-05,2.8858128644060344e-05
2893,255589,17,11877,2.885331014113035e-05,2.885331014113035e-05
2894,404387,28,2979,-2.8851774914073758e-05,2.8851774914073758e-05
2895,443688,30,13608,2.8845854103565216e-05,2.8845854103565216e-05
2896,366478,25,8078,-2.884036257455591e-05,2.884036257455591e-05
2897,449203,31,4787,-2.883616070903372e-05,2.883616070903372e-05
2898,453296,31,8880,2.8835020202677697e-05,2.8835020202677697e-05
2899,445748,31,1332,-2.882998887798749e-05,2.882998887798749e-05
2900,444954,31,538,-2.8822261811001226e-05,2.8822261811001226e-05
2901,447196,31,2780,2.87968032353092e-05,2.87968032353092e-05
2902,430703,30,623,2.879568637581542e-05,2.879568637581542e-05
2903,435421,30,5341,2.8795602702302858e-05,2.8795602702302858e-05
2904,452505,31,8089,2.878981649701018e-05,2.878981649701018e-05
2905,236326,16,6950,-2.8778020350728184e-05,2.8778020350728184e-05
2906,444766,31,350,-2.8773874873877503e-05,2.8773874873877503e-05
2907,437410,30,7330,2.8745553208864294e-05,2.8745553208864294e-05
2908,455561,31,11145,2.8739665140165016e-05,2.8739665140165016e-05
2909,456887,31,12471,2.8724110961775295e-05,2.8724110961775295e-05
2910,160228,11,2532,2.8723459763568826e-05,2.8723459763568826e-05
2911,258670,18,622,-2.8709640901070088e-05,2.8709640901070088e-05
2912,449059,31,4643,-2.8702965209959075e-05,2.8702965209959075e-05
2913,445413,31,997,-2.8685431971098296e-05,2.8685431971098296e-05
2914,454874,31,10458,2.8654407287831418e-05,2.8654407287831418e-05
2915,437096,30,7016,-2.8642498364206403e-05,2.8642498364206403e-05
2916,395800,27,8728,-2.8638583899009973e-05,2.8638583899009973e-05
2917,444483,31,67,-2.8636577553697862e-05,2.8636577553697862e-05
2918,458728,31,14312,2.862359724531416e-05,2.862359724531416e-05
2919,438109,30,8029,-2.8619759177672677e-05,2.8619759177672677e-05
2920,244666,17,954,-2.8615104383789003e-05,2.8615104383789003e-05
2921,241214,16,11838,-2.8613096219487488e-05,2.8613096219487488e-05
2922,388511,27,1439,2.861015309463255e-05,2.861015309463255e-05
2923,454552,31,10136,2.859474261640571e-05,2.859474261640571e-05
2924,444562,31,146,2.8578158890013583e-05,2.8578158890013583e-05
2925,412969,28,11561,-2.8568727429956198e-05,2.8568727429956198e-05
2926,176496,12,4464,-2.8556367396959104e-05,2.8556367396959104e-05
2927,444751,31,335,2.854850208677817e-05,2.854850208677817e-05
2928,453715,31,9299,2.8543798180180602e-05,2.8543798180180602e-05
2929,373161,26,425,-2.854081685654819e-05,2.854081685654819e-05
2930,449599,31,5183,2.853797923307866e-05,2.853797923307866e-05
2931,457626,31,13210,-2.853733894880861e-05,2.853733894880861e-05
2932,438956,30,8876,-2.8521832064143382e-05,2.8521832064143382e-05
2933,435873,30,5793,2.8512327844509855e-05,2.8512327844509855e-05
2934,458046,31,13630,-2.85056812572293e-05,2.85056812572293e-05
2935,439527,30,9447,2.8490387194324285e-05,2.8490387194324285e-05
2936,390417,27,3345,-2.8487413146649487e-05,2.8487413146649487e-05
2937,445346,31,930,-2.8480952096288092e-05,2.8480952096288092e-05
2938,394856,27,7784,2.8478900276240893e-05,2.8478900276240893e-05
2939,433389,30,3309,-2.847789801307954e-05,2.847789801307954e-05
2940,150843,10,7483,-2.8477361411205493e-05,2.8477361411205493e-05
2941,447900,31,3484,2.846965981007088e-05,2.846965981007088e-05
2942,452359,31,7943,-2.845836388587486e-05,2.845836388587486e-05
2943,454124,31,9708,2.8457550797611475e-05,2.8457550797611475e-05
2944,434476,30,4396,-2.845156632247381e-05,2.845156632247381e-05
2945,409644,28,8236,2.8448890589061193e-05,2.8448890589061193e-05
2946,449636,31,5220,2.8444732379284687e-05,2.8444732379284687e-05
2947,282158,19,9774,2.8435306376195513e-05,2.8435306376195513e-05
2948,451981,31,7565,-2.8432661565602757e-05,2.8432661565602757e-05
2949,130379,9,1355,-2.8427659344743006e-05,2.8427659344743006e-05
2950,420631,29,4887,-2.8419413865776733e-05,2.8419413865776733e-05
2951,439236,30,9156,2.841899186023511e-05,2.841899186023511e-05
2952,178914,12,6882,-2.8412852770998143e-05,2.8412852770998143e-05
2953,454120,31,9704,-2.8410058803274296e-05,2.8410058803274296e-05
2954,458084,31,13668,2.8409622245817445e-05,2.8409622245817445e-05
2955,444194,30,14114,-2.839543594745919e-05,2.839543594745919e-05
2956,432862,30,2782,-2.8390235456754453e-05,2.8390235456754453e-05
2957,342251,23,12523,-2.838809450622648e-05,2.838809450622648e-05
2958,348477,24,4413,-2.836931889760308e-05,2.836931889760308e-05
2959,457020,31,12604,-2.836906242009718e-05,2.836906242009718e-05
2960,430360,30,280,2.835515624610707e-05,2.835515624610707e-05
2961,197943,13,11575,2.835203122231178e-05,2.835203122231178e-05
2962,454325,31,9909,-2.8351501896395348e-05,2.8351501896395348e-05
2963,453295,31,8879,-2.83479894278571e-05,2.83479894278571e-05
2964,442860,30,12780,-2.8341333745629527e-05,2.8341333745629527e-05
2965,426611,29,10867,2.8340578865027055e-05,2.8340578865027055e-05
2966,427785,29,12041,-2.8339532946120016e-05,2.8339532946120016e-05
2967,431087,30,1007,2.833841062965803e-05,2.833841062965803e-05
2968,452848,31,8432,-2.8336135073914193e-05,2.8336135073914193e-05
2969,440087,30,10007,-2.83131048490759e-05,2.83131048490759e-05
2970,383268,26,10532,-2.831159690686036e-05,2.831159690686036e-05
2971,417202,29,1458,2.8307071261224337e-05,2.8307071261224337e-05
2972,426839,29,11095,2.8293241484789178e-05,2.8293241484789178e-05
2973,442269,30,12189,-2.8286180167924613e-05,2.8286180167924613e-05
2974,446865,31,2449,-2.8284059226280078e-05,2.8284059226280078e-05
2975,436741,30,6661,2.8281650884309784e-05,2.8281650884309784e-05
2976,453087,31,8671,2.8279568141442724e-05,2.8279568141442724e-05
2977,164559,11,6863,-2.827313255693298e-05,2.827313255693298e-05
2978,194763,13,8395,2.8272228519199416e-05,2.8272228519199416e-05
2979,279826,19,7442,2.8264928914722987e-05,2.8264928914722987e-05
2980,447908,31,3492,2.8257371013751253e-05,2.8257371013751253e-05
2981,450241,31,5825,-2.824765397235751e-05,2.824765397235751e-05
2982,452215,31,7799,-2.82453911495395e-05,2.82453911495395e-05
2983,226403,15,11363,-2.8236132493475452e-05,2.8236132493475452e-05
2984,442527,30,12447,2.823549584718421e-05,2.823549584718421e-05
2985,426803,29,11059,-2.823393151629716e-05,2.823393151629716e-05
2986,432317,30,2237,-2.8232281692908145e-05,2.8232281692908145e-05
2987,429404,29,13660,-2.8216742066433653e-05,2.8216742066433653e-05
2988,237943,16,8567,-2.8211848984938115e-05,2.8211848984938115e-05
2989,434453,30,4373,2.820544978021644e-05,2.820544978021644e-05
2990,435455,30,5375,-2.820099689415656e-05,2.820099689415656e-05
2991,456503,31,12087,2.819876499415841e-05,2.819876499415841e-05
2992,443993,30,13913,2.819792825903278e-05,2.819792825903278e-05
2993,353076,24,9012,-2.819555447786115e-05,2.819555447786115e-05
2994,286938,20,218,2.8194590413477272e-05,2.8194590413477272e-05
2995,454148,31,9732,2.8192955142003484e-05,2.8192955142003484e-05
2996,198776,13,12408,-2.818568827933632e-05,2.818568827933632e-05
2997,455934,31,11518,2.818387292791158e-05,2.818387292791158e-05
2998,225996,15,10956,2.8170747100375593e-05,2.8170747100375593e-05
2999,417045,29,1301,-2.815546940837521e-05,2.815546940837521e-05
3000,449551,31,5135,-2.8152833692729473e-05,2.8152833692729473e-05
3001,233915,16,4539,2.814681465679314e-05,2.814681465679314e-05
3002,424192,29,8448,-2.813956598402001e-05,2.813956598402001e-05
3003,457601,31,13185,-2.8136650144006126e-05,2.8136650144006126e-05
3004,450546,31,6130,-2.813534410961438e-05,2.813534410961438e-05
3005,206422,14,5718,2.813174251059536e-05,2.813174251059536e-05
3006,140880,9,11856,2.8121930881752633e-05,2.8121930881752633e-05
3007,318332,22,2940,2.8106502213631757e-05,2.8106502213631757e-05
3008,442623,30,12543,2.8087757527828217e-05,2.8087757527828217e-05
3009,172118,12,86,2.8083240977139212e-05,2.8083240977139212e-05
3010,453964,31,9548,2.8081945856683888e-05,2.8081945856683888e-05
3011,269590,18,11542,-2.8080781703465618e-05,2.8080781703465618e-05
3012,455997,31,11581,2.807626879075542e-05,2.807626879075542e-05
3013,405696,28,4288,2.807073360600043e-05,2.807073360600043e-05
3014,282571,19,10187,-2.8066755476174876e-05,2.8066755476174876e-05
3015,457014,31,12598,-2.806510019581765e-05,2.806510019581765e-05
3016,411909,28,10501,2.8054684662492946e-05,2.8054684662492946e-05
3017,188288,13,1920,2.8042943085893057e-05,2.8042943085893057e-05
3018,457995,31,13579,-2.8029433451592922e-05,2.8029433451592922e-05
3019,452953,31,8537,2.8027910957462154e-05,2.8027910957462154e-05
3020,428066,29,12322,2.802710332616698e-05,2.802710332616698e-05
3021,451996,31,7580,2.801951632136479e-05,2.801951632136479e-05
3022,417307,29,1563,2.8016662326990627e-05,2.8016662326990627e-05
3023,427399,29,11655,-2.8001415557810105e-05,2.8001415557810105e-05
3024,218975,15,3935,-2.7999505618936382e-05,2.7999505618936382e-05
3025,412365,28,10957,2.799393769237213e-05,2.799393769237213e-05
3026,244151,17,439,2.796748412947636e-05,2.796748412947636e-05
3027,451293,31,6877,-2.7967389542027377e-05,2.7967389542027377e-05
3028,448882,31,4466,-2.795448017423041e-05,2.795448017423041e-05
3029,454868,31,10452,2.79513442364987e-05,2.79513442364987e-05
3030,440483,30,10403,-2.7949432478635572e-05,2.7949432478635572e-05
3031,393402,27,6330,-2.794859028654173e-05,2.794859028654173e-05
3032,455005,31,10589,-2.79441628663335e-05,2.79441628663335e-05
3033,453071,31,8655,-2.7940523068537004e-05,2.7940523068537004e-05
3034,447926,31,3510,-2.7926369511988014e-05,2.7926369511988014e-05
3035,356076,24,12012,2.792525992845185e-05,2.792525992845185e-05
3036,444003,30,13923,-2.7900126951863058e-05,2.7900126951863058e-05
3037,261628,18,3580,2.789347490761429e-05,2.789347490761429e-05
3038,458646,31,14230,-2.7893358492292464e-05,2.7893358492292464e-05
3039,455801,31,11385,-2.7890911951544695e-05,2.7890911951544695e-05
3040,440682,30,10602,-2.7890891942661256e-05,2.7890891942661256e-05
3041,434275,30,4195,2.789063182717655e-05,2.789063182717655e-05
3042,434884,30,4804,2.7884554583579302e-05,2.7884554583579302e-05
3043,421553,29,5809,-2.787734592857305e-05,2.787734592857305e-05
3044,449983,31,5567,2.7874870283994824e-05,2.7874870283994824e-05
3045,164815,11,7119,2.786240838759113e-05,2.786240838759113e-05
3046,452376,31,7960,-2.785607830446679e-05,2.785607830446679e-05
3047,438575,30,8495,-2.784446405712515e-05,2.784446405712515e-05
3048,328065,22,12673,-2.7836493245558813e-05,2.7836493245558813e-05
3049,446416,31,2000,-2.7831893021357246e-05,2.7831893021357246e-05
3050,447510,31,3094,-2.7829670216306113e-05,2.7829670216306113e-05
3051,219283,15,4243,-2.7826927180285566e-05,2.7826927180285566e-05
3052,312890,21,11834,-2.782512819976546e-05,2.782512819976546e-05
3053,430980,30,900,-2.7815707653644495e-05,2.7815707653644495e-05
3054,438565,30,8485,-2.7813983251689933e-05,2.7813983251689933e-05
3055,423915,29,8171,-2.781314105959609e-05,2.781314105959609e-05
3056,242674,16,13298,2.7806585421785712e-05,2.7806585421785712e-05
3057,430162,30,82,-2.7794570996775292e-05,2.7794570996775292e-05
3058,387847,27,775,-2.7791213142336346e-05,2.7791213142336346e-05
3059,301196,21,140,-2.778258203761652e-05,2.778258203761652e-05
3060,450179,31,5763,2.777646113827359e-05,2.777646113827359e-05
3061,360534,25,2134,2.7772319299401715e-05,2.7772319299401715e-05
3062,458142,31,13726,2.777072586468421e-05,2.777072586468421e-05
3063,429880,29,14136,-2.776704241114203e-05,2.776704241114203e-05
3064,379303,26,6567,2.7751055313274264e-05,2.7751055313274264e-05
3065,358471,25,71,-2.774377389869187e-05,2.774377389869187e-05
3066,448262,31,3846,2.7735532057704404e-05,2.7735532057704404e-05
3067,307846,21,6790,2.7727959604817443e-05,2.7727959604817443e-05
3068,392873,27,5801,-2.771350773400627e-05,2.771350773400627e-05
3069,445720,31,1304,-2.7707927074516192e-05,2.7707927074516192e-05
3070,175456,12,3424,2.77056733466452e-05,2.77056733466452e-05
3071,436477,30,6397,2.770330320345238e-05,2.770330320345238e-05
3072,197492,13,11124,2.770207720459439e-05,2.770207720459439e-05
3073,410103,28,8695,2.7699510610545985e-05,2.7699510610545985e-05
3074,410506,28,9098,2.7695565222529694e-05,2.7695565222529694e-05
3075,407659,28,6251,2.767361729638651e-05,2.767361729638651e-05
3076,171027,11,13331,2.7663181754178368e-05,2.7663181754178368e-05
3077,260814,18,2766,-2.7658808903652243e-05,2.7658808903652243e-05
3078,293641,20,6921,2.7653992219711654e-05,2.7653992219711654e-05
3079,449375,31,4959,-2.7648851755657233e-05,2.7648851755657233e-05
3080,417715,29,1971,2.763277370831929e-05,2.763277370831929e-05
3081,442060,30,11980,-2.761225368885789e-05,2.761225368885789e-05
3082,332071,23,2343,-2.7612159101408906e-05,2.7612159101408906e-05
3083,205268,14,4564,2.759458038781304e-05,2.759458038781304e-05
3084,339884,23,10156,2.7592284823185764e-05,2.7592284823185764e-05
3085,433780,30,3700,-2.7590685931500047e-05,2.7590685931500047e-05
3086,399656,27,12584,-2.7589278033701703e-05,2.7589278033701703e-05
3087,395373,27,8301,2.757331822067499e-05,2.757331822067499e-05
3088,186920,13,552,2.75584461633116e-05,2.75584461633116e-05
3089,411170,28,9762,-2.7547779609449208e-05,2.7547779609449208e-05
3090,449750,31,5334,-2.7542448151507415e-05,2.7542448151507415e-05
3091,446727,31,2311,2.7534995751921088e-05,2.7534995751921088e-05
3092,455256,31,10840,-2.7531843443284743e-05,2.7531843443284743e-05
3093,448106,31,3690,2.7524929464561865e-05,2.7524929464561865e-05
3094,244269,17,557,2.752382351900451e-05,2.752382351900451e-05
3095,453674,31,9258,2.7521133233676665e-05,2.7521133233676665e-05
3096,439208,30,9128,2.7506855985848233e-05,2.7506855985848233e-05
3097,187209,13,841,2.7505748221301474e-05,2.7505748221301474e-05
3098,448669,31,4253,2.75056081591174e-05,2.75056081591174e-05
3099,439864,30,9784,2.750514067884069e-05,2.750514067884069e-05
3100,434061,30,3981,-2.7501779186422937e-05,2.7501779186422937e-05
3101,183269,12,11237,2.7489397325553e-05,2.7489397325553e-05
3102,403190,28,1782,2.7470649001770653e-05,2.7470649001770653e-05
3103,362214,25,3814,-2.7468666303320788e-05,2.7468666303320788e-05
3104,455382,31,10966,2.746652353380341e-05,2.746652353380341e-05
3105,437135,30,7055,-2.7448011678643525e-05,2.7448011678643525e-05
3106,241135,16,11759,-2.744627454376314e-05,2.744627454376314e-05
3107,438123,30,8043,2.7437316020950675e-05,2.7437316020950675e-05
3108,184163,12,12131,2.7434667572379112e-05,2.7434667572379112e-05
3109,456038,31,11622,2.7420104743214324e-05,2.7420104743214324e-05
3110,408395,28,6987,-2.741977004916407e-05,2.741977004916407e-05
3111,450813,31,6397,2.7419551770435646e-05,2.7419551770435646e-05
3112,423832,29,8088,2.7413809220888652e-05,2.7413809220888652e-05
3113,439604,30,9524,2.7413450879976153e-05,2.7413450879976153e-05
3114,431464,30,1384,2.739590490818955e-05,2.739590490818955e-05
3115,416919,29,1175,2.739250885497313e-05,2.739250885497313e-05
3116,455424,31,11008,-2.739212868618779e-05,2.739212868618779e-05
3117,409235,28,7827,2.7391666662879288e-05,2.7391666662879288e-05
3118,457673,31,13257,-2.7386822694097646e-05,2.7386822694097646e-05
3119,418390,29,2646,-2.7381071049603634e-05,2.7381071049603634e-05
3120,446114,31,1698,-2.737894101301208e-05,2.737894101301208e-05
3121,402535,28,1127,2.7368165319785476e-05,2.7368165319785476e-05
3122,173894,12,1862,-2.736098576860968e-05,2.736098576860968e-05
3123,433816,30,3736,-2.7357027647667564e-05,2.7357027647667564e-05
3124,449747,31,5331,-2.7354970370652154e-05,2.7354970370652154e-05
3125,433233,30,3153,2.735035195655655e-05,2.735035195655655e-05
3126,432152,30,2072,-2.7343305191607215e-05,2.7343305191607215e-05
3127,133037,9,4013,2.734192821662873e-05,2.734192821662873e-05
3128,427992,29,12248,-2.734082045208197e-05,2.734082045208197e-05
3129,251647,17,7935,2.7330557713867165e-05,2.7330557713867165e-05
3130,439415,30,9335,2.7320615117787383e-05,2.7320615117787383e-05
3131,435129,30,5049,2.732010034378618e-05,2.732010034378618e-05
3132,222228,15,7188,-2.7309482902637683e-05,2.7309482902637683e-05
3133,448298,31,3882,-2.730848609644454e-05,2.730848609644454e-05
3134,454568,31,10152,2.7293339371681213e-05,2.7293339371681213e-05
3135,452995,31,8579,2.7292140657664277e-05,2.7292140657664277e-05
3136,430620,30,540,-2.7288291676086374e-05,2.7288291676086374e-05
3137,456321,31,11905,-2.72830729954876e-05,2.72830729954876e-05
3138,421927,29,6183,-2.7275415050098673e-05,2.7275415050098673e-05
3139,455258,31,10842,2.726410821196623e-05,2.726410821196623e-05
3140,258121,18,73,-2.725797639868688e-05,2.725797639868688e-05
3141,191464,13,5096,2.7257270630798303e-05,2.7257270630798303e-05
3142,434551,30,4471,-2.725541708059609e-05,2.725541708059609e-05
3143,449958,31,5542,2.7247078833170235e-05,2.7247078833170235e-05
3144,431582,30,1502,-2.724429577938281e-05,2.724429577938281e-05
3145,157941,11,245,2.723932448134292e-05,2.723932448134292e-05
3146,449017,31,4601,2.7230975319980644e-05,2.7230975319980644e-05
3147,438492,30,8412,2.723001853155438e-05,2.723001853155438e-05
3148,453247,31,8831,-2.722740282479208e-05,2.722740282479208e-05
3149,430735,30,655,-2.7221702112001367e-05,2.7221702112001367e-05
3150,240440,16,11064,-2.7218260584049858e-05,2.7218260584049858e-05
3151,153834,10,10474,-2.7216710805078037e-05,2.7216710805078037e-05
3152,457892,31,13476,2.7214397050556727e-05,2.7214397050556727e-05
3153,418350,29,2606,-2.7213376597501338e-05,2.7213376597501338e-05
3154,440158,30,10078,-2.7200218028156087e-05,2.7200218028156087e-05
3155,454433,31,10017,-2.7174080969416536e-05,2.7174080969416536e-05
3156,240411,16,11035,-2.717269308050163e-05,2.717269308050163e-05
3157,215667,15,627,-2.7168813176103868e-05,2.7168813176103868e-05
3158,434023,30,3943,2.7161368052475154e-05,2.7161368052475154e-05
3159,445408,31,992,2.71552362391958e-05,2.71552362391958e-05
3160,438401,30,8321,-2.7152802431373857e-05,2.7152802431373857e-05
3161,437842,30,7762,2.7148313165525906e-05,2.7148313165525906e-05
3162,455131,31,10715,-2.7140647944179364e-05,2.7140647944179364e-05
3163,417801,29,2057,-2.7139751182403415e-05,2.7139751182403415e-05
3164,450205,31,5789,-2.712803143367637e-05,2.712803143367637e-05
3165,176853,12,4821,2.711718116188422e-05,2.711718116188422e-05
3166,441915,30,11835,-2.7114871045341715e-05,2.7114871045341715e-05
3167,398949,27,11877,2.7109870643471368e-05,2.7109870643471368e-05
3168,438065,30,7985,2.7108868380310014e-05,2.7108868380310014e-05
3169,447578,31,3162,-2.7093494281871244e-05,2.7093494281871244e-05
3170,191525,13,5157,-2.708511419768911e-05,2.708511419768911e-05
3171,451891,31,7475,-2.7076985134044662e-05,2.7076985134044662e-05
3172,457917,31,13501,2.707139719859697e-05,2.707139719859697e-05
3173,326718,22,11326,-2.7054036763729528e-05,2.7054036763729528e-05
3174,450311,31,5895,-2.7045796741731465e-05,2.7045796741731465e-05
3175,450571,31,6155,2.7041478460887447e-05,2.7041478460887447e-05
3176,378371,26,5635,2.7040478016715497e-05,2.7040478016715497e-05
3177,439471,30,9391,2.7034177037421614e-05,2.7034177037421614e-05
3178,430341,30,261,-2.7032556317863055e-05,2.7032556317863055e-05
3179,455773,31,11357,-2.7023825168726034e-05,2.7023825168726034e-05
3180,437899,30,7819,-2.7018455512006767e-05,2.7018455512006767e-05
3181,252250,17,8538,-2.7018448236049153e-05,2.7018448236049153e-05
3182,434110,30,4030,-2.7015990781364962e-05,2.7015990781364962e-05
3183,427335,29,11591,2.7013067665393464e-05,2.7013067665393464e-05
3184,456938,31,12522,2.701270204852335e-05,2.701270204852335e-05
3185,454594,31,10178,2.7006630261894315e-05,2.7006630261894315e-05
3186,427989,29,12245,-2.7004989533452317e-05,2.7004989533452317e-05
3187,406910,28,5502,2.7002222850569524e-05,2.7002222850569524e-05
3188,321182,22,5790,2.69874362857081e-05,2.69874362857081e-05
3189,422112,29,6368,-2.698663593037054e-05,2.698663593037054e-05
3190,395077,27,8005,2.698126445466187e-05,2.698126445466187e-05
3191,189095,13,2727,-2.697234413062688e-05,2.697234413062688e-05
3192,256869,17,13157,2.697160016396083e-05,2.697160016396083e-05
3193,434868,30,4788,2.6971170882461593e-05,2.6971170882461593e-05
3194,401955,28,547,-2.6960477043758146e-05,2.6960477043758146e-05
3195,457150,31,12734,2.6954716304317117e-05,2.6954716304317117e-05
3196,438108,30,8028,2.6946850994136184e-05,2.6946850994136184e-05
3197,457527,31,13111,-2.6946036086883396e-05,2.6946036086883396e-05
3198,451461,31,7045,-2.694329850783106e-05,2.694329850783106e-05
3199,443446,30,13366,2.693893839023076e-05,2.693893839023076e-05
3200,445409,31,993,-2.693746137083508e-05,2.693746137083508e-05
3201,456036,31,11620,-2.6929654268315062e-05,2.6929654268315062e-05
3202,396470,27,9398,-2.692964881134685e-05,2.692964881134685e-05
3203,454762,31,10346,-2.691188274184242e-05,2.691188274184242e-05
3204,431609,30,1529,2.6910489395959303e-05,2.6910489395959303e-05
3205,438160,30,8080,-2.6910009182756767e-05,2.6910009182756767e-05
3206,394114,27,7042,2.6908726795227267e-05,2.6908726795227267e-05
3207,442894,30,12814,2.6901672754320316e-05,2.6901672754320316e-05
3208,284021,19,11637,-2.6894429538515396e-05,2.6894429538515396e-05
3209,396742,27,9670,2.689172833925113e-05,2.689172833925113e-05
3210,455974,31,11558,2.6881749363383278e-05,2.6881749363383278e-05
3211,445831,31,1415,-2.6877929485635832e-05,2.6877929485635832e-05
3212,418006,29,2262,2.6867692213272676e-05,2.6867692213272676e-05
3213,393190,27,6118,-2.6861376682063565e-05,2.6861376682063565e-05
3214,436289,30,6209,-2.6859283025260083e-05,2.6859283025260083e-05
3215,430825,30,745,-2.6858011551667005e-05,2.6858011551667005e-05
3216,381864,26,9128,2.6856350814341567e-05,2.6856350814341567e-05
3217,336265,23,6537,2.6852003429667093e-05,2.6852003429667093e-05
3218,420270,29,4526,2.68500571110053e-05,2.68500571110053e-05
3219,453151,31,8735,-2.6836585675482638e-05,2.6836585675482638e-05
3220,439879,30,9799,2.6827359761227854e-05,2.6827359761227854e-05
3221,458162,31,13746,2.6825895474758e-05,2.6825895474758e-05
3222,193794,13,7426,-2.6824278393178247e-05,2.6824278393178247e-05
3223,240108,16,10732,2.682014019228518e-05,2.682014019228518e-05
3224,138823,9,9799,2.6818805054062977e-05,2.6818805054062977e-05
3225,172396,12,364,-2.680374018382281e-05,2.680374018382281e-05
3226,432142,30,2062,-2.6786745365825482e-05,2.6786745365825482e-05
3227,426292,29,10548,-2.6784387955558486e-05,2.6784387955558486e-05
3228,177329,12,5297,-2.6783429348142818e-05,2.6783429348142818e-05
3229,404588,28,3180,-2.6775949663715437e-05,2.6775949663715437e-05
3230,432821,30,2741,2.6772229830385186e-05,2.6772229830385186e-05
3231,233623,16,4247,2.677002157724928e-05,2.677002157724928e-05
3232,454116,31,9700,2.6767072995426133e-05,2.6767072995426133e-05
3233,446689,31,2273,2.6760781111079268e-05,2.6760781111079268e-05
3234,415144,28,13736,-2.675994073797483e-05,2.675994073797483e-05
3235,275855,19,3471,2.67584382527275e-05,2.67584382527275e-05
3236,456626,31,12210,-2.6752191843115725e-05,2.6752191843115725e-05
3237,439312,30,9232,-2.674844472494442e-05,2.674844472494442e-05
3238,371949,25,13549,2.6741654437500983e-05,2.6741654437500983e-05
3239,453236,31,8820,-2.6739644454210065e-05,2.6739644454210065e-05
3240,458704,31,14288,2.6738063752418384e-05,2.6738063752418384e-05
3241,438694,30,8614,2.673616836545989e-05,2.673616836545989e-05
3242,448150,31,3734,-2.6730236641014926e-05,2.6730236641014926e-05
3243,449514,31,5098,2.6727080694399774e-05,2.6727080694399774e-05
3244,198787,13,12419,2.6727038857643493e-05,2.6727038857643493e-05
3245,242737,16,13361,2.671947549970355e-05,2.671947549970355e-05
3246,211433,14,10729,2.6710536985774525e-05,2.6710536985774525e-05
3247,200786,14,82,2.6709594749263488e-05,2.6709594749263488e-05
3248,188047,13,1679,2.6701345632318407e-05,2.6701345632318407e-05
3249,250375,17,6663,-2.669984860403929e-05,2.669984860403929e-05
3250,445095,31,679,2.668785600690171e-05,2.668785600690171e-05
3251,235102,16,5726,2.6669071303331293e-05,2.6669071303331293e-05
3252,321763,22,6371,-2.6666726625990123e-05,2.6666726625990123e-05
3253,419965,29,4221,2.6665469704312272e-05,2.6665469704312272e-05
3254,450788,31,6372,2.666314503585454e-05,2.666314503585454e-05
3255,391693,27,4621,-2.6660787625587545e-05,2.6660787625587545e-05
3256,442077,30,11997,2.6651636289898306e-05,2.6651636289898306e-05
3257,165370,11,7674,-2.6640744181349874e-05,2.6640744181349874e-05
3258,196547,13,10179,-2.6639036150299944e-05,2.6639036150299944e-05
3259,451047,31,6631,-2.663312443473842e-05,2.663312443473842e-05
3260,399383,27,12311,-2.6627802071743645e-05,2.6627802071743645e-05
3261,448285,31,3869,-2.661803773662541e-05,2.661803773662541e-05
3262,203856,14,3152,-2.6614468879415654e-05,2.6614468879415654e-05
3263,413982,28,12574,2.6610605345922522e-05,2.6610605345922522e-05
3264,434112,30,4032,-2.6602383513818495e-05,2.6602383513818495e-05
3265,206196,14,5492,2.6597395844873972e-05,2.6597395844873972e-05
3266,444272,30,14192,-2.6591158530209213e-05,2.6591158530209213e-05
3267,414891,28,13483,-2.6589194021653384e-05,2.6589194021653384e-05
3268,446597,31,2181,-2.6580359190120362e-05,2.6580359190120362e-05
3269,448926,31,4510,2.6578605684335344e-05,2.6578605684335344e-05
3270,182899,12,10867,2.6577768949209712e-05,2.6577768949209712e-05
3271,449535,31,5119,2.6574960429570638e-05,2.6574960429570638e-05
3272,443704,30,13624,2.6563848223304376e-05,2.6563848223304376e-05
3273,442515,30,12435,-2.6562733182800002e-05,2.6562733182800002e-05
3274,226570,15,11530,-2.655890421010554e-05,2.655890421010554e-05
3275,412742,28,11334,2.6549951144261286e-05,2.6549951144261286e-05
3276,433468,30,3388,-2.65423150267452e-05,2.65423150267452e-05
3277,431853,30,1773,-2.6538999009062536e-05,2.6538999009062536e-05
3278,425831,29,10087,-2.6527810405241325e-05,2.6527810405241325e-05
3279,447164,31,2748,2.65257967839716e-05,2.65257967839716e-05
3280,439194,30,9114,-2.6524043278186582e-05,2.6524043278186582e-05
3281,237817,16,8441,2.6523823180468753e-05,2.6523823180468753e-05
3282,447294,31,2878,2.6522269763518125e-05,2.6522269763518125e-05
3283,428041,29,12297,-2.6512989279581234e-05,2.6512989279581234e-05
3284,449600,31,5184,-2.65093294729013e-05,2.65093294729013e-05
3285,447255,31,2839,2.6502826585783623e-05,2.6502826585783623e-05
3286,447041,31,2625,-2.6500163585296832e-05,2.6500163585296832e-05
3287,415952,29,208,-2.648486588441301e-05,2.648486588441301e-05
3288,447616,31,3200,-2.648037116159685e-05,2.648037116159685e-05
3289,452861,31,8445,2.6478341169422492e-05,2.6478341169422492e-05
3290,451936,31,7520,-2.64779355347855e-05,2.64779355347855e-05
3291,445222,31,806,2.6476398488739505e-05,2.6476398488739505e-05
3292,417626,29,1882,-2.646839857334271e-05,2.646839857334271e-05
3293,423411,29,7667,2.646435132191982e-05,2.646435132191982e-05
3294,189979,13,3611,-2.646289431140758e-05,2.646289431140758e-05
3295,180213,12,8181,2.6459771106601693e-05,2.6459771106601693e-05
3296,431326,30,1246,2.6454456019564532e-05,2.6454456019564532e-05
3297,181464,12,9432,-2.64497721218504e-05,2.64497721218504e-05
3298,438897,30,8817,2.6440493456902914e-05,2.6440493456902914e-05
3299,444306,30,14226,-2.6433139282744378e-05,2.6433139282744378e-05
3300,421161,29,5417,2.6427034754306078e-05,2.6427034754306078e-05
3301,437106,30,7026,-2.642605613800697e-05,2.642605613800697e-05
3302,457707,31,13291,2.6423016606713645e-05,2.6423016606713645e-05
3303,214254,14,13550,-2.641372338985093e-05,2.641372338985093e-05
3304,396405,27,9333,-2.640927050379105e-05,2.640927050379105e-05
3305,432554,30,2474,2.6387357138446532e-05,2.6387357138446532e-05
3306,430937,30,857,2.6385183446109295e-05,2.6385183446109295e-05
3307,296864,20,10144,2.6384645025245845e-05,2.6384645025245845e-05
3308,249182,17,5470,-2.637802390381694e-05,2.637802390381694e-05
3309,434084,30,4004,-2.637567013152875e-05,2.637567013152875e-05
3310,253022,17,9310,-2.637009856698569e-05,2.637009856698569e-05
3311,431717,30,1637,-2.6369669285486452e-05,2.6369669285486452e-05
3312,449467,31,5051,2.6365198209532537e-05,2.6365198209532537e-05
3313,374716,26,1980,-2.636474891914986e-05,2.636474891914986e-05
3314,380345,26,7609,-2.6362133212387562e-05,2.6362133212387562e-05
3315,202977,14,2273,2.6360175979789346e-05,2.6360175979789346e-05
3316,450893,31,6477,-2.6357898605056107e-05,2.6357898605056107e-05
3317,372859,26,123,-2.6354173314757645e-05,2.6354173314757645e-05
3318,450591,31,6175,2.6334906578995287e-05,2.6334906578995287e-05
3319,444025,30,13945,2.6334320864407346e-05,2.6334320864407346e-05
3320,454983,31,10567,-2.6321940822526813e-05,2.6321940822526813e-05
3321,452499,31,8083,2.631806091812905e-05,2.631806091812905e-05
3322,448115,31,3699,2.6314586648368277e-05,2.6314586648368277e-05
3323,449373,31,4957,2.631352617754601e-05,2.631352617754601e-05
3324,393078,27,6006,-2.6304673156118952e-05,2.6304673156118952e-05
3325,208874,14,8170,2.630340532050468e-05,2.630340532050468e-05
3326,457261,31,12845,2.6303352569811977e-05,2.6303352569811977e-05
3327,453560,31,9144,2.6298226657672785e-05,2.6298226657672785e-05
3328,441660,30,11580,-2.6292953407391906e-05,2.6292953407391906e-05
3329,427601,29,11857,2.6290243113180622e-05,2.6290243113180622e-05
3330,435553,30,5473,-2.628870788612403e-05,2.628870788612403e-05
3331,448831,31,4415,-2.628596848808229e-05,2.628596848808229e-05
3332,328009,22,12617,-2.628470610943623e-05,2.628470610943623e-05
3333,212504,14,11800,2.6276997232344e-05,2.6276997232344e-05
3334,233817,16,4441,-2.6269693989888765e-05,2.6269693989888765e-05
3335,201294,14,590,-2.6269473892170936e-05,2.6269473892170936e-05
3336,440512,30,10432,2.6266861823387444e-05,2.6266861823387444e-05
3337,206774,14,6070,-2.6266041459166445e-05,2.6266041459166445e-05
3338,230760,16,1384,-2.6264697225997224e-05,2.6264697225997224e-05
3339,454721,31,10305,-2.626367495395243e-05,2.626367495395243e-05
3340,361625,25,3225,-2.6256637283950113e-05,2.6256637283950113e-05
3341,444001,30,13921,-2.6247209461871535e-05,2.6247209461871535e-05
3342,440082,30,10002,-2.6246572815580294e-05,2.6246572815580294e-05
3343,408078,28,6670,2.624551962071564e-05,2.624551962071564e-05
3344,217237,15,2197,-2.62405228568241e-05,2.62405228568241e-05
3345,255545,17,11833,2.6237976271659136e-05,2.6237976271659136e-05
3346,447648,31,3232,2.622633292048704e-05,2.622633292048704e-05
3347,451433,31,7017,-2.621981911943294e-05,2.621981911943294e-05
3348,433972,30,3892,2.6216937840217724e-05,2.6216937840217724e-05
3349,437944,30,7864,-2.621378553158138e-05,2.621378553158138e-05
3350,444222,30,14142,2.6207995688309893e-05,2.6207995688309893e-05
3351,448896,31,4480,-2.6192652512690984e-05,2.6192652512690984e-05
3352,420001,29,4257,-2.6181793145951815e-05,2.6181793145951815e-05
3353,456043,31,11627,2.618145663291216e-05,2.618145663291216e-05
3354,335557,23,5829,2.6179008273174986e-05,2.6179008273174986e-05
3355,433324,30,3244,-2.6177365725743584e-05,2.6177365725743584e-05
3356,455634,31,11218,-2.6177105610258877e-05,2.6177105610258877e-05
3357,222352,15,7312,-2.616748315631412e-05,2.616748315631412e-05
3358,384357,26,11621,2.6166741008637473e-05,2.6166741008637473e-05
3359,402407,28,999,2.6162761059822515e-05,2.6162761059822515e-05
3360,441115,30,11035,-2.6162006179220043e-05,2.6162006179220043e-05
3361,433012,30,2932,2.6159237677347846e-05,2.6159237677347846e-05
3362,403508,28,2100,-2.614693767100107e-05,2.614693767100107e-05
3363,443817,30,13737,-2.6145395167986862e-05,2.6145395167986862e-05
3364,188875,13,2507,-2.6141835405724123e-05,2.6141835405724123e-05
3365,454394,31,9978,-2.6141609851038083e-05,2.6141609851038083e-05
3366,445228,31,812,2.6138528482988477e-05,2.6138528482988477e-05
3367,408435,28,7027,-2.6115099899470806e-05,2.6115099899470806e-05
3368,192274,13,5906,2.611119271023199e-05,2.611119271023199e-05
3369,454106,31,9690,-2.6110466933459975e-05,2.6110466933459975e-05
3370,383365,26,10629,-2.6109139071195386e-05,2.6109139071195386e-05
3371,234311,16,4935,2.6108606107300147e-05,2.6108606107300147e-05
3372,434515,30,4435,-2.610549381643068e-05,2.610549381643068e-05
3373,395026,27,7954,-2.6097528461832553e-05,2.6097528461832553e-05
3374,447125,31,2709,2.6095267458003946e-05,2.6095267458003946e-05
3375,424099,29,8355,2.609383409435395e-05,2.609383409435395e-05
3376,447234,31,2818,-2.608804243209306e-05,2.608804243209306e-05
3377,213925,14,13221,-2.6085721401614137e-05,2.6085721401614137e-05
3378,452487,31,8071,2.6081381292897277e-05,2.6081381292897277e-05
3379,429723,29,13979,2.607771602924913e-05,2.607771602924913e-05
3380,447646,31,3230,2.6074394554598257e-05,2.6074394554598257e-05
3381,424153,29,8409,-2.6073490516864695e-05,2.6073490516864695e-05
3382,205760,14,5056,-2.606953239592258e-05,2.606953239592258e-05
3383,437409,30,7329,2.6065359634230845e-05,2.6065359634230845e-05
3384,441421,30,11341,-2.605271220090799e-05,2.605271220090799e-05
3385,379198,26,6462,-2.604871042422019e-05,2.604871042422019e-05
3386,437598,30,7518,-2.604861765576061e-05,2.604861765576061e-05
3387,408713,28,7305,-2.6040945158456452e-05,2.6040945158456452e-05
3388,131876,9,2852,2.603767643449828e-05,2.603767643449828e-05
3389,392742,27,5670,-2.6037438146886416e-05,2.6037438146886416e-05
3390,404384,28,2976,-2.603552093205508e-05,2.603552093205508e-05
3391,446524,31,2108,-2.6025587430922315e-05,2.6025587430922315e-05
3392,435302,30,5222,2.601931191748008e-05,2.601931191748008e-05
3393,178202,12,6170,-2.6011379304691218e-05,2.6011379304691218e-05
3394,438292,30,8212,-2.6004192477557808e-05,2.6004192477557808e-05
3395,254424,17,10712,-2.599707841000054e-05,2.599707841000054e-05
3396,431415,30,1335,-2.5995572286774404e-05,2.5995572286774404e-05
3397,437673,30,7593,2.5989989808294922e-05,2.5989989808294922e-05
3398,420695,29,4951,-2.598383798613213e-05,2.598383798613213e-05
3399,444934,31,518,2.5979597921832465e-05,2.5979597921832465e-05
3400,451543,31,7127,-2.5975161406677216e-05,2.5975161406677216e-05
3401,416065,29,321,-2.5974679374485277e-05,2.5974679374485277e-05
3402,151682,10,8322,-2.59742810158059e-05,2.59742810158059e-05
3403,442587,30,12507,2.5973871743190102e-05,2.5973871743190102e-05
3404,406270,28,4862,-2.59736661973875e-05,2.59736661973875e-05
3405,446115,31,1699,2.597309139673598e-05,2.597309139673598e-05
3406,410911,28,9503,-2.5965204258682206e-05,2.5965204258682206e-05
3407,185145,12,13113,2.5961078790714964e-05,2.5961078790714964e-05
3408,450662,31,6246,-2.5960111088352278e-05,2.5960111088352278e-05
3409,455983,31,11567,-2.5957802790799178e-05,2.5957802790799178e-05
3410,222481,15,7441,-2.595669138827361e-05,2.595669138827361e-05
3411,420739,29,4995,2.5953926524380222e-05,2.5953926524380222e-05
3412,386095,26,13359,-2.5953469958039932e-05,2.5953469958039932e-05
3413,430278,30,198,-2.594730722194072e-05,2.594730722194072e-05
3414,446280,31,1864,-2.594067518657539e-05,2.594067518657539e-05
3415,458070,31,13654,-2.593904355308041e-05,2.593904355308041e-05
3416,380612,26,7876,-2.592814780655317e-05,2.592814780655317e-05
3417,245420,17,1708,-2.5921672204276547e-05,2.5921672204276547e-05
3418,458531,31,14115,2.5916628146660514e-05,2.5916628146660514e-05
3419,449484,31,5068,-2.5911524062394165e-05,2.5911524062394165e-05
3420,331118,23,1390,-2.5906341761583462e-05,2.5906341761583462e-05
3421,368652,25,10252,2.590258554846514e-05,2.590258554846514e-05
3422,443255,30,13175,2.589076029835269e-05,2.589076029835269e-05
3423,441036,30,10956,2.5889003154588863e-05,2.5889003154588863e-05
3424,440382,30,10302,-2.5884264687192626e-05,2.5884264687192626e-05
3425,447855,31,3439,2.5875831852317788e-05,2.5875831852317788e-05
3426,388271,27,1199,2.5870684112305753e-05,2.5870684112305753e-05
3427,436228,30,6148,-2.5854706109385006e-05,2.5854706109385006e-05
3428,147942,10,4582,-2.5851797545328736e-05,2.5851797545328736e-05
3429,423781,29,8037,2.5850433303276077e-05,2.5850433303276077e-05
3430,457994,31,13578,-2.5849363737506792e-05,2.5849363737506792e-05
3431,227437,15,12397,2.5849338271655142e-05,2.5849338271655142e-05
3432,458133,31,13717,-2.584891626611352e-05,2.584891626611352e-05
3433,446615,31,2199,-2.5844559786492027e-05,2.5844559786492027e-05
3434,445714,31,1298,-2.5842737159109674e-05,2.5842737159109674e-05
3435,446220,31,1804,-2.5841443857643753e-05,2.5841443857643753e-05
3436,434620,30,4540,2.583874447736889e-05,2.583874447736889e-05
3437,203412,14,2708,2.583765126473736e-05,2.583765126473736e-05
3438,348375,24,4311,2.583179775683675e-05,2.583179775683675e-05
3439,407932,28,6524,2.582723755040206e-05,2.582723755040206e-05
3440,457017,31,12601,-2.5822393581620418e-05,2.5822393581620418e-05
3441,422943,29,7199,-2.581885564723052e-05,2.581885564723052e-05
3442,426351,29,10607,-2.5813798856688663e-05,2.5813798856688663e-05
3443,458470,31,14054,-2.5811479645199142e-05,2.5811479645199142e-05
3444,443411,30,13331,-2.5808265490923077e-05,2.5808265490923077e-05
3445,384528,26,11792,2.5798462957027368e-05,2.5798462957027368e-05
3446,446998,31,2582,2.5792463929974474e-05,2.5792463929974474e-05
3447,248795,17,5083,2.5791448933887295e-05,2.5791448933887295e-05
3448,436378,30,6298,2.5782303055166267e-05,2.5782303055166267e-05
3449,299736,20,13016,2.578224302851595e-05,2.578224302851595e-05
3450,433255,30,3175,-2.5781244403333403e-05,2.5781244403333403e-05
3451,160567,11,2871,2.5780060241231695e-05,2.5780060241231695e-05
3452,392907,27,5835,2.5776627808227204e-05,2.5776627808227204e-05
3453,208794,14,8090,2.5775547328521498e-05,2.5775547328521498e-05
3454,231570,16,2194,-2.5773915695026517e-05,2.5773915695026517e-05
3455,191040,13,4672,-2.5765613827388734e-05,2.5765613827388734e-05
3456,281302,19,8918,2.5764971724129282e-05,2.5764971724129282e-05
3457,448903,31,4487,2.5764558813534677e-05,2.5764558813534677e-05
3458,250744,17,7032,2.5756851755431853e-05,2.5756851755431853e-05
3459,355352,24,11288,-2.5755814931471832e-05,2.5755814931471832e-05
3460,227626,15,12586,-2.5755576643859968e-05,2.5755576643859968e-05
3461,271693,18,13645,2.5737988835317083e-05,2.5737988835317083e-05
3462,444979,31,563,-2.5737590476637706e-05,2.5737590476637706e-05
3463,426473,29,10729,2.573189885879401e-05,2.573189885879401e-05
3464,436185,30,6105,-2.5727413230924867e-05,2.5727413230924867e-05
3465,405472,28,4064,2.572144330770243e-05,2.572144330770243e-05
3466,380931,26,8195,2.5716075469972566e-05,2.5716075469972566e-05
3467,379174,26,6438,-2.570996366557665e-05,2.570996366557665e-05
3468,446451,31,2035,-2.570789001765661e-05,2.570789001765661e-05
3469,290637,20,3917,2.5702040147734806e-05,2.5702040147734806e-05
3470,433377,30,3297,-2.5698027457110584e-05,2.5698027457110584e-05
3471,438369,30,8289,-2.569339267211035e-05,2.569339267211035e-05
3472,453753,31,9337,-2.568824857007712e-05,2.568824857007712e-05
3473,207164,14,6460,2.56873136095237e-05,2.56873136095237e-05
3474,458701,31,14285,-2.5684224965516478e-05,2.5684224965516478e-05
3475,303724,21,2668,2.5681787519715726e-05,2.5681787519715726e-05
3476,455373,31,10957,2.5669156457297504e-05,2.5669156457297504e-05
3477,446637,31,2221,2.5662928237579763e-05,2.5662928237579763e-05
3478,186903,13,535,-2.566198236308992e-05,2.566198236308992e-05
3479,402437,28,1029,-2.565676004451234e-05,2.565676004451234e-05
3480,68055,4,10711,-2.565457543823868e-05,2.565457543823868e-05
3481,286229,19,13845,2.565183058322873e-05,2.565183058322873e-05
3482,209747,14,9043,2.5645871573942713e-05,2.5645871573942713e-05
3483,198417,13,12049,-2.564420174167026e-05,2.564420174167026e-05
3484,445542,31,1126,2.56429921137169e-05,2.56429921137169e-05
3485,427836,29,12092,-2.5638542865635827e-05,2.5638542865635827e-05
3486,446675,31,2259,-2.5638148144935258e-05,2.5638148144935258e-05
3487,436522,30,6442,2.563525595178362e-05,2.563525595178362e-05
3488,435103,30,5023,-2.5630768504925072e-05,2.5630768504925072e-05
3489,374657,26,1921,-2.5624351110309362e-05,2.5624351110309362e-05
3490,407956,28,6548,-2.5619377993280068e-05,2.5619377993280068e-05
3491,242151,16,12775,2.5618202926125377e-05,2.5618202926125377e-05
3492,451494,31,7078,-2.5616682250984013e-05,2.5616682250984013e-05
3493,401673,28,265,-2.5614130208850838e-05,2.5614130208850838e-05
3494,448413,31,3997,2.5611701857997105e-05,2.5611701857997105e-05
3495,418554,29,2810,2.560309621912893e-05,2.560309621912893e-05
3496,453481,31,9065,2.5602832465665415e-05,2.5602832465665415e-05
3497,438925,30,8845,-2.5602135792723857e-05,2.5602135792723857e-05
3498,438665,30,8585,-2.5599327273084782e-05,2.5599327273084782e-05
3499,216057,15,1017,-2.5598810680094175e-05,2.5598810680094175e-05
3500,375231,26,2495,-2.5592376914573833e-05,2.5592376914573833e-05
3501,221454,15,6414,2.5590827135602012e-05,2.5590827135602012e-05
3502,360283,25,1883,-2.5590634322725236e-05,2.5590634322725236e-05
3503,219565,15,4525,2.55895902228076e-05,2.55895902228076e-05
3504,446694,31,2278,-2.5577244741725735e-05,2.5577244741725735e-05
3505,190625,13,4257,2.5576418920536526e-05,2.5576418920536526e-05
3506,452770,31,8354,2.5573252059984952e-05,2.5573252059984952e-05
3507,455560,31,11144,-2.5567031116224825e-05,2.5567031116224825e-05
3508,446797,31,2381,2.5564657335053198e-05,2.5564657335053198e-05
3509,456788,31,12372,2.5562869268469512e-05,2.5562869268469512e-05
3510,439398,30,9318,-2.556259096309077e-05,2.556259096309077e-05
3511,247400,17,3688,2.5558872948749922e-05,2.5558872948749922e-05
3512,448396,31,3980,2.5555940737831406e-05,2.5555940737831406e-05
3513,448834,31,4418,-2.555426544859074e-05,2.555426544859074e-05
3514,401575,28,167,-2.5552217266522348e-05,2.5552217266522348e-05
3515,455353,31,10937,-2.555108949309215e-05,2.555108949309215e-05
3516,446467,31,2051,2.554486673034262e-05,2.554486673034262e-05
3517,435196,30,5116,-2.554466664150823e-05,2.554466664150823e-05
3518,307097,21,6041,-2.5541226932546124e-05,2.5541226932546124e-05
3519,421311,29,5567,2.553975718910806e-05,2.553975718910806e-05
3520,412406,28,10998,2.5539206035318784e-05,2.5539206035318784e-05
3521,434725,30,4645,2.5531628125463612e-05,2.5531628125463612e-05
3522,390420,27,3348,-2.5528293917886913e-05,2.5528293917886913e-05
3523,454668,31,10252,2.552035221015103e-05,2.552035221015103e-05
3524,437209,30,7129,-2.5519353584968485e-05,2.5519353584968485e-05
3525,454634,31,10218,2.5514702429063618e-05,2.5514702429063618e-05
3526,432789,30,2709,2.5510991690680385e-05,2.5510991690680385e-05
3527,433166,30,3086,-2.5491099222563207e-05,2.5491099222563207e-05
3528,430537,30,457,-2.5470269974903204e-05,2.5470269974903204e-05
3529,270211,18,12163,-2.5465667931712233e-05,2.5465667931712233e-05
3530,197339,13,10971,2.5456974981352687e-05,2.5456974981352687e-05
3531,454319,31,9903,2.5446586732869036e-05,2.5446586732869036e-05
3532,176232,12,4200,2.5441087927902117e-05,2.5441087927902117e-05
3533,388865,27,1793,2.5438517695874907e-05,2.5438517695874907e-05
3534,430842,30,762,2.5434997951379046e-05,2.5434997951379046e-05
3535,262903,18,4855,2.5431601898162626e-05,2.5431601898162626e-05
3536,447706,31,3290,-2.5418336008442566e-05,2.5418336008442566e-05
3537,430446,30,366,2.5412056857021526e-05,2.5412056857021526e-05
3538,439902,30,9822,2.54037840932142e-05,2.54037840932142e-05
3539,455833,31,11417,-2.5402407118235715e-05,2.5402407118235715e-05
3540,445853,31,1437,-2.5401786842849106e-05,2.5401786842849106e-05
3541,380282,26,7546,-2.5400820959475823e-05,2.5400820959475823e-05
3542,408239,28,6831,-2.5397994249942712e-05,2.5397994249942712e-05
3543,415749,29,5,-2.5397786885150708e-05,2.5397786885150708e-05
3544,433626,30,3546,2.5397026547580026e-05,2.5397026547580026e-05
3545,456846,31,12430,-2.539216984587256e-05,2.539216984587256e-05
3546,323986,22,8594,2.538959051889833e-05,2.538959051889833e-05
3547,197403,13,11035,-2.5389428628841415e-05,2.5389428628841415e-05
3548,157652,10,14292,-2.5388788344571367e-05,2.5388788344571367e-05
3549,181565,12,9533,2.538544504204765e-05,2.538544504204765e-05
3550,256576,17,12864,2.538192165957298e-05,2.538192165957298e-05
3551,168127,11,10431,-2.538153057685122e-05,2.538153057685122e-05
3552,439295,30,9215,-2.5375491532031447e-05,2.5375491532031447e-05
3553,212636,14,11932,-2.537169166316744e-05,2.537169166316744e-05
3554,448656,31,4240,-2.5370893126819283e-05,2.5370893126819283e-05
3555,188770,13,2402,2.536431020416785e-05,2.536431020416785e-05
3556,445263,31,847,-2.536035935918335e-05,2.536035935918335e-05
3557,424407,29,8663,-2.5353720047860406e-05,2.5353720047860406e-05
3558,442643,30,12563,2.5348965209559537e-05,2.5348965209559537e-05
3559,414983,28,13575,2.5347635528305545e-05,2.5347635528305545e-05
3560,246130,17,2418,-2.5345956601086073e-05,2.5345956601086073e-05
3561,452519,31,8103,-2.5332183213322423e-05,2.5332183213322423e-05
3562,453891,31,9475,-2.5323777663288638e-05,2.5323777663288638e-05
3563,419008,29,3264,2.5318942789454013e-05,2.5318942789454013e-05
3564,439376,30,9296,-2.5318240659544244e-05,2.5318240659544244e-05
3565,190082,13,3714,-2.531646896386519e-05,2.531646896386519e-05
3566,374027,26,1291,2.531182144593913e-05,2.531182144593913e-05
3567,197144,13,10776,2.5310324417660013e-05,2.5310324417660013e-05
3568,426131,29,10387,2.530566416680813e-05,2.530566416680813e-05
3569,358848,25,448,2.5300711058662273e-05,2.5300711058662273e-05
3570,190467,13,4099,-2.5299290427938104e-05,2.5299290427938104e-05
3571,167477,11,9781,2.529865196265746e-05,2.529865196265746e-05
3572,453107,31,8691,2.529804260120727e-05,2.529804260120727e-05
3573,196994,13,10626,-2.529684206820093e-05,2.529684206820093e-05
3574,443549,30,13469,-2.529597986722365e-05,2.529597986722365e-05
3575,425986,29,10242,2.5295572413597256e-05,2.5295572413597256e-05
3576,428772,29,13028,2.5293509679613635e-05,2.5293509679613635e-05
3577,381452,26,8716,2.529222001612652e-05,2.529222001612652e-05
3578,447543,31,3127,2.52916961471783e-05,2.52916961471783e-05
3579,453626,31,9210,2.5288014512625523e-05,2.5288014512625523e-05
3580,418069,29,2325,2.5270675905630924e-05,2.5270675905630924e-05
3581,397926,27,10854,-2.5249342797906138e-05,2.5249342797906138e-05
3582,434663,30,4583,-2.5242725314456038e-05,2.5242725314456038e-05
3583,351125,24,7061,2.5236075089196675e-05,2.5236075089196675e-05
3584,410706,28,9298,2.523509283491876e-05,2.523509283491876e-05
3585,423364,29,7620,-2.523283546906896e-05,2.523283546906896e-05
3586,420426,29,4682,2.5224449927918613e-05,2.5224449927918613e-05
3587,445015,31,599,2.5224398996215314e-05,2.5224398996215314e-05
3588,163355,11,5659,2.5224127966794185e-05,2.5224127966794185e-05
3589,442571,30,12491,-2.5219049348379485e-05,2.5219049348379485e-05
3590,457598,31,13182,2.5205305064446293e-05,2.5205305064446293e-05
3591,444682,31,266,2.5204019038937986e-05,2.5204019038937986e-05
3592,362915,25,4515,2.5191404347424395e-05,2.5191404347424395e-05
3593,445662,31,1246,-2.517911525501404e-05,2.517911525501404e-05
3594,365298,25,6898,-2.5170093067572452e-05,2.5170093067572452e-05
3595,366435,25,8035,-2.516446511435788e-05,2.516446511435788e-05
3596,354965,24,10901,2.5163506506942213e-05,2.5163506506942213e-05
3597,445566,31,1150,-2.5162375095533207e-05,2.5162375095533207e-05
3598,458204,31,13788,2.5160923541989177e-05,2.5160923541989177e-05
3599,189579,13,3211,-2.5156612537102774e-05,2.5156612537102774e-05
3600,438640,30,8560,-2.515554297133349e-05,2.515554297133349e-05
3601,304556,21,3500,-2.5143261154880747e-05,2.5143261154880747e-05
3602,344964,24,900,-2.5137862394331023e-05,2.5137862394331023e-05
3603,442417,30,12337,-2.5125880711129867e-05,2.5125880711129867e-05
3604,331301,23,1573,2.512079299776815e-05,2.512079299776815e-05
3605,396431,27,9359,2.511612001399044e-05,2.511612001399044e-05
3606,453448,31,9032,2.5113911760854535e-05,2.5113911760854535e-05
3607,454513,31,10097,-2.5113711672020145e-05,2.5113711672020145e-05
3608,165904,11,8208,2.511264210625086e-05,2.511264210625086e-05
3609,448640,31,4224,2.5107356123044156e-05,2.5107356123044156e-05
3610,237807,16,8431,-2.510383455955889e-05,2.510383455955889e-05
3611,427568,29,11824,-2.510364902263973e-05,2.510364902263973e-05
3612,387872,27,800,2.5100260245380923e-05,2.5100260245380923e-05
3613,234469,16,5093,2.508908619347494e-05,2.508908619347494e-05
3614,443404,30,13324,2.5087005269597284e-05,2.5087005269597284e-05
3615,426923,29,11179,2.5085269953706302e-05,2.5085269953706302e-05
3616,440968,30,10888,2.5084240405703895e-05,2.5084240405703895e-05
3617,375478,26,2742,-2.5083065338549204e-05,2.5083065338549204e-05
3618,456721,31,12305,2.506981763872318e-05,2.506981763872318e-05
3619,440163,30,10083,-2.506964301574044e-05,2.506964301574044e-05
3620,372158,25,13758,2.506780765543226e-05,2.506780765543226e-05
3621,445321,31,905,2.5055400328710675e-05,2.5055400328710675e-05
3622,242905,16,13529,-2.5049803298315965e-05,2.5049803298315965e-05
3623,450820,31,6404,-2.5046629161806777e-05,2.5046629161806777e-05
3624,413130,28,11722,2.5042858396773227e-05,2.5042858396773227e-05
3625,451337,31,6921,2.504208532627672e-05,2.504208532627672e-05
3626,440352,30,10272,-2.504047552065458e-05,2.504047552065458e-05
3627,398242,27,11170,-2.5037421437446028e-05,2.5037421437446028e-05
3628,445543,31,1127,-2.5037321393028833e-05,2.5037321393028833e-05
3629,196728,13,10360,-2.503551331756171e-05,2.503551331756171e-05
3630,434394,30,4314,-2.5026236471603625e-05,2.5026236471603625e-05
3631,361251,25,2851,-2.5025212380569428e-05,2.5025212380569428e-05
3632,208962,14,8258,-2.5024173737620004e-05,2.5024173737620004e-05
3633,434622,30,4542,-2.5020490284077823e-05,2.5020490284077823e-05
3634,452354,31,7938,-2.5017732696142048e-05,2.5017732696142048e-05
3635,446670,31,2254,2.501547169231344e-05,2.501547169231344e-05
3636,401049,27,13977,-2.5012299374793656e-05,2.5012299374793656e-05
3637,438363,30,8283,-2.5003548216773197e-05,2.5003548216773197e-05
3638,252550,17,8838,-2.4998473236337304e-05,2.4998473236337304e-05
3639,439257,30,9177,2.499605579941999e-05,2.499605579941999e-05
3640,441043,30,10963,-2.4993081751745194e-05,2.4993081751745194e-05
3641,252288,17,8576,2.4988834411487915e-05,2.4988834411487915e-05
3642,453038,31,8622,2.4983877665363252e-05,2.4983877665363252e-05
3643,210599,14,9895,2.498299363651313e-05,2.498299363651313e-05
3644,443191,30,13111,2.498271715012379e-05,2.498271715012379e-05
3645,271697,18,13649,-2.4975715859909542e-05,2.4975715859909542e-05
3646,456192,31,11776,-2.4970822778414004e-05,2.4970822778414004e-05
3647,456878,31,12462,-2.4963483156170696e-05,2.4963483156170696e-05
3648,447929,31,3513,-2.4955767003120854e-05,2.4955767003120854e-05
3649,161537,11,3841,-2.495515946066007e-05,2.495515946066007e-05
3650,432454,30,2374,-2.4955152184702456e-05,2.4955152184702456e-05
3651,191108,13,4740,2.4952467356342822e-05,2.4952467356342822e-05
3652,421926,29,6182,-2.4950761144282296e-05,2.4950761144282296e-05
3653,210183,14,9479,2.494120599294547e-05,2.494120599294547e-05
3654,215401,15,361,2.4940680305007845e-05,2.4940680305007845e-05
3655,431978,30,1898,2.4938792194006965e-05,2.4938792194006965e-05
3656,374802,26,2066,2.4938000933616422e-05,2.4938000933616422e-05
3657,340495,23,10767,2.4936911358963698e-05,2.4936911358963698e-05
3658,227166,15,12126,2.493652755219955e-05,2.493652755219955e-05
3659,457651,31,13235,-2.4933846361818723e-05,2.4933846361818723e-05
3660,409490,28,8082,2.4928138373070396e-05,2.4928138373070396e-05
3661,436728,30,6648,-2.4927403501351364e-05,2.4927403501351364e-05
3662,453477,31,9061,-2.4917597329476848e-05,2.4917597329476848e-05
3663,452626,31,8210,-2.490794940968044e-05,2.490794940968044e-05
3664,450315,31,5899,-2.489996222720947e-05,2.489996222720947e-05
3665,418691,29,2947,2.489841244823765e-05,2.489841244823765e-05
3666,451214,31,6798,2.489350845280569e-05,2.489350845280569e-05
3667,188292,13,1924,-2.4889597625588067e-05,2.4889597625588067e-05
3668,402170,28,762,2.4889528503990732e-05,2.4889528503990732e-05
3669,418621,29,2877,-2.4888702682801522e-05,2.4888702682801522e-05
3670,416196,29,452,-2.488690552127082e-05,2.488690552127082e-05
3671,409983,28,8575,2.487982601451222e-05,2.487982601451222e-05
3672,366558,25,8158,2.486908488208428e-05,2.486908488208428e-05
3673,426154,29,10410,2.4862116333679296e-05,2.4862116333679296e-05
3674,433885,30,3805,-2.4858058168319985e-05,2.4858058168319985e-05
3675,420874,29,5130,2.4848648536135443e-05,2.4848648536135443e-05
3676,455794,31,11378,-2.4844139261404052e-05,2.4844139261404052e-05
3677,448371,31,3955,2.4842087441356853e-05,2.4842087441356853e-05
3678,440332,30,10252,2.4835522708599456e-05,2.4835522708599456e-05
3679,191902,13,5534,2.483521711837966e-05,2.483521711837966e-05
3680,189660,13,3292,2.4833243514876813e-05,2.4833243514876813e-05
3681,443537,30,13457,2.4832737835822627e-05,2.4832737835822627e-05
3682,456937,31,12521,-2.4829498215694912e-05,2.4829498215694912e-05
3683,240308,16,10932,-2.4829478206811473e-05,2.4829478206811473e-05
3684,448051,31,3635,2.4821287297527306e-05,2.4821287297527306e-05
3685,457705,31,13289,-2.480868533893954e-05,2.480868533893954e-05
3686,349205,24,5141,2.4798053345875815e-05,2.4798053345875815e-05
3687,165618,11,7922,2.479087925166823e-05,2.479087925166823e-05
3688,444760,31,344,-2.4779697923804633e-05,2.4779697923804633e-05
3689,240751,16,11375,2.4776312784524634e-05,2.4776312784524634e-05
3690,456427,31,12011,2.4770761228865013e-05,2.4770761228865013e-05
3691,404840,28,3432,-2.476193731126841e-05,2.476193731126841e-05
3692,445326,31,910,-2.4758026484050788e-05,2.4758026484050788e-05
3693,402855,28,1447,-2.4757957362453453e-05,2.4757957362453453e-05
3694,430886,30,806,-2.4754956029937603e-05,2.4754956029937603e-05
3695,445374,31,958,-2.4748975192778744e-05,2.4748975192778744e-05
3696,419723,29,3979,-2.4743629182921723e-05,2.4743629182921723e-05
3697,184597,12,12565,-2.474105713190511e-05,2.474105713190511e-05
3698,450070,31,5654,2.4740156732150353e-05,2.4740156732150353e-05
3699,301890,21,834,2.4736920750001445e-05,2.4736920750001445e-05
3700,383548,26,10812,2.473430686222855e-05,2.473430686222855e-05
3701,318877,22,3485,2.4733977625146508e-05,2.4733977625146508e-05
3702,170345,11,12649,-2.47317166213179e-05,2.47317166213179e-05
3703,227992,15,12952,-2.472618689353112e-05,2.472618689353112e-05
3704,446536,31,2120,-2.472553387633525e-05,2.472553387633525e-05
3705,188787,13,2419,2.472089727234561e-05,2.472089727234561e-05
3706,457499,31,13083,2.4720187866478227e-05,2.4720187866478227e-05
3707,410936,28,9528,-2.4711420337553136e-05,2.4711420337553136e-05
3708,432959,30,2879,2.4708973796805367e-05,2.4708973796805367e-05
3709,450019,31,5603,-2.4696762920939364e-05,2.4696762920939364e-05
3710,145029,10,1669,-2.4691991711733863e-05,2.4691991711733863e-05
3711,312814,21,11758,2.468956881784834e-05,2.468956881784834e-05
3712,442313,30,12233,2.4683329684194177e-05,2.4683329684194177e-05
3713,450030,31,5614,2.4675966415088624e-05,2.4675966415088624e-05
3714,174275,12,2243,-2.4674392989254557e-05,2.4674392989254557e-05
3715,174219,12,2187,2.467283593432512e-05,2.467283593432512e-05
3716,225713,15,10673,-2.4663540898473002e-05,2.4663540898473002e-05
3717,381667,26,8931,-2.465760007908102e-05,2.465760007908102e-05
3718,446203,31,1787,2.4654713342897594e-05,2.4654713342897594e-05
3719,434435,30,4355,-2.465433681209106e-05,2.465433681209106e-05
3720,327241,22,11849,-2.4653658329043537e-05,2.4653658329043537e-05
3721,421178,29,5434,2.4647855752846226e-05,2.4647855752846226e-05
3722,381056,26,8320,-2.4646356905577704e-05,2.4646356905577704e-05
3723,396391,27,9319,2.464573481120169e-05,2.464573481120169e-05
3724,434342,30,4262,-2.4641441996209323e-05,2.4641441996209323e-05
3725,338225,23,8497,2.463316559442319e-05,2.463316559442319e-05
3726,455707,31,11291,-2.463231430738233e-05,2.463231430738233e-05
3727,389426,27,2354,2.461857548041735e-05,2.461857548041735e-05
3728,436683,30,6603,2.4616389055154286e-05,2.4616389055154286e-05
3729,456500,31,12084,2.461624717398081e-05,2.461624717398081e-05
3730,280259,19,7875,2.460927134961821e-05,2.460927134961821e-05
3731,194523,13,8155,-2.4603654310340062e-05,2.4603654310340062e-05
3732,191938,13,5570,-2.4594284695922397e-05,2.4594284695922397e-05
3733,452880,31,8464,2.4593997295596637e-05,2.4593997295596637e-05
3734,451854,31,7438,2.4592543923063204e-05,2.4592543923063204e-05
3735,432486,30,2406,-2.4590308385086246e-05,2.4590308385086246e-05
3736,457403,31,12987,-2.4587947336840443e-05,2.4587947336840443e-05
3737,450868,31,6452,2.4583552658441477e-05,2.4583552658441477e-05
3738,433311,30,3231,2.4582253900007345e-05,2.4582253900007345e-05
3739,437390,30,7310,-2.4570439563831314e-05,2.4570439563831314e-05
3740,413101,28,11693,-2.456826223351527e-05,2.456826223351527e-05
3741,455405,31,10989,-2.4565868443460204e-05,2.4565868443460204e-05
3742,281575,19,9191,2.4565073545090854e-05,2.4565073545090854e-05
3743,418733,29,2989,2.4562174075981602e-05,2.4562174075981602e-05
3744,445606,31,1190,2.455369394738227e-05,2.455369394738227e-05
3745,315118,21,14062,-2.4551920432713814e-05,2.4551920432713814e-05
3746,410060,28,8652,-2.4550065063522197e-05,2.4550065063522197e-05
3747,313480,21,12424,2.4544287953176536e-05,2.4544287953176536e-05
3748,447769,31,3353,2.4544122425140813e-05,2.4544122425140813e-05
3749,451418,31,7002,-2.4533885152777657e-05,2.4533885152777657e-05
3750,394530,27,7458,2.45296487264568e-05,2.45296487264568e-05
3751,183191,12,11159,2.4522958483430557e-05,2.4522958483430557e-05
3752,327118,22,11726,-2.451869113428984e-05,2.451869113428984e-05
3753,437807,30,7727,-2.4517459678463638e-05,2.4517459678463638e-05
3754,452200,31,7784,2.451452564855572e-05,2.451452564855572e-05
3755,455416,31,11000,-2.451074578857515e-05,2.451074578857515e-05
3756,452301,31,7885,-2.450726788083557e-05,2.450726788083557e-05
3757,445780,31,1364,2.450357351335697e-05,2.450357351335697e-05
3758,451704,31,7288,2.4494169338140637e-05,2.4494169338140637e-05
3759,209706,14,9002,-2.4491218937328085e-05,2.4491218937328085e-05
3760,442239,30,12159,-2.4486853362759575e-05,2.4486853362759575e-05
3761,252496,17,8784,-2.4478424165863544e-05,2.4478424165863544e-05
3762,438306,30,8226,2.446690086799208e-05,2.446690086799208e-05
3763,455968,31,11552,2.445574318699073e-05,2.445574318699073e-05
3764,438923,30,8843,2.445228528813459e-05,2.445228528813459e-05
3765,451946,31,7530,-2.44463917624671e-05,2.44463917624671e-05
3766,148051,10,4691,-2.4439259505015798e-05,2.4439259505015798e-05
3767,438199,30,8119,-2.443706034682691e-05,2.443706034682691e-05
3768,348256,24,4192,2.4437053070869297e-05,2.4437053070869297e-05
3769,434657,30,4577,2.4426350137218833e-05,2.4426350137218833e-05
3770,426225,29,10481,-2.4426044546999037e-05,2.4426044546999037e-05
3771,439935,30,9855,2.4419709006906487e-05,2.4419709006906487e-05
3772,457841,31,13425,2.4416100131929852e-05,2.4416100131929852e-05
3773,431402,30,1322,2.4414532163063996e-05,2.4414532163063996e-05
3774,457192,31,12776,2.4410239348071627e-05,2.4410239348071627e-05
3775,456525,31,12109,-2.4402401322731748e-05,2.4402401322731748e-05
3776,433638,30,3558,2.4395340005867183e-05,2.4395340005867183e-05
3777,450193,31,5777,2.4388147721765563e-05,2.4388147721765563e-05
3778,299090,20,12370,2.4387403755099513e-05,2.4387403755099513e-05
3779,416235,29,491,-2.4386765289818868e-05,2.4386765289818868e-05
3780,236927,16,7551,2.438022602291312e-05,2.438022602291312e-05
3781,292130,20,5410,2.4375645807594992e-05,2.4375645807594992e-05
3782,434261,30,4181,-2.437520925013814e-05,2.437520925013814e-05
3783,415967,29,223,-2.4368348022107966e-05,2.4368348022107966e-05
3784,428569,29,12825,2.4363771444768645e-05,2.4363771444768645e-05
3785,294721,20,8001,-2.4357939764740877e-05,2.4357939764740877e-05
3786,426035,29,10291,2.4355584173463285e-05,2.4355584173463285e-05
3787,282416,19,10032,-2.435534588585142e-05,2.435534588585142e-05
3788,423179,29,7435,-2.435466376482509e-05,2.435466376482509e-05
3789,152228,10,8868,-2.435202077322174e-05,2.435202077322174e-05
3790,208008,14,7304,-2.4346976715605706e-05,2.4346976715605706e-05
3791,438498,30,8418,2.434662019368261e-05,2.434662019368261e-05
3792,428335,29,12591,-2.4325585400220007e-05,2.4325585400220007e-05
3793,447442,31,3026,-2.431401844660286e-05,2.431401844660286e-05
3794,420534,29,4790,-2.430430322419852e-05,2.430430322419852e-05
3795,336207,23,6479,2.430255881336052e-05,2.430255881336052e-05
3796,437572,30,7492,2.4299914002767764e-05,2.4299914002767764e-05
3797,296486,20,9766,-2.4298082280438393e-05,2.4298082280438393e-05
3798,432200,30,2120,-2.4297176423715428e-05,2.4297176423715428e-05
3799,458696,31,14280,2.4297107302118093e-05,2.4297107302118093e-05
3800,450809,31,6393,-2.4290997316711582e-05,2.4290997316711582e-05
3801,450280,31,5864,-2.4290444343932904e-05,2.4290444343932904e-05
3802,188402,13,2034,-2.428844709356781e-05,2.428844709356781e-05
3803,175095,12,3063,-2.4282240701722912e-05,2.4282240701722912e-05
3804,451930,31,7514,-2.4281809601234272e-05,2.4281809601234272e-05
3805,426884,29,11140,2.427918661851436e-05,2.427918661851436e-05
3806,452822,31,8406,2.427722210995853e-05,2.427722210995853e-05
3807,446430,31,2014,-2.427660183457192e-05,2.427660183457192e-05
3808,397285,27,10213,2.4272847440443e-05,2.4272847440443e-05
3809,255329,17,11617,2.4269769710372202e-05,2.4269769710372202e-05
3810,255967,17,12255,-2.426949140499346e-05,2.426949140499346e-05
3811,447285,31,2869,-2.4264287276309915e-05,2.4264287276309915e-05
3812,455953,31,11537,-2.426022183499299e-05,2.426022183499299e-05
3813,431509,30,1429,-2.4257413315353915e-05,2.4257413315353915e-05
3814,452774,31,8358,-2.4254673917312175e-05,2.4254673917312175e-05
3815,448469,31,4053,-2.4252551156678237e-05,2.4252551156678237e-05
3816,229172,15,14132,2.4251667127828114e-05,2.4251667127828114e-05
3817,346390,24,2326,-2.4248713089036755e-05,2.4248713089036755e-05
3818,451166,31,6750,-2.4248574845842086e-05,2.4248574845842086e-05
3819,46222,3,3214,2.424477497697808e-05,2.424477497697808e-05
3820,431604,30,1524,-2.423253499728162e-05,2.423253499728162e-05
3821,436559,30,6479,2.42312944465084e-05,2.42312944465084e-05
3822,454523,31,10107,2.4231203497038223e-05,2.4231203497038223e-05
3823,452831,31,8415,2.4230625058407895e-05,2.4230625058407895e-05
3824,390446,27,3374,2.4229215341620147e-05,2.4229215341620147e-05
3825,327276,22,11884,2.4228527763625607e-05,2.4228527763625607e-05
3826,411662,28,10254,-2.4217501049861312e-05,2.4217501049861312e-05
3827,456636,31,12220,-2.421270801278297e-05,2.421270801278297e-05
3828,167970,11,10274,2.420874807285145e-05,2.420874807285145e-05
3829,393408,27,6336,-2.4199081963161007e-05,2.4199081963161007e-05
3830,450010,31,5594,-2.4198941900976934e-05,2.4198941900976934e-05
3831,179535,12,7503,-2.419862175884191e-05,2.419862175884191e-05
3832,445891,31,1475,-2.4196495360229164e-05,2.4196495360229164e-05
3833,439022,30,8942,2.419423617538996e-05,2.419423617538996e-05
3834,456348,31,11932,-2.4189692339859903e-05,2.4189692339859903e-05
3835,456258,31,11842,-2.4176164515665732e-05,2.4176164515665732e-05
3836,222824,15,7784,-2.4162047338904813e-05,2.4162047338904813e-05
3837,196148,13,9780,-2.415677226963453e-05,2.415677226963453e-05
3838,199408,13,13040,2.414839036646299e-05,2.414839036646299e-05
3839,419603,29,3859,2.4146689611370675e-05,2.4146689611370675e-05
3840,399276,27,12204,-2.4144406779669225e-05,2.4144406779669225e-05
3841,383193,26,10457,-2.4143231712514535e-05,2.4143231712514535e-05
3842,265074,18,7026,-2.4141729227267206e-05,2.4141729227267206e-05
3843,170052,11,12356,-2.4141527319443412e-05,2.4141527319443412e-05
3844,440095,30,10015,2.414077243884094e-05,2.414077243884094e-05
3845,434552,30,4472,-2.4140326786437072e-05,2.4140326786437072e-05
3846,275393,19,3009,-2.4135879357345402e-05,2.4135879357345402e-05
3847,408619,28,7211,-2.4135166313499212e-05,2.4135166313499212e-05
3848,194836,13,8468,2.4122768081724644e-05,2.4122768081724644e-05
3849,447522,31,3106,-2.4110107915475965e-05,2.4110107915475965e-05
3850,444932,31,516,2.410953129583504e-05,2.410953129583504e-05
3851,428816,29,13072,2.410716115264222e-05,2.410716115264222e-05
3852,448665,31,4249,2.410683737252839e-05,2.410683737252839e-05
3853,236843,16,7467,-2.4101609596982598e-05,2.4101609596982598e-05
3854,192203,13,5835,2.4097878849715926e-05,2.4097878849715926e-05
3855,447309,31,2893,2.4096132619888522e-05,2.4096132619888522e-05
3856,212938,14,12234,-2.409480839560274e-05,2.409480839560274e-05
3857,433323,30,3243,-2.4093522370094433e-05,2.4093522370094433e-05
3858,449743,31,5327,2.4085858967737295e-05,2.4085858967737295e-05
3859,250059,17,6347,-2.4083277821773663e-05,2.4083277821773663e-05
3860,377762,26,5026,-2.4082868549157865e-05,2.4082868549157865e-05
3861,290158,20,3438,-2.4082310119410977e-05,2.4082310119410977e-05
3862,217685,15,2645,-2.407807915005833e-05,2.407807915005833e-05
3863,205242,14,4538,-2.407395550108049e-05,2.407395550108049e-05
3864,327025,22,11633,2.406999010418076e-05,2.406999010418076e-05
3865,147902,10,4542,2.4064791432465427e-05,2.4064791432465427e-05
3866,446102,31,1686,-2.4056351321632974e-05,2.4056351321632974e-05
3867,415633,28,14225,2.405633313173894e-05,2.405633313173894e-05
3868,320973,22,5581,2.4037452021730132e-05,2.4037452021730132e-05
3869,435519,30,5439,2.4037344701355323e-05,2.4037344701355323e-05
3870,439502,30,9422,2.4028726329561323e-05,2.4028726329561323e-05
3871,450149,31,5733,2.4025473976507783e-05,2.4025473976507783e-05
3872,269827,18,11779,-2.4024229787755758e-05,2.4024229787755758e-05
3873,225275,15,10235,-2.4018512704060413e-05,2.4018512704060413e-05
3874,401535,28,127,2.4016913812374696e-05,2.4016913812374696e-05
3875,197322,13,10954,-2.4013594156713225e-05,2.4013594156713225e-05
3876,429529,29,13785,2.4012244466575794e-05,2.4012244466575794e-05
3877,444158,30,14078,-2.4010125343920663e-05,2.4010125343920663e-05
3878,221212,15,6172,2.4009736080188304e-05,2.4009736080188304e-05
3879,234657,16,5281,2.400907760602422e-05,2.400907760602422e-05
3880,450519,31,6103,2.4008648324524984e-05,2.4008648324524984e-05
3881,219135,15,4095,2.400694756943267e-05,2.400694756943267e-05
3882,364450,25,6050,2.4006818421185017e-05,2.4006818421185017e-05
3883,301710,21,654,2.4000350094866008e-05,2.4000350094866008e-05
3884,447450,31,3034,-2.398960350546986e-05,2.398960350546986e-05
3885,416413,29,669,-2.3988592147361487e-05,2.3988592147361487e-05
3886,196811,13,10443,2.3987180611584336e-05,2.3987180611584336e-05
3887,365155,25,6755,2.3984723156900145e-05,2.3984723156900145e-05
3888,411565,28,10157,-2.3974351279321127e-05,2.3974351279321127e-05
3889,439922,30,9842,-2.396996205789037e-05,2.396996205789037e-05
3890,458228,31,13812,2.3969882022356614e-05,2.3969882022356614e-05
3891,454635,31,10219,-2.3969354515429586e-05,2.3969354515429586e-05
3892,449240,31,4824,2.396742274868302e-05,2.396742274868302e-05
3893,443338,30,13258,-2.396495983703062e-05,2.396495983703062e-05
3894,223818,15,8778,2.396024137851782e-05,2.396024137851782e-05
3895,448268,31,3852,2.3959006284712814e-05,2.3959006284712814e-05
3896,432421,30,2341,-2.3955975848366506e-05,2.3955975848366506e-05
3897,310891,21,9835,-2.3952256015036255e-05,2.3952256015036255e-05
3898,423190,29,7446,2.395114461251069e-05,2.395114461251069e-05
3899,193827,13,7459,-2.395111368969083e-05,2.395111368969083e-05
3900,445362,31,946,2.3941400286275893e-05,2.3941400286275893e-05
3901,423089,29,7345,-2.3938091544550844e-05,2.3938091544550844e-05
3902,433897,30,3817,2.3936710931593552e-05,2.3936710931593552e-05
3903,199094,13,12726,-2.3921507818158716e-05,2.3921507818158716e-05
3904,413041,28,11633,-2.3920896637719125e-05,2.3920896637719125e-05
3905,420389,29,4645,2.3917622456792742e-05,2.3917622456792742e-05
3906,436862,30,6782,2.3914721168694086e-05,2.3914721168694086e-05
3907,416181,29,437,-2.390762347204145e-05,2.390762347204145e-05
3908,332659,23,2931,-2.3906331989564933e-05,2.3906331989564933e-05
3909,189220,13,2852,-2.3906208298285492e-05,2.3906208298285492e-05
3910,156917,10,13557,-2.3898070139694028e-05,2.3898070139694028e-05
3911,446031,31,1615,2.3896775019238703e-05,2.3896775019238703e-05
3912,188290,13,1922,-2.3893750039860606e-05,2.3893750039860606e-05
3913,450855,31,6439,-2.3893217075965367e-05,2.3893217075965367e-05
3914,436563,30,6483,2.3891512682894245e-05,2.3891512682894245e-05
3915,447637,31,3221,2.3890404918347485e-05,2.3890404918347485e-05
3916,246761,17,3049,2.3886030248831958e-05,2.3886030248831958e-05
3917,420131,29,4387,-2.3883252652012743e-05,2.3883252652012743e-05
3918,447553,31,3137,2.387407948845066e-05,2.387407948845066e-05
3919,219408,15,4368,-2.3871310986578465e-05,2.3871310986578465e-05
3920,446820,31,2404,-2.3865612092777155e-05,2.3865612092777155e-05
3921,399568,27,12496,2.3864902686909772e-05,2.3864902686909772e-05
3922,397223,27,10151,2.38638403970981e-05,2.38638403970981e-05
3923,167678,11,9982,-2.3857362975832075e-05,2.3857362975832075e-05
3924,287017,20,297,-2.385060906817671e-05,2.385060906817671e-05
3925,443178,30,13098,2.3849795979913324e-05,2.3849795979913324e-05
3926,283409,19,11025,-2.3847989723435603e-05,2.3847989723435603e-05
3927,455674,31,11258,2.3845414034440182e-05,2.3845414034440182e-05
3928,437016,30,6936,-2.3842849259381182e-05,2.3842849259381182e-05
3929,456686,31,12270,2.3842811060603708e-05,2.3842811060603708e-05
3930,444582,31,166,-2.3839531422709115e-05,2.3839531422709115e-05
3931,458365,31,13949,2.383904757152777e-05,2.383904757152777e-05
3932,154548,10,11188,-2.3837725166231394e-05,2.3837725166231394e-05
3933,438033,30,7953,-2.3833143131923862e-05,2.3833143131923862e-05
3934,405421,28,4013,2.383236824243795e-05,2.383236824243795e-05
3935,434095,30,4015,-2.3830216377973557e-05,2.3830216377973557e-05
3936,415642,28,14234,-2.3825656171538867e-05,2.3825656171538867e-05
3937,283044,19,10660,-2.382552884228062e-05,2.382552884228062e-05
3938,415390,28,13982,2.3819893613108434e-05,2.3819893613108434e-05
3939,206691,14,5987,2.3811446226318367e-05,2.3811446226318367e-05
3940,224361,15,9321,-2.3808317564544268e-05,2.3808317564544268e-05
3941,430739,30,659,2.3805345335858874e-05,2.3805345335858874e-05
3942,450844,31,6428,2.3801430870662443e-05,2.3801430870662443e-05
3943,453077,31,8661,2.3800605049473234e-05,2.3800605049473234e-05
3944,435181,30,5101,2.3795595552655868e-05,2.3795595552655868e-05
3945,430907,30,827,2.378963472438045e-05,2.378963472438045e-05
3946,429925,29,14181,-2.3787812096998096e-05,2.3787812096998096e-05
3947,447915,31,3499,-2.3786096789990552e-05,2.3786096789990552e-05
3948,442879,30,12799,-2.378121280344203e-05,2.378121280344203e-05
3949,450682,31,6266,-2.377903183514718e-05,2.377903183514718e-05
3950,374778,26,2042,2.3778397007845342e-05,2.3778397007845342e-05
3951,273654,19,1270,-2.3773336579324678e-05,2.3773336579324678e-05
3952,322676,22,7284,2.3766606318531558e-05,2.3766606318531558e-05
3953,418333,29,2589,-2.3764154320815578e-05,2.3764154320815578e-05
3954,172212,12,180,-2.376089832978323e-05,2.376089832978323e-05
3955,428982,29,13238,2.3756918380968273e-05,2.3756918380968273e-05
3956,446821,31,2405,2.375253097852692e-05,2.375253097852692e-05
3957,255154,17,11442,2.3750872060190886e-05,2.3750872060190886e-05
3958,247245,17,3533,-2.3750826585455798e-05,2.3750826585455798e-05
3959,424793,29,9049,2.3749951651552692e-05,2.3749951651552692e-05
3960,454812,31,10396,-2.3749844331177883e-05,2.3749844331177883e-05
3961,243141,16,13765,2.374693394813221e-05,2.374693394813221e-05
3962,456933,31,12517,2.374688847339712e-05,2.374688847339712e-05
3963,451355,31,6939,2.3744234567857347e-05,2.3744234567857347e-05
3964,434418,30,4338,-2.3740776669001207e-05,2.3740776669001207e-05
3965,450250,31,5834,2.3738099116599187e-05,2.3738099116599187e-05
3966,412420,28,11012,-2.3734364731353708e-05,2.3734364731353708e-05
3967,441131,30,11051,2.373095412622206e-05,2.373095412622206e-05
3968,229827,16,451,-2.371906339249108e-05,2.371906339249108e-05
3969,421190,29,5446,-2.3718974262010306e-05,2.3718974262010306e-05
3970,223357,15,8317,-2.3716338546364568e-05,2.3716338546364568e-05
3971,298473,20,11753,2.371594018768519e-05,2.371594018768519e-05
3972,445626,31,1210,-2.3710585082881153e-05,2.3710585082881153e-05
3973,439707,30,9627,-2.3706334104645066e-05,2.3706334104645066e-05
3974,439389,30,9309,2.370064794376958e-05,2.370064794376958e-05
3975,211749,14,11045,-2.3698090444668196e-05,2.3698090444668196e-05
3976,402630,28,1222,2.3696329662925564e-05,2.3696329662925564e-05
3977,456256,31,11840,-2.3695802155998535e-05,2.3695802155998535e-05
3978,177602,12,5570,-2.369431240367703e-05,2.369431240367703e-05
3979,437192,30,7112,-2.3693348339293152e-05,2.3693348339293152e-05
3980,390788,27,3716,2.3689937734161504e-05,2.3689937734161504e-05
3981,456454,31,12038,2.3689552108407952e-05,2.3689552108407952e-05
3982,298670,20,11950,-2.3689308363827877e-05,2.3689308363827877e-05
3983,405744,28,4336,2.368844252487179e-05,2.368844252487179e-05
3984,456357,31,11941,2.3686794520472176e-05,2.3686794520472176e-05
3985,440265,30,10185,-2.366391709074378e-05,2.366391709074378e-05
3986,438416,30,8336,2.3655587938264944e-05,2.3655587938264944e-05
3987,114752,8,64,-2.3653588868910447e-05,2.3653588868910447e-05
3988,416267,29,523,2.3649776267120615e-05,2.3649776267120615e-05
3989,398901,27,11829,-2.364872307225596e-05,2.364872307225596e-05
3990,399116,27,12044,2.364803003729321e-05,2.364803003729321e-05
3991,395403,27,8331,-2.364800457144156e-05,2.364800457144156e-05
3992,452401,31,7985,-2.364541433053091e-05,2.364541433053091e-05
3993,389463,27,2391,-2.364326428505592e-05,2.364326428505592e-05
3994,433035,30,2955,2.363975545449648e-05,2.363975545449648e-05
3995,445898,31,1482,2.3628379494766705e-05,2.3628379494766705e-05
3996,283202,19,10818,-2.3626527763553895e-05,2.3626527763553895e-05
3997,351949,24,7885,-2.3623520974069834e-05,2.3623520974069834e-05
3998,247430,17,3718,-2.362166196689941e-05,2.362166196689941e-05
3999,451758,31,7342,2.3617487386218272e-05,2.3617487386218272e-05
4000,453702,31,9286,2.3609507479704916e-05,2.3609507479704916e-05
4001,158195,11,499,2.360584585403558e-05,2.360584585403558e-05
4002,393909,27,6837,-2.3604539819643833e-05,2.3604539819643833e-05
4003,253603,17,9891,2.360178405069746e-05,2.360178405069746e-05
4004,411534,28,10126,-2.3595890525029972e-05,2.3595890525029972e-05
4005,453624,31,9208,2.3592494471813552e-05,2.3592494471813552e-05
4006,378367,26,5631,-2.359171958232764e-05,2.359171958232764e-05
4007,456934,31,12518,-2.3591665012645535e-05,2.3591665012645535e-05
4008,430473,30,393,-2.358310121053364e-05,2.358310121053364e-05
4009,453886,31,9470,2.3574943043058738e-05,2.3574943043058738e-05
4010,445424,31,1008,-2.357349694648292e-05,2.357349694648292e-05
4011,446272,31,1856,-2.356954792048782e-05,2.356954792048782e-05
4012,454310,31,9894,2.3565411538584158e-05,2.3565411538584158e-05
4013,442264,30,12184,-2.3565318770124577e-05,2.3565318770124577e-05
4014,453083,31,8667,-2.3563272407045588e-05,2.3563272407045588e-05
4015,399263,27,12191,-2.356090408284217e-05,2.356090408284217e-05
4016,401919,28,511,2.3557080567115918e-05,2.3557080567115918e-05
4017,254759,17,11047,-2.3556405722047202e-05,2.3556405722047202e-05
4018,347743,24,3679,2.355453216296155e-05,2.355453216296155e-05
4019,447774,31,3358,2.3554292056360282e-05,2.3554292056360282e-05
4020,395466,27,8394,2.355411743337754e-05,2.355411743337754e-05
4021,454211,31,9795,-2.3553338905912824e-05,2.3553338905912824e-05
4022,446986,31,2570,-2.3549830075353384e-05,2.3549830075353384e-05
4023,430791,30,711,-2.3542750568594784e-05,2.3542750568594784e-05
4024,306170,21,5114,-2.3539221729151905e-05,2.3539221729151905e-05
4025,435501,30,5421,-2.3532855266239494e-05,2.3532855266239494e-05
4026,454456,31,10040,2.353112358832732e-05,2.353112358832732e-05
4027,448473,31,4057,2.3529952159151435e-05,2.3529952159151435e-05
4028,454008,31,9592,2.3523165509686805e-05,2.3523165509686805e-05
4029,457393,31,12977,2.351993680349551e-05,2.351993680349551e-05
4030,454564,31,10148,-2.3517215595347807e-05,2.3517215595347807e-05
4031,397457,27,10385,2.3512962798122317e-05,2.3512962798122317e-05
4032,178294,12,6262,2.350163777009584e-05,2.350163777009584e-05
4033,447750,31,3334,-2.349852366023697e-05,2.349852366023697e-05
4034,313099,21,12043,-2.3495289497077465e-05,2.3495289497077465e-05
4035,447735,31,3319,-2.3490920284530148e-05,2.3490920284530148e-05
4036,453337,31,8921,2.3489914383389987e-05,2.3489914383389987e-05
4037,314119,21,13063,-2.34808412642451e-05,2.34808412642451e-05
4038,350730,24,6666,-2.3474820409319364e-05,2.3474820409319364e-05
4039,453911,31,9495,2.3474265617551282e-05,2.3474265617551282e-05
4040,443750,30,13670,2.3465468984795734e-05,2.3465468984795734e-05
4041,419052,29,3308,-2.3464364858227782e-05,2.3464364858227782e-05
4042,454567,31,10151,2.3455600967281498e-05,2.3455600967281498e-05
4043,443068,30,12988,-2.345030770811718e-05,2.345030770811718e-05
4044,168089,11,10393,-2.344942004128825e-05,2.344942004128825e-05
4045,283521,19,11137,2.3449252694263123e-05,2.3449252694263123e-05
4046,229534,16,158,-2.3444261387339793e-05,2.3444261387339793e-05
4047,457162,31,12746,2.3443553800461814e-05,2.3443553800461814e-05
4048,373634,26,898,-2.3437158233718947e-05,2.3437158233718947e-05
4049,450115,31,5699,2.343613959965296e-05,2.343613959965296e-05
4050,435023,30,4943,2.3430966393789276e-05,2.3430966393789276e-05
4051,348390,24,4326,2.342602238059044e-05,2.342602238059044e-05
4052,332102,23,2374,-2.3422742742695846e-05,2.3422742742695846e-05
4053,451295,31,6879,2.3422464437317103e-05,2.3422464437317103e-05
4054,454441,31,10025,-2.341172512387857e-05,2.341172512387857e-05
4055,434076,30,3996,-2.3410113499267027e-05,2.3410113499267027e-05
4056,453767,31,9351,2.3406366381095722e-05,2.3406366381095722e-05
4057,437508,30,7428,-2.340362152608577e-05,2.340362152608577e-05
4058,386750,26,14014,2.3402284568874165e-05,2.3402284568874165e-05
4059,407751,28,6343,-2.3398499251925386e-05,2.3398499251925386e-05
4060,341948,23,12220,2.3396820324705914e-05,2.3396820324705914e-05
4061,439866,30,9786,-2.3395175958285108e-05,2.3395175958285108e-05
4062,351304,24,7240,-2.3394071831717156e-05,2.3394071831717156e-05
4063,447790,31,3374,-2.3389891794067807e-05,2.3389891794067807e-05
4064,229180,15,14140,2.3385960957966745e-05,2.3385960957966745e-05
4065,442461,30,12381,-2.3385890017380007e-05,2.3385890017380007e-05
4066,422350,29,6606,-2.33851169468835e-05,2.33851169468835e-05
4067,439012,30,8932,2.3384083760902286e-05,2.3384083760902286e-05
4068,448673,31,4257,2.33799364650622e-05,2.33799364650622e-05
4069,410051,28,8643,2.3379738195217215e-05,2.3379738195217215e-05
4070,422718,29,6974,-2.3378701371257193e-05,2.3378701371257193e-05
4071,231252,16,1876,-2.336491525056772e-05,2.336491525056772e-05
4072,456124,31,11708,2.3364304070128128e-05,2.3364304070128128e-05
4073,185221,12,13189,2.3362967112916522e-05,2.3362967112916522e-05
4074,448006,31,3590,2.3354947188636288e-05,2.3354947188636288e-05
4075,432386,30,2306,2.3352176867774688e-05,2.3352176867774688e-05
4076,425393,29,9649,2.334947930648923e-05,2.334947930648923e-05
4077,457128,31,12712,2.334519558644388e-05,2.334519558644388e-05
4078,448690,31,4274,-2.3330952899414115e-05,2.3330952899414115e-05
4079,457828,31,13412,-2.3329623218160123e-05,2.3329623218160123e-05
4080,213654,14,12950,2.3327658709604293e-05,2.3327658709604293e-05
4081,452288,31,7872,-2.331639734620694e-05,2.331639734620694e-05
4082,185900,12,13868,2.3313219571718946e-05,2.3313219571718946e-05
4083,170933,11,13237,-2.330973802600056e-05,2.330973802600056e-05
4084,407919,28,6511,-2.33092450798722e-05,2.33092450798722e-05
4085,422409,29,6665,-2.330749157408718e-05,2.330749157408718e-05
4086,417265,29,1521,-2.3305061404244043e-05,2.3305061404244043e-05
4087,450168,31,5752,2.3293454432860017e-05,2.3293454432860017e-05
4088,451881,31,7465,-2.3292095647775568e-05,2.3292095647775568e-05
4089,443497,30,13417,-2.329159360670019e-05,2.329159360670019e-05
4090,249792,17,6080,2.3286416762857698e-05,2.3286416762857698e-05
4091,442017,30,11937,2.328303708054591e-05,2.328303708054591e-05
4092,426111,29,10367,-2.3279428205569275e-05,2.3279428205569275e-05
4093,200245,13,13877,-2.327883521502372e-05,2.327883521502372e-05
4094,178089,12,6057,-2.3277443688130006e-05,2.3277443688130006e-05
4095,422808,29,7064,2.3275471903616562e-05,2.3275471903616562e-05
4096,456765,31,12349,2.327524998690933e-05,2.327524998690933e-05
4097,431398,30,1318,-2.3273089027497917e-05,2.3273089027497917e-05
4098,209870,14,9166,2.326947833353188e-05,2.326947833353188e-05
4099,445583,31,1167,-2.3269192752195522e-05,2.3269192752195522e-05
4100,210377,14,9673,-2.3258058718056418e-05,2.3258058718056418e-05
4101,198938,13,12570,-2.324950764887035e-05,2.324950764887035e-05
4102,449003,31,4587,2.3247022909345105e-05,2.3247022909345105e-05
4103,363381,25,4981,2.3245129341376014e-05,2.3245129341376014e-05
4104,454946,31,10530,-2.3241622329805978e-05,2.3241622329805978e-05
4105,421345,29,5601,-2.3226139092002995e-05,2.3226139092002995e-05
4106,422767,29,7023,2.32168058573734e-05,2.32168058573734e-05
4107,446848,31,2432,-2.3208393031382002e-05,2.3208393031382002e-05
4108,346548,24,2484,-2.3208123820950277e-05,2.3208123820950277e-05
4109,453662,31,9246,-2.3205126126413234e-05,2.3205126126413234e-05
4110,433049,30,2969,-2.320421663171146e-05,2.320421663171146e-05
4111,453996,31,9580,-2.3203612727229483e-05,2.3203612727229483e-05
4112,236286,16,6910,-2.3203367163660005e-05,2.3203367163660005e-05
4113,237404,16,8028,2.319913801329676e-05,2.319913801329676e-05
4114,171674,11,13978,-2.318985207239166e-05,2.318985207239166e-05
4115,458315,31,13899,-2.3189466446638107e-05,2.3189466446638107e-05
4116,238084,16,8708,2.3179709387477487e-05,2.3179709387477487e-05
4117,220927,15,5887,2.3173735826276243e-05,2.3173735826276243e-05
4118,439017,30,8937,2.3172655346570536e-05,2.3172655346570536e-05
4119,385673,26,12937,-2.3172086002887227e-05,2.3172086002887227e-05
4120,421490,29,5746,2.316997415618971e-05,2.316997415618971e-05
4121,433138,30,3058,2.316899917786941e-05,2.316899917786941e-05
4122,200796,14,92,2.316747668373864e-05,2.316747668373864e-05
4123,442659,30,12579,-2.3162370780482888e-05,2.3162370780482888e-05
4124,69007,4,11663,2.3155016606324352e-05,2.3155016606324352e-05
4125,416042,29,298,2.3154498194344342e-05,2.3154498194344342e-05
4126,169426,11,11730,-2.315335405000951e-05,2.315335405000951e-05
4127,434689,30,4609,-2.315172787348274e-05,2.315172787348274e-05
4128,339901,23,10173,2.3151107598096132e-05,2.3151107598096132e-05
4129,449064,31,4648,2.3144939405028708e-05,2.3144939405028708e-05
4130,192310,13,5942,-2.31418580369791e-05,2.31418580369791e-05
4131,236543,16,7167,-2.3133985450840555e-05,2.3133985450840555e-05
4132,379505,26,6769,2.312668220838532e-05,2.312668220838532e-05
4133,455364,31,10948,2.3120554033084773e-05,2.3120554033084773e-05
4134,457445,31,13029,-2.3119555407902226e-05,2.3119555407902226e-05
4135,345542,24,1478,2.3119528123061173e-05,2.3119528123061173e-05
4136,450850,31,6434,2.3112917915568687e-05,2.3112917915568687e-05
4137,430724,30,644,-2.3111839254852384e-05,2.3111839254852384e-05
4138,257886,17,14174,-2.3111244445317425e-05,2.3111244445317425e-05
4139,440862,30,10782,-2.311093885509763e-05,2.311093885509763e-05
4140,432901,30,2821,-2.3107366359909065e-05,2.3107366359909065e-05
4141,191751,13,5383,2.310672243766021e-05,2.310672243766021e-05
4142,436503,30,6423,2.3101871192920953e-05,2.3101871192920953e-05
4143,185401,12,13369,2.3096992663340643e-05,2.3096992663340643e-05
4144,436473,30,6393,-2.309346746187657e-05,2.309346746187657e-05
4145,224272,15,9232,2.3088794478098862e-05,2.3088794478098862e-05
4146,366865,25,8465,-2.308829607500229e-05,2.308829607500229e-05
4147,269766,18,11718,-2.308663351868745e-05,2.308663351868745e-05
4148,434842,30,4762,2.308467992406804e-05,2.308467992406804e-05
4149,233274,16,3898,-2.308020521013532e-05,2.308020521013532e-05
4150,455104,31,10688,2.3074811906553805e-05,2.3074811906553805e-05
4151,431232,30,1152,-2.3070431780070066e-05,2.3070431780070066e-05
4152,418446,29,2702,-2.3069860617397353e-05,2.3069860617397353e-05
4153,448716,31,4300,2.3066895664669573e-05,2.3066895664669573e-05
4154,453070,31,8654,-2.306665737705771e-05,2.306665737705771e-05
4155,172563,12,531,-2.306604801560752e-05,2.306604801560752e-05
4156,458001,31,13585,2.3063925254973583e-05,2.3063925254973583e-05
4157,452105,31,7689,-2.3060449166223407e-05,2.3060449166223407e-05
4158,191868,13,5500,2.3046741262078285e-05,2.3046741262078285e-05
4159,384452,26,11716,-2.3046157366479747e-05,2.3046157366479747e-05
4160,443092,30,13012,2.304607187397778e-05,2.304607187397778e-05
4161,182467,12,10435,-2.3040851374389604e-05,2.3040851374389604e-05
4162,431342,30,1262,-2.3037882783683017e-05,2.3037882783683017e-05
4163,178420,12,6388,-2.3030115698929876e-05,2.3030115698929876e-05
4164,220595,15,5555,2.302906068507582e-05,2.302906068507582e-05
4165,402857,28,1449,2.3025673726806417e-05,2.3025673726806417e-05
4166,445045,31,629,2.3024256734061055e-05,2.3024256734061055e-05
4167,404711,28,3303,-2.302122265973594e-05,2.302122265973594e-05
4168,448130,31,3714,2.301466156495735e-05,2.301466156495735e-05
4169,427367,29,11623,-2.3014530597720295e-05,2.3014530597720295e-05
4170,452517,31,8101,-2.3012251403997652e-05,2.3012251403997652e-05
4171,232476,16,3100,-2.3002208763500676e-05,2.3002208763500676e-05
4172,265016,18,6968,-2.300055894011166e-05,2.300055894011166e-05
4173,107171,7,6819,2.2999895008979365e-05,2.2999895008979365e-05
4174,454858,31,10442,-2.299902007507626e-05,2.299902007507626e-05
4175,425766,29,10022,-2.2996540792519227e-05,2.2996540792519227e-05
4176,197392,13,11024,2.2994950995780528e-05,2.2994950995780528e-05
4177,445948,31,1532,2.2993655875325203e-05,2.2993655875325203e-05
4178,455708,31,11292,-2.2993319362285547e-05,2.2993319362285547e-05
4179,396683,27,9611,-2.298933577549178e-05,2.298933577549178e-05
4180,452665,31,8249,2.2987876945990138e-05,2.2987876945990138e-05
4181,417106,29,1362,2.2986696421867236e-05,2.2986696421867236e-05
4182,199234,13,12866,-2.2986438125371933e-05,2.2986438125371933e-05
4183,437354,30,7274,2.2982920199865475e-05,2.2982920199865475e-05
4184,391578,27,4506,2.298117760801688e-05,2.298117760801688e-05
4185,239350,16,9974,2.298097388120368e-05,2.298097388120368e-05
4186,444705,31,289,-2.2978227207204327e-05,2.2978227207204327e-05
4187,375299,26,2563,-2.2977006665314548e-05,2.2977006665314548e-05
4188,439686,30,9606,-2.297356513736304e-05,2.297356513736304e-05
4189,247061,17,3349,2.2970747522776946e-05,2.2970747522776946e-05
4190,229095,15,14055,-2.2969767087488435e-05,2.2969767087488435e-05
4191,458327,31,13911,-2.2969350538915023e-05,2.2969350538915023e-05
4192,437124,30,7044,2.2962827642913908e-05,2.2962827642913908e-05
4193,258385,18,337,-2.2962547518545762e-05,2.2962547518545762e-05
4194,416159,29,415,2.2962152797845192e-05,2.2962152797845192e-05
4195,248413,17,4701,-2.2956033717491664e-05,2.2956033717491664e-05
4196,212341,14,11637,2.2954773157835007e-05,2.2954773157835007e-05
4197,449268,31,4852,2.2952037397772074e-05,2.2952037397772074e-05
4198,407482,28,6074,2.2949630874791183e-05,2.2949630874791183e-05
4199,436943,30,6863,-2.2945332602830604e-05,2.2945332602830604e-05
4200,444952,31,536,2.294303703820333e-05,2.294303703820333e-05
4201,458154,31,13738,-2.2940752387512475e-05,2.2940752387512475e-05
4202,446267,31,1851,2.293752731929999e-05,2.293752731929999e-05
4203,239455,16,10079,2.2934513253858313e-05,2.2934513253858313e-05
4204,457122,31,12706,2.2934180378797464e-05,2.2934180378797464e-05
4205,312101,21,11045,2.2929436454433016e-05,2.2929436454433016e-05
4206,354662,24,10598,-2.2916548914508894e-05,2.2916548914508894e-05
4207,112582,7,12230,-2.2909727704245597e-05,2.2909727704245597e-05
4208,424973,29,9229,2.2908003302291036e-05,2.2908003302291036e-05
4209,456497,31,12081,2.2907075617695227e-05,2.2907075617695227e-05
4210,456964,31,12548,-2.2900052499608137e-05,2.2900052499608137e-05
4211,446275,31,1859,-2.2900021576788276e-05,2.2900021576788276e-05
4212,424797,29,9053,-2.2898268071003258e-05,2.2898268071003258e-05
4213,449353,31,4937,-2.2896485461387783e-05,2.2896485461387783e-05
4214,215265,15,225,2.2882210032548755e-05,2.2882210032548755e-05
4215,455307,31,10891,2.2880081814946607e-05,2.2880081814946607e-05
4216,427864,29,12120,2.287888855789788e-05,2.287888855789788e-05
4217,452912,31,8496,-2.2878761228639632e-05,2.2878761228639632e-05
4218,447491,31,3075,-2.2877722585690208e-05,2.2877722585690208e-05
4219,425231,29,9487,2.2877004084875807e-05,2.2877004084875807e-05
4220,200081,13,13713,-2.2876829461893067e-05,2.2876829461893067e-05
4221,452763,31,8347,2.2874115529702976e-05,2.2874115529702976e-05
4222,453504,31,9088,-2.286986455146689e-05,2.286986455146689e-05
4223,365469,25,7069,2.2867845473228954e-05,2.2867845473228954e-05
4224,222102,15,7062,2.2862746845930815e-05,2.2862746845930815e-05
4225,456661,31,12245,-2.286026210640557e-05,2.286026210640557e-05
4226,447867,31,3451,-2.2860125682200305e-05,2.2860125682200305e-05
4227,452805,31,8389,2.2856378564029e-05,2.2856378564029e-05
4228,450054,31,5638,2.285551090608351e-05,2.285551090608351e-05
4229,183583,12,11551,-2.2853173504699953e-05,2.2853173504699953e-05
4230,430756,30,676,2.2849390006740578e-05,2.2849390006740578e-05
4231,427061,29,11317,2.284881156811025e-05,2.284881156811025e-05
4232,449250,31,4834,-2.2848793378216214e-05,2.2848793378216214e-05
4233,342577,23,12849,-2.2847714717499912e-05,2.2847714717499912e-05
4234,115007,8,319,2.2843936676508747e-05,2.2843936676508747e-05
4235,449624,31,5208,-2.284113725181669e-05,2.284113725181669e-05
4236,350303,24,6239,-2.2837988581159152e-05,2.2837988581159152e-05
4237,452411,31,7995,2.2837348296889104e-05,2.2837348296889104e-05
4238,414106,28,12698,-2.283723370055668e-05,2.283723370055668e-05
4239,450789,31,6373,2.283665889990516e-05,2.283665889990516e-05
4240,424449,29,8705,-2.2835693016531877e-05,2.2835693016531877e-05
4241,456060,31,11644,-2.283224239363335e-05,2.283224239363335e-05
4242,454063,31,9647,-2.2830556190456264e-05,2.2830556190456264e-05
4243,450085,31,5669,2.2818916477262974e-05,2.2818916477262974e-05
4244,448766,31,4350,-2.2817306671640836e-05,2.2817306671640836e-05
4245,424070,29,8326,-2.2811749659013003e-05,2.2811749659013003e-05
4246,431256,30,1176,2.2802332750870846e-05,2.2802332750870846e-05
4247,199099,13,12731,-2.279577893204987e-05,2.279577893204987e-05
4248,441425,30,11345,-2.2794309188611805e-05,2.2794309188611805e-05
4249,431756,30,1676,2.2792370145907626e-05,2.2792370145907626e-05
4250,433067,30,2987,-2.2787527996115386e-05,2.2787527996115386e-05
4251,424019,29,8275,-2.2786418412579224e-05,2.2786418412579224e-05
4252,444208,30,14128,-2.277839303133078e-05,2.277839303133078e-05
4253,225786,15,10746,-2.27776345127495e-05,2.27776345127495e-05
4254,450654,31,6238,2.27754790103063e-05,2.27754790103063e-05
4255,249436,17,5724,2.277161183883436e-05,2.277161183883436e-05
4256,383338,26,10602,2.276166560477577e-05,2.276166560477577e-05
4257,384598,26,11862,-2.276010491186753e-05,2.276010491186753e-05
4258,294173,20,7453,2.2757496481062844e-05,2.2757496481062844e-05
4259,437207,30,7127,-2.2755089958081953e-05,2.2755089958081953e-05
4260,448246,31,3830,2.275418592034839e-05,2.275418592034839e-05
4261,262563,18,4515,2.275383667438291e-05,2.275383667438291e-05
4262,369969,25,11569,2.275206679769326e-05,2.275206679769326e-05
4263,389500,27,2428,-2.275075894431211e-05,2.275075894431211e-05
4264,426749,29,11005,2.2747324692318216e-05,2.2747324692318216e-05
4265,432711,30,2631,2.2734418962500058e-05,2.2734418962500058e-05
4266,438307,30,8227,-2.273382051498629e-05,2.273382051498629e-05
4267,438321,30,8241,2.273120298923459e-05,2.273120298923459e-05
4268,416885,29,1141,2.272306664963253e-05,2.272306664963253e-05
4269,444563,31,147,2.271501944051124e-05,2.271501944051124e-05
4270,265180,18,7132,2.2706193703925237e-05,2.2706193703925237e-05
4271,315199,21,14143,-2.2705324226990342e-05,2.2705324226990342e-05
4272,397956,27,10884,2.2692795027978718e-05,2.2692795027978718e-05
4273,455136,31,10720,-2.2687985619995743e-05,2.2687985619995743e-05
4274,80872,5,9192,-2.2684745999868028e-05,2.2684745999868028e-05
4275,401367,27,14295,-2.268359276058618e-05,2.268359276058618e-05
4276,444784,31,368,-2.2683025235892273e-05,2.2683025235892273e-05
4277,455422,31,11006,2.26769861910725e-05,2.26769861910725e-05
4278,440330,30,10250,-2.2673611965728924e-05,2.2673611965728924e-05
4279,437310,30,7230,-2.266919909743592e-05,2.266919909743592e-05
4280,418150,29,2406,-2.2667143639409915e-05,2.2667143639409915e-05
4281,433748,30,3668,-2.266387855343055e-05,2.266387855343055e-05
4282,436365,30,6285,2.2661968614556827e-05,2.2661968614556827e-05
4283,161483,11,3787,2.2655021894024685e-05,2.2655021894024685e-05
4284,423182,29,7438,-2.265470175188966e-05,2.265470175188966e-05
4285,207754,14,7050,-2.2653855921817012e-05,2.2653855921817012e-05
4286,453667,31,9251,2.265329021611251e-05,2.265329021611251e-05
4287,410964,28,9556,2.265263356093783e-05,2.265263356093783e-05
4288,455001,31,10585,-2.265170587634202e-05,2.265170587634202e-05
4289,174980,12,2948,2.2650214305031113e-05,2.2650214305031113e-05
4290,434586,30,4506,2.2645481294603087e-05,2.2645481294603087e-05
4291,225974,15,10934,-2.2642048861598596e-05,2.2642048861598596e-05
4292,441077,30,10997,2.2638376321992837e-05,2.2638376321992837e-05
4293,436698,30,6618,-2.2637163056060672e-05,2.2637163056060672e-05
4294,395463,27,8391,2.263328315166291e-05,2.263328315166291e-05
4295,149886,10,6526,-2.263229362142738e-05,2.263229362142738e-05
4296,397145,27,10073,2.2617728973273188e-05,2.2617728973273188e-05
4297,208643,14,7939,-2.2612050088355318e-05,2.2612050088355318e-05
4298,446207,31,1791,-2.2605432604905218e-05,2.2605432604905218e-05
4299,420382,29,4638,2.260172550450079e-05,2.260172550450079e-05
4300,159788,11,2092,-2.259935536130797e-05,2.259935536130797e-05
4301,232508,16,3132,-2.258324093418196e-05,2.258324093418196e-05
4302,451710,31,7294,-2.2576661649509333e-05,2.2576661649509333e-05
4303,306010,21,4954,-2.2576405172003433e-05,2.2576405172003433e-05
4304,444198,30,14118,2.257549022033345e-05,2.257549022033345e-05
4305,445932,31,1516,-2.257455707876943e-05,2.257455707876943e-05
4306,208521,14,7817,2.256954030599445e-05,2.256954030599445e-05
4307,442740,30,12660,2.2567926862393506e-05,2.2567926862393506e-05
4308,429969,29,14225,-2.256264997413382e-05,2.256264997413382e-05
4309,164433,11,6737,2.256197876704391e-05,2.256197876704391e-05
4310,381078,26,8342,2.256195330119226e-05,2.256195330119226e-05
4311,447272,31,2856,2.2559494027518667e-05,2.2559494027518667e-05
4312,455026,31,10610,-2.2557569536729716e-05,2.2557569536729716e-05
4313,444479,31,63,2.2555070245289244e-05,2.2555070245289244e-05
4314,395362,27,8290,-2.2555004761670716e-05,2.2555004761670716e-05
4315,364559,25,6159,-2.255336039524991e-05,2.255336039524991e-05
4316,406655,28,5247,-2.2547998014488257e-05,2.2547998014488257e-05
4317,451154,31,6738,2.2537915356224403e-05,2.2537915356224403e-05
4318,434823,30,4743,2.2536289179697633e-05,2.2536289179697633e-05
4319,433546,30,3466,2.2531949070980772e-05,2.2531949070980772e-05
4320,449736,31,5320,2.2530606656800956e-05,2.2530606656800956e-05
4321,410396,28,8988,-2.2528898625751026e-05,2.2528898625751026e-05
4322,199047,13,12679,2.252653030154761e-05,2.252653030154761e-05
4323,453282,31,8866,2.2514293959829956e-05,2.2514293959829956e-05
4324,399725,27,12653,-2.2511168936034665e-05,2.2511168936034665e-05
4325,334502,23,4774,2.249940371257253e-05,2.249940371257253e-05
4326,180079,12,8047,2.2499390979646705e-05,2.2499390979646705e-05
4327,209123,14,8419,2.2495198209071532e-05,2.2495198209071532e-05
4328,429726,29,13982,2.249194403702859e-05,2.249194403702859e-05
4329,428314,29,12570,-2.248807686555665e-05,2.248807686555665e-05
4330,458275,31,13859,-2.2481568521470763e-05,2.2481568521470763e-05
4331,159487,11,1791,2.247939119115472e-05,2.247939119115472e-05
4332,449756,31,5340,-2.2478574464912526e-05,2.2478574464912526e-05
4333,351061,24,6997,2.2473963326774538e-05,2.2473963326774538e-05
4334,183513,12,11481,2.2473468561656773e-05,2.2473468561656773e-05
4335,407037,28,5629,-2.246302756248042e-05,2.246302756248042e-05
4336,203617,14,2913,2.2461399566964246e-05,2.2461399566964246e-05
4337,447123,31,2707,-2.2460784748545848e-05,2.2460784748545848e-05
4338,439385,30,9305,-2.24594768951647e-05,2.24594768951647e-05
4339,246604,17,2892,2.2457377781393006e-05,2.2457377781393006e-05
4340,444458,31,42,2.245665200462099e-05,2.245665200462099e-05
4341,446346,31,1930,2.245529685751535e-05,2.245529685751535e-05
4342,442828,30,12748,-2.245483483420685e-05,2.245483483420685e-05
4343,294892,20,8172,-2.2453683413914405e-05,2.2453683413914405e-05
4344,229252,15,14212,2.2453677956946194e-05,2.2453677956946194e-05
4345,448625,31,4209,-2.245274663437158e-05,2.245274663437158e-05
4346,126183,8,11495,2.2452508346759714e-05,2.2452508346759714e-05
4347,435613,30,5533,-2.2451265976997092e-05,2.2451265976997092e-05
4348,453318,31,8902,-2.244913594040554e-05,2.244913594040554e-05
4349,383223,26,10487,-2.2446269213105552e-05,2.2446269213105552e-05
4350,450011,31,5595,2.2445192371378653e-05,2.2445192371378653e-05
4351,452314,31,7898,2.244411916763056e-05,2.244411916763056e-05
4352,423618,29,7874,-2.244405186502263e-05,2.244405186502263e-05
4353,458519,31,14103,2.244375900772866e-05,2.244375900772866e-05
4354,417615,29,1871,2.2443704438046552e-05,2.2443704438046552e-05
4355,161513,11,3817,-2.2443191483034752e-05,2.2443191483034752e-05
4356,200712,14,8,2.2438884116127156e-05,2.2438884116127156e-05
4357,391184,27,4112,-2.243873677798547e-05,2.243873677798547e-05
4358,442012,30,11932,-2.2433647245634347e-05,2.2433647245634347e-05
4359,445880,31,1464,2.2426309442380443e-05,2.2426309442380443e-05
4360,426138,29,10394,2.242476875835564e-05,2.242476875835564e-05
4361,358080,24,14016,-2.2424739654525183e-05,2.2424739654525183e-05
4362,399890,27,12818,2.2424648705055006e-05,2.2424648705055006e-05
4363,423082,29,7338,2.2424583221436478e-05,2.2424583221436478e-05
4364,211276,14,10572,-2.2421545509132557e-05,2.2421545509132557e-05
4365,441440,30,11360,-2.2420097593567334e-05,2.2420097593567334e-05
4366,188457,13,2089,-2.2419846573029645e-05,2.2419846573029645e-05
4367,439849,30,9769,2.2414633349399082e-05,2.2414633349399082e-05
4368,327548,22,12156,-2.2403632101486437e-05,2.2403632101486437e-05
4369,277294,19,4910,2.2401625756174326e-05,2.2401625756174326e-05
4370,447466,31,3050,-2.2397332941181958e-05,2.2397332941181958e-05
4371,458346,31,13930,2.2395402993424796e-05,2.2395402993424796e-05
4372,376032,26,3296,2.2390164303942584e-05,2.2390164303942584e-05
4373,453068,31,8652,-2.2389258447219618e-05,2.2389258447219618e-05
4374,448630,31,4214,2.2386595446732827e-05,2.2386595446732827e-05
4375,447201,31,2785,-2.2373829779098742e-05,2.2373829779098742e-05
4376,302330,21,1274,-2.237301850982476e-05,2.237301850982476e-05
4377,188198,13,1830,-2.2366028133546934e-05,2.2366028133546934e-05
4378,449309,31,4893,-2.236458567494992e-05,2.236458567494992e-05
4379,420011,29,4267,2.2363848984241486e-05,2.2363848984241486e-05
4380,444863,31,447,2.2361504306900315e-05,2.2361504306900315e-05
4381,117773,8,3085,-2.2356047338689677e-05,2.2356047338689677e-05
4382,209442,14,8738,2.235393003502395e-05,2.235393003502395e-05
4383,447892,31,3476,-2.2351998268277384e-05,2.2351998268277384e-05
4384,456264,31,11848,-2.235167812614236e-05,2.235167812614236e-05
4385,384263,26,11527,-2.2342925149132498e-05,2.2342925149132498e-05
4386,344884,24,820,-2.2338428607326932e-05,2.2338428607326932e-05
4387,443304,30,13224,2.2337779228109866e-05,2.2337779228109866e-05
4388,425743,29,9999,-2.2337260816129856e-05,2.2337260816129856e-05
4389,458140,31,13724,-2.2336686015478335e-05,2.2336686015478335e-05
4390,223978,15,8938,-2.233389204775449e-05,2.233389204775449e-05
4391,447590,31,3174,-2.233294799225405e-05,2.233294799225405e-05
4392,325421,22,10029,2.2327467377181165e-05,2.2327467377181165e-05
4393,186973,13,605,2.2324886231217533e-05,2.2324886231217533e-05
4394,444615,31,199,-2.2322938093566336e-05,2.2322938093566336e-05
4395,447301,31,2885,-2.232064798590727e-05,2.232064798590727e-05
4396,454044,31,9628,2.2309943233267404e-05,2.2309943233267404e-05
4397,344986,24,922,2.2309432097245008e-05,2.2309432097245008e-05
4398,427891,29,12147,-2.230876634712331e-05,2.230876634712331e-05
4399,449095,31,4679,-2.2307769540930167e-05,2.2307769540930167e-05
4400,353483,24,9419,2.2307056497083977e-05,2.2307056497083977e-05
4401,450479,31,6063,-2.230616519227624e-05,2.230616519227624e-05
4402,434765,30,4685,2.230341669928748e-05,2.230341669928748e-05
4403,410235,28,8827,2.2302589059108868e-05,2.2302589059108868e-05
4404,229002,15,13962,2.2299289412330836e-05,2.2299289412330836e-05
4405,216481,15,1441,2.2293570509646088e-05,2.2293570509646088e-05
4406,395511,27,8439,2.2293235815595835e-05,2.2293235815595835e-05
4407,236084,16,6708,-2.228991434094496e-05,2.228991434094496e-05
4408,441716,30,11636,-2.228635457868222e-05,2.228635457868222e-05
4409,430740,30,660,2.2284149963525124e-05,2.2284149963525124e-05
4410,430244,30,164,-2.2283000362222083e-05,2.2283000362222083e-05
4411,358606,25,206,-2.227786899311468e-05,2.227786899311468e-05
4412,449968,31,5552,2.2277323296293616e-05,2.2277323296293616e-05
4413,455045,31,10629,2.2274989532888867e-05,2.2274989532888867e-05
4414,407780,28,6372,2.226789183623623e-05,2.226789183623623e-05
4415,424861,29,9117,2.226387005066499e-05,2.226387005066499e-05
4416,455402,31,10986,2.226011383754667e-05,2.226011383754667e-05
4417,450466,31,6050,2.2259799152379856e-05,2.2259799152379856e-05
4418,250206,17,6494,-2.2259020624915138e-05,2.2259020624915138e-05
4419,440289,30,10209,-2.2257987438933924e-05,2.2257987438933924e-05
4420,234557,16,5181,2.2249971152632497e-05,2.2249971152632497e-05
4421,440856,30,10776,-2.2245485524763353e-05,2.2245485524763353e-05
4422,427587,29,11843,2.2244867068366148e-05,2.2244867068366148e-05
4423,364917,25,6517,2.2236627046368085e-05,2.2236627046368085e-05
4424,217506,15,2466,2.2234034986468032e-05,2.2234034986468032e-05
4425,452628,31,8212,-2.2222699044505134e-05,2.2222699044505134e-05
4426,415559,28,14151,2.22205781028606e-05,2.22205781028606e-05
4427,131636,9,2612,-2.2218815502128564e-05,2.2218815502128564e-05
4428,449885,31,5469,2.2217684090719558e-05,2.2217684090719558e-05
4429,237567,16,8191,2.2217420337256044e-05,2.2217420337256044e-05
4430,417327,29,1583,-2.2213424017536454e-05,2.2213424017536454e-05
4431,446891,31,2475,2.221076465502847e-05,2.221076465502847e-05
4432,423470,29,7726,-2.2205800632946193e-05,2.2205800632946193e-05
4433,434741,30,4661,2.2204252672963776e-05,2.2204252672963776e-05
4434,453470,31,9054,2.2202779291546904e-05,2.2202779291546904e-05
4435,246722,17,3010,-2.2202391846803948e-05,2.2202391846803948e-05
4436,428786,29,13042,-2.220160240540281e-05,2.220160240540281e-05
4437,454729,31,10313,-2.2199921659193933e-05,2.2199921659193933e-05
4438,429166,29,13422,2.2196665668161586e-05,2.2196665668161586e-05
4439,407338,28,5930,2.219504131062422e-05,2.219504131062422e-05
4440,438305,30,8225,2.219396446889732e-05,2.219396446889732e-05
4441,455786,31,11370,2.2188836737768725e-05,2.2188836737768725e-05
4442,94466,6,8450,-2.217828296124935e-05,2.217828296124935e-05
4443,436470,30,6390,2.2167747374624014e-05,2.2167747374624014e-05
4444,440936,30,10856,-2.2167623683344573e-05,2.2167623683344573e-05
4445,448594,31,4178,-2.2163558242027648e-05,2.2163558242027648e-05
4446,210744,14,10040,-2.2161475499160588e-05,2.2161475499160588e-05
4447,449320,31,4904,2.2159843865665607e-05,2.2159843865665607e-05
4448,401896,28,488,2.2157246348797344e-05,2.2157246348797344e-05
4449,417911,29,2167,-2.2156797058414668e-05,2.2156797058414668e-05
4450,216484,15,1444,-2.2153952158987522e-05,2.2153952158987522e-05
4451,225608,15,10568,2.215150925621856e-05,2.215150925621856e-05
4452,237971,16,8595,-2.215045788034331e-05,2.215045788034331e-05
4453,458194,31,13778,-2.214975938841235e-05,2.214975938841235e-05
4454,365186,25,6786,2.2147632989799604e-05,2.2147632989799604e-05
4455,438902,30,8822,-2.213755033153575e-05,2.213755033153575e-05
4456,412155,28,10747,-2.2132511730887927e-05,2.2132511730887927e-05
4457,354180,24,10116,2.213010702689644e-05,2.213010702689644e-05
4458,420448,29,4704,-2.2124906536191702e-05,2.2124906536191702e-05
4459,378674,26,5938,-2.2123937014839612e-05,2.2123937014839612e-05
4460,451982,31,7566,2.2119567802292295e-05,2.2119567802292295e-05
4461,431085,30,1005,-2.211311766586732e-05,2.211311766586732e-05
4462,404280,28,2872,2.210860293416772e-05,2.210860293416772e-05
4463,436754,30,6674,2.2108137272880413e-05,2.2108137272880413e-05
4464,184941,12,12909,2.2106167307356372e-05,2.2106167307356372e-05
4465,439281,30,9201,2.210490492871031e-05,2.210490492871031e-05
4466,164482,11,6786,-2.210234379163012e-05,2.210234379163012e-05
4467,254825,17,11113,-2.2101699869381264e-05,2.2101699869381264e-05
4468,377900,26,5164,-2.2097041437518783e-05,2.2097041437518783e-05
4469,237182,16,7806,-2.2090567654231563e-05,2.2090567654231563e-05
4470,195640,13,9272,2.2085701857577078e-05,2.2085701857577078e-05
4471,457561,31,13145,-2.2081550923758186e-05,2.2081550923758186e-05
4472,441658,30,11578,-2.2080430426285602e-05,2.2080430426285602e-05
4473,430165,30,85,2.2059168259147555e-05,2.2059168259147555e-05
4474,411018,28,9610,2.2053038264857605e-05,2.2053038264857605e-05
4475,417517,29,1773,-2.2050864572520368e-05,2.2050864572520368e-05
4476,189921,13,3553,-2.205075725214556e-05,2.205075725214556e-05
4477,451634,31,7218,-2.2050124243833125e-05,2.2050124243833125e-05
4478,455781,31,11365,-2.2049225663067773e-05,2.2049225663067773e-05
4479,453817,31,9401,-2.2033929781173356e-05,2.2033929781173356e-05
4480,448588,31,4172,2.2033174900570884e-05,2.2033174900570884e-05
4481,358740,25,340,2.2030655600246973e-05,2.2030655600246973e-05
4482,437374,30,7294,2.2030650143278763e-05,2.2030650143278763e-05
4483,176966,12,4934,2.202829455200117e-05,2.202829455200117e-05
4484,268509,18,10461,-2.2028105377103202e-05,2.2028105377103202e-05
4485,440939,30,10859,2.202806899731513e-05,2.202806899731513e-05
4486,437692,30,7612,-2.2024227291694842e-05,2.2024227291694842e-05
4487,382301,26,9565,-2.2018160962034017e-05,2.2018160962034017e-05
4488,194141,13,7773,-2.2013045963831246e-05,2.2013045963831246e-05
4489,332172,23,2444,2.2012209228705615e-05,2.2012209228705615e-05
4490,422917,29,7173,2.2003914637025446e-05,2.2003914637025446e-05
4491,240766,16,11390,2.2003117919666693e-05,2.2003117919666693e-05
4492,450218,31,5802,-2.2002248442731798e-05,2.2002248442731798e-05
4493,416166,29,422,-2.2001671823090874e-05,2.2001671823090874e-05
4494,374589,26,1853,-2.1997737349011004e-05,2.1997737349011004e-05
4495,208847,14,8143,-2.1984014892950654e-05,2.1984014892950654e-05
4496,182886,12,10854,2.1981928512104787e-05,2.1981928512104787e-05
4497,432451,30,2371,2.198190486524254e-05,2.198190486524254e-05
4498,448111,31,3695,-2.1981682948535308e-05,2.1981682948535308e-05
4499,346769,24,2705,2.1974523406242952e-05,2.1974523406242952e-05
4500,443280,30,13200,-2.196965942857787e-05,2.196965942857787e-05
4501,419479,29,3735,2.1965734049445018e-05,2.1965734049445018e-05
4502,399185,27,12113,-2.195109482272528e-05,2.195109482272528e-05
4503,447245,31,2829,-2.1950101654510945e-05,2.1950101654510945e-05
4504,437702,30,7622,-2.195000161009375e-05,2.195000161009375e-05
4505,452053,31,7637,2.194926310039591e-05,2.194926310039591e-05
4506,415989,29,245,-2.1947269488009624e-05,2.1947269488009624e-05
4507,427544,29,11800,-2.1946958440821618e-05,2.1946958440821618e-05
4508,452080,31,7664,2.1946776541881263e-05,2.1946776541881263e-05
4509,404486,28,3078,-2.1946383640170097e-05,2.1946383640170097e-05
4510,438034,30,7954,-2.1944682885077782e-05,2.1944682885077782e-05
4511,268709,18,10661,2.1944500986137427e-05,2.1944500986137427e-05
4512,457683,31,13267,2.194373337260913e-05,2.194373337260913e-05
4513,455191,31,10775,-2.1940539227216505e-05,2.1940539227216505e-05
4514,403611,28,2203,2.193490945501253e-05,2.193490945501253e-05
4515,452749,31,8333,-2.193488398916088e-05,2.193488398916088e-05
4516,446260,31,1844,-2.192744614148978e-05,2.192744614148978e-05
4517,332829,23,3101,-2.191665225836914e-05,2.191665225836914e-05
4518,445959,31,1543,2.1911546355113387e-05,2.1911546355113387e-05
4519,386558,26,13822,-2.1909794668317772e-05,2.1909794668317772e-05
4520,261204,18,3156,-2.1907773771090433e-05,2.1907773771090433e-05
4521,429016,29,13272,-2.1907248083152808e-05,2.1907248083152808e-05
4522,451760,31,7344,2.19006778934272e-05,2.19006778934272e-05
4523,232600,16,3224,2.189864062529523e-05,2.189864062529523e-05
4524,188728,13,2360,-2.189849692513235e-05,2.189849692513235e-05
4525,219624,15,4584,2.189265433116816e-05,2.189265433116816e-05
4526,208972,14,8268,-2.188639155065175e-05,2.188639155065175e-05
4527,214461,14,13757,-2.188618054788094e-05,2.188618054788094e-05
4528,366523,25,8123,2.188586222473532e-05,2.188586222473532e-05
4529,350013,24,5949,-2.188476901210379e-05,2.188476901210379e-05
4530,404696,28,3288,-2.187814243370667e-05,2.187814243370667e-05
4531,393682,27,6610,2.187750033044722e-05,2.187750033044722e-05
4532,229026,15,13986,-2.187316567869857e-05,2.187316567869857e-05
4533,449603,31,5187,2.1872887373319827e-05,2.1872887373319827e-05
4534,409713,28,8305,-2.1872219804208726e-05,2.1872219804208726e-05
4535,456046,31,11630,-2.1865731469006278e-05,2.1865731469006278e-05
4536,211570,14,10866,2.186547135352157e-05,2.186547135352157e-05
4537,175592,12,3560,2.1862942958250642e-05,2.1862942958250642e-05
4538,191686,13,5318,-2.1860529159312136e-05,2.1860529159312136e-05
4539,430447,30,367,-2.185991615988314e-05,2.185991615988314e-05
4540,305045,21,3989,2.1858984837308526e-05,2.1858984837308526e-05
4541,356398,24,12334,2.1854417354916222e-05,2.1854417354916222e-05
4542,422380,29,6636,2.185088123951573e-05,2.185088123951573e-05
4543,200656,13,14288,-2.1849529730388895e-05,2.1849529730388895e-05
4544,361180,25,2780,2.184705408581067e-05,2.184705408581067e-05
4545,457210,31,12794,-2.1839772671228275e-05,2.1839772671228275e-05
4546,410292,28,8884,-2.183893957408145e-05,2.183893957408145e-05
4547,436431,30,6351,-2.183600554417353e-05,2.183600554417353e-05
4548,436452,30,6372,-2.1827567252330482e-05,2.1827567252330482e-05
4549,417861,29,2117,2.1821864720550366e-05,2.1821864720550366e-05
4550,447101,31,2685,-2.1821831978741102e-05,2.1821831978741102e-05
4551,446955,31,2539,-2.1815554646309465e-05,2.1815554646309465e-05
4552,456778,31,12362,2.1808136807521805e-05,2.1808136807521805e-05
4553,453066,31,8650,-2.180622504965868e-05,2.180622504965868e-05
4554,430548,30,468,-2.1805639335070737e-05,2.1805639335070737e-05
4555,434215,30,4135,2.1800333342980593e-05,2.1800333342980593e-05
4556,443541,30,13461,-2.1799034584546462e-05,2.1799034584546462e-05
4557,447341,31,2925,2.1796957298647612e-05,2.1796957298647612e-05
4558,411197,28,9789,2.1796933651785366e-05,2.1796933651785366e-05
4559,381388,26,8652,-2.1796020519104786e-05,2.1796020519104786e-05
4560,174745,12,2713,-2.1793841369799338e-05,2.1793841369799338e-05
4561,458630,31,14214,-2.179375951527618e-05,2.179375951527618e-05
4562,236987,16,7611,-2.1786740035167895e-05,2.1786740035167895e-05
4563,454665,31,10249,2.1786661818623543e-05,2.1786661818623543e-05
4564,446608,31,2192,-2.1785768694826402e-05,2.1785768694826402e-05
4565,448247,31,3831,2.1783169358968735e-05,2.1783169358968735e-05
4566,147087,10,3727,2.1780342649435624e-05,2.1780342649435624e-05
4567,446514,31,2098,-2.176623820560053e-05,2.176623820560053e-05
4568,452785,31,8369,-2.1756191927124746e-05,2.1756191927124746e-05
4569,229302,15,14262,2.174821202061139e-05,2.174821202061139e-05
4570,434737,30,4657,2.174809924326837e-05,2.174809924326837e-05
4571,149678,10,6318,2.1738216673838906e-05,2.1738216673838906e-05
4572,415328,28,13920,-2.1733136236434802e-05,2.1733136236434802e-05
4573,439565,30,9485,-2.172961649193894e-05,2.172961649193894e-05
4574,416189,29,445,2.1728941646870226e-05,2.1728941646870226e-05
4575,427634,29,11890,2.1725909391534515e-05,2.1725909391534515e-05
4576,451750,31,7334,-2.1724928956246004e-05,2.1724928956246004e-05
4577,161954,11,4258,-2.1717152776545845e-05,2.1717152776545845e-05
4578,447263,31,2847,-2.1714275135309435e-05,2.1714275135309435e-05
4579,437943,30,7863,2.1705453036702238e-05,2.1705453036702238e-05
4580,339710,23,9982,2.1696807380067185e-05,2.1696807380067185e-05
4581,436911,30,6831,2.1690821085940115e-05,2.1690821085940115e-05
4582,218846,15,3806,-2.1686322725145146e-05,2.1686322725145146e-05
4583,162326,11,4630,-2.1684581952285953e-05,2.1684581952285953e-05
4584,436439,30,6359,2.168239552702289e-05,2.168239552702289e-05
4585,431394,30,1314,-2.1681029465980828e-05,2.1681029465980828e-05
4586,435901,30,5821,2.1678190023521893e-05,2.1678190023521893e-05
4587,273900,19,1516,-2.1677851691492833e-05,2.1677851691492833e-05
4588,191887,13,5519,2.1668234694516286e-05,2.1668234694516286e-05
4589,434837,30,4757,-2.166697959182784e-05,2.166697959182784e-05
4590,432884,30,2804,2.166245576518122e-05,2.166245576518122e-05
4591,452740,31,8324,-2.1661015125573613e-05,2.1661015125573613e-05
4592,215366,15,326,-2.165574551327154e-05,2.165574551327154e-05
4593,207788,14,7084,-2.165515616070479e-05,2.165515616070479e-05
4594,452727,31,8311,2.1654439478879794e-05,2.1654439478879794e-05
4595,436782,30,6702,-2.165136902476661e-05,2.165136902476661e-05
4596,385872,26,13136,-2.1646703316946514e-05,2.1646703316946514e-05
4597,439647,30,9567,2.1645728338626213e-05,2.1645728338626213e-05
4598,278438,19,6054,2.1639598344336264e-05,2.1639598344336264e-05
4599,447025,31,2609,-2.163891440432053e-05,2.163891440432053e-05
4600,193082,13,6714,2.163115823350381e-05,2.163115823350381e-05
4601,450384,31,5968,2.1629381080856547e-05,2.1629381080856547e-05
4602,191516,13,5148,-2.162381133530289e-05,2.162381133530289e-05
4603,163587,11,5891,2.1623400243697688e-05,2.1623400243697688e-05
4604,424138,29,8394,-2.1622674466925673e-05,2.1622674466925673e-05
4605,446647,31,2231,-2.162177588616032e-05,2.162177588616032e-05
4606,437498,30,7418,2.16174048546236e-05,2.16174048546236e-05
4607,436463,30,6383,-2.1614974684780464e-05,2.1614974684780464e-05
4608,456347,31,11931,-2.1614683646475896e-05,2.1614683646475896e-05
4609,435248,30,5168,2.1613474018522538e-05,2.1613474018522538e-05
4610,314887,21,13831,-2.161202792194672e-05,2.161202792194672e-05
4611,450936,31,6520,-2.1611967895296402e-05,2.1611967895296402e-05
4612,112404,7,12052,2.161180236726068e-05,2.161180236726068e-05
4613,367552,25,9152,2.160736585210543e-05,2.160736585210543e-05
4614,392543,27,5471,-2.1605417714454234e-05,2.1605417714454234e-05
4615,440144,30,10064,2.1604493667837232e-05,2.1604493667837232e-05
4616,441280,30,11200,-2.1603706045425497e-05,2.1603706045425497e-05
4617,449816,31,5400,-2.1601485059363768e-05,2.1601485059363768e-05
4618,416190,29,446,-2.1601392290904187e-05,2.1601392290904187e-05
4619,359900,25,1500,2.160122494387906e-05,2.160122494387906e-05
4620,278240,19,5856,-2.1597974409814924e-05,2.1597974409814924e-05
4621,179320,12,7288,2.159699215553701e-05,2.159699215553701e-05
4622,204016,14,3312,-2.159656651201658e-05,2.159656651201658e-05
4623,432605,30,2525,-2.159164796466939e-05,2.159164796466939e-05
4624,307295,21,6239,2.1570613171206787e-05,2.1570613171206787e-05
4625,457256,31,12840,-2.1559008018812165e-05,2.1559008018812165e-05
4626,457898,31,13482,-2.155602487619035e-05,2.155602487619035e-05
4627,417237,29,1493,2.1546624338952824e-05,2.1546624338952824e-05
4628,424705,29,8961,2.1541698515648022e-05,2.1541698515648022e-05
4629,422533,29,6789,2.1541114620049484e-05,2.1541114620049484e-05
4630,180275,12,8243,2.153826972062234e-05,2.153826972062234e-05
4631,405695,28,4287,2.15366599150002e-05,2.15366599150002e-05
4632,445096,31,680,-2.1533922335947864e-05,2.1533922335947864e-05
4633,302410,21,1354,2.1533898689085618e-05,2.1533898689085618e-05
4634,406407,28,4999,2.152914930775296e-05,2.152914930775296e-05
4635,438540,30,8460,2.1525574993574992e-05,2.1525574993574992e-05
4636,423637,29,7893,-2.152489651052747e-05,2.152489651052747e-05
4637,447719,31,3303,-2.1515414118766785e-05,2.1515414118766785e-05
4638,231079,16,1703,-2.1511514205485582e-05,2.1511514205485582e-05
4639,313106,21,12050,-2.150657746824436e-05,2.150657746824436e-05
4640,414679,28,13271,-2.1504651158466004e-05,2.1504651158466004e-05
4641,191062,13,4694,-2.1502604795387015e-05,2.1502604795387015e-05
4642,444923,31,507,-2.149411193386186e-05,2.149411193386186e-05
4643,427189,29,11445,2.149222018488217e-05,2.149222018488217e-05
4644,454484,31,10068,2.1491568986675702e-05,2.1491568986675702e-05
4645,409514,28,8106,2.148842395399697e-05,2.148842395399697e-05
4646,432587,30,2507,-2.1487283447640948e-05,2.1487283447640948e-05
4647,435366,30,5286,2.14831034099916e-05,2.14831034099916e-05
4648,451892,31,7476,-2.1482783267856576e-05,2.1482783267856576e-05
4649,255695,17,11983,2.148087696696166e-05,2.148087696696166e-05
4650,269195,18,11147,2.147667510143947e-05,2.147667510143947e-05
4651,401180,27,14108,-2.147599298041314e-05,2.147599298041314e-05
4652,418780,29,3036,-2.1474330424098298e-05,2.1474330424098298e-05
4653,193999,13,7631,-2.1473646484082565e-05,2.1473646484082565e-05
4654,443474,30,13394,-2.147001214325428e-05,2.147001214325428e-05
4655,452808,31,8392,2.1468915292643942e-05,2.1468915292643942e-05
4656,425039,29,9295,2.1461095457198098e-05,2.1461095457198098e-05
4657,458234,31,13818,-2.14603787753731e-05,2.14603787753731e-05
4658,443724,30,13644,-2.145594589819666e-05,2.145594589819666e-05
4659,435933,30,5853,-2.145584767276887e-05,2.145584767276887e-05
4660,424564,29,8820,-2.1455507521750405e-05,2.1455507521750405e-05
4661,325158,22,9766,-2.145524376828689e-05,2.145524376828689e-05
4662,338021,23,8293,-2.1454619854921475e-05,2.1454619854921475e-05
4663,457641,31,13225,-2.145012877008412e-05,2.145012877008412e-05
4664,447477,31,3061,2.1447967810672708e-05,2.1447967810672708e-05
4665,420218,29,4474,-2.144286008842755e-05,2.144286008842755e-05
4666,291156,20,4436,2.1436684619402513e-05,2.1436684619402513e-05
4667,437618,30,7538,-2.1429174012155272e-05,2.1429174012155272e-05
4668,453652,31,9236,-2.142520679626614e-05,2.142520679626614e-05
4669,327226,22,11834,-2.142507946700789e-05,2.142507946700789e-05
4670,451162,31,6746,-2.142388439096976e-05,2.142388439096976e-05
4671,451346,31,6930,-2.142175981134642e-05,2.142175981134642e-05
4672,196261,13,9893,2.1413334252429195e-05,2.1413334252429195e-05
4673,457844,31,13428,2.1404875951702707e-05,2.1404875951702707e-05
4674,325754,22,10362,2.140164542652201e-05,2.140164542652201e-05
4675,443779,30,13699,2.1398887838586234e-05,2.1398887838586234e-05
4676,439730,30,9650,-2.139811113011092e-05,2.139811113011092e-05
4677,421082,29,5338,-2.1394040231825784e-05,2.1394040231825784e-05
4678,448546,31,4130,2.1394025679910555e-05,2.1394025679910555e-05
4679,445873,31,1457,2.1390851543401368e-05,2.1390851543401368e-05
4680,194717,13,8349,2.139042226190213e-05,2.139042226190213e-05
4681,216279,15,1239,-2.1384299543569796e-05,2.1384299543569796e-05
4682,246871,17,3159,2.1380725229391828e-05,2.1380725229391828e-05
4683,452243,31,7827,-2.1376199583755806e-05,2.1376199583755806e-05
4684,431375,30,1295,2.137419141945429e-05,2.137419141945429e-05
4685,174928,12,2896,2.1371350158005953e-05,2.1371350158005953e-05
4686,207758,14,7054,-2.136294096999336e-05,2.136294096999336e-05
4687,217410,15,2370,2.1356772776925936e-05,2.1356772776925936e-05
4688,194864,13,8496,-2.1352740077418275e-05,2.1352740077418275e-05
4689,281655,19,9271,2.1350699171307497e-05,2.1350699171307497e-05
4690,306953,21,5897,-2.1349922462832183e-05,2.1349922462832183e-05
4691,453200,31,8784,2.1349560483940877e-05,2.1349560483940877e-05
4692,359945,25,1545,-2.1343988919397816e-05,2.1343988919397816e-05
4693,250061,17,6349,-2.134335045411717e-05,2.134335045411717e-05
4694,447753,31,3337,2.1342439140425995e-05,2.1342439140425995e-05
4695,443675,30,13595,2.133919952029828e-05,2.133919952029828e-05
4696,175216,12,3184,-2.1336325517040677e-05,2.1336325517040677e-05
4697,428334,29,12590,2.1330539311747998e-05,2.1330539311747998e-05
4698,452097,31,7681,-2.1329240553313866e-05,2.1329240553313866e-05
4699,445495,31,1079,-2.1329004084691405e-05,2.1329004084691405e-05
4700,237704,16,8328,-2.1327356080291793e-05,2.1327356080291793e-05
4701,452632,31,8216,-2.1327059585019015e-05,2.1327059585019015e-05
4702,167990,11,10294,-2.1326448404579423e-05,2.1326448404579423e-05
4703,199301,13,12933,-2.1325755369616672e-05,2.1325755369616672e-05
4704,457715,31,13299,-2.13208968489198e-05,2.13208968489198e-05
4705,191533,13,5165,-2.131970541086048e-05,2.131970541086048e-05
4706,458391,31,13975,-2.1318337530829012e-05,2.1318337530829012e-05
4707,445438,31,1022,2.1316020138328895e-05,2.1316020138328895e-05
4708,205240,14,4536,-2.1311465388862416e-05,2.1311465388862416e-05
4709,455192,31,10776,-2.131142719008494e-05,2.131142719008494e-05
4710,433174,30,3094,-2.1308529539965093e-05,2.1308529539965093e-05
4711,414933,28,13525,-2.1308080249582417e-05,2.1308080249582417e-05
4712,349451,24,5387,-2.1300431399140507e-05,2.1300431399140507e-05
4713,411258,28,9850,2.1295452825143002e-05,2.1295452825143002e-05
4714,457744,31,13328,2.1290314180077985e-05,2.1290314180077985e-05
4715,449030,31,4614,2.128578671545256e-05,2.128578671545256e-05
4716,425462,29,9718,2.1279909560689703e-05,2.1279909560689703e-05
4717,434250,30,4170,-2.1277845007716678e-05,2.1277845007716678e-05
4718,192603,13,6235,2.1276428014971316e-05,2.1276428014971316e-05
4719,418541,29,2797,-2.1275289327604696e-05,2.1275289327604696e-05
4720,376076,26,3340,-2.1275247490848415e-05,2.1275247490848415e-05
4721,377343,26,4607,2.127368497895077e-05,2.127368497895077e-05
4722,439683,30,9603,2.1273364836815745e-05,2.1273364836815745e-05
4723,247771,17,4059,2.127176230715122e-05,2.127176230715122e-05
4724,426457,29,10713,-2.1267087504384108e-05,2.1267087504384108e-05
4725,451976,31,7560,2.1265499526634812e-05,2.1265499526634812e-05
4726,446449,31,2033,-2.1263691451167688e-05,2.1263691451167688e-05
4727,452886,31,8470,-2.1263669623294845e-05,2.1263669623294845e-05
4728,399694,27,12622,-2.1262161681079306e-05,2.1262161681079306e-05
4729,179451,12,7419,2.1255378669593483e-05,2.1255378669593483e-05
4730,224415,15,9375,-2.125250466633588e-05,2.125250466633588e-05
4731,292011,20,5291,2.1251433281577192e-05,2.1251433281577192e-05
4732,453488,31,9072,-2.125131868524477e-05,2.125131868524477e-05
4733,272189,18,14141,-2.1249865312711336e-05,2.1249865312711336e-05
4734,419203,29,3459,-2.1248788470984437e-05,2.1248788470984437e-05
4735,355143,24,11079,2.1247837139526382e-05,2.1247837139526382e-05
4736,430395,30,315,2.123657031916082e-05,2.123657031916082e-05
4737,360626,25,2226,-2.1230967831797898e-05,2.1230967831797898e-05
4738,263135,18,5087,2.122972728102468e-05,2.122972728102468e-05
4739,444475,31,59,2.122411024174653e-05,2.122411024174653e-05
4740,445149,31,733,-2.122329897247255e-05,2.122329897247255e-05
4741,446068,31,1652,-2.1221629140200093e-05,2.1221629140200093e-05
4742,375087,26,2351,-2.122132900694851e-05,2.122132900694851e-05
4743,457351,31,12935,-2.121924626408145e-05,2.121924626408145e-05
4744,449643,31,5227,-2.121595389326103e-05,2.121595389326103e-05
4745,455741,31,11325,-2.121062971127685e-05,2.121062971127685e-05
4746,441732,30,11652,2.1210400518612005e-05,2.1210400518612005e-05
4747,421469,29,5725,-2.1205358279985376e-05,2.1205358279985376e-05
4748,411740,28,10332,2.1202777134021744e-05,2.1202777134021744e-05
4749,456719,31,12303,2.1202091375016607e-05,2.1202091375016607e-05
4750,442610,30,12530,2.1197774913161993e-05,2.1197774913161993e-05
4751,431507,30,1427,-2.1193507564021274e-05,2.1193507564021274e-05
4752,438009,30,7929,-2.1183634089538828e-05,2.1183634089538828e-05
4753,416326,29,582,2.118328120559454e-05,2.118328120559454e-05
4754,436551,30,6471,-2.118271731887944e-05,2.118271731887944e-05
4755,458253,31,13837,-2.1178999304538593e-05,2.1178999304538593e-05
4756,435293,30,5213,-2.11753613257315e-05,2.11753613257315e-05
4757,447888,31,3472,2.1173198547330685e-05,2.1173198547330685e-05
4758,396457,27,9385,-2.1170573745621368e-05,2.1170573745621368e-05
4759,436840,30,6760,2.1168663806747645e-05,2.1168663806747645e-05
4760,103981,7,3629,-2.1166335500311106e-05,2.1166335500311106e-05
4761,444148,30,14068,-2.1164154532016255e-05,2.1164154532016255e-05
4762,454742,31,10326,-2.1162757548154332e-05,2.1162757548154332e-05
4763,429995,29,14251,-2.115680035785772e-05,2.115680035785772e-05
4764,428817,29,13073,-2.1154270143597387e-05,2.1154270143597387e-05
4765,457101,31,12685,-2.114705966960173e-05,2.114705966960173e-05
4766,160823,11,3127,2.1145444407011382e-05,2.1145444407011382e-05
4767,450693,31,6277,2.1137419025762938e-05,2.1137419025762938e-05
4768,455216,31,10800,2.113688060489949e-05,2.113688060489949e-05
4769,336132,23,6404,-2.113441405526828e-05,2.113441405526828e-05
4770,440697,30,10617,2.112944275722839e-05,2.112944275722839e-05
4771,330260,23,532,-2.1127843865542673e-05,2.1127843865542673e-05
4772,439806,30,9726,2.112483707605861e-05,2.112483707605861e-05
4773,421975,29,6231,2.112172842316795e-05,2.112172842316795e-05
4774,405262,28,3854,2.1118627046234906e-05,2.1118627046234906e-05
4775,449423,31,5007,-2.111831054207869e-05,2.111831054207869e-05
4776,222373,15,7333,2.1118194126756862e-05,2.1118194126756862e-05
4777,454350,31,9934,2.111661342496518e-05,2.111661342496518e-05
4778,445054,31,638,2.111621870426461e-05,2.111621870426461e-05
4779,266194,18,8146,2.1114934497745708e-05,2.1114934497745708e-05
4780,269245,18,11197,2.1114146875333972e-05,2.1114146875333972e-05
4781,379566,26,6830,-2.111163666995708e-05,2.111163666995708e-05
4782,223293,15,8253,2.110903551511001e-05,2.110903551511001e-05
4783,435074,30,4994,-2.1108311557327397e-05,2.1108311557327397e-05
4784,450951,31,6535,2.110824607370887e-05,2.110824607370887e-05
4785,380819,26,8083,2.1106607164256275e-05,2.1106607164256275e-05
4786,402495,28,1087,-2.1106103304191492e-05,2.1106103304191492e-05
4787,428564,29,12820,2.1105119230924174e-05,2.1105119230924174e-05
4788,447108,31,2692,-2.110439345415216e-05,2.110439345415216e-05
4789,424828,29,9084,-2.1104358893353492e-05,2.1104358893353492e-05
4790,255863,17,12151,-2.110286004608497e-05,2.110286004608497e-05
4791,452268,31,7852,2.1102590835653245e-05,2.1102590835653245e-05
4792,156309,10,12949,-2.110124842147343e-05,2.110124842147343e-05
4793,183538,12,11506,-2.1096177079016343e-05,2.1096177079016343e-05
4794,422886,29,7142,2.109233901137486e-05,2.109233901137486e-05
4795,116281,8,1593,2.1090299924253486e-05,2.1090299924253486e-05
4796,421283,29,5539,-2.1088520952616818e-05,2.1088520952616818e-05
4797,392023,27,4951,-2.10880498343613e-05,2.10880498343613e-05
4798,383529,26,10793,2.108588523697108e-05,2.108588523697108e-05
4799,276897,19,4513,-2.108011904056184e-05,2.108011904056184e-05
4800,270199,18,12151,2.107893487846013e-05,2.107893487846013e-05
4801,438090,30,8010,-2.107395812345203e-05,2.107395812345203e-05
4802,421107,29,5363,-2.10705056815641e-05,2.10705056815641e-05
4803,191956,13,5588,2.106755528075155e-05,2.106755528075155e-05
4804,416664,29,920,2.105990279233083e-05,2.105990279233083e-05
4805,254716,17,11004,2.1055062461527996e-05,2.1055062461527996e-05
4806,187730,13,1362,-2.1050096620456316e-05,2.1050096620456316e-05
4807,436090,30,6010,-2.10484467970673e-05,2.10484467970673e-05
4808,453579,31,9163,2.104839040839579e-05,2.104839040839579e-05
4809,457945,31,13529,2.1047802874818444e-05,2.1047802874818444e-05
4810,197840,13,11472,-2.104704071825836e-05,2.104704071825836e-05
4811,438859,30,8779,-2.1046385882073082e-05,2.1046385882073082e-05
4812,450717,31,6301,-2.1041385480202734e-05,2.1041385480202734e-05
4813,423983,29,8239,-2.1041134459665045e-05,2.1041134459665045e-05
4814,447730,31,3314,2.1038880731794052e-05,2.1038880731794052e-05
4815,442010,30,11930,-2.1035522877355106e-05,2.1035522877355106e-05
4816,452351,31,7935,-2.103504812112078e-05,2.103504812112078e-05
4817,162843,11,5147,-2.1031311916885898e-05,2.1031311916885898e-05
4818,405591,28,4183,2.1029460185673088e-05,2.1029460185673088e-05
4819,439426,30,9346,-2.1020816348027438e-05,2.1020816348027438e-05
4820,457072,31,12656,2.1020041458541527e-05,2.1020041458541527e-05
4821,448908,31,4492,-2.101512291119434e-05,2.101512291119434e-05
4822,368829,25,10429,-2.1013924197177403e-05,2.1013924197177403e-05
4823,435720,30,5640,2.101230165862944e-05,2.101230165862944e-05
4824,258879,18,831,-2.1011479475419037e-05,2.1011479475419037e-05
4825,437905,30,7825,2.0995816157665104e-05,2.0995816157665104e-05
4826,439205,30,9125,2.099468110827729e-05,2.099468110827729e-05
4827,437190,30,7110,-2.0990839402657002e-05,2.0990839402657002e-05
4828,269149,18,11101,-2.099025914503727e-05,2.099025914503727e-05
4829,325572,22,10180,-2.0984509319532663e-05,2.0984509319532663e-05
4830,445986,31,1570,-2.0984274669899605e-05,2.0984274669899605e-05
4831,388169,27,1097,2.098381992254872e-05,2.098381992254872e-05
4832,458231,31,13815,-2.0983705326216295e-05,2.0983705326216295e-05
4833,439579,30,9499,-2.0983468857593834e-05,2.0983468857593834e-05
4834,253070,17,9358,-2.0976718587917276e-05,2.0976718587917276e-05
4835,448512,31,4096,2.0973240680177696e-05,2.0973240680177696e-05
4836,411415,28,10007,-2.0972203856217675e-05,2.0972203856217675e-05
4837,204211,14,3507,-2.097158539982047e-05,2.097158539982047e-05
4838,431705,30,1625,-2.0970537661924027e-05,2.0970537661924027e-05
4839,426102,29,10358,2.0970537661924027e-05,2.0970537661924027e-05
4840,437368,30,7288,-2.0970090190530755e-05,2.0970090190530755e-05
4841,375949,26,3213,-2.0966603187844157e-05,2.0966603187844157e-05
4842,292421,20,5701,2.0962646885891445e-05,2.0962646885891445e-05
4843,308234,21,7178,2.0957590095349588e-05,2.0957590095349588e-05
4844,440380,30,10300,-2.095714444294572e-05,2.095714444294572e-05
4845,442083,30,12003,2.095578020089306e-05,2.095578020089306e-05
4846,180665,12,8633,-2.0955480067641474e-05,2.0955480067641474e-05
4847,456660,31,12244,-2.0954090359737165e-05,2.0954090359737165e-05
4848,455245,31,10829,2.0949251847923733e-05,2.0949251847923733e-05
4849,436032,30,5952,2.0946044969605282e-05,2.0946044969605282e-05
4850,442225,30,12145,-2.0941872207913548e-05,2.0941872207913548e-05
4851,407578,28,6170,-2.094167393806856e-05,2.094167393806856e-05
4852,67153,4,9809,2.094136470986996e-05,2.094136470986996e-05
4853,382487,26,9751,2.094128831231501e-05,2.094128831231501e-05
4854,148094,10,4734,-2.092944851028733e-05,2.092944851028733e-05
4855,102251,7,1899,-2.092566319333855e-05,2.092566319333855e-05
4856,458013,31,13597,-2.092495924443938e-05,2.092495924443938e-05
4857,432179,30,2099,2.0914923879900016e-05,2.0914923879900016e-05
4858,236816,16,7440,-2.0914190827170387e-05,2.0914190827170387e-05
4859,446450,31,2034,-2.0910749299218878e-05,2.0910749299218878e-05
4860,431004,30,924,-2.0910481907776557e-05,2.0910481907776557e-05
4861,437458,30,7378,-2.0907184079987928e-05,2.0907184079987928e-05
4862,444878,31,462,-2.090144516841974e-05,2.090144516841974e-05
4863,181732,12,9700,-2.089881309075281e-05,2.089881309075281e-05
4864,326321,22,10929,-2.0898185539408587e-05,2.0898185539408587e-05
4865,449687,31,5271,-2.0896146452287212e-05,2.0896146452287212e-05
4866,449340,31,4924,-2.089363624691032e-05,2.089363624691032e-05
4867,427673,29,11929,2.0893368855467997e-05,2.0893368855467997e-05
4868,142257,9,13233,-2.089226654788945e-05,2.089226654788945e-05
4869,224866,15,9826,2.089087138301693e-05,2.089087138301693e-05
4870,305195,21,4139,2.0890216546831653e-05,2.0890216546831653e-05
4871,455567,31,11151,-2.0886369384243153e-05,2.0886369384243153e-05
4872,452937,31,8521,2.0875839254586026e-05,2.0875839254586026e-05
4873,434473,30,4393,2.0872874301858246e-05,2.0872874301858246e-05
4874,150393,10,7033,2.0871601009275764e-05,2.0871601009275764e-05
4875,192176,13,5808,2.0870636944891885e-05,2.0870636944891885e-05
4876,203748,14,3044,2.0869250874966383e-05,2.0869250874966383e-05
4877,196585,13,10217,2.0869165382464416e-05,2.0869165382464416e-05
4878,454852,31,10436,2.086601671180688e-05,2.086601671180688e-05
4879,447527,31,3111,2.086368294840213e-05,2.086368294840213e-05
4880,452608,31,8192,-2.086194399453234e-05,2.086194399453234e-05
4881,200576,13,14208,-2.085844062094111e-05,2.085844062094111e-05
4882,199795,13,13427,2.0858098650933243e-05,2.0858098650933243e-05
4883,435373,30,5293,-2.085795313178096e-05,2.085795313178096e-05
4884,446212,31,1796,2.085378764604684e-05,2.085378764604684e-05
4885,453698,31,9282,-2.0853569367318414e-05,2.0853569367318414e-05
4886,452476,31,8060,-2.0850598957622424e-05,2.0850598957622424e-05
4887,450516,31,6100,-2.0839610442635603e-05,2.0839610442635603e-05
4888,337033,23,7305,-2.0832261725445278e-05,2.0832261725445278e-05
4889,442624,30,12544,2.0829753339057788e-05,2.0829753339057788e-05
4890,189063,13,2695,-2.0828632841585204e-05,2.0828632841585204e-05
4891,450642,31,6226,-2.0827919797739014e-05,2.0827919797739014e-05
4892,121897,8,7209,-2.0825746105401777e-05,2.0825746105401777e-05
4893,455244,31,10828,2.0823657905566506e-05,2.0823657905566506e-05
4894,397105,27,10033,2.0822793885599822e-05,2.0822793885599822e-05
4895,441711,30,11631,-2.082214086840395e-05,2.082214086840395e-05
4896,259858,18,1810,2.082176615658682e-05,2.082176615658682e-05
4897,188475,13,2107,2.0820747522520833e-05,2.0820747522520833e-05
4898,241384,16,12008,2.081946877297014e-05,2.081946877297014e-05
4899,412962,28,11554,2.081944330711849e-05,2.081944330711849e-05
4900,312826,21,11770,-2.081907405226957e-05,2.081907405226957e-05
4901,287430,20,710,2.0816969481529668e-05,2.0816969481529668e-05
4902,427799,29,12055,-2.0814239178434946e-05,2.0814239178434946e-05
4903,395212,27,8140,-2.0813386072404683e-05,2.0813386072404683e-05
4904,448096,31,3680,2.081310231005773e-05,2.081310231005773e-05
4905,437156,30,7076,2.081282036670018e-05,2.081282036670018e-05
4906,241487,16,12111,2.0812642105738632e-05,2.0812642105738632e-05
4907,417542,29,1798,2.081239472317975e-05,2.081239472317975e-05
4908,394087,27,7015,2.081135244225152e-05,2.081135244225152e-05
4909,440392,30,10312,2.0809888155781664e-05,2.0809888155781664e-05
4910,445468,31,1052,-2.0807652617804706e-05,2.0807652617804706e-05
4911,441721,30,11641,-2.080619196931366e-05,2.080619196931366e-05
4912,370479,25,12079,-2.080066224152688e-05,2.080066224152688e-05
4913,171054,11,13358,-2.0795683667529374e-05,2.0795683667529374e-05
4914,233673,16,4297,-2.0795641830773093e-05,2.0795641830773093e-05
4915,454997,31,10581,2.079407022392843e-05,2.079407022392843e-05
4916,430047,29,14303,-2.079299883916974e-05,2.079299883916974e-05
4917,452175,31,7759,2.079215119010769e-05,2.079215119010769e-05
4918,435360,30,5280,-2.079168552882038e-05,2.079168552882038e-05
4919,455913,31,11497,-2.0790928829228505e-05,2.0790928829228505e-05
4920,160154,11,2458,2.079014120681677e-05,2.079014120681677e-05
4921,445916,31,1500,-2.078870420518797e-05,2.078870420518797e-05
4922,448159,31,3743,-2.078396937577054e-05,2.078396937577054e-05
4923,455111,31,10695,2.0783827494597062e-05,2.0783827494597062e-05
4924,454361,31,9945,2.0780515114893205e-05,2.0780515114893205e-05
4925,396775,27,9703,-2.0779712940566242e-05,2.0779712940566242e-05
4926,446751,31,2335,2.0779463739017956e-05,2.0779463739017956e-05
4927,454018,31,9602,2.0775907614734024e-05,2.0775907614734024e-05
4928,445119,31,703,2.077292992908042e-05,2.077292992908042e-05
4929,455779,31,11363,2.0772167772520334e-05,2.0772167772520334e-05
4930,382734,26,9998,-2.0771693016286008e-05,2.0771693016286008e-05
4931,416648,29,904,2.0769886759808287e-05,2.0769886759808287e-05
4932,355909,24,11845,2.0769628463312984e-05,2.0769628463312984e-05
4933,447306,31,2890,-2.0758199752890505e-05,2.0758199752890505e-05
4934,453792,31,9376,2.0758090613526292e-05,2.0758090613526292e-05
4935,302709,21,1653,-2.0755691366503015e-05,2.0755691366503015e-05
4936,284686,19,12302,-2.0754485376528464e-05,2.0754485376528464e-05
4937,441442,30,11362,2.074866097245831e-05,2.074866097245831e-05
4938,450147,31,5731,2.0745204892591573e-05,2.0745204892591573e-05
4939,422726,29,6982,2.0744308130815625e-05,2.0744308130815625e-05
4940,336678,23,6950,2.0740711988764815e-05,2.0740711988764815e-05
4941,458667,31,14251,-2.0740497348015197e-05,2.0740497348015197e-05
4942,420444,29,4700,-2.0737823433591984e-05,2.0737823433591984e-05
4943,376666,26,3930,2.0736950318678282e-05,2.0736950318678282e-05
4944,406700,28,5292,-2.073417817882728e-05,2.073417817882728e-05
4945,170049,11,12353,2.073197902063839e-05,2.073197902063839e-05
4946,453968,31,9552,-2.0731407857965678e-05,2.0731407857965678e-05
4947,422367,29,6623,2.07300854526693e-05,2.07300854526693e-05
4948,341099,23,11371,2.0729645257233642e-05,2.0729645257233642e-05
4949,447468,31,3052,2.0727311493828893e-05,2.0727311493828893e-05
4950,194021,13,7653,2.0725979993585497e-05,2.0725979993585497e-05
4951,457570,31,13154,2.0721341570606455e-05,2.0721341570606455e-05
4952,292143,20,5423,2.0719968233606778e-05,2.0719968233606778e-05
4953,437308,30,7228,-2.0716694052680396e-05,2.0716694052680396e-05
4954,327711,22,12319,-2.071034577966202e-05,2.071034577966202e-05
4955,387320,27,248,-2.070979098789394e-05,2.070979098789394e-05
4956,200782,14,78,-2.0709187083411962e-05,2.0709187083411962e-05
4957,277631,19,5247,2.0707948351628147e-05,2.0707948351628147e-05
4958,264769,18,6721,2.0707297153421678e-05,2.0707297153421678e-05
4959,221109,15,6069,2.0706609575427137e-05,2.0706609575427137e-05
4960,445799,31,1383,2.0700303139165044e-05,2.0700303139165044e-05
4961,451582,31,7166,-2.0696785213658586e-05,2.0696785213658586e-05
4962,416739,29,995,2.069283800665289e-05,2.069283800665289e-05
4963,245880,17,2168,2.0687191863544285e-05,2.0687191863544285e-05
4964,381856,26,9120,-2.0686975403805263e-05,2.0686975403805263e-05
4965,191089,13,4721,-2.0683381080743857e-05,2.0683381080743857e-05
4966,240332,16,10956,-2.068331559712533e-05,2.068331559712533e-05
4967,431016,30,936,2.0681862224591896e-05,2.0681862224591896e-05
4968,397545,27,10473,-2.068113644781988e-05,2.068113644781988e-05
4969,208386,14,7682,2.068051435344387e-05,2.068051435344387e-05
4970,406493,28,5085,-2.068038156721741e-05,2.068038156721741e-05
4971,331169,23,1441,-2.067857531073969e-05,2.067857531073969e-05
4972,326169,22,10777,2.067634886770975e-05,2.067634886770975e-05
4973,435057,30,4977,2.0675992345786653e-05,2.0675992345786653e-05
4974,401619,28,211,-2.0674213374149986e-05,2.0674213374149986e-05
4975,242118,16,12742,2.066978413495235e-05,2.066978413495235e-05
4976,405052,28,3644,-2.066963497782126e-05,2.066963497782126e-05
4977,438521,30,8441,-2.0668912839028053e-05,2.0668912839028053e-05
4978,454428,31,10012,2.0667199351009913e-05,2.0667199351009913e-05
4979,332300,23,2572,2.0663455870817415e-05,2.0663455870817415e-05
4980,295163,20,8443,-2.065964145003818e-05,2.065964145003818e-05
4981,196432,13,10064,-2.0656570995924994e-05,2.0656570995924994e-05
4982,384100,26,11364,-2.065355693048332e-05,2.065355693048332e-05
4983,226732,15,11692,2.065300395770464e-05,2.065300395770464e-05
4984,185985,12,13953,-2.0649931684602052e-05,2.0649931684602052e-05
4985,369032,25,10632,-2.0648711142712273e-05,2.0648711142712273e-05
4986,443974,30,13894,2.0646646589739248e-05,2.0646646589739248e-05
4987,452101,31,7685,-2.0646502889576368e-05,2.0646502889576368e-05
4988,193737,13,7369,2.0644052710849792e-05,2.0644052710849792e-05
4989,442248,30,12168,2.064332875306718e-05,2.064332875306718e-05
4990,403143,28,1735,2.064215368591249e-05,2.064215368591249e-05
4991,175268,12,3236,2.0640480215661228e-05,2.0640480215661228e-05
4992,410870,28,9462,-2.063551619357895e-05,2.063551619357895e-05
4993,448536,31,4120,2.0632549421861768e-05,2.0632549421861768e-05
4994,431666,30,1586,2.0632240193663165e-05,2.0632240193663165e-05
4995,451316,31,6900,2.0631425286410376e-05,2.0631425286410376e-05
4996,390794,27,3722,-2.063021202047821e-05,2.063021202047821e-05
4997,167387,11,9691,-2.0628905986086465e-05,2.0628905986086465e-05
4998,455812,31,11396,2.0626139303203672e-05,2.0626139303203672e-05
4999,456469,31,12053,2.0624482203857042e-05,2.0624482203857042e-05
