rank,neuron_id,layer,neuron_idx,score,importance
0,446356,31,1940,0.0056008039973676205,0.0056008039973676205
1,457329,31,12913,0.004836794454604387,0.004836794454604387
2,452570,31,8154,-0.00461460230872035,0.00461460230872035
3,447825,31,3409,-0.0045837219804525375,0.0045837219804525375
4,456420,31,12004,-0.0036349475849419832,0.0036349475849419832
5,454241,31,9825,-0.0035086669959127903,0.0035086669959127903
6,451866,31,7450,-0.0029488597065210342,0.0029488597065210342
7,449727,31,5311,0.0029127136804163456,0.0029127136804163456
8,454108,31,9692,0.0028573491144925356,0.0028573491144925356
9,445582,31,1166,0.002532167825847864,0.002532167825847864
10,458617,31,14201,0.002480708761140704,0.002480708761140704
11,453353,31,8937,0.0024410272017121315,0.0024410272017121315
12,454080,31,9664,0.002333870390430093,0.002333870390430093
13,450848,31,6432,0.0023334212601184845,0.0023334212601184845
14,458692,31,14276,-0.002299763960763812,0.002299763960763812
15,458640,31,14224,0.0022937988396734,0.0022937988396734
16,449925,31,5509,0.0022591114975512028,0.0022591114975512028
17,455426,31,11010,0.0019368825014680624,0.0019368825014680624
18,445740,31,1324,0.001898619462735951,0.001898619462735951
19,458612,31,14196,0.001853592460975051,0.001853592460975051
20,449787,31,5371,0.0018418708350509405,0.0018418708350509405
21,452798,31,8382,-0.0018405179725959897,0.0018405179725959897
22,445266,31,850,0.001789358677342534,0.001789358677342534
23,453535,31,9119,0.001781980274245143,0.001781980274245143
24,447803,31,3387,0.0016785254701972008,0.0016785254701972008
25,446965,31,2549,0.001650904188863933,0.001650904188863933
26,432872,30,2792,0.0016314538661390543,0.0016314538661390543
27,457007,31,12591,0.00163090112619102,0.00163090112619102
28,451030,31,6614,0.0015757670626044273,0.0015757670626044273
29,451832,31,7416,-0.0015465507749468088,0.0015465507749468088
30,453832,31,9416,0.0015299362130463123,0.0015299362130463123
31,457492,31,13076,-0.0013910438865423203,0.0013910438865423203
32,458522,31,14106,0.001388124073855579,0.001388124073855579
33,452289,31,7873,0.0013555254554376006,0.0013555254554376006
34,448185,31,3769,0.0013521465007215738,0.0013521465007215738
35,446097,31,1681,0.0013463213108479977,0.0013463213108479977
36,448993,31,4577,-0.0012807452585548162,0.0012807452585548162
37,450188,31,5772,0.0012614275328814983,0.0012614275328814983
38,455495,31,11079,-0.0012532988330349326,0.0012532988330349326
39,456535,31,12119,0.0012374813668429852,0.0012374813668429852
40,446721,31,2305,0.001225501880981028,0.001225501880981028
41,453991,31,9575,0.001204820116981864,0.001204820116981864
42,448227,31,3811,-0.001202161656692624,0.001202161656692624
43,447591,31,3175,-0.0011956236558035016,0.0011956236558035016
44,446623,31,2207,0.0011733854189515114,0.0011733854189515114
45,438642,30,8562,0.0011426160344853997,0.0011426160344853997
46,437893,30,7813,0.0011396734043955803,0.0011396734043955803
47,453935,31,9519,-0.0011265233624726534,0.0011265233624726534
48,455250,31,10834,-0.0011208291398361325,0.0011208291398361325
49,456345,31,11929,-0.0011189045617356896,0.0011189045617356896
50,445988,31,1572,0.00111715670209378,0.00111715670209378
51,451073,31,6657,0.0011140585411339998,0.0011140585411339998
52,445412,31,996,0.001096775638870895,0.001096775638870895
53,447613,31,3197,-0.001096305437386036,0.001096305437386036
54,452267,31,7851,-0.0010880447225645185,0.0010880447225645185
55,455904,31,11488,0.0010688930051401258,0.0010688930051401258
56,449969,31,5553,0.0010669766925275326,0.0010669766925275326
57,448244,31,3828,-0.001057635061442852,0.001057635061442852
58,455090,31,10674,0.001050385762937367,0.001050385762937367
59,458443,31,14027,-0.0010491053108125925,0.0010491053108125925
60,456224,31,11808,-0.0009950711391866207,0.0009950711391866207
61,448852,31,4436,-0.0009880843572318554,0.0009880843572318554
62,437226,30,7146,-0.0009524085908196867,0.0009524085908196867
63,445130,31,714,-0.0009460768196731806,0.0009460768196731806
64,454079,31,9663,0.0009398373658768833,0.0009398373658768833
65,449077,31,4661,-0.0009295076597481966,0.0009295076597481966
66,458489,31,14073,0.0009294078918173909,0.0009294078918173909
67,431210,30,1130,0.0009277133503928781,0.0009277133503928781
68,448544,31,4128,0.000920139136724174,0.000920139136724174
69,452389,31,7973,-0.0009102086769416928,0.0009102086769416928
70,458285,31,13869,-0.0009054841939359903,0.0009054841939359903
71,455758,31,11342,-0.000903454318176955,0.000903454318176955
72,446893,31,2477,-0.000897994905244559,0.000897994905244559
73,442526,30,12446,-0.0008964193402789533,0.0008964193402789533
74,449669,31,5253,0.0008961636340245605,0.0008961636340245605
75,450031,31,5615,0.0008841922390274704,0.0008841922390274704
76,456941,31,12525,-0.0008825664990581572,0.0008825664990581572
77,456774,31,12358,-0.000864762463606894,0.000864762463606894
78,457230,31,12814,0.0008557977271266282,0.0008557977271266282
79,450883,31,6467,-0.0008512664935551584,0.0008512664935551584
80,449534,31,5118,-0.0008449719753116369,0.0008449719753116369
81,448480,31,4064,0.0008442056714557111,0.0008442056714557111
82,452775,31,8359,0.0008317530155181885,0.0008317530155181885
83,456401,31,11985,-0.0008245509816333652,0.0008245509816333652
84,449457,31,5041,-0.0008168009808287024,0.0008168009808287024
85,452766,31,8350,-0.0008020406821742654,0.0008020406821742654
86,452609,31,8193,0.0007954441825859249,0.0007954441825859249
87,438619,30,8539,0.0007917219772934914,0.0007917219772934914
88,445379,31,963,0.0007905028178356588,0.0007905028178356588
89,445811,31,1395,-0.0007784159970469773,0.0007784159970469773
90,448768,31,4352,0.0007741875597275794,0.0007741875597275794
91,447361,31,2945,-0.0007681268616579473,0.0007681268616579473
92,442265,30,12185,0.0007676598615944386,0.0007676598615944386
93,457366,31,12950,-0.0007574092596769333,0.0007574092596769333
94,455389,31,10973,-0.0007497085025534034,0.0007497085025534034
95,444676,31,260,-0.0007490665884688497,0.0007490665884688497
96,449560,31,5144,0.0007396375294774771,0.0007396375294774771
97,448576,31,4160,-0.0007395677384920418,0.0007395677384920418
98,448032,31,3616,0.0007354317931458354,0.0007354317931458354
99,455957,31,11541,0.0007244094740599394,0.0007244094740599394
100,458349,31,13933,-0.0007238075486384332,0.0007238075486384332
101,456111,31,11695,0.0007176959770731628,0.0007176959770731628
102,447964,31,3548,-0.000709777872543782,0.000709777872543782
103,447374,31,2958,0.0007063107914291322,0.0007063107914291322
104,449025,31,4609,0.0007002832717262208,0.0007002832717262208
105,447984,31,3568,-0.0006955867866054177,0.0006955867866054177
106,455730,31,11314,-0.0006699127843603492,0.0006699127843603492
107,447880,31,3464,0.0006638489430770278,0.0006638489430770278
108,455766,31,11350,0.0006547349039465189,0.0006547349039465189
109,454003,31,9587,0.000650758680421859,0.000650758680421859
110,448462,31,4046,0.0006495834677480161,0.0006495834677480161
111,458217,31,13801,0.0006440982688218355,0.0006440982688218355
112,446428,31,2012,0.0006415756652131677,0.0006415756652131677
113,450349,31,5933,-0.0006271285237744451,0.0006271285237744451
114,453603,31,9187,-0.0006206708494573832,0.0006206708494573832
115,435104,30,5024,-0.000618716876488179,0.000618716876488179
116,431251,30,1171,0.0006161207566037774,0.0006161207566037774
117,449038,31,4622,0.0006154460716061294,0.0006154460716061294
118,446229,31,1813,-0.0006133350543677807,0.0006133350543677807
119,457339,31,12923,-0.0006119204335846007,0.0006119204335846007
120,444790,31,374,0.0006111374241299927,0.0006111374241299927
121,457446,31,13030,0.0006097657606005669,0.0006097657606005669
122,446682,31,2266,0.0006009899079799652,0.0006009899079799652
123,456054,31,11638,0.0006009708158671856,0.0006009708158671856
124,450230,31,5814,-0.0005939502734690905,0.0005939502734690905
125,452469,31,8053,-0.0005891532055102289,0.0005891532055102289
126,457255,31,12839,0.0005846148123964667,0.0005846148123964667
127,446657,31,2241,0.0005841327947564423,0.0005841327947564423
128,458627,31,14211,-0.0005821172380819917,0.0005821172380819917
129,448175,31,3759,0.0005784918321296573,0.0005784918321296573
130,415998,29,254,0.0005779548082500696,0.0005779548082500696
131,431857,30,1777,0.0005775587051175535,0.0005775587051175535
132,455997,31,11581,0.0005753800505772233,0.0005753800505772233
133,456945,31,12529,0.0005640946910716593,0.0005640946910716593
134,438806,30,8726,0.0005628027720376849,0.0005628027720376849
135,457279,31,12863,0.000561257591471076,0.000561257591471076
136,430715,30,635,-0.0005574541864916682,0.0005574541864916682
137,444982,31,566,0.0005527647444978356,0.0005527647444978356
138,456330,31,11914,0.0005498440586961806,0.0005498440586961806
139,450488,31,6072,0.0005474658100865781,0.0005474658100865781
140,447956,31,3540,0.0005382284871302545,0.0005382284871302545
141,433866,30,3786,-0.0005336118047125638,0.0005336118047125638
142,449437,31,5021,-0.0005285642691887915,0.0005285642691887915
143,442230,30,12150,0.0005276381853036582,0.0005276381853036582
144,447705,31,3289,0.000527115014847368,0.000527115014847368
145,445575,31,1159,-0.0005222292384132743,0.0005222292384132743
146,448046,31,3630,0.0005176762933842838,0.0005176762933842838
147,451136,31,6720,0.000516016676556319,0.000516016676556319
148,451781,31,7365,0.0005134951788932085,0.0005134951788932085
149,451435,31,7019,-0.0005112678045406938,0.0005112678045406938
150,449864,31,5448,-0.0005072231870144606,0.0005072231870144606
151,448062,31,3646,-0.0005046332953497767,0.0005046332953497767
152,448976,31,4560,0.0004934433964081109,0.0004934433964081109
153,458038,31,13622,0.000492974475491792,0.000492974475491792
154,452089,31,7673,0.0004871129058301449,0.0004871129058301449
155,447370,31,2954,0.0004857318999711424,0.0004857318999711424
156,450009,31,5593,-0.00048417807556688786,0.00048417807556688786
157,448928,31,4512,0.0004745187470689416,0.0004745187470689416
158,450995,31,6579,-0.00047326451749540865,0.00047326451749540865
159,448595,31,4179,0.00047093009925447404,0.00047093009925447404
160,450882,31,6466,-0.0004698079719673842,0.0004698079719673842
161,446684,31,2268,-0.00046382498112507164,0.00046382498112507164
162,441805,30,11725,0.00046165232197381556,0.00046165232197381556
163,450020,31,5604,0.0004613608180079609,0.0004613608180079609
164,447073,31,2657,-0.00045997524284757674,0.00045997524284757674
165,453591,31,9175,0.00045708988909609616,0.00045708988909609616
166,453487,31,9071,-0.00045304655213840306,0.00045304655213840306
167,456056,31,11640,0.00044724452891387045,0.00044724452891387045
168,427394,29,11650,0.0004470488929655403,0.0004470488929655403
169,449498,31,5082,-0.0004427407984621823,0.0004427407984621823
170,454234,31,9818,0.00043952983105555177,0.00043952983105555177
171,433807,30,3727,-0.0004381927428767085,0.0004381927428767085
172,453530,31,9114,-0.00043773010838776827,0.00043773010838776827
173,457084,31,12668,-0.0004330847295932472,0.0004330847295932472
174,446214,31,1798,0.00043199866195209324,0.00043199866195209324
175,447062,31,2646,0.00042674216092564166,0.00042674216092564166
176,457000,31,12584,0.0004257979744579643,0.0004257979744579643
177,445369,31,953,-0.00042559258872643113,0.00042559258872643113
178,449010,31,4594,0.0004238882684148848,0.0004238882684148848
179,455591,31,11175,0.00042108818888664246,0.00042108818888664246
180,452109,31,7693,-0.00042061565909534693,0.00042061565909534693
181,437755,30,7675,0.00041606088052503765,0.00041606088052503765
182,447500,31,3084,-0.0004146175633650273,0.0004146175633650273
183,443839,30,13759,-0.0004144187842030078,0.0004144187842030078
184,438796,30,8716,0.0004141915123909712,0.0004141915123909712
185,448027,31,3611,-0.0004096799239050597,0.0004096799239050597
186,445909,31,1493,-0.0004092685121577233,0.0004092685121577233
187,451694,31,7278,-0.00040881597669795156,0.00040881597669795156
188,447191,31,2775,0.00040720344986766577,0.00040720344986766577
189,452122,31,7706,0.00040700926911085844,0.00040700926911085844
190,446629,31,2213,-0.00040470430394634604,0.00040470430394634604
191,455500,31,11084,0.00039973092498257756,0.00039973092498257756
192,445922,31,1506,0.0003993166028521955,0.0003993166028521955
193,444832,31,416,0.0003986074880231172,0.0003986074880231172
194,448287,31,3871,0.0003977823071181774,0.0003977823071181774
195,447844,31,3428,0.0003971494152210653,0.0003971494152210653
196,447520,31,3104,-0.00039500612183474004,0.00039500612183474004
197,456068,31,11652,0.00039385134004987776,0.00039385134004987776
198,450033,31,5617,0.0003925291239283979,0.0003925291239283979
199,456609,31,12193,0.00039111648220568895,0.00039111648220568895
200,447582,31,3166,0.0003905143530573696,0.0003905143530573696
201,445511,31,1095,0.000389464054023847,0.000389464054023847
202,454875,31,10459,-0.00038928756839595735,0.00038928756839595735
203,455478,31,11062,-0.00038793522980995476,0.00038793522980995476
204,454282,31,9866,0.0003861378354486078,0.0003861378354486078
205,456233,31,11817,0.00038479556678794324,0.00038479556678794324
206,450485,31,6069,0.00038090950693003833,0.00038090950693003833
207,442467,30,12387,-0.0003795222146436572,0.0003795222146436572
208,449206,31,4790,0.00037916848668828607,0.00037916848668828607
209,457257,31,12841,-0.0003787266032304615,0.0003787266032304615
210,431801,30,1721,-0.000378149765310809,0.000378149765310809
211,454761,31,10345,-0.00037413040990941226,0.00037413040990941226
212,458107,31,13691,-0.0003731239994522184,0.0003731239994522184
213,436974,30,6894,0.0003711830358952284,0.0003711830358952284
214,444705,31,289,0.00036946285399608314,0.00036946285399608314
215,452534,31,8118,0.00036940231802873313,0.00036940231802873313
216,456839,31,12423,0.0003674970648717135,0.0003674970648717135
217,442096,30,12016,0.0003669032303150743,0.0003669032303150743
218,439537,30,9457,0.00036679685581475496,0.00036679685581475496
219,452322,31,7906,0.00036668425309471786,0.00036668425309471786
220,437952,30,7872,0.0003650484432000667,0.0003650484432000667
221,447172,31,2756,0.0003638933994807303,0.0003638933994807303
222,453068,31,8652,0.0003625362296588719,0.0003625362296588719
223,446250,31,1834,-0.0003611667489167303,0.0003611667489167303
224,435622,30,5542,0.0003606820828281343,0.0003606820828281343
225,449646,31,5230,0.000357319280738011,0.000357319280738011
226,446890,31,2474,0.00035504958941601217,0.00035504958941601217
227,446155,31,1739,-0.00035490517620928586,0.00035490517620928586
228,453400,31,8984,-0.0003529791720211506,0.0003529791720211506
229,451933,31,7517,-0.0003522199986036867,0.0003522199986036867
230,454750,31,10334,-0.00034944424987770617,0.00034944424987770617
231,449751,31,5335,0.00034773017978295684,0.00034773017978295684
232,456668,31,12252,0.00034754344960674644,0.00034754344960674644
233,448542,31,4126,0.00034741961280815303,0.00034741961280815303
234,446070,31,1654,0.0003447467752266675,0.0003447467752266675
235,446604,31,2188,-0.00033870319020934403,0.00033870319020934403
236,450525,31,6109,0.00033840001560747623,0.00033840001560747623
237,453677,31,9261,0.000338361831381917,0.000338361831381917
238,434050,30,3970,-0.00033780818921513855,0.00033780818921513855
239,453742,31,9326,-0.00033668504329398274,0.00033668504329398274
240,445537,31,1121,0.00033584277844056487,0.00033584277844056487
241,440805,30,10725,0.00033428295864723623,0.00033428295864723623
242,456693,31,12277,0.00033421823172830045,0.00033421823172830045
243,453375,31,8959,-0.0003280995588283986,0.0003280995588283986
244,456642,31,12226,-0.00032614098745398223,0.00032614098745398223
245,454824,31,10408,0.0003249053261242807,0.0003249053261242807
246,437056,30,6976,-0.00032460485817864537,0.00032460485817864537
247,445416,31,1000,0.0003241455997340381,0.0003241455997340381
248,454074,31,9658,-0.00032255888800136745,0.00032255888800136745
249,444923,31,507,-0.0003220110374968499,0.0003220110374968499
250,452999,31,8583,0.0003199757484253496,0.0003199757484253496
251,419234,29,3490,-0.00031970374402590096,0.00031970374402590096
252,447668,31,3252,0.0003179269260726869,0.0003179269260726869
253,413575,28,12167,-0.0003140404587611556,0.0003140404587611556
254,455959,31,11543,0.00031303384457714856,0.00031303384457714856
255,451112,31,6696,-0.0003129220858681947,0.0003129220858681947
256,445625,31,1209,0.00030916774994693696,0.00030916774994693696
257,455660,31,11244,-0.0003070521343033761,0.0003070521343033761
258,455175,31,10759,-0.0003066294884774834,0.0003066294884774834
259,458325,31,13909,0.00030414407956413925,0.00030414407956413925
260,442564,30,12484,0.0003017288981936872,0.0003017288981936872
261,434850,30,4770,0.00030056326068006456,0.00030056326068006456
262,450982,31,6566,0.0002999284188263118,0.0002999284188263118
263,433983,30,3903,-0.0002995328395627439,0.0002995328395627439
264,448101,31,3685,0.00029931787867099047,0.00029931787867099047
265,453406,31,8990,-0.00029840253409929574,0.00029840253409929574
266,436703,30,6623,-0.0002977995900437236,0.0002977995900437236
267,455364,31,10948,0.00029774289578199387,0.00029774289578199387
268,446814,31,2398,-0.000294593715807423,0.000294593715807423
269,453187,31,8771,0.0002921418927144259,0.0002921418927144259
270,438719,30,8639,-0.00029181072022765875,0.00029181072022765875
271,439166,30,9086,0.0002905341098085046,0.0002905341098085046
272,457873,31,13457,-0.00029031740268692374,0.00029031740268692374
273,240653,16,11277,0.0002900597173720598,0.0002900597173720598
274,445652,31,1236,-0.0002872639743145555,0.0002872639743145555
275,458021,31,13605,0.00028564941021613777,0.00028564941021613777
276,455588,31,11172,-0.000285480753518641,0.000285480753518641
277,458008,31,13592,-0.00028447824297472835,0.00028447824297472835
278,431877,30,1797,-0.00028443438350223005,0.00028443438350223005
279,448256,31,3840,0.0002843753609340638,0.0002843753609340638
280,420662,29,4918,-0.00028329488122835755,0.00028329488122835755
281,430822,30,742,0.00028227761504240334,0.00028227761504240334
282,429769,29,14025,-0.000281446089502424,0.000281446089502424
283,448774,31,4358,-0.00028033548733219504,0.00028033548733219504
284,444703,31,287,-0.00027908451738767326,0.00027908451738767326
285,451509,31,7093,-0.00027755842893384397,0.00027755842893384397
286,439327,30,9247,-0.000277071405434981,0.000277071405434981
287,454908,31,10492,-0.0002768447739072144,0.0002768447739072144
288,448536,31,4120,0.00027665929519571364,0.00027665929519571364
289,447653,31,3237,-0.00027561114984564483,0.00027561114984564483
290,447291,31,2875,-0.00027438203687779605,0.00027438203687779605
291,449853,31,5437,0.0002724537334870547,0.0002724537334870547
292,455969,31,11553,0.0002713149879127741,0.0002713149879127741
293,440511,30,10431,0.00026857841294258833,0.00026857841294258833
294,433422,30,3342,-0.0002683035854715854,0.0002683035854715854
295,428732,29,12988,0.00026800812338478863,0.00026800812338478863
296,458249,31,13833,-0.0002671965630725026,0.0002671965630725026
297,451177,31,6761,0.00026584454462863505,0.00026584454462863505
298,431537,30,1457,-0.00026475408230908215,0.00026475408230908215
299,453826,31,9410,0.00026467707357369363,0.00026467707357369363
300,409311,28,7903,0.00026445623370818794,0.00026445623370818794
301,441654,30,11574,0.0002643906627781689,0.0002643906627781689
302,454411,31,9995,0.0002635879791341722,0.0002635879791341722
303,456243,31,11827,0.0002614978002384305,0.0002614978002384305
304,453989,31,9573,-0.0002603445027489215,0.0002603445027489215
305,450266,31,5850,-0.0002587714698165655,0.0002587714698165655
306,449350,31,4934,0.00025864673079922795,0.00025864673079922795
307,458063,31,13647,-0.00025849169469438493,0.00025849169469438493
308,451929,31,7513,-0.0002579135762061924,0.0002579135762061924
309,456783,31,12367,0.0002550036588218063,0.0002550036588218063
310,448677,31,4261,0.00025265500880777836,0.00025265500880777836
311,435985,30,5905,0.0002523283183109015,0.0002523283183109015
312,438303,30,8223,-0.0002522163849789649,0.0002522163849789649
313,455920,31,11504,-0.00025205823476426303,0.00025205823476426303
314,454446,31,10030,-0.0002516318636480719,0.0002516318636480719
315,444689,31,273,-0.0002507191966287792,0.0002507191966287792
316,446093,31,1677,-0.0002490174665581435,0.0002490174665581435
317,447047,31,2631,-0.0002463774289935827,0.0002463774289935827
318,453080,31,8664,0.00024518524878658354,0.00024518524878658354
319,457566,31,13150,0.00024485791800543666,0.00024485791800543666
320,457595,31,13179,-0.0002441815158817917,0.0002441815158817917
321,432842,30,2762,-0.00024305387341883034,0.00024305387341883034
322,443306,30,13226,0.00024263116938527673,0.00024263116938527673
323,416990,29,1246,0.00024168388335965574,0.00024168388335965574
324,445466,31,1050,-0.00024152138212230057,0.00024152138212230057
325,446094,31,1678,-0.0002407209831289947,0.0002407209831289947
326,449699,31,5283,0.00024011819914449006,0.00024011819914449006
327,447890,31,3474,-0.000239157336181961,0.000239157336181961
328,452282,31,7866,0.00023913134646136314,0.00023913134646136314
329,395212,27,8140,0.00023811517166905105,0.00023811517166905105
330,452260,31,7844,-0.00023805412638466805,0.00023805412638466805
331,447252,31,2836,0.00023794126173015684,0.00023794126173015684
332,440219,30,10139,0.0002377014752710238,0.0002377014752710238
333,438669,30,8589,-0.00023646204499527812,0.00023646204499527812
334,458529,31,14113,0.00023622425214853138,0.00023622425214853138
335,456638,31,12222,0.00023579795379191637,0.00023579795379191637
336,445730,31,1314,0.0002356910117669031,0.0002356910117669031
337,439819,30,9739,0.0002354933531023562,0.0002354933531023562
338,430920,30,840,-0.0002353664458496496,0.0002353664458496496
339,434115,30,4035,-0.00023526935547124594,0.00023526935547124594
340,409997,28,8589,0.00023525094729848206,0.00023525094729848206
341,452008,31,7592,0.0002348525740671903,0.0002348525740671903
342,434807,30,4727,-0.00023434474132955074,0.00023434474132955074
343,454620,31,10204,0.0002332478907192126,0.0002332478907192126
344,452014,31,7598,0.00023300989414565265,0.00023300989414565265
345,450643,31,6227,-0.00023293038248084486,0.00023293038248084486
346,444518,31,102,0.00023258847068063915,0.00023258847068063915
347,436239,30,6159,-0.00023201119620352983,0.00023201119620352983
348,458190,31,13774,0.00023146394232753664,0.00023146394232753664
349,448809,31,4393,-0.00023131958732847124,0.00023131958732847124
350,447667,31,3251,-0.00023069215239956975,0.00023069215239956975
351,453771,31,9355,0.00023027970746625215,0.00023027970746625215
352,449289,31,4873,0.0002298861654708162,0.0002298861654708162
353,448107,31,3691,0.00022925162920728326,0.00022925162920728326
354,445295,31,879,-0.0002291145792696625,0.0002291145792696625
355,457189,31,12773,0.00022879117750562727,0.00022879117750562727
356,416995,29,1251,0.00022733797959517688,0.00022733797959517688
357,252643,17,8931,0.00022724096197634935,0.00022724096197634935
358,449956,31,5540,0.000227013326366432,0.000227013326366432
359,447677,31,3261,-0.00022678790264762938,0.00022678790264762938
360,448023,31,3607,-0.0002253933489555493,0.0002253933489555493
361,455618,31,11202,-0.0002240949688712135,0.0002240949688712135
362,447860,31,3444,0.0002233896084362641,0.0002233896084362641
363,440920,30,10840,0.00022323646408040076,0.00022323646408040076
364,458658,31,14242,-0.00022305855236481875,0.00022305855236481875
365,453463,31,9047,0.00022277772950474173,0.00022277772950474173
366,454112,31,9696,-0.00022247491870075464,0.00022247491870075464
367,445992,31,1576,0.00022210972383618355,0.00022210972383618355
368,435874,30,5794,0.0002214739506598562,0.0002214739506598562
369,452277,31,7861,-0.0002213785919593647,0.0002213785919593647
370,445702,31,1286,-0.00022101505601312965,0.00022101505601312965
371,445090,31,674,-0.00022099113266449422,0.00022099113266449422
372,458722,31,14306,0.00022037386952433735,0.00022037386952433735
373,455429,31,11013,-0.00021927079069428146,0.00021927079069428146
374,453917,31,9501,0.00021889912022743374,0.00021889912022743374
375,434041,30,3961,-0.00021740452211815864,0.00021740452211815864
376,436028,30,5948,0.00021584112255368382,0.00021584112255368382
377,454726,31,10310,0.00021568930242210627,0.00021568930242210627
378,453954,31,9538,-0.0002156061091227457,0.0002156061091227457
379,450991,31,6575,0.00021554177510552108,0.00021554177510552108
380,458523,31,14107,-0.00021499328431673348,0.00021499328431673348
381,450943,31,6527,-0.00021466238831635565,0.00021466238831635565
382,449978,31,5562,0.00021398827084340155,0.00021398827084340155
383,453148,31,8732,0.00021380922407843173,0.00021380922407843173
384,450927,31,6511,-0.00021159861353226006,0.00021159861353226006
385,434518,30,4438,0.00020956121443305165,0.00020956121443305165
386,433444,30,3364,-0.00020885014964733273,0.00020885014964733273
387,433495,30,3415,0.000207030403544195,0.000207030403544195
388,456335,31,11919,0.0002063928113784641,0.0002063928113784641
389,456601,31,12185,-0.00020614905224647373,0.00020614905224647373
390,457518,31,13102,0.00020518997916951776,0.00020518997916951776
391,453621,31,9205,-0.0002050153270829469,0.0002050153270829469
392,453023,31,8607,0.0002041827974608168,0.0002041827974608168
393,456106,31,11690,0.000203401519684121,0.000203401519684121
394,444597,31,181,-0.00020335942099336535,0.00020335942099336535
395,440762,30,10682,0.00020333520660642534,0.00020333520660642534
396,445876,31,1460,0.0002028829767368734,0.0002028829767368734
397,453366,31,8950,0.00020266682258807123,0.00020266682258807123
398,449490,31,5074,0.00020250533998478204,0.00020250533998478204
399,451188,31,6772,0.0002017823135247454,0.0002017823135247454
400,424797,29,9053,0.0002014569181483239,0.0002014569181483239
401,457384,31,12968,0.00020088009478058666,0.00020088009478058666
402,432390,30,2310,-0.0002004648995352909,0.0002004648995352909
403,457531,31,13115,-0.00020000970107503235,0.00020000970107503235
404,450512,31,6096,0.0001994882186409086,0.0001994882186409086
405,456329,31,11913,-0.00019826414063572884,0.00019826414063572884
406,421520,29,5776,-0.0001977602660190314,0.0001977602660190314
407,452366,31,7950,0.0001975575287360698,0.0001975575287360698
408,431873,30,1793,0.0001970538287423551,0.0001970538287423551
409,441184,30,11104,0.00019687574240379035,0.00019687574240379035
410,431875,30,1795,-0.00019657201482914388,0.00019657201482914388
411,452915,31,8499,-0.0001961920061148703,0.0001961920061148703
412,452716,31,8300,0.00019556877668946981,0.00019556877668946981
413,456739,31,12323,-0.00019484561926219612,0.00019484561926219612
414,448346,31,3930,-0.00019468234677333385,0.00019468234677333385
415,453278,31,8862,-0.00019453534332569689,0.00019453534332569689
416,433113,30,3033,-0.00019427396182436496,0.00019427396182436496
417,435606,30,5526,0.00019388589134905487,0.00019388589134905487
418,429570,29,13826,0.00019338488345965743,0.00019338488345965743
419,432483,30,2403,0.00019311640062369406,0.00019311640062369406
420,457971,31,13555,-0.00019297961262054741,0.00019297961262054741
421,457740,31,13324,0.0001924600946949795,0.0001924600946949795
422,451004,31,6588,-0.00019211182370781898,0.00019211182370781898
423,451881,31,7465,-0.00019157749193254858,0.00019157749193254858
424,452528,31,8112,0.0001914234453579411,0.0001914234453579411
425,457886,31,13470,-0.00019135139882564545,0.00019135139882564545
426,458170,31,13754,0.0001912843727041036,0.0001912843727041036
427,447999,31,3583,-0.00019123594393022358,0.00019123594393022358
428,450575,31,6159,-0.00018954722327180207,0.00018954722327180207
429,448264,31,3848,0.00018867349717766047,0.00018867349717766047
430,448790,31,4374,0.0001881371281342581,0.0001881371281342581
431,450251,31,5835,-0.00018808407185133547,0.00018808407185133547
432,449061,31,4645,0.00018779888341668993,0.00018779888341668993
433,455624,31,11208,0.0001873332221293822,0.0001873332221293822
434,443800,30,13720,-0.0001868556864792481,0.0001868556864792481
435,450046,31,5630,-0.0001868183317128569,0.0001868183317128569
436,444538,31,122,-0.00018677578191272914,0.00018677578191272914
437,447909,31,3493,-0.0001866918319137767,0.0001866918319137767
438,447836,31,3420,-0.00018602095951791853,0.00018602095951791853
439,444761,31,345,0.00018566458311397582,0.00018566458311397582
440,451092,31,6676,0.00018481256847735494,0.00018481256847735494
441,442056,30,11976,-0.0001846391533035785,0.0001846391533035785
442,453861,31,9445,0.00018417835235595703,0.00018417835235595703
443,442222,30,12142,0.00018365045252721757,0.00018365045252721757
444,452645,31,8229,0.00018324652046430856,0.00018324652046430856
445,457389,31,12973,0.00018317635112907737,0.00018317635112907737
446,436236,30,6156,-0.00018150494724977762,0.00018150494724977762
447,438222,30,8142,0.00018132093828171492,0.00018132093828171492
448,451107,31,6691,0.0001812567061278969,0.0001812567061278969
449,440910,30,10830,-0.000180860937689431,0.000180860937689431
450,453007,31,8591,-0.00018082147289533168,0.00018082147289533168
451,401890,28,482,-0.00018062195158563554,0.00018062195158563554
452,429543,29,13799,-0.00017978239338845015,0.00017978239338845015
453,450340,31,5924,-0.00017846963601186872,0.00017846963601186872
454,445581,31,1165,-0.0001781217724783346,0.0001781217724783346
455,384515,26,11779,-0.00017804125673137605,0.00017804125673137605
456,444902,31,486,0.00017804077651817352,0.00017804077651817352
457,444521,31,105,0.00017742438649293035,0.00017742438649293035
458,445316,31,900,0.00017658001161180437,0.00017658001161180437
459,451874,31,7458,-0.0001761463936418295,0.0001761463936418295
460,426470,29,10726,-0.00017509890312794596,0.00017509890312794596
461,447294,31,2878,0.00017505338473711163,0.00017505338473711163
462,448453,31,4037,0.00017445877892896533,0.00017445877892896533
463,447551,31,3135,0.00017354608280584216,0.00017354608280584216
464,451922,31,7506,-0.0001734147808747366,0.0001734147808747366
465,441169,30,11089,-0.00017266279610339552,0.00017266279610339552
466,446403,31,1987,-0.00017235177801921964,0.00017235177801921964
467,455781,31,11365,-0.0001715838589007035,0.0001715838589007035
468,441449,30,11369,0.00017145062156487256,0.00017145062156487256
469,452474,31,8058,-0.00017093984934035689,0.00017093984934035689
470,447856,31,3440,-0.00017048543668352067,0.00017048543668352067
471,453688,31,9272,0.00016916394815780222,0.00016916394815780222
472,449951,31,5535,0.00016892827989067882,0.00016892827989067882
473,458411,31,13995,0.00016873687854968011,0.00016873687854968011
474,430165,30,85,-0.00016848630912136286,0.00016848630912136286
475,452048,31,7632,0.00016722740838304162,0.00016722740838304162
476,450515,31,6099,-0.00016694665828254074,0.00016694665828254074
477,194678,13,8310,0.00016661461268085986,0.00016661461268085986
478,450382,31,5966,-0.00016633675841148943,0.00016633675841148943
479,445845,31,1429,0.00016516254981979728,0.00016516254981979728
480,453151,31,8735,0.00016504611994605511,0.00016504611994605511
481,453245,31,8829,-0.00016471371054649353,0.00016471371054649353
482,457693,31,13277,-0.00016449122631456703,0.00016449122631456703
483,426052,29,10308,-0.00016400562890339643,0.00016400562890339643
484,452304,31,7888,0.0001635571534279734,0.0001635571534279734
485,452776,31,8360,0.00016324769239872694,0.00016324769239872694
486,451562,31,7146,-0.00016312797379214317,0.00016312797379214317
487,450589,31,6173,0.00016220439283642918,0.00016220439283642918
488,437385,30,7305,0.00016211418551392853,0.00016211418551392853
489,445525,31,1109,0.00016210846661124378,0.00016210846661124378
490,440488,30,10408,0.00016200281970668584,0.00016200281970668584
491,453497,31,9081,0.0001619926479179412,0.0001619926479179412
492,452656,31,8240,0.00016197763034142554,0.00016197763034142554
493,432554,30,2474,-0.00016182016406673938,0.00016182016406673938
494,446887,31,2471,0.00016176895587705076,0.00016176895587705076
495,452866,31,8450,0.0001609330647625029,0.0001609330647625029
496,446881,31,2465,-0.0001605419092811644,0.0001605419092811644
497,418154,29,2410,-0.00016034556028898805,0.00016034556028898805
498,439750,30,9670,0.00015992387488950044,0.00015992387488950044
499,448880,31,4464,0.0001596269867150113,0.0001596269867150113
500,445608,31,1192,0.00015927644562907517,0.00015927644562907517
501,447681,31,3265,0.0001587537699379027,0.0001587537699379027
502,423072,29,7328,-0.00015830314077902585,0.00015830314077902585
503,455861,31,11445,-0.00015803103451617062,0.00015803103451617062
504,450335,31,5919,-0.00015762406110297889,0.00015762406110297889
505,446755,31,2339,-0.00015536566206719726,0.00015536566206719726
506,445010,31,594,-0.00015524518676102161,0.00015524518676102161
507,455412,31,10996,0.00015498977154493332,0.00015498977154493332
508,447215,31,2799,0.00015480478759855032,0.00015480478759855032
509,439129,30,9049,0.00015446115867234766,0.00015446115867234766
510,450910,31,6494,0.0001541177771287039,0.0001541177771287039
511,455921,31,11505,0.00015404931036755443,0.00015404931036755443
512,303754,21,2698,0.00015296944184228778,0.00015296944184228778
513,403056,28,1648,-0.00015269719006028026,0.00015269719006028026
514,455128,31,10712,-0.00015251363220158964,0.00015251363220158964
515,456581,31,12165,-0.00015132904809433967,0.00015132904809433967
516,450559,31,6143,0.0001513279421487823,0.0001513279421487823
517,452589,31,8173,-0.00015125193749554455,0.00015125193749554455
518,430639,30,559,-0.00015114096459001303,0.00015114096459001303
519,455872,31,11456,0.00015101899043656886,0.00015101899043656886
520,453842,31,9426,-0.000150769847095944,0.000150769847095944
521,454489,31,10073,0.00015036799595691264,0.00015036799595691264
522,442666,30,12586,0.0001499283971497789,0.0001499283971497789
523,453723,31,9307,-0.00014939301763661206,0.00014939301763661206
524,453531,31,9115,-0.00014927241136319935,0.00014927241136319935
525,452360,31,7944,0.0001492695155320689,0.0001492695155320689
526,444064,30,13984,0.00014872904284857213,0.00014872904284857213
527,454634,31,10218,0.00014788424596190453,0.00014788424596190453
528,451540,31,7124,0.00014770143025089055,0.00014770143025089055
529,446350,31,1934,0.000147359591210261,0.000147359591210261
530,456850,31,12434,0.00014667554933112115,0.00014667554933112115
531,455849,31,11433,-0.0001465056266169995,0.0001465056266169995
532,455576,31,11160,0.00014610086509492248,0.00014610086509492248
533,443502,30,13422,-0.0001460937928641215,0.0001460937928641215
534,439344,30,9264,-0.00014546673628501594,0.00014546673628501594
535,432629,30,2549,-0.00014542898861691356,0.00014542898861691356
536,445767,31,1351,0.00014532309432979673,0.00014532309432979673
537,449367,31,4951,0.00014528777683153749,0.00014528777683153749
538,440276,30,10196,0.00014493723574560136,0.00014493723574560136
539,454693,31,10277,-0.0001449222327210009,0.0001449222327210009
540,440848,30,10768,-0.0001446946116629988,0.0001446946116629988
541,315301,21,14245,0.00014439958613365889,0.00014439958613365889
542,449226,31,4810,-0.0001442034263163805,0.0001442034263163805
543,455501,31,11085,-0.0001441338681615889,0.0001441338681615889
544,455826,31,11410,-0.00014389412535820156,0.00014389412535820156
545,454530,31,10114,-0.00014311500126495957,0.00014311500126495957
546,458026,31,13610,0.0001429262920282781,0.0001429262920282781
547,452088,31,7672,-0.00014271854888647795,0.00014271854888647795
548,458119,31,13703,-0.00014262620243243873,0.00014262620243243873
549,431138,30,1058,0.00014202448073774576,0.00014202448073774576
550,332293,23,2565,0.00014189643843565136,0.00014189643843565136
551,443045,30,12965,-0.0001418485480826348,0.0001418485480826348
552,438079,30,7999,-0.00014157405530568212,0.00014157405530568212
553,453881,31,9465,0.00014111150812823325,0.00014111150812823325
554,444649,31,233,0.00014106935122981668,0.00014106935122981668
555,454274,31,9858,-0.00014089526666793972,0.00014089526666793972
556,417967,29,2223,-0.00014064094284549356,0.00014064094284549356
557,444727,31,311,0.0001406277879141271,0.0001406277879141271
558,458270,31,13854,-0.00014011224266141653,0.00014011224266141653
559,449577,31,5161,-0.00014004766126163304,0.00014004766126163304
560,425928,29,10184,0.00013968754501547664,0.00013968754501547664
561,458037,31,13621,0.0001394005084875971,0.0001394005084875971
562,445606,31,1190,-0.00013899685291107744,0.00013899685291107744
563,450299,31,5883,0.00013897016469854861,0.00013897016469854861
564,453880,31,9464,-0.0001381678448524326,0.0001381678448524326
565,452199,31,7783,0.00013757968554273248,0.00013757968554273248
566,449835,31,5419,-0.0001373940467601642,0.0001373940467601642
567,450280,31,5864,-0.00013668910833075643,0.00013668910833075643
568,423093,29,7349,-0.00013609220332000405,0.00013609220332000405
569,445163,31,747,-0.00013601355021819472,0.00013601355021819472
570,398402,27,11330,0.00013594324991572648,0.00013594324991572648
571,447439,31,3023,-0.00013526680413633585,0.00013526680413633585
572,450722,31,6306,-0.00013509337441064417,0.00013509337441064417
573,420575,29,4831,-0.00013492129801306874,0.00013492129801306874
574,455069,31,10653,0.00013448721438180655,0.00013448721438180655
575,446452,31,2036,-0.00013441292685456574,0.00013441292685456574
576,159221,11,1525,-0.00013426672376226634,0.00013426672376226634
577,453543,31,9127,0.00013423975906334817,0.00013423975906334817
578,456784,31,12368,0.00013380913878791034,0.00013380913878791034
579,448889,31,4473,-0.00013364355254452676,0.00013364355254452676
580,428961,29,13217,-0.00013359943113755435,0.00013359943113755435
581,447438,31,3022,-0.0001328073994955048,0.0001328073994955048
582,434262,30,4182,0.000132675762870349,0.000132675762870349
583,451520,31,7104,0.00013207407027948648,0.00013207407027948648
584,451417,31,7001,0.00013157649664208293,0.00013157649664208293
585,446581,31,2165,0.000131473527289927,0.000131473527289927
586,437177,30,7097,0.0001314163237111643,0.0001314163237111643
587,447633,31,3217,-0.00013101677177473903,0.00013101677177473903
588,454390,31,9974,-0.0001309196959482506,0.0001309196959482506
589,450064,31,5648,-0.00013078762276563793,0.00013078762276563793
590,449319,31,4903,0.00013071447028778493,0.00013071447028778493
591,455721,31,11305,0.00013069176930002868,0.00013069176930002868
592,457146,31,12730,0.000130305954371579,0.000130305954371579
593,455204,31,10788,-0.00013006842345930636,0.00013006842345930636
594,446566,31,2150,-0.00013001762272324413,0.00013001762272324413
595,452712,31,8296,0.00012927790521644056,0.00012927790521644056
596,451529,31,7113,0.00012921130110044032,0.00012921130110044032
597,431631,30,1551,-0.0001291283842874691,0.0001291283842874691
598,455777,31,11361,0.00012885971227660775,0.00012885971227660775
599,451845,31,7429,0.00012848789629060775,0.00012848789629060775
600,452742,31,8326,-0.00012749034794978797,0.00012749034794978797
601,226141,15,11101,-0.00012739469821099192,0.00012739469821099192
602,431280,30,1200,0.00012707087444141507,0.00012707087444141507
603,450880,31,6464,-0.00012686011905316263,0.00012686011905316263
604,440959,30,10879,-0.0001267516054213047,0.0001267516054213047
605,458118,31,13702,0.00012575909204315394,0.00012575909204315394
606,429723,29,13979,0.00012557173613458872,0.00012557173613458872
607,447959,31,3543,-0.00012555501598399132,0.00012555501598399132
608,455132,31,10716,0.00012553251872304827,0.00012553251872304827
609,457830,31,13414,-0.0001250744826393202,0.0001250744826393202
610,455266,31,10850,-0.00012505793711170554,0.00012505793711170554
611,455670,31,11254,0.00012492650421336293,0.00012492650421336293
612,452380,31,7964,0.00012477558630052954,0.00012477558630052954
613,436026,30,5946,-0.00012442505976650864,0.00012442505976650864
614,452606,31,8190,0.0001243930746568367,0.0001243930746568367
615,432386,30,2306,-0.0001242113794432953,0.0001242113794432953
616,450348,31,5932,0.00012420259008649737,0.00012420259008649737
617,453762,31,9346,0.00012377339589875191,0.00012377339589875191
618,458179,31,13763,-0.00012348992459010333,0.00012348992459010333
619,446354,31,1938,0.0001233517687069252,0.0001233517687069252
620,429566,29,13822,-0.000123248144518584,0.000123248144518584
621,433462,30,3382,0.00012292483006604016,0.00012292483006604016
622,445948,31,1532,-0.00012250336294528097,0.00012250336294528097
623,447550,31,3134,-0.00012221666111145169,0.00012221666111145169
624,435161,30,5081,0.00012218087795190513,0.00012218087795190513
625,449552,31,5136,-0.00012179446639493108,0.00012179446639493108
626,449223,31,4807,-0.00012174691073596478,0.00012174691073596478
627,438328,30,8248,-0.00012132438132539392,0.00012132438132539392
628,455002,31,10586,-0.00012131960829719901,0.00012131960829719901
629,446128,31,1712,0.00012113507546018809,0.00012113507546018809
630,442488,30,12408,-0.00012074573169229552,0.00012074573169229552
631,453507,31,9091,0.00012040573346894234,0.00012040573346894234
632,457576,31,13160,0.00012037870328640565,0.00012037870328640565
633,421971,29,6227,0.00011998745321761817,0.00011998745321761817
634,436796,30,6716,-0.00011985091987298802,0.00011985091987298802
635,451503,31,7087,0.0001196440207422711,0.0001196440207422711
636,445615,31,1199,-0.00011959280527662486,0.00011959280527662486
637,450182,31,5766,0.00011959270341321826,0.00011959270341321826
638,454549,31,10133,0.00011927647574339062,0.00011927647574339062
639,442006,30,11926,-0.00011920899123651907,0.00011920899123651907
640,302888,21,1832,0.00011914328933926299,0.00011914328933926299
641,435016,30,4936,-0.00011885532148880884,0.00011885532148880884
642,458593,31,14177,0.00011880446982104331,0.00011880446982104331
643,454392,31,9976,0.00011866145359817892,0.00011866145359817892
644,458705,31,14289,0.00011848575377371162,0.00011848575377371162
645,450136,31,5720,-0.00011840496154036373,0.00011840496154036373
646,451150,31,6734,-0.00011815294419648126,0.00011815294419648126
647,444602,31,186,-0.00011814682511612773,0.00011814682511612773
648,433411,30,3331,-0.00011811309377662838,0.00011811309377662838
649,455219,31,10803,-0.00011791629367507994,0.00011791629367507994
650,435501,30,5421,-0.00011747302778530866,0.00011747302778530866
651,458426,31,14010,-0.00011746538802981377,0.00011746538802981377
652,432593,30,2513,0.0001172839620267041,0.0001172839620267041
653,454044,31,9628,-0.00011716706649167463,0.00011716706649167463
654,450475,31,6059,-0.00011710172839229926,0.00011710172839229926
655,446521,31,2105,0.0001168483286164701,0.0001168483286164701
656,440556,30,10476,0.00011658958828775212,0.00011658958828775212
657,451743,31,7327,-0.0001164716377388686,0.0001164716377388686
658,456475,31,12059,0.00011645790073089302,0.00011645790073089302
659,445409,31,993,-0.00011642676690826192,0.00011642676690826192
660,444853,31,437,-0.00011610571527853608,0.00011610571527853608
661,456451,31,12035,-0.00011598059063544497,0.00011598059063544497
662,455676,31,11260,-0.00011583891318878159,0.00011583891318878159
663,448135,31,3719,0.0001158205050160177,0.0001158205050160177
664,431406,30,1326,-0.00011553330841707066,0.00011553330841707066
665,452826,31,8410,0.0001152248150901869,0.0001152248150901869
666,455222,31,10806,0.00011520630505401641,0.00011520630505401641
667,453775,31,9359,0.00011508839088492095,0.00011508839088492095
668,447364,31,2948,-0.0001148205337813124,0.0001148205337813124
669,451701,31,7285,-0.00011465567513369024,0.00011465567513369024
670,444993,31,577,-0.00011437772627687082,0.00011437772627687082
671,441516,30,11436,0.00011420271766837686,0.00011420271766837686
672,452910,31,8494,0.00011420097143854946,0.00011420097143854946
673,387774,27,702,0.00011328287655487657,0.00011328287655487657
674,449203,31,4787,-0.00011297536548227072,0.00011297536548227072
675,413036,28,11628,0.00011290657130302861,0.00011290657130302861
676,442771,30,12691,0.00011276492296019569,0.00011276492296019569
677,453163,31,8747,-0.00011270048707956448,0.00011270048707956448
678,447546,31,3130,0.00011260907194809988,0.00011260907194809988
679,423467,29,7723,-0.00011246068606851622,0.00011246068606851622
680,452795,31,8379,0.00011244846973568201,0.00011244846973568201
681,451601,31,7185,-0.00011237122089369223,0.00011237122089369223
682,429094,29,13350,-0.00011229543451918289,0.00011229543451918289
683,438797,30,8717,0.00011217418796150014,0.00011217418796150014
684,446637,31,2221,0.0001114667029469274,0.0001114667029469274
685,445821,31,1405,-0.00011141732829855755,0.00011141732829855755
686,456107,31,11691,-0.00011136350076412782,0.00011136350076412782
687,433540,30,3460,0.00011133649240946397,0.00011133649240946397
688,451951,31,7535,0.00011131318024126813,0.00011131318024126813
689,384849,26,12113,0.00011115612869616598,0.00011115612869616598
690,446605,31,2189,0.00011109172191936523,0.00011109172191936523
691,449622,31,5206,-0.0001110314333345741,0.0001110314333345741
692,457733,31,13317,0.00011088756582466885,0.00011088756582466885
693,447626,31,3210,-0.00011076097871409729,0.00011076097871409729
694,419603,29,3859,0.00011065209400840104,0.00011065209400840104
695,449589,31,5173,0.00011032482143491507,0.00011032482143491507
696,431965,30,1885,-0.00011017365613952279,0.00011017365613952279
697,456530,31,12114,-0.00011006724525941536,0.00011006724525941536
698,456014,31,11598,-0.00011003221152350307,0.00011003221152350307
699,431036,30,956,-0.00010990888404194266,0.00010990888404194266
700,223737,15,8697,-0.00010967243724735454,0.00010967243724735454
701,447877,31,3461,-0.00010966236004605889,0.00010966236004605889
702,457349,31,12933,-0.00010951931471936405,0.00010951931471936405
703,444765,31,349,-0.00010949384159175679,0.00010949384159175679
704,442540,30,12460,0.00010945768735837191,0.00010945768735837191
705,458241,31,13825,-0.00010937526531051844,0.00010937526531051844
706,427538,29,11794,-0.00010937517072306946,0.00010937517072306946
707,392219,27,5147,-0.00010930513235507533,0.00010930513235507533
708,456259,31,11843,-0.0001092879319912754,0.0001092879319912754
709,450201,31,5785,-0.00010883331560762599,0.00010883331560762599
710,446197,31,1781,-0.00010871168342418969,0.00010871168342418969
711,456729,31,12313,-0.00010859034227905795,0.00010859034227905795
712,446639,31,2223,0.00010857250163098797,0.00010857250163098797
713,455491,31,11075,0.00010848468809854239,0.00010848468809854239
714,413055,28,11647,0.0001083341267076321,0.0001083341267076321
715,457367,31,12951,0.00010823889169842005,0.00010823889169842005
716,411336,28,9928,-0.000108219581306912,0.000108219581306912
717,457161,31,12745,-0.00010821429896168411,0.00010821429896168411
718,456561,31,12145,0.00010811458196258172,0.00010811458196258172
719,450780,31,6364,0.00010810356616275385,0.00010810356616275385
720,454452,31,10036,0.0001078758214134723,0.0001078758214134723
721,441013,30,10933,0.00010785563790705055,0.00010785563790705055
722,422601,29,6857,-0.00010751004447229207,0.00010751004447229207
723,449267,31,4851,-0.00010750208457466215,0.00010750208457466215
724,433936,30,3856,0.0001073232342605479,0.0001073232342605479
725,449204,31,4788,-0.00010726146138040349,0.00010726146138040349
726,446041,31,1625,0.00010705788008635864,0.00010705788008635864
727,431609,30,1529,-0.00010698375263018534,0.00010698375263018534
728,398901,27,11829,0.00010685150482458994,0.00010685150482458994
729,456799,31,12383,0.00010670645860955119,0.00010670645860955119
730,442648,30,12568,0.0001065098331309855,0.0001065098331309855
731,445853,31,1437,0.00010629040480125695,0.00010629040480125695
732,455119,31,10703,-0.00010591006866889074,0.00010591006866889074
733,443928,30,13848,0.00010590566671453416,0.00010590566671453416
734,457320,31,12904,0.00010578223009360954,0.00010578223009360954
735,451330,31,6914,-0.00010575976193649694,0.00010575976193649694
736,438571,30,8491,0.00010556491179158911,0.00010556491179158911
737,431989,30,1909,-0.00010547183046583086,0.00010547183046583086
738,424861,29,9117,0.00010542328527662903,0.00010542328527662903
739,457644,31,13228,-0.00010539542563492432,0.00010539542563492432
740,416408,29,664,-0.0001052556253853254,0.0001052556253853254
741,450108,31,5692,-0.00010513372399145737,0.00010513372399145737
742,213343,14,12639,0.00010511677101021633,0.00010511677101021633
743,444634,31,218,0.00010500177450012416,0.00010500177450012416
744,457235,31,12819,0.00010484696394996718,0.00010484696394996718
745,416161,29,417,-0.00010463615763001144,0.00010463615763001144
746,456980,31,12564,0.00010441356425872073,0.00010441356425872073
747,440191,30,10111,-0.00010420053877169266,0.00010420053877169266
748,446539,31,2123,0.00010414565622340888,0.00010414565622340888
749,439671,30,9591,0.00010386719804955646,0.00010386719804955646
750,445065,31,649,0.00010379732702858746,0.00010379732702858746
751,401747,28,339,0.00010377911530667916,0.00010377911530667916
752,403289,28,1881,-0.00010355775884818286,0.00010355775884818286
753,454986,31,10570,0.00010341314919060096,0.00010341314919060096
754,439545,30,9465,0.00010328690405003726,0.00010328690405003726
755,453927,31,9511,-0.00010326267511118203,0.00010326267511118203
756,422057,29,6313,-0.00010308328637620434,0.00010308328637620434
757,449207,31,4791,-0.0001029229533742182,0.0001029229533742182
758,447214,31,2798,-0.00010278026456944644,0.00010278026456944644
759,455411,31,10995,0.00010271045175613835,0.00010271045175613835
760,439218,30,9138,0.00010248069884255528,0.00010248069884255528
761,448476,31,4060,0.00010205416037933901,0.00010205416037933901
762,451276,31,6860,-0.00010187811858486384,0.00010187811858486384
763,449260,31,4844,0.0001018553739413619,0.0001018553739413619
764,434386,30,4306,0.00010155130439670756,0.00010155130439670756
765,441991,30,11911,0.00010152917820960283,0.00010152917820960283
766,433780,30,3700,-0.00010135907359654084,0.00010135907359654084
767,457458,31,13042,0.00010128280700882897,0.00010128280700882897
768,447739,31,3323,0.00010126607958227396,0.00010126607958227396
769,453647,31,9231,0.00010122636740561575,0.00010122636740561575
770,451651,31,7235,0.00010064418165711686,0.00010064418165711686
771,455707,31,11291,-0.00010053197183879092,0.00010053197183879092
772,452572,31,8156,0.00010033646685769781,0.00010033646685769781
773,446611,31,2195,0.00010027604002971202,0.00010027604002971202
774,454185,31,9769,-0.00010021922207670286,0.00010021922207670286
775,449819,31,5403,-0.00010002398630604148,0.00010002398630604148
776,444526,31,110,-0.00010000134352594614,0.00010000134352594614
777,295958,20,9238,9.970890096155927e-05,9.970890096155927e-05
778,457881,31,13465,9.940482414094731e-05,9.940482414094731e-05
779,455338,31,10922,9.930019587045535e-05,9.930019587045535e-05
780,457020,31,12604,-9.923549805535004e-05,9.923549805535004e-05
781,439495,30,9415,-9.91745910141617e-05,9.91745910141617e-05
782,457942,31,13526,9.909822983900085e-05,9.909822983900085e-05
783,431544,30,1464,-9.896288975141943e-05,9.896288975141943e-05
784,453370,31,8954,-9.888000931823626e-05,9.888000931823626e-05
785,457785,31,13369,9.881542791845277e-05,9.881542791845277e-05
786,455313,31,10897,9.860420686891302e-05,9.860420686891302e-05
787,457478,31,13062,-9.845949534792453e-05,9.845949534792453e-05
788,458474,31,14058,9.842179133556783e-05,9.842179133556783e-05
789,452416,31,8000,-9.825159213505685e-05,9.825159213505685e-05
790,431552,30,1472,-9.822168067330495e-05,9.822168067330495e-05
791,440791,30,10711,-9.799092367757112e-05,9.799092367757112e-05
792,440086,30,10006,-9.795262303669006e-05,9.795262303669006e-05
793,452194,31,7778,-9.791888442123309e-05,9.791888442123309e-05
794,353615,24,9551,9.790372860152274e-05,9.790372860152274e-05
795,205188,14,4484,9.787682938622311e-05,9.787682938622311e-05
796,415016,28,13608,-9.781959670362994e-05,9.781959670362994e-05
797,446816,31,2400,9.77514500846155e-05,9.77514500846155e-05
798,455398,31,10982,9.765011054696515e-05,9.765011054696515e-05
799,396511,27,9439,-9.721964306663722e-05,9.721964306663722e-05
800,442282,30,12202,9.719412628328428e-05,9.719412628328428e-05
801,448659,31,4243,-9.706622950034216e-05,9.706622950034216e-05
802,446144,31,1728,9.702092211227864e-05,9.702092211227864e-05
803,457960,31,13544,9.698292706161737e-05,9.698292706161737e-05
804,422179,29,6435,-9.690487786429003e-05,9.690487786429003e-05
805,204621,14,3917,9.684237738838419e-05,9.684237738838419e-05
806,439335,30,9255,9.637081529945135e-05,9.637081529945135e-05
807,323906,22,8514,9.636743197916076e-05,9.636743197916076e-05
808,417271,29,1527,-9.621940989745781e-05,9.621940989745781e-05
809,455475,31,11059,-9.620036144042388e-05,9.620036144042388e-05
810,451901,31,7485,9.606390085536987e-05,9.606390085536987e-05
811,455372,31,10956,9.603127546142787e-05,9.603127546142787e-05
812,431642,30,1562,9.598472388461232e-05,9.598472388461232e-05
813,453812,31,9396,-9.59181270445697e-05,9.59181270445697e-05
814,448997,31,4581,-9.58768796408549e-05,9.58768796408549e-05
815,444210,30,14130,9.574347495799884e-05,9.574347495799884e-05
816,452617,31,8201,9.569243411533535e-05,9.569243411533535e-05
817,448194,31,3778,-9.554495773045346e-05,9.554495773045346e-05
818,457483,31,13067,9.544000204186887e-05,9.544000204186887e-05
819,457479,31,13063,9.543401392875239e-05,9.543401392875239e-05
820,436458,30,6378,9.53442431637086e-05,9.53442431637086e-05
821,455928,31,11512,9.505592606728896e-05,9.505592606728896e-05
822,456809,31,12393,-9.497178689343855e-05,9.497178689343855e-05
823,415897,29,153,-9.47786757024005e-05,9.47786757024005e-05
824,448246,31,3830,9.446511830901727e-05,9.446511830901727e-05
825,457782,31,13366,-9.444359602639452e-05,9.444359602639452e-05
826,457838,31,13422,9.413267252966762e-05,9.413267252966762e-05
827,436380,30,6300,-9.408004552824423e-05,9.408004552824423e-05
828,455208,31,10792,-9.402687282999977e-05,9.402687282999977e-05
829,444527,31,111,-9.398732800036669e-05,9.398732800036669e-05
830,456908,31,12492,-9.39448073040694e-05,9.39448073040694e-05
831,446529,31,2113,9.390774357598275e-05,9.390774357598275e-05
832,291957,20,5237,9.386464080307633e-05,9.386464080307633e-05
833,446296,31,1880,-9.384302393300459e-05,9.384302393300459e-05
834,446209,31,1793,9.380626579513773e-05,9.380626579513773e-05
835,456294,31,11878,-9.378039976581931e-05,9.378039976581931e-05
836,449095,31,4679,9.373168722959235e-05,9.373168722959235e-05
837,398649,27,11577,-9.351570770377293e-05,9.351570770377293e-05
838,439413,30,9333,-9.337451047031209e-05,9.337451047031209e-05
839,442983,30,12903,9.322787082055584e-05,9.322787082055584e-05
840,451366,31,6950,9.311952453572303e-05,9.311952453572303e-05
841,418691,29,2947,9.251819574274123e-05,9.251819574274123e-05
842,435911,30,5831,-9.240811777999625e-05,9.240811777999625e-05
843,451238,31,6822,9.23897823668085e-05,9.23897823668085e-05
844,305815,21,4759,-9.220054926117882e-05,9.220054926117882e-05
845,415886,29,142,-9.212821896653622e-05,9.212821896653622e-05
846,388641,27,1569,9.196368046104908e-05,9.196368046104908e-05
847,446517,31,2101,-9.18175937840715e-05,9.18175937840715e-05
848,432154,30,2074,-9.171805140795186e-05,9.171805140795186e-05
849,453498,31,9082,-9.133324783761054e-05,9.133324783761054e-05
850,452800,31,8384,9.128893725574017e-05,9.128893725574017e-05
851,455422,31,11006,9.114286513067782e-05,9.114286513067782e-05
852,439835,30,9755,-9.0678186097648e-05,9.0678186097648e-05
853,442050,30,11970,-9.055480768438429e-05,9.055480768438429e-05
854,242798,16,13422,9.050602238858119e-05,9.050602238858119e-05
855,432325,30,2245,-9.039090218720958e-05,9.039090218720958e-05
856,454574,31,10158,-9.02194733498618e-05,9.02194733498618e-05
857,447590,31,3174,-9.012732334667817e-05,9.012732334667817e-05
858,451141,31,6725,-8.999511919682845e-05,8.999511919682845e-05
859,444850,31,434,-8.996696851681918e-05,8.996696851681918e-05
860,409868,28,8460,-8.981435530586168e-05,8.981435530586168e-05
861,455508,31,11092,-8.980798156699166e-05,8.980798156699166e-05
862,454430,31,10014,-8.972801879281178e-05,8.972801879281178e-05
863,453705,31,9289,8.956078818300739e-05,8.956078818300739e-05
864,440130,30,10050,-8.955087105277926e-05,8.955087105277926e-05
865,447931,31,3515,-8.948864706326276e-05,8.948864706326276e-05
866,446711,31,2295,8.911675831768662e-05,8.911675831768662e-05
867,454791,31,10375,-8.910375618143007e-05,8.910375618143007e-05
868,449458,31,5042,-8.903045090846717e-05,8.903045090846717e-05
869,450133,31,5717,-8.88541471795179e-05,8.88541471795179e-05
870,439040,30,8960,-8.874217019183561e-05,8.874217019183561e-05
871,445263,31,847,-8.874179911799729e-05,8.874179911799729e-05
872,444871,31,455,-8.873365732142702e-05,8.873365732142702e-05
873,396248,27,9176,8.862747199600562e-05,8.862747199600562e-05
874,452054,31,7638,8.860256639309227e-05,8.860256639309227e-05
875,443092,30,13012,-8.85951376403682e-05,8.85951376403682e-05
876,434373,30,4293,8.845376578392461e-05,8.845376578392461e-05
877,446631,31,2215,-8.844672265695408e-05,8.844672265695408e-05
878,453449,31,9033,-8.834338950691745e-05,8.834338950691745e-05
879,290637,20,3917,8.826281555229798e-05,8.826281555229798e-05
880,443687,30,13607,8.805723336990923e-05,8.805723336990923e-05
881,454644,31,10228,-8.787066326476634e-05,8.787066326476634e-05
882,442092,30,12012,-8.783211524132639e-05,8.783211524132639e-05
883,455066,31,10650,8.77533238963224e-05,8.77533238963224e-05
884,448431,31,4015,-8.774609887041152e-05,8.774609887041152e-05
885,452288,31,7872,8.756271563470364e-05,8.756271563470364e-05
886,452465,31,8049,-8.728407556191087e-05,8.728407556191087e-05
887,454493,31,10077,-8.716323645785451e-05,8.716323645785451e-05
888,447512,31,3096,-8.71347074280493e-05,8.71347074280493e-05
889,446731,31,2315,-8.707346569281071e-05,8.707346569281071e-05
890,430805,30,725,8.706322114448994e-05,8.706322114448994e-05
891,430842,30,762,8.704612992005423e-05,8.704612992005423e-05
892,448917,31,4501,8.684601925779134e-05,8.684601925779134e-05
893,161483,11,3787,8.671633258927613e-05,8.671633258927613e-05
894,441130,30,11050,8.658446313347667e-05,8.658446313347667e-05
895,455534,31,11118,-8.651421376271173e-05,8.651421376271173e-05
896,437256,30,7176,8.628096838947386e-05,8.628096838947386e-05
897,432789,30,2709,-8.624166366644204e-05,8.624166366644204e-05
898,456415,31,11999,8.609839278506115e-05,8.609839278506115e-05
899,456173,31,11757,8.607695781392977e-05,8.607695781392977e-05
900,454422,31,10006,-8.597161649959162e-05,8.597161649959162e-05
901,445506,31,1090,8.590223296778277e-05,8.590223296778277e-05
902,432538,30,2458,8.588761556893587e-05,8.588761556893587e-05
903,457839,31,13423,8.58275088830851e-05,8.58275088830851e-05
904,403477,28,2069,-8.575791434850544e-05,8.575791434850544e-05
905,447531,31,3115,-8.569770579924807e-05,8.569770579924807e-05
906,447903,31,3487,8.559324487578124e-05,8.559324487578124e-05
907,435708,30,5628,-8.547057950636372e-05,8.547057950636372e-05
908,445055,31,639,8.544822048861533e-05,8.544822048861533e-05
909,452275,31,7859,8.533107029506937e-05,8.533107029506937e-05
910,245292,17,1580,8.530313789378852e-05,8.530313789378852e-05
911,455934,31,11518,8.51782679092139e-05,8.51782679092139e-05
912,445545,31,1129,-8.472223271382973e-05,8.472223271382973e-05
913,446879,31,2463,8.465760038234293e-05,8.465760038234293e-05
914,445649,31,1233,-8.463133417535573e-05,8.463133417535573e-05
915,451324,31,6908,-8.44577225507237e-05,8.44577225507237e-05
916,424972,29,9228,8.413752948399633e-05,8.413752948399633e-05
917,411779,28,10371,-8.410162990912795e-05,8.410162990912795e-05
918,406744,28,5336,8.402219827985391e-05,8.402219827985391e-05
919,388634,27,1562,8.401287050219253e-05,8.401287050219253e-05
920,369984,25,11584,8.395250188186765e-05,8.395250188186765e-05
921,423314,29,7570,8.389636059291661e-05,8.389636059291661e-05
922,456297,31,11881,-8.37146071717143e-05,8.37146071717143e-05
923,447579,31,3163,8.366906695300713e-05,8.366906695300713e-05
924,449786,31,5370,8.365944086108357e-05,8.365944086108357e-05
925,451670,31,7254,8.355853060493246e-05,8.355853060493246e-05
926,446416,31,2000,-8.351585711352527e-05,8.351585711352527e-05
927,144444,10,1084,-8.34957099868916e-05,8.34957099868916e-05
928,442045,30,11965,8.342025830643252e-05,8.342025830643252e-05
929,452536,31,8120,-8.332217839779332e-05,8.332217839779332e-05
930,450496,31,6080,-8.33191879792139e-05,8.33191879792139e-05
931,457498,31,13082,-8.329885895363986e-05,8.329885895363986e-05
932,429684,29,13940,8.324201189680025e-05,8.324201189680025e-05
933,452505,31,8089,8.311467536259443e-05,8.311467536259443e-05
934,441781,30,11701,8.30939898150973e-05,8.30939898150973e-05
935,451110,31,6694,8.300445915665478e-05,8.300445915665478e-05
936,449899,31,5483,8.2784601545427e-05,8.2784601545427e-05
937,441425,30,11345,8.25938768684864e-05,8.25938768684864e-05
938,410195,28,8787,8.188216452253982e-05,8.188216452253982e-05
939,446090,31,1674,-8.159801654983312e-05,8.159801654983312e-05
940,434471,30,4391,8.154430543072522e-05,8.154430543072522e-05
941,449617,31,5201,8.151979272952303e-05,8.151979272952303e-05
942,458230,31,13814,8.146435720846057e-05,8.146435720846057e-05
943,447359,31,2943,8.146034815581515e-05,8.146034815581515e-05
944,336567,23,6839,-8.14117884146981e-05,8.14117884146981e-05
945,448939,31,4523,8.134572271956131e-05,8.134572271956131e-05
946,458715,31,14299,8.128475019475445e-05,8.128475019475445e-05
947,449530,31,5114,-8.110236376523972e-05,8.110236376523972e-05
948,439717,30,9637,8.097717363853008e-05,8.097717363853008e-05
949,427386,29,11642,8.08127733762376e-05,8.08127733762376e-05
950,455790,31,11374,-8.079945109784603e-05,8.079945109784603e-05
951,201070,14,366,-8.075241930782795e-05,8.075241930782795e-05
952,419792,29,4048,-8.070287731243297e-05,8.070287731243297e-05
953,447716,31,3300,8.06941170594655e-05,8.06941170594655e-05
954,436366,30,6286,8.058852108661085e-05,8.058852108661085e-05
955,444947,31,531,-8.031939796637744e-05,8.031939796637744e-05
956,441824,30,11744,-8.031367178773507e-05,8.031367178773507e-05
957,444308,30,14228,-8.027750300243497e-05,8.027750300243497e-05
958,448589,31,4173,8.024419366847724e-05,8.024419366847724e-05
959,456572,31,12156,8.000213711056858e-05,8.000213711056858e-05
960,449823,31,5407,-7.998666114872321e-05,7.998666114872321e-05
961,437674,30,7594,-7.986689161043614e-05,7.986689161043614e-05
962,380843,26,8107,-7.979463407536969e-05,7.979463407536969e-05
963,458012,31,13596,-7.960645598359406e-05,7.960645598359406e-05
964,441510,30,11430,-7.955464388942346e-05,7.955464388942346e-05
965,401327,27,14255,-7.930245919851586e-05,7.930245919851586e-05
966,432895,30,2815,7.926605030661449e-05,7.926605030661449e-05
967,457398,31,12982,7.92463542893529e-05,7.92463542893529e-05
968,434505,30,4425,7.921516225906089e-05,7.921516225906089e-05
969,448903,31,4487,-7.90230551501736e-05,7.90230551501736e-05
970,452377,31,7961,-7.885244122007862e-05,7.885244122007862e-05
971,451052,31,6636,-7.884714432293549e-05,7.884714432293549e-05
972,439804,30,9724,7.884393562562764e-05,7.884393562562764e-05
973,453867,31,9451,7.879331678850576e-05,7.879331678850576e-05
974,454631,31,10215,7.87730750744231e-05,7.87730750744231e-05
975,403290,28,1882,7.870829722378403e-05,7.870829722378403e-05
976,450268,31,5852,-7.870815898058936e-05,7.870815898058936e-05
977,445474,31,1058,7.8686120104976e-05,7.8686120104976e-05
978,375949,26,3213,-7.854668365325779e-05,7.854668365325779e-05
979,446084,31,1668,7.827413355698809e-05,7.827413355698809e-05
980,443817,30,13737,7.826358341844752e-05,7.826358341844752e-05
981,445929,31,1513,7.819645543349907e-05,7.819645543349907e-05
982,430815,30,735,-7.817149889888242e-05,7.817149889888242e-05
983,420087,29,4343,7.808008376741782e-05,7.808008376741782e-05
984,452463,31,8047,-7.793175609549507e-05,7.793175609549507e-05
985,220433,15,5393,7.791810639901087e-05,7.791810639901087e-05
986,433012,30,2932,-7.791652751620859e-05,7.791652751620859e-05
987,447611,31,3195,-7.790861127432436e-05,7.790861127432436e-05
988,453584,31,9168,7.790654490236193e-05,7.790654490236193e-05
989,449256,31,4840,-7.789163646521047e-05,7.789163646521047e-05
990,446763,31,2347,-7.786439527990296e-05,7.786439527990296e-05
991,449774,31,5358,7.783993351040408e-05,7.783993351040408e-05
992,454724,31,10308,7.778117287671193e-05,7.778117287671193e-05
993,455425,31,11009,7.765430927975103e-05,7.765430927975103e-05
994,455186,31,10770,7.760363951092586e-05,7.760363951092586e-05
995,418534,29,2790,-7.75897060520947e-05,7.75897060520947e-05
996,445306,31,890,-7.75695443735458e-05,7.75695443735458e-05
997,457917,31,13501,7.7565957326442e-05,7.7565957326442e-05
998,446425,31,2009,-7.755961269140244e-05,7.755961269140244e-05
999,435416,30,5336,-7.734251994406804e-05,7.734251994406804e-05
1000,430705,30,625,7.733004167675972e-05,7.733004167675972e-05
1001,425306,29,9562,7.722487498540431e-05,7.722487498540431e-05
1002,456640,31,12224,7.721983274677768e-05,7.721983274677768e-05
1003,449039,31,4623,7.72089115343988e-05,7.72089115343988e-05
1004,444796,31,380,7.674309745198116e-05,7.674309745198116e-05
1005,341493,23,11765,-7.668678154004738e-05,7.668678154004738e-05
1006,452674,31,8258,-7.661328709218651e-05,7.661328709218651e-05
1007,436513,30,6433,-7.654121873201802e-05,7.654121873201802e-05
1008,453087,31,8671,-7.653832290088758e-05,7.653832290088758e-05
1009,431760,30,1680,-7.636951340828091e-05,7.636951340828091e-05
1010,456105,31,11689,7.627539889654145e-05,7.627539889654145e-05
1011,417711,29,1967,-7.624615682289004e-05,7.624615682289004e-05
1012,434421,30,4341,7.61952469474636e-05,7.61952469474636e-05
1013,456394,31,11978,-7.60565308155492e-05,7.60565308155492e-05
1014,455651,31,11235,-7.602685946039855e-05,7.602685946039855e-05
1015,431376,30,1296,-7.589207234559581e-05,7.589207234559581e-05
1016,434973,30,4893,7.585890125483274e-05,7.585890125483274e-05
1017,446331,31,1915,7.572530739707872e-05,7.572530739707872e-05
1018,448167,31,3751,7.570204616058618e-05,7.570204616058618e-05
1019,229834,16,458,7.55928922444582e-05,7.55928922444582e-05
1020,366183,25,7783,-7.533935422543436e-05,7.533935422543436e-05
1021,434640,30,4560,-7.529475988121703e-05,7.529475988121703e-05
1022,446218,31,1802,-7.499844650737941e-05,7.499844650737941e-05
1023,430859,30,779,-7.481111970264465e-05,7.481111970264465e-05
1024,174723,12,2691,-7.471667777281255e-05,7.471667777281255e-05
1025,453071,31,8655,7.449061376973987e-05,7.449061376973987e-05
1026,445748,31,1332,-7.446991367032751e-05,7.446991367032751e-05
1027,447216,31,2800,7.443020876962692e-05,7.443020876962692e-05
1028,444732,31,316,-7.437870226567611e-05,7.437870226567611e-05
1029,453541,31,9125,-7.433231075992808e-05,7.433231075992808e-05
1030,267467,18,9419,-7.429905235767365e-05,7.429905235767365e-05
1031,434689,30,4609,-7.424147770507261e-05,7.424147770507261e-05
1032,457610,31,13194,7.409575482597575e-05,7.409575482597575e-05
1033,448064,31,3648,7.391846156679094e-05,7.391846156679094e-05
1034,446727,31,2311,-7.383396587101743e-05,7.383396587101743e-05
1035,438854,30,8774,-7.380273746093735e-05,7.380273746093735e-05
1036,410141,28,8733,-7.369434024440125e-05,7.369434024440125e-05
1037,454581,31,10165,7.368155638687313e-05,7.368155638687313e-05
1038,436619,30,6539,7.367584476014599e-05,7.367584476014599e-05
1039,456991,31,12575,7.356680725933984e-05,7.356680725933984e-05
1040,447450,31,3034,7.351473323069513e-05,7.351473323069513e-05
1041,443593,30,13513,7.345293124672025e-05,7.345293124672025e-05
1042,452379,31,7963,-7.345230551436543e-05,7.345230551436543e-05
1043,435760,30,5680,7.33292181394063e-05,7.33292181394063e-05
1044,402189,28,781,-7.33261404093355e-05,7.33261404093355e-05
1045,458108,31,13692,-7.32273911125958e-05,7.32273911125958e-05
1046,455035,31,10619,7.308938802452758e-05,7.308938802452758e-05
1047,436163,30,6083,-7.278009434230626e-05,7.278009434230626e-05
1048,456588,31,12172,-7.266590546350926e-05,7.266590546350926e-05
1049,457964,31,13548,7.260841084644198e-05,7.260841084644198e-05
1050,436484,30,6404,7.260678103193641e-05,7.260678103193641e-05
1051,433080,30,3000,7.258750702021644e-05,7.258750702021644e-05
1052,457687,31,13271,7.254460797412321e-05,7.254460797412321e-05
1053,436160,30,6080,-7.254105003084987e-05,7.254105003084987e-05
1054,453323,31,8907,7.249109330587089e-05,7.249109330587089e-05
1055,449043,31,4627,-7.22885160939768e-05,7.22885160939768e-05
1056,453674,31,9258,-7.224098953884095e-05,7.224098953884095e-05
1057,445636,31,1220,-7.221764826681465e-05,7.221764826681465e-05
1058,438367,30,8287,-7.21979740774259e-05,7.21979740774259e-05
1059,445371,31,955,7.217667734948918e-05,7.217667734948918e-05
1060,442520,30,12440,-7.21589894965291e-05,7.21589894965291e-05
1061,424400,29,8656,-7.214790093712509e-05,7.214790093712509e-05
1062,437073,30,6993,-7.212512718979269e-05,7.212512718979269e-05
1063,410566,28,9158,7.200028630904853e-05,7.200028630904853e-05
1064,437079,30,6999,-7.199256651801988e-05,7.199256651801988e-05
1065,440392,30,10312,7.177976658567786e-05,7.177976658567786e-05
1066,411960,28,10552,7.173217454692349e-05,7.173217454692349e-05
1067,458168,31,13752,7.16948852641508e-05,7.16948852641508e-05
1068,444681,31,265,-7.169082527980208e-05,7.169082527980208e-05
1069,453049,31,8633,-7.162360998336226e-05,7.162360998336226e-05
1070,454542,31,10126,7.157147774705663e-05,7.157147774705663e-05
1071,445190,31,774,-7.148909935494885e-05,7.148909935494885e-05
1072,450787,31,6371,7.125973934307694e-05,7.125973934307694e-05
1073,432454,30,2374,-7.124599505914375e-05,7.124599505914375e-05
1074,449078,31,4662,-7.119316433090717e-05,7.119316433090717e-05
1075,418401,29,2657,7.118391658877954e-05,7.118391658877954e-05
1076,445935,31,1519,7.111306331353262e-05,7.111306331353262e-05
1077,445025,31,609,7.10276945028454e-05,7.10276945028454e-05
1078,458129,31,13713,7.102118252078071e-05,7.102118252078071e-05
1079,445067,31,651,7.100489165168256e-05,7.100489165168256e-05
1080,433663,30,3583,7.096276385709643e-05,7.096276385709643e-05
1081,208962,14,8258,-7.094594911905006e-05,7.094594911905006e-05
1082,455830,31,11414,-7.093112071743235e-05,7.093112071743235e-05
1083,450224,31,5808,7.082882075337693e-05,7.082882075337693e-05
1084,432707,30,2627,-7.076476322254166e-05,7.076476322254166e-05
1085,454649,31,10233,7.075767643982545e-05,7.075767643982545e-05
1086,443567,30,13487,-7.072837615851313e-05,7.072837615851313e-05
1087,444899,31,483,7.062838994897902e-05,7.062838994897902e-05
1088,382519,26,9783,7.057679613353685e-05,7.057679613353685e-05
1089,452960,31,8544,-7.051953434711322e-05,7.051953434711322e-05
1090,448934,31,4518,-7.03954283380881e-05,7.03954283380881e-05
1091,413728,28,12320,7.036703027551994e-05,7.036703027551994e-05
1092,436561,30,6481,7.035933231236413e-05,7.035933231236413e-05
1093,448316,31,3900,7.035646558506414e-05,7.035646558506414e-05
1094,451246,31,6830,-7.033176370896399e-05,7.033176370896399e-05
1095,453069,31,8653,7.031455606920645e-05,7.031455606920645e-05
1096,431881,30,1801,-7.015318260528147e-05,7.015318260528147e-05
1097,439771,30,9691,-6.986624794080853e-05,6.986624794080853e-05
1098,456709,31,12293,6.984503852436319e-05,6.984503852436319e-05
1099,457232,31,12816,6.980792386457324e-05,6.980792386457324e-05
1100,454929,31,10513,6.970811227802187e-05,6.970811227802187e-05
1101,454762,31,10346,6.959765596548095e-05,6.959765596548095e-05
1102,445633,31,1217,-6.955728167667985e-05,6.955728167667985e-05
1103,439805,30,9725,6.951414252398536e-05,6.951414252398536e-05
1104,196469,13,10101,6.944529013708234e-05,6.944529013708234e-05
1105,453963,31,9547,-6.933079566806555e-05,6.933079566806555e-05
1106,458133,31,13717,6.932479300303385e-05,6.932479300303385e-05
1107,441385,30,11305,-6.931315147085115e-05,6.931315147085115e-05
1108,449236,31,4820,6.925569323357195e-05,6.925569323357195e-05
1109,456984,31,12568,6.925106572452933e-05,6.925106572452933e-05
1110,432810,30,2730,-6.924280023667961e-05,6.924280023667961e-05
1111,449336,31,4920,-6.920000305399299e-05,6.920000305399299e-05
1112,448036,31,3620,-6.918572762515396e-05,6.918572762515396e-05
1113,436909,30,6829,6.910947558935732e-05,6.910947558935732e-05
1114,450682,31,6266,6.909318472025916e-05,6.909318472025916e-05
1115,449816,31,5400,6.901766028022394e-05,6.901766028022394e-05
1116,283315,19,10931,-6.883752212161198e-05,6.883752212161198e-05
1117,454688,31,10272,-6.878385465824977e-05,6.878385465824977e-05
1118,442267,30,12187,6.872761150589213e-05,6.872761150589213e-05
1119,454626,31,10210,-6.854255479993299e-05,6.854255479993299e-05
1120,399656,27,12584,-6.853004015283659e-05,6.853004015283659e-05
1121,450169,31,5753,-6.843236042186618e-05,6.843236042186618e-05
1122,450571,31,6155,6.840007699793205e-05,6.840007699793205e-05
1123,434817,30,4737,6.837181717855856e-05,6.837181717855856e-05
1124,450773,31,6357,-6.835420208517462e-05,6.835420208517462e-05
1125,445127,31,711,-6.826388562330976e-05,6.826388562330976e-05
1126,448614,31,4198,6.821515853516757e-05,6.821515853516757e-05
1127,446552,31,2136,-6.796320667490363e-05,6.796320667490363e-05
1128,435813,30,5733,-6.787778693251312e-05,6.787778693251312e-05
1129,437490,30,7410,-6.786340236430988e-05,6.786340236430988e-05
1130,455850,31,11434,6.778933311579749e-05,6.778933311579749e-05
1131,342213,23,12485,-6.770960317226127e-05,6.770960317226127e-05
1132,438444,30,8364,-6.766225124010816e-05,6.766225124010816e-05
1133,446359,31,1943,-6.75557748763822e-05,6.75557748763822e-05
1134,371462,25,13062,6.742760888300836e-05,6.742760888300836e-05
1135,455324,31,10908,6.741677498212084e-05,6.741677498212084e-05
1136,444616,31,200,-6.740905519109219e-05,6.740905519109219e-05
1137,173591,12,1559,6.738907541148365e-05,6.738907541148365e-05
1138,445444,31,1028,-6.737517105648294e-05,6.737517105648294e-05
1139,426577,29,10833,6.726905849063769e-05,6.726905849063769e-05
1140,456220,31,11804,6.720295641571283e-05,6.720295641571283e-05
1141,422811,29,7067,-6.717661744914949e-05,6.717661744914949e-05
1142,454868,31,10452,6.701735401293263e-05,6.701735401293263e-05
1143,292130,20,5410,-6.693258183076978e-05,6.693258183076978e-05
1144,456042,31,11626,-6.688630674034357e-05,6.688630674034357e-05
1145,453140,31,8724,-6.678277713945135e-05,6.678277713945135e-05
1146,450800,31,6384,6.676654447801411e-05,6.676654447801411e-05
1147,457673,31,13257,-6.675712938886136e-05,6.675712938886136e-05
1148,458267,31,13851,6.663653039140627e-05,6.663653039140627e-05
1149,433516,30,3436,-6.648395356023684e-05,6.648395356023684e-05
1150,454318,31,9902,6.646732072113082e-05,6.646732072113082e-05
1151,439356,30,9276,6.644039240200073e-05,6.644039240200073e-05
1152,456431,31,12015,6.625541573157534e-05,6.625541573157534e-05
1153,456765,31,12349,-6.620479689445347e-05,6.620479689445347e-05
1154,458298,31,13882,6.611321441596374e-05,6.611321441596374e-05
1155,429157,29,13413,6.60051591694355e-05,6.60051591694355e-05
1156,451564,31,7148,-6.600419874303043e-05,6.600419874303043e-05
1157,458239,31,13823,6.598127947654575e-05,6.598127947654575e-05
1158,433323,30,3243,-6.59526267554611e-05,6.59526267554611e-05
1159,451522,31,7106,6.585699884453788e-05,6.585699884453788e-05
1160,434341,30,4261,6.577606109203771e-05,6.577606109203771e-05
1161,445622,31,1206,6.577177555300295e-05,6.577177555300295e-05
1162,455821,31,11405,6.571516132680699e-05,6.571516132680699e-05
1163,442338,30,12258,6.55956391710788e-05,6.55956391710788e-05
1164,424653,29,8909,6.557830784004182e-05,6.557830784004182e-05
1165,452243,31,7827,-6.554950959980488e-05,6.554950959980488e-05
1166,457216,31,12800,-6.553020648425445e-05,6.553020648425445e-05
1167,454739,31,10323,6.543388008140028e-05,6.543388008140028e-05
1168,433097,30,3017,6.536763976328075e-05,6.536763976328075e-05
1169,451533,31,7117,-6.527787627419457e-05,6.527787627419457e-05
1170,440929,30,10849,-6.526311335619539e-05,6.526311335619539e-05
1171,439868,30,9788,-6.52164890198037e-05,6.52164890198037e-05
1172,450263,31,5847,6.516776193166152e-05,6.516776193166152e-05
1173,427653,29,11909,-6.512303662020713e-05,6.512303662020713e-05
1174,378806,26,6070,6.51174777885899e-05,6.51174777885899e-05
1175,443340,30,13260,6.50246292934753e-05,6.50246292934753e-05
1176,445219,31,803,-6.500540621345863e-05,6.500540621345863e-05
1177,383345,26,10609,6.498988659586757e-05,6.498988659586757e-05
1178,398611,27,11539,-6.489462248282507e-05,6.489462248282507e-05
1179,360626,25,2226,6.488672806881368e-05,6.488672806881368e-05
1180,433426,30,3346,6.488100189017132e-05,6.488100189017132e-05
1181,425592,29,9848,-6.478387513197958e-05,6.478387513197958e-05
1182,431812,30,1732,6.476783892139792e-05,6.476783892139792e-05
1183,448920,31,4504,-6.474975816672668e-05,6.474975816672668e-05
1184,438817,30,8737,-6.457752169808373e-05,6.457752169808373e-05
1185,453998,31,9582,6.44670581095852e-05,6.44670581095852e-05
1186,453394,31,8978,6.444921746151522e-05,6.444921746151522e-05
1187,430698,30,618,6.444046448450536e-05,6.444046448450536e-05
1188,445802,31,1386,-6.441341247409582e-05,6.441341247409582e-05
1189,435403,30,5323,6.439945718739182e-05,6.439945718739182e-05
1190,449710,31,5294,6.43987295916304e-05,6.43987295916304e-05
1191,444819,31,403,6.430766370613128e-05,6.430766370613128e-05
1192,447376,31,2960,-6.426511390600353e-05,6.426511390600353e-05
1193,458097,31,13681,6.41972801531665e-05,6.41972801531665e-05
1194,444482,31,66,6.407014006981626e-05,6.407014006981626e-05
1195,448707,31,4291,6.404868327081203e-05,6.404868327081203e-05
1196,442241,30,12161,-6.404831947293133e-05,6.404831947293133e-05
1197,442276,30,12196,-6.399409903679043e-05,6.399409903679043e-05
1198,437391,30,7311,-6.391468923538923e-05,6.391468923538923e-05
1199,436542,30,6462,-6.386367749655619e-05,6.386367749655619e-05
1200,453283,31,8867,-6.377876707119867e-05,6.377876707119867e-05
1201,437034,30,6954,-6.374109943863004e-05,6.374109943863004e-05
1202,431003,30,923,6.370479241013527e-05,6.370479241013527e-05
1203,445490,31,1074,-6.364011642290279e-05,6.364011642290279e-05
1204,416713,29,969,6.358682730933651e-05,6.358682730933651e-05
1205,427579,29,11835,6.3447339925915e-05,6.3447339925915e-05
1206,453098,31,8682,-6.335345096886158e-05,6.335345096886158e-05
1207,448021,31,3605,6.313162157312036e-05,6.313162157312036e-05
1208,406321,28,4913,-6.308587762759998e-05,6.308587762759998e-05
1209,432763,30,2683,-6.305291753960773e-05,6.305291753960773e-05
1210,448137,31,3721,6.292144826147705e-05,6.292144826147705e-05
1211,445217,31,801,6.291858153417706e-05,6.291858153417706e-05
1212,445246,31,830,-6.280653906287625e-05,6.280653906287625e-05
1213,441420,30,11340,-6.278682121774182e-05,6.278682121774182e-05
1214,452408,31,7992,-6.278028013184667e-05,6.278028013184667e-05
1215,447642,31,3226,6.271983875194564e-05,6.271983875194564e-05
1216,452200,31,7784,-6.261076487135142e-05,6.261076487135142e-05
1217,446988,31,2572,-6.253248284338042e-05,6.253248284338042e-05
1218,451348,31,6932,-6.25200045760721e-05,6.25200045760721e-05
1219,450611,31,6195,6.24633175903e-05,6.24633175903e-05
1220,409825,28,8417,-6.23303567408584e-05,6.23303567408584e-05
1221,449749,31,5333,-6.229666178114712e-05,6.229666178114712e-05
1222,204644,14,3940,6.226648110896349e-05,6.226648110896349e-05
1223,439440,30,9360,-6.22096486040391e-05,6.22096486040391e-05
1224,446944,31,2528,6.220647628651932e-05,6.220647628651932e-05
1225,434577,30,4497,-6.220160867087543e-05,6.220160867087543e-05
1226,430953,30,873,-6.21262370259501e-05,6.21262370259501e-05
1227,446121,31,1705,-6.21030485490337e-05,6.21030485490337e-05
1228,419490,29,3746,-6.206861144164577e-05,6.206861144164577e-05
1229,346852,24,2788,-6.201730138855055e-05,6.201730138855055e-05
1230,425339,29,9595,6.200216012075543e-05,6.200216012075543e-05
1231,446496,31,2080,6.194731395225972e-05,6.194731395225972e-05
1232,444019,30,13939,-6.190245039761066e-05,6.190245039761066e-05
1233,455113,31,10697,6.19003112660721e-05,6.19003112660721e-05
1234,435229,30,5149,6.178556941449642e-05,6.178556941449642e-05
1235,418820,29,3076,-6.158185715321451e-05,6.158185715321451e-05
1236,449213,31,4797,6.155529990792274e-05,6.155529990792274e-05
1237,447103,31,2687,-6.154143920866773e-05,6.154143920866773e-05
1238,445015,31,599,-6.148973625386134e-05,6.148973625386134e-05
1239,450391,31,5975,6.144746294012293e-05,6.144746294012293e-05
1240,444843,31,427,6.139898323453963e-05,6.139898323453963e-05
1241,451487,31,7071,-6.139268225524575e-05,6.139268225524575e-05
1242,437411,30,7331,6.136205047369003e-05,6.136205047369003e-05
1243,449280,31,4864,-6.116910662967712e-05,6.116910662967712e-05
1244,456084,31,11668,6.114208372309804e-05,6.114208372309804e-05
1245,455625,31,11209,6.114161078585312e-05,6.114161078585312e-05
1246,214502,14,13798,-6.110305548645556e-05,6.110305548645556e-05
1247,458253,31,13837,-6.109211972216144e-05,6.109211972216144e-05
1248,437384,30,7304,-6.093716001487337e-05,6.093716001487337e-05
1249,453983,31,9567,-6.0924408899154514e-05,6.0924408899154514e-05
1250,409713,28,8305,-6.09235285082832e-05,6.09235285082832e-05
1251,454569,31,10153,6.0811751609435305e-05,6.0811751609435305e-05
1252,454949,31,10533,-6.08012851444073e-05,6.08012851444073e-05
1253,453923,31,9507,6.07576293987222e-05,6.07576293987222e-05
1254,458720,31,14304,6.068112998036668e-05,6.068112998036668e-05
1255,438033,30,7953,6.059239967726171e-05,6.059239967726171e-05
1256,395994,27,8922,-6.05318600719329e-05,6.05318600719329e-05
1257,457108,31,12692,-6.04900014877785e-05,6.04900014877785e-05
1258,458737,31,14321,6.0434704209910706e-05,6.0434704209910706e-05
1259,448855,31,4439,6.041742017259821e-05,6.041742017259821e-05
1260,285190,19,12806,6.0396429034881294e-05,6.0396429034881294e-05
1261,437468,30,7388,-6.0373771702870727e-05,6.0373771702870727e-05
1262,446462,31,2046,-6.032180317561142e-05,6.032180317561142e-05
1263,454808,31,10392,-6.0266083892202005e-05,6.0266083892202005e-05
1264,444696,31,280,-6.022921297699213e-05,6.022921297699213e-05
1265,445011,31,595,-6.0109396144980565e-05,6.0109396144980565e-05
1266,401564,28,156,-5.999925633659586e-05,5.999925633659586e-05
1267,420642,29,4898,5.993568993289955e-05,5.993568993289955e-05
1268,425667,29,9923,-5.9929992858087644e-05,5.9929992858087644e-05
1269,454504,31,10088,5.991310172248632e-05,5.991310172248632e-05
1270,447101,31,2685,5.991046782582998e-05,5.991046782582998e-05
1271,453708,31,9292,5.98628212173935e-05,5.98628212173935e-05
1272,441077,30,10997,-5.98524566157721e-05,5.98524566157721e-05
1273,448152,31,3736,-5.9840527683263645e-05,5.9840527683263645e-05
1274,457184,31,12768,5.977975160931237e-05,5.977975160931237e-05
1275,446349,31,1933,-5.9724767197621986e-05,5.9724767197621986e-05
1276,454081,31,9665,-5.9655394579749554e-05,5.9655394579749554e-05
1277,447973,31,3557,-5.9627622249536216e-05,5.9627622249536216e-05
1278,412649,28,11241,5.9607085859170184e-05,5.9607085859170184e-05
1279,456112,31,11696,5.960690032225102e-05,5.960690032225102e-05
1280,453425,31,9009,5.9593887272058055e-05,5.9593887272058055e-05
1281,455659,31,11243,-5.959350892226212e-05,5.959350892226212e-05
1282,444836,31,420,-5.956862878520042e-05,5.956862878520042e-05
1283,454552,31,10136,5.955153392278589e-05,5.955153392278589e-05
1284,449703,31,5287,5.9520210925256833e-05,5.9520210925256833e-05
1285,456156,31,11740,5.951472485321574e-05,5.951472485321574e-05
1286,457234,31,12818,5.9489400882739574e-05,5.9489400882739574e-05
1287,439655,30,9575,5.948071338934824e-05,5.948071338934824e-05
1288,443703,30,13623,5.942907228018157e-05,5.942907228018157e-05
1289,451613,31,7197,5.939135007793084e-05,5.939135007793084e-05
1290,430936,30,856,5.933706052019261e-05,5.933706052019261e-05
1291,447241,31,2825,5.930922270636074e-05,5.930922270636074e-05
1292,407290,28,5882,-5.930461338721216e-05,5.930461338721216e-05
1293,443359,30,13279,-5.916861118748784e-05,5.916861118748784e-05
1294,448718,31,4302,5.915511792409234e-05,5.915511792409234e-05
1295,431669,30,1589,-5.9131340094609186e-05,5.9131340094609186e-05
1296,455650,31,11234,5.909449464525096e-05,5.909449464525096e-05
1297,451390,31,6974,5.9027704992331564e-05,5.9027704992331564e-05
1298,446407,31,1991,-5.8936137065757066e-05,5.8936137065757066e-05
1299,447159,31,2743,5.88576149311848e-05,5.88576149311848e-05
1300,440949,30,10869,5.885414793738164e-05,5.885414793738164e-05
1301,444037,30,13957,5.884184793103486e-05,5.884184793103486e-05
1302,408237,28,6829,5.879988384549506e-05,5.879988384549506e-05
1303,453871,31,9455,5.868826701771468e-05,5.868826701771468e-05
1304,457664,31,13248,5.860248347744346e-05,5.860248347744346e-05
1305,448250,31,3834,5.858129952684976e-05,5.858129952684976e-05
1306,430944,30,864,-5.8558729506330565e-05,5.8558729506330565e-05
1307,456036,31,11620,5.855749623151496e-05,5.855749623151496e-05
1308,457109,31,12693,5.8509194786893204e-05,5.8509194786893204e-05
1309,388039,27,967,-5.850831439602189e-05,5.850831439602189e-05
1310,420483,29,4739,-5.848428554600105e-05,5.848428554600105e-05
1311,298705,20,11985,5.846314525115304e-05,5.846314525115304e-05
1312,448496,31,4080,-5.8435303799342364e-05,5.8435303799342364e-05
1313,369713,25,11313,5.8433277445146814e-05,5.8433277445146814e-05
1314,453926,31,9510,5.8291323512094095e-05,5.8291323512094095e-05
1315,438472,30,8392,5.8223373343935236e-05,5.8223373343935236e-05
1316,452103,31,7687,-5.8159992477158085e-05,5.8159992477158085e-05
1317,423082,29,7338,-5.8146768424194306e-05,5.8146768424194306e-05
1318,453127,31,8711,-5.813552706968039e-05,5.813552706968039e-05
1319,445449,31,1033,5.813133611809462e-05,5.813133611809462e-05
1320,433215,30,3135,-5.805828914162703e-05,5.805828914162703e-05
1321,447537,31,3121,5.8010071370517835e-05,5.8010071370517835e-05
1322,437899,30,7819,5.797905396320857e-05,5.797905396320857e-05
1323,440075,30,9995,5.7976732932729647e-05,5.7976732932729647e-05
1324,446268,31,1852,-5.79716288484633e-05,5.79716288484633e-05
1325,232572,16,3196,5.794394382974133e-05,5.794394382974133e-05
1326,444683,31,267,5.793535819975659e-05,5.793535819975659e-05
1327,445495,31,1079,-5.781807703897357e-05,5.781807703897357e-05
1328,440682,30,10602,5.7779066992225125e-05,5.7779066992225125e-05
1329,445249,31,833,5.775969839305617e-05,5.775969839305617e-05
1330,447816,31,3400,-5.772309668827802e-05,5.772309668827802e-05
1331,451454,31,7038,5.7697772717801854e-05,5.7697772717801854e-05
1332,445115,31,699,5.76445490878541e-05,5.76445490878541e-05
1333,443422,30,13342,5.763929584645666e-05,5.763929584645666e-05
1334,439457,30,9377,-5.756307655246928e-05,5.756307655246928e-05
1335,435629,30,5549,5.750678610638715e-05,5.750678610638715e-05
1336,450814,31,6398,5.7497814850648865e-05,5.7497814850648865e-05
1337,440163,30,10083,-5.7483728596707806e-05,5.7483728596707806e-05
1338,446238,31,1822,-5.747772956965491e-05,5.747772956965491e-05
1339,452688,31,8272,-5.747713294113055e-05,5.747713294113055e-05
1340,447684,31,3268,-5.7371798902750015e-05,5.7371798902750015e-05
1341,457192,31,12776,-5.737088213209063e-05,5.737088213209063e-05
1342,438991,30,8911,5.7358163758181036e-05,5.7358163758181036e-05
1343,445592,31,1176,-5.728425821871497e-05,5.728425821871497e-05
1344,188149,13,1781,5.728042378905229e-05,5.728042378905229e-05
1345,422780,29,7036,5.7204430049750954e-05,5.7204430049750954e-05
1346,445544,31,1128,5.717468957300298e-05,5.717468957300298e-05
1347,421354,29,5610,5.717461317544803e-05,5.717461317544803e-05
1348,439250,30,9170,5.7164525060215965e-05,5.7164525060215965e-05
1349,445717,31,1301,-5.713454447686672e-05,5.713454447686672e-05
1350,439620,30,9540,5.7050667237490416e-05,5.7050667237490416e-05
1351,447001,31,2585,-5.703249553334899e-05,5.703249553334899e-05
1352,446467,31,2051,-5.692959894076921e-05,5.692959894076921e-05
1353,456286,31,11870,5.692544436897151e-05,5.692544436897151e-05
1354,445188,31,772,-5.68925061088521e-05,5.68925061088521e-05
1355,453715,31,9299,-5.6830460380297154e-05,5.6830460380297154e-05
1356,456756,31,12340,-5.669367601512931e-05,5.669367601512931e-05
1357,450317,31,5901,5.664669879479334e-05,5.664669879479334e-05
1358,441994,30,11914,-5.664191849064082e-05,5.664191849064082e-05
1359,442461,30,12381,-5.662975672748871e-05,5.662975672748871e-05
1360,453969,31,9553,5.6560253142379224e-05,5.6560253142379224e-05
1361,452410,31,7994,-5.653949119732715e-05,5.653949119732715e-05
1362,447767,31,3351,-5.653118569171056e-05,5.653118569171056e-05
1363,446408,31,1992,5.6526627304265276e-05,5.6526627304265276e-05
1364,446365,31,1949,-5.65240225114394e-05,5.65240225114394e-05
1365,446025,31,1609,-5.6500895880162716e-05,5.6500895880162716e-05
1366,213879,14,13175,-5.6488461268600076e-05,5.6488461268600076e-05
1367,447360,31,2944,5.634403714793734e-05,5.634403714793734e-05
1368,437540,30,7460,5.633631371892989e-05,5.633631371892989e-05
1369,449183,31,4767,-5.633292312268168e-05,5.633292312268168e-05
1370,444563,31,147,-5.632037209579721e-05,5.632037209579721e-05
1371,185900,12,13868,-5.629585575661622e-05,5.629585575661622e-05
1372,430538,30,458,5.6261964346049353e-05,5.6261964346049353e-05
1373,425534,29,9790,-5.621187301585451e-05,5.621187301585451e-05
1374,424991,29,9247,5.610417065327056e-05,5.610417065327056e-05
1375,220687,15,5647,5.608466381090693e-05,5.608466381090693e-05
1376,424737,29,8993,5.6055578170344234e-05,5.6055578170344234e-05
1377,443626,30,13546,5.59504478587769e-05,5.59504478587769e-05
1378,458114,31,13698,5.5950375099200755e-05,5.5950375099200755e-05
1379,458630,31,14214,-5.594901813310571e-05,5.594901813310571e-05
1380,435640,30,5560,5.5926080676727e-05,5.5926080676727e-05
1381,447501,31,3085,-5.5924505431903526e-05,5.5924505431903526e-05
1382,450277,31,5861,5.5910371884237975e-05,5.5910371884237975e-05
1383,456676,31,12260,5.590681030298583e-05,5.590681030298583e-05
1384,451371,31,6955,-5.587950727203861e-05,5.587950727203861e-05
1385,447301,31,2885,5.587471241597086e-05,5.587471241597086e-05
1386,454971,31,10555,5.585371036431752e-05,5.585371036431752e-05
1387,427568,29,11824,-5.58502615604084e-05,5.58502615604084e-05
1388,454456,31,10040,-5.584902100963518e-05,5.584902100963518e-05
1389,446935,31,2519,-5.584658356383443e-05,5.584658356383443e-05
1390,452922,31,8506,5.584561586147174e-05,5.584561586147174e-05
1391,236049,16,6673,5.578835407504812e-05,5.578835407504812e-05
1392,416258,29,514,-5.576638432103209e-05,5.576638432103209e-05
1393,393142,27,6070,-5.5748379963915795e-05,5.5748379963915795e-05
1394,453727,31,9311,5.570309440372512e-05,5.570309440372512e-05
1395,378652,26,5916,-5.570054054260254e-05,5.570054054260254e-05
1396,436571,30,6491,5.559003329835832e-05,5.559003329835832e-05
1397,456833,31,12417,-5.5552278354298323e-05,5.5552278354298323e-05
1398,446662,31,2246,-5.554455128731206e-05,5.554455128731206e-05
1399,422883,29,7139,5.5497363064205274e-05,5.5497363064205274e-05
1400,452619,31,8203,-5.5496962886536494e-05,5.5496962886536494e-05
1401,450937,31,6521,5.5459109717048705e-05,5.5459109717048705e-05
1402,360277,25,1877,-5.5426760809496045e-05,5.5426760809496045e-05
1403,362034,25,3634,-5.541848804568872e-05,5.541848804568872e-05
1404,440045,30,9965,5.5260690714931116e-05,5.5260690714931116e-05
1405,458476,31,14060,5.523615254787728e-05,5.523615254787728e-05
1406,144213,10,853,-5.521962884813547e-05,5.521962884813547e-05
1407,427563,29,11819,-5.51486955373548e-05,5.51486955373548e-05
1408,455808,31,11392,-5.5129723477875814e-05,5.5129723477875814e-05
1409,431354,30,1274,5.510998016688973e-05,5.510998016688973e-05
1410,448383,31,3967,-5.510297341970727e-05,5.510297341970727e-05
1411,449584,31,5168,5.509245238499716e-05,5.509245238499716e-05
1412,455331,31,10915,5.5058932048268616e-05,5.5058932048268616e-05
1413,447459,31,3043,5.5033327953424305e-05,5.5033327953424305e-05
1414,432167,30,2087,-5.4920285037951544e-05,5.4920285037951544e-05
1415,450244,31,5828,5.49031792616006e-05,5.49031792616006e-05
1416,451216,31,6800,5.484278153744526e-05,5.484278153744526e-05
1417,445725,31,1309,5.4838401410961524e-05,5.4838401410961524e-05
1418,430605,30,525,-5.4838023061165586e-05,5.4838023061165586e-05
1419,446710,31,2294,5.481169500853866e-05,5.481169500853866e-05
1420,407312,28,5904,-5.477252489072271e-05,5.477252489072271e-05
1421,422169,29,6425,-5.4697997256880626e-05,5.4697997256880626e-05
1422,457825,31,13409,-5.4690619435859844e-05,5.4690619435859844e-05
1423,452770,31,8354,5.469008829095401e-05,5.469008829095401e-05
1424,450907,31,6491,5.466004949994385e-05,5.466004949994385e-05
1425,444543,31,127,-5.465870344778523e-05,5.465870344778523e-05
1426,449618,31,5202,-5.462472472572699e-05,5.462472472572699e-05
1427,347708,24,3644,5.4602831369265914e-05,5.4602831369265914e-05
1428,450768,31,6352,5.458737723529339e-05,5.458737723529339e-05
1429,458414,31,13998,-5.458292434923351e-05,5.458292434923351e-05
1430,389242,27,2170,5.452680852613412e-05,5.452680852613412e-05
1431,454887,31,10471,5.450715616461821e-05,5.450715616461821e-05
1432,442343,30,12263,-5.445561691885814e-05,5.445561691885814e-05
1433,456223,31,11807,5.421522291726433e-05,5.421522291726433e-05
1434,422076,29,6332,5.412580867414363e-05,5.412580867414363e-05
1435,425494,29,9750,-5.402518581831828e-05,5.402518581831828e-05
1436,430162,30,82,-5.4021911637391895e-05,5.4021911637391895e-05
1437,443651,30,13571,-5.392626189859584e-05,5.392626189859584e-05
1438,452338,31,7922,-5.389291254687123e-05,5.389291254687123e-05
1439,444600,31,184,5.386745760915801e-05,5.386745760915801e-05
1440,445814,31,1398,-5.383820825954899e-05,5.383820825954899e-05
1441,448056,31,3640,5.382227755035274e-05,5.382227755035274e-05
1442,435460,30,5380,5.382153540267609e-05,5.382153540267609e-05
1443,414147,28,12739,-5.379714275477454e-05,5.379714275477454e-05
1444,441584,30,11504,-5.376763874664903e-05,5.376763874664903e-05
1445,432959,30,2879,5.374839383875951e-05,5.374839383875951e-05
1446,422539,29,6795,5.373562817112543e-05,5.373562817112543e-05
1447,458510,31,14094,5.371871156967245e-05,5.371871156967245e-05
1448,445044,31,628,5.3669646149501204e-05,5.3669646149501204e-05
1449,435439,30,5359,5.3574600315187126e-05,5.3574600315187126e-05
1450,455496,31,11080,-5.35600702278316e-05,5.35600702278316e-05
1451,362214,25,3814,-5.355459506972693e-05,5.355459506972693e-05
1452,451723,31,7307,5.35346262040548e-05,5.35346262040548e-05
1453,247061,17,3349,5.3475894674193114e-05,5.3475894674193114e-05
1454,158594,11,898,5.346994657884352e-05,5.346994657884352e-05
1455,447561,31,3145,-5.341719224816188e-05,5.341719224816188e-05
1456,378217,26,5481,-5.3388568630907685e-05,5.3388568630907685e-05
1457,431315,30,1235,-5.329833584255539e-05,5.329833584255539e-05
1458,447943,31,3527,-5.326646351022646e-05,5.326646351022646e-05
1459,448835,31,4419,5.32625854248181e-05,5.32625854248181e-05
1460,396742,27,9670,-5.323616278474219e-05,5.323616278474219e-05
1461,432055,30,1975,-5.321066782926209e-05,5.321066782926209e-05
1462,448409,31,3993,5.315580710885115e-05,5.315580710885115e-05
1463,454218,31,9802,-5.314609734341502e-05,5.314609734341502e-05
1464,448513,31,4097,-5.3060968639329076e-05,5.3060968639329076e-05
1465,450150,31,5734,-5.302976569510065e-05,5.302976569510065e-05
1466,434108,30,4028,5.29432509210892e-05,5.29432509210892e-05
1467,432200,30,2120,-5.2933301049051806e-05,5.2933301049051806e-05
1468,451067,31,6651,-5.291308116284199e-05,5.291308116284199e-05
1469,434144,30,4064,-5.290901754051447e-05,5.290901754051447e-05
1470,453805,31,9389,5.290522676659748e-05,5.290522676659748e-05
1471,133458,9,4434,5.2897215937264264e-05,5.2897215937264264e-05
1472,442852,30,12772,-5.289090404403396e-05,5.289090404403396e-05
1473,430500,30,420,-5.2861512813251466e-05,5.2861512813251466e-05
1474,399063,27,11991,-5.284886356093921e-05,5.284886356093921e-05
1475,457072,31,12656,-5.283997961669229e-05,5.283997961669229e-05
1476,454596,31,10180,5.282242636894807e-05,5.282242636894807e-05
1477,443981,30,13901,-5.281891571939923e-05,5.281891571939923e-05
1478,454938,31,10522,-5.278189928503707e-05,5.278189928503707e-05
1479,451512,31,7096,5.260575926513411e-05,5.260575926513411e-05
1480,445256,31,840,5.2589279221137986e-05,5.2589279221137986e-05
1481,384964,26,12228,5.2529463573591784e-05,5.2529463573591784e-05
1482,416201,29,457,-5.252268601907417e-05,5.252268601907417e-05
1483,430414,30,334,5.2463412430370227e-05,5.2463412430370227e-05
1484,450035,31,5619,5.243121995590627e-05,5.243121995590627e-05
1485,412975,28,11567,-5.2426137699512765e-05,5.2426137699512765e-05
1486,432493,30,2413,5.2383031288627535e-05,5.2383031288627535e-05
1487,430886,30,806,5.238042285782285e-05,5.238042285782285e-05
1488,453477,31,9061,5.235576463746838e-05,5.235576463746838e-05
1489,362915,25,4515,5.233411502558738e-05,5.233411502558738e-05
1490,448817,31,4401,5.228758163866587e-05,5.228758163866587e-05
1491,431741,30,1661,5.218021760811098e-05,5.218021760811098e-05
1492,444626,31,210,5.213350596022792e-05,5.213350596022792e-05
1493,431324,30,1244,5.209980008658022e-05,5.209980008658022e-05
1494,416053,29,309,-5.2067567594349384e-05,5.2067567594349384e-05
1495,457544,31,13128,-5.206274727242999e-05,5.206274727242999e-05
1496,422562,29,6818,5.203982800594531e-05,5.203982800594531e-05
1497,455851,31,11435,5.2013314416399226e-05,5.2013314416399226e-05
1498,456998,31,12582,-5.1974748203065246e-05,5.1974748203065246e-05
1499,410911,28,9503,-5.1964856538688764e-05,5.1964856538688764e-05
1500,450498,31,6082,-5.195875928620808e-05,5.195875928620808e-05
1501,432441,30,2361,-5.195562698645517e-05,5.195562698645517e-05
1502,444945,31,529,5.19284003530629e-05,5.19284003530629e-05
1503,440631,30,10551,-5.1915205403929576e-05,5.1915205403929576e-05
1504,280448,19,8064,-5.187728675082326e-05,5.187728675082326e-05
1505,445617,31,1201,5.1866110879927874e-05,5.1866110879927874e-05
1506,407537,28,6129,-5.185537884244695e-05,5.185537884244695e-05
1507,423227,29,7483,-5.1841252570739016e-05,5.1841252570739016e-05
1508,448015,31,3599,5.183910616324283e-05,5.183910616324283e-05
1509,434823,30,4743,5.180548032512888e-05,5.180548032512888e-05
1510,444997,31,581,-5.175812111701816e-05,5.175812111701816e-05
1511,442000,30,11920,5.1675058784894645e-05,5.1675058784894645e-05
1512,448622,31,4206,-5.165999391465448e-05,5.165999391465448e-05
1513,442721,30,12641,5.16442050866317e-05,5.16442050866317e-05
1514,449104,31,4688,-5.1612863899208605e-05,5.1612863899208605e-05
1515,436349,30,6269,-5.159604916116223e-05,5.159604916116223e-05
1516,445424,31,1008,5.152044104761444e-05,5.152044104761444e-05
1517,444981,31,565,5.1512623031158e-05,5.1512623031158e-05
1518,145016,10,1656,5.1437451475067064e-05,5.1437451475067064e-05
1519,370708,25,12308,5.1416136557236314e-05,5.1416136557236314e-05
1520,437284,30,7204,-5.139813947607763e-05,5.139813947607763e-05
1521,444378,30,14298,-5.137430707691237e-05,5.137430707691237e-05
1522,454740,31,10324,5.133164449944161e-05,5.133164449944161e-05
1523,453911,31,9495,5.131242505740374e-05,5.131242505740374e-05
1524,394946,27,7874,5.1286966481711715e-05,5.1286966481711715e-05
1525,439194,30,9114,-5.1285165682202205e-05,5.1285165682202205e-05
1526,423197,29,7453,-5.127350232214667e-05,5.127350232214667e-05
1527,431536,30,1456,-5.124623567098752e-05,5.124623567098752e-05
1528,457210,31,12794,5.11888756591361e-05,5.11888756591361e-05
1529,430367,30,287,5.114621308166534e-05,5.114621308166534e-05
1530,432353,30,2273,-5.1074752263957635e-05,5.1074752263957635e-05
1531,446494,31,2078,-5.104063166072592e-05,5.104063166072592e-05
1532,433095,30,3015,5.1023915148107335e-05,5.1023915148107335e-05
1533,390601,27,3529,5.099078407511115e-05,5.099078407511115e-05
1534,432587,30,2507,-5.098872497910634e-05,5.098872497910634e-05
1535,435220,30,5140,5.0926246331073344e-05,5.0926246331073344e-05
1536,455505,31,11089,5.090939157526009e-05,5.090939157526009e-05
1537,438897,30,8817,-5.090912600280717e-05,5.090912600280717e-05
1538,441615,30,11535,5.0907692639157176e-05,5.0907692639157176e-05
1539,455289,31,10873,-5.090004560770467e-05,5.090004560770467e-05
1540,428401,29,12657,-5.089137994218618e-05,5.089137994218618e-05
1541,441521,30,11441,-5.085565862827934e-05,5.085565862827934e-05
1542,444570,31,154,-5.083659925730899e-05,5.083659925730899e-05
1543,448693,31,4277,-5.082033749204129e-05,5.082033749204129e-05
1544,428066,29,12322,5.0773196562658995e-05,5.0773196562658995e-05
1545,449830,31,5414,5.069677354185842e-05,5.069677354185842e-05
1546,440382,30,10302,-5.058758324594237e-05,5.058758324594237e-05
1547,174275,12,2243,5.0581009418237954e-05,5.0581009418237954e-05
1548,454286,31,9870,5.054770372225903e-05,5.054770372225903e-05
1549,417112,29,1368,5.053731001680717e-05,5.053731001680717e-05
1550,396161,27,9089,5.053299537394196e-05,5.053299537394196e-05
1551,445927,31,1511,-5.05065981997177e-05,5.05065981997177e-05
1552,454516,31,10100,-5.04748422827106e-05,5.04748422827106e-05
1553,407640,28,6232,-5.047149534220807e-05,5.047149534220807e-05
1554,432134,30,2054,5.0410348194418475e-05,5.0410348194418475e-05
1555,450048,31,5632,5.040994074079208e-05,5.040994074079208e-05
1556,219013,15,3973,5.038605013396591e-05,5.038605013396591e-05
1557,457196,31,12780,5.034592322772369e-05,5.034592322772369e-05
1558,447091,31,2675,5.029363092035055e-05,5.029363092035055e-05
1559,433541,30,3461,-5.018479350837879e-05,5.018479350837879e-05
1560,434190,30,4110,-5.0161630497314036e-05,5.0161630497314036e-05
1561,439236,30,9156,5.013948612031527e-05,5.013948612031527e-05
1562,444463,31,47,-5.011156099499203e-05,5.011156099499203e-05
1563,438812,30,8732,-5.010791574022733e-05,5.010791574022733e-05
1564,449509,31,5093,5.004238846595399e-05,5.004238846595399e-05
1565,429969,29,14225,-5.003484329790808e-05,5.003484329790808e-05
1566,387681,27,609,-5.00268506584689e-05,5.00268506584689e-05
1567,437743,30,7663,4.998402073397301e-05,4.998402073397301e-05
1568,453025,31,8609,4.991738751414232e-05,4.991738751414232e-05
1569,444968,31,552,-4.986733983969316e-05,4.986733983969316e-05
1570,447212,31,2796,4.985475607099943e-05,4.985475607099943e-05
1571,454591,31,10175,-4.982536847819574e-05,4.982536847819574e-05
1572,423258,29,7514,-4.9802274588728324e-05,4.9802274588728324e-05
1573,365476,25,7076,4.9793816288001835e-05,4.9793816288001835e-05
1574,425577,29,9833,-4.972038368578069e-05,4.972038368578069e-05
1575,302438,21,1382,4.9664085963740945e-05,4.9664085963740945e-05
1576,436934,30,6854,-4.9659345677355304e-05,4.9659345677355304e-05
1577,438108,30,8028,4.965831249137409e-05,4.965831249137409e-05
1578,444446,31,30,-4.965508924215101e-05,4.965508924215101e-05
1579,431411,30,1331,-4.963224273524247e-05,4.963224273524247e-05
1580,454605,31,10189,4.959615762345493e-05,4.959615762345493e-05
1581,432539,30,2459,4.957657074555755e-05,4.957657074555755e-05
1582,451892,31,7476,4.952855306328274e-05,4.952855306328274e-05
1583,450500,31,6084,4.9519792810315266e-05,4.9519792810315266e-05
1584,436313,30,6233,4.9468882934888825e-05,4.9468882934888825e-05
1585,452750,31,8334,-4.9437661800766364e-05,4.9437661800766364e-05
1586,439763,30,9683,-4.941668885294348e-05,4.941668885294348e-05
1587,441649,30,11569,-4.940147846355103e-05,4.940147846355103e-05
1588,435519,30,5439,4.935508331982419e-05,4.935508331982419e-05
1589,452169,31,7753,4.93441621074453e-05,4.93441621074453e-05
1590,441968,30,11888,-4.934266326017678e-05,4.934266326017678e-05
1591,447477,31,3061,4.9335172661812976e-05,4.9335172661812976e-05
1592,458161,31,13745,4.932673982693814e-05,4.932673982693814e-05
1593,453655,31,9239,-4.931739385938272e-05,4.931739385938272e-05
1594,240316,16,10940,4.931570219923742e-05,4.931570219923742e-05
1595,436373,30,6293,4.9295671487925574e-05,4.9295671487925574e-05
1596,450567,31,6151,4.928725684294477e-05,4.928725684294477e-05
1597,454030,31,9614,-4.925868779537268e-05,4.925868779537268e-05
1598,191525,13,5157,-4.923866436001845e-05,4.923866436001845e-05
1599,437039,30,6959,4.922704101772979e-05,4.922704101772979e-05
1600,315218,21,14162,4.9215439503313974e-05,4.9215439503313974e-05
1601,456950,31,12534,4.9176935135619715e-05,4.9176935135619715e-05
1602,433601,30,3521,4.916479520034045e-05,4.916479520034045e-05
1603,456256,31,11840,-4.914289092994295e-05,4.914289092994295e-05
1604,417265,29,1521,4.9114991270471364e-05,4.9114991270471364e-05
1605,451748,31,7332,4.908892879029736e-05,4.908892879029736e-05
1606,455261,31,10845,-4.9003436288330704e-05,4.9003436288330704e-05
1607,452316,31,7900,4.899393024970777e-05,4.899393024970777e-05
1608,455802,31,11386,4.8930807679425925e-05,4.8930807679425925e-05
1609,445095,31,679,-4.8926616727840155e-05,4.8926616727840155e-05
1610,412795,28,11387,4.8925241571851075e-05,4.8925241571851075e-05
1611,452401,31,7985,-4.88995028717909e-05,4.88995028717909e-05
1612,424334,29,8590,4.888161492999643e-05,4.888161492999643e-05
1613,450290,31,5874,-4.8874593630898744e-05,4.8874593630898744e-05
1614,453208,31,8792,4.884869122179225e-05,4.884869122179225e-05
1615,451661,31,7245,4.8835503548616543e-05,4.8835503548616543e-05
1616,445149,31,733,-4.87419129058253e-05,4.87419129058253e-05
1617,413884,28,12476,4.8715453885961324e-05,4.8715453885961324e-05
1618,446334,31,1918,4.867159805144183e-05,4.867159805144183e-05
1619,422842,29,7098,-4.863498543272726e-05,4.863498543272726e-05
1620,435946,30,5866,-4.860693297814578e-05,4.860693297814578e-05
1621,349390,24,5326,4.860030094278045e-05,4.860030094278045e-05
1622,390290,27,3218,4.858817555941641e-05,4.858817555941641e-05
1623,122191,8,7503,4.8560305003775284e-05,4.8560305003775284e-05
1624,446231,31,1815,-4.855975566897541e-05,4.855975566897541e-05
1625,444692,31,276,-4.855733277508989e-05,4.855733277508989e-05
1626,458527,31,14111,-4.855547740589827e-05,4.855547740589827e-05
1627,442188,30,12108,4.854176222579554e-05,4.854176222579554e-05
1628,325158,22,9766,4.8502337449463084e-05,4.8502337449463084e-05
1629,433221,30,3141,4.84668453282211e-05,4.84668453282211e-05
1630,440577,30,10497,-4.8466510634170845e-05,4.8466510634170845e-05
1631,269149,18,11101,-4.841694681090303e-05,4.841694681090303e-05
1632,172710,12,678,4.836072912439704e-05,4.836072912439704e-05
1633,334344,23,4616,4.835628715227358e-05,4.835628715227358e-05
1634,444189,30,14109,4.8262325435644016e-05,4.8262325435644016e-05
1635,407441,28,6033,-4.824872667086311e-05,4.824872667086311e-05
1636,455565,31,11149,-4.820786853088066e-05,4.820786853088066e-05
1637,455536,31,11120,-4.820466710953042e-05,4.820466710953042e-05
1638,451288,31,6872,4.805806383956224e-05,4.805806383956224e-05
1639,439799,30,9719,-4.8045043513411656e-05,4.8045043513411656e-05
1640,407149,28,5741,4.803561023436487e-05,4.803561023436487e-05
1641,457054,31,12638,-4.7977358917705715e-05,4.7977358917705715e-05
1642,449017,31,4601,4.7868503315839916e-05,4.7868503315839916e-05
1643,458155,31,13739,4.786210411111824e-05,4.786210411111824e-05
1644,429001,29,13257,4.783583790413104e-05,4.783583790413104e-05
1645,445573,31,1157,-4.781862662639469e-05,4.781862662639469e-05
1646,396431,27,9359,4.780846575158648e-05,4.780846575158648e-05
1647,448110,31,3694,-4.7760251618456095e-05,4.7760251618456095e-05
1648,449064,31,4648,-4.775882916874252e-05,4.775882916874252e-05
1649,445148,31,732,-4.7666595492046326e-05,4.7666595492046326e-05
1650,450864,31,6448,4.7652549255872145e-05,4.7652549255872145e-05
1651,454120,31,9704,-4.763429024023935e-05,4.763429024023935e-05
1652,452001,31,7585,-4.7588404413545504e-05,4.7588404413545504e-05
1653,450693,31,6277,4.755325062433258e-05,4.755325062433258e-05
1654,394063,27,6991,-4.755210829898715e-05,4.755210829898715e-05
1655,413849,28,12441,-4.753279063152149e-05,4.753279063152149e-05
1656,446800,31,2384,-4.751415326609276e-05,4.751415326609276e-05
1657,190082,13,3714,-4.746701233671047e-05,4.746701233671047e-05
1658,448629,31,4213,4.743812314700335e-05,4.743812314700335e-05
1659,452499,31,8083,4.742965393234044e-05,4.742965393234044e-05
1660,438215,30,8135,4.740305303130299e-05,4.740305303130299e-05
1661,441611,30,11531,-4.7359349991893396e-05,4.7359349991893396e-05
1662,456539,31,12123,-4.734774483949877e-05,4.734774483949877e-05
1663,444685,31,269,4.730505679617636e-05,4.730505679617636e-05
1664,446383,31,1967,-4.729000647785142e-05,4.729000647785142e-05
1665,144516,10,1156,4.727045597974211e-05,4.727045597974211e-05
1666,424713,29,8969,4.7265621105907485e-05,4.7265621105907485e-05
1667,190380,13,4012,-4.722502490039915e-05,4.722502490039915e-05
1668,449773,31,5357,-4.7194145736284554e-05,4.7194145736284554e-05
1669,452290,31,7874,-4.716574039775878e-05,4.716574039775878e-05
1670,449369,31,4953,-4.7126795834628865e-05,4.7126795834628865e-05
1671,163229,11,5533,4.710450957645662e-05,4.710450957645662e-05
1672,430115,30,35,-4.708302003564313e-05,4.708302003564313e-05
1673,416450,29,706,4.70687446068041e-05,4.70687446068041e-05
1674,455597,31,11181,4.705737592303194e-05,4.705737592303194e-05
1675,221817,15,6777,-4.705710307462141e-05,4.705710307462141e-05
1676,422534,29,6790,4.7028235712787136e-05,4.7028235712787136e-05
1677,449431,31,5015,4.7019944759085774e-05,4.7019944759085774e-05
1678,447564,31,3148,4.701651414507069e-05,4.701651414507069e-05
1679,449202,31,4786,4.698624979937449e-05,4.698624979937449e-05
1680,165176,11,7480,-4.6968492824817076e-05,4.6968492824817076e-05
1681,371332,25,12932,4.693381197284907e-05,4.693381197284907e-05
1682,440752,30,10672,-4.6918947191443294e-05,4.6918947191443294e-05
1683,442091,30,12011,4.6864181058481336e-05,4.6864181058481336e-05
1684,429072,29,13328,4.684150553657673e-05,4.684150553657673e-05
1685,176351,12,4319,4.681191057898104e-05,4.681191057898104e-05
1686,454531,31,10115,4.6809065679553896e-05,4.6809065679553896e-05
1687,455213,31,10797,-4.679510311689228e-05,4.679510311689228e-05
1688,449055,31,4639,-4.678759432863444e-05,4.678759432863444e-05
1689,451734,31,7318,4.676892785937525e-05,4.676892785937525e-05
1690,430890,30,810,-4.6758053940720856e-05,4.6758053940720856e-05
1691,194763,13,8395,4.673919465858489e-05,4.673919465858489e-05
1692,446760,31,2344,-4.673833245760761e-05,4.673833245760761e-05
1693,457945,31,13529,4.6719727833988145e-05,4.6719727833988145e-05
1694,449048,31,4632,4.671419083024375e-05,4.671419083024375e-05
1695,361215,25,2815,4.666884706239216e-05,4.666884706239216e-05
1696,453944,31,9528,4.666236782213673e-05,4.666236782213673e-05
1697,221266,15,6226,4.663942672777921e-05,4.663942672777921e-05
1698,234409,16,5033,4.662260107579641e-05,4.662260107579641e-05
1699,453363,31,8947,4.6622484660474584e-05,4.6622484660474584e-05
1700,444773,31,357,-4.6604844101238996e-05,4.6604844101238996e-05
1701,453960,31,9544,4.6589259000029415e-05,4.6589259000029415e-05
1702,430169,30,89,-4.657500176108442e-05,4.657500176108442e-05
1703,456017,31,11601,-4.653888754546642e-05,4.653888754546642e-05
1704,423267,29,7523,-4.653364885598421e-05,4.653364885598421e-05
1705,456185,31,11769,4.6529105020454153e-05,4.6529105020454153e-05
1706,427322,29,11578,4.6526201913366094e-05,4.6526201913366094e-05
1707,190121,13,3753,-4.6509991079801694e-05,4.6509991079801694e-05
1708,387233,27,161,4.647345849662088e-05,4.647345849662088e-05
1709,457818,31,13402,4.6468085201922804e-05,4.6468085201922804e-05
1710,449399,31,4983,4.6400386054301634e-05,4.6400386054301634e-05
1711,447902,31,3486,4.6379205741686746e-05,4.6379205741686746e-05
1712,446901,31,2485,-4.63758478872478e-05,4.63758478872478e-05
1713,452666,31,8250,4.634371362044476e-05,4.634371362044476e-05
1714,448335,31,3919,-4.633654680219479e-05,4.633654680219479e-05
1715,449619,31,5203,-4.6279521484393626e-05,4.6279521484393626e-05
1716,457277,31,12861,-4.6267090510809794e-05,4.6267090510809794e-05
1717,431387,30,1307,-4.620304753188975e-05,4.620304753188975e-05
1718,455318,31,10902,4.6179713535821065e-05,4.6179713535821065e-05
1719,401619,28,211,4.614888530340977e-05,4.614888530340977e-05
1720,458524,31,14108,4.613809869624674e-05,4.613809869624674e-05
1721,457487,31,13071,-4.6130364353302866e-05,4.6130364353302866e-05
1722,456938,31,12522,4.610337418853305e-05,4.610337418853305e-05
1723,437807,30,7727,-4.6094151912257075e-05,4.6094151912257075e-05
1724,447834,31,3418,-4.60646660940256e-05,4.60646660940256e-05
1725,194629,13,8261,4.604432615451515e-05,4.604432615451515e-05
1726,202168,14,1464,4.6028981159906834e-05,4.6028981159906834e-05
1727,273419,19,1035,-4.602625995175913e-05,4.602625995175913e-05
1728,424793,29,9049,4.600147076416761e-05,4.600147076416761e-05
1729,455742,31,11326,4.5978242269484326e-05,4.5978242269484326e-05
1730,453290,31,8874,-4.5941891585243866e-05,4.5941891585243866e-05
1731,432300,30,2220,-4.59221591881942e-05,4.59221591881942e-05
1732,445413,31,997,-4.588238152791746e-05,4.588238152791746e-05
1733,437775,30,7695,4.5859284000471234e-05,4.5859284000471234e-05
1734,448517,31,4101,4.582983092404902e-05,4.582983092404902e-05
1735,445074,31,658,4.5823733671568334e-05,4.5823733671568334e-05
1736,451465,31,7049,-4.58116082882043e-05,4.58116082882043e-05
1737,451154,31,6738,-4.577470463118516e-05,4.577470463118516e-05
1738,451319,31,6903,4.5724347728537396e-05,4.5724347728537396e-05
1739,458591,31,14175,4.5671233237953857e-05,4.5671233237953857e-05
1740,431183,30,1103,4.5659038732992485e-05,4.5659038732992485e-05
1741,446857,31,2441,-4.564428672892973e-05,4.564428672892973e-05
1742,448501,31,4085,4.560013985610567e-05,4.560013985610567e-05
1743,449282,31,4866,4.558778528007679e-05,4.558778528007679e-05
1744,450784,31,6368,-4.557640932034701e-05,4.557640932034701e-05
1745,447683,31,3267,4.552656173473224e-05,4.552656173473224e-05
1746,442326,30,12246,-4.552564860205166e-05,4.552564860205166e-05
1747,458493,31,14077,-4.5524619054049253e-05,4.5524619054049253e-05
1748,415741,28,14333,4.5514421799452975e-05,4.5514421799452975e-05
1749,454371,31,9955,-4.549239019979723e-05,4.549239019979723e-05
1750,450454,31,6038,4.548542347038165e-05,4.548542347038165e-05
1751,448138,31,3722,-4.546625859802589e-05,4.546625859802589e-05
1752,445448,31,1032,-4.539822111837566e-05,4.539822111837566e-05
1753,376201,26,3465,-4.539528890745714e-05,4.539528890745714e-05
1754,418554,29,2810,4.538986468105577e-05,4.538986468105577e-05
1755,451981,31,7565,4.538668508757837e-05,4.538668508757837e-05
1756,455263,31,10847,-4.5356435293797404e-05,4.5356435293797404e-05
1757,434469,30,4389,-4.5319342461880296e-05,4.5319342461880296e-05
1758,449184,31,4768,-4.531253580353223e-05,4.531253580353223e-05
1759,408955,28,7547,-4.528113277046941e-05,4.528113277046941e-05
1760,454965,31,10549,-4.527919736574404e-05,4.527919736574404e-05
1761,369368,25,10968,4.527901182882488e-05,4.527901182882488e-05
1762,447069,31,2653,-4.5229968236526474e-05,4.5229968236526474e-05
1763,452782,31,8366,4.5223525376059115e-05,4.5223525376059115e-05
1764,426935,29,11191,-4.521058144746348e-05,4.521058144746348e-05
1765,445729,31,1313,-4.520304355537519e-05,4.520304355537519e-05
1766,444540,31,124,4.520075162872672e-05,4.520075162872672e-05
1767,453937,31,9521,-4.518801506492309e-05,4.518801506492309e-05
1768,449704,31,5288,4.512791201705113e-05,4.512791201705113e-05
1769,451839,31,7423,-4.511961742537096e-05,4.511961742537096e-05
1770,422726,29,6982,4.511749284574762e-05,4.511749284574762e-05
1771,436546,30,6466,-4.5090517232893035e-05,4.5090517232893035e-05
1772,433775,30,3695,-4.503080708673224e-05,4.503080708673224e-05
1773,442179,30,12099,4.501764851738699e-05,4.501764851738699e-05
1774,452308,31,7892,4.5011311158305034e-05,4.5011311158305034e-05
1775,455658,31,11242,4.4986256398260593e-05,4.4986256398260593e-05
1776,444324,30,14244,4.4941622036276385e-05,4.4941622036276385e-05
1777,434552,30,4472,4.4909524149261415e-05,4.4909524149261415e-05
1778,418590,29,2846,-4.487062687985599e-05,4.487062687985599e-05
1779,434732,30,4652,4.486353282118216e-05,4.486353282118216e-05
1780,447553,31,3137,4.480140341911465e-05,4.480140341911465e-05
1781,454011,31,9595,4.4793767301598564e-05,4.4793767301598564e-05
1782,244907,17,1195,4.477881520870142e-05,4.477881520870142e-05
1783,455524,31,11108,-4.477398033486679e-05,4.477398033486679e-05
1784,439513,30,9433,4.4768461521016434e-05,4.4768461521016434e-05
1785,458077,31,13661,4.476052708923817e-05,4.476052708923817e-05
1786,430907,30,827,-4.4747957872459665e-05,4.4747957872459665e-05
1787,425503,29,9759,-4.469480336410925e-05,4.469480336410925e-05
1788,238400,16,9024,4.4690365029964596e-05,4.4690365029964596e-05
1789,440302,30,10222,-4.468681800062768e-05,4.468681800062768e-05
1790,445759,31,1343,-4.463175355340354e-05,4.463175355340354e-05
1791,402451,28,1043,4.461439675651491e-05,4.461439675651491e-05
1792,451807,31,7391,4.460505078895949e-05,4.460505078895949e-05
1793,448065,31,3649,-4.46020821982529e-05,4.46020821982529e-05
1794,445060,31,644,-4.459534466150217e-05,4.459534466150217e-05
1795,441314,30,11234,-4.452265056897886e-05,4.452265056897886e-05
1796,445500,31,1084,4.451418499229476e-05,4.451418499229476e-05
1797,208794,14,8090,4.4511249143397436e-05,4.4511249143397436e-05
1798,457645,31,13229,4.4507247366709635e-05,4.4507247366709635e-05
1799,451047,31,6631,-4.44863508164417e-05,4.44863508164417e-05
1800,438110,30,8030,4.445124795893207e-05,4.445124795893207e-05
1801,209659,14,8955,4.4417094613891095e-05,4.4417094613891095e-05
1802,435787,30,5707,-4.441197597770952e-05,4.441197597770952e-05
1803,458473,31,14057,4.43851386080496e-05,4.43851386080496e-05
1804,452937,31,8521,-4.433799767866731e-05,4.433799767866731e-05
1805,165062,11,7366,-4.433779758983292e-05,4.433779758983292e-05
1806,448280,31,3864,-4.4304211769485846e-05,4.4304211769485846e-05
1807,199223,13,12855,4.4289517973084e-05,4.4289517973084e-05
1808,436977,30,6897,-4.4280997826717794e-05,4.4280997826717794e-05
1809,454361,31,9945,4.425436054589227e-05,4.425436054589227e-05
1810,453182,31,8766,-4.424827784532681e-05,4.424827784532681e-05
1811,455910,31,11494,-4.422886195243336e-05,4.422886195243336e-05
1812,453490,31,9074,4.4226995669305325e-05,4.4226995669305325e-05
1813,454384,31,9968,-4.42118507635314e-05,4.42118507635314e-05
1814,449504,31,5088,-4.419477772898972e-05,4.419477772898972e-05
1815,447263,31,2847,4.413075293996371e-05,4.413075293996371e-05
1816,458274,31,13858,-4.410905239637941e-05,4.410905239637941e-05
1817,428345,29,12601,4.4104657717980444e-05,4.4104657717980444e-05
1818,433902,30,3822,4.4097476347815245e-05,4.4097476347815245e-05
1819,450922,31,6506,4.4091786548960954e-05,4.4091786548960954e-05
1820,410064,28,8656,4.408137465361506e-05,4.408137465361506e-05
1821,424985,29,9241,-4.408113090903498e-05,4.408113090903498e-05
1822,354836,24,10772,4.4080425141146407e-05,4.4080425141146407e-05
1823,429949,29,14205,-4.4053220335626975e-05,4.4053220335626975e-05
1824,435981,30,5901,4.4041462388122454e-05,4.4041462388122454e-05
1825,423953,29,8209,-4.402664853841998e-05,4.402664853841998e-05
1826,431040,30,960,-4.402047852636315e-05,4.402047852636315e-05
1827,445534,31,1118,-4.401253681862727e-05,4.401253681862727e-05
1828,434157,30,4077,-4.3960804759990424e-05,4.3960804759990424e-05
1829,454575,31,10159,4.392291884869337e-05,4.392291884869337e-05
1830,446377,31,1961,-4.389472815091722e-05,4.389472815091722e-05
1831,237704,16,8328,-4.38219249190297e-05,4.38219249190297e-05
1832,196770,13,10402,-4.380118480185047e-05,4.380118480185047e-05
1833,446446,31,2030,4.376218203105964e-05,4.376218203105964e-05
1834,434461,30,4381,4.3756983359344304e-05,4.3756983359344304e-05
1835,348477,24,4413,-4.373323463369161e-05,4.373323463369161e-05
1836,454442,31,10026,4.3720869143726304e-05,4.3720869143726304e-05
1837,450474,31,6058,-4.3693224142771214e-05,4.3693224142771214e-05
1838,390759,27,3687,4.369191447040066e-05,4.369191447040066e-05
1839,417649,29,1905,-4.367641668068245e-05,4.367641668068245e-05
1840,443794,30,13714,4.366842404124327e-05,4.366842404124327e-05
1841,458531,31,14115,4.3635820475174114e-05,4.3635820475174114e-05
1842,417116,29,1372,-4.3634841858875006e-05,4.3634841858875006e-05
1843,452730,31,8314,-4.35375259257853e-05,4.35375259257853e-05
1844,447646,31,3230,-4.350636663730256e-05,4.350636663730256e-05
1845,188404,13,2036,-4.350365634309128e-05,4.350365634309128e-05
1846,250888,17,7176,4.347119102021679e-05,4.347119102021679e-05
1847,453757,31,9341,-4.346622881712392e-05,4.346622881712392e-05
1848,456536,31,12120,-4.343176988186315e-05,4.343176988186315e-05
1849,440090,30,10010,4.343140608398244e-05,4.343140608398244e-05
1850,215384,15,344,4.338529834058136e-05,4.338529834058136e-05
1851,441936,30,11856,4.3384527089074254e-05,4.3384527089074254e-05
1852,435894,30,5814,-4.337625432526693e-05,4.337625432526693e-05
1853,447908,31,3492,-4.33670065831393e-05,4.33670065831393e-05
1854,423719,29,7975,4.3355994421290234e-05,4.3355994421290234e-05
1855,251352,17,7640,-4.334830373409204e-05,4.334830373409204e-05
1856,437736,30,7656,4.333338438300416e-05,4.333338438300416e-05
1857,456772,31,12356,-4.3332649511285126e-05,4.3332649511285126e-05
1858,368784,25,10384,-4.332798926043324e-05,4.332798926043324e-05
1859,416457,29,713,4.329612056608312e-05,4.329612056608312e-05
1860,457261,31,12845,-4.3221407395321876e-05,4.3221407395321876e-05
1861,454055,31,9639,-4.319798244978301e-05,4.319798244978301e-05
1862,439312,30,9232,4.31875123467762e-05,4.31875123467762e-05
1863,449647,31,5231,4.3135973101016134e-05,4.3135973101016134e-05
1864,428305,29,12561,-4.311490920372307e-05,4.311490920372307e-05
1865,456807,31,12391,-4.3095755245303735e-05,4.3095755245303735e-05
1866,430606,30,526,4.3094147258671e-05,4.3094147258671e-05
1867,454536,31,10120,-4.307703784434125e-05,4.307703784434125e-05
1868,438024,30,7944,-4.3049258238170296e-05,4.3049258238170296e-05
1869,438831,30,8751,4.3032046960433945e-05,4.3032046960433945e-05
1870,455060,31,10644,4.30304862675257e-05,4.30304862675257e-05
1871,445863,31,1447,4.302155502955429e-05,4.302155502955429e-05
1872,437333,30,7253,4.301785156712867e-05,4.301785156712867e-05
1873,453985,31,9569,-4.2985364416381344e-05,4.2985364416381344e-05
1874,445950,31,1534,4.2969164496753365e-05,4.2969164496753365e-05
1875,445959,31,1543,4.2902978748315945e-05,4.2902978748315945e-05
1876,447481,31,3065,-4.2880874389084056e-05,4.2880874389084056e-05
1877,448615,31,4199,-4.279588029021397e-05,4.279588029021397e-05
1878,255848,17,12136,4.2789659346453846e-05,4.2789659346453846e-05
1879,457935,31,13519,4.2765441321535036e-05,4.2765441321535036e-05
1880,443068,30,12988,-4.276382605894469e-05,4.276382605894469e-05
1881,456789,31,12373,4.271232319297269e-05,4.271232319297269e-05
1882,191906,13,5538,-4.2676540033426136e-05,4.2676540033426136e-05
1883,457198,31,12782,4.2664683860493824e-05,4.2664683860493824e-05
1884,455336,31,10920,4.265921234036796e-05,4.265921234036796e-05
1885,387851,27,779,4.2632058466551825e-05,4.2632058466551825e-05
1886,436031,30,5951,4.262603397364728e-05,4.262603397364728e-05
1887,449198,31,4782,4.26077822339721e-05,4.26077822339721e-05
1888,441030,30,10950,-4.2583000322338194e-05,4.2583000322338194e-05
1889,232661,16,3285,-4.2568888602545485e-05,4.2568888602545485e-05
1890,413372,28,11964,4.256730971974321e-05,4.256730971974321e-05
1891,449042,31,4626,-4.25484795414377e-05,4.25484795414377e-05
1892,446227,31,1811,4.253102088114247e-05,4.253102088114247e-05
1893,443628,30,13548,-4.250257552484982e-05,4.250257552484982e-05
1894,446792,31,2376,-4.245558739057742e-05,4.245558739057742e-05
1895,430986,30,906,-4.245155651005916e-05,4.245155651005916e-05
1896,421900,29,6156,4.244249066687189e-05,4.244249066687189e-05
1897,191938,13,5570,-4.2439634853508323e-05,4.2439634853508323e-05
1898,450694,31,6278,-4.239014015183784e-05,4.239014015183784e-05
1899,455727,31,11311,-4.2263432987965643e-05,4.2263432987965643e-05
1900,452762,31,8346,-4.2254676372976974e-05,4.2254676372976974e-05
1901,439849,30,9769,4.224326403345913e-05,4.224326403345913e-05
1902,456293,31,11877,4.22324264945928e-05,4.22324264945928e-05
1903,445046,31,630,4.221676863380708e-05,4.221676863380708e-05
1904,458680,31,14264,-4.220982009428553e-05,4.220982009428553e-05
1905,432313,30,2233,-4.2201121686957777e-05,4.2201121686957777e-05
1906,242886,16,13510,4.2195268179057166e-05,4.2195268179057166e-05
1907,457425,31,13009,-4.2194242269033566e-05,4.2194242269033566e-05
1908,432833,30,2753,4.2178457078989595e-05,4.2178457078989595e-05
1909,458619,31,14203,4.217824243823998e-05,4.217824243823998e-05
1910,436798,30,6718,4.216573142912239e-05,4.216573142912239e-05
1911,435036,30,4956,-4.212871499476023e-05,4.212871499476023e-05
1912,437777,30,7697,-4.212496423861012e-05,4.212496423861012e-05
1913,453638,31,9222,-4.211156920064241e-05,4.211156920064241e-05
1914,440812,30,10732,-4.207253732602112e-05,4.207253732602112e-05
1915,439770,30,9690,-4.206514495308511e-05,4.206514495308511e-05
1916,448375,31,3959,4.202865238767117e-05,4.202865238767117e-05
1917,184591,12,12559,-4.202206764603034e-05,4.202206764603034e-05
1918,448199,31,3783,4.199164322926663e-05,4.199164322926663e-05
1919,418165,29,2421,-4.198721217107959e-05,4.198721217107959e-05
1920,458126,31,13710,-4.1980852984124795e-05,4.1980852984124795e-05
1921,129826,9,802,4.196966256131418e-05,4.196966256131418e-05
1922,404578,28,3170,-4.1938561480492353e-05,4.1938561480492353e-05
1923,454092,31,9676,-4.185790385236032e-05,4.185790385236032e-05
1924,104072,7,3720,-4.184997669653967e-05,4.184997669653967e-05
1925,423335,29,7591,-4.183522469247691e-05,4.183522469247691e-05
1926,432612,30,2532,4.182987686363049e-05,4.182987686363049e-05
1927,456994,31,12578,4.179989991826005e-05,4.179989991826005e-05
1928,454821,31,10405,4.176944639766589e-05,4.176944639766589e-05
1929,408186,28,6778,-4.1753126424737275e-05,4.1753126424737275e-05
1930,447018,31,2602,4.175104186288081e-05,4.175104186288081e-05
1931,443338,30,13258,-4.173359047854319e-05,4.173359047854319e-05
1932,424386,29,8642,4.1732975660124794e-05,4.1732975660124794e-05
1933,454077,31,9661,4.170816464466043e-05,4.170816464466043e-05
1934,438711,30,8631,-4.1663675801828504e-05,4.1663675801828504e-05
1935,447901,31,3485,4.16480288549792e-05,4.16480288549792e-05
1936,439155,30,9075,-4.152638211962767e-05,4.152638211962767e-05
1937,432889,30,2809,4.152045585215092e-05,4.152045585215092e-05
1938,437797,30,7717,-4.150051245233044e-05,4.150051245233044e-05
1939,439922,30,9842,4.14956703025382e-05,4.14956703025382e-05
1940,251331,17,7619,-4.148167499806732e-05,4.148167499806732e-05
1941,370805,25,12405,4.1473573219263926e-05,4.1473573219263926e-05
1942,406008,28,4600,-4.141713725402951e-05,4.141713725402951e-05
1943,452916,31,8500,4.140890087001026e-05,4.140890087001026e-05
1944,161842,11,4146,-4.140546661801636e-05,4.140546661801636e-05
1945,436540,30,6460,4.13889174524229e-05,4.13889174524229e-05
1946,419238,29,3494,4.1358216549269855e-05,4.1358216549269855e-05
1947,452519,31,8103,4.1358165617566556e-05,4.1358165617566556e-05
1948,446865,31,2449,-4.135244671488181e-05,4.135244671488181e-05
1949,241794,16,12418,4.134696428081952e-05,4.134696428081952e-05
1950,399937,27,12865,4.132396134082228e-05,4.132396134082228e-05
1951,445722,31,1306,4.132276808377355e-05,4.132276808377355e-05
1952,429338,29,13594,4.131829336984083e-05,4.131829336984083e-05
1953,422028,29,6284,-4.130309753236361e-05,4.130309753236361e-05
1954,454731,31,10315,-4.12806766689755e-05,4.12806766689755e-05
1955,454363,31,9947,4.124157931073569e-05,4.124157931073569e-05
1956,415089,28,13681,4.123215694562532e-05,4.123215694562532e-05
1957,185368,12,13336,4.121818346902728e-05,4.121818346902728e-05
1958,450322,31,5906,4.1215800592908636e-05,4.1215800592908636e-05
1959,445685,31,1269,4.118246215512045e-05,4.118246215512045e-05
1960,449419,31,5003,4.117693970329128e-05,4.117693970329128e-05
1961,453664,31,9248,4.1168481402564794e-05,4.1168481402564794e-05
1962,439817,30,9737,4.116660784347914e-05,4.116660784347914e-05
1963,439839,30,9759,-4.115245246794075e-05,4.115245246794075e-05
1964,445146,31,730,4.115221599931829e-05,4.115221599931829e-05
1965,436248,30,6168,4.114237890462391e-05,4.114237890462391e-05
1966,437586,30,7506,4.114069088245742e-05,4.114069088245742e-05
1967,450598,31,6182,-4.111343150725588e-05,4.111343150725588e-05
1968,450972,31,6556,4.1080289520323277e-05,4.1080289520323277e-05
1969,414816,28,13408,4.106641063117422e-05,4.106641063117422e-05
1970,448563,31,4147,-4.1059687646338716e-05,4.1059687646338716e-05
1971,454834,31,10418,4.1058901842916384e-05,4.1058901842916384e-05
1972,454327,31,9911,4.105590778635815e-05,4.105590778635815e-05
1973,434275,30,4195,-4.102474122191779e-05,4.102474122191779e-05
1974,427785,29,12041,-4.102103412151337e-05,4.102103412151337e-05
1975,457655,31,13239,4.102098318981007e-05,4.102098318981007e-05
1976,440602,30,10522,-4.097667260793969e-05,4.097667260793969e-05
1977,436743,30,6663,4.093651659786701e-05,4.093651659786701e-05
1978,458507,31,14091,-4.093323150300421e-05,4.093323150300421e-05
1979,447390,31,2974,4.091687878826633e-05,4.091687878826633e-05
1980,418672,29,2928,4.091150185558945e-05,4.091150185558945e-05
1981,368059,25,9659,4.090667425771244e-05,4.090667425771244e-05
1982,215265,15,225,4.09027561545372e-05,4.09027561545372e-05
1983,442382,30,12302,-4.089153662789613e-05,4.089153662789613e-05
1984,184395,12,12363,4.087574779987335e-05,4.087574779987335e-05
1985,434001,30,3921,-4.0863171307137236e-05,4.0863171307137236e-05
1986,450490,31,6074,-4.0856728446669877e-05,4.0856728446669877e-05
1987,458142,31,13726,-4.084270403836854e-05,4.084270403836854e-05
1988,436689,30,6609,4.0836992411641404e-05,4.0836992411641404e-05
1989,431290,30,1210,-4.08322703151498e-05,4.08322703151498e-05
1990,449785,31,5369,-4.081750739715062e-05,4.081750739715062e-05
1991,455022,31,10606,4.0803304727887735e-05,4.0803304727887735e-05
1992,454212,31,9796,-4.079927384736948e-05,4.079927384736948e-05
1993,448196,31,3780,4.0759434341453016e-05,4.0759434341453016e-05
1994,77413,5,5733,4.074416574439965e-05,4.074416574439965e-05
1995,453038,31,8622,-4.0711700421525165e-05,4.0711700421525165e-05
1996,439579,30,9499,4.0659098885953426e-05,4.0659098885953426e-05
1997,145637,10,2277,4.065768371219747e-05,4.065768371219747e-05
1998,379750,26,7014,4.064137101522647e-05,4.064137101522647e-05
1999,455392,31,10976,-4.064027962158434e-05,4.064027962158434e-05
2000,435074,30,4994,-4.060500577907078e-05,4.060500577907078e-05
2001,450222,31,5806,-4.060359060531482e-05,4.060359060531482e-05
2002,452583,31,8167,-4.0603572415420786e-05,4.0603572415420786e-05
2003,448797,31,4381,4.059870116179809e-05,4.059870116179809e-05
2004,447728,31,3312,-4.059146885992959e-05,4.059146885992959e-05
2005,162829,11,5133,4.054618693771772e-05,4.054618693771772e-05
2006,443667,30,13587,4.053718294017017e-05,4.053718294017017e-05
2007,442916,30,12836,-4.050451025250368e-05,4.050451025250368e-05
2008,452390,31,7974,-4.049674316775054e-05,4.049674316775054e-05
2009,162496,11,4800,-4.0483209886588156e-05,4.0483209886588156e-05
2010,439981,30,9901,-4.0451752283843234e-05,4.0451752283843234e-05
2011,438707,30,8627,4.044326487928629e-05,4.044326487928629e-05
2012,458141,31,13725,4.043466105940752e-05,4.043466105940752e-05
2013,418862,29,3118,4.041868669446558e-05,4.041868669446558e-05
2014,433978,30,3898,-4.0393071685684845e-05,4.0393071685684845e-05
2015,394187,27,7115,4.036036261823028e-05,4.036036261823028e-05
2016,438985,30,8905,4.0354694647248834e-05,4.0354694647248834e-05
2017,444445,31,29,4.033771620015614e-05,4.033771620015614e-05
2018,422629,29,6885,-4.033166260342114e-05,4.033166260342114e-05
2019,245832,17,2120,-4.032815922982991e-05,4.032815922982991e-05
2020,447693,31,3277,4.032665674458258e-05,4.032665674458258e-05
2021,450805,31,6389,4.031147909699939e-05,4.031147909699939e-05
2022,446628,31,2212,-4.028772673336789e-05,4.028772673336789e-05
2023,445024,31,608,4.026079113828018e-05,4.026079113828018e-05
2024,161665,11,3969,4.0189661376643926e-05,4.0189661376643926e-05
2025,449531,31,5115,4.018456093035638e-05,4.018456093035638e-05
2026,451605,31,7189,-4.0136463212547824e-05,4.0136463212547824e-05
2027,242339,16,12963,4.0135611925506964e-05,4.0135611925506964e-05
2028,329444,22,14052,4.012922363472171e-05,4.012922363472171e-05
2029,439257,30,9177,-4.012074350612238e-05,4.012074350612238e-05
2030,429748,29,14004,-4.011945566162467e-05,4.011945566162467e-05
2031,447331,31,2915,4.008044925285503e-05,4.008044925285503e-05
2032,444932,31,516,4.007767711300403e-05,4.007767711300403e-05
2033,447198,31,2782,4.006325616501272e-05,4.006325616501272e-05
2034,375512,26,2776,-4.006032759207301e-05,4.006032759207301e-05
2035,431216,30,1136,-4.002363493782468e-05,4.002363493782468e-05
2036,413232,28,11824,4.0007693314692006e-05,4.0007693314692006e-05
2037,444148,30,14068,3.999793989351019e-05,3.999793989351019e-05
2038,444511,31,95,-3.9996899431571364e-05,3.9996899431571364e-05
2039,374802,26,2066,3.999022374046035e-05,3.999022374046035e-05
2040,447409,31,2993,-3.9988179196370766e-05,3.9988179196370766e-05
2041,456537,31,12121,-3.9959395508049056e-05,3.9959395508049056e-05
2042,424359,29,8615,3.994445069110952e-05,3.994445069110952e-05
2043,401060,27,13988,3.994022335973568e-05,3.994022335973568e-05
2044,455649,31,11233,3.992100027971901e-05,3.992100027971901e-05
2045,430845,30,765,-3.9919730625115335e-05,3.9919730625115335e-05
2046,427601,29,11857,3.9897578972158954e-05,3.9897578972158954e-05
2047,447170,31,2754,3.983829446951859e-05,3.983829446951859e-05
2048,457841,31,13425,3.981775444117375e-05,3.981775444117375e-05
2049,437692,30,7612,3.978841414209455e-05,3.978841414209455e-05
2050,180877,12,8845,-3.978313907282427e-05,3.978313907282427e-05
2051,418571,29,2827,3.9778729842510074e-05,3.9778729842510074e-05
2052,446927,31,2511,3.977292726631276e-05,3.977292726631276e-05
2053,184597,12,12565,-3.9770249713910744e-05,3.9770249713910744e-05
2054,447855,31,3439,-3.975172512582503e-05,3.975172512582503e-05
2055,431414,30,1334,3.974799983552657e-05,3.974799983552657e-05
2056,456424,31,12008,3.97186704503838e-05,3.97186704503838e-05
2057,447052,31,2636,3.9700586057733744e-05,3.9700586057733744e-05
2058,246653,17,2941,-3.964745337725617e-05,3.964745337725617e-05
2059,409298,28,7890,-3.9621339965378866e-05,3.9621339965378866e-05
2060,452510,31,8094,-3.95687748095952e-05,3.95687748095952e-05
2061,235379,16,6003,-3.956675573135726e-05,3.956675573135726e-05
2062,443902,30,13822,3.955926149501465e-05,3.955926149501465e-05
2063,430298,30,218,3.952998304157518e-05,3.952998304157518e-05
2064,454319,31,9903,3.9523245504824445e-05,3.9523245504824445e-05
2065,419889,29,4145,3.948212179238908e-05,3.948212179238908e-05
2066,436749,30,6669,3.9468744944315404e-05,3.9468744944315404e-05
2067,442632,30,12552,3.946181095670909e-05,3.946181095670909e-05
2068,399439,27,12367,3.9403483242494985e-05,3.9403483242494985e-05
2069,179374,12,7342,3.940226815757342e-05,3.940226815757342e-05
2070,444432,31,16,3.939854650525376e-05,3.939854650525376e-05
2071,402438,28,1030,-3.935143104172312e-05,3.935143104172312e-05
2072,454253,31,9837,-3.9328628190560266e-05,3.9328628190560266e-05
2073,410187,28,8779,-3.930295497411862e-05,3.930295497411862e-05
2074,447660,31,3244,3.920143353752792e-05,3.920143353752792e-05
2075,188495,13,2127,3.919659502571449e-05,3.919659502571449e-05
2076,420668,29,4924,-3.917312278645113e-05,3.917312278645113e-05
2077,456585,31,12169,-3.915269917342812e-05,3.915269917342812e-05
2078,445340,31,924,-3.914047192665748e-05,3.914047192665748e-05
2079,447285,31,2869,-3.910798841388896e-05,3.910798841388896e-05
2080,258171,18,123,-3.9070931961759925e-05,3.9070931961759925e-05
2081,205242,14,4538,-3.906287383870222e-05,3.906287383870222e-05
2082,452151,31,7735,-3.906125493813306e-05,3.906125493813306e-05
2083,444493,31,77,3.9033231587382033e-05,3.9033231587382033e-05
2084,453047,31,8631,3.9019894757075235e-05,3.9019894757075235e-05
2085,398541,27,11469,-3.900850788340904e-05,3.900850788340904e-05
2086,402170,28,762,3.8927839341340587e-05,3.8927839341340587e-05
2087,331479,23,1751,3.8916408811928704e-05,3.8916408811928704e-05
2088,440891,30,10811,-3.8890815631020814e-05,3.8890815631020814e-05
2089,269263,18,11215,-3.888990613631904e-05,3.888990613631904e-05
2090,430335,30,255,3.888428182108328e-05,3.888428182108328e-05
2091,343319,23,13591,3.8853901060065255e-05,3.8853901060065255e-05
2092,457040,31,12624,-3.882707460434176e-05,3.882707460434176e-05
2093,451032,31,6616,3.882387682097033e-05,3.882387682097033e-05
2094,421945,29,6201,3.880974691128358e-05,3.880974691128358e-05
2095,418932,29,3188,-3.88006774301175e-05,3.88006774301175e-05
2096,404384,28,2976,3.8762922486057505e-05,3.8762922486057505e-05
2097,427885,29,12141,-3.8755017158109695e-05,3.8755017158109695e-05
2098,450691,31,6275,-3.8723283068975434e-05,3.8723283068975434e-05
2099,457440,31,13024,3.8705642509739846e-05,3.8705642509739846e-05
2100,449179,31,4763,-3.8702652091160417e-05,3.8702652091160417e-05
2101,441391,30,11311,-3.8694786780979484e-05,3.8694786780979484e-05
2102,439701,30,9621,3.863083111355081e-05,3.863083111355081e-05
2103,422018,29,6274,-3.862030280288309e-05,3.862030280288309e-05
2104,450936,31,6520,-3.861926234094426e-05,3.861926234094426e-05
2105,434663,30,4583,3.860568176605739e-05,3.860568176605739e-05
2106,439795,30,9715,3.8587058952543885e-05,3.8587058952543885e-05
2107,458229,31,13813,-3.858576019410975e-05,3.858576019410975e-05
2108,439912,30,9832,-3.8557736843358725e-05,3.8557736843358725e-05
2109,427095,29,11351,3.8551068428205326e-05,3.8551068428205326e-05
2110,453561,31,9145,3.854632450384088e-05,3.854632450384088e-05
2111,448116,31,3700,-3.852925874525681e-05,3.852925874525681e-05
2112,418880,29,3136,-3.8522000977536663e-05,3.8522000977536663e-05
2113,446030,31,1614,3.852011286653578e-05,3.852011286653578e-05
2114,397174,27,10102,-3.8517820939887315e-05,3.8517820939887315e-05
2115,325702,22,10310,3.851202563964762e-05,3.851202563964762e-05
2116,443688,30,13608,3.848519190796651e-05,3.848519190796651e-05
2117,152682,10,9322,3.8483958633150905e-05,3.8483958633150905e-05
2118,453352,31,8936,3.846341496682726e-05,3.846341496682726e-05
2119,423073,29,7329,3.844014281639829e-05,3.844014281639829e-05
2120,436741,30,6661,-3.841725629172288e-05,3.841725629172288e-05
2121,455967,31,11551,3.838501652353443e-05,3.838501652353443e-05
2122,452586,31,8170,-3.838314296444878e-05,3.838314296444878e-05
2123,432306,30,2226,3.8368700188584626e-05,3.8368700188584626e-05
2124,378409,26,5673,3.835835377685726e-05,3.835835377685726e-05
2125,430860,30,780,3.832438960671425e-05,3.832438960671425e-05
2126,447475,31,3059,-3.831599678960629e-05,3.831599678960629e-05
2127,442121,30,12041,3.8300015148706734e-05,3.8300015148706734e-05
2128,449775,31,5359,3.8296897400869057e-05,3.8296897400869057e-05
2129,434232,30,4152,-3.8292448152787983e-05,3.8292448152787983e-05
2130,245706,17,1994,3.825999010587111e-05,3.825999010587111e-05
2131,452981,31,8565,-3.82565485779196e-05,3.82565485779196e-05
2132,445048,31,632,3.8256421248661354e-05,3.8256421248661354e-05
2133,385931,26,13195,3.823311271844432e-05,3.823311271844432e-05
2134,456123,31,11707,3.8231075450312346e-05,3.8231075450312346e-05
2135,455554,31,11138,-3.819949415628798e-05,3.819949415628798e-05
2136,429431,29,13687,-3.8179176044650376e-05,3.8179176044650376e-05
2137,448469,31,4053,3.817090328084305e-05,3.817090328084305e-05
2138,451936,31,7520,3.815598029177636e-05,3.815598029177636e-05
2139,452517,31,8101,3.81546160497237e-05,3.81546160497237e-05
2140,421311,29,5567,3.8154244975885376e-05,3.8154244975885376e-05
2141,430679,30,599,-3.813423973042518e-05,3.813423973042518e-05
2142,451116,31,6700,3.813132207142189e-05,3.813132207142189e-05
2143,222556,15,7516,-3.813002331298776e-05,3.813002331298776e-05
2144,453919,31,9503,-3.812952490989119e-05,3.812952490989119e-05
2145,449664,31,5248,3.8093767216196284e-05,3.8093767216196284e-05
2146,307464,21,6408,3.808686597039923e-05,3.808686597039923e-05
2147,437373,30,7293,-3.80810524802655e-05,3.80810524802655e-05
2148,448166,31,3750,-3.806568565778434e-05,3.806568565778434e-05
2149,448424,31,4008,-3.804001971730031e-05,3.804001971730031e-05
2150,400782,27,13710,-3.8022124499548227e-05,3.8022124499548227e-05
2151,448005,31,3589,3.801698767347261e-05,3.801698767347261e-05
2152,448840,31,4424,3.7989466363796964e-05,3.7989466363796964e-05
2153,451909,31,7493,-3.798443140112795e-05,3.798443140112795e-05
2154,456862,31,12446,-3.798203033511527e-05,3.798203033511527e-05
2155,452865,31,8449,3.796455712290481e-05,3.796455712290481e-05
2156,433376,30,3296,-3.7962057831464335e-05,3.7962057831464335e-05
2157,434022,30,3942,-3.7954767321934924e-05,3.7954767321934924e-05
2158,452831,31,8415,-3.791203198488802e-05,3.791203198488802e-05
2159,68055,4,10711,3.7897712900303304e-05,3.7897712900303304e-05
2160,450138,31,5722,3.78780132450629e-05,3.78780132450629e-05
2161,433755,30,3675,3.784245564020239e-05,3.784245564020239e-05
2162,447659,31,3243,-3.782281783060171e-05,3.782281783060171e-05
2163,403201,28,1793,3.781280611292459e-05,3.781280611292459e-05
2164,452552,31,8136,-3.779667167691514e-05,3.779667167691514e-05
2165,455026,31,10610,-3.779551116167568e-05,3.779551116167568e-05
2166,452953,31,8537,-3.77782853320241e-05,3.77782853320241e-05
2167,254882,17,11170,-3.777709207497537e-05,3.777709207497537e-05
2168,447785,31,3369,3.7776222598040476e-05,3.7776222598040476e-05
2169,450357,31,5941,-3.7767367757624015e-05,3.7767367757624015e-05
2170,449334,31,4918,3.7762813008157536e-05,3.7762813008157536e-05
2171,455899,31,11483,3.7739260733360425e-05,3.7739260733360425e-05
2172,422234,29,6490,3.773640491999686e-05,3.773640491999686e-05
2173,457435,31,13019,3.7711113691329956e-05,3.7711113691329956e-05
2174,272997,19,613,3.77048272639513e-05,3.77048272639513e-05
2175,443818,30,13738,3.7687295844079927e-05,3.7687295844079927e-05
2176,445841,31,1425,3.7684509152313694e-05,3.7684509152313694e-05
2177,428720,29,12976,-3.763578934012912e-05,3.763578934012912e-05
2178,451705,31,7289,-3.763322456507012e-05,3.763322456507012e-05
2179,326321,22,10929,-3.7623678508680314e-05,3.7623678508680314e-05
2180,312826,21,11770,-3.760596155188978e-05,3.760596155188978e-05
2181,457888,31,13472,3.760342951864004e-05,3.760342951864004e-05
2182,444712,31,296,3.759538594749756e-05,3.759538594749756e-05
2183,454259,31,9843,-3.758901220862754e-05,3.758901220862754e-05
2184,405310,28,3902,3.758577804546803e-05,3.758577804546803e-05
2185,458052,31,13636,3.7580521166091785e-05,3.7580521166091785e-05
2186,448546,31,4130,3.757556987693533e-05,3.757556987693533e-05
2187,430723,30,643,-3.755921352421865e-05,3.755921352421865e-05
2188,441969,30,11889,3.755499346880242e-05,3.755499346880242e-05
2189,212021,14,11317,3.755117722903378e-05,3.755117722903378e-05
2190,431641,30,1561,-3.754498902708292e-05,3.754498902708292e-05
2191,457999,31,13583,-3.7544155929936096e-05,3.7544155929936096e-05
2192,454771,31,10355,-3.753192140720785e-05,3.753192140720785e-05
2193,455199,31,10783,-3.7499001336982474e-05,3.7499001336982474e-05
2194,444924,31,508,3.7496047298191115e-05,3.7496047298191115e-05
2195,443920,30,13840,-3.7493646232178435e-05,3.7493646232178435e-05
2196,432756,30,2676,-3.745295907719992e-05,3.745295907719992e-05
2197,414115,28,12707,-3.7452693504747e-05,3.7452693504747e-05
2198,446883,31,2467,-3.7444071494974196e-05,3.7444071494974196e-05
2199,381541,26,8805,-3.744392961380072e-05,3.744392961380072e-05
2200,454206,31,9790,-3.743630804819986e-05,3.743630804819986e-05
2201,430566,30,486,-3.7424822949105874e-05,3.7424822949105874e-05
2202,219408,15,4368,3.741920954780653e-05,3.741920954780653e-05
2203,188932,13,2564,3.7413701647892594e-05,3.7413701647892594e-05
2204,422544,29,6800,-3.7412261008284986e-05,3.7412261008284986e-05
2205,455486,31,11070,3.739988824236207e-05,3.739988824236207e-05
2206,414257,28,12849,3.73814873455558e-05,3.73814873455558e-05
2207,193114,13,6746,3.735951395356096e-05,3.735951395356096e-05
2208,438714,30,8634,3.7359499401645735e-05,3.7359499401645735e-05
2209,446247,31,1831,3.735581412911415e-05,3.735581412911415e-05
2210,411878,28,10470,-3.7346904719015583e-05,3.7346904719015583e-05
2211,451644,31,7228,3.7343714211601764e-05,3.7343714211601764e-05
2212,452352,31,7936,-3.730169919435866e-05,3.730169919435866e-05
2213,439404,30,9324,-3.7292200431693345e-05,3.7292200431693345e-05
2214,32000,2,3328,-3.7288598832674325e-05,3.7288598832674325e-05
2215,395514,27,8442,3.72787872038316e-05,3.72787872038316e-05
2216,430186,30,106,-3.7274774513207376e-05,3.7274774513207376e-05
2217,444944,31,528,3.727395596797578e-05,3.727395596797578e-05
2218,441552,30,11472,3.722039400599897e-05,3.722039400599897e-05
2219,449594,31,5178,3.7196645280346274e-05,3.7196645280346274e-05
2220,449958,31,5542,-3.718903099070303e-05,3.718903099070303e-05
2221,457150,31,12734,3.7179255741648376e-05,3.7179255741648376e-05
2222,456270,31,11854,-3.7174304452491924e-05,3.7174304452491924e-05
2223,428375,29,12631,-3.714924241648987e-05,3.714924241648987e-05
2224,383142,26,10406,-3.71429996448569e-05,3.71429996448569e-05
2225,406628,28,5220,3.712156831170432e-05,3.712156831170432e-05
2226,431390,30,1310,-3.7112658901605755e-05,3.7112658901605755e-05
2227,441745,30,11665,-3.710583769134246e-05,3.710583769134246e-05
2228,430360,30,280,3.7089590477989987e-05,3.7089590477989987e-05
2229,457222,31,12806,3.708594522322528e-05,3.708594522322528e-05
2230,447204,31,2788,3.705517156049609e-05,3.705517156049609e-05
2231,453570,31,9154,-3.7044159398647025e-05,3.7044159398647025e-05
2232,450203,31,5787,-3.7036090361652896e-05,3.7036090361652896e-05
2233,215455,15,415,3.7034664273960516e-05,3.7034664273960516e-05
2234,434335,30,4255,3.70224479411263e-05,3.70224479411263e-05
2235,455023,31,10607,-3.701823516166769e-05,3.701823516166769e-05
2236,431232,30,1152,-3.7004079786129296e-05,3.7004079786129296e-05
2237,444629,31,213,3.699916123878211e-05,3.699916123878211e-05
2238,238952,16,9576,3.699847366078757e-05,3.699847366078757e-05
2239,447029,31,2613,-3.69753033737652e-05,3.69753033737652e-05
2240,410387,28,8979,-3.696302883327007e-05,3.696302883327007e-05
2241,457652,31,13236,3.695907798828557e-05,3.695907798828557e-05
2242,450328,31,5912,-3.695823761518113e-05,3.695823761518113e-05
2243,440367,30,10287,-3.6953744711354375e-05,3.6953744711354375e-05
2244,433933,30,3853,-3.6950066714780405e-05,3.6950066714780405e-05
2245,447494,31,3078,3.6899156839353964e-05,3.6899156839353964e-05
2246,422718,29,6974,-3.689407094498165e-05,3.689407094498165e-05
2247,222401,15,7361,-3.686608397401869e-05,3.686608397401869e-05
2248,276466,19,4082,-3.6854697100352496e-05,3.6854697100352496e-05
2249,445660,31,1244,-3.6828227166552097e-05,3.6828227166552097e-05
2250,437313,30,7233,3.6807025026064366e-05,3.6807025026064366e-05
2251,452351,31,7935,-3.6784884287044406e-05,3.6784884287044406e-05
2252,439974,30,9894,3.676556298159994e-05,3.676556298159994e-05
2253,456021,31,11605,3.6737077607540414e-05,3.6737077607540414e-05
2254,452306,31,7890,3.673540777526796e-05,3.673540777526796e-05
2255,446658,31,2242,3.6732846638187766e-05,3.6732846638187766e-05
2256,438468,30,8388,3.672557431855239e-05,3.672557431855239e-05
2257,458418,31,14002,3.670876321848482e-05,3.670876321848482e-05
2258,452747,31,8331,-3.665361873572692e-05,3.665361873572692e-05
2259,444129,30,14049,-3.665326948976144e-05,3.665326948976144e-05
2260,445565,31,1149,-3.6607507354347035e-05,3.6607507354347035e-05
2261,420465,29,4721,3.660353468148969e-05,3.660353468148969e-05
2262,360084,25,1684,3.6594210541807115e-05,3.6594210541807115e-05
2263,247756,17,4044,3.6577523133018985e-05,3.6577523133018985e-05
2264,444845,31,429,-3.657536581158638e-05,3.657536581158638e-05
2265,320915,22,5523,-3.6529250792227685e-05,3.6529250792227685e-05
2266,183269,12,11237,-3.6511399230221286e-05,3.6511399230221286e-05
2267,176349,12,4317,3.6505658499663696e-05,3.6505658499663696e-05
2268,444320,30,14240,3.648149504442699e-05,3.648149504442699e-05
2269,319825,22,4433,3.646593540906906e-05,3.646593540906906e-05
2270,453130,31,8714,-3.646387267508544e-05,3.646387267508544e-05
2271,399905,27,12833,3.645286415121518e-05,3.645286415121518e-05
2272,370555,25,12155,-3.6445679143071175e-05,3.6445679143071175e-05
2273,396662,27,9590,3.6435681977309287e-05,3.6435681977309287e-05
2274,432023,30,1943,3.643402305897325e-05,3.643402305897325e-05
2275,405227,28,3819,3.64260959031526e-05,3.64260959031526e-05
2276,313370,21,12314,-3.6422548873815686e-05,3.6422548873815686e-05
2277,425793,29,10049,3.640499562607147e-05,3.640499562607147e-05
2278,356076,24,12012,3.6372399335959926e-05,3.6372399335959926e-05
2279,433081,30,3001,-3.6371762689668685e-05,3.6371762689668685e-05
2280,445680,31,1264,3.635115717770532e-05,3.635115717770532e-05
2281,448325,31,3909,-3.633934466051869e-05,3.633934466051869e-05
2282,432714,30,2634,-3.633585220086388e-05,3.633585220086388e-05
2283,430437,30,357,3.632741209003143e-05,3.632741209003143e-05
2284,199784,13,13416,3.632581137935631e-05,3.632581137935631e-05
2285,453159,31,8743,3.631627623690292e-05,3.631627623690292e-05
2286,314454,21,13398,3.631482468335889e-05,3.631482468335889e-05
2287,453501,31,9085,-3.6288689443608746e-05,3.6288689443608746e-05
2288,236424,16,7048,3.62876926374156e-05,3.62876926374156e-05
2289,430508,30,428,3.6256398743717e-05,3.6256398743717e-05
2290,446745,31,2329,-3.6225468647899106e-05,3.6225468647899106e-05
2291,436500,30,6420,3.6198289308231324e-05,3.6198289308231324e-05
2292,422917,29,7173,3.618852133513428e-05,3.618852133513428e-05
2293,282154,19,9770,3.617711263359524e-05,3.617711263359524e-05
2294,195871,13,9503,-3.6174857086734846e-05,3.6174857086734846e-05
2295,448816,31,4400,3.616655885707587e-05,3.616655885707587e-05
2296,431394,30,1314,-3.612818181863986e-05,3.612818181863986e-05
2297,451930,31,7514,3.607320104492828e-05,3.607320104492828e-05
2298,434605,30,4525,3.60483827535063e-05,3.60483827535063e-05
2299,441107,30,11027,3.604488301789388e-05,3.604488301789388e-05
2300,446714,31,2298,3.603843288146891e-05,3.603843288146891e-05
2301,457538,31,13122,-3.60372505383566e-05,3.60372505383566e-05
2302,417202,29,1458,3.603454024414532e-05,3.603454024414532e-05
2303,457098,31,12682,3.6034281947650015e-05,3.6034281947650015e-05
2304,440035,30,9955,-3.6029003240400925e-05,3.6029003240400925e-05
2305,448240,31,3824,3.598739203880541e-05,3.598739203880541e-05
2306,406284,28,4876,-3.598400508053601e-05,3.598400508053601e-05
2307,458526,31,14110,-3.5983597626909614e-05,3.5983597626909614e-05
2308,236377,16,7001,3.597790782805532e-05,3.597790782805532e-05
2309,453029,31,8613,3.594970257836394e-05,3.594970257836394e-05
2310,206157,14,5453,-3.5941502574132755e-05,3.5941502574132755e-05
2311,438389,30,8309,-3.593912333599292e-05,3.593912333599292e-05
2312,449743,31,5327,3.593512883526273e-05,3.593512883526273e-05
2313,450042,31,5626,-3.5932072933064774e-05,3.5932072933064774e-05
2314,455987,31,11571,-3.5925753763876855e-05,3.5925753763876855e-05
2315,407786,28,6378,-3.5923341783927754e-05,3.5923341783927754e-05
2316,449575,31,5159,3.5921413655159995e-05,3.5921413655159995e-05
2317,442451,30,12371,3.591588028939441e-05,3.591588028939441e-05
2318,456114,31,11698,3.5914170439355075e-05,3.5914170439355075e-05
2319,347707,24,3643,3.59022305929102e-05,3.59022305929102e-05
2320,449438,31,5022,-3.5892844607587904e-05,3.5892844607587904e-05
2321,283044,19,10660,-3.587156243156642e-05,3.587156243156642e-05
2322,334502,23,4774,3.5824192309519276e-05,3.5824192309519276e-05
2323,426635,29,10891,-3.582312274374999e-05,3.582312274374999e-05
2324,445634,31,1218,-3.581913551897742e-05,3.581913551897742e-05
2325,210780,14,10076,3.579891927074641e-05,3.579891927074641e-05
2326,425996,29,10252,-3.579141775844619e-05,3.579141775844619e-05
2327,445347,31,931,3.57727003574837e-05,3.57727003574837e-05
2328,430146,30,66,3.574246875359677e-05,3.574246875359677e-05
2329,396683,27,9611,3.5726086935028434e-05,3.5726086935028434e-05
2330,452403,31,7987,3.566524537745863e-05,3.566524537745863e-05
2331,437041,30,6961,-3.565969382179901e-05,3.565969382179901e-05
2332,454751,31,10335,3.5657430998981e-05,3.5657430998981e-05
2333,452375,31,7959,-3.5652319638757035e-05,3.5652319638757035e-05
2334,449901,31,5485,3.5643264709506184e-05,3.5643264709506184e-05
2335,449041,31,4625,-3.563476639101282e-05,3.563476639101282e-05
2336,418541,29,2797,3.5626188036985695e-05,3.5626188036985695e-05
2337,138823,9,9799,3.5606175515567884e-05,3.5606175515567884e-05
2338,448134,31,3718,-3.560227924026549e-05,3.560227924026549e-05
2339,455246,31,10830,3.559844117262401e-05,3.559844117262401e-05
2340,457735,31,13319,-3.559608740033582e-05,3.559608740033582e-05
2341,344884,24,820,3.558479875209741e-05,3.558479875209741e-05
2342,415328,28,13920,-3.557636955520138e-05,3.557636955520138e-05
2343,453043,31,8627,-3.5574776120483875e-05,3.5574776120483875e-05
2344,455737,31,11321,3.5572211345424876e-05,3.5572211345424876e-05
2345,446645,31,2229,-3.556816591299139e-05,3.556816591299139e-05
2346,451293,31,6877,-3.556516094249673e-05,3.556516094249673e-05
2347,430919,30,839,3.5561915865400806e-05,3.5561915865400806e-05
2348,455109,31,10693,-3.555583316483535e-05,3.555583316483535e-05
2349,229095,15,14055,-3.554851355147548e-05,3.554851355147548e-05
2350,260508,18,2460,3.554792783688754e-05,3.554792783688754e-05
2351,437069,30,6989,-3.5529730666894466e-05,3.5529730666894466e-05
2352,294173,20,7453,3.5521676181815565e-05,3.5521676181815565e-05
2353,446704,31,2288,-3.551722693373449e-05,3.551722693373449e-05
2354,229000,15,13960,3.5506902349879965e-05,3.5506902349879965e-05
2355,408925,28,7517,-3.5495646443450823e-05,3.5495646443450823e-05
2356,448670,31,4254,3.548507811501622e-05,3.548507811501622e-05
2357,200234,13,13866,-3.5462569940136746e-05,3.5462569940136746e-05
2358,449068,31,4652,-3.5443055821815506e-05,3.5443055821815506e-05
2359,436805,30,6725,-3.541136902640574e-05,3.541136902640574e-05
2360,446649,31,2233,3.540885154507123e-05,3.540885154507123e-05
2361,442650,30,12570,3.5398225008975714e-05,3.5398225008975714e-05
2362,446702,31,2286,3.538140663295053e-05,3.538140663295053e-05
2363,446394,31,1978,3.5377208405407146e-05,3.5377208405407146e-05
2364,435869,30,5789,-3.53614886989817e-05,3.53614886989817e-05
2365,416267,29,523,-3.536079020705074e-05,3.536079020705074e-05
2366,435148,30,5068,3.5343848139746115e-05,3.5343848139746115e-05
2367,441529,30,11449,3.5333341656951234e-05,3.5333341656951234e-05
2368,333069,23,3341,3.532765185809694e-05,3.532765185809694e-05
2369,447328,31,2912,3.531432230374776e-05,3.531432230374776e-05
2370,401336,27,14264,3.528984962031245e-05,3.528984962031245e-05
2371,445704,31,1288,-3.528558954712935e-05,3.528558954712935e-05
2372,438498,30,8418,3.527892113197595e-05,3.527892113197595e-05
2373,414687,28,13279,3.5258399293525144e-05,3.5258399293525144e-05
2374,444522,31,106,3.5255459806649014e-05,3.5255459806649014e-05
2375,157738,11,42,-3.524659769027494e-05,3.524659769027494e-05
2376,446563,31,2147,-3.5243112506577745e-05,3.5243112506577745e-05
2377,442996,30,12916,3.5219534765928984e-05,3.5219534765928984e-05
2378,446479,31,2063,3.520386599120684e-05,3.520386599120684e-05
2379,457870,31,13454,-3.520290192682296e-05,3.520290192682296e-05
2380,458224,31,13808,3.520036625559442e-05,3.520036625559442e-05
2381,456080,31,11664,-3.519775782478973e-05,3.519775782478973e-05
2382,436644,30,6564,-3.5143442801199853e-05,3.5143442801199853e-05
2383,387880,27,808,-3.513804040267132e-05,3.513804040267132e-05
2384,442105,30,12025,-3.5126842703903094e-05,3.5126842703903094e-05
2385,444442,31,26,-3.511462637106888e-05,3.511462637106888e-05
2386,454916,31,10500,-3.5106684663333e-05,3.5106684663333e-05
2387,445903,31,1487,3.5104425478493795e-05,3.5104425478493795e-05
2388,453475,31,9059,3.5099998058285564e-05,3.5099998058285564e-05
2389,448662,31,4246,-3.508655208861455e-05,3.508655208861455e-05
2390,448580,31,4164,3.508007284835912e-05,3.508007284835912e-05
2391,256233,17,12521,3.506424036459066e-05,3.506424036459066e-05
2392,444494,31,78,3.506240318529308e-05,3.506240318529308e-05
2393,299943,20,13223,3.505131462588906e-05,3.505131462588906e-05
2394,379159,26,6423,3.5049746657023206e-05,3.5049746657023206e-05
2395,434842,30,4762,3.501907849567942e-05,3.501907849567942e-05
2396,448991,31,4575,-3.497349098324776e-05,3.497349098324776e-05
2397,222922,15,7882,3.496769932098687e-05,3.496769932098687e-05
2398,435552,30,5472,3.4949563996633515e-05,3.4949563996633515e-05
2399,197780,13,11412,3.4931752452393994e-05,3.4931752452393994e-05
2400,451016,31,6600,3.492165342322551e-05,3.492165342322551e-05
2401,446868,31,2452,-3.490647577564232e-05,3.490647577564232e-05
2402,455085,31,10669,3.4886368666775525e-05,3.4886368666775525e-05
2403,228300,15,13260,3.4881551982834935e-05,3.4881551982834935e-05
2404,440806,30,10726,3.488024594844319e-05,3.488024594844319e-05
2405,306336,21,5280,-3.4860549931181595e-05,3.4860549931181595e-05
2406,458383,31,13967,-3.485591150820255e-05,3.485591150820255e-05
2407,450992,31,6576,3.485547858872451e-05,3.485547858872451e-05
2408,161954,11,4258,-3.484353146632202e-05,3.484353146632202e-05
2409,217298,15,2258,3.4826549381250516e-05,3.4826549381250516e-05
2410,458015,31,13599,3.4803371818270534e-05,3.4803371818270534e-05
2411,452727,31,8311,3.480006489553489e-05,3.480006489553489e-05
2412,445533,31,1117,-3.4798780689015985e-05,3.4798780689015985e-05
2413,455655,31,11239,3.476733763818629e-05,3.476733763818629e-05
2414,451759,31,7343,3.475950506981462e-05,3.475950506981462e-05
2415,408157,28,6749,3.475781704764813e-05,3.475781704764813e-05
2416,35792,2,7120,3.475445555523038e-05,3.475445555523038e-05
2417,416672,29,928,-3.474493496469222e-05,3.474493496469222e-05
2418,244660,17,948,-3.4744589356705546e-05,3.4744589356705546e-05
2419,436896,30,6816,3.4743487049127e-05,3.4743487049127e-05
2420,444984,31,568,-3.472853859420866e-05,3.472853859420866e-05
2421,335201,23,5473,-3.472709795460105e-05,3.472709795460105e-05
2422,455416,31,11000,-3.4724700526567176e-05,3.4724700526567176e-05
2423,453571,31,9155,-3.468535214778967e-05,3.468535214778967e-05
2424,201294,14,590,-3.4679669624892995e-05,3.4679669624892995e-05
2425,457923,31,13507,-3.463715984253213e-05,3.463715984253213e-05
2426,447737,31,3321,3.463306711637415e-05,3.463306711637415e-05
2427,250624,17,6912,-3.46228334819898e-05,3.46228334819898e-05
2428,419798,29,4054,3.462278618826531e-05,3.462278618826531e-05
2429,402447,28,1039,3.461551386862993e-05,3.461551386862993e-05
2430,443993,30,13913,-3.461515734670684e-05,3.461515734670684e-05
2431,458058,31,13642,3.461346204858273e-05,3.461346204858273e-05
2432,250647,17,6935,3.4595221222843975e-05,3.4595221222843975e-05
2433,430762,30,682,-3.457338971202262e-05,3.457338971202262e-05
2434,434620,30,4540,3.455984915490262e-05,3.455984915490262e-05
2435,446999,31,2583,-3.4556931495899335e-05,3.4556931495899335e-05
2436,454721,31,10305,3.4551991120679304e-05,3.4551991120679304e-05
2437,455385,31,10969,3.453423414612189e-05,3.453423414612189e-05
2438,398363,27,11291,3.452478631515987e-05,3.452478631515987e-05
2439,445156,31,740,-3.452366581768729e-05,3.452366581768729e-05
2440,286229,19,13845,-3.4523469366831705e-05,3.4523469366831705e-05
2441,167990,11,10294,3.451744851190597e-05,3.451744851190597e-05
2442,449500,31,5084,3.4488795790821314e-05,3.4488795790821314e-05
2443,439793,30,9713,3.448185816523619e-05,3.448185816523619e-05
2444,439295,30,9215,3.446461778366938e-05,3.446461778366938e-05
2445,439634,30,9554,3.445625043241307e-05,3.445625043241307e-05
2446,268171,18,10123,3.445291076786816e-05,3.445291076786816e-05
2447,449603,31,5187,3.4442160540493205e-05,3.4442160540493205e-05
2448,420119,29,4375,3.4425534977344796e-05,3.4425534977344796e-05
2449,445120,31,704,3.441992521402426e-05,3.441992521402426e-05
2450,455191,31,10775,3.44125583069399e-05,3.44125583069399e-05
2451,443740,30,13660,3.440841464907862e-05,3.440841464907862e-05
2452,420534,29,4790,-3.4399869036860764e-05,3.4399869036860764e-05
2453,413754,28,12346,-3.439246938796714e-05,3.439246938796714e-05
2454,400176,27,13104,-3.439106876612641e-05,3.439106876612641e-05
2455,435248,30,5168,3.4386808692943305e-05,3.4386808692943305e-05
2456,449194,31,4778,3.4382504964014515e-05,3.4382504964014515e-05
2457,458265,31,13849,-3.4371234505670145e-05,3.4371234505670145e-05
2458,436830,30,6750,3.4363441955065355e-05,3.4363441955065355e-05
2459,432536,30,2456,3.4361266443738714e-05,3.4361266443738714e-05
2460,386801,26,14065,3.434475729591213e-05,3.434475729591213e-05
2461,407914,28,6506,-3.433481833781116e-05,3.433481833781116e-05
2462,448621,31,4205,-3.4332319046370685e-05,3.4332319046370685e-05
2463,444454,31,38,3.4328953915974125e-05,3.4328953915974125e-05
2464,433811,30,3731,-3.428780837566592e-05,3.428780837566592e-05
2465,455177,31,10761,-3.4246506402269006e-05,3.4246506402269006e-05
2466,458398,31,13982,3.423447924433276e-05,3.423447924433276e-05
2467,399678,27,12606,-3.42277271556668e-05,3.42277271556668e-05
2468,454895,31,10479,-3.422244844841771e-05,3.422244844841771e-05
2469,444337,30,14257,3.4208693250548095e-05,3.4208693250548095e-05
2470,364221,25,5821,3.4147222322644666e-05,3.4147222322644666e-05
2471,450793,31,6377,3.413972808630206e-05,3.413972808630206e-05
2472,456358,31,11942,3.411558282095939e-05,3.411558282095939e-05
2473,452900,31,8484,-3.411236320971511e-05,3.411236320971511e-05
2474,243316,16,13940,-3.40960941684898e-05,3.40960941684898e-05
2475,402324,28,916,3.409476994420402e-05,3.409476994420402e-05
2476,455434,31,11018,3.409470082260668e-05,3.409470082260668e-05
2477,418664,29,2920,-3.4085365768987685e-05,3.4085365768987685e-05
2478,430795,30,715,3.40851183864288e-05,3.40851183864288e-05
2479,446430,31,2014,3.408297925489023e-05,3.408297925489023e-05
2480,452971,31,8555,3.407469193916768e-05,3.407469193916768e-05
2481,201511,14,807,3.407421172596514e-05,3.407421172596514e-05
2482,452956,31,8540,3.406628093216568e-05,3.406628093216568e-05
2483,427393,29,11649,-3.402234142413363e-05,3.402234142413363e-05
2484,453794,31,9378,3.4004471672233194e-05,3.4004471672233194e-05
2485,418353,29,2609,-3.3984491892624646e-05,3.3984491892624646e-05
2486,424337,29,8593,3.397634282009676e-05,3.397634282009676e-05
2487,447654,31,3238,-3.396925239940174e-05,3.396925239940174e-05
2488,336402,23,6674,3.39660000463482e-05,3.39660000463482e-05
2489,378223,26,5487,-3.393731822143309e-05,3.393731822143309e-05
2490,447027,31,2611,3.3933683880604804e-05,3.3933683880604804e-05
2491,217387,15,2347,3.393187580513768e-05,3.393187580513768e-05
2492,404832,28,3424,-3.39288599207066e-05,3.39288599207066e-05
2493,399864,27,12792,-3.392758299014531e-05,3.392758299014531e-05
2494,437752,30,7672,-3.3921936847036704e-05,3.3921936847036704e-05
2495,423253,29,7509,-3.3918469853233546e-05,3.3918469853233546e-05
2496,201735,14,1031,-3.3907414035638794e-05,3.3907414035638794e-05
2497,432074,30,1994,3.3906639146152884e-05,3.3906639146152884e-05
2498,457633,31,13217,-3.388915865798481e-05,3.388915865798481e-05
2499,454152,31,9736,-3.387501055840403e-05,3.387501055840403e-05
2500,436862,30,6782,-3.386850585229695e-05,3.386850585229695e-05
2501,428526,29,12782,3.3864318538689986e-05,3.3864318538689986e-05
2502,454607,31,10191,-3.3850395993795246e-05,3.3850395993795246e-05
2503,450619,31,6203,-3.3830121537903324e-05,3.3830121537903324e-05
2504,418915,29,3171,3.382548311492428e-05,3.382548311492428e-05
2505,403872,28,2464,-3.3820124372141436e-05,3.3820124372141436e-05
2506,449435,31,5019,-3.3808493753895164e-05,3.3808493753895164e-05
2507,417977,29,2233,-3.3794971386669204e-05,3.3794971386669204e-05
2508,289087,20,2367,-3.377325629116967e-05,3.377325629116967e-05
2509,452810,31,8394,3.374460357008502e-05,3.374460357008502e-05
2510,447367,31,2951,-3.3743770472938195e-05,3.3743770472938195e-05
2511,453481,31,9065,3.373061554157175e-05,3.373061554157175e-05
2512,448306,31,3890,3.3704065572237596e-05,3.3704065572237596e-05
2513,257192,17,13480,3.369943442521617e-05,3.369943442521617e-05
2514,448686,31,4270,3.3696149330353364e-05,3.3696149330353364e-05
2515,418668,29,2924,-3.369396654306911e-05,3.369396654306911e-05
2516,447206,31,2790,-3.369362821104005e-05,3.369362821104005e-05
2517,422890,29,7146,-3.368603211129084e-05,3.368603211129084e-05
2518,447671,31,3255,3.366112650837749e-05,3.366112650837749e-05
2519,456344,31,11928,-3.364250369486399e-05,3.364250369486399e-05
2520,257808,17,14096,3.362721690791659e-05,3.362721690791659e-05
2521,451629,31,7213,-3.360932896612212e-05,3.360932896612212e-05
2522,195351,13,8983,-3.360692790010944e-05,3.360692790010944e-05
2523,411396,28,9988,3.3598291338421404e-05,3.3598291338421404e-05
2524,419180,29,3436,3.3582291507627815e-05,3.3582291507627815e-05
2525,439694,30,9614,3.3579101000213996e-05,3.3579101000213996e-05
2526,456712,31,12296,3.357645255164243e-05,3.357645255164243e-05
2527,236927,16,7551,3.355964145157486e-05,3.355964145157486e-05
2528,443226,30,13146,-3.354664295329712e-05,3.354664295329712e-05
2529,436283,30,6203,-3.3533280657138675e-05,3.3533280657138675e-05
2530,426102,29,10358,3.3531054214108735e-05,3.3531054214108735e-05
2531,445051,31,635,3.349465987412259e-05,3.349465987412259e-05
2532,458304,31,13888,3.3490727219032124e-05,3.3490727219032124e-05
2533,223244,15,8204,-3.347772144479677e-05,3.347772144479677e-05
2534,430869,30,789,-3.346079392940737e-05,3.346079392940737e-05
2535,447025,31,2609,-3.344976721564308e-05,3.344976721564308e-05
2536,421218,29,5474,3.344173819641583e-05,3.344173819641583e-05
2537,446627,31,2211,3.343829666846432e-05,3.343829666846432e-05
2538,450001,31,5585,3.3435011573601514e-05,3.3435011573601514e-05
2539,363369,25,4969,-3.341019692015834e-05,3.341019692015834e-05
2540,454179,31,9763,3.339696195325814e-05,3.339696195325814e-05
2541,454304,31,9888,-3.339105751365423e-05,3.339105751365423e-05
2542,236976,16,7600,3.3390704629709944e-05,3.3390704629709944e-05
2543,439384,30,9304,3.3382646506652236e-05,3.3382646506652236e-05
2544,413521,28,12113,3.337793532409705e-05,3.337793532409705e-05
2545,448290,31,3874,3.337232556077652e-05,3.337232556077652e-05
2546,402996,28,1588,-3.3344407711410895e-05,3.3344407711410895e-05
2547,447765,31,3349,3.332929918542504e-05,3.332929918542504e-05
2548,258723,18,675,3.33274292643182e-05,3.33274292643182e-05
2549,434095,30,4015,3.3307631383650005e-05,3.3307631383650005e-05
2550,446844,31,2428,3.330694016767666e-05,3.330694016767666e-05
2551,452309,31,7893,3.3282125514233485e-05,3.3282125514233485e-05
2552,440405,30,10325,3.325891884742305e-05,3.325891884742305e-05
2553,420039,29,4295,-3.3253680157940835e-05,3.3253680157940835e-05
2554,395645,27,8573,-3.32528943545185e-05,3.32528943545185e-05
2555,434476,30,4396,3.3248077670577914e-05,3.3248077670577914e-05
2556,457685,31,13269,-3.3240456104977056e-05,3.3240456104977056e-05
2557,439777,30,9697,3.323816417832859e-05,3.323816417832859e-05
2558,456684,31,12268,3.3236119634239e-05,3.3236119634239e-05
2559,431330,30,1250,-3.31961564370431e-05,3.31961564370431e-05
2560,456227,31,11811,3.318610833957791e-05,3.318610833957791e-05
2561,450032,31,5616,-3.317076698294841e-05,3.317076698294841e-05
2562,418205,29,2461,-3.317027949378826e-05,3.317027949378826e-05
2563,457516,31,13100,-3.313590423204005e-05,3.313590423204005e-05
2564,447188,31,2772,3.3135045669041574e-05,3.3135045669041574e-05
2565,440617,30,10537,-3.313313573016785e-05,3.313313573016785e-05
2566,239275,16,9899,-3.310533793410286e-05,3.310533793410286e-05
2567,456253,31,11837,3.309215753688477e-05,3.309215753688477e-05
2568,453277,31,8861,-3.30798102368135e-05,3.30798102368135e-05
2569,447795,31,3379,3.306985308881849e-05,3.306985308881849e-05
2570,438864,30,8784,-3.306410872028209e-05,3.306410872028209e-05
2571,450052,31,5636,3.304855999886058e-05,3.304855999886058e-05
2572,412549,28,11141,3.3043877920135856e-05,3.3043877920135856e-05
2573,345749,24,1685,3.301042670500465e-05,3.301042670500465e-05
2574,451996,31,7580,3.3009928301908076e-05,3.3009928301908076e-05
2575,446010,31,1594,-3.2990152249112725e-05,3.2990152249112725e-05
2576,449515,31,5099,3.298912270111032e-05,3.298912270111032e-05
2577,441740,30,11660,-3.2982108677970245e-05,3.2982108677970245e-05
2578,432152,30,2072,-3.297763760201633e-05,3.297763760201633e-05
2579,432330,30,2250,3.296646536909975e-05,3.296646536909975e-05
2580,455114,31,10698,-3.294757698313333e-05,3.294757698313333e-05
2581,235897,16,6521,-3.293559711892158e-05,3.293559711892158e-05
2582,456517,31,12101,-3.2914824259933084e-05,3.2914824259933084e-05
2583,434422,30,4342,3.29034446622245e-05,3.29034446622245e-05
2584,171802,11,14106,-3.289945743745193e-05,3.289945743745193e-05
2585,419530,29,3786,-3.289330561528914e-05,3.289330561528914e-05
2586,450264,31,5848,-3.288865991635248e-05,3.288865991635248e-05
2587,450642,31,6226,3.288418520241976e-05,3.288418520241976e-05
2588,436400,30,6320,-3.2881787774385884e-05,3.2881787774385884e-05
2589,418667,29,2923,-3.287064464529976e-05,3.287064464529976e-05
2590,444818,31,402,3.285911589046009e-05,3.285911589046009e-05
2591,453815,31,9399,-3.284776539658196e-05,3.284776539658196e-05
2592,402756,28,1348,3.284765261923894e-05,3.284765261923894e-05
2593,419460,29,3716,-3.282973193563521e-05,3.282973193563521e-05
2594,421529,29,5785,-3.282116449554451e-05,3.282116449554451e-05
2595,446002,31,1586,3.2787207601359114e-05,3.2787207601359114e-05
2596,433953,30,3873,-3.2783063943497837e-05,3.2783063943497837e-05
2597,219819,15,4779,3.278256917838007e-05,3.278256917838007e-05
2598,431682,30,1602,-3.278040821896866e-05,3.278040821896866e-05
2599,443926,30,13846,-3.2776224543340504e-05,3.2776224543340504e-05
2600,431050,30,970,-3.2755695428932086e-05,3.2755695428932086e-05
2601,451042,31,6626,-3.2754382118582726e-05,3.2754382118582726e-05
2602,249894,17,6182,-3.275371273048222e-05,3.275371273048222e-05
2603,429073,29,13329,3.2750118407420814e-05,3.2750118407420814e-05
2604,447240,31,2824,3.2730164093663916e-05,3.2730164093663916e-05
2605,435751,30,5671,-3.272866160841659e-05,3.272866160841659e-05
2606,438429,30,8349,-3.2726464269217104e-05,3.2726464269217104e-05
2607,437207,30,7127,-3.269543594797142e-05,3.269543594797142e-05
2608,377798,26,5062,-3.269455919507891e-05,3.269455919507891e-05
2609,434211,30,4131,3.2692336390027776e-05,3.2692336390027776e-05
2610,451484,31,7068,-3.269064472988248e-05,3.269064472988248e-05
2611,446771,31,2355,3.2688672945369035e-05,3.2688672945369035e-05
2612,451053,31,6637,3.266558633185923e-05,3.266558633185923e-05
2613,423069,29,7325,3.262973768869415e-05,3.262973768869415e-05
2614,456469,31,12053,3.260630546719767e-05,3.260630546719767e-05
2615,200782,14,78,3.2606174499960616e-05,3.2606174499960616e-05
2616,431464,30,1384,3.2588137401035056e-05,3.2588137401035056e-05
2617,438552,30,8472,3.258384458604269e-05,3.258384458604269e-05
2618,446284,31,1868,-3.2576266676187515e-05,3.2576266676187515e-05
2619,399524,27,12452,-3.256925629102625e-05,3.256925629102625e-05
2620,453138,31,8722,-3.2565232686465606e-05,3.2565232686465606e-05
2621,458123,31,13707,-3.256445052102208e-05,3.256445052102208e-05
2622,450359,31,5943,-3.256391210015863e-05,3.256391210015863e-05
2623,182899,12,10867,3.2561467378400266e-05,3.2561467378400266e-05
2624,427440,29,11696,3.255296542192809e-05,3.255296542192809e-05
2625,435274,30,5194,-3.254562398069538e-05,3.254562398069538e-05
2626,442123,30,12043,-3.254233888583258e-05,3.254233888583258e-05
2627,403042,28,1634,3.253993054386228e-05,3.253993054386228e-05
2628,453787,31,9371,-3.253711111028679e-05,3.253711111028679e-05
2629,451295,31,6879,3.253566683270037e-05,3.253566683270037e-05
2630,447812,31,3396,-3.253051545470953e-05,3.253051545470953e-05
2631,409987,28,8579,3.251082307542674e-05,3.251082307542674e-05
2632,110946,7,10594,-3.2506704883417115e-05,3.2506704883417115e-05
2633,319774,22,4382,-3.2504252885701135e-05,3.2504252885701135e-05
2634,450888,31,6472,3.250418012612499e-05,3.250418012612499e-05
2635,426298,29,10554,3.2503288821317255e-05,3.2503288821317255e-05
2636,445271,31,855,-3.250185545766726e-05,3.250185545766726e-05
2637,391182,27,4110,-3.247743734391406e-05,3.247743734391406e-05
2638,446966,31,2550,3.2470805308548734e-05,3.2470805308548734e-05
2639,441911,30,11831,3.246488267905079e-05,3.246488267905079e-05
2640,444075,30,13995,-3.2463223760714754e-05,3.2463223760714754e-05
2641,418057,29,2313,-3.244774416089058e-05,3.244774416089058e-05
2642,265892,18,7844,3.243840183131397e-05,3.243840183131397e-05
2643,197773,13,11405,-3.243096944061108e-05,3.243096944061108e-05
2644,427201,29,11457,-3.243086757720448e-05,3.243086757720448e-05
2645,430949,30,869,3.243056562496349e-05,3.243056562496349e-05
2646,176995,12,4963,3.241279409849085e-05,3.241279409849085e-05
2647,422305,29,6561,-3.2408395782113075e-05,3.2408395782113075e-05
2648,454069,31,9653,-3.2379135518567637e-05,3.2379135518567637e-05
2649,454150,31,9734,-3.237195051042363e-05,3.237195051042363e-05
2650,332300,23,2572,-3.234855830669403e-05,3.234855830669403e-05
2651,457689,31,13273,3.234400719520636e-05,3.234400719520636e-05
2652,172212,12,180,-3.234148243791424e-05,3.234148243791424e-05
2653,458149,31,13733,3.23275089613162e-05,3.23275089613162e-05
2654,321916,22,6524,-3.231345908716321e-05,3.231345908716321e-05
2655,448733,31,4317,3.227435445296578e-05,3.227435445296578e-05
2656,457752,31,13336,-3.227368870284408e-05,3.227368870284408e-05
2657,242533,16,13157,3.226759872632101e-05,3.226759872632101e-05
2658,417114,29,1370,3.225920954719186e-05,3.225920954719186e-05
2659,444423,31,7,3.2243700843537226e-05,3.2243700843537226e-05
2660,417099,29,1355,3.224001557100564e-05,3.224001557100564e-05
2661,433593,30,3513,-3.2239749998552725e-05,3.2239749998552725e-05
2662,430378,30,298,3.223360181436874e-05,3.223360181436874e-05
2663,431136,30,1056,-3.2227715564658865e-05,3.2227715564658865e-05
2664,445998,31,1582,-3.222504528821446e-05,3.222504528821446e-05
2665,194096,13,7728,-3.220623329980299e-05,3.220623329980299e-05
2666,442174,30,12094,-3.220370490453206e-05,3.220370490453206e-05
2667,440933,30,10853,-3.218976053176448e-05,3.218976053176448e-05
2668,403144,28,1736,-3.2187424949370325e-05,3.2187424949370325e-05
2669,455303,31,10887,3.217937410227023e-05,3.217937410227023e-05
2670,387072,27,0,3.217887569917366e-05,3.217887569917366e-05
2671,451376,31,6960,3.217632547602989e-05,3.217632547602989e-05
2672,445502,31,1086,3.215908145648427e-05,3.215908145648427e-05
2673,442588,30,12508,-3.2148120226338506e-05,3.2148120226338506e-05
2674,448597,31,4181,3.214115713490173e-05,3.214115713490173e-05
2675,340870,23,11142,-3.213191666873172e-05,3.213191666873172e-05
2676,446836,31,2420,-3.2127307349583134e-05,3.2127307349583134e-05
2677,454796,31,10380,3.211479997844435e-05,3.211479997844435e-05
2678,452542,31,8126,-3.211457442375831e-05,3.211457442375831e-05
2679,444253,30,14173,3.2094405469251797e-05,3.2094405469251797e-05
2680,305501,21,4445,-3.2093543268274516e-05,3.2093543268274516e-05
2681,458327,31,13911,-3.2090891181724146e-05,3.2090891181724146e-05
2682,450602,31,6186,3.2086878491099924e-05,3.2086878491099924e-05
2683,439884,30,9804,-3.208265479770489e-05,3.208265479770489e-05
2684,456909,31,12493,3.204091262887232e-05,3.204091262887232e-05
2685,224584,15,9544,-3.203917731298134e-05,3.203917731298134e-05
2686,434539,30,4459,-3.203663800377399e-05,3.203663800377399e-05
2687,115007,8,319,-3.202932566637173e-05,3.202932566637173e-05
2688,413987,28,12579,-3.2027382985688746e-05,3.2027382985688746e-05
2689,174781,12,2749,3.2023406674852595e-05,3.2023406674852595e-05
2690,453228,31,8812,-3.199924321961589e-05,3.199924321961589e-05
2691,456595,31,12179,3.1998264603316784e-05,3.1998264603316784e-05
2692,435508,30,5428,3.199726779712364e-05,3.199726779712364e-05
2693,448941,31,4525,-3.198843842255883e-05,3.198843842255883e-05
2694,437946,30,7866,3.1977971957530826e-05,3.1977971957530826e-05
2695,262073,18,4025,-3.197174737579189e-05,3.197174737579189e-05
2696,441627,30,11547,-3.1963740184437484e-05,3.1963740184437484e-05
2697,458607,31,14191,-3.1960960768628865e-05,3.1960960768628865e-05
2698,453473,31,9057,3.1956846214598045e-05,3.1956846214598045e-05
2699,458271,31,13855,-3.1945699447533116e-05,3.1945699447533116e-05
2700,457955,31,13539,3.1945139198796824e-05,3.1945139198796824e-05
2701,423339,29,7595,3.194227610947564e-05,3.194227610947564e-05
2702,420426,29,4682,3.193204975104891e-05,3.193204975104891e-05
2703,255959,17,12247,-3.1924086215440184e-05,3.1924086215440184e-05
2704,194134,13,7766,3.191413634340279e-05,3.191413634340279e-05
2705,448487,31,4071,-3.191156793036498e-05,3.191156793036498e-05
2706,172766,12,734,3.190749339410104e-05,3.190749339410104e-05
2707,415834,29,90,-3.190475035808049e-05,3.190475035808049e-05
2708,439216,30,9136,3.189893322996795e-05,3.189893322996795e-05
2709,178202,12,6170,3.189723065588623e-05,3.189723065588623e-05
2710,416093,29,349,3.189342896803282e-05,3.189342896803282e-05
2711,210546,14,9842,-3.189129347447306e-05,3.189129347447306e-05
2712,450343,31,5927,-3.188406117260456e-05,3.188406117260456e-05
2713,186405,13,37,-3.187488982803188e-05,3.187488982803188e-05
2714,448728,31,4312,-3.1854684493737295e-05,3.1854684493737295e-05
2715,448592,31,4176,-3.185110108461231e-05,3.185110108461231e-05
2716,175092,12,3060,-3.184922752552666e-05,3.184922752552666e-05
2717,446664,31,2248,-3.183665467076935e-05,3.183665467076935e-05
2718,444639,31,223,-3.18323727697134e-05,3.18323727697134e-05
2719,410211,28,8803,3.182973159709945e-05,3.182973159709945e-05
2720,233915,16,4539,3.182970976922661e-05,3.182970976922661e-05
2721,405482,28,4074,3.180831845384091e-05,3.180831845384091e-05
2722,165204,11,7508,3.18064667226281e-05,3.18064667226281e-05
2723,396903,27,9831,-3.180410203640349e-05,3.180410203640349e-05
2724,444295,30,14215,3.179269697284326e-05,3.179269697284326e-05
2725,441424,30,11344,3.177663893438876e-05,3.177663893438876e-05
2726,394856,27,7784,-3.176430982421152e-05,3.176430982421152e-05
2727,416317,29,573,-3.1761392165208235e-05,3.1761392165208235e-05
2728,449813,31,5397,-3.1759191188029945e-05,3.1759191188029945e-05
2729,409115,28,7707,3.1755138479638845e-05,3.1755138479638845e-05
2730,394974,27,7902,3.175249003106728e-05,3.175249003106728e-05
2731,451162,31,6746,-3.173943696310744e-05,3.173943696310744e-05
2732,430984,30,904,3.1716335797682405e-05,3.1716335797682405e-05
2733,192724,13,6356,-3.171414209646173e-05,3.171414209646173e-05
2734,433874,30,3794,-3.1709991162642837e-05,3.1709991162642837e-05
2735,331844,23,2116,3.1704439606983215e-05,3.1704439606983215e-05
2736,430682,30,602,-3.170068157487549e-05,3.170068157487549e-05
2737,436078,30,5998,-3.1691928597865626e-05,3.1691928597865626e-05
2738,454547,31,10131,-3.168807961628772e-05,3.168807961628772e-05
2739,374931,26,2195,-3.168152034049854e-05,3.168152034049854e-05
2740,454572,31,10156,-3.168140392517671e-05,3.168140392517671e-05
2741,422764,29,7020,-3.1662570108892396e-05,3.1662570108892396e-05
2742,457470,31,13054,-3.165491216350347e-05,3.165491216350347e-05
2743,202496,14,1792,3.164417285006493e-05,3.164417285006493e-05
2744,454921,31,10505,-3.162947541568428e-05,3.162947541568428e-05
2745,204148,14,3444,3.160612686770037e-05,3.160612686770037e-05
2746,229030,15,13990,-3.1592109735356644e-05,3.1592109735356644e-05
2747,443530,30,13450,3.158321851515211e-05,3.158321851515211e-05
2748,436839,30,6759,-3.1577787012793124e-05,3.1577787012793124e-05
2749,435344,30,5264,3.1574447348248214e-05,3.1574447348248214e-05
2750,449154,31,4738,-3.1568390113534406e-05,3.1568390113534406e-05
2751,194793,13,8425,3.1566876714350656e-05,3.1566876714350656e-05
2752,456630,31,12214,-3.15648467221763e-05,3.15648467221763e-05
2753,406922,28,5514,3.156426828354597e-05,3.156426828354597e-05
2754,427116,29,11372,3.155587910441682e-05,3.155587910441682e-05
2755,443109,30,13029,3.155126250931062e-05,3.155126250931062e-05
2756,452126,31,7710,3.154893056489527e-05,3.154893056489527e-05
2757,446689,31,2273,-3.1522522476734594e-05,3.1522522476734594e-05
2758,438392,30,8312,-3.150388511130586e-05,3.150388511130586e-05
2759,434094,30,4014,3.1481802579946816e-05,3.1481802579946816e-05
2760,449020,31,4604,3.147179450024851e-05,3.147179450024851e-05
2761,452218,31,7802,3.1471157853957266e-05,3.1471157853957266e-05
2762,425986,29,10242,3.1464380299439654e-05,3.1464380299439654e-05
2763,357934,24,13870,-3.145659502479248e-05,3.145659502479248e-05
2764,398148,27,11076,-3.145073424093425e-05,3.145073424093425e-05
2765,366011,25,7611,3.144822039757855e-05,3.144822039757855e-05
2766,456032,31,11616,3.138984175166115e-05,3.138984175166115e-05
2767,451402,31,6986,-3.138775355182588e-05,3.138775355182588e-05
2768,237353,16,7977,3.1382420274894685e-05,3.1382420274894685e-05
2769,436921,30,6841,3.133830250590108e-05,3.133830250590108e-05
2770,458194,31,13778,-3.132737765554339e-05,3.132737765554339e-05
2771,414081,28,12673,-3.132582423859276e-05,3.132582423859276e-05
2772,454298,31,9882,3.131961784674786e-05,3.131961784674786e-05
2773,454345,31,9929,3.1318337278207764e-05,3.1318337278207764e-05
2774,284340,19,11956,-3.130138065898791e-05,3.130138065898791e-05
2775,443127,30,13047,-3.128076423308812e-05,3.128076423308812e-05
2776,430781,30,701,-3.1272953492589295e-05,3.1272953492589295e-05
2777,437050,30,6970,3.127233139821328e-05,3.127233139821328e-05
2778,455036,31,10620,3.127190939267166e-05,3.127190939267166e-05
2779,199304,13,12936,3.122465204796754e-05,3.122465204796754e-05
2780,397371,27,10299,3.122217458439991e-05,3.122217458439991e-05
2781,445486,31,1070,-3.119809480267577e-05,3.119809480267577e-05
2782,446980,31,2564,3.118255335721187e-05,3.118255335721187e-05
2783,458539,31,14123,3.118239328614436e-05,3.118239328614436e-05
2784,438989,30,8909,3.1181338272290304e-05,3.1181338272290304e-05
2785,422409,29,6665,-3.1168914574664086e-05,3.1168914574664086e-05
2786,167678,11,9982,3.114874198217876e-05,3.114874198217876e-05
2787,453096,31,8680,-3.114439459750429e-05,3.114439459750429e-05
2788,454997,31,10581,-3.113774801022373e-05,3.113774801022373e-05
2789,438212,30,8132,-3.112886770395562e-05,3.112886770395562e-05
2790,439170,30,9090,-3.112686317763291e-05,3.112686317763291e-05
2791,255545,17,11833,-3.11222902382724e-05,3.11222902382724e-05
2792,290299,20,3579,-3.112159174634144e-05,3.112159174634144e-05
2793,313480,21,12424,-3.1102281354833394e-05,3.1102281354833394e-05
2794,434704,30,4624,3.110211036982946e-05,3.110211036982946e-05
2795,453672,31,9256,3.109873796347529e-05,3.109873796347529e-05
2796,454904,31,10488,3.10980249196291e-05,3.10980249196291e-05
2797,243298,16,13922,-3.109748286078684e-05,3.109748286078684e-05
2798,224336,15,9296,3.1073785066837445e-05,3.1073785066837445e-05
2799,251855,17,8143,3.104414281551726e-05,3.104414281551726e-05
2800,458306,31,13890,-3.103477138211019e-05,3.103477138211019e-05
2801,413065,28,11657,3.103320341324434e-05,3.103320341324434e-05
2802,447235,31,2819,3.10271316266153e-05,3.10271316266153e-05
2803,448044,31,3628,3.102215123362839e-05,3.102215123362839e-05
2804,457760,31,13344,3.1021572794998065e-05,3.1021572794998065e-05
2805,246011,17,2299,3.1019197194837034e-05,3.1019197194837034e-05
2806,439206,30,9126,3.101534821325913e-05,3.101534821325913e-05
2807,400237,27,13165,-3.100400499533862e-05,3.100400499533862e-05
2808,435873,30,5793,3.100236790487543e-05,3.100236790487543e-05
2809,276980,19,4596,3.1001622119219974e-05,3.1001622119219974e-05
2810,423521,29,7777,3.099826062680222e-05,3.099826062680222e-05
2811,404152,28,2744,-3.099637251580134e-05,3.099637251580134e-05
2812,443230,30,13150,3.09910683427006e-05,3.09910683427006e-05
2813,445552,31,1136,-3.098835804848932e-05,3.098835804848932e-05
2814,444754,31,338,3.0984381737653166e-05,3.0984381737653166e-05
2815,458748,31,14332,-3.0982981115812436e-05,3.0982981115812436e-05
2816,419469,29,3725,-3.097991429967806e-05,3.097991429967806e-05
2817,417064,29,1320,3.0972849344834685e-05,3.0972849344834685e-05
2818,409676,28,8268,-3.097008084296249e-05,3.097008084296249e-05
2819,441429,30,11349,3.0960527510615066e-05,3.0960527510615066e-05
2820,339032,23,9304,3.095420470344834e-05,3.095420470344834e-05
2821,434606,30,4526,-3.094948624493554e-05,3.094948624493554e-05
2822,447900,31,3484,-3.0932609661249444e-05,3.0932609661249444e-05
2823,193475,13,7107,-3.0923165468266234e-05,3.0923165468266234e-05
2824,457439,31,13023,3.090446625719778e-05,3.090446625719778e-05
2825,410051,28,8643,3.090399695793167e-05,3.090399695793167e-05
2826,444532,31,116,3.089564779656939e-05,3.089564779656939e-05
2827,417983,29,2239,-3.088968151132576e-05,3.088968151132576e-05
2828,185503,12,13471,-3.0889314075466245e-05,3.0889314075466245e-05
2829,436476,30,6396,3.088797166128643e-05,3.088797166128643e-05
2830,239279,16,9903,3.088205266976729e-05,3.088205266976729e-05
2831,326387,22,10995,-3.086426659137942e-05,3.086426659137942e-05
2832,234606,16,5230,-3.086019933107309e-05,3.086019933107309e-05
2833,209123,14,8419,-3.0839790269965306e-05,3.0839790269965306e-05
2834,451081,31,6665,3.083679257542826e-05,3.083679257542826e-05
2835,413704,28,12296,3.083413321292028e-05,3.083413321292028e-05
2836,242225,16,12849,3.083335468545556e-05,3.083335468545556e-05
2837,417343,29,1599,-3.080132228205912e-05,3.080132228205912e-05
2838,447806,31,3390,3.080106762354262e-05,3.080106762354262e-05
2839,283937,19,11553,3.079558882745914e-05,3.079558882745914e-05
2840,398733,27,11661,3.0795083148404956e-05,3.0795083148404956e-05
2841,339525,23,9797,-3.079446832998656e-05,3.079446832998656e-05
2842,439933,30,9853,3.0785577109782025e-05,3.0785577109782025e-05
2843,162163,11,4467,-3.077863220823929e-05,3.077863220823929e-05
2844,372073,25,13673,3.074898268096149e-05,3.074898268096149e-05
2845,457375,31,12959,-3.074195410590619e-05,3.074195410590619e-05
2846,247473,17,3761,3.0726623663213104e-05,3.0726623663213104e-05
2847,430196,30,116,3.0720355425728485e-05,3.0720355425728485e-05
2848,417307,29,1563,3.0718339985469356e-05,3.0718339985469356e-05
2849,456575,31,12159,-3.071727041970007e-05,3.071727041970007e-05
2850,445975,31,1559,-3.070759339607321e-05,3.070759339607321e-05
2851,449520,31,5104,-3.070698585361242e-05,3.070698585361242e-05
2852,429244,29,13500,-3.0696690373588353e-05,3.0696690373588353e-05
2853,453300,31,8884,-3.0674123991047964e-05,3.0674123991047964e-05
2854,421553,29,5809,-3.063921394641511e-05,3.063921394641511e-05
2855,302837,21,1781,-3.0635870643891394e-05,3.0635870643891394e-05
2856,224310,15,9270,-3.0616356525570154e-05,3.0616356525570154e-05
2857,454590,31,10174,3.061177267227322e-05,3.061177267227322e-05
2858,450929,31,6513,-3.060676317545585e-05,3.060676317545585e-05
2859,447065,31,2649,3.0596504075219855e-05,3.0596504075219855e-05
2860,222659,15,7619,3.058473885175772e-05,3.058473885175772e-05
2861,281195,19,8811,-3.057588401134126e-05,3.057588401134126e-05
2862,403190,28,1782,3.056427522096783e-05,3.056427522096783e-05
2863,444104,30,14024,3.0545928893843666e-05,3.0545928893843666e-05
2864,458584,31,14168,3.053700856980868e-05,3.053700856980868e-05
2865,356920,24,12856,3.053460386581719e-05,3.053460386581719e-05
2866,397948,27,10876,-3.0531144147971645e-05,3.0531144147971645e-05
2867,456448,31,12032,-3.052897591260262e-05,3.052897591260262e-05
2868,350344,24,6280,-3.051560815947596e-05,3.051560815947596e-05
2869,451411,31,6995,-3.0501540095428936e-05,3.0501540095428936e-05
2870,402443,28,1035,-3.0497809348162264e-05,3.0497809348162264e-05
2871,444810,31,394,-3.0478366170427762e-05,3.0478366170427762e-05
2872,452862,31,8446,3.0478158805635758e-05,3.0478158805635758e-05
2873,219853,15,4813,3.047591235372238e-05,3.047591235372238e-05
2874,456778,31,12362,-3.047191239602398e-05,3.047191239602398e-05
2875,435995,30,5915,-3.0464763767668046e-05,3.0464763767668046e-05
2876,427713,29,11969,3.0462315407930873e-05,3.0462315407930873e-05
2877,440236,30,10156,3.0444311050814576e-05,3.0444311050814576e-05
2878,430747,30,667,-3.0441095077549107e-05,3.0441095077549107e-05
2879,455614,31,11198,3.0429562684730627e-05,3.0429562684730627e-05
2880,458655,31,14239,3.0415547371376306e-05,3.0415547371376306e-05
2881,448260,31,3844,3.0385561331058852e-05,3.0385561331058852e-05
2882,384248,26,11512,3.0384890123968944e-05,3.0384890123968944e-05
2883,456049,31,11633,3.0374958441825584e-05,3.0374958441825584e-05
2884,410669,28,9261,3.0358234653249383e-05,3.0358234653249383e-05
2885,454723,31,10307,-3.0351735404110514e-05,3.0351735404110514e-05
2886,273044,19,660,-3.0336541385622695e-05,3.0336541385622695e-05
2887,433635,30,3555,3.0332477763295174e-05,3.0332477763295174e-05
2888,455440,31,11024,3.033048596989829e-05,3.033048596989829e-05
2889,447958,31,3542,3.032669883396011e-05,3.032669883396011e-05
2890,197356,13,10988,3.0323455575853586e-05,3.0323455575853586e-05
2891,414014,28,12606,-3.0317560231196694e-05,3.0317560231196694e-05
2892,457089,31,12673,-3.0316405172925442e-05,3.0316405172925442e-05
2893,412475,28,11067,3.0316145057440735e-05,3.0316145057440735e-05
2894,202475,14,1771,-3.0305382097139955e-05,3.0305382097139955e-05
2895,187730,13,1362,3.0297604098450392e-05,3.0297604098450392e-05
2896,426710,29,10966,-3.028950777661521e-05,3.028950777661521e-05
2897,454160,31,9744,-3.028575338248629e-05,3.028575338248629e-05
2898,160567,11,2871,3.0275792596512474e-05,3.0275792596512474e-05
2899,451898,31,7482,3.0275368771981448e-05,3.0275368771981448e-05
2900,431637,30,1557,3.027505772479344e-05,3.027505772479344e-05
2901,451854,31,7438,3.027314778591972e-05,3.027314778591972e-05
2902,446297,31,1881,3.0270140996435657e-05,3.0270140996435657e-05
2903,413041,28,11633,-3.0255832825787365e-05,3.0255832825787365e-05
2904,206320,14,5616,-3.0254936064011417e-05,3.0254936064011417e-05
2905,412365,28,10957,-3.0247865652199835e-05,3.0247865652199835e-05
2906,447859,31,3443,3.023757199116517e-05,3.023757199116517e-05
2907,455244,31,10828,-3.023362296517007e-05,3.023362296517007e-05
2908,223103,15,8063,3.02259941236116e-05,3.02259941236116e-05
2909,451114,31,6698,-3.02021926472662e-05,3.02021926472662e-05
2910,346447,24,2383,-3.020172516698949e-05,3.020172516698949e-05
2911,425060,29,9316,3.017263406945858e-05,3.017263406945858e-05
2912,356398,24,12334,-3.0169574529281817e-05,3.0169574529281817e-05
2913,417045,29,1301,3.0168761441018432e-05,3.0168761441018432e-05
2914,366869,25,8469,-3.0164947020239197e-05,3.0164947020239197e-05
2915,450617,31,6201,-3.0154835258144885e-05,3.0154835258144885e-05
2916,439438,30,9358,3.015333459188696e-05,3.015333459188696e-05
2917,457121,31,12705,3.0120691008050926e-05,3.0120691008050926e-05
2918,449731,31,5315,-3.0119115763227455e-05,3.0119115763227455e-05
2919,447746,31,3330,3.0114559194771573e-05,3.0114559194771573e-05
2920,431566,30,1486,3.0112369131529704e-05,3.0112369131529704e-05
2921,454822,31,10406,-3.0096020054770634e-05,3.0096020054770634e-05
2922,447238,31,2822,-3.009177635249216e-05,3.009177635249216e-05
2923,211977,14,11273,-3.0091456210357137e-05,3.0091456210357137e-05
2924,433578,30,3498,3.0090830478002317e-05,3.0090830478002317e-05
2925,425143,29,9399,-3.0084618629189208e-05,3.0084618629189208e-05
2926,436308,30,6228,-3.0082999728620052e-05,3.0082999728620052e-05
2927,432751,30,2671,3.0072202207520604e-05,3.0072202207520604e-05
2928,452348,31,7932,3.007180566783063e-05,3.007180566783063e-05
2929,374284,26,1548,3.006868610100355e-05,3.006868610100355e-05
2930,444726,31,310,-3.0057330150157213e-05,3.0057330150157213e-05
2931,451187,31,6771,-3.005674807354808e-05,3.005674807354808e-05
2932,443430,30,13350,-3.0056260584387928e-05,3.0056260584387928e-05
2933,437186,30,7106,-3.005341932293959e-05,3.005341932293959e-05
2934,430703,30,623,-3.0049524866626598e-05,3.0049524866626598e-05
2935,451531,31,7115,-3.0030871130293235e-05,3.0030871130293235e-05
2936,453387,31,8971,-3.0025197702343576e-05,3.0025197702343576e-05
2937,445026,31,610,-3.0024406441953033e-05,3.0024406441953033e-05
2938,269858,18,11810,3.002056291734334e-05,3.002056291734334e-05
2939,433917,30,3837,-3.0018791221664287e-05,3.0018791221664287e-05
2940,436469,30,6389,-3.0012668503331952e-05,3.0012668503331952e-05
2941,187570,13,1202,2.9996173907420598e-05,2.9996173907420598e-05
2942,429430,29,13686,-2.999167554662563e-05,2.999167554662563e-05
2943,452480,31,8064,-2.9986355002620257e-05,2.9986355002620257e-05
2944,457346,31,12930,-2.998094896611292e-05,2.998094896611292e-05
2945,432085,30,2005,-2.9968123271828517e-05,2.9968123271828517e-05
2946,447662,31,3246,2.9964468922116794e-05,2.9964468922116794e-05
2947,420953,29,5209,2.995988688780926e-05,2.995988688780926e-05
2948,455315,31,10899,-2.9935659767943434e-05,2.9935659767943434e-05
2949,457635,31,13219,-2.9932181860203855e-05,2.9932181860203855e-05
2950,241501,16,12125,2.9915565392002463e-05,2.9915565392002463e-05
2951,433213,30,3133,-2.9913315302110277e-05,2.9913315302110277e-05
2952,456108,31,11692,2.991240944538731e-05,2.991240944538731e-05
2953,458135,31,13719,-2.9910779630881734e-05,2.9910779630881734e-05
2954,458711,31,14295,2.9907921998528764e-05,2.9907921998528764e-05
2955,175671,12,3639,2.988384039781522e-05,2.988384039781522e-05
2956,150871,10,7511,-2.988282540172804e-05,2.988282540172804e-05
2957,450819,31,6403,-2.9871134756831452e-05,2.9871134756831452e-05
2958,440629,30,10549,-2.9856304536224343e-05,2.9856304536224343e-05
2959,431327,30,1247,-2.985251740028616e-05,2.985251740028616e-05
2960,454466,31,10050,2.9850369173800573e-05,2.9850369173800573e-05
2961,440079,30,9999,-2.984814091178123e-05,2.984814091178123e-05
2962,444461,31,45,2.9840455681551248e-05,2.9840455681551248e-05
2963,402267,28,859,-2.9819195333402604e-05,2.9819195333402604e-05
2964,443799,30,13719,-2.9816281312378123e-05,2.9816281312378123e-05
2965,290155,20,3435,-2.9808552426402457e-05,2.9808552426402457e-05
2966,441963,30,11883,-2.979982855322305e-05,2.979982855322305e-05
2967,387746,27,674,2.978065822389908e-05,2.978065822389908e-05
2968,204905,14,4201,2.977883195853792e-05,2.977883195853792e-05
2969,447020,31,2604,2.977665099024307e-05,2.977665099024307e-05
2970,424597,29,8853,-2.9776290830341168e-05,2.9776290830341168e-05
2971,448370,31,3954,2.9775381335639395e-05,2.9775381335639395e-05
2972,457529,31,13113,-2.975594725285191e-05,2.975594725285191e-05
2973,227800,15,12760,2.9754870411125012e-05,2.9754870411125012e-05
2974,165603,11,7907,-2.9754148272331804e-05,2.9754148272331804e-05
2975,449142,31,4726,-2.9746930522378534e-05,2.9746930522378534e-05
2976,453415,31,8999,2.9745955544058233e-05,2.9745955544058233e-05
2977,150135,10,6775,2.9745293431915343e-05,2.9745293431915343e-05
2978,397765,27,10693,2.972538277390413e-05,2.972538277390413e-05
2979,395519,27,8447,2.971825779241044e-05,2.971825779241044e-05
2980,433889,30,3809,2.9716034987359308e-05,2.9716034987359308e-05
2981,447937,31,3521,2.9707254725508392e-05,2.9707254725508392e-05
2982,439394,30,9314,2.9705721317441203e-05,2.9705721317441203e-05
2983,455593,31,11177,-2.9705415727221407e-05,2.9705415727221407e-05
2984,453203,31,8787,2.970523200929165e-05,2.970523200929165e-05
2985,440388,30,10308,2.969314664369449e-05,2.969314664369449e-05
2986,442570,30,12490,2.9680972147616558e-05,2.9680972147616558e-05
2987,444171,30,14091,2.968026092275977e-05,2.968026092275977e-05
2988,447005,31,2589,-2.9680002626264468e-05,2.9680002626264468e-05
2989,182386,12,10354,-2.965834028145764e-05,2.965834028145764e-05
2990,452732,31,8316,-2.96527286991477e-05,2.96527286991477e-05
2991,219944,15,4904,2.964943450933788e-05,2.964943450933788e-05
2992,455299,31,10883,-2.964554187201429e-05,2.964554187201429e-05
2993,455192,31,10776,-2.9645118047483265e-05,2.9645118047483265e-05
2994,440573,30,10493,-2.964209306810517e-05,2.964209306810517e-05
2995,296219,20,9499,-2.9632563382619992e-05,2.9632563382619992e-05
2996,350301,24,6237,-2.9628328775288537e-05,2.9628328775288537e-05
2997,444664,31,248,-2.9622478905366734e-05,2.9622478905366734e-05
2998,434091,30,4011,-2.960976962640416e-05,2.960976962640416e-05
2999,328886,22,13494,2.960377423733007e-05,2.960377423733007e-05
3000,429145,29,13401,2.959749508590903e-05,2.959749508590903e-05
3001,371908,25,13508,2.959724224638194e-05,2.959724224638194e-05
3002,403235,28,1827,-2.9574908694485202e-05,2.9574908694485202e-05
3003,418711,29,2967,-2.9565102522610687e-05,2.9565102522610687e-05
3004,393087,27,6015,-2.956215394078754e-05,2.956215394078754e-05
3005,364597,25,6197,2.9561757401097566e-05,2.9561757401097566e-05
3006,446017,31,1601,-2.9552384148701094e-05,2.9552384148701094e-05
3007,436258,30,6178,2.9551933039329015e-05,2.9551933039329015e-05
3008,419488,29,3744,-2.9535067369579338e-05,2.9535067369579338e-05
3009,444972,31,556,2.9532435291912407e-05,2.9532435291912407e-05
3010,423271,29,7527,2.9531192922149785e-05,2.9531192922149785e-05
3011,451014,31,6598,2.9511018510675058e-05,2.9511018510675058e-05
3012,456485,31,12069,2.9510074455174617e-05,2.9510074455174617e-05
3013,442509,30,12429,-2.950586895167362e-05,2.950586895167362e-05
3014,409321,28,7913,2.9488746804418042e-05,2.9488746804418042e-05
3015,395403,27,8331,-2.947205757664051e-05,2.947205757664051e-05
3016,438492,30,8412,2.9459793950081803e-05,2.9459793950081803e-05
3017,448390,31,3974,2.9432838346110657e-05,2.9432838346110657e-05
3018,445473,31,1057,-2.9432232622639276e-05,2.9432232622639276e-05
3019,446292,31,1876,-2.9431366783683188e-05,2.9431366783683188e-05
3020,242905,16,13529,-2.9427852496155538e-05,2.9427852496155538e-05
3021,447723,31,3307,-2.9426782930386253e-05,2.9426782930386253e-05
3022,183294,12,11262,2.9425969842122868e-05,2.9425969842122868e-05
3023,408073,28,6665,-2.9415889002848417e-05,2.9415889002848417e-05
3024,417978,29,2234,-2.9414055461529642e-05,2.9414055461529642e-05
3025,242170,16,12794,-2.9408249247353524e-05,2.9408249247353524e-05
3026,216966,15,1926,-2.940559534181375e-05,2.940559534181375e-05
3027,413130,28,11722,2.940528247563634e-05,2.940528247563634e-05
3028,449227,31,4811,-2.940280865004752e-05,2.940280865004752e-05
3029,445602,31,1186,2.939955265901517e-05,2.939955265901517e-05
3030,355538,24,11474,-2.9392514989012852e-05,2.9392514989012852e-05
3031,422165,29,6421,2.9388662369456142e-05,2.9388662369456142e-05
3032,410476,28,9068,2.9384835215751082e-05,2.9384835215751082e-05
3033,431610,30,1530,2.9384087611106224e-05,2.9384087611106224e-05
3034,428729,29,12985,-2.9359784093685448e-05,2.9359784093685448e-05
3035,436854,30,6774,-2.9359034670051187e-05,2.9359034670051187e-05
3036,357980,24,13916,-2.9356380764511414e-05,2.9356380764511414e-05
3037,177102,12,5070,2.934948861366138e-05,2.934948861366138e-05
3038,448979,31,4563,2.9332943086046726e-05,2.9332943086046726e-05
3039,452861,31,8445,-2.933085306722205e-05,2.933085306722205e-05
3040,190625,13,4257,2.932289135060273e-05,2.932289135060273e-05
3041,441333,30,11253,-2.9322492991923355e-05,2.9322492991923355e-05
3042,392907,27,5835,-2.9314654966583475e-05,2.9314654966583475e-05
3043,439455,30,9375,2.931400558736641e-05,2.931400558736641e-05
3044,367861,25,9461,2.930980917881243e-05,2.930980917881243e-05
3045,450057,31,5641,2.9309541787370108e-05,2.9309541787370108e-05
3046,219624,15,4584,-2.9309298042790033e-05,2.9309298042790033e-05
3047,370651,25,12251,2.929285983555019e-05,2.929285983555019e-05
3048,436013,30,5933,-2.9285973141668364e-05,2.9285973141668364e-05
3049,443962,30,13882,2.9281120077939704e-05,2.9281120077939704e-05
3050,451433,31,7017,-2.927784044004511e-05,2.927784044004511e-05
3051,435905,30,5825,2.9275970518938266e-05,2.9275970518938266e-05
3052,434358,30,4278,2.9274298867676407e-05,2.9274298867676407e-05
3053,446784,31,2368,2.9268321668496355e-05,2.9268321668496355e-05
3054,457801,31,13385,-2.9266173442010768e-05,2.9266173442010768e-05
3055,457952,31,13536,-2.926381421275437e-05,2.926381421275437e-05
3056,302159,21,1103,-2.925460103142541e-05,2.925460103142541e-05
3057,379338,26,6602,-2.9251394153106958e-05,2.9251394153106958e-05
3058,445535,31,1119,-2.924380351032596e-05,2.924380351032596e-05
3059,438269,30,8189,-2.9241908123367466e-05,2.9241908123367466e-05
3060,452516,31,8100,2.9232473025331274e-05,2.9232473025331274e-05
3061,241388,16,12012,2.9226768674561754e-05,2.9226768674561754e-05
3062,239705,16,10329,-2.9223208912299015e-05,2.9223208912299015e-05
3063,458243,31,13827,2.9217786504887044e-05,2.9217786504887044e-05
3064,453114,31,8698,-2.921597842941992e-05,2.921597842941992e-05
3065,447094,31,2678,2.9205290047684684e-05,2.9205290047684684e-05
3066,425426,29,9682,-2.9188269763835706e-05,2.9188269763835706e-05
3067,374126,26,1390,-2.918490099546034e-05,2.918490099546034e-05
3068,456598,31,12182,-2.917439996963367e-05,2.917439996963367e-05
3069,440982,30,10902,-2.9172073482186534e-05,2.9172073482186534e-05
3070,457217,31,12801,2.917039455496706e-05,2.917039455496706e-05
3071,305713,21,4657,2.9167833417886868e-05,2.9167833417886868e-05
3072,383747,26,11011,-2.9165810701670125e-05,2.9165810701670125e-05
3073,449929,31,5513,-2.9162685677874833e-05,2.9162685677874833e-05
3074,434397,30,4317,2.914449396484997e-05,2.914449396484997e-05
3075,329127,22,13735,-2.914237484219484e-05,2.914237484219484e-05
3076,442866,30,12786,-2.91263495455496e-05,2.91263495455496e-05
3077,452301,31,7885,-2.912038326030597e-05,2.912038326030597e-05
3078,456103,31,11687,2.9117583835613914e-05,2.9117583835613914e-05
3079,409539,28,8131,2.910809234890621e-05,2.910809234890621e-05
3080,229172,15,14132,2.910100192821119e-05,2.910100192821119e-05
3081,446946,31,2530,2.9097724109306e-05,2.9097724109306e-05
3082,447885,31,3469,-2.9096536309225485e-05,2.9096536309225485e-05
3083,446068,31,1652,2.9088640076224692e-05,2.9088640076224692e-05
3084,406080,28,4672,-2.908842907345388e-05,2.908842907345388e-05
3085,445618,31,1202,-2.908777787524741e-05,2.908777787524741e-05
3086,237607,16,8231,2.9061293389531784e-05,2.9061293389531784e-05
3087,205193,14,4489,-2.9040442313998938e-05,2.9040442313998938e-05
3088,443044,30,12964,-2.9033493774477392e-05,2.9033493774477392e-05
3089,440195,30,10115,-2.902683445427101e-05,2.902683445427101e-05
3090,157652,10,14292,2.902213418565225e-05,2.902213418565225e-05
3091,373051,26,315,-2.9018110581091605e-05,2.9018110581091605e-05
3092,457737,31,13321,2.9016495318501256e-05,2.9016495318501256e-05
3093,448437,31,4021,-2.901405969168991e-05,2.901405969168991e-05
3094,445805,31,1389,-2.900485196732916e-05,2.900485196732916e-05
3095,441711,30,11631,2.9002028895774856e-05,2.9002028895774856e-05
3096,440714,30,10634,2.900174877140671e-05,2.900174877140671e-05
3097,298430,20,11710,2.8994538297411054e-05,2.8994538297411054e-05
3098,414803,28,13395,2.8975615350645967e-05,2.8975615350645967e-05
3099,440935,30,10855,-2.8973556254641153e-05,2.8973556254641153e-05
3100,283267,19,10883,2.896704063459765e-05,2.896704063459765e-05
3101,449693,31,5277,-2.8959962946828455e-05,2.8959962946828455e-05
3102,450654,31,6238,-2.8957234462723136e-05,2.8957234462723136e-05
3103,431730,30,1650,-2.8944548830622807e-05,2.8944548830622807e-05
3104,211780,14,11076,-2.894237513828557e-05,2.894237513828557e-05
3105,449241,31,4825,-2.8931159249623306e-05,2.8931159249623306e-05
3106,447813,31,3397,-2.8929624022566713e-05,2.8929624022566713e-05
3107,441399,30,11319,-2.892665179388132e-05,2.892665179388132e-05
3108,201484,14,780,-2.8917056624777615e-05,2.8917056624777615e-05
3109,458070,31,13654,2.8908663807669654e-05,2.8908663807669654e-05
3110,448438,31,4022,2.890096584451385e-05,2.890096584451385e-05
3111,430541,30,461,2.8897291485918686e-05,2.8897291485918686e-05
3112,390173,27,3101,2.8890970497741364e-05,2.8890970497741364e-05
3113,454443,31,10027,2.888767994591035e-05,2.888767994591035e-05
3114,436951,30,6871,2.8887114240205847e-05,2.8887114240205847e-05
3115,433263,30,3183,2.887817390728742e-05,2.887817390728742e-05
3116,448919,31,4503,2.8877560907858424e-05,2.8877560907858424e-05
3117,310351,21,9295,2.887208574975375e-05,2.887208574975375e-05
3118,398550,27,11478,2.887081791413948e-05,2.887081791413948e-05
3119,446078,31,1662,2.8869844754808582e-05,2.8869844754808582e-05
3120,310967,21,9911,2.8863438274129294e-05,2.8863438274129294e-05
3121,450746,31,6330,-2.8854496122221462e-05,2.8854496122221462e-05
3122,439326,30,9246,-2.8847520297858864e-05,2.8847520297858864e-05
3123,444052,30,13972,2.8830048904637806e-05,2.8830048904637806e-05
3124,395506,27,8434,2.8823636966990307e-05,2.8823636966990307e-05
3125,449620,31,5204,2.8817901693400927e-05,2.8817901693400927e-05
3126,445119,31,703,-2.8815429686801508e-05,2.8815429686801508e-05
3127,396233,27,9161,2.8810576623072848e-05,2.8810576623072848e-05
3128,450822,31,6406,-2.8805670808651485e-05,2.8805670808651485e-05
3129,425749,29,10005,-2.880133433791343e-05,2.880133433791343e-05
3130,407578,28,6170,2.8792406737920828e-05,2.8792406737920828e-05
3131,442325,30,12245,-2.8788230338250287e-05,2.8788230338250287e-05
3132,443258,30,13178,2.876095095416531e-05,2.876095095416531e-05
3133,453897,31,9481,2.8758357075275853e-05,2.8758357075275853e-05
3134,444990,31,574,-2.8752567232004367e-05,2.8752567232004367e-05
3135,435627,30,5547,2.8751592253684066e-05,2.8751592253684066e-05
3136,431900,30,1820,-2.874589517887216e-05,2.874589517887216e-05
3137,240876,16,11500,-2.8741556889144704e-05,2.8741556889144704e-05
3138,426803,29,11059,2.8738684704876505e-05,2.8738684704876505e-05
3139,451368,31,6952,2.873510675271973e-05,2.873510675271973e-05
3140,445254,31,838,-2.8728931283694692e-05,2.8728931283694692e-05
3141,399383,27,12311,-2.8728329198202118e-05,2.8728329198202118e-05
3142,448417,31,4001,-2.872733966796659e-05,2.872733966796659e-05
3143,455610,31,11194,2.8710162951028906e-05,2.8710162951028906e-05
3144,453339,31,8923,-2.8709120670100674e-05,2.8709120670100674e-05
3145,450663,31,6247,-2.8698692403850146e-05,2.8698692403850146e-05
3146,452422,31,8006,-2.8692089472315274e-05,2.8692089472315274e-05
3147,443577,30,13497,2.8682270567514934e-05,2.8682270567514934e-05
3148,351623,24,7559,2.8680671675829217e-05,2.8680671675829217e-05
3149,433514,30,3434,2.8679007300524972e-05,2.8679007300524972e-05
3150,423650,29,7906,2.8664937417488545e-05,2.8664937417488545e-05
3151,456146,31,11730,2.865149508579634e-05,2.865149508579634e-05
3152,433040,30,2960,2.865134047169704e-05,2.865134047169704e-05
3153,203117,14,2413,2.8645115889958106e-05,2.8645115889958106e-05
3154,435135,30,5055,2.8634491172851995e-05,2.8634491172851995e-05
3155,433233,30,3153,-2.8633856345550157e-05,2.8633856345550157e-05
3156,448292,31,3876,2.8628233849303797e-05,2.8628233849303797e-05
3157,252407,17,8695,2.8624754122574814e-05,2.8624754122574814e-05
3158,441111,30,11031,2.8624452170333825e-05,2.8624452170333825e-05
3159,433278,30,3198,-2.8622518584597856e-05,2.8622518584597856e-05
3160,452848,31,8432,2.861235770978965e-05,2.861235770978965e-05
3161,443381,30,13301,-2.8601136364159174e-05,2.8601136364159174e-05
3162,449721,31,5305,2.8590937290573493e-05,2.8590937290573493e-05
3163,455258,31,10842,2.858871448552236e-05,2.858871448552236e-05
3164,454749,31,10333,2.8588234272319824e-05,2.8588234272319824e-05
3165,433389,30,3309,-2.857270919776056e-05,2.857270919776056e-05
3166,256902,17,13190,2.8566566470544785e-05,2.8566566470544785e-05
3167,404361,28,2953,-2.8558790290844627e-05,2.8558790290844627e-05
3168,219943,15,4903,2.8554679374792613e-05,2.8554679374792613e-05
3169,455594,31,11178,-2.8551527066156268e-05,2.8551527066156268e-05
3170,449641,31,5225,-2.854929698514752e-05,2.854929698514752e-05
3171,212353,14,11649,-2.8548580303322524e-05,2.8548580303322524e-05
3172,433351,30,3271,2.854693229892291e-05,2.854693229892291e-05
3173,455557,31,11141,2.8542568543343805e-05,2.8542568543343805e-05
3174,232727,16,3351,2.8531185307656415e-05,2.8531185307656415e-05
3175,450637,31,6221,2.851852696039714e-05,2.851852696039714e-05
3176,192947,13,6579,2.8510497941169888e-05,2.8510497941169888e-05
3177,430542,30,462,2.8489062970038503e-05,2.8489062970038503e-05
3178,245881,17,2169,-2.8480362743721344e-05,2.8480362743721344e-05
3179,454745,31,10329,2.8480082619353198e-05,2.8480082619353198e-05
3180,450565,31,6149,2.846974712156225e-05,2.846974712156225e-05
3181,444455,31,39,2.844846858351957e-05,2.844846858351957e-05
3182,446317,31,1901,2.844502159859985e-05,2.844502159859985e-05
3183,439453,30,9373,-2.8439544621505775e-05,2.8439544621505775e-05
3184,450730,31,6314,2.843862966983579e-05,2.843862966983579e-05
3185,432804,30,2724,-2.8424150514183566e-05,2.8424150514183566e-05
3186,433503,30,3423,2.842413778125774e-05,2.842413778125774e-05
3187,308929,21,7873,2.842413778125774e-05,2.842413778125774e-05
3188,432238,30,2158,2.8422417017281987e-05,2.8422417017281987e-05
3189,452165,31,7749,2.8409698643372394e-05,2.8409698643372394e-05
3190,448405,31,3989,-2.8406129786162637e-05,2.8406129786162637e-05
3191,458288,31,13872,2.840499291778542e-05,2.840499291778542e-05
3192,449692,31,5276,-2.840016531990841e-05,2.840016531990841e-05
3193,434406,30,4326,2.8399848815752193e-05,2.8399848815752193e-05
3194,426281,29,10537,2.839871922333259e-05,2.839871922333259e-05
3195,445372,31,956,2.8382470190990716e-05,2.8382470190990716e-05
3196,432501,30,2421,-2.8376129193929955e-05,2.8376129193929955e-05
3197,266754,18,8706,2.8373611712595448e-05,2.8373611712595448e-05
3198,454146,31,9730,2.8372436645440757e-05,2.8372436645440757e-05
3199,187973,13,1605,2.8371312509989366e-05,2.8371312509989366e-05
3200,451640,31,7224,-2.8363047022139654e-05,2.8363047022139654e-05
3201,442894,30,12814,2.836088606272824e-05,2.836088606272824e-05
3202,448954,31,4538,2.833273720170837e-05,2.833273720170837e-05
3203,444317,30,14237,-2.832149220921565e-05,2.832149220921565e-05
3204,444986,31,570,2.8310831112321466e-05,2.8310831112321466e-05
3205,246005,17,2293,-2.8309097615419887e-05,2.8309097615419887e-05
3206,259858,18,1810,-2.8301034035393968e-05,2.8301034035393968e-05
3207,435632,30,5552,2.829123150149826e-05,2.829123150149826e-05
3208,149948,10,6588,-2.8287951863603666e-05,2.8287951863603666e-05
3209,454945,31,10529,-2.828670767485164e-05,2.828670767485164e-05
3210,446171,31,1755,-2.8274334908928722e-05,2.8274334908928722e-05
3211,250059,17,6347,-2.826542367984075e-05,2.826542367984075e-05
3212,457805,31,13389,2.826111995091196e-05,2.826111995091196e-05
3213,430331,30,251,2.8250065952306613e-05,2.8250065952306613e-05
3214,457709,31,13293,-2.8249953174963593e-05,2.8249953174963593e-05
3215,233197,16,3821,2.8237751394044608e-05,2.8237751394044608e-05
3216,448165,31,3749,-2.8236338039278053e-05,2.8236338039278053e-05
3217,440599,30,10519,2.8231497708475217e-05,2.8231497708475217e-05
3218,402526,28,1118,2.8231041142134927e-05,2.8231041142134927e-05
3219,399078,27,12006,2.822417445713654e-05,2.822417445713654e-05
3220,448715,31,4299,2.8219057639944367e-05,2.8219057639944367e-05
3221,450855,31,6439,2.821814086928498e-05,2.821814086928498e-05
3222,445796,31,1380,2.8217600629432127e-05,2.8217600629432127e-05
3223,401584,28,176,-2.8214977646712214e-05,2.8214977646712214e-05
3224,446371,31,1955,2.8214901249157265e-05,2.8214901249157265e-05
3225,434478,30,4398,2.820918962243013e-05,2.820918962243013e-05
3226,426923,29,11179,2.820632107614074e-05,2.820632107614074e-05
3227,445349,31,933,-2.8199157895869575e-05,2.8199157895869575e-05
3228,405508,28,4100,2.8184276743559167e-05,2.8184276743559167e-05
3229,354280,24,10216,-2.8184173061163165e-05,2.8184173061163165e-05
3230,430363,30,283,2.8181731977383606e-05,2.8181731977383606e-05
3231,310360,21,9304,2.8177842978038825e-05,2.8177842978038825e-05
3232,254877,17,11165,2.8166758056613617e-05,2.8166758056613617e-05
3233,368136,25,9736,-2.816195774357766e-05,2.816195774357766e-05
3234,445926,31,1510,2.8157945052953437e-05,2.8157945052953437e-05
3235,234819,16,5443,2.8155831387266517e-05,2.8155831387266517e-05
3236,416181,29,437,2.8129305064794607e-05,2.8129305064794607e-05
3237,452382,31,7966,2.8117352485423908e-05,2.8117352485423908e-05
3238,392040,27,4968,-2.8115120585425757e-05,2.8115120585425757e-05
3239,438052,30,7972,2.810682781273499e-05,2.810682781273499e-05
3240,451074,31,6658,-2.8087699320167303e-05,2.8087699320167303e-05
3241,188770,13,2402,-2.807126111292746e-05,2.807126111292746e-05
3242,449797,31,5381,-2.806066913763061e-05,2.806066913763061e-05
3243,455622,31,11206,2.8050868422724307e-05,2.8050868422724307e-05
3244,446640,31,2224,2.804318501148373e-05,2.804318501148373e-05
3245,400207,27,13135,-2.8041722544003278e-05,2.8041722544003278e-05
3246,371153,25,12753,2.8040129109285772e-05,2.8040129109285772e-05
3247,187981,13,1613,2.8030999601469375e-05,2.8030999601469375e-05
3248,325684,22,10292,-2.802730887196958e-05,2.802730887196958e-05
3249,457187,31,12771,2.802532253554091e-05,2.802532253554091e-05
3250,451716,31,7300,2.8024909624946304e-05,2.8024909624946304e-05
3251,363903,25,5503,2.802314338623546e-05,2.802314338623546e-05
3252,416182,29,438,2.800455695251003e-05,2.800455695251003e-05
3253,407483,28,6075,2.8001275495626032e-05,2.8001275495626032e-05
3254,339144,23,9416,2.7997932193102315e-05,2.7997932193102315e-05
3255,241235,16,11859,2.799519097607117e-05,2.799519097607117e-05
3256,455152,31,10736,2.7988657166133635e-05,2.7988657166133635e-05
3257,435940,30,5860,2.7988549845758826e-05,2.7988549845758826e-05
3258,53359,3,10351,-2.7978559955954552e-05,2.7978559955954552e-05
3259,190418,13,4050,-2.7963142201770097e-05,2.7963142201770097e-05
3260,437829,30,7749,2.7955098630627617e-05,2.7955098630627617e-05
3261,452869,31,8453,2.7954958568443544e-05,2.7954958568443544e-05
3262,206512,14,5808,2.7951931770076044e-05,2.7951931770076044e-05
3263,403171,28,1763,-2.7942549422732554e-05,2.7942549422732554e-05
3264,448602,31,4186,2.7901473004021682e-05,2.7901473004021682e-05
3265,443576,30,13496,-2.7898588086827658e-05,2.7898588086827658e-05
3266,210871,14,10167,-2.7893021979252808e-05,2.7893021979252808e-05
3267,255350,17,11638,2.788657002383843e-05,2.788657002383843e-05
3268,235563,16,6187,2.7882520953426138e-05,2.7882520953426138e-05
3269,227936,15,12896,2.7868796678376384e-05,2.7868796678376384e-05
3270,436940,30,6860,2.7859459805767983e-05,2.7859459805767983e-05
3271,430776,30,696,-2.785505239444319e-05,2.785505239444319e-05
3272,457742,31,13326,2.783318268484436e-05,2.783318268484436e-05
3273,448499,31,4083,-2.782710362225771e-05,2.782710362225771e-05
3274,457482,31,13066,-2.7817595764645375e-05,2.7817595764645375e-05
3275,441166,30,11086,2.781490547931753e-05,2.781490547931753e-05
3276,282259,19,9875,2.7809814127977006e-05,2.7809814127977006e-05
3277,455123,31,10707,2.7805714125861414e-05,2.7805714125861414e-05
3278,326834,22,11442,-2.780265458568465e-05,2.780265458568465e-05
3279,434473,30,4393,2.78021161648212e-05,2.78021161648212e-05
3280,423091,29,7347,-2.780076647468377e-05,2.780076647468377e-05
3281,431333,30,1253,-2.7790812964667566e-05,2.7790812964667566e-05
3282,169935,11,12239,-2.7787062208517455e-05,2.7787062208517455e-05
3283,196150,13,9782,-2.7765501727117226e-05,2.7765501727117226e-05
3284,451709,31,7293,2.776305700535886e-05,2.776305700535886e-05
3285,450089,31,5673,-2.776198925857898e-05,2.776198925857898e-05
3286,392188,27,5116,2.7761745513998903e-05,2.7761745513998903e-05
3287,447701,31,3285,-2.7758049327530898e-05,2.7758049327530898e-05
3288,212981,14,12277,2.775568464130629e-05,2.775568464130629e-05
3289,323899,22,8507,-2.77520994131919e-05,2.77520994131919e-05
3290,447921,31,3505,-2.7747424610424787e-05,2.7747424610424787e-05
3291,453828,31,9412,2.774369750113692e-05,2.774369750113692e-05
3292,448687,31,4271,2.7741771191358566e-05,2.7741771191358566e-05
3293,431009,30,929,2.7741565645555966e-05,2.7741565645555966e-05
3294,378541,26,5805,-2.7739393772208132e-05,2.7739393772208132e-05
3295,328836,22,13444,-2.7737738491850905e-05,2.7737738491850905e-05
3296,341124,23,11396,-2.7737256459658965e-05,2.7737256459658965e-05
3297,454352,31,9936,2.773071901174262e-05,2.773071901174262e-05
3298,232504,16,3128,2.7724754545488395e-05,2.7724754545488395e-05
3299,432628,30,2548,-2.7720963771571405e-05,2.7720963771571405e-05
3300,297817,20,11097,-2.7719177523977123e-05,2.7719177523977123e-05
3301,161002,11,3306,2.7695494281942956e-05,2.7695494281942956e-05
3302,175772,12,3740,-2.7692778530763462e-05,2.7692778530763462e-05
3303,453042,31,8626,-2.768921149254311e-05,2.768921149254311e-05
3304,446791,31,2375,-2.7687008696375415e-05,2.7687008696375415e-05
3305,225655,15,10615,-2.768102967820596e-05,2.768102967820596e-05
3306,458728,31,14312,2.7670188501360826e-05,2.7670188501360826e-05
3307,189801,13,3433,2.7663038054015487e-05,2.7663038054015487e-05
3308,167792,11,10096,-2.7661390049615875e-05,2.7661390049615875e-05
3309,444441,31,25,2.7659611077979207e-05,2.7659611077979207e-05
3310,177872,12,5840,-2.7651700293063186e-05,2.7651700293063186e-05
3311,146166,10,2806,-2.7650992706185207e-05,2.7650992706185207e-05
3312,412886,28,11478,-2.764511555142235e-05,2.764511555142235e-05
3313,417862,29,2118,2.7639091058517806e-05,2.7639091058517806e-05
3314,454545,31,10129,-2.763777956715785e-05,2.763777956715785e-05
3315,450200,31,5784,2.7636111553874798e-05,2.7636111553874798e-05
3316,400929,27,13857,2.763381962722633e-05,2.763381962722633e-05
3317,457605,31,13189,2.7623706046142615e-05,2.7623706046142615e-05
3318,386728,26,13992,2.7619664251687936e-05,2.7619664251687936e-05
3319,455157,31,10741,2.761507494142279e-05,2.761507494142279e-05
3320,211528,14,10824,-2.7605454306467436e-05,2.7605454306467436e-05
3321,450137,31,5721,2.76032296824269e-05,2.76032296824269e-05
3322,458616,31,14200,2.76013834081823e-05,2.76013834081823e-05
3323,441683,30,11603,2.7598747692536563e-05,2.7598747692536563e-05
3324,453469,31,9053,2.7585301722865552e-05,2.7585301722865552e-05
3325,219886,15,4846,2.7557136490941048e-05,2.7557136490941048e-05
3326,456197,31,11781,-2.755642890406307e-05,2.755642890406307e-05
3327,451993,31,7577,-2.755454261205159e-05,2.755454261205159e-05
3328,448406,31,3990,-2.7553580366657116e-05,2.7553580366657116e-05
3329,408292,28,6884,-2.7551219318411313e-05,2.7551219318411313e-05
3330,394087,27,7015,-2.7549702281248756e-05,2.7549702281248756e-05
3331,223377,15,8337,-2.754768320301082e-05,2.754768320301082e-05
3332,450568,31,6152,2.7536709239939228e-05,2.7536709239939228e-05
3333,447632,31,3216,2.752161890384741e-05,2.752161890384741e-05
3334,426232,29,10488,-2.7519568902789615e-05,2.7519568902789615e-05
3335,424656,29,8912,2.7515181500348262e-05,2.7515181500348262e-05
3336,445099,31,683,-2.7514111934578978e-05,2.7514111934578978e-05
3337,252867,17,9155,-2.7513167879078537e-05,2.7513167879078537e-05
3338,267650,18,9602,2.7509151550475508e-05,2.7509151550475508e-05
3339,455864,31,11448,2.750845487753395e-05,2.750845487753395e-05
3340,230414,16,1038,2.7501890144776553e-05,2.7501890144776553e-05
3341,432414,30,2334,-2.7490201318869367e-05,2.7490201318869367e-05
3342,456612,31,12196,-2.7487474653753452e-05,2.7487474653753452e-05
3343,428182,29,12438,2.7487451006891206e-05,2.7487451006891206e-05
3344,442610,30,12530,-2.7486141334520653e-05,2.7486141334520653e-05
3345,436181,30,6101,-2.7485686587169766e-05,2.7485686587169766e-05
3346,303888,21,2832,-2.7482428777148016e-05,2.7482428777148016e-05
3347,451491,31,7075,2.7474148737383075e-05,2.7474148737383075e-05
3348,457577,31,13161,2.7466590836411342e-05,2.7466590836411342e-05
3349,388388,27,1316,-2.7461061108624563e-05,2.7461061108624563e-05
3350,380892,26,8156,2.7460117053124122e-05,2.7460117053124122e-05
3351,420942,29,5198,2.7449488698039204e-05,2.7449488698039204e-05
3352,196112,13,9744,-2.744450102909468e-05,2.744450102909468e-05
3353,353361,24,9297,2.7441892598289996e-05,2.7441892598289996e-05
3354,175314,12,3282,-2.7429057809058577e-05,2.7429057809058577e-05
3355,452096,31,7680,2.7429014153312892e-05,2.7429014153312892e-05
3356,446547,31,2131,2.7427528038970195e-05,2.7427528038970195e-05
3357,232074,16,2698,2.7426138331065886e-05,2.7426138331065886e-05
3358,257886,17,14174,-2.742278047662694e-05,2.742278047662694e-05
3359,458416,31,14000,-2.7419935577199794e-05,2.7419935577199794e-05
3360,202263,14,1559,2.740266063483432e-05,2.740266063483432e-05
3361,419604,29,3860,-2.739835690590553e-05,2.739835690590553e-05
3362,446362,31,1946,-2.7395655706641264e-05,2.7395655706641264e-05
3363,135514,9,6490,2.738550574576948e-05,2.738550574576948e-05
3364,450384,31,5968,-2.73847472271882e-05,2.73847472271882e-05
3365,229168,15,14128,2.738296279858332e-05,2.738296279858332e-05
3366,291156,20,4436,2.7379523089621216e-05,2.7379523089621216e-05
3367,406346,28,4938,2.7371772375772707e-05,2.7371772375772707e-05
3368,203688,14,2984,-2.737013164733071e-05,2.737013164733071e-05
3369,446530,31,2114,2.736720853135921e-05,2.736720853135921e-05
3370,455879,31,11463,2.7359839805285446e-05,2.7359839805285446e-05
3371,189438,13,3070,-2.734611371124629e-05,2.734611371124629e-05
3372,456301,31,11885,-2.7340300221112557e-05,2.7340300221112557e-05
3373,159228,11,1532,-2.733878318395e-05,2.733878318395e-05
3374,184484,12,12452,2.7335503546055406e-05,2.7335503546055406e-05
3375,442077,30,11997,2.732999564614147e-05,2.732999564614147e-05
3376,422753,29,7009,2.7319647415424697e-05,2.7319647415424697e-05
3377,232899,16,3523,2.7315541956340894e-05,2.7315541956340894e-05
3378,436549,30,6469,2.7306708943797275e-05,2.7306708943797275e-05
3379,451758,31,7342,-2.7301983209326863e-05,2.7301983209326863e-05
3380,453202,31,8786,2.7269135898677632e-05,2.7269135898677632e-05
3381,150843,10,7483,-2.7267176847090013e-05,2.7267176847090013e-05
3382,422906,29,7162,2.725878766796086e-05,2.725878766796086e-05
3383,455702,31,11286,-2.7251422579865903e-05,2.7251422579865903e-05
3384,448103,31,3687,2.724968726397492e-05,2.724968726397492e-05
3385,453337,31,8921,-2.7230502382735722e-05,2.7230502382735722e-05
3386,449083,31,4667,2.7223266442888416e-05,2.7223266442888416e-05
3387,455362,31,10946,-2.7220135962124914e-05,2.7220135962124914e-05
3388,416107,29,363,2.7211717679165304e-05,2.7211717679165304e-05
3389,200061,13,13693,-2.719553594943136e-05,2.719553594943136e-05
3390,214894,14,14190,-2.719034455367364e-05,2.719034455367364e-05
3391,444775,31,359,2.718848736549262e-05,2.718848736549262e-05
3392,451678,31,7262,-2.7185074941371568e-05,2.7185074941371568e-05
3393,446713,31,2297,-2.7185002181795426e-05,2.7185002181795426e-05
3394,196261,13,9893,2.718480391195044e-05,2.718480391195044e-05
3395,440743,30,10663,2.718361974984873e-05,2.718361974984873e-05
3396,401402,27,14330,-2.7178184609510936e-05,2.7178184609510936e-05
3397,447139,31,2723,2.7172909540240653e-05,2.7172909540240653e-05
3398,443551,30,13471,-2.7155689167557284e-05,2.7155689167557284e-05
3399,456456,31,12040,2.7150441383128054e-05,2.7150441383128054e-05
3400,279694,19,7310,2.7145466447109357e-05,2.7145466447109357e-05
3401,426086,29,10342,-2.7132815375807695e-05,2.7132815375807695e-05
3402,211502,14,10798,2.7131656679557636e-05,2.7131656679557636e-05
3403,451519,31,7103,2.7092622985946946e-05,2.7092622985946946e-05
3404,440196,30,10116,-2.709119326027576e-05,2.709119326027576e-05
3405,441928,30,11848,-2.708770625758916e-05,2.708770625758916e-05
3406,447038,31,2622,2.708559259190224e-05,2.708559259190224e-05
3407,177834,12,5802,-2.7069434509030543e-05,2.7069434509030543e-05
3408,449139,31,4723,-2.705652514123358e-05,2.705652514123358e-05
3409,436892,30,6812,2.705392580537591e-05,2.705392580537591e-05
3410,246979,17,3267,2.704596408875659e-05,2.704596408875659e-05
3411,440174,30,10094,-2.7044750822824426e-05,2.7044750822824426e-05
3412,405105,28,3697,2.703395512071438e-05,2.703395512071438e-05
3413,363697,25,5297,-2.7030275305151008e-05,2.7030275305151008e-05
3414,449177,31,4761,-2.7027523174183443e-05,2.7027523174183443e-05
3415,250110,17,6398,2.7026830139220692e-05,2.7026830139220692e-05
3416,325754,22,10362,2.70256023213733e-05,2.70256023213733e-05
3417,188425,13,2057,2.701975972740911e-05,2.701975972740911e-05
3418,454014,31,9598,-2.7014264560420997e-05,2.7014264560420997e-05
3419,450662,31,6246,-2.7013695216737688e-05,2.7013695216737688e-05
3420,429909,29,14165,2.700285222090315e-05,2.700285222090315e-05
3421,454020,31,9604,-2.7002699425793253e-05,2.7002699425793253e-05
3422,418567,29,2823,2.698463504202664e-05,2.698463504202664e-05
3423,439123,30,9043,-2.6982796043739654e-05,2.6982796043739654e-05
3424,446822,31,2406,-2.6980584152624942e-05,2.6980584152624942e-05
3425,381509,26,8773,-2.697616582736373e-05,2.697616582736373e-05
3426,165320,11,7624,-2.697003583307378e-05,2.697003583307378e-05
3427,282732,19,10348,2.6964522476191632e-05,2.6964522476191632e-05
3428,446720,31,2304,2.6961382900481112e-05,2.6961382900481112e-05
3429,434884,30,4804,-2.6961319235851988e-05,2.6961319235851988e-05
3430,441348,30,11268,-2.694774593692273e-05,2.694774593692273e-05
3431,452808,31,8392,2.6938607334159315e-05,2.6938607334159315e-05
3432,348965,24,4901,2.6922454708255827e-05,2.6922454708255827e-05
3433,439584,30,9504,2.6921185053652152e-05,2.6921185053652152e-05
3434,239655,16,10279,2.6908657673629932e-05,2.6908657673629932e-05
3435,452713,31,8297,2.6907315259450115e-05,2.6907315259450115e-05
3436,429904,29,14160,-2.690098153834697e-05,2.690098153834697e-05
3437,435821,30,5741,-2.6887522835750133e-05,2.6887522835750133e-05
3438,449221,31,4805,2.6887517378781922e-05,2.6887517378781922e-05
3439,443716,30,13636,-2.687939559109509e-05,2.687939559109509e-05
3440,446389,31,1973,2.687320920813363e-05,2.687320920813363e-05
3441,413400,28,11992,2.6862762751989067e-05,2.6862762751989067e-05
3442,163801,11,6105,-2.684386163309682e-05,2.684386163309682e-05
3443,454877,31,10461,-2.683588354557287e-05,2.683588354557287e-05
3444,447146,31,2730,2.683024649741128e-05,2.683024649741128e-05
3445,441754,30,11674,2.6824041924555786e-05,2.6824041924555786e-05
3446,190367,13,3999,-2.681852856767364e-05,2.681852856767364e-05
3447,455638,31,11222,2.681423029571306e-05,2.681423029571306e-05
3448,455368,31,10952,2.6803074433701113e-05,2.6803074433701113e-05
3449,457744,31,13328,-2.6799894840223715e-05,2.6799894840223715e-05
3450,446335,31,1919,-2.679825047380291e-05,2.679825047380291e-05
3451,451160,31,6744,2.6796766178449616e-05,2.6796766178449616e-05
3452,452817,31,8401,2.679477802303154e-05,2.679477802303154e-05
3453,211805,14,11101,2.678021337487735e-05,2.678021337487735e-05
3454,420944,29,5200,-2.676755320862867e-05,2.676755320862867e-05
3455,447324,31,2908,2.676036638149526e-05,2.676036638149526e-05
3456,219135,15,4095,-2.6747571610030718e-05,2.6747571610030718e-05
3457,199983,13,13615,2.674688948900439e-05,2.674688948900439e-05
3458,452556,31,8140,-2.6744317437987775e-05,2.6744317437987775e-05
3459,444517,31,101,-2.6742834961623885e-05,2.6742834961623885e-05
3460,223882,15,8842,2.6741578039946035e-05,2.6741578039946035e-05
3461,454556,31,10140,2.6735757273854688e-05,2.6735757273854688e-05
3462,428683,29,12939,2.6730429453891702e-05,2.6730429453891702e-05
3463,428794,29,13050,2.6724219424067996e-05,2.6724219424067996e-05
3464,449088,31,4672,2.6720790629042313e-05,2.6720790629042313e-05
3465,451665,31,7249,2.6716632419265807e-05,2.6716632419265807e-05
3466,457266,31,12850,-2.6703934054239653e-05,2.6703934054239653e-05
3467,225893,15,10853,-2.67021623585606e-05,2.67021623585606e-05
3468,190634,13,4266,-2.6693240215536207e-05,2.6693240215536207e-05
3469,451978,31,7562,-2.6668696591514163e-05,2.6668696591514163e-05
3470,413725,28,12317,2.6664549295674078e-05,2.6664549295674078e-05
3471,431904,30,1824,2.6660116418497637e-05,2.6660116418497637e-05
3472,193906,13,7538,2.6659088689484634e-05,2.6659088689484634e-05
3473,449566,31,5150,2.6653096938389353e-05,2.6653096938389353e-05
3474,410385,28,8977,-2.6648869607015513e-05,2.6648869607015513e-05
3475,218620,15,3580,2.664241401362233e-05,2.664241401362233e-05
3476,432505,30,2425,-2.6638190320227295e-05,2.6638190320227295e-05
3477,452328,31,7912,2.663207305886317e-05,2.663207305886317e-05
3478,428998,29,13254,2.662683073140215e-05,2.662683073140215e-05
3479,255705,17,11993,-2.66256756731309e-05,2.66256756731309e-05
3480,295956,20,9236,2.6625328246154822e-05,2.6625328246154822e-05
3481,402809,28,1401,-2.6623092708177865e-05,2.6623092708177865e-05
3482,456104,31,11688,-2.6601121135172434e-05,2.6601121135172434e-05
3483,446216,31,1800,-2.6599880584399216e-05,2.6599880584399216e-05
3484,379603,26,6867,-2.65907929133391e-05,2.65907929133391e-05
3485,452933,31,8517,2.659052006492857e-05,2.659052006492857e-05
3486,354985,24,10921,2.6587333195493557e-05,2.6587333195493557e-05
3487,281077,19,8693,2.657292498042807e-05,2.657292498042807e-05
3488,440575,30,10495,2.6568743123789318e-05,2.6568743123789318e-05
3489,440371,30,10291,-2.6562200218904763e-05,2.6562200218904763e-05
3490,296733,20,10013,-2.6559642719803378e-05,2.6559642719803378e-05
3491,448569,31,4153,-2.6556377633824013e-05,2.6556377633824013e-05
3492,424508,29,8764,-2.6548423193162307e-05,2.6548423193162307e-05
3493,452023,31,7607,-2.6547615561867133e-05,2.6547615561867133e-05
3494,295779,20,9059,-2.6545221771812066e-05,2.6545221771812066e-05
3495,450941,31,6525,-2.6544892534730025e-05,2.6544892534730025e-05
3496,455714,31,11298,2.654156560311094e-05,2.654156560311094e-05
3497,218511,15,3471,2.6534242351772264e-05,2.6534242351772264e-05
3498,457872,31,13456,-2.6534036805969663e-05,2.6534036805969663e-05
3499,454365,31,9949,2.653399496921338e-05,2.653399496921338e-05
3500,432399,30,2319,-2.653150113474112e-05,2.653150113474112e-05
3501,190045,13,3677,-2.6531190087553114e-05,2.6531190087553114e-05
3502,442279,30,12199,-2.652402690728195e-05,2.652402690728195e-05
3503,449478,31,5062,2.6520903702476062e-05,2.6520903702476062e-05
3504,457231,31,12815,2.65200505964458e-05,2.65200505964458e-05
3505,451849,31,7433,-2.650810893101152e-05,2.650810893101152e-05
3506,251784,17,8072,2.650627175171394e-05,2.650627175171394e-05
3507,455787,31,11371,-2.6494471967453137e-05,2.6494471967453137e-05
3508,405897,28,4489,2.6481020540813915e-05,2.6481020540813915e-05
3509,447846,31,3430,-2.647494329721667e-05,2.647494329721667e-05
3510,447830,31,3414,2.6473859179532155e-05,2.6473859179532155e-05
3511,215674,15,634,2.647003930178471e-05,2.647003930178471e-05
3512,457921,31,13505,2.6468545911484398e-05,2.6468545911484398e-05
3513,439704,30,9624,-2.6460294975549914e-05,2.6460294975549914e-05
3514,273783,19,1399,-2.6428104320075363e-05,2.6428104320075363e-05
3515,432423,30,2343,2.6420097128720954e-05,2.6420097128720954e-05
3516,452031,31,7615,2.6415815227665007e-05,2.6415815227665007e-05
3517,425211,29,9467,2.6392719519208185e-05,2.6392719519208185e-05
3518,452973,31,8557,2.6391979190520942e-05,2.6391979190520942e-05
3519,436452,30,6372,-2.6388051992398687e-05,2.6388051992398687e-05
3520,180814,12,8782,2.638619116623886e-05,2.638619116623886e-05
3521,451900,31,7484,-2.6371681087766774e-05,2.6371681087766774e-05
3522,423377,29,7633,2.6371650164946914e-05,2.6371650164946914e-05
3523,410645,28,9237,2.6371570129413158e-05,2.6371570129413158e-05
3524,452066,31,7650,2.637146826600656e-05,2.637146826600656e-05
3525,204270,14,3566,2.635859345900826e-05,2.635859345900826e-05
3526,195084,13,8716,2.6352230634074658e-05,2.6352230634074658e-05
3527,455907,31,11491,2.6345718652009964e-05,2.6345718652009964e-05
3528,420515,29,4771,2.6345713195041753e-05,2.6345713195041753e-05
3529,365292,25,6892,-2.634193515405059e-05,2.634193515405059e-05
3530,440112,30,10032,2.6341533157392405e-05,2.6341533157392405e-05
3531,212954,14,12250,2.634020165714901e-05,2.634020165714901e-05
3532,416078,29,334,-2.6338824682170525e-05,2.6338824682170525e-05
3533,442149,30,12069,2.6325862563680857e-05,2.6325862563680857e-05
3534,412571,28,11163,2.6322881240048446e-05,2.6322881240048446e-05
3535,457447,31,13031,-2.631770803418476e-05,2.631770803418476e-05
3536,450369,31,5953,2.6298866941942833e-05,2.6298866941942833e-05
3537,440259,30,10179,2.6298243028577417e-05,2.6298243028577417e-05
3538,437894,30,7814,2.6291101676179096e-05,2.6291101676179096e-05
3539,384528,26,11792,2.629082155181095e-05,2.629082155181095e-05
3540,436530,30,6450,2.629065784276463e-05,2.629065784276463e-05
3541,452009,31,7593,-2.628910806379281e-05,2.628910806379281e-05
3542,453372,31,8956,-2.626537207106594e-05,2.626537207106594e-05
3543,450193,31,5777,2.6257848730892874e-05,2.6257848730892874e-05
3544,210745,14,10041,2.6255909688188694e-05,2.6255909688188694e-05
3545,457647,31,13231,2.6254499971400946e-05,2.6254499971400946e-05
3546,422799,29,7055,-2.6250108930980787e-05,2.6250108930980787e-05
3547,313099,21,12043,-2.624368244141806e-05,2.624368244141806e-05
3548,335110,23,5382,2.6242965759593062e-05,2.6242965759593062e-05
3549,449469,31,5053,2.6236632038489915e-05,2.6236632038489915e-05
3550,437142,30,7062,-2.6235129553242587e-05,2.6235129553242587e-05
3551,457521,31,13105,-2.6233999960822985e-05,2.6233999960822985e-05
3552,433194,30,3114,-2.623373075039126e-05,2.623373075039126e-05
3553,424838,29,9094,-2.623063301143702e-05,2.623063301143702e-05
3554,456282,31,11866,-2.6216046535409987e-05,2.6216046535409987e-05
3555,451719,31,7303,2.620642408146523e-05,2.620642408146523e-05
3556,382993,26,10257,-2.6203815650660545e-05,2.6203815650660545e-05
3557,454964,31,10548,2.6201296350336634e-05,2.6201296350336634e-05
3558,440466,30,10386,-2.6196275939582847e-05,2.6196275939582847e-05
3559,433637,30,3557,-2.619265615066979e-05,2.619265615066979e-05
3560,437360,30,7280,2.6188470656052232e-05,2.6188470656052232e-05
3561,437553,30,7473,2.617069003463257e-05,2.617069003463257e-05
3562,443112,30,13032,2.616779602249153e-05,2.616779602249153e-05
3563,431601,30,1521,2.6154419174417853e-05,2.6154419174417853e-05
3564,453833,31,9417,2.615029734442942e-05,2.615029734442942e-05
3565,253507,17,9795,2.6145038646063767e-05,2.6145038646063767e-05
3566,399732,27,12660,2.6140671252505854e-05,2.6140671252505854e-05
3567,431331,30,1251,2.6128558602067642e-05,2.6128558602067642e-05
3568,426447,29,10703,2.612547905300744e-05,2.612547905300744e-05
3569,320356,22,4964,2.612372009025421e-05,2.612372009025421e-05
3570,450844,31,6428,2.6121608243556693e-05,2.6121608243556693e-05
3571,445282,31,866,-2.6112678824574687e-05,2.6112678824574687e-05
3572,390725,27,3653,2.61112490989035e-05,2.61112490989035e-05
3573,385158,26,12422,-2.610731462482363e-05,2.610731462482363e-05
3574,431496,30,1416,2.6084875571541488e-05,2.6084875571541488e-05
3575,197450,13,11082,-2.607899295981042e-05,2.607899295981042e-05
3576,424770,29,9026,2.6076348149217665e-05,2.6076348149217665e-05
3577,417280,29,1536,2.607088754302822e-05,2.607088754302822e-05
3578,443194,30,13114,2.6070345484185964e-05,2.6070345484185964e-05
3579,256021,17,12309,-2.6070136300404556e-05,2.6070136300404556e-05
3580,432256,30,2176,2.606692214612849e-05,2.606692214612849e-05
3581,343301,23,13573,-2.6063686163979582e-05,2.6063686163979582e-05
3582,435400,30,5320,2.6059471565531567e-05,2.6059471565531567e-05
3583,255573,17,11861,2.6055862690554932e-05,2.6055862690554932e-05
3584,442239,30,12159,2.6053903638967313e-05,2.6053903638967313e-05
3585,458333,31,13917,2.605305598990526e-05,2.605305598990526e-05
3586,435972,30,5892,2.6052090106531978e-05,2.6052090106531978e-05
3587,335228,23,5500,-2.6048857762361877e-05,2.6048857762361877e-05
3588,380657,26,7921,-2.6046003767987713e-05,2.6046003767987713e-05
3589,208352,14,7648,2.6042116587632336e-05,2.6042116587632336e-05
3590,445303,31,887,-2.6039801014121622e-05,2.6039801014121622e-05
3591,453204,31,8788,-2.6035586415673606e-05,2.6035586415673606e-05
3592,221204,15,6164,2.6032534151454456e-05,2.6032534151454456e-05
3593,237868,16,8492,-2.6019684810307808e-05,2.6019684810307808e-05
3594,427211,29,11467,-2.6015106413979083e-05,2.6015106413979083e-05
3595,444607,31,191,-2.6011864974861965e-05,2.6011864974861965e-05
3596,198661,13,12293,2.6010673536802642e-05,2.6010673536802642e-05
3597,439196,30,9116,-2.601040614536032e-05,2.601040614536032e-05
3598,393081,27,6009,2.600333209556993e-05,2.600333209556993e-05
3599,449807,31,5391,-2.600297193566803e-05,2.600297193566803e-05
3600,446232,31,1816,2.5997600459959358e-05,2.5997600459959358e-05
3601,204800,14,4096,-2.599106119305361e-05,2.599106119305361e-05
3602,432500,30,2420,2.5986544642364606e-05,2.5986544642364606e-05
3603,453369,31,8953,2.5973671654355712e-05,2.5973671654355712e-05
3604,448749,31,4333,-2.597215279820375e-05,2.597215279820375e-05
3605,444580,31,164,-2.597148522909265e-05,2.597148522909265e-05
3606,456546,31,12130,-2.5962099243770353e-05,2.5962099243770353e-05
3607,268509,18,10461,-2.5951563657145016e-05,2.5951563657145016e-05
3608,443935,30,13855,-2.594945726741571e-05,2.594945726741571e-05
3609,194155,13,7787,2.5949357222998515e-05,2.5949357222998515e-05
3610,144947,10,1587,2.5947258109226823e-05,2.5947258109226823e-05
3611,450344,31,5928,2.594527722976636e-05,2.594527722976636e-05
3612,437914,30,7834,2.594025863800198e-05,2.594025863800198e-05
3613,457476,31,13060,2.5935967641999014e-05,2.5935967641999014e-05
3614,440186,30,10106,2.593434510345105e-05,2.593434510345105e-05
3615,422145,29,6401,-2.592967211967334e-05,2.592967211967334e-05
3616,407342,28,5934,-2.5927156457328238e-05,2.5927156457328238e-05
3617,432165,30,2085,2.592135024315212e-05,2.592135024315212e-05
3618,436022,30,5942,2.591685188235715e-05,2.591685188235715e-05
3619,430257,30,177,2.5910720069077797e-05,2.5910720069077797e-05
3620,434610,30,4530,2.591070551716257e-05,2.591070551716257e-05
3621,445078,31,662,2.5902116249199025e-05,2.5902116249199025e-05
3622,281302,19,8918,-2.589174619060941e-05,2.589174619060941e-05
3623,453295,31,8879,-2.5888753953040577e-05,2.5888753953040577e-05
3624,396569,27,9497,2.5885930881486274e-05,2.5885930881486274e-05
3625,454090,31,9674,-2.5880062821670435e-05,2.5880062821670435e-05
3626,414512,28,13104,2.587989547464531e-05,2.587989547464531e-05
3627,399925,27,12853,-2.587969538581092e-05,2.587969538581092e-05
3628,420898,29,5154,2.5870474928524345e-05,2.5870474928524345e-05
3629,227142,15,12102,-2.5869652745313942e-05,2.5869652745313942e-05
3630,213457,14,12753,-2.5867318981909193e-05,2.5867318981909193e-05
3631,442725,30,12645,-2.5862451366265304e-05,2.5862451366265304e-05
3632,442942,30,12862,2.5859564630081877e-05,2.5859564630081877e-05
3633,445380,31,964,-2.5851495593087748e-05,2.5851495593087748e-05
3634,400371,27,13299,2.585000402177684e-05,2.585000402177684e-05
3635,435041,30,4961,2.584859248599969e-05,2.584859248599969e-05
3636,429489,29,13745,2.5846604330581613e-05,2.5846604330581613e-05
3637,177319,12,5287,2.5838900910457596e-05,2.5838900910457596e-05
3638,449059,31,4643,2.583824607427232e-05,2.583824607427232e-05
3639,436063,30,5983,-2.5838238798314705e-05,2.5838238798314705e-05
3640,408749,28,7341,-2.5832894607447088e-05,2.5832894607447088e-05
3641,438223,30,8143,2.5823050236795098e-05,2.5823050236795098e-05
3642,181827,12,9795,-2.5820729206316173e-05,2.5820729206316173e-05
3643,442256,30,12176,2.58126383414492e-05,2.58126383414492e-05
3644,452993,31,8577,-2.5804785764194094e-05,2.5804785764194094e-05
3645,446174,31,1758,2.580312138888985e-05,2.580312138888985e-05
3646,447408,31,2992,-2.5795208784984425e-05,2.5795208784984425e-05
3647,442374,30,12294,2.5794335670070723e-05,2.5794335670070723e-05
3648,210473,14,9769,2.579169813543558e-05,2.579169813543558e-05
3649,448789,31,4373,2.579144529590849e-05,2.579144529590849e-05
3650,443790,30,13710,-2.579079955467023e-05,2.579079955467023e-05
3651,363583,25,5183,2.579066676844377e-05,2.579066676844377e-05
3652,431332,30,1252,2.5787294362089597e-05,2.5787294362089597e-05
3653,432845,30,2765,-2.5779543648241088e-05,2.5779543648241088e-05
3654,452701,31,8285,-2.5770050342543982e-05,2.5770050342543982e-05
3655,287289,20,569,-2.5755489332368597e-05,2.5755489332368597e-05
3656,429726,29,13982,2.5754370653885417e-05,2.5754370653885417e-05
3657,452258,31,7842,2.5746798200998455e-05,2.5746798200998455e-05
3658,445974,31,1558,2.574476457084529e-05,2.574476457084529e-05
3659,330849,23,1121,2.5744699087226763e-05,2.5744699087226763e-05
3660,198168,13,11800,-2.5733112124726176e-05,2.5733112124726176e-05
3661,188800,13,2432,2.572764060460031e-05,2.572764060460031e-05
3662,401575,28,167,2.5725739760673605e-05,2.5725739760673605e-05
3663,431058,30,978,-2.5723091312102042e-05,2.5723091312102042e-05
3664,411983,28,10575,2.571349796198774e-05,2.571349796198774e-05
3665,435980,30,5900,2.5712448405101895e-05,2.5712448405101895e-05
3666,435730,30,5650,-2.5711657144711353e-05,2.5711657144711353e-05
3667,458420,31,14004,2.5707473469083197e-05,2.5707473469083197e-05
3668,453544,31,9128,-2.570440665294882e-05,2.570440665294882e-05
3669,432774,30,2694,-2.5697741875774227e-05,2.5697741875774227e-05
3670,421871,29,6127,2.5695764634292573e-05,2.5695764634292573e-05
3671,359637,25,1237,-2.5689425456221215e-05,2.5689425456221215e-05
3672,380008,26,7272,-2.56870062003145e-05,2.56870062003145e-05
3673,431341,30,1261,-2.5684403226478025e-05,2.5684403226478025e-05
3674,448478,31,4062,2.5677210942376405e-05,2.5677210942376405e-05
3675,455115,31,10699,2.5664770873845555e-05,2.5664770873845555e-05
3676,417911,29,2167,2.5658619051682763e-05,2.5658619051682763e-05
3677,444490,31,74,-2.565732938819565e-05,2.565732938819565e-05
3678,409247,28,7839,2.5655659555923194e-05,2.5655659555923194e-05
3679,431608,30,1528,2.5655654098954983e-05,2.5655654098954983e-05
3680,455344,31,10928,-2.5651381292846054e-05,2.5651381292846054e-05
3681,210436,14,9732,2.5650369934737682e-05,2.5650369934737682e-05
3682,453054,31,8638,-2.5638089937274344e-05,2.5638089937274344e-05
3683,452616,31,8200,2.5636125428718515e-05,2.5636125428718515e-05
3684,439108,30,9028,2.56288331001997e-05,2.56288331001997e-05
3685,270914,18,12866,2.5627552531659603e-05,2.5627552531659603e-05
3686,451954,31,7538,2.5624582121963613e-05,2.5624582121963613e-05
3687,393628,27,6556,-2.5623519832151942e-05,2.5623519832151942e-05
3688,455882,31,11466,2.5614514015614986e-05,2.5614514015614986e-05
3689,445492,31,1076,-2.5606175768189132e-05,2.5606175768189132e-05
3690,440863,30,10783,2.560148095653858e-05,2.560148095653858e-05
3691,309623,21,8567,2.5581050067557953e-05,2.5581050067557953e-05
3692,451853,31,7437,-2.5577814085409045e-05,2.5577814085409045e-05
3693,409245,28,7837,2.557510197220836e-05,2.557510197220836e-05
3694,187991,13,1623,2.5573064704076387e-05,2.5573064704076387e-05
3695,445517,31,1101,2.556820254540071e-05,2.556820254540071e-05
3696,201538,14,834,2.5568087949068286e-05,2.5568087949068286e-05
3697,412155,28,10747,-2.5566883778083138e-05,2.5566883778083138e-05
3698,370858,25,12458,2.5559529603924602e-05,2.5559529603924602e-05
3699,449516,31,5100,-2.5556370019330643e-05,2.5556370019330643e-05
3700,441482,30,11402,-2.5551760700182058e-05,2.5551760700182058e-05
3701,420974,29,5230,2.5547644327161834e-05,2.5547644327161834e-05
3702,236987,16,7611,-2.5547533368808217e-05,2.5547533368808217e-05
3703,445260,31,844,2.5547336917952634e-05,2.5547336917952634e-05
3704,381440,26,8704,-2.5540402930346318e-05,2.5540402930346318e-05
3705,425009,29,9265,2.553339072619565e-05,2.553339072619565e-05
3706,394273,27,7201,2.552683508838527e-05,2.552683508838527e-05
3707,453694,31,9278,2.5524548618705012e-05,2.5524548618705012e-05
3708,447341,31,2925,2.5516692403471097e-05,2.5516692403471097e-05
3709,452085,31,7669,2.5512228603474796e-05,2.5512228603474796e-05
3710,450827,31,6411,-2.5507662940071896e-05,2.5507662940071896e-05
3711,431871,30,1791,2.549409691710025e-05,2.549409691710025e-05
3712,425613,29,9869,2.5475714210188016e-05,2.5475714210188016e-05
3713,423665,29,7921,2.5467394152656198e-05,2.5467394152656198e-05
3714,441667,30,11587,-2.546157338656485e-05,2.546157338656485e-05
3715,429299,29,13555,2.5460427423240617e-05,2.5460427423240617e-05
3716,434515,30,4435,-2.5459119569859467e-05,2.5459119569859467e-05
3717,272680,19,296,2.5457973606535234e-05,2.5457973606535234e-05
3718,230133,16,757,2.5449468012084253e-05,2.5449468012084253e-05
3719,361241,25,2841,-2.5439803721383214e-05,2.5439803721383214e-05
3720,369606,25,11206,2.5436669602640904e-05,2.5436669602640904e-05
3721,403774,28,2366,2.5434315830352716e-05,2.5434315830352716e-05
3722,376438,26,3702,2.543254777265247e-05,2.543254777265247e-05
3723,239460,16,10084,2.542084075685125e-05,2.542084075685125e-05
3724,449944,31,5528,2.5406925487914123e-05,2.5406925487914123e-05
3725,432432,30,2352,-2.5386567358509637e-05,2.5386567358509637e-05
3726,458036,31,13620,-2.5383960746694356e-05,2.5383960746694356e-05
3727,422783,29,7039,2.5381266823387705e-05,2.5381266823387705e-05
3728,433979,30,3899,-2.5379204089404084e-05,2.5379204089404084e-05
3729,381397,26,8661,-2.5372777599841356e-05,2.5372777599841356e-05
3730,456682,31,12266,-2.5368683054693975e-05,2.5368683054693975e-05
3731,457411,31,12995,2.5367857233504765e-05,2.5367857233504765e-05
3732,232508,16,3132,-2.536542342568282e-05,2.536542342568282e-05
3733,439223,30,9143,-2.5360681320307776e-05,2.5360681320307776e-05
3734,436463,30,6383,-2.535442945372779e-05,2.535442945372779e-05
3735,299011,20,12291,2.535120802349411e-05,2.535120802349411e-05
3736,448942,31,4526,2.534541636123322e-05,2.534541636123322e-05
3737,431507,30,1427,-2.534471423132345e-05,2.534471423132345e-05
3738,151036,10,7676,2.5343217203044333e-05,2.5343217203044333e-05
3739,430790,30,710,-2.533731094445102e-05,2.533731094445102e-05
3740,457995,31,13579,-2.533107908675447e-05,2.533107908675447e-05
3741,421172,29,5428,2.532867802074179e-05,2.532867802074179e-05
3742,407527,28,6119,-2.532328107918147e-05,2.532328107918147e-05
3743,338320,23,8592,2.532110011088662e-05,2.532110011088662e-05
3744,168381,11,10685,2.5320325221400708e-05,2.5320325221400708e-05
3745,410947,28,9539,2.5319723135908134e-05,2.5319723135908134e-05
3746,396323,27,9251,2.5312532670795918e-05,2.5312532670795918e-05
3747,417310,29,1566,2.5310931960120797e-05,2.5310931960120797e-05
3748,156334,10,12974,2.5309269403805956e-05,2.5309269403805956e-05
3749,450752,31,6336,-2.530910751374904e-05,2.530910751374904e-05
3750,455141,31,10725,2.5298952095909044e-05,2.5298952095909044e-05
3751,444479,31,63,-2.52969293796923e-05,2.52969293796923e-05
3752,457093,31,12677,-2.5295101295341738e-05,2.5295101295341738e-05
3753,454132,31,9716,-2.5291066776844673e-05,2.5291066776844673e-05
3754,447290,31,2874,-2.528859840822406e-05,2.528859840822406e-05
3755,247245,17,3533,2.5287959942943417e-05,2.5287959942943417e-05
3756,444208,30,14128,2.5286932213930413e-05,2.5286932213930413e-05
3757,427367,29,11623,2.528388904465828e-05,2.528388904465828e-05
3758,416917,29,1173,-2.5281557100242935e-05,2.5281557100242935e-05
3759,403854,28,2446,-2.52792306127958e-05,2.52792306127958e-05
3760,438809,30,8729,2.5271245249314234e-05,2.5271245249314234e-05
3761,450220,31,5804,2.5270999685744755e-05,2.5270999685744755e-05
3762,450271,31,5855,-2.526692878745962e-05,2.526692878745962e-05
3763,250676,17,6964,-2.5254134015995078e-05,2.5254134015995078e-05
3764,401291,27,14219,2.5250506951124407e-05,2.5250506951124407e-05
3765,404982,28,3574,-2.5240578906959854e-05,2.5240578906959854e-05
3766,279912,19,7528,-2.5234121494577266e-05,2.5234121494577266e-05
3767,440868,30,10788,2.5228539016097784e-05,2.5228539016097784e-05
3768,420587,29,4843,-2.5220582756446674e-05,2.5220582756446674e-05
3769,443750,30,13670,2.5217501388397068e-05,2.5217501388397068e-05
3770,450419,31,6003,2.521375245123636e-05,2.521375245123636e-05
3771,333978,23,4250,-2.5210749299731106e-05,2.5210749299731106e-05
3772,432393,30,2313,2.5208621082128957e-05,2.5208621082128957e-05
3773,432080,30,2000,2.5203460609191097e-05,2.5203460609191097e-05
3774,249182,17,5470,-2.5200444724760018e-05,2.5200444724760018e-05
3775,445555,31,1139,2.519703411962837e-05,2.519703411962837e-05
3776,449178,31,4762,2.5191184249706566e-05,2.5191184249706566e-05
3777,170277,11,12581,2.5189219741150737e-05,2.5189219741150737e-05
3778,423538,29,7794,2.518859582778532e-05,2.518859582778532e-05
3779,222861,15,7821,2.518727160349954e-05,2.518727160349954e-05
3780,454047,31,9631,-2.5184826881741174e-05,2.5184826881741174e-05
3781,443779,30,13699,2.5184792320942506e-05,2.5184792320942506e-05
3782,437143,30,7063,2.5179930162266828e-05,2.5179930162266828e-05
3783,438156,30,8076,-2.517426219128538e-05,2.517426219128538e-05
3784,331894,23,2166,2.517414941394236e-05,2.517414941394236e-05
3785,440628,30,10548,2.516276072128676e-05,2.516276072128676e-05
3786,447166,31,2750,2.5159280994557776e-05,2.5159280994557776e-05
3787,442623,30,12543,2.5152554371743463e-05,2.5152554371743463e-05
3788,173513,12,1481,2.514483276172541e-05,2.514483276172541e-05
3789,200142,13,13774,-2.5143999664578587e-05,2.5143999664578587e-05
3790,431133,30,1053,-2.514136394893285e-05,2.514136394893285e-05
3791,436682,30,6602,2.5138720957329497e-05,2.5138720957329497e-05
3792,207775,14,7071,2.51348246820271e-05,2.51348246820271e-05
3793,434883,30,4803,2.5133029339485802e-05,2.5133029339485802e-05
3794,254955,17,11243,-2.513236722734291e-05,2.513236722734291e-05
3795,441293,30,11213,-2.512799073883798e-05,2.512799073883798e-05
3796,418006,29,2262,-2.512498031137511e-05,2.512498031137511e-05
3797,453915,31,9499,2.5124110834440216e-05,2.5124110834440216e-05
3798,433878,30,3798,2.512101491447538e-05,2.512101491447538e-05
3799,453560,31,9144,2.5117209588643163e-05,2.5117209588643163e-05
3800,437228,30,7148,-2.511427373974584e-05,2.511427373974584e-05
3801,180572,12,8540,2.5113353331107646e-05,2.5113353331107646e-05
3802,450874,31,6458,-2.511170350771863e-05,2.511170350771863e-05
3803,440124,30,10044,2.510808189981617e-05,2.510808189981617e-05
3804,409023,28,7615,2.5104847736656666e-05,2.5104847736656666e-05
3805,310983,21,9927,-2.509924343030434e-05,2.509924343030434e-05
3806,443911,30,13831,-2.5080844352487475e-05,2.5080844352487475e-05
3807,224989,15,9949,2.507411591068376e-05,2.507411591068376e-05
3808,455912,31,11496,2.5069050025194883e-05,2.5069050025194883e-05
3809,278600,19,6216,2.5068266040761955e-05,2.5068266040761955e-05
3810,438322,30,8242,2.5064797227969393e-05,2.5064797227969393e-05
3811,452642,31,8226,-2.5060895495698787e-05,2.5060895495698787e-05
3812,444525,31,109,2.5053870558622293e-05,2.5053870558622293e-05
3813,422495,29,6751,2.5041257686098106e-05,2.5041257686098106e-05
3814,215506,15,466,2.5035860744537786e-05,2.5035860744537786e-05
3815,102346,7,1994,2.5034445570781827e-05,2.5034445570781827e-05
3816,246465,17,2753,2.502607458154671e-05,2.502607458154671e-05
3817,442587,30,12507,-2.5018771339091472e-05,2.5018771339091472e-05
3818,437381,30,7301,-2.5014946004375815e-05,2.5014946004375815e-05
3819,447994,31,3578,-2.5011058824020438e-05,2.5011058824020438e-05
3820,176647,12,4615,2.500747905287426e-05,2.500747905287426e-05
3821,395686,27,8614,2.499459333193954e-05,2.499459333193954e-05
3822,180169,12,8137,-2.4993949409690686e-05,2.4993949409690686e-05
3823,224961,15,9921,-2.4990218662424013e-05,2.4990218662424013e-05
3824,419669,29,3925,2.4988536097225733e-05,2.4988536097225733e-05
3825,431660,30,1580,2.498614412616007e-05,2.498614412616007e-05
3826,424313,29,8569,2.498476897017099e-05,2.498476897017099e-05
3827,344647,24,583,-2.4984070478240028e-05,2.4984070478240028e-05
3828,403298,28,1890,-2.4982837203424424e-05,2.4982837203424424e-05
3829,172277,12,245,-2.49802087637363e-05,2.49802087637363e-05
3830,229447,16,71,-2.4980083253467456e-05,2.4980083253467456e-05
3831,393175,27,6103,-2.495575427019503e-05,2.495575427019503e-05
3832,417110,29,1366,-2.4954993932624348e-05,2.4954993932624348e-05
3833,417215,29,1471,-2.4949766157078557e-05,2.4949766157078557e-05
3834,441195,30,11115,2.4948456484708004e-05,2.4948456484708004e-05
3835,434511,30,4431,-2.494747423043009e-05,2.494747423043009e-05
3836,448106,31,3690,-2.4943097741925158e-05,2.4943097741925158e-05
3837,434337,30,4257,2.494246291462332e-05,2.494246291462332e-05
3838,456480,31,12064,2.493755346222315e-05,2.493755346222315e-05
3839,417958,29,2214,2.493722968210932e-05,2.493722968210932e-05
3840,448398,31,3982,2.493610736564733e-05,2.493610736564733e-05
3841,225890,15,10850,-2.492589919711463e-05,2.492589919711463e-05
3842,436785,30,6705,2.4923998353187926e-05,2.4923998353187926e-05
3843,248903,17,5191,2.492343082849402e-05,2.492343082849402e-05
3844,437216,30,7136,-2.4914743335102685e-05,2.4914743335102685e-05
3845,435177,30,5097,2.4906268663471565e-05,2.4906268663471565e-05
3846,442486,30,12406,-2.4898450647015125e-05,2.4898450647015125e-05
3847,393647,27,6575,-2.4896153263398446e-05,2.4896153263398446e-05
3848,449948,31,5532,-2.4889828637242317e-05,2.4889828637242317e-05
3849,444878,31,462,-2.4882960133254528e-05,2.4882960133254528e-05
3850,443718,30,13638,2.4882059733499773e-05,2.4882059733499773e-05
3851,447772,31,3356,-2.4873646907508373e-05,2.4873646907508373e-05
3852,421397,29,5653,2.4869010303518735e-05,2.4869010303518735e-05
3853,445072,31,656,2.4867251340765506e-05,2.4867251340765506e-05
3854,388865,27,1793,-2.4857576136128046e-05,2.4857576136128046e-05
3855,148338,10,4978,-2.483578646206297e-05,2.483578646206297e-05
3856,206799,14,6095,-2.483410389686469e-05,2.483410389686469e-05
3857,444420,31,4,-2.4827986635500565e-05,2.4827986635500565e-05
3858,435306,30,5226,2.4826043954817578e-05,2.4826043954817578e-05
3859,446000,31,1584,2.481943192833569e-05,2.481943192833569e-05
3860,448842,31,4426,2.4816537916194648e-05,2.4816537916194648e-05
3861,354011,24,9947,-2.4816106815706007e-05,2.4816106815706007e-05
3862,412586,28,11178,-2.4807624868117273e-05,2.4807624868117273e-05
3863,270679,18,12631,2.480541297700256e-05,2.480541297700256e-05
3864,427541,29,11797,-2.480461807863321e-05,2.480461807863321e-05
3865,450372,31,5956,2.4803597625577822e-05,2.4803597625577822e-05
3866,432844,30,2764,-2.4800054234219715e-05,2.4800054234219715e-05
3867,450381,31,5965,2.4795584977255203e-05,2.4795584977255203e-05
3868,444356,30,14276,2.4795404897304252e-05,2.4795404897304252e-05
3869,172318,12,286,2.4794078854029067e-05,2.4794078854029067e-05
3870,193013,13,6645,2.4792216208879836e-05,2.4792216208879836e-05
3871,457466,31,13050,-2.4783614207990468e-05,2.4783614207990468e-05
3872,433646,30,3566,-2.4781249521765858e-05,2.4781249521765858e-05
3873,177462,12,5430,2.4770290110609494e-05,2.4770290110609494e-05
3874,448092,31,3676,-2.4766679416643456e-05,2.4766679416643456e-05
3875,457030,31,12614,2.4765788111835718e-05,2.4765788111835718e-05
3876,402393,28,985,-2.4761677195783705e-05,2.4761677195783705e-05
3877,420845,29,5101,-2.4752212993917055e-05,2.4752212993917055e-05
3878,176496,12,4464,2.4748676878516562e-05,2.4748676878516562e-05
3879,436054,30,5974,-2.4744558686506934e-05,2.4744558686506934e-05
3880,271933,18,13885,-2.4739794753259048e-05,2.4739794753259048e-05
3881,451806,31,7390,2.4737812054809183e-05,2.4737812054809183e-05
3882,418374,29,2630,-2.473054701113142e-05,2.473054701113142e-05
3883,423263,29,7519,-2.4729950382607058e-05,2.4729950382607058e-05
3884,213165,14,12461,2.472784399287775e-05,2.472784399287775e-05
3885,209991,14,9287,-2.4727010895730928e-05,2.4727010895730928e-05
3886,446691,31,2275,-2.471387415425852e-05,2.471387415425852e-05
3887,396441,27,9369,2.470578510838095e-05,2.470578510838095e-05
3888,414785,28,13377,2.4698514607734978e-05,2.4698514607734978e-05
3889,258277,18,229,2.469352330081165e-05,2.469352330081165e-05
3890,258816,18,768,-2.46895997406682e-05,2.46895997406682e-05
3891,374662,26,1926,2.4688646590220742e-05,2.4688646590220742e-05
3892,217978,15,2938,-2.4688077246537432e-05,2.4688077246537432e-05
3893,390646,27,3574,-2.4682718503754586e-05,2.4682718503754586e-05
3894,161869,11,4173,2.4682129151187837e-05,2.4682129151187837e-05
3895,426688,29,10944,-2.468113052600529e-05,2.468113052600529e-05
3896,296803,20,10083,2.4680821297806688e-05,2.4680821297806688e-05
3897,235387,16,6011,2.467977174092084e-05,2.467977174092084e-05
3898,433234,30,3154,-2.466920886945445e-05,2.466920886945445e-05
3899,419053,29,3309,-2.4667060642968863e-05,2.4667060642968863e-05
3900,441357,30,11277,2.46654890361242e-05,2.46654890361242e-05
3901,453241,31,8825,-2.4658280381117947e-05,2.4658280381117947e-05
3902,402146,28,738,2.4653791115269996e-05,2.4653791115269996e-05
3903,331301,23,1573,-2.464993485773448e-05,2.464993485773448e-05
3904,435167,30,5087,2.4648425096529536e-05,2.4648425096529536e-05
3905,424741,29,8997,2.4648235921631567e-05,2.4648235921631567e-05
3906,452247,31,7831,2.4647297323099338e-05,2.4647297323099338e-05
3907,434139,30,4059,2.4647048121551052e-05,2.4647048121551052e-05
3908,146033,10,2673,-2.464670797053259e-05,2.464670797053259e-05
3909,436305,30,6225,2.4646433303132653e-05,2.4646433303132653e-05
3910,454855,31,10439,2.4634357032482512e-05,2.4634357032482512e-05
3911,377934,26,5198,-2.4634122382849455e-05,2.4634122382849455e-05
3912,426749,29,11005,-2.462954398652073e-05,2.462954398652073e-05
3913,185815,12,13783,-2.4628741812193766e-05,2.4628741812193766e-05
3914,444457,31,41,2.4622053388156928e-05,2.4622053388156928e-05
3915,412573,28,11165,-2.4617367671453394e-05,2.4617367671453394e-05
3916,438321,30,8241,-2.4615730580990203e-05,2.4615730580990203e-05
3917,452011,31,7595,2.461145595589187e-05,2.461145595589187e-05
3918,448413,31,3997,2.458740164001938e-05,2.458740164001938e-05
3919,187070,13,702,2.4583257982158102e-05,2.4583257982158102e-05
3920,291592,20,4872,2.4580765966675244e-05,2.4580765966675244e-05
3921,367620,25,9220,-2.4580023818998598e-05,2.4580023818998598e-05
3922,458610,31,14194,2.4578544980613515e-05,2.4578544980613515e-05
3923,228663,15,13623,-2.457077061990276e-05,2.457077061990276e-05
3924,246531,17,2819,-2.4567330910940655e-05,2.4567330910940655e-05
3925,449962,31,5546,2.4566252250224352e-05,2.4566252250224352e-05
3926,444172,30,14092,-2.4565428248024546e-05,2.4565428248024546e-05
3927,452756,31,8340,-2.4564740670030005e-05,2.4564740670030005e-05
3928,207088,14,6384,-2.4561022655689158e-05,2.4561022655689158e-05
3929,252711,17,8999,2.455879257468041e-05,2.455879257468041e-05
3930,424690,29,8946,-2.4552002287236974e-05,2.4552002287236974e-05
3931,317253,22,1861,2.455177491356153e-05,2.455177491356153e-05
3932,436355,30,6275,2.4548267901991494e-05,2.4548267901991494e-05
3933,227506,15,12466,2.4543975086999126e-05,2.4543975086999126e-05
3934,235210,16,5834,-2.4543845938751474e-05,2.4543845938751474e-05
3935,444846,31,430,2.453593333484605e-05,2.453593333484605e-05
3936,457461,31,13045,2.4530645532649942e-05,2.4530645532649942e-05
3937,447181,31,2765,2.4529297661501914e-05,2.4529297661501914e-05
3938,428415,29,12671,-2.45264182012761e-05,2.45264182012761e-05
3939,448953,31,4537,-2.4515606128261425e-05,2.4515606128261425e-05
3940,452884,31,8468,2.451444379403256e-05,2.451444379403256e-05
3941,406676,28,5268,-2.4505081455572508e-05,2.4505081455572508e-05
3942,441043,30,10963,2.4504772227373905e-05,2.4504772227373905e-05
3943,423619,29,7875,2.4500099243596196e-05,2.4500099243596196e-05
3944,454311,31,9895,-2.449972635076847e-05,2.449972635076847e-05
3945,458415,31,13999,2.4496839614585042e-05,2.4496839614585042e-05
3946,349021,24,4957,-2.4495662728440948e-05,2.4495662728440948e-05
3947,415495,28,14087,-2.4489942006766796e-05,2.4489942006766796e-05
3948,305889,21,4833,-2.4488468625349924e-05,2.4488468625349924e-05
3949,338225,23,8497,2.4484308596584015e-05,2.4484308596584015e-05
3950,378870,26,6134,2.4483060769853182e-05,2.4483060769853182e-05
3951,161335,11,3639,2.4461282009724528e-05,2.4461282009724528e-05
3952,236843,16,7467,-2.445527024974581e-05,2.445527024974581e-05
3953,437289,30,7209,2.445404425088782e-05,2.445404425088782e-05
3954,422337,29,6593,2.445307109155692e-05,2.445307109155692e-05
3955,432272,30,2192,-2.4447828764095902e-05,2.4447828764095902e-05
3956,449014,31,4598,2.444211349938996e-05,2.444211349938996e-05
3957,196994,13,10626,-2.4441736968583427e-05,2.4441736968583427e-05
3958,452919,31,8503,2.44351558649214e-05,2.44351558649214e-05
3959,225325,15,10285,2.44238708546618e-05,2.44238708546618e-05
3960,247218,17,3506,2.4422228307230398e-05,2.4422228307230398e-05
3961,374589,26,1853,-2.4420478439424187e-05,2.4420478439424187e-05
3962,455666,31,11250,2.441981268930249e-05,2.441981268930249e-05
3963,435662,30,5582,-2.4416291125817224e-05,2.4416291125817224e-05
3964,438358,30,8278,-2.441090327920392e-05,2.441090327920392e-05
3965,358630,25,230,-2.4408775061601773e-05,2.4408775061601773e-05
3966,169362,11,11666,-2.4397266315645538e-05,2.4397266315645538e-05
3967,247199,17,3487,-2.439571835566312e-05,2.439571835566312e-05
3968,386836,26,14100,-2.4392236809944734e-05,2.4392236809944734e-05
3969,437723,30,7643,2.4389491954934783e-05,2.4389491954934783e-05
3970,433241,30,3161,-2.4387358280364424e-05,2.4387358280364424e-05
3971,445932,31,1516,-2.438408773741685e-05,2.438408773741685e-05
3972,451544,31,7128,-2.438059527776204e-05,2.438059527776204e-05
3973,414452,28,13044,-2.437830153212417e-05,2.437830153212417e-05
3974,452028,31,7612,-2.43777521973243e-05,2.43777521973243e-05
3975,264414,18,6366,-2.4376176952500828e-05,2.4376176952500828e-05
3976,440142,30,10062,-2.4371953259105794e-05,2.4371953259105794e-05
3977,141637,9,12613,2.437123293930199e-05,2.437123293930199e-05
3978,454872,31,10456,2.436900103930384e-05,2.436900103930384e-05
3979,429741,29,13997,2.4367722289753146e-05,2.4367722289753146e-05
3980,416373,29,629,-2.436546128592454e-05,2.436546128592454e-05
3981,414404,28,12996,2.4361390387639403e-05,2.4361390387639403e-05
3982,79631,5,7951,-2.436050090182107e-05,2.436050090182107e-05
3983,443898,30,13818,2.435346868878696e-05,2.435346868878696e-05
3984,456356,31,11940,2.4349252271349542e-05,2.4349252271349542e-05
3985,219859,15,4819,2.434165980957914e-05,2.434165980957914e-05
3986,225466,15,10426,2.4341257812920958e-05,2.4341257812920958e-05
3987,173085,12,1053,-2.4332997782039456e-05,2.4332997782039456e-05
3988,434464,30,4384,2.4328150175279006e-05,2.4328150175279006e-05
3989,449460,31,5044,-2.4327897335751913e-05,2.4327897335751913e-05
3990,452159,31,7743,-2.4320152078871615e-05,2.4320152078871615e-05
3991,446424,31,2008,-2.4313596441061236e-05,2.4313596441061236e-05
3992,419723,29,3979,2.4310313165187836e-05,2.4310313165187836e-05
3993,404215,28,2807,-2.430748827464413e-05,2.430748827464413e-05
3994,438791,30,8711,2.4303222744492814e-05,2.4303222744492814e-05
3995,389215,27,2143,2.429600317555014e-05,2.429600317555014e-05
3996,439814,30,9734,2.4294819013448432e-05,2.4294819013448432e-05
3997,204728,14,4024,-2.429442247375846e-05,2.429442247375846e-05
3998,234538,16,5162,2.429429514450021e-05,2.429429514450021e-05
3999,436947,30,6867,2.429373489576392e-05,2.429373489576392e-05
4000,410319,28,8911,-2.4292985472129658e-05,2.4292985472129658e-05
4001,414472,28,13064,-2.429277628834825e-05,2.429277628834825e-05
4002,448669,31,4253,2.4282682716147974e-05,2.4282682716147974e-05
4003,406090,28,4682,2.4276936528622173e-05,2.4276936528622173e-05
4004,418480,29,2736,-2.427405161142815e-05,2.427405161142815e-05
4005,439240,30,9160,2.425798084004782e-05,2.425798084004782e-05
4006,414259,28,12851,-2.425217826385051e-05,2.425217826385051e-05
4007,456239,31,11823,2.424294871161692e-05,2.424294871161692e-05
4008,456634,31,12218,-2.42328333115438e-05,2.42328333115438e-05
4009,453026,31,8610,-2.4232373107224703e-05,2.4232373107224703e-05
4010,457821,31,13405,2.423209480184596e-05,2.423209480184596e-05
4011,452421,31,8005,-2.423194018774666e-05,2.423194018774666e-05
4012,447896,31,3480,-2.4231794668594375e-05,2.4231794668594375e-05
4013,450646,31,6230,2.422526631562505e-05,2.422526631562505e-05
4014,454189,31,9773,-2.4220436898758635e-05,2.4220436898758635e-05
4015,214655,14,13951,2.4219430997618474e-05,2.4219430997618474e-05
4016,435421,30,5341,2.4219149054260924e-05,2.4219149054260924e-05
4017,446615,31,2199,2.4207898604799993e-05,2.4207898604799993e-05
4018,232651,16,3275,2.42053883994231e-05,2.42053883994231e-05
4019,447888,31,3472,2.4202789063565433e-05,2.4202789063565433e-05
4020,355722,24,11658,2.4200406187446788e-05,2.4200406187446788e-05
4021,193635,13,7267,2.4199105610023253e-05,2.4199105610023253e-05
4022,444341,30,14261,-2.419310658297036e-05,2.419310658297036e-05
4023,213144,14,12440,2.4189379473682493e-05,2.4189379473682493e-05
4024,416585,29,841,2.4189012037822977e-05,2.4189012037822977e-05
4025,436672,30,6592,-2.4188047973439097e-05,2.4188047973439097e-05
4026,404844,28,3436,2.418728945485782e-05,2.418728945485782e-05
4027,237445,16,8069,2.418420262984e-05,2.418420262984e-05
4028,384598,26,11862,-2.4180779291782528e-05,2.4180779291782528e-05
4029,457299,31,12883,2.4179365937015973e-05,2.4179365937015973e-05
4030,191529,13,5161,2.417848736513406e-05,2.417848736513406e-05
4031,366571,25,8171,-2.4166871298803017e-05,2.4166871298803017e-05
4032,402532,28,1124,2.4165738068404607e-05,2.4165738068404607e-05
4033,74830,5,3150,2.416408824501559e-05,2.416408824501559e-05
4034,451669,31,7253,2.4154955099220388e-05,2.4154955099220388e-05
4035,455174,31,10758,-2.4151173420250416e-05,2.4151173420250416e-05
4036,323783,22,8391,-2.4140314053511247e-05,2.4140314053511247e-05
4037,444865,31,449,2.413610855001025e-05,2.413610855001025e-05
4038,364834,25,6434,2.4135046260198578e-05,2.4135046260198578e-05
4039,445642,31,1226,-2.412281173747033e-05,2.412281173747033e-05
4040,451022,31,6606,-2.4118247893056832e-05,2.4118247893056832e-05
4041,451524,31,7108,-2.4118202418321744e-05,2.4118202418321744e-05
4042,207171,14,6467,2.411696368653793e-05,2.411696368653793e-05
4043,420936,29,5192,2.411286550341174e-05,2.411286550341174e-05
4044,197492,13,11124,-2.410163688182365e-05,2.410163688182365e-05
4045,438307,30,8227,-2.4095184926409274e-05,2.4095184926409274e-05
4046,428843,29,13099,2.4095128537737764e-05,2.4095128537737764e-05
4047,194520,13,8152,2.408613363513723e-05,2.408613363513723e-05
4048,430841,30,761,-2.4081946321530268e-05,2.4081946321530268e-05
4049,443307,30,13227,-2.4081451556412503e-05,2.4081451556412503e-05
4050,451245,31,6829,-2.4076451154542156e-05,2.4076451154542156e-05
4051,455021,31,10605,2.407523788860999e-05,2.407523788860999e-05
4052,132866,9,3842,-2.407449392194394e-05,2.407449392194394e-05
4053,455395,31,10979,-2.407271313131787e-05,2.407271313131787e-05
4054,433534,30,3454,-2.4055398171185516e-05,2.4055398171185516e-05
4055,454669,31,10253,2.4054863388300873e-05,2.4054863388300873e-05
4056,447253,31,2837,-2.4044957172009163e-05,2.4044957172009163e-05
4057,190051,13,3683,2.4044331439654343e-05,2.4044331439654343e-05
4058,455898,31,11482,2.404372935416177e-05,2.404372935416177e-05
4059,458611,31,14195,2.404347833362408e-05,2.404347833362408e-05
4060,451192,31,6776,2.403798862360418e-05,2.403798862360418e-05
4061,376210,26,3474,-2.4034719899646007e-05,2.4034719899646007e-05
4062,346201,24,2137,2.4031436623772606e-05,2.4031436623772606e-05
4063,432619,30,2539,2.402979771432001e-05,2.402979771432001e-05
4064,442363,30,12283,-2.4026234314078465e-05,2.4026234314078465e-05
4065,429967,29,14223,2.4024002414080314e-05,2.4024002414080314e-05
4066,426643,29,10899,-2.4017004761844873e-05,2.4017004761844873e-05
4067,223818,15,8778,2.4007278625504114e-05,2.4007278625504114e-05
4068,452460,31,8044,-2.399239019723609e-05,2.399239019723609e-05
4069,448184,31,3768,-2.3984788640518673e-05,2.3984788640518673e-05
4070,405766,28,4358,2.3982835045899265e-05,2.3982835045899265e-05
4071,444977,31,561,-2.397476418991573e-05,2.397476418991573e-05
4072,439107,30,9027,2.397378921159543e-05,2.397378921159543e-05
4073,451725,31,7309,2.3964876163518056e-05,2.3964876163518056e-05
4074,443031,30,12951,-2.396234958723653e-05,2.396234958723653e-05
4075,278481,19,6097,-2.3949423848534934e-05,2.3949423848534934e-05
4076,445799,31,1383,2.3944545318954624e-05,2.3944545318954624e-05
4077,411300,28,9892,2.3943608539411798e-05,2.3943608539411798e-05
4078,364911,25,6511,-2.3939675884321332e-05,2.3939675884321332e-05
4079,204953,14,4249,-2.3935865101520903e-05,2.3935865101520903e-05
4080,416322,29,578,-2.393367321928963e-05,2.393367321928963e-05
4081,445210,31,794,-2.3932931071612984e-05,2.3932931071612984e-05
4082,187128,13,760,2.3922020773170516e-05,2.3922020773170516e-05
4083,245465,17,1753,-2.391301495663356e-05,2.391301495663356e-05
4084,228867,15,13827,-2.3912032702355646e-05,2.3912032702355646e-05
4085,428754,29,13010,-2.391176894889213e-05,2.391176894889213e-05
4086,262954,18,4906,2.390501140325796e-05,2.390501140325796e-05
4087,378367,26,5631,2.3899878215161152e-05,2.3899878215161152e-05
4088,208238,14,7534,-2.3899285224615596e-05,2.3899285224615596e-05
4089,426111,29,10367,2.389705514360685e-05,2.389705514360685e-05
4090,418795,29,3051,2.3884285837993957e-05,2.3884285837993957e-05
4091,456053,31,11637,2.3873028112575412e-05,2.3873028112575412e-05
4092,427206,29,11462,-2.387005770287942e-05,2.387005770287942e-05
4093,441699,30,11619,2.386599953752011e-05,2.386599953752011e-05
4094,448326,31,3910,2.3865715775173157e-05,2.3865715775173157e-05
4095,318702,22,3310,-2.3862981834099628e-05,2.3862981834099628e-05
4096,451777,31,7361,2.386163941991981e-05,2.386163941991981e-05
4097,222625,15,7585,-2.386017695243936e-05,2.386017695243936e-05
4098,236351,16,6975,2.385439074714668e-05,2.385439074714668e-05
4099,457129,31,12713,-2.385134393989574e-05,2.385134393989574e-05
4100,454467,31,10051,2.384684376011137e-05,2.384684376011137e-05
4101,164433,11,6737,2.3846538169891573e-05,2.3846538169891573e-05
4102,416193,29,449,2.384589060966391e-05,2.384589060966391e-05
4103,382818,26,10082,-2.384464823990129e-05,2.384464823990129e-05
4104,422437,29,6693,2.3843493181630038e-05,2.3843493181630038e-05
4105,447628,31,3212,2.383698483754415e-05,2.383698483754415e-05
4106,442515,30,12435,-2.3834802050259896e-05,2.3834802050259896e-05
4107,434568,30,4488,2.3827691620681435e-05,2.3827691620681435e-05
4108,138748,9,9724,-2.3827182303648442e-05,2.3827182303648442e-05
4109,419237,29,3493,-2.3825010430300608e-05,2.3825010430300608e-05
4110,200075,13,13707,-2.3820002752472647e-05,2.3820002752472647e-05
4111,308826,21,7770,2.3815860913600773e-05,2.3815860913600773e-05
4112,205026,14,4322,-2.381458762101829e-05,2.381458762101829e-05
4113,436726,30,6646,-2.380147452640813e-05,2.380147452640813e-05
4114,141503,9,12479,2.3795859306119382e-05,2.3795859306119382e-05
4115,453350,31,8934,2.3793081709300168e-05,2.3793081709300168e-05
4116,326344,22,10952,-2.379100442340132e-05,2.379100442340132e-05
4117,240108,16,10732,2.3787451937096193e-05,2.3787451937096193e-05
4118,452180,31,7764,-2.377624150540214e-05,2.377624150540214e-05
4119,390555,27,3483,2.3773356588208117e-05,2.3773356588208117e-05
4120,450826,31,6410,2.3769000108586624e-05,2.3769000108586624e-05
4121,452111,31,7695,2.3766575395711698e-05,2.3766575395711698e-05
4122,452381,31,7965,-2.376351949351374e-05,2.376351949351374e-05
4123,447369,31,2953,2.375492658757139e-05,2.375492658757139e-05
4124,420491,29,4747,-2.3753484128974378e-05,2.3753484128974378e-05
4125,216279,15,1239,2.375256190134678e-05,2.375256190134678e-05
4126,427702,29,11958,2.3750779291731305e-05,2.3750779291731305e-05
4127,449130,31,4714,2.3748794774292037e-05,2.3748794774292037e-05
4128,457331,31,12915,-2.3747963496134616e-05,2.3747963496134616e-05
4129,441920,30,11840,-2.374726318521425e-05,2.374726318521425e-05
4130,441134,30,11054,2.3741256882203743e-05,2.3741256882203743e-05
4131,457326,31,12910,2.3739692551316693e-05,2.3739692551316693e-05
4132,411535,28,10127,-2.3732882254989818e-05,2.3732882254989818e-05
4133,264618,18,6570,-2.3722168407402933e-05,2.3722168407402933e-05
4134,421163,29,5419,-2.3711556423222646e-05,2.3711556423222646e-05
4135,371761,25,13361,-2.370995207456872e-05,2.370995207456872e-05
4136,438769,30,8689,2.3706934371148236e-05,2.3706934371148236e-05
4137,430473,30,393,2.3704831619397737e-05,2.3704831619397737e-05
4138,430983,30,903,2.369863614148926e-05,2.369863614148926e-05
4139,252136,17,8424,-2.36928080994403e-05,2.36928080994403e-05
4140,438814,30,8734,-2.369261892454233e-05,2.369261892454233e-05
4141,321340,22,5948,2.369084904785268e-05,2.369084904785268e-05
4142,411455,28,10047,2.3683294784859754e-05,2.3683294784859754e-05
4143,347066,24,3002,2.368219975323882e-05,2.368219975323882e-05
4144,452131,31,7715,2.3680422600591555e-05,2.3680422600591555e-05
4145,421738,29,5994,-2.3678472643950954e-05,2.3678472643950954e-05
4146,456749,31,12333,2.3676640921621583e-05,2.3676640921621583e-05
4147,451342,31,6926,2.3675538614043035e-05,2.3675538614043035e-05
4148,351431,24,7367,-2.366908847761806e-05,2.366908847761806e-05
4149,191868,13,5500,2.366034095757641e-05,2.366034095757641e-05
4150,454106,31,9690,2.3659287762711756e-05,2.3659287762711756e-05
4151,446048,31,1632,-2.3658034479012713e-05,2.3658034479012713e-05
4152,332172,23,2444,-2.365380532864947e-05,2.365380532864947e-05
4153,436447,30,6367,-2.36467931244988e-05,2.36467931244988e-05
4154,433816,30,3736,-2.363955536566209e-05,2.363955536566209e-05
4155,397332,27,10260,2.363862586207688e-05,2.363862586207688e-05
4156,452726,31,8310,2.363766725466121e-05,2.363766725466121e-05
4157,430438,30,358,-2.3636419427930377e-05,2.3636419427930377e-05
4158,438401,30,8321,2.363613384659402e-05,2.363613384659402e-05
4159,300595,20,13875,2.3616486942046322e-05,2.3616486942046322e-05
4160,446504,31,2088,-2.361513179494068e-05,2.361513179494068e-05
4161,230041,16,665,-2.361461883992888e-05,2.361461883992888e-05
4162,394296,27,7224,-2.3613909434061497e-05,2.3613909434061497e-05
4163,306431,21,5375,-2.3613343728356995e-05,2.3613343728356995e-05
4164,451066,31,6650,2.3611821234226227e-05,2.3611821234226227e-05
4165,376062,26,3326,2.3609994968865067e-05,2.3609994968865067e-05
4166,450434,31,6018,2.360880716878455e-05,2.360880716878455e-05
4167,173292,12,1260,-2.35997522395337e-05,2.35997522395337e-05
4168,187344,13,976,2.359700738452375e-05,2.359700738452375e-05
4169,179904,12,7872,-2.3592720026499592e-05,2.3592720026499592e-05
4170,436767,30,6687,2.35900060943095e-05,2.35900060943095e-05
4171,445462,31,1046,-2.358730671403464e-05,2.358730671403464e-05
4172,451599,31,7183,2.3587228497490287e-05,2.3587228497490287e-05
4173,416465,29,721,-2.3584359951200895e-05,2.3584359951200895e-05
4174,448926,31,4510,2.3584287191624753e-05,2.3584287191624753e-05
4175,448678,31,4262,-2.3582617359352298e-05,2.3582617359352298e-05
4176,242470,16,13094,2.358156598347705e-05,2.358156598347705e-05
4177,448112,31,3696,-2.357052653678693e-05,2.357052653678693e-05
4178,427924,29,12180,2.3551876438432373e-05,2.3551876438432373e-05
4179,444770,31,354,2.3551496269647032e-05,2.3551496269647032e-05
4180,241384,16,12008,2.3550939658889547e-05,2.3550939658889547e-05
4181,454599,31,10183,2.3548425815533847e-05,2.3548425815533847e-05
4182,387660,27,588,2.354831485718023e-05,2.354831485718023e-05
4183,436261,30,6181,-2.354720709263347e-05,2.354720709263347e-05
4184,412701,28,11293,2.3545362637378275e-05,2.3545362637378275e-05
4185,422603,29,6859,2.3542957933386788e-05,2.3542957933386788e-05
4186,452174,31,7758,-2.3540549591416493e-05,2.3540549591416493e-05
4187,455868,31,11452,2.3538623281638138e-05,2.3538623281638138e-05
4188,214155,14,13451,2.3534266802016646e-05,2.3534266802016646e-05
4189,277331,19,4947,-2.3532733393949457e-05,2.3532733393949457e-05
4190,447694,31,3278,-2.3532387785962783e-05,2.3532387785962783e-05
4191,233817,16,4441,2.3527978555648588e-05,2.3527978555648588e-05
4192,341676,23,11948,-2.3518072339356877e-05,2.3518072339356877e-05
4193,405691,28,4283,-2.3506145225837827e-05,2.3506145225837827e-05
4194,447295,31,2879,2.3505226636189036e-05,2.3505226636189036e-05
4195,293560,20,6840,2.3505099306930788e-05,2.3505099306930788e-05
4196,443446,30,13366,2.3503462216467597e-05,2.3503462216467597e-05
4197,456324,31,11908,2.3500202587456442e-05,2.3500202587456442e-05
4198,435863,30,5783,2.3499207600252703e-05,2.3499207600252703e-05
4199,448132,31,3716,-2.3496293579228222e-05,2.3496293579228222e-05
4200,434553,30,4473,-2.349309215787798e-05,2.349309215787798e-05
4201,395800,27,8728,-2.348942871321924e-05,2.348942871321924e-05
4202,157885,11,189,-2.3485199562855996e-05,2.3485199562855996e-05
4203,376464,26,3728,2.3483782570110634e-05,2.3483782570110634e-05
4204,388521,27,1449,2.3481818061554804e-05,2.3481818061554804e-05
4205,434092,30,4012,2.348047200939618e-05,2.348047200939618e-05
4206,427234,29,11490,-2.3473538021789864e-05,2.3473538021789864e-05
4207,129358,9,334,-2.3472934117307886e-05,2.3472934117307886e-05
4208,436933,30,6853,-2.34696581173921e-05,2.34696581173921e-05
4209,442575,30,12495,2.3465039703296497e-05,2.3465039703296497e-05
4210,447255,31,2839,2.3460954253096133e-05,2.3460954253096133e-05
4211,438658,30,8578,2.3460210286430083e-05,2.3460210286430083e-05
4212,418145,29,2401,2.345878783671651e-05,2.345878783671651e-05
4213,408917,28,7509,2.3441005396307446e-05,2.3441005396307446e-05
4214,447600,31,3184,-2.3437542040483095e-05,2.3437542040483095e-05
4215,441637,30,11557,-2.3429638531524688e-05,2.3429638531524688e-05
4216,455387,31,10971,-2.3428738131769933e-05,2.3428738131769933e-05
4217,452326,31,7910,2.3426759071298875e-05,2.3426759071298875e-05
4218,438065,30,7985,2.3423286620527506e-05,2.3423286620527506e-05
4219,444766,31,350,-2.3422866433975287e-05,2.3422866433975287e-05
4220,394741,27,7669,2.342146217415575e-05,2.342146217415575e-05
4221,238174,16,8798,-2.3421111109200865e-05,2.3421111109200865e-05
4222,422769,29,7025,-2.3420776415150613e-05,2.3420776415150613e-05
4223,458245,31,13829,2.3419397621182725e-05,2.3419397621182725e-05
4224,451571,31,7155,2.341921026527416e-05,2.341921026527416e-05
4225,379556,26,6820,-2.3416605472448282e-05,2.3416605472448282e-05
4226,446916,31,2500,-2.3414990209857933e-05,2.3414990209857933e-05
4227,439288,30,9208,-2.341487561352551e-05,2.341487561352551e-05
4228,403940,28,2532,-2.341461913601961e-05,2.341461913601961e-05
4229,392765,27,5693,-2.3414522729581222e-05,2.3414522729581222e-05
4230,155284,10,11924,2.3411948859575205e-05,2.3411948859575205e-05
4231,439724,30,9644,-2.3405402316711843e-05,2.3405402316711843e-05
4232,85120,5,13440,-2.339934690098744e-05,2.339934690098744e-05
4233,439366,30,9286,2.3395672542392276e-05,2.3395672542392276e-05
4234,435642,30,5562,2.3395390599034727e-05,2.3395390599034727e-05
4235,430797,30,717,2.3393387891701423e-05,2.3393387891701423e-05
4236,451123,31,6707,-2.3392665752908215e-05,2.3392665752908215e-05
4237,401141,27,14069,-2.3392301955027506e-05,2.3392301955027506e-05
4238,447138,31,2722,-2.3391738068312407e-05,2.3391738068312407e-05
4239,451025,31,6609,-2.3375640012091026e-05,2.3375640012091026e-05
4240,434394,30,4314,2.3365442757494748e-05,2.3365442757494748e-05
4241,436081,30,6001,2.3359561964753084e-05,2.3359561964753084e-05
4242,452643,31,8227,-2.3352928110398352e-05,2.3352928110398352e-05
4243,443424,30,13344,2.334667442482896e-05,2.334667442482896e-05
4244,202977,14,2273,2.3344757209997624e-05,2.3344757209997624e-05
4245,308768,21,7712,-2.3341299311141483e-05,2.3341299311141483e-05
4246,424449,29,8705,2.3336904632742517e-05,2.3336904632742517e-05
4247,200007,13,13639,-2.3330871044890955e-05,2.3330871044890955e-05
4248,453546,31,9130,2.332494841539301e-05,2.332494841539301e-05
4249,457889,31,13473,-2.3324755602516234e-05,2.3324755602516234e-05
4250,225996,15,10956,2.3321692424360663e-05,2.3321692424360663e-05
4251,430256,30,176,2.3320944819715805e-05,2.3320944819715805e-05
4252,440520,30,10440,-2.3319948013522662e-05,2.3319948013522662e-05
4253,257601,17,13889,-2.331614996364806e-05,2.331614996364806e-05
4254,183261,12,11229,2.331339601369109e-05,2.331339601369109e-05
4255,245855,17,2143,2.331301038793754e-05,2.331301038793754e-05
4256,189212,13,2844,2.331178075110074e-05,2.331178075110074e-05
4257,403030,28,1622,-2.3310678443522193e-05,2.3310678443522193e-05
4258,457939,31,13523,2.3308519303100184e-05,2.3308519303100184e-05
4259,240816,16,11440,2.330475763301365e-05,2.330475763301365e-05
4260,447282,31,2866,2.329894050490111e-05,2.329894050490111e-05
4261,446053,31,1637,2.3294065613299608e-05,2.3294065613299608e-05
4262,430711,30,631,-2.3291482648346573e-05,2.3291482648346573e-05
4263,436544,30,6464,2.3290376702789217e-05,2.3290376702789217e-05
4264,450164,31,5748,2.3283895643544383e-05,2.3283895643544383e-05
4265,181399,12,9367,2.3282051188289188e-05,2.3282051188289188e-05
4266,445205,31,789,-2.328034861420747e-05,2.328034861420747e-05
4267,450672,31,6256,2.3279459128389135e-05,2.3279459128389135e-05
4268,458154,31,13738,2.3270744350156747e-05,2.3270744350156747e-05
4269,389248,27,2176,2.326946378161665e-05,2.326946378161665e-05
4270,283885,19,11501,-2.3265507479663938e-05,2.3265507479663938e-05
4271,158728,11,1032,-2.3262949980562553e-05,2.3262949980562553e-05
4272,455688,31,11272,2.3262755348696373e-05,2.3262755348696373e-05
4273,208773,14,8069,2.3256636268342845e-05,2.3256636268342845e-05
4274,171622,11,13926,-2.325401692360174e-05,2.325401692360174e-05
4275,457309,31,12893,-2.3252301616594195e-05,2.3252301616594195e-05
4276,446608,31,2192,-2.324520391994156e-05,2.324520391994156e-05
4277,433421,30,3341,-2.3234730178955942e-05,2.3234730178955942e-05
4278,213434,14,12730,-2.3230930310091935e-05,2.3230930310091935e-05
4279,454484,31,10068,-2.3229746147990227e-05,2.3229746147990227e-05
4280,226076,15,11036,-2.322830187040381e-05,2.322830187040381e-05
4281,404751,28,3343,-2.32262445933884e-05,2.32262445933884e-05
4282,455405,31,10989,-2.3225918994285166e-05,2.3225918994285166e-05
4283,383865,26,11129,2.3221911760629155e-05,2.3221911760629155e-05
4284,349485,24,5421,-2.32211150432704e-05,2.32211150432704e-05
4285,196148,13,9780,-2.321700594620779e-05,2.321700594620779e-05
4286,421223,29,5479,-2.3211237930809148e-05,2.3211237930809148e-05
4287,223789,15,8749,-2.3208072889246978e-05,2.3208072889246978e-05
4288,199060,13,12692,2.320792009413708e-05,2.320792009413708e-05
4289,453343,31,8927,2.320065686944872e-05,2.320065686944872e-05
4290,447149,31,2733,2.3189946659840643e-05,2.3189946659840643e-05
4291,413901,28,12493,2.31817684834823e-05,2.31817684834823e-05
4292,441268,30,11188,-2.317551479791291e-05,2.317551479791291e-05
4293,458086,31,13670,2.3173828594735824e-05,2.3173828594735824e-05
4294,347997,24,3933,2.316923564649187e-05,2.316923564649187e-05
4295,451602,31,7186,-2.3169064661487937e-05,2.3169064661487937e-05
4296,375791,26,3055,-2.316857353434898e-05,2.316857353434898e-05
4297,444011,30,13931,2.3168309780885465e-05,2.3168309780885465e-05
4298,256313,17,12601,2.3165448510553688e-05,2.3165448510553688e-05
4299,442493,30,12413,-2.316503923793789e-05,2.316503923793789e-05
4300,191945,13,5577,2.3164753656601533e-05,2.3164753656601533e-05
4301,423154,29,7410,2.3158829208114184e-05,2.3158829208114184e-05
4302,411534,28,10126,2.3158276235335506e-05,2.3158276235335506e-05
4303,419954,29,4210,-2.3148098989622667e-05,2.3148098989622667e-05
4304,223146,15,8106,2.3147616957430728e-05,2.3147616957430728e-05
4305,439714,30,9634,-2.3144839360611513e-05,2.3144839360611513e-05
4306,454826,31,10410,2.3137745301937684e-05,2.3137745301937684e-05
4307,382284,26,9548,2.3134314687922597e-05,2.3134314687922597e-05
4308,240956,16,11580,-2.3129166947910562e-05,2.3129166947910562e-05
4309,439516,30,9436,2.312037759111263e-05,2.312037759111263e-05
4310,437754,30,7674,2.311876778549049e-05,2.311876778549049e-05
4311,430447,30,367,2.311707430635579e-05,2.311707430635579e-05
4312,453189,31,8773,2.3116410375223495e-05,2.3116410375223495e-05
4313,197840,13,11472,-2.311420212208759e-05,2.311420212208759e-05
4314,219366,15,4326,-2.3110384063329548e-05,2.3110384063329548e-05
4315,145128,10,1768,2.3107850211090408e-05,2.3107850211090408e-05
4316,381671,26,8935,2.3107098968466744e-05,2.3107098968466744e-05
4317,379925,26,7189,-2.310218769707717e-05,2.310218769707717e-05
4318,425628,29,9884,-2.3099872123566456e-05,2.3099872123566456e-05
4319,458205,31,13789,2.309915544174146e-05,2.309915544174146e-05
4320,114752,8,64,2.3094629796105437e-05,2.3094629796105437e-05
4321,425006,29,9262,-2.309209230588749e-05,2.309209230588749e-05
4322,398109,27,11037,-2.30887108045863e-05,2.30887108045863e-05
4323,428543,29,12799,-2.308409966644831e-05,2.308409966644831e-05
4324,451296,31,6880,2.3075792341842316e-05,2.3075792341842316e-05
4325,410870,28,9462,-2.3075181161402725e-05,2.3075181161402725e-05
4326,448448,31,4032,2.3074551791069098e-05,2.3074551791069098e-05
4327,276629,19,4245,-2.3071348550729454e-05,2.3071348550729454e-05
4328,434398,30,4318,-2.3062126274453476e-05,2.3062126274453476e-05
4329,371213,25,12813,2.3059124941937625e-05,2.3059124941937625e-05
4330,165599,11,7903,2.3058735678205267e-05,2.3058735678205267e-05
4331,454764,31,10348,2.3057564249029383e-05,2.3057564249029383e-05
4332,432676,30,2596,-2.3045879061101004e-05,2.3045879061101004e-05
4333,200081,13,13713,-2.3039230654831044e-05,2.3039230654831044e-05
4334,448683,31,4267,2.3031214368529618e-05,2.3031214368529618e-05
4335,447127,31,2711,-2.3029873773339204e-05,2.3029873773339204e-05
4336,435409,30,5329,-2.3028431314742193e-05,2.3028431314742193e-05
4337,382221,26,9485,-2.3025919290375896e-05,2.3025919290375896e-05
4338,417106,29,1362,-2.3025288101052865e-05,2.3025288101052865e-05
4339,416326,29,582,2.302091525052674e-05,2.302091525052674e-05
4340,444760,31,344,-2.301936547155492e-05,2.301936547155492e-05
4341,446569,31,2153,2.3018325009616092e-05,2.3018325009616092e-05
4342,450753,31,6337,-2.3017666535452008e-05,2.3017666535452008e-05
4343,451538,31,7122,2.3014530597720295e-05,2.3014530597720295e-05
4344,153884,10,10524,-2.300763298990205e-05,2.300763298990205e-05
4345,382487,26,9751,-2.3004891772870906e-05,2.3004891772870906e-05
4346,250987,17,7275,-2.3000529836281203e-05,2.3000529836281203e-05
4347,139668,9,10644,2.2997528503765352e-05,2.2997528503765352e-05
4348,273681,19,1297,2.2997051928541623e-05,2.2997051928541623e-05
4349,345166,24,1102,2.2986885596765205e-05,2.2986885596765205e-05
4350,222158,15,7118,-2.2984380848356523e-05,2.2984380848356523e-05
4351,457943,31,13527,-2.2971615180722438e-05,2.2971615180722438e-05
4352,432014,30,1934,-2.297054925293196e-05,2.297054925293196e-05
4353,212633,14,11929,-2.2969110432313755e-05,2.2969110432313755e-05
4354,382275,26,9539,2.2964986783335917e-05,2.2964986783335917e-05
4355,448625,31,4209,2.295203012181446e-05,2.295203012181446e-05
4356,314119,21,13063,2.29485103773186e-05,2.29485103773186e-05
4357,434900,30,4820,2.2947031538933516e-05,2.2947031538933516e-05
4358,452181,31,7765,2.293416764587164e-05,2.293416764587164e-05
4359,439988,30,9908,2.2928825273993425e-05,2.2928825273993425e-05
4360,455142,31,10726,-2.292745739396196e-05,2.292745739396196e-05
4361,417294,29,1550,2.2924617951503024e-05,2.2924617951503024e-05
4362,432328,30,2248,-2.2921331037650816e-05,2.2921331037650816e-05
4363,175095,12,3063,-2.2920556148164906e-05,2.2920556148164906e-05
4364,350093,24,6029,2.2917334717931226e-05,2.2917334717931226e-05
4365,428469,29,12725,2.2911372070666403e-05,2.2911372070666403e-05
4366,294892,20,8172,-2.290445081598591e-05,2.290445081598591e-05
4367,177256,12,5224,-2.2902364435140043e-05,2.2902364435140043e-05
4368,198626,13,12258,-2.2901471311342902e-05,2.2901471311342902e-05
4369,335498,23,5770,-2.2889591491548344e-05,2.2889591491548344e-05
4370,449562,31,5146,2.288227915414609e-05,2.288227915414609e-05
4371,439426,30,9346,2.2881005861563608e-05,2.2881005861563608e-05
4372,215716,15,676,2.2878281015437096e-05,2.2878281015437096e-05
4373,440410,30,10330,-2.287469760631211e-05,2.287469760631211e-05
4374,449461,31,5045,2.2869229724165052e-05,2.2869229724165052e-05
4375,439430,30,9350,-2.2868980522616766e-05,2.2868980522616766e-05
4376,382024,26,9288,2.286189737787936e-05,2.286189737787936e-05
4377,456178,31,11762,-2.286056951561477e-05,2.286056951561477e-05
4378,456719,31,12303,-2.286044582433533e-05,2.286044582433533e-05
4379,116118,8,1430,2.285697337356396e-05,2.285697337356396e-05
4380,190406,13,4038,2.2855298084323294e-05,2.2855298084323294e-05
4381,350730,24,6666,2.28534536290681e-05,2.28534536290681e-05
4382,430349,30,269,2.284517904627137e-05,2.284517904627137e-05
4383,456619,31,12203,2.28347817028407e-05,2.28347817028407e-05
4384,422981,29,7237,-2.2833151888335124e-05,2.2833151888335124e-05
4385,434672,30,4592,-2.2831483875052072e-05,2.2831483875052072e-05
4386,391829,27,4757,-2.2831269234302454e-05,2.2831269234302454e-05
4387,340732,23,11004,2.282588138768915e-05,2.282588138768915e-05
4388,419320,29,3576,-2.2821801394456998e-05,2.2821801394456998e-05
4389,441551,30,11471,-2.281750312249642e-05,2.281750312249642e-05
4390,235454,16,6078,2.2814694602857344e-05,2.2814694602857344e-05
4391,443494,30,13414,2.2808595531387255e-05,2.2808595531387255e-05
4392,422345,29,6601,-2.2808118956163526e-05,2.2808118956163526e-05
4393,428727,29,12983,-2.2806532797403634e-05,2.2806532797403634e-05
4394,450593,31,6177,2.280443732161075e-05,2.280443732161075e-05
4395,418813,29,3069,-2.279773252666928e-05,2.279773252666928e-05
4396,422613,29,6869,-2.2797290512244217e-05,2.2797290512244217e-05
4397,434714,30,4634,-2.2793339667259715e-05,2.2793339667259715e-05
4398,440474,30,10394,-2.279084401379805e-05,2.279084401379805e-05
4399,344865,24,801,2.2788128262618557e-05,2.2788128262618557e-05
4400,304640,21,3584,2.2785017790738493e-05,2.2785017790738493e-05
4401,447269,31,2853,2.278263673360925e-05,2.278263673360925e-05
4402,448981,31,4565,-2.277512612636201e-05,2.277512612636201e-05
4403,231663,16,2287,-2.2770951545680873e-05,2.2770951545680873e-05
4404,431865,30,1785,-2.2769017959944904e-05,2.2769017959944904e-05
4405,388069,27,997,2.2767424525227398e-05,2.2767424525227398e-05
4406,456964,31,12548,2.2766596885048784e-05,2.2766596885048784e-05
4407,454307,31,9891,2.2762123990105465e-05,2.2762123990105465e-05
4408,391032,27,3960,2.2753321900381707e-05,2.2753321900381707e-05
4409,425698,29,9954,-2.2753263692720793e-05,2.2753263692720793e-05
4410,266938,18,8890,2.2748294213670306e-05,2.2748294213670306e-05
4411,426151,29,10407,2.274541293445509e-05,2.274541293445509e-05
4412,165160,11,7464,2.2745178284822032e-05,2.2745178284822032e-05
4413,444743,31,327,-2.2740732674719766e-05,2.2740732674719766e-05
4414,439647,30,9567,-2.273144491482526e-05,2.273144491482526e-05
4415,431535,30,1455,2.272563688165974e-05,2.272563688165974e-05
4416,435661,30,5581,-2.2725100279785693e-05,2.2725100279785693e-05
4417,439398,30,9318,-2.2721165805705823e-05,2.2721165805705823e-05
4418,390303,27,3231,-2.2714448277838528e-05,2.2714448277838528e-05
4419,154357,10,10997,-2.2709224140271544e-05,2.2709224140271544e-05
4420,384106,26,11370,2.2704824004904367e-05,2.2704824004904367e-05
4421,454920,31,10504,-2.2704587536281906e-05,2.2704587536281906e-05
4422,448956,31,4540,2.2703097783960402e-05,2.2703097783960402e-05
4423,454795,31,10379,2.270015647809487e-05,2.270015647809487e-05
4424,429551,29,13807,2.269542710564565e-05,2.269542710564565e-05
4425,455034,31,10618,2.2694492145092227e-05,2.2694492145092227e-05
4426,315762,22,370,2.269222568429541e-05,2.269222568429541e-05
4427,438293,30,8213,2.268946082040202e-05,2.268946082040202e-05
4428,235935,16,6559,-2.2685477233608253e-05,2.2685477233608253e-05
4429,441590,30,11510,2.268397838633973e-05,2.268397838633973e-05
4430,450546,31,6130,-2.2681988411932252e-05,2.2681988411932252e-05
4431,453852,31,9436,2.2675178115605377e-05,2.2675178115605377e-05
4432,301079,21,23,-2.2672498744213954e-05,2.2672498744213954e-05
4433,311315,21,10259,-2.2672047634841874e-05,2.2672047634841874e-05
4434,233711,16,4335,2.2670630642096512e-05,2.2670630642096512e-05
4435,445669,31,1253,2.266855153720826e-05,2.266855153720826e-05
4436,216800,15,1760,-2.2667352823191322e-05,2.2667352823191322e-05
4437,418472,29,2728,-2.2665533833787777e-05,2.2665533833787777e-05
4438,457330,31,12914,2.26614938583225e-05,2.26614938583225e-05
4439,446476,31,2060,2.2660711692878976e-05,2.2660711692878976e-05
4440,446133,31,1717,2.265740477014333e-05,2.265740477014333e-05
4441,171674,11,13978,2.265602415718604e-05,2.265602415718604e-05
4442,442885,30,12805,-2.2655249267700128e-05,2.2655249267700128e-05
4443,445153,31,737,-2.2648682715953328e-05,2.2648682715953328e-05
4444,453699,31,9283,2.2648082449450158e-05,2.2648082449450158e-05
4445,445586,31,1170,-2.264517024741508e-05,2.264517024741508e-05
4446,411179,28,9771,2.264420982101001e-05,2.264420982101001e-05
4447,457609,31,13193,-2.2636873836745508e-05,2.2636873836745508e-05
4448,171332,11,13636,-2.2631928004557267e-05,2.2631928004557267e-05
4449,450650,31,6234,-2.263041096739471e-05,2.263041096739471e-05
4450,443032,30,12952,2.262824637000449e-05,2.262824637000449e-05
4451,449756,31,5340,-2.2626165446126834e-05,2.2626165446126834e-05
4452,416186,29,442,-2.262227462779265e-05,2.262227462779265e-05
4453,296343,20,9623,2.2615644411416724e-05,2.2615644411416724e-05
4454,457651,31,13235,2.2615520720137283e-05,2.2615520720137283e-05
4455,189049,13,2681,2.26145039050607e-05,2.26145039050607e-05
4456,170687,11,12991,-2.2613869077758864e-05,2.2613869077758864e-05
4457,432728,30,2648,-2.2613372493651696e-05,2.2613372493651696e-05
4458,448088,31,3672,-2.261105692014098e-05,2.261105692014098e-05
4459,457180,31,12764,-2.260351539007388e-05,2.260351539007388e-05
4460,431604,30,1524,2.2602209355682135e-05,2.2602209355682135e-05
4461,326463,22,11071,2.2598105715587735e-05,2.2598105715587735e-05
4462,212746,14,12042,-2.2591513697989285e-05,2.2591513697989285e-05
4463,391991,27,4919,2.2585203623748384e-05,2.2585203623748384e-05
4464,225483,15,10443,2.2577847630600445e-05,2.2577847630600445e-05
4465,422574,29,6830,2.2568930944544263e-05,2.2568930944544263e-05
4466,449900,31,5484,2.2568194253835827e-05,2.2568194253835827e-05
4467,266208,18,8160,-2.2567874111700803e-05,2.2567874111700803e-05
4468,194486,13,8118,-2.2555415853275917e-05,2.2555415853275917e-05
4469,389605,27,2533,2.2553183953277767e-05,2.2553183953277767e-05
4470,397345,27,10273,2.255139042972587e-05,2.255139042972587e-05
4471,456982,31,12566,-2.255123581562657e-05,2.255123581562657e-05
4472,198627,13,12259,-2.2541331418324262e-05,2.2541331418324262e-05
4473,434010,30,3930,2.2532351067638956e-05,2.2532351067638956e-05
4474,407607,28,6199,-2.2529891793965362e-05,2.2529891793965362e-05
4475,180544,12,8512,-2.252875128760934e-05,2.252875128760934e-05
4476,420891,29,5147,-2.2522923245560378e-05,2.2522923245560378e-05
4477,440873,30,10793,2.252245212730486e-05,2.252245212730486e-05
4478,378821,26,6085,2.2522141080116853e-05,2.2522141080116853e-05
4479,453803,31,9387,-2.2517695470014587e-05,2.2517695470014587e-05
4480,320569,22,5177,-2.251433215860743e-05,2.251433215860743e-05
4481,456855,31,12439,2.251430669275578e-05,2.251430669275578e-05
4482,317573,22,2181,2.2507583707920276e-05,2.2507583707920276e-05
4483,446765,31,2349,2.2502586944028735e-05,2.2502586944028735e-05
4484,224344,15,9304,-2.2502432329929434e-05,2.2502432329929434e-05
4485,227421,15,12381,-2.249666431453079e-05,2.249666431453079e-05
4486,431326,30,1246,2.2493244614452124e-05,2.2493244614452124e-05
4487,449502,31,5086,2.2487021851702593e-05,2.2487021851702593e-05
4488,452502,31,8086,-2.247735028504394e-05,2.247735028504394e-05
4489,450697,31,6281,-2.2473601347883232e-05,2.2473601347883232e-05
4490,437112,30,7032,2.2470629119197838e-05,2.2470629119197838e-05
4491,440789,30,10709,2.246943950012792e-05,2.246943950012792e-05
4492,435988,30,5908,2.246259100502357e-05,2.246259100502357e-05
4493,442115,30,12035,-2.2462085325969383e-05,2.2462085325969383e-05
4494,364154,25,5754,2.245298855996225e-05,2.245298855996225e-05
4495,423556,29,7812,-2.2445276044891216e-05,2.2445276044891216e-05
4496,457832,31,13416,2.2445039576268755e-05,2.2445039576268755e-05
4497,455282,31,10866,-2.2443105990532786e-05,2.2443105990532786e-05
4498,452740,31,8324,2.2442647605203092e-05,2.2442647605203092e-05
4499,431894,30,1814,2.2435322534875013e-05,2.2435322534875013e-05
4500,149627,10,6267,2.2434614947997034e-05,2.2434614947997034e-05
4501,441383,30,11303,-2.242871414637193e-05,2.242871414637193e-05
4502,230016,16,640,2.2421294488594867e-05,2.2421294488594867e-05
4503,433322,30,3242,2.2415671992348507e-05,2.2415671992348507e-05
4504,192116,13,5748,-2.2412552425521426e-05,2.2412552425521426e-05
4505,413404,28,11996,-2.2410398742067628e-05,2.2410398742067628e-05
4506,172396,12,364,-2.24102823267458e-05,2.24102823267458e-05
4507,452549,31,8133,2.240583489765413e-05,2.240583489765413e-05
4508,230113,16,737,-2.240076537418645e-05,2.240076537418645e-05
4509,452491,31,8075,2.239635978185106e-05,2.239635978185106e-05
4510,369087,25,10687,-2.2394600819097832e-05,2.2394600819097832e-05
4511,455078,31,10662,-2.2388076104107313e-05,2.2388076104107313e-05
4512,403656,28,2248,-2.2386950149666518e-05,2.2386950149666518e-05
4513,406606,28,5198,2.2383030227501877e-05,2.2383030227501877e-05
4514,449905,31,5489,-2.237810804217588e-05,2.237810804217588e-05
4515,453240,31,8824,2.237797343696002e-05,2.237797343696002e-05
4516,376511,26,3775,2.237770240753889e-05,2.237770240753889e-05
4517,456716,31,12300,2.2377493223757483e-05,2.2377493223757483e-05
4518,253007,17,9295,2.2376923880074173e-05,2.2376923880074173e-05
4519,245198,17,1486,2.2372481907950714e-05,2.2372481907950714e-05
4520,444798,31,382,-2.2372470994014293e-05,2.2372470994014293e-05
4521,455183,31,10767,-2.2370682927430607e-05,2.2370682927430607e-05
4522,456477,31,12061,-2.2369917132891715e-05,2.2369917132891715e-05
4523,195163,13,8795,2.2369798898580484e-05,2.2369798898580484e-05
4524,232812,16,3436,2.236845284642186e-05,2.236845284642186e-05
4525,446514,31,2098,2.2368039935827255e-05,2.2368039935827255e-05
4526,342089,23,12361,-2.2367761630448513e-05,2.2367761630448513e-05
4527,453928,31,9512,2.2364649339579046e-05,2.2364649339579046e-05
4528,450472,31,6056,2.2361600713338703e-05,2.2361600713338703e-05
4529,450655,31,6239,2.2353138774633408e-05,2.2353138774633408e-05
4530,455760,31,11344,2.235293504782021e-05,2.235293504782021e-05
4531,448007,31,3591,2.23509796342114e-05,2.23509796342114e-05
4532,232614,16,3238,2.2348300262819976e-05,2.2348300262819976e-05
4533,422639,29,6895,2.2345473553286865e-05,2.2345473553286865e-05
4534,457200,31,12784,2.234186467831023e-05,2.234186467831023e-05
4535,442475,30,12395,-2.2341610019793734e-05,2.2341610019793734e-05
4536,387517,27,445,2.2332942535285838e-05,2.2332942535285838e-05
4537,457548,31,13132,-2.233187660749536e-05,2.233187660749536e-05
4538,67153,4,9809,-2.2331618311000057e-05,2.2331618311000057e-05
4539,450585,31,6169,2.2326179532683454e-05,2.2326179532683454e-05
4540,412415,28,11007,2.232367842225358e-05,2.232367842225358e-05
4541,430286,30,206,-2.2323665689327754e-05,2.2323665689327754e-05
4542,436712,30,6632,2.2320245989249088e-05,2.2320245989249088e-05
4543,457980,31,13564,2.231863618362695e-05,2.231863618362695e-05
4544,428923,29,13179,2.231673897767905e-05,2.231673897767905e-05
4545,444942,31,526,-2.2315474780043587e-05,2.2315474780043587e-05
4546,432864,30,2784,-2.2301062926999293e-05,2.2301062926999293e-05
4547,101176,7,824,-2.2296186216408387e-05,2.2296186216408387e-05
4548,431120,30,1040,-2.2292313587968238e-05,2.2292313587968238e-05
4549,424070,29,8326,-2.229015444754623e-05,2.229015444754623e-05
4550,443389,30,13309,2.228897574241273e-05,2.228897574241273e-05
4551,455094,31,10678,2.2286023522610776e-05,2.2286023522610776e-05
4552,440430,30,10350,2.2280235498328693e-05,2.2280235498328693e-05
4553,400459,27,13387,2.2276708477875218e-05,2.2276708477875218e-05
4554,446717,31,2301,-2.227560617029667e-05,2.227560617029667e-05
4555,325965,22,10573,2.2267333406489342e-05,2.2267333406489342e-05
4556,288019,20,1299,2.2261639969656244e-05,2.2261639969656244e-05
4557,455672,31,11256,-2.2260968762566335e-05,2.2260968762566335e-05
4558,447261,31,2845,2.2260239347815514e-05,2.2260239347815514e-05
4559,441944,30,11864,2.2257832824834622e-05,2.2257832824834622e-05
4560,209606,14,8902,-2.2253236238611862e-05,2.2253236238611862e-05
4561,444234,30,14154,-2.2253036149777472e-05,2.2253036149777472e-05
4562,326469,22,11077,2.225266507593915e-05,2.225266507593915e-05
4563,399065,27,11993,2.2252088456298225e-05,2.2252088456298225e-05
4564,448217,31,3801,2.2249103494687006e-05,2.2249103494687006e-05
4565,427364,29,11620,2.22482794924872e-05,2.22482794924872e-05
4566,256274,17,12562,-2.224597665190231e-05,2.224597665190231e-05
4567,445309,31,893,-2.2239550162339583e-05,2.2239550162339583e-05
4568,293009,20,6289,2.22349935938837e-05,2.22349935938837e-05
4569,456234,31,11818,2.2230788090382703e-05,2.2230788090382703e-05
4570,195074,13,8706,2.2227357476367615e-05,2.2227357476367615e-05
4571,450010,31,5594,-2.2225463908398524e-05,2.2225463908398524e-05
4572,457958,31,13542,-2.221222712250892e-05,2.221222712250892e-05
4573,201667,14,963,2.2211310351849534e-05,2.2211310351849534e-05
4574,254901,17,11189,-2.2209495000424795e-05,2.2209495000424795e-05
4575,394269,27,7197,2.2208765585673973e-05,2.2208765585673973e-05
4576,437988,30,7908,2.2208201698958874e-05,2.2208201698958874e-05
4577,453592,31,9176,2.2206586436368525e-05,2.2206586436368525e-05
4578,151272,10,7912,2.2196665668161586e-05,2.2196665668161586e-05
4579,432862,30,2782,2.2195545170689e-05,2.2195545170689e-05
4580,439231,30,9151,-2.2188267394085415e-05,2.2188267394085415e-05
4581,456507,31,12091,-2.218680310761556e-05,2.218680310761556e-05
4582,450686,31,6270,2.2184423869475722e-05,2.2184423869475722e-05
4583,407041,28,5633,-2.2180996893439442e-05,2.2180996893439442e-05
4584,212343,14,11639,-2.2179227016749792e-05,2.2179227016749792e-05
4585,416487,29,743,-2.217575274698902e-05,2.217575274698902e-05
4586,206141,14,5437,-2.2174739569891244e-05,2.2174739569891244e-05
4587,408129,28,6721,2.2172209355630912e-05,2.2172209355630912e-05
4588,438879,30,8799,-2.2172009266796522e-05,2.2172009266796522e-05
4589,453891,31,9475,2.21712289203424e-05,2.21712289203424e-05
4590,448117,31,3701,2.2171005184645765e-05,2.2171005184645765e-05
4591,386594,26,13858,-2.216760185547173e-05,2.216760185547173e-05
4592,447452,31,3036,2.216721622971818e-05,2.216721622971818e-05
4593,402003,28,595,2.2165078917169012e-05,2.2165078917169012e-05
4594,170980,11,13284,-2.2164012989378534e-05,2.2164012989378534e-05
4595,413438,28,12030,-2.216315988334827e-05,2.216315988334827e-05
4596,211072,14,10368,2.216202483396046e-05,2.216202483396046e-05
4597,446367,31,1951,-2.2158335923450068e-05,2.2158335923450068e-05
4598,447207,31,2791,2.215440690633841e-05,2.215440690633841e-05
4599,420448,29,4704,2.2152607925818302e-05,2.2152607925818302e-05
4600,450684,31,6268,2.2152193196234293e-05,2.2152193196234293e-05
4601,442102,30,12022,-2.2149886717670597e-05,2.2149886717670597e-05
4602,167817,11,10121,-2.2147531126393005e-05,2.2147531126393005e-05
4603,190517,13,4149,-2.2145177354104817e-05,2.2145177354104817e-05
4604,449058,31,4642,-2.214435335190501e-05,2.214435335190501e-05
4605,439963,30,9883,-2.2143118258100003e-05,2.2143118258100003e-05
4606,409790,28,8382,-2.2139851353131235e-05,2.2139851353131235e-05
4607,456093,31,11677,2.2139691282063723e-05,2.2139691282063723e-05
4608,418280,29,2536,-2.213100560766179e-05,2.213100560766179e-05
4609,428862,29,13118,2.212896833952982e-05,2.212896833952982e-05
4610,432377,30,2297,2.2128468117443845e-05,2.2128468117443845e-05
4611,418086,29,2342,-2.2127067495603114e-05,2.2127067495603114e-05
4612,452392,31,7976,2.2126641852082685e-05,2.2126641852082685e-05
4613,408756,28,7348,-2.2123211238067597e-05,2.2123211238067597e-05
4614,437229,30,7149,2.2118783817859367e-05,2.2118783817859367e-05
4615,449765,31,5349,2.2109370547696017e-05,2.2109370547696017e-05
4616,420131,29,4387,2.210716593253892e-05,2.210716593253892e-05
4617,452250,31,7834,-2.2098241970525123e-05,2.2098241970525123e-05
4618,432537,30,2457,-2.2092270228313282e-05,2.2092270228313282e-05
4619,187709,13,1341,2.2091790015110746e-05,2.2091790015110746e-05
4620,196215,13,9847,2.2090060156187974e-05,2.2090060156187974e-05
4621,309412,21,8356,2.209004742326215e-05,2.209004742326215e-05
4622,352110,24,8046,2.208681689808145e-05,2.208681689808145e-05
4623,458011,31,13595,-2.2083657313487493e-05,2.2083657313487493e-05
4624,172943,12,911,2.207845864177216e-05,2.207845864177216e-05
4625,174279,12,2247,-2.2078369511291385e-05,2.2078369511291385e-05
4626,440211,30,10131,-2.20752481254749e-05,2.20752481254749e-05
4627,372678,25,14278,-2.207169382018037e-05,2.207169382018037e-05
4628,436943,30,6863,-2.206609678978566e-05,2.206609678978566e-05
4629,430095,30,15,2.2064168661017902e-05,2.2064168661017902e-05
4630,338325,23,8597,-2.2060628907638602e-05,2.2060628907638602e-05
4631,417072,29,1328,2.2059701223042794e-05,2.2059701223042794e-05
4632,441102,30,11022,-2.2057964088162407e-05,2.2057964088162407e-05
4633,425741,29,9997,-2.2056487068766728e-05,2.2056487068766728e-05
4634,441930,30,11850,2.2044814613764174e-05,2.2044814613764174e-05
4635,253099,17,9387,-2.203968688263558e-05,2.203968688263558e-05
4636,443394,30,13314,2.2035617803339846e-05,2.2035617803339846e-05
4637,447673,31,3257,2.203469193773344e-05,2.203469193773344e-05
4638,454208,31,9792,-2.2029877072782256e-05,2.2029877072782256e-05
4639,442821,30,12741,2.2029062165529467e-05,2.2029062165529467e-05
4640,209449,14,8745,-2.2026115402695723e-05,2.2026115402695723e-05
4641,406867,28,5459,2.2019878088030964e-05,2.2019878088030964e-05
4642,456776,31,12360,-2.2012487534084357e-05,2.2012487534084357e-05
4643,453656,31,9240,-2.200438393629156e-05,2.200438393629156e-05
4644,445348,31,932,2.200189555878751e-05,2.200189555878751e-05
4645,439708,30,9628,2.1998183001414873e-05,2.1998183001414873e-05
4646,167477,11,9781,-2.1995138013153337e-05,2.1995138013153337e-05
4647,387552,27,480,2.198998481617309e-05,2.198998481617309e-05
4648,417861,29,2117,2.1989581000525504e-05,2.1989581000525504e-05
4649,409014,28,7606,-2.1986517822369933e-05,2.1986517822369933e-05
4650,451312,31,6896,2.1979869416099973e-05,2.1979869416099973e-05
4651,339666,23,9938,2.1976618882035837e-05,2.1976618882035837e-05
4652,415586,28,14178,-2.1974863557261415e-05,2.1974863557261415e-05
4653,437167,30,7087,2.197011053794995e-05,2.197011053794995e-05
4654,442153,30,12073,2.1963689505355433e-05,2.1963689505355433e-05
4655,219779,15,4739,2.1958272554911673e-05,2.1958272554911673e-05
4656,151824,10,8464,2.1956728232908063e-05,2.1956728232908063e-05
4657,434615,30,4535,2.1955282136332244e-05,2.1955282136332244e-05
4658,440216,30,10136,-2.1951564121991396e-05,2.1951564121991396e-05
4659,412849,28,11441,2.1948568246443756e-05,2.1948568246443756e-05
4660,396309,27,9237,2.1948166249785572e-05,2.1948166249785572e-05
4661,245489,17,1777,2.194561056967359e-05,2.194561056967359e-05
4662,416144,29,400,2.1940317310509272e-05,2.1940317310509272e-05
4663,435381,30,5301,2.1939184080110863e-05,2.1939184080110863e-05
4664,225098,15,10058,2.193351974710822e-05,2.193351974710822e-05
4665,270645,18,12597,2.1933034076937474e-05,2.1933034076937474e-05
4666,363895,25,5495,-2.1927535271970555e-05,2.1927535271970555e-05
4667,442421,30,12341,2.192724605265539e-05,2.192724605265539e-05
4668,251985,17,8273,2.192619831475895e-05,2.192619831475895e-05
4669,419413,29,3669,2.192263855249621e-05,2.192263855249621e-05
4670,172545,12,513,-2.192148531321436e-05,2.192148531321436e-05
4671,239627,16,10251,2.1919562641414814e-05,2.1919562641414814e-05
4672,440603,30,10523,-2.1918542188359424e-05,2.1918542188359424e-05
4673,440248,30,10168,-2.191615931224078e-05,2.191615931224078e-05
4674,446451,31,2035,2.1915448087383993e-05,2.1915448087383993e-05
4675,450115,31,5699,-2.191434396081604e-05,2.191434396081604e-05
4676,238208,16,8832,-2.190961458836682e-05,2.190961458836682e-05
4677,457624,31,13208,2.1909299903200008e-05,2.1909299903200008e-05
4678,457059,31,12643,-2.1908250346314162e-05,2.1908250346314162e-05
4679,453920,31,9504,2.1906504116486758e-05,2.1906504116486758e-05
4680,435796,30,5716,-2.1893092707614414e-05,2.1893092707614414e-05
4681,452115,31,7699,2.1892092263442464e-05,2.1892092263442464e-05
4682,439415,30,9335,-2.1889316485612653e-05,2.1889316485612653e-05
4683,457201,31,12785,2.1888408809900284e-05,2.1888408809900284e-05
4684,394577,27,7505,2.188150756410323e-05,2.188150756410323e-05
4685,443275,30,13195,2.1880621716263704e-05,2.1880621716263704e-05
4686,439317,30,9237,-2.187561767641455e-05,2.187561767641455e-05
4687,196799,13,10431,-2.187550489907153e-05,2.187550489907153e-05
4688,457495,31,13079,-2.187282734666951e-05,2.187282734666951e-05
4689,181623,12,9591,-2.1867226678295992e-05,2.1867226678295992e-05
4690,228481,15,13441,-2.1864410882699303e-05,2.1864410882699303e-05
4691,78696,5,7016,-2.1863235815544613e-05,2.1863235815544613e-05
4692,419144,29,3400,2.186187521147076e-05,2.186187521147076e-05
4693,449013,31,4597,-2.1861707864445634e-05,2.1861707864445634e-05
4694,179048,12,7016,-2.1859565094928257e-05,2.1859565094928257e-05
4695,455001,31,10585,2.185462653869763e-05,2.185462653869763e-05
4696,446952,31,2536,-2.1848120013601147e-05,2.1848120013601147e-05
4697,433191,30,3111,2.1845871742698364e-05,2.1845871742698364e-05
4698,434506,30,4426,-2.1844565708306618e-05,2.1844565708306618e-05
4699,454335,31,9919,2.1838461179868318e-05,2.1838461179868318e-05
4700,239502,16,10126,2.1837448002770543e-05,2.1837448002770543e-05
4701,379987,26,7251,2.183608739869669e-05,2.183608739869669e-05
4702,238203,16,8827,-2.1834606741322204e-05,2.1834606741322204e-05
4703,457387,31,12971,2.1832385755260475e-05,2.1832385755260475e-05
4704,443949,30,13869,2.1826584998052567e-05,2.1826584998052567e-05
4705,455133,31,10717,2.182452408305835e-05,2.182452408305835e-05
4706,453070,31,8654,-2.1822219423484057e-05,2.1822219423484057e-05
4707,445181,31,765,2.18181885429658e-05,2.18181885429658e-05
4708,185041,12,13009,2.1817848391947336e-05,2.1817848391947336e-05
4709,447325,31,2909,2.181402305723168e-05,2.181402305723168e-05
4710,437132,30,7052,-2.1812656996189617e-05,2.1812656996189617e-05
4711,429581,29,13837,-2.1809782992932014e-05,2.1809782992932014e-05
4712,454169,31,9753,2.1805224605486728e-05,2.1805224605486728e-05
4713,434354,30,4274,-2.180380397476256e-05,2.180380397476256e-05
4714,410654,28,9246,2.1803431081934832e-05,2.1803431081934832e-05
4715,173875,12,1843,2.1802858100272715e-05,2.1802858100272715e-05
4716,317272,22,1880,2.1797091903863475e-05,2.1797091903863475e-05
4717,448588,31,4172,-2.1795522116008215e-05,2.1795522116008215e-05
4718,450065,31,5649,-2.1795209249830805e-05,2.1795209249830805e-05
4719,448948,31,4532,2.178959039156325e-05,2.178959039156325e-05
4720,410307,28,8899,-2.1788664525956847e-05,2.1788664525956847e-05
4721,438514,30,8434,2.1787631339975633e-05,2.1787631339975633e-05
4722,132788,9,3764,2.1787562218378298e-05,2.1787562218378298e-05
4723,267621,18,9573,-2.1784322598250583e-05,2.1784322598250583e-05
4724,208665,14,7961,-2.178091563109774e-05,2.178091563109774e-05
4725,420514,29,4770,2.177825263061095e-05,2.177825263061095e-05
4726,446014,31,1598,2.1771140382043086e-05,2.1771140382043086e-05
4727,418061,29,2317,2.176895759475883e-05,2.176895759475883e-05
4728,449546,31,5130,-2.1767440557596274e-05,2.1767440557596274e-05
4729,452994,31,8578,2.1766938516520895e-05,2.1766938516520895e-05
4730,370022,25,11622,-2.1754278350272216e-05,2.1754278350272216e-05
4731,174522,12,2490,-2.175367990275845e-05,2.175367990275845e-05
4732,450091,31,5675,-2.175041299778968e-05,2.175041299778968e-05
4733,324859,22,9467,2.1748794097220525e-05,2.1748794097220525e-05
4734,182163,12,10131,2.1748039216618054e-05,2.1748039216618054e-05
4735,406795,28,5387,-2.174652945541311e-05,2.174652945541311e-05
4736,435352,30,5272,2.174409200961236e-05,2.174409200961236e-05
4737,411052,28,9644,2.1743100660387427e-05,2.1743100660387427e-05
4738,452547,31,8131,2.1734316760557704e-05,2.1734316760557704e-05
4739,453173,31,8757,2.1733276298618875e-05,2.1733276298618875e-05
4740,448425,31,4009,2.173203756683506e-05,2.173203756683506e-05
4741,433336,30,3256,-2.1730389562435448e-05,2.1730389562435448e-05
4742,454116,31,9700,-2.1724697944591753e-05,2.1724697944591753e-05
4743,193749,13,7381,2.172157292079646e-05,2.172157292079646e-05
4744,260682,18,2634,-2.1721185476053506e-05,2.1721185476053506e-05
4745,446157,31,1741,2.1720990844187327e-05,2.1720990844187327e-05
4746,450681,31,6265,2.1716474293498322e-05,2.1716474293498322e-05
4747,270292,18,12244,-2.1714255126425996e-05,2.1714255126425996e-05
4748,441900,30,11820,2.1713824025937356e-05,2.1713824025937356e-05
4749,198327,13,11959,-2.1712305169785395e-05,2.1712305169785395e-05
4750,249177,17,5465,-2.1711590306949802e-05,2.1711590306949802e-05
4751,191062,13,4694,2.1706477127736434e-05,2.1706477127736434e-05
4752,386003,26,13267,-2.169434810639359e-05,2.169434810639359e-05
4753,448908,31,4492,2.1692179871024564e-05,2.1692179871024564e-05
4754,435883,30,5803,-2.16875305341091e-05,2.16875305341091e-05
4755,401215,27,14143,-2.1686404579668306e-05,2.1686404579668306e-05
4756,422010,29,6266,2.1685060346499085e-05,2.1685060346499085e-05
4757,457248,31,12832,-2.1681622456526384e-05,2.1681622456526384e-05
4758,444716,31,300,2.167712591472082e-05,2.167712591472082e-05
4759,417150,29,1406,-2.1674215531675145e-05,2.1674215531675145e-05
4760,444164,30,14084,-2.1672516595572233e-05,2.1672516595572233e-05
4761,205767,14,5063,2.1671205104212277e-05,2.1671205104212277e-05
4762,208684,14,7980,2.1670588466804475e-05,2.1670588466804475e-05
4763,452299,31,7883,2.166064405173529e-05,2.166064405173529e-05
4764,297415,20,10695,2.165855221392121e-05,2.165855221392121e-05
4765,417781,29,2037,-2.1653228031937033e-05,2.1653228031937033e-05
4766,379808,26,7072,2.1652089344570413e-05,2.1652089344570413e-05
4767,410671,28,9263,-2.165206205972936e-05,2.165206205972936e-05
4768,366311,25,7911,2.1648600522894412e-05,2.1648600522894412e-05
4769,257615,17,13903,-2.164789111702703e-05,2.164789111702703e-05
4770,446616,31,2200,-2.164241777791176e-05,2.164241777791176e-05
4771,447978,31,3562,2.164016041206196e-05,2.164016041206196e-05
4772,354391,24,10327,2.1634192307828926e-05,2.1634192307828926e-05
4773,272159,18,14111,2.16291518881917e-05,2.16291518881917e-05
4774,197022,13,10654,-2.1627678506774828e-05,2.1627678506774828e-05
4775,439521,30,9441,2.162677083106246e-05,2.162677083106246e-05
4776,457904,31,13488,2.1624948203680106e-05,2.1624948203680106e-05
4777,187726,13,1358,-2.1624757209792733e-05,2.1624757209792733e-05
4778,248957,17,5245,2.1624609871651046e-05,2.1624609871651046e-05
4779,446587,31,2171,2.1624276996590197e-05,2.1624276996590197e-05
4780,430022,29,14278,-2.161975862691179e-05,2.161975862691179e-05
4781,454393,31,9977,-2.161761403840501e-05,2.161761403840501e-05
4782,349156,24,5092,2.161262273148168e-05,2.161262273148168e-05
4783,434276,30,4196,-2.161214615625795e-05,2.161214615625795e-05
4784,446507,31,2091,2.161153497581836e-05,2.161153497581836e-05
4785,421670,29,5926,-2.1611242118524387e-05,2.1611242118524387e-05
4786,415848,29,104,-2.1610696421703324e-05,2.1610696421703324e-05
4787,430359,30,279,2.16086828004336e-05,2.16086828004336e-05
4788,428591,29,12847,-2.1606643713312224e-05,2.1606643713312224e-05
4789,304113,21,3057,-2.160535404982511e-05,2.160535404982511e-05
4790,434852,30,4772,2.159929135814309e-05,2.159929135814309e-05
4791,454455,31,10039,-2.1597357772407122e-05,2.1597357772407122e-05
4792,452434,31,8018,-2.1592866687569767e-05,2.1592866687569767e-05
4793,251810,17,8098,-2.1587300579994917e-05,2.1587300579994917e-05
4794,416221,29,477,-2.1580835891654715e-05,2.1580835891654715e-05
4795,268577,18,10529,2.1580057364189997e-05,2.1580057364189997e-05
4796,457139,31,12723,2.1577423467533663e-05,2.1577423467533663e-05
4797,156713,10,13353,-2.1575178834609687e-05,2.1575178834609687e-05
4798,433020,30,2940,-2.1567229850916192e-05,2.1567229850916192e-05
4799,424481,29,8737,2.1564777853200212e-05,2.1564777853200212e-05
4800,394717,27,7645,2.156290975108277e-05,2.156290975108277e-05
4801,438679,30,8599,2.1562356778304093e-05,2.1562356778304093e-05
4802,238953,16,9577,2.155926267732866e-05,2.155926267732866e-05
4803,436670,30,6590,-2.155767106160056e-05,2.155767106160056e-05
4804,453879,31,9463,-2.15574364119675e-05,2.15574364119675e-05
4805,204846,14,4142,-2.1554893464781344e-05,2.1554893464781344e-05
4806,174001,12,1969,-2.155369656975381e-05,2.155369656975381e-05
4807,235446,16,6070,2.1552559701376595e-05,2.1552559701376595e-05
4808,237509,16,8133,2.155227048206143e-05,2.155227048206143e-05
4809,221237,15,6197,-2.155218862753827e-05,2.155218862753827e-05
4810,147431,10,4071,2.1550564270000905e-05,2.1550564270000905e-05
4811,435494,30,5414,2.1545638446696103e-05,2.1545638446696103e-05
4812,455828,31,11412,-2.1542417016462423e-05,2.1542417016462423e-05
4813,413920,28,12512,2.1534362531383522e-05,2.1534362531383522e-05
4814,372195,25,13795,-2.153412060579285e-05,2.153412060579285e-05
4815,333869,23,4141,2.1532543541979976e-05,2.1532543541979976e-05
4816,229180,15,14140,-2.153043715225067e-05,2.153043715225067e-05
4817,379180,26,6444,-2.152985689463094e-05,2.152985689463094e-05
4818,336065,23,6337,2.1525062038563192e-05,2.1525062038563192e-05
4819,436269,30,6189,2.1524618205148727e-05,2.1524618205148727e-05
4820,298907,20,12187,-2.1521394955925643e-05,2.1521394955925643e-05
4821,451708,31,7292,2.1519286747206934e-05,2.1519286747206934e-05
4822,455378,31,10962,-2.1517123968806118e-05,2.1517123968806118e-05
4823,394515,27,7443,-2.1512052626349032e-05,2.1512052626349032e-05
4824,208881,14,8177,2.1507741621462628e-05,2.1507741621462628e-05
4825,393078,27,6006,-2.1505586119019426e-05,2.1505586119019426e-05
4826,218447,15,3407,2.1504258256754838e-05,2.1504258256754838e-05
4827,448944,31,4528,-2.1501404262380674e-05,2.1501404262380674e-05
4828,453468,31,9052,-2.1496280169230886e-05,2.1496280169230886e-05
4829,427036,29,11292,2.1486892364919186e-05,2.1486892364919186e-05
4830,457741,31,13325,2.1484020180650987e-05,2.1484020180650987e-05
4831,327680,22,12288,2.148377643607091e-05,2.148377643607091e-05
4832,443006,30,12926,-2.1479607312357984e-05,2.1479607312357984e-05
4833,276315,19,3931,2.1475339963217266e-05,2.1475339963217266e-05
4834,397926,27,10854,2.1474786990438588e-05,2.1474786990438588e-05
4835,294697,20,7977,-2.1474686946021393e-05,2.1474686946021393e-05
4836,446364,31,1948,2.1470608771778643e-05,2.1470608771778643e-05
4837,454600,31,10184,-2.1469602870638482e-05,2.1469602870638482e-05
4838,423915,29,8171,-2.1467538317665458e-05,2.1467538317665458e-05
4839,432356,30,2276,-2.146513907064218e-05,2.146513907064218e-05
4840,424333,29,8589,-2.146372753486503e-05,2.146372753486503e-05
4841,419716,29,3972,-2.146247607015539e-05,2.146247607015539e-05
4842,176682,12,4650,-2.1458698029164225e-05,2.1458698029164225e-05
4843,453019,31,8603,2.145776670658961e-05,2.145776670658961e-05
4844,453707,31,9291,2.1453142835525796e-05,2.1453142835525796e-05
4845,417830,29,2086,-2.1452331566251814e-05,2.1452331566251814e-05
4846,326379,22,10987,2.1450028725666925e-05,2.1450028725666925e-05
4847,452429,31,8013,2.144825157301966e-05,2.144825157301966e-05
4848,445222,31,806,-2.1444633603096008e-05,2.1444633603096008e-05
4849,442757,30,12677,2.144005338777788e-05,2.144005338777788e-05
4850,455913,31,11497,2.1433997972053476e-05,2.1433997972053476e-05
4851,451173,31,6757,-2.142874654964544e-05,2.142874654964544e-05
4852,369974,25,11574,2.142818266293034e-05,2.142818266293034e-05
4853,450857,31,6441,2.142690027540084e-05,2.142690027540084e-05
4854,441906,30,11826,2.142673656635452e-05,2.142673656635452e-05
4855,411630,28,10222,2.1418085452751257e-05,2.1418085452751257e-05
4856,248959,17,5247,2.1406998712336645e-05,2.1406998712336645e-05
4857,208133,14,7429,-2.140466312994249e-05,2.140466312994249e-05
4858,192310,13,5942,-2.1398185708676465e-05,2.1398185708676465e-05
4859,188994,13,2626,2.1397676391643472e-05,2.1397676391643472e-05
4860,433856,30,3776,2.1395533622126095e-05,2.1395533622126095e-05
4861,350243,24,6179,2.139175012416672e-05,2.139175012416672e-05
4862,407178,28,5770,2.139106254617218e-05,2.139106254617218e-05
4863,218931,15,3891,-2.138944728358183e-05,2.138944728358183e-05
4864,404173,28,2765,2.138939089491032e-05,2.138939089491032e-05
4865,446256,31,1840,-2.1388874301919714e-05,2.1388874301919714e-05
4866,447863,31,3447,-2.138544550689403e-05,2.138544550689403e-05
4867,409878,28,8470,2.1385172658483498e-05,2.1385172658483498e-05
4868,437409,30,7329,-2.1384490537457168e-05,2.1384490537457168e-05
4869,252557,17,8845,-2.138401396223344e-05,2.138401396223344e-05
4870,447651,31,3235,2.137738738383632e-05,2.137738738383632e-05
4871,454616,31,10200,-2.137732008122839e-05,2.137732008122839e-05
4872,306268,21,5212,2.1375839423853904e-05,2.1375839423853904e-05
4873,454449,31,10033,-2.1375059077399783e-05,2.1375059077399783e-05
4874,257485,17,13773,-2.137458068318665e-05,2.137458068318665e-05
4875,433962,30,3882,2.137434421456419e-05,2.137434421456419e-05
4876,442187,30,12107,2.137313822458964e-05,2.137313822458964e-05
4877,130177,9,1153,-2.137284718628507e-05,2.137284718628507e-05
4878,418454,29,2710,2.1372386981965974e-05,2.1372386981965974e-05
4879,381406,26,8670,2.136979492206592e-05,2.136979492206592e-05
4880,456266,31,11850,-2.1362631741794758e-05,2.1362631741794758e-05
4881,183213,12,11181,-2.136245348083321e-05,2.136245348083321e-05
4882,456673,31,12257,2.1355121134547517e-05,2.1355121134547517e-05
4883,281901,19,9517,2.134948044840712e-05,2.134948044840712e-05
4884,388271,27,1199,-2.1347035726648755e-05,2.1347035726648755e-05
4885,440525,30,10445,2.1345937057049014e-05,2.1345937057049014e-05
4886,424606,29,8862,2.134513488272205e-05,2.134513488272205e-05
4887,376293,26,3557,2.1339839804568328e-05,2.1339839804568328e-05
4888,174754,12,2722,2.1339803424780257e-05,2.1339803424780257e-05
4889,215035,14,14331,-2.133918860636186e-05,2.133918860636186e-05
4890,439141,30,9061,2.133509042323567e-05,2.133509042323567e-05
4891,200956,14,252,-2.1332685719244182e-05,2.1332685719244182e-05
4892,458104,31,13688,-2.1332172764232382e-05,2.1332172764232382e-05
4893,235164,16,5788,-2.1321175154298544e-05,2.1321175154298544e-05
4894,374217,26,1481,-2.1314075638656504e-05,2.1314075638656504e-05
4895,265952,18,7904,-2.1310275769792497e-05,2.1310275769792497e-05
4896,305741,21,4685,-2.130883513018489e-05,2.130883513018489e-05
4897,433887,30,3807,-2.130612665496301e-05,2.130612665496301e-05
4898,341422,23,11694,2.1304571419022977e-05,2.1304571419022977e-05
4899,451894,31,7478,2.1303414541762322e-05,2.1303414541762322e-05
4900,445468,31,1052,-2.1293582904036157e-05,2.1293582904036157e-05
4901,237991,16,8615,2.1293239115038887e-05,2.1293239115038887e-05
4902,434182,30,4102,-2.129187669197563e-05,2.129187669197563e-05
4903,413482,28,12074,2.129013773810584e-05,2.129013773810584e-05
4904,448902,31,4486,2.1284480681060813e-05,2.1284480681060813e-05
4905,435964,30,5884,-2.128064261341933e-05,2.128064261341933e-05
4906,329867,23,139,-2.1279147404129617e-05,2.1279147404129617e-05
4907,449844,31,5428,-2.1274898244882934e-05,2.1274898244882934e-05
4908,458654,31,14238,-2.127483458025381e-05,2.127483458025381e-05
4909,451717,31,7301,-2.127452717104461e-05,2.127452717104461e-05
4910,419496,29,3752,2.12725208257325e-05,2.12725208257325e-05
4911,437659,30,7579,-2.126167601090856e-05,2.126167601090856e-05
4912,247635,17,3923,2.125643368344754e-05,2.125643368344754e-05
4913,451577,31,7161,2.1253865270409733e-05,2.1253865270409733e-05
4914,457555,31,13139,2.1244697563815862e-05,2.1244697563815862e-05
4915,241368,16,11992,2.12440500035882e-05,2.12440500035882e-05
4916,458730,31,14314,2.124286584148649e-05,2.124286584148649e-05
4917,397798,27,10726,2.1242452930891886e-05,2.1242452930891886e-05
4918,449415,31,4999,2.1241447029751725e-05,2.1241447029751725e-05
4919,458313,31,13897,2.1237479813862592e-05,2.1237479813862592e-05
4920,402344,28,936,-2.123744343407452e-05,2.123744343407452e-05
4921,392808,27,5736,2.123533886333462e-05,2.123533886333462e-05
4922,452373,31,7957,2.1230483980616555e-05,2.1230483980616555e-05
4923,441613,30,11533,2.1228432160569355e-05,2.1228432160569355e-05
4924,219754,15,4714,2.1228257537586614e-05,2.1228257537586614e-05
4925,447423,31,3007,2.1224363081273623e-05,2.1224363081273623e-05
4926,195299,13,8931,2.1223324438324198e-05,2.1223324438324198e-05
4927,435510,30,5430,2.1221349015831947e-05,2.1221349015831947e-05
4928,262085,18,4037,2.121166471624747e-05,2.121166471624747e-05
4929,368587,25,10187,2.1211373677942902e-05,2.1211373677942902e-05
4930,412742,28,11334,2.120387762261089e-05,2.120387762261089e-05
4931,446696,31,2280,-2.1189696781220846e-05,2.1189696781220846e-05
4932,436720,30,6640,-2.1186404410400428e-05,2.1186404410400428e-05
4933,282498,19,10114,2.118270640494302e-05,2.118270640494302e-05
4934,422993,29,7249,2.1177826056373306e-05,2.1177826056373306e-05
4935,443128,30,13048,-2.117481744789984e-05,2.117481744789984e-05
4936,391931,27,4859,2.117430449288804e-05,2.117430449288804e-05
4937,392348,27,5276,-2.117048279615119e-05,2.117048279615119e-05
4938,398847,27,11775,2.1165637008380145e-05,2.1165637008380145e-05
4939,210569,14,9865,-2.115592360496521e-05,2.115592360496521e-05
4940,419277,29,3533,-2.115499955834821e-05,2.115499955834821e-05
4941,437677,30,7597,-2.1154541173018515e-05,2.1154541173018515e-05
4942,180636,12,8604,-2.1154481146368198e-05,2.1154481146368198e-05
4943,187688,13,1320,2.1144363927305676e-05,2.1144363927305676e-05
4944,449683,31,5267,2.1142819605302066e-05,2.1142819605302066e-05
4945,404685,28,3277,2.1139852833584882e-05,2.1139852833584882e-05
4946,404387,28,2979,-2.1138741431059316e-05,2.1138741431059316e-05
4947,435703,30,5623,-2.1136458599357866e-05,2.1136458599357866e-05
4948,235185,16,5809,2.113497794198338e-05,2.113497794198338e-05
4949,380345,26,7609,2.113109985657502e-05,2.113109985657502e-05
4950,408100,28,6692,2.112909896823112e-05,2.112909896823112e-05
4951,435583,30,5503,2.1122428734088317e-05,2.1122428734088317e-05
4952,266468,18,8420,2.111956746375654e-05,2.111956746375654e-05
4953,457567,31,13151,2.111692629114259e-05,2.111692629114259e-05
4954,423364,29,7620,-2.110919012920931e-05,2.110919012920931e-05
4955,227547,15,12507,-2.1108413420733996e-05,2.1108413420733996e-05
4956,126627,8,11939,-2.1105139239807613e-05,2.1105139239807613e-05
4957,455754,31,11338,-2.110453169734683e-05,2.110453169734683e-05
4958,187515,13,1147,2.110326022375375e-05,2.110326022375375e-05
4959,451903,31,7487,2.1096633645356633e-05,2.1096633645356633e-05
4960,205311,14,4607,2.109462184307631e-05,2.109462184307631e-05
4961,433779,30,3699,2.109381057380233e-05,2.109381057380233e-05
4962,228326,15,13286,2.109155320795253e-05,2.109155320795253e-05
4963,432114,30,2034,-2.108813714585267e-05,2.108813714585267e-05
4964,457604,31,13188,-2.1085261323605664e-05,2.1085261323605664e-05
4965,449070,31,4654,2.1083254978293553e-05,2.1083254978293553e-05
4966,428050,29,12306,-2.1079547877889127e-05,2.1079547877889127e-05
4967,434031,30,3951,2.1078558347653598e-05,2.1078558347653598e-05
4968,423553,29,7809,-2.1078147256048396e-05,2.1078147256048396e-05
4969,187733,13,1365,-2.1076837583677843e-05,2.1076837583677843e-05
4970,437767,30,7687,-2.107602085743565e-05,2.107602085743565e-05
4971,290713,20,3993,2.106384636135772e-05,2.106384636135772e-05
4972,446573,31,2157,-2.105735802615527e-05,2.105735802615527e-05
4973,448345,31,3929,-2.105659768858459e-05,2.105659768858459e-05
4974,409376,28,7968,2.1054185708635487e-05,2.1054185708635487e-05
4975,455562,31,11146,2.1049547285656445e-05,2.1049547285656445e-05
4976,450385,31,5969,-2.1047562768217176e-05,2.1047562768217176e-05
4977,254474,17,10762,2.1046198526164517e-05,2.1046198526164517e-05
4978,450014,31,5598,2.1045472749392502e-05,2.1045472749392502e-05
4979,451468,31,7052,2.104172199324239e-05,2.104172199324239e-05
4980,452473,31,8057,2.1037523765699007e-05,2.1037523765699007e-05
4981,455470,31,11054,-2.1036179532529786e-05,2.1036179532529786e-05
4982,283344,19,10960,-2.1035559257143177e-05,2.1035559257143177e-05
4983,435406,30,5326,-2.1032132281106897e-05,2.1032132281106897e-05
4984,455131,31,10715,2.1031346477684565e-05,2.1031346477684565e-05
4985,398875,27,11803,2.1030899006291293e-05,2.1030899006291293e-05
4986,454423,31,10007,2.1029847630416043e-05,2.1029847630416043e-05
4987,423631,29,7887,-2.102953840221744e-05,2.102953840221744e-05
4988,178516,12,6484,-2.1027550246799365e-05,2.1027550246799365e-05
4989,451495,31,7079,2.1026487956987694e-05,2.1026487956987694e-05
4990,435386,30,5306,2.1022784494562075e-05,2.1022784494562075e-05
4991,433459,30,3379,2.10222842724761e-05,2.10222842724761e-05
4992,81134,5,9454,-2.102023790939711e-05,2.102023790939711e-05
4993,433029,30,2949,-2.1019359337515198e-05,2.1019359337515198e-05
4994,167570,11,9874,-2.101868813042529e-05,2.101868813042529e-05
4995,434503,30,4423,2.1016474420321174e-05,2.1016474420321174e-05
4996,105785,7,5433,2.1014704543631524e-05,2.1014704543631524e-05
4997,235280,16,5904,2.1014524463680573e-05,2.1014524463680573e-05
4998,411945,28,10537,-2.100753044942394e-05,2.100753044942394e-05
4999,444670,31,254,2.1006855604355223e-05,2.1006855604355223e-05
