variant,layer,neuron_index
delta_harmfulness,1,12638
delta_harmfulness,2,3328
delta_harmfulness,2,4077
delta_harmfulness,2,4526
delta_harmfulness,2,7120
delta_harmfulness,2,10524
delta_harmfulness,3,4851
delta_harmfulness,3,7090
delta_harmfulness,3,7321
delta_harmfulness,3,10351
delta_harmfulness,4,2929
delta_harmfulness,4,5083
delta_harmfulness,4,6333
delta_harmfulness,4,7674
delta_harmfulness,4,8797
delta_harmfulness,4,9809
delta_harmfulness,4,10711
delta_harmfulness,4,11195
delta_harmfulness,4,11663
delta_harmfulness,4,12562
delta_harmfulness,5,3150
delta_harmfulness,5,3934
delta_harmfulness,5,5733
delta_harmfulness,5,7016
delta_harmfulness,5,7264
delta_harmfulness,5,7951
delta_harmfulness,5,9454
delta_harmfulness,5,10131
delta_harmfulness,5,10389
delta_harmfulness,5,10780
delta_harmfulness,5,13406
delta_harmfulness,5,13440
delta_harmfulness,6,1413
delta_harmfulness,6,4341
delta_harmfulness,6,5134
delta_harmfulness,6,7162
delta_harmfulness,6,7575
delta_harmfulness,6,8199
delta_harmfulness,6,11002
delta_harmfulness,6,11497
delta_harmfulness,6,12689
delta_harmfulness,7,699
delta_harmfulness,7,824
delta_harmfulness,7,1994
delta_harmfulness,7,3135
delta_harmfulness,7,3720
delta_harmfulness,7,5433
delta_harmfulness,7,7454
delta_harmfulness,7,8526
delta_harmfulness,7,10594
delta_harmfulness,7,12230
delta_harmfulness,8,64
delta_harmfulness,8,319
delta_harmfulness,8,1430
delta_harmfulness,8,1846
delta_harmfulness,8,4180
delta_harmfulness,8,7503
delta_harmfulness,8,7744
delta_harmfulness,8,7912
delta_harmfulness,8,8317
delta_harmfulness,8,9536
delta_harmfulness,8,11596
delta_harmfulness,8,11939
delta_harmfulness,9,153
delta_harmfulness,9,334
delta_harmfulness,9,481
delta_harmfulness,9,522
delta_harmfulness,9,749
delta_harmfulness,9,802
delta_harmfulness,9,1153
delta_harmfulness,9,1303
delta_harmfulness,9,2118
delta_harmfulness,9,2427
delta_harmfulness,9,2579
delta_harmfulness,9,3005
delta_harmfulness,9,3156
delta_harmfulness,9,3229
delta_harmfulness,9,3452
delta_harmfulness,9,3764
delta_harmfulness,9,3842
delta_harmfulness,9,4434
delta_harmfulness,9,4594
delta_harmfulness,9,5767
delta_harmfulness,9,6490
delta_harmfulness,9,6587
delta_harmfulness,9,8266
delta_harmfulness,9,8304
delta_harmfulness,9,8497
delta_harmfulness,9,9539
delta_harmfulness,9,9619
delta_harmfulness,9,9724
delta_harmfulness,9,9799
delta_harmfulness,9,10644
delta_harmfulness,9,10978
delta_harmfulness,9,11856
delta_harmfulness,9,12479
delta_harmfulness,9,12613
delta_harmfulness,9,12976
delta_harmfulness,9,13075
delta_harmfulness,9,14104
delta_harmfulness,9,14235
delta_harmfulness,10,640
delta_harmfulness,10,777
delta_harmfulness,10,853
delta_harmfulness,10,883
delta_harmfulness,10,1084
delta_harmfulness,10,1092
delta_harmfulness,10,1156
delta_harmfulness,10,1278
delta_harmfulness,10,1441
delta_harmfulness,10,1515
delta_harmfulness,10,1587
delta_harmfulness,10,1656
delta_harmfulness,10,1768
delta_harmfulness,10,1783
delta_harmfulness,10,1902
delta_harmfulness,10,1995
delta_harmfulness,10,2080
delta_harmfulness,10,2277
delta_harmfulness,10,2284
delta_harmfulness,10,2360
delta_harmfulness,10,2437
delta_harmfulness,10,2673
delta_harmfulness,10,2806
delta_harmfulness,10,3559
delta_harmfulness,10,3681
delta_harmfulness,10,3814
delta_harmfulness,10,3950
delta_harmfulness,10,4050
delta_harmfulness,10,4071
delta_harmfulness,10,4118
delta_harmfulness,10,4142
delta_harmfulness,10,4164
delta_harmfulness,10,4259
delta_harmfulness,10,4496
delta_harmfulness,10,4542
delta_harmfulness,10,4789
delta_harmfulness,10,4805
delta_harmfulness,10,4978
delta_harmfulness,10,5179
delta_harmfulness,10,5207
delta_harmfulness,10,5226
delta_harmfulness,10,5276
delta_harmfulness,10,5286
delta_harmfulness,10,5767
delta_harmfulness,10,6141
delta_harmfulness,10,6203
delta_harmfulness,10,6267
delta_harmfulness,10,6493
delta_harmfulness,10,6588
delta_harmfulness,10,6775
delta_harmfulness,10,7071
delta_harmfulness,10,7319
delta_harmfulness,10,7475
delta_harmfulness,10,7483
delta_harmfulness,10,7500
delta_harmfulness,10,7511
delta_harmfulness,10,7676
delta_harmfulness,10,7677
delta_harmfulness,10,7912
delta_harmfulness,10,8464
delta_harmfulness,10,8498
delta_harmfulness,10,8590
delta_harmfulness,10,8614
delta_harmfulness,10,8641
delta_harmfulness,10,8888
delta_harmfulness,10,9094
delta_harmfulness,10,9130
delta_harmfulness,10,9318
delta_harmfulness,10,9322
delta_harmfulness,10,9841
delta_harmfulness,10,9849
delta_harmfulness,10,9984
delta_harmfulness,10,10012
delta_harmfulness,10,10116
delta_harmfulness,10,10224
delta_harmfulness,10,10287
delta_harmfulness,10,10524
delta_harmfulness,10,10997
delta_harmfulness,10,11028
delta_harmfulness,10,11538
delta_harmfulness,10,11639
delta_harmfulness,10,11811
delta_harmfulness,10,11924
delta_harmfulness,10,12092
delta_harmfulness,10,12737
delta_harmfulness,10,12974
delta_harmfulness,10,13245
delta_harmfulness,10,13353
delta_harmfulness,10,13580
delta_harmfulness,10,13931
delta_harmfulness,10,14292
delta_harmfulness,10,14297
delta_harmfulness,11,42
delta_harmfulness,11,51
delta_harmfulness,11,189
delta_harmfulness,11,245
delta_harmfulness,11,257
delta_harmfulness,11,348
delta_harmfulness,11,361
delta_harmfulness,11,613
delta_harmfulness,11,657
delta_harmfulness,11,789
delta_harmfulness,11,826
delta_harmfulness,11,898
delta_harmfulness,11,939
delta_harmfulness,11,1032
delta_harmfulness,11,1236
delta_harmfulness,11,1241
delta_harmfulness,11,1525
delta_harmfulness,11,1532
delta_harmfulness,11,1820
delta_harmfulness,11,1821
delta_harmfulness,11,1832
delta_harmfulness,11,2236
delta_harmfulness,11,2237
delta_harmfulness,11,2314
delta_harmfulness,11,2532
delta_harmfulness,11,2614
delta_harmfulness,11,2789
delta_harmfulness,11,2793
delta_harmfulness,11,2838
delta_harmfulness,11,2871
delta_harmfulness,11,2998
delta_harmfulness,11,3053
delta_harmfulness,11,3130
delta_harmfulness,11,3152
delta_harmfulness,11,3186
delta_harmfulness,11,3219
delta_harmfulness,11,3306
delta_harmfulness,11,3471
delta_harmfulness,11,3485
delta_harmfulness,11,3639
delta_harmfulness,11,3787
delta_harmfulness,11,3841
delta_harmfulness,11,3945
delta_harmfulness,11,3958
delta_harmfulness,11,3969
delta_harmfulness,11,4146
delta_harmfulness,11,4173
delta_harmfulness,11,4219
delta_harmfulness,11,4258
delta_harmfulness,11,4266
delta_harmfulness,11,4291
delta_harmfulness,11,4467
delta_harmfulness,11,4521
delta_harmfulness,11,4800
delta_harmfulness,11,5133
delta_harmfulness,11,5141
delta_harmfulness,11,5416
delta_harmfulness,11,5459
delta_harmfulness,11,5523
delta_harmfulness,11,5533
delta_harmfulness,11,5684
delta_harmfulness,11,5966
delta_harmfulness,11,6105
delta_harmfulness,11,6158
delta_harmfulness,11,6266
delta_harmfulness,11,6396
delta_harmfulness,11,6414
delta_harmfulness,11,6429
delta_harmfulness,11,6737
delta_harmfulness,11,6772
delta_harmfulness,11,6834
delta_harmfulness,11,7075
delta_harmfulness,11,7135
delta_harmfulness,11,7150
delta_harmfulness,11,7184
delta_harmfulness,11,7354
delta_harmfulness,11,7366
delta_harmfulness,11,7377
delta_harmfulness,11,7457
delta_harmfulness,11,7464
delta_harmfulness,11,7480
delta_harmfulness,11,7508
delta_harmfulness,11,7624
delta_harmfulness,11,7761
delta_harmfulness,11,7903
delta_harmfulness,11,7907
delta_harmfulness,11,8000
delta_harmfulness,11,8015
delta_harmfulness,11,8405
delta_harmfulness,11,8446
delta_harmfulness,11,8569
delta_harmfulness,11,8690
delta_harmfulness,11,9000
delta_harmfulness,11,9034
delta_harmfulness,11,9207
delta_harmfulness,11,9552
delta_harmfulness,11,9633
delta_harmfulness,11,9669
delta_harmfulness,11,9677
delta_harmfulness,11,9781
delta_harmfulness,11,9874
delta_harmfulness,11,9982
delta_harmfulness,11,10056
delta_harmfulness,11,10096
delta_harmfulness,11,10121
delta_harmfulness,11,10294
delta_harmfulness,11,10360
delta_harmfulness,11,10425
delta_harmfulness,11,10462
delta_harmfulness,11,10502
delta_harmfulness,11,10685
delta_harmfulness,11,10816
delta_harmfulness,11,10939
delta_harmfulness,11,10961
delta_harmfulness,11,11321
delta_harmfulness,11,11362
delta_harmfulness,11,11405
delta_harmfulness,11,11420
delta_harmfulness,11,11666
delta_harmfulness,11,11730
delta_harmfulness,11,11745
delta_harmfulness,11,11778
delta_harmfulness,11,11824
delta_harmfulness,11,12032
delta_harmfulness,11,12126
delta_harmfulness,11,12239
delta_harmfulness,11,12467
delta_harmfulness,11,12581
delta_harmfulness,11,12706
delta_harmfulness,11,12976
delta_harmfulness,11,12991
delta_harmfulness,11,13153
delta_harmfulness,11,13253
delta_harmfulness,11,13279
delta_harmfulness,11,13284
delta_harmfulness,11,13636
delta_harmfulness,11,13919
delta_harmfulness,11,13926
delta_harmfulness,11,13978
delta_harmfulness,11,14015
delta_harmfulness,11,14045
delta_harmfulness,11,14106
delta_harmfulness,11,14231
delta_harmfulness,11,14327
delta_harmfulness,12,5
delta_harmfulness,12,180
delta_harmfulness,12,225
delta_harmfulness,12,238
delta_harmfulness,12,245
delta_harmfulness,12,253
delta_harmfulness,12,254
delta_harmfulness,12,286
delta_harmfulness,12,364
delta_harmfulness,12,375
delta_harmfulness,12,376
delta_harmfulness,12,443
delta_harmfulness,12,446
delta_harmfulness,12,513
delta_harmfulness,12,678
delta_harmfulness,12,734
delta_harmfulness,12,814
delta_harmfulness,12,911
delta_harmfulness,12,1053
delta_harmfulness,12,1084
delta_harmfulness,12,1086
delta_harmfulness,12,1195
delta_harmfulness,12,1221
delta_harmfulness,12,1260
delta_harmfulness,12,1285
delta_harmfulness,12,1375
delta_harmfulness,12,1481
delta_harmfulness,12,1538
delta_harmfulness,12,1559
delta_harmfulness,12,1587
delta_harmfulness,12,1743
delta_harmfulness,12,1750
delta_harmfulness,12,1804
delta_harmfulness,12,1843
delta_harmfulness,12,1969
delta_harmfulness,12,1987
delta_harmfulness,12,2121
delta_harmfulness,12,2193
delta_harmfulness,12,2235
delta_harmfulness,12,2243
delta_harmfulness,12,2247
delta_harmfulness,12,2489
delta_harmfulness,12,2490
delta_harmfulness,12,2655
delta_harmfulness,12,2658
delta_harmfulness,12,2691
delta_harmfulness,12,2722
delta_harmfulness,12,2749
delta_harmfulness,12,2771
delta_harmfulness,12,3060
delta_harmfulness,12,3063
delta_harmfulness,12,3282
delta_harmfulness,12,3315
delta_harmfulness,12,3424
delta_harmfulness,12,3582
delta_harmfulness,12,3639
delta_harmfulness,12,3740
delta_harmfulness,12,3789
delta_harmfulness,12,3908
delta_harmfulness,12,4086
delta_harmfulness,12,4094
delta_harmfulness,12,4135
delta_harmfulness,12,4317
delta_harmfulness,12,4319
delta_harmfulness,12,4464
delta_harmfulness,12,4615
delta_harmfulness,12,4650
delta_harmfulness,12,4723
delta_harmfulness,12,4724
delta_harmfulness,12,4742
delta_harmfulness,12,4790
delta_harmfulness,12,4798
delta_harmfulness,12,4963
delta_harmfulness,12,5026
delta_harmfulness,12,5070
delta_harmfulness,12,5085
delta_harmfulness,12,5111
delta_harmfulness,12,5181
delta_harmfulness,12,5224
delta_harmfulness,12,5287
delta_harmfulness,12,5430
delta_harmfulness,12,5493
delta_harmfulness,12,5763
delta_harmfulness,12,5802
delta_harmfulness,12,5811
delta_harmfulness,12,5840
delta_harmfulness,12,5857
delta_harmfulness,12,5864
delta_harmfulness,12,5896
delta_harmfulness,12,5952
delta_harmfulness,12,6170
delta_harmfulness,12,6216
delta_harmfulness,12,6262
delta_harmfulness,12,6457
delta_harmfulness,12,6484
delta_harmfulness,12,6560
delta_harmfulness,12,6569
delta_harmfulness,12,6604
delta_harmfulness,12,6650
delta_harmfulness,12,6851
delta_harmfulness,12,6860
delta_harmfulness,12,6991
delta_harmfulness,12,7016
delta_harmfulness,12,7021
delta_harmfulness,12,7114
delta_harmfulness,12,7129
delta_harmfulness,12,7244
delta_harmfulness,12,7342
delta_harmfulness,12,7382
delta_harmfulness,12,7553
delta_harmfulness,12,7563
delta_harmfulness,12,7568
delta_harmfulness,12,7607
delta_harmfulness,12,7672
delta_harmfulness,12,7738
delta_harmfulness,12,7872
delta_harmfulness,12,7955
delta_harmfulness,12,8004
delta_harmfulness,12,8059
delta_harmfulness,12,8137
delta_harmfulness,12,8182
delta_harmfulness,12,8248
delta_harmfulness,12,8332
delta_harmfulness,12,8437
delta_harmfulness,12,8452
delta_harmfulness,12,8459
delta_harmfulness,12,8512
delta_harmfulness,12,8540
delta_harmfulness,12,8604
delta_harmfulness,12,8651
delta_harmfulness,12,8751
delta_harmfulness,12,8782
delta_harmfulness,12,8845
delta_harmfulness,12,9094
delta_harmfulness,12,9367
delta_harmfulness,12,9591
delta_harmfulness,12,9795
delta_harmfulness,12,9813
delta_harmfulness,12,9945
delta_harmfulness,12,10131
delta_harmfulness,12,10354
delta_harmfulness,12,10689
delta_harmfulness,12,10706
delta_harmfulness,12,10867
delta_harmfulness,12,10907
delta_harmfulness,12,11094
delta_harmfulness,12,11159
delta_harmfulness,12,11164
delta_harmfulness,12,11181
delta_harmfulness,12,11229
delta_harmfulness,12,11234
delta_harmfulness,12,11237
delta_harmfulness,12,11262
delta_harmfulness,12,11507
delta_harmfulness,12,11594
delta_harmfulness,12,11602
delta_harmfulness,12,11672
delta_harmfulness,12,11699
delta_harmfulness,12,11763
delta_harmfulness,12,11966
delta_harmfulness,12,12095
delta_harmfulness,12,12101
delta_harmfulness,12,12199
delta_harmfulness,12,12363
delta_harmfulness,12,12380
delta_harmfulness,12,12452
delta_harmfulness,12,12462
delta_harmfulness,12,12519
delta_harmfulness,12,12559
delta_harmfulness,12,12565
delta_harmfulness,12,12776
delta_harmfulness,12,12797
delta_harmfulness,12,12826
delta_harmfulness,12,12989
delta_harmfulness,12,13009
delta_harmfulness,12,13076
delta_harmfulness,12,13189
delta_harmfulness,12,13291
delta_harmfulness,12,13336
delta_harmfulness,12,13438
delta_harmfulness,12,13471
delta_harmfulness,12,13498
delta_harmfulness,12,13600
delta_harmfulness,12,13606
delta_harmfulness,12,13783
delta_harmfulness,12,13868
delta_harmfulness,12,14300
delta_harmfulness,13,37
delta_harmfulness,13,113
delta_harmfulness,13,117
delta_harmfulness,13,165
delta_harmfulness,13,313
delta_harmfulness,13,370
delta_harmfulness,13,440
delta_harmfulness,13,468
delta_harmfulness,13,584
delta_harmfulness,13,595
delta_harmfulness,13,689
delta_harmfulness,13,702
delta_harmfulness,13,760
delta_harmfulness,13,825
delta_harmfulness,13,831
delta_harmfulness,13,976
delta_harmfulness,13,1054
delta_harmfulness,13,1120
delta_harmfulness,13,1123
delta_harmfulness,13,1147
delta_harmfulness,13,1184
delta_harmfulness,13,1202
delta_harmfulness,13,1247
delta_harmfulness,13,1274
delta_harmfulness,13,1299
delta_harmfulness,13,1305
delta_harmfulness,13,1320
delta_harmfulness,13,1341
delta_harmfulness,13,1358
delta_harmfulness,13,1362
delta_harmfulness,13,1365
delta_harmfulness,13,1382
delta_harmfulness,13,1395
delta_harmfulness,13,1421
delta_harmfulness,13,1605
delta_harmfulness,13,1613
delta_harmfulness,13,1623
delta_harmfulness,13,1683
delta_harmfulness,13,1715
delta_harmfulness,13,1725
delta_harmfulness,13,1765
delta_harmfulness,13,1781
delta_harmfulness,13,1909
delta_harmfulness,13,1921
delta_harmfulness,13,1922
delta_harmfulness,13,1962
delta_harmfulness,13,1970
delta_harmfulness,13,2034
delta_harmfulness,13,2036
delta_harmfulness,13,2038
delta_harmfulness,13,2057
delta_harmfulness,13,2127
delta_harmfulness,13,2187
delta_harmfulness,13,2223
delta_harmfulness,13,2226
delta_harmfulness,13,2257
delta_harmfulness,13,2402
delta_harmfulness,13,2425
delta_harmfulness,13,2432
delta_harmfulness,13,2564
delta_harmfulness,13,2609
delta_harmfulness,13,2626
delta_harmfulness,13,2681
delta_harmfulness,13,2710
delta_harmfulness,13,2747
delta_harmfulness,13,2756
delta_harmfulness,13,2844
delta_harmfulness,13,2942
delta_harmfulness,13,2962
delta_harmfulness,13,2967
delta_harmfulness,13,3062
delta_harmfulness,13,3070
delta_harmfulness,13,3104
delta_harmfulness,13,3286
delta_harmfulness,13,3364
delta_harmfulness,13,3433
delta_harmfulness,13,3502
delta_harmfulness,13,3672
delta_harmfulness,13,3677
delta_harmfulness,13,3683
delta_harmfulness,13,3714
delta_harmfulness,13,3753
delta_harmfulness,13,3850
delta_harmfulness,13,3898
delta_harmfulness,13,3999
delta_harmfulness,13,4012
delta_harmfulness,13,4038
delta_harmfulness,13,4050
delta_harmfulness,13,4118
delta_harmfulness,13,4149
delta_harmfulness,13,4208
delta_harmfulness,13,4257
delta_harmfulness,13,4266
delta_harmfulness,13,4313
delta_harmfulness,13,4355
delta_harmfulness,13,4368
delta_harmfulness,13,4455
delta_harmfulness,13,4542
delta_harmfulness,13,4615
delta_harmfulness,13,4694
delta_harmfulness,13,4737
delta_harmfulness,13,4740
delta_harmfulness,13,4822
delta_harmfulness,13,4915
delta_harmfulness,13,5056
delta_harmfulness,13,5063
delta_harmfulness,13,5120
delta_harmfulness,13,5140
delta_harmfulness,13,5157
delta_harmfulness,13,5161
delta_harmfulness,13,5183
delta_harmfulness,13,5220
delta_harmfulness,13,5267
delta_harmfulness,13,5500
delta_harmfulness,13,5519
delta_harmfulness,13,5534
delta_harmfulness,13,5538
delta_harmfulness,13,5552
delta_harmfulness,13,5570
delta_harmfulness,13,5577
delta_harmfulness,13,5579
delta_harmfulness,13,5683
delta_harmfulness,13,5748
delta_harmfulness,13,5906
delta_harmfulness,13,5942
delta_harmfulness,13,6037
delta_harmfulness,13,6053
delta_harmfulness,13,6101
delta_harmfulness,13,6165
delta_harmfulness,13,6186
delta_harmfulness,13,6213
delta_harmfulness,13,6356
delta_harmfulness,13,6464
delta_harmfulness,13,6551
delta_harmfulness,13,6579
delta_harmfulness,13,6597
delta_harmfulness,13,6640
delta_harmfulness,13,6645
delta_harmfulness,13,6713
delta_harmfulness,13,6746
delta_harmfulness,13,7107
delta_harmfulness,13,7267
delta_harmfulness,13,7357
delta_harmfulness,13,7381
delta_harmfulness,13,7480
delta_harmfulness,13,7538
delta_harmfulness,13,7566
delta_harmfulness,13,7728
delta_harmfulness,13,7766
delta_harmfulness,13,7787
delta_harmfulness,13,7938
delta_harmfulness,13,8033
delta_harmfulness,13,8042
delta_harmfulness,13,8118
delta_harmfulness,13,8152
delta_harmfulness,13,8226
delta_harmfulness,13,8261
delta_harmfulness,13,8310
delta_harmfulness,13,8325
delta_harmfulness,13,8383
delta_harmfulness,13,8395
delta_harmfulness,13,8425
delta_harmfulness,13,8440
delta_harmfulness,13,8454
delta_harmfulness,13,8496
delta_harmfulness,13,8502
delta_harmfulness,13,8600
delta_harmfulness,13,8612
delta_harmfulness,13,8706
delta_harmfulness,13,8710
delta_harmfulness,13,8716
delta_harmfulness,13,8764
delta_harmfulness,13,8790
delta_harmfulness,13,8795
delta_harmfulness,13,8809
delta_harmfulness,13,8876
delta_harmfulness,13,8931
delta_harmfulness,13,8959
delta_harmfulness,13,8983
delta_harmfulness,13,8985
delta_harmfulness,13,9004
delta_harmfulness,13,9041
delta_harmfulness,13,9433
delta_harmfulness,13,9503
delta_harmfulness,13,9526
delta_harmfulness,13,9562
delta_harmfulness,13,9744
delta_harmfulness,13,9780
delta_harmfulness,13,9782
delta_harmfulness,13,9784
delta_harmfulness,13,9819
delta_harmfulness,13,9847
delta_harmfulness,13,9893
delta_harmfulness,13,9941
delta_harmfulness,13,10035
delta_harmfulness,13,10040
delta_harmfulness,13,10078
delta_harmfulness,13,10101
delta_harmfulness,13,10217
delta_harmfulness,13,10233
delta_harmfulness,13,10283
delta_harmfulness,13,10366
delta_harmfulness,13,10402
delta_harmfulness,13,10431
delta_harmfulness,13,10470
delta_harmfulness,13,10472
delta_harmfulness,13,10474
delta_harmfulness,13,10529
delta_harmfulness,13,10541
delta_harmfulness,13,10606
delta_harmfulness,13,10626
delta_harmfulness,13,10650
delta_harmfulness,13,10654
delta_harmfulness,13,10693
delta_harmfulness,13,10753
delta_harmfulness,13,10776
delta_harmfulness,13,10884
delta_harmfulness,13,10954
delta_harmfulness,13,10970
delta_harmfulness,13,10978
delta_harmfulness,13,10988
delta_harmfulness,13,11082
delta_harmfulness,13,11124
delta_harmfulness,13,11213
delta_harmfulness,13,11260
delta_harmfulness,13,11267
delta_harmfulness,13,11405
delta_harmfulness,13,11412
delta_harmfulness,13,11472
delta_harmfulness,13,11481
delta_harmfulness,13,11484
delta_harmfulness,13,11494
delta_harmfulness,13,11507
delta_harmfulness,13,11548
delta_harmfulness,13,11628
delta_harmfulness,13,11640
delta_harmfulness,13,11800
delta_harmfulness,13,11853
delta_harmfulness,13,11924
delta_harmfulness,13,11959
delta_harmfulness,13,12013
delta_harmfulness,13,12026
delta_harmfulness,13,12182
delta_harmfulness,13,12211
delta_harmfulness,13,12258
delta_harmfulness,13,12259
delta_harmfulness,13,12293
delta_harmfulness,13,12434
delta_harmfulness,13,12674
delta_harmfulness,13,12692
delta_harmfulness,13,12704
delta_harmfulness,13,12763
delta_harmfulness,13,12855
delta_harmfulness,13,12936
delta_harmfulness,13,13040
delta_harmfulness,13,13187
delta_harmfulness,13,13219
delta_harmfulness,13,13221
delta_harmfulness,13,13312
delta_harmfulness,13,13321
delta_harmfulness,13,13362
delta_harmfulness,13,13373
delta_harmfulness,13,13413
delta_harmfulness,13,13416
delta_harmfulness,13,13570
delta_harmfulness,13,13615
delta_harmfulness,13,13639
delta_harmfulness,13,13693
delta_harmfulness,13,13706
delta_harmfulness,13,13707
delta_harmfulness,13,13713
delta_harmfulness,13,13738
delta_harmfulness,13,13743
delta_harmfulness,13,13774
delta_harmfulness,13,13866
delta_harmfulness,13,13879
delta_harmfulness,13,14121
delta_harmfulness,13,14135
delta_harmfulness,13,14160
delta_harmfulness,13,14189
delta_harmfulness,13,14288
delta_harmfulness,14,78
delta_harmfulness,14,92
delta_harmfulness,14,220
delta_harmfulness,14,252
delta_harmfulness,14,366
delta_harmfulness,14,383
delta_harmfulness,14,434
delta_harmfulness,14,545
delta_harmfulness,14,564
delta_harmfulness,14,590
delta_harmfulness,14,780
delta_harmfulness,14,807
delta_harmfulness,14,814
delta_harmfulness,14,834
delta_harmfulness,14,963
delta_harmfulness,14,1007
delta_harmfulness,14,1031
delta_harmfulness,14,1173
delta_harmfulness,14,1340
delta_harmfulness,14,1389
delta_harmfulness,14,1402
delta_harmfulness,14,1464
delta_harmfulness,14,1559
delta_harmfulness,14,1618
delta_harmfulness,14,1662
delta_harmfulness,14,1693
delta_harmfulness,14,1754
delta_harmfulness,14,1771
delta_harmfulness,14,1792
delta_harmfulness,14,1991
delta_harmfulness,14,2017
delta_harmfulness,14,2030
delta_harmfulness,14,2064
delta_harmfulness,14,2118
delta_harmfulness,14,2273
delta_harmfulness,14,2346
delta_harmfulness,14,2413
delta_harmfulness,14,2457
delta_harmfulness,14,2473
delta_harmfulness,14,2477
delta_harmfulness,14,2548
delta_harmfulness,14,2591
delta_harmfulness,14,2862
delta_harmfulness,14,2913
delta_harmfulness,14,2984
delta_harmfulness,14,3006
delta_harmfulness,14,3007
delta_harmfulness,14,3223
delta_harmfulness,14,3444
delta_harmfulness,14,3491
delta_harmfulness,14,3566
delta_harmfulness,14,3674
delta_harmfulness,14,3705
delta_harmfulness,14,3750
delta_harmfulness,14,3807
delta_harmfulness,14,3867
delta_harmfulness,14,3917
delta_harmfulness,14,3940
delta_harmfulness,14,3965
delta_harmfulness,14,4024
delta_harmfulness,14,4096
delta_harmfulness,14,4142
delta_harmfulness,14,4197
delta_harmfulness,14,4198
delta_harmfulness,14,4201
delta_harmfulness,14,4249
delta_harmfulness,14,4283
delta_harmfulness,14,4322
delta_harmfulness,14,4363
delta_harmfulness,14,4371
delta_harmfulness,14,4484
delta_harmfulness,14,4489
delta_harmfulness,14,4537
delta_harmfulness,14,4538
delta_harmfulness,14,4556
delta_harmfulness,14,4564
delta_harmfulness,14,4599
delta_harmfulness,14,4607
delta_harmfulness,14,4608
delta_harmfulness,14,4762
delta_harmfulness,14,4806
delta_harmfulness,14,4823
delta_harmfulness,14,5004
delta_harmfulness,14,5005
delta_harmfulness,14,5063
delta_harmfulness,14,5089
delta_harmfulness,14,5309
delta_harmfulness,14,5313
delta_harmfulness,14,5386
delta_harmfulness,14,5406
delta_harmfulness,14,5437
delta_harmfulness,14,5453
delta_harmfulness,14,5616
delta_harmfulness,14,5623
delta_harmfulness,14,5662
delta_harmfulness,14,5718
delta_harmfulness,14,5760
delta_harmfulness,14,5808
delta_harmfulness,14,5891
delta_harmfulness,14,5947
delta_harmfulness,14,5990
delta_harmfulness,14,6055
delta_harmfulness,14,6095
delta_harmfulness,14,6150
delta_harmfulness,14,6384
delta_harmfulness,14,6460
delta_harmfulness,14,6467
delta_harmfulness,14,6500
delta_harmfulness,14,6600
delta_harmfulness,14,6898
delta_harmfulness,14,6924
delta_harmfulness,14,6983
delta_harmfulness,14,7007
delta_harmfulness,14,7050
delta_harmfulness,14,7054
delta_harmfulness,14,7071
delta_harmfulness,14,7286
delta_harmfulness,14,7348
delta_harmfulness,14,7429
delta_harmfulness,14,7534
delta_harmfulness,14,7608
delta_harmfulness,14,7627
delta_harmfulness,14,7648
delta_harmfulness,14,7817
delta_harmfulness,14,7837
delta_harmfulness,14,7863
delta_harmfulness,14,7888
delta_harmfulness,14,7896
delta_harmfulness,14,7926
delta_harmfulness,14,7961
delta_harmfulness,14,7980
delta_harmfulness,14,8063
delta_harmfulness,14,8069
delta_harmfulness,14,8090
delta_harmfulness,14,8124
delta_harmfulness,14,8143
delta_harmfulness,14,8163
delta_harmfulness,14,8177
delta_harmfulness,14,8182
delta_harmfulness,14,8258
delta_harmfulness,14,8313
delta_harmfulness,14,8314
delta_harmfulness,14,8371
delta_harmfulness,14,8419
delta_harmfulness,14,8572
delta_harmfulness,14,8659
delta_harmfulness,14,8745
delta_harmfulness,14,8819
delta_harmfulness,14,8902
delta_harmfulness,14,8955
delta_harmfulness,14,9043
delta_harmfulness,14,9101
delta_harmfulness,14,9143
delta_harmfulness,14,9252
delta_harmfulness,14,9261
delta_harmfulness,14,9287
delta_harmfulness,14,9375
delta_harmfulness,14,9515
delta_harmfulness,14,9554
delta_harmfulness,14,9669
delta_harmfulness,14,9732
delta_harmfulness,14,9758
delta_harmfulness,14,9764
delta_harmfulness,14,9769
delta_harmfulness,14,9826
delta_harmfulness,14,9842
delta_harmfulness,14,9865
delta_harmfulness,14,9954
delta_harmfulness,14,10040
delta_harmfulness,14,10041
delta_harmfulness,14,10064
delta_harmfulness,14,10076
delta_harmfulness,14,10083
delta_harmfulness,14,10167
delta_harmfulness,14,10186
delta_harmfulness,14,10256
delta_harmfulness,14,10368
delta_harmfulness,14,10388
delta_harmfulness,14,10418
delta_harmfulness,14,10456
delta_harmfulness,14,10572
delta_harmfulness,14,10724
delta_harmfulness,14,10752
delta_harmfulness,14,10798
delta_harmfulness,14,10812
delta_harmfulness,14,10822
delta_harmfulness,14,10824
delta_harmfulness,14,10884
delta_harmfulness,14,10960
delta_harmfulness,14,10991
delta_harmfulness,14,11076
delta_harmfulness,14,11101
delta_harmfulness,14,11273
delta_harmfulness,14,11317
delta_harmfulness,14,11562
delta_harmfulness,14,11569
delta_harmfulness,14,11608
delta_harmfulness,14,11639
delta_harmfulness,14,11642
delta_harmfulness,14,11649
delta_harmfulness,14,11688
delta_harmfulness,14,11858
delta_harmfulness,14,11884
delta_harmfulness,14,11929
delta_harmfulness,14,12015
delta_harmfulness,14,12042
delta_harmfulness,14,12215
delta_harmfulness,14,12245
delta_harmfulness,14,12250
delta_harmfulness,14,12277
delta_harmfulness,14,12296
delta_harmfulness,14,12440
delta_harmfulness,14,12461
delta_harmfulness,14,12498
delta_harmfulness,14,12618
delta_harmfulness,14,12639
delta_harmfulness,14,12707
delta_harmfulness,14,12730
delta_harmfulness,14,12753
delta_harmfulness,14,12768
delta_harmfulness,14,12846
delta_harmfulness,14,13030
delta_harmfulness,14,13139
delta_harmfulness,14,13175
delta_harmfulness,14,13316
delta_harmfulness,14,13329
delta_harmfulness,14,13335
delta_harmfulness,14,13381
delta_harmfulness,14,13386
delta_harmfulness,14,13451
delta_harmfulness,14,13538
delta_harmfulness,14,13798
delta_harmfulness,14,13811
delta_harmfulness,14,13892
delta_harmfulness,14,13902
delta_harmfulness,14,13951
delta_harmfulness,14,14136
delta_harmfulness,14,14190
delta_harmfulness,14,14223
delta_harmfulness,14,14331
delta_harmfulness,15,103
delta_harmfulness,15,225
delta_harmfulness,15,269
delta_harmfulness,15,279
delta_harmfulness,15,344
delta_harmfulness,15,401
delta_harmfulness,15,415
delta_harmfulness,15,460
delta_harmfulness,15,466
delta_harmfulness,15,611
delta_harmfulness,15,634
delta_harmfulness,15,676
delta_harmfulness,15,780
delta_harmfulness,15,827
delta_harmfulness,15,951
delta_harmfulness,15,989
delta_harmfulness,15,994
delta_harmfulness,15,1109
delta_harmfulness,15,1145
delta_harmfulness,15,1218
delta_harmfulness,15,1239
delta_harmfulness,15,1308
delta_harmfulness,15,1330
delta_harmfulness,15,1574
delta_harmfulness,15,1599
delta_harmfulness,15,1606
delta_harmfulness,15,1608
delta_harmfulness,15,1641
delta_harmfulness,15,1678
delta_harmfulness,15,1753
delta_harmfulness,15,1760
delta_harmfulness,15,1801
delta_harmfulness,15,1897
delta_harmfulness,15,1926
delta_harmfulness,15,2129
delta_harmfulness,15,2197
delta_harmfulness,15,2219
delta_harmfulness,15,2242
delta_harmfulness,15,2258
delta_harmfulness,15,2268
delta_harmfulness,15,2347
delta_harmfulness,15,2370
delta_harmfulness,15,2396
delta_harmfulness,15,2451
delta_harmfulness,15,2476
delta_harmfulness,15,2593
delta_harmfulness,15,2651
delta_harmfulness,15,2704
delta_harmfulness,15,2723
delta_harmfulness,15,2730
delta_harmfulness,15,2786
delta_harmfulness,15,2938
delta_harmfulness,15,3083
delta_harmfulness,15,3271
delta_harmfulness,15,3289
delta_harmfulness,15,3342
delta_harmfulness,15,3345
delta_harmfulness,15,3407
delta_harmfulness,15,3432
delta_harmfulness,15,3467
delta_harmfulness,15,3471
delta_harmfulness,15,3495
delta_harmfulness,15,3580
delta_harmfulness,15,3719
delta_harmfulness,15,3808
delta_harmfulness,15,3816
delta_harmfulness,15,3891
delta_harmfulness,15,3910
delta_harmfulness,15,3929
delta_harmfulness,15,3941
delta_harmfulness,15,3959
delta_harmfulness,15,3973
delta_harmfulness,15,4072
delta_harmfulness,15,4084
delta_harmfulness,15,4095
delta_harmfulness,15,4237
delta_harmfulness,15,4238
delta_harmfulness,15,4320
delta_harmfulness,15,4326
delta_harmfulness,15,4368
delta_harmfulness,15,4427
delta_harmfulness,15,4463
delta_harmfulness,15,4521
delta_harmfulness,15,4584
delta_harmfulness,15,4714
delta_harmfulness,15,4739
delta_harmfulness,15,4779
delta_harmfulness,15,4782
delta_harmfulness,15,4813
delta_harmfulness,15,4819
delta_harmfulness,15,4846
delta_harmfulness,15,4884
delta_harmfulness,15,4903
delta_harmfulness,15,4904
delta_harmfulness,15,4935
delta_harmfulness,15,4953
delta_harmfulness,15,4976
delta_harmfulness,15,4997
delta_harmfulness,15,5149
delta_harmfulness,15,5216
delta_harmfulness,15,5360
delta_harmfulness,15,5368
delta_harmfulness,15,5389
delta_harmfulness,15,5393
delta_harmfulness,15,5465
delta_harmfulness,15,5480
delta_harmfulness,15,5488
delta_harmfulness,15,5563
delta_harmfulness,15,5623
delta_harmfulness,15,5647
delta_harmfulness,15,5795
delta_harmfulness,15,5829
delta_harmfulness,15,6003
delta_harmfulness,15,6161
delta_harmfulness,15,6164
delta_harmfulness,15,6197
delta_harmfulness,15,6226
delta_harmfulness,15,6255
delta_harmfulness,15,6423
delta_harmfulness,15,6474
delta_harmfulness,15,6513
delta_harmfulness,15,6595
delta_harmfulness,15,6716
delta_harmfulness,15,6777
delta_harmfulness,15,6784
delta_harmfulness,15,6818
delta_harmfulness,15,7118
delta_harmfulness,15,7176
delta_harmfulness,15,7188
delta_harmfulness,15,7228
delta_harmfulness,15,7232
delta_harmfulness,15,7333
delta_harmfulness,15,7361
delta_harmfulness,15,7363
delta_harmfulness,15,7516
delta_harmfulness,15,7564
delta_harmfulness,15,7574
delta_harmfulness,15,7585
delta_harmfulness,15,7586
delta_harmfulness,15,7591
delta_harmfulness,15,7619
delta_harmfulness,15,7636
delta_harmfulness,15,7700
delta_harmfulness,15,7821
delta_harmfulness,15,7863
delta_harmfulness,15,7882
delta_harmfulness,15,7887
delta_harmfulness,15,7922
delta_harmfulness,15,7925
delta_harmfulness,15,8063
delta_harmfulness,15,8103
delta_harmfulness,15,8106
delta_harmfulness,15,8117
delta_harmfulness,15,8130
delta_harmfulness,15,8145
delta_harmfulness,15,8204
delta_harmfulness,15,8221
delta_harmfulness,15,8231
delta_harmfulness,15,8260
delta_harmfulness,15,8297
delta_harmfulness,15,8308
delta_harmfulness,15,8337
delta_harmfulness,15,8452
delta_harmfulness,15,8574
delta_harmfulness,15,8664
delta_harmfulness,15,8697
delta_harmfulness,15,8749
delta_harmfulness,15,8778
delta_harmfulness,15,8842
delta_harmfulness,15,8887
delta_harmfulness,15,8922
delta_harmfulness,15,9069
delta_harmfulness,15,9098
delta_harmfulness,15,9212
delta_harmfulness,15,9270
delta_harmfulness,15,9296
delta_harmfulness,15,9304
delta_harmfulness,15,9312
delta_harmfulness,15,9361
delta_harmfulness,15,9375
delta_harmfulness,15,9444
delta_harmfulness,15,9495
delta_harmfulness,15,9544
delta_harmfulness,15,9565
delta_harmfulness,15,9595
delta_harmfulness,15,9597
delta_harmfulness,15,9757
delta_harmfulness,15,9829
delta_harmfulness,15,9865
delta_harmfulness,15,9901
delta_harmfulness,15,9921
delta_harmfulness,15,9949
delta_harmfulness,15,9955
delta_harmfulness,15,10015
delta_harmfulness,15,10054
delta_harmfulness,15,10058
delta_harmfulness,15,10098
delta_harmfulness,15,10205
delta_harmfulness,15,10229
delta_harmfulness,15,10264
delta_harmfulness,15,10280
delta_harmfulness,15,10285
delta_harmfulness,15,10307
delta_harmfulness,15,10370
delta_harmfulness,15,10426
delta_harmfulness,15,10443
delta_harmfulness,15,10444
delta_harmfulness,15,10541
delta_harmfulness,15,10568
delta_harmfulness,15,10615
delta_harmfulness,15,10708
delta_harmfulness,15,10850
delta_harmfulness,15,10853
delta_harmfulness,15,10956
delta_harmfulness,15,10986
delta_harmfulness,15,11012
delta_harmfulness,15,11036
delta_harmfulness,15,11101
delta_harmfulness,15,11314
delta_harmfulness,15,11322
delta_harmfulness,15,11485
delta_harmfulness,15,11536
delta_harmfulness,15,11636
delta_harmfulness,15,11692
delta_harmfulness,15,11796
delta_harmfulness,15,11807
delta_harmfulness,15,11870
delta_harmfulness,15,11923
delta_harmfulness,15,11924
delta_harmfulness,15,12015
delta_harmfulness,15,12091
delta_harmfulness,15,12102
delta_harmfulness,15,12140
delta_harmfulness,15,12191
delta_harmfulness,15,12237
delta_harmfulness,15,12245
delta_harmfulness,15,12377
delta_harmfulness,15,12381
delta_harmfulness,15,12466
delta_harmfulness,15,12496
delta_harmfulness,15,12507
delta_harmfulness,15,12508
delta_harmfulness,15,12533
delta_harmfulness,15,12534
delta_harmfulness,15,12564
delta_harmfulness,15,12682
delta_harmfulness,15,12684
delta_harmfulness,15,12715
delta_harmfulness,15,12753
delta_harmfulness,15,12757
delta_harmfulness,15,12760
delta_harmfulness,15,12801
delta_harmfulness,15,12803
delta_harmfulness,15,12813
delta_harmfulness,15,12896
delta_harmfulness,15,13015
delta_harmfulness,15,13047
delta_harmfulness,15,13075
delta_harmfulness,15,13100
delta_harmfulness,15,13260
delta_harmfulness,15,13286
delta_harmfulness,15,13324
delta_harmfulness,15,13403
delta_harmfulness,15,13440
delta_harmfulness,15,13441
delta_harmfulness,15,13459
delta_harmfulness,15,13612
delta_harmfulness,15,13623
delta_harmfulness,15,13700
delta_harmfulness,15,13761
delta_harmfulness,15,13811
delta_harmfulness,15,13827
delta_harmfulness,15,13960
delta_harmfulness,15,13990
delta_harmfulness,15,14055
delta_harmfulness,15,14066
delta_harmfulness,15,14081
delta_harmfulness,15,14128
delta_harmfulness,15,14132
delta_harmfulness,15,14140
delta_harmfulness,15,14182
delta_harmfulness,15,14250
delta_harmfulness,16,20
delta_harmfulness,16,71
delta_harmfulness,16,83
delta_harmfulness,16,93
delta_harmfulness,16,364
delta_harmfulness,16,365
delta_harmfulness,16,458
delta_harmfulness,16,640
delta_harmfulness,16,665
delta_harmfulness,16,737
delta_harmfulness,16,757
delta_harmfulness,16,777
delta_harmfulness,16,1031
delta_harmfulness,16,1038
delta_harmfulness,16,1056
delta_harmfulness,16,1159
delta_harmfulness,16,1277
delta_harmfulness,16,1447
delta_harmfulness,16,1646
delta_harmfulness,16,1791
delta_harmfulness,16,1795
delta_harmfulness,16,1876
delta_harmfulness,16,1893
delta_harmfulness,16,2019
delta_harmfulness,16,2060
delta_harmfulness,16,2287
delta_harmfulness,16,2315
delta_harmfulness,16,2496
delta_harmfulness,16,2698
delta_harmfulness,16,2756
delta_harmfulness,16,2762
delta_harmfulness,16,2794
delta_harmfulness,16,2831
delta_harmfulness,16,2932
delta_harmfulness,16,3128
delta_harmfulness,16,3132
delta_harmfulness,16,3192
delta_harmfulness,16,3196
delta_harmfulness,16,3224
delta_harmfulness,16,3238
delta_harmfulness,16,3275
delta_harmfulness,16,3285
delta_harmfulness,16,3342
delta_harmfulness,16,3351
delta_harmfulness,16,3436
delta_harmfulness,16,3480
delta_harmfulness,16,3523
delta_harmfulness,16,3524
delta_harmfulness,16,3669
delta_harmfulness,16,3801
delta_harmfulness,16,3821
delta_harmfulness,16,3825
delta_harmfulness,16,3920
delta_harmfulness,16,4033
delta_harmfulness,16,4111
delta_harmfulness,16,4173
delta_harmfulness,16,4202
delta_harmfulness,16,4247
delta_harmfulness,16,4335
delta_harmfulness,16,4441
delta_harmfulness,16,4448
delta_harmfulness,16,4518
delta_harmfulness,16,4525
delta_harmfulness,16,4539
delta_harmfulness,16,4564
delta_harmfulness,16,4680
delta_harmfulness,16,4717
delta_harmfulness,16,4723
delta_harmfulness,16,4740
delta_harmfulness,16,4883
delta_harmfulness,16,4912
delta_harmfulness,16,4925
delta_harmfulness,16,4929
delta_harmfulness,16,4938
delta_harmfulness,16,5033
delta_harmfulness,16,5043
delta_harmfulness,16,5162
delta_harmfulness,16,5230
delta_harmfulness,16,5342
delta_harmfulness,16,5443
delta_harmfulness,16,5451
delta_harmfulness,16,5788
delta_harmfulness,16,5809
delta_harmfulness,16,5834
delta_harmfulness,16,5904
delta_harmfulness,16,5910
delta_harmfulness,16,5949
delta_harmfulness,16,5999
delta_harmfulness,16,6003
delta_harmfulness,16,6011
delta_harmfulness,16,6070
delta_harmfulness,16,6078
delta_harmfulness,16,6167
delta_harmfulness,16,6187
delta_harmfulness,16,6303
delta_harmfulness,16,6329
delta_harmfulness,16,6521
delta_harmfulness,16,6559
delta_harmfulness,16,6606
delta_harmfulness,16,6673
delta_harmfulness,16,6680
delta_harmfulness,16,6708
delta_harmfulness,16,6714
delta_harmfulness,16,6883
delta_harmfulness,16,6922
delta_harmfulness,16,6975
delta_harmfulness,16,7001
delta_harmfulness,16,7048
delta_harmfulness,16,7051
delta_harmfulness,16,7114
delta_harmfulness,16,7146
delta_harmfulness,16,7153
delta_harmfulness,16,7206
delta_harmfulness,16,7223
delta_harmfulness,16,7325
delta_harmfulness,16,7467
delta_harmfulness,16,7475
delta_harmfulness,16,7551
delta_harmfulness,16,7600
delta_harmfulness,16,7611
delta_harmfulness,16,7683
delta_harmfulness,16,7724
delta_harmfulness,16,7847
delta_harmfulness,16,7866
delta_harmfulness,16,7960
delta_harmfulness,16,7977
delta_harmfulness,16,8069
delta_harmfulness,16,8114
delta_harmfulness,16,8133
delta_harmfulness,16,8181
delta_harmfulness,16,8231
delta_harmfulness,16,8328
delta_harmfulness,16,8386
delta_harmfulness,16,8396
delta_harmfulness,16,8428
delta_harmfulness,16,8441
delta_harmfulness,16,8492
delta_harmfulness,16,8595
delta_harmfulness,16,8615
delta_harmfulness,16,8700
delta_harmfulness,16,8707
delta_harmfulness,16,8708
delta_harmfulness,16,8715
delta_harmfulness,16,8726
delta_harmfulness,16,8769
delta_harmfulness,16,8798
delta_harmfulness,16,8819
delta_harmfulness,16,8827
delta_harmfulness,16,8832
delta_harmfulness,16,8869
delta_harmfulness,16,9018
delta_harmfulness,16,9024
delta_harmfulness,16,9080
delta_harmfulness,16,9096
delta_harmfulness,16,9226
delta_harmfulness,16,9383
delta_harmfulness,16,9444
delta_harmfulness,16,9576
delta_harmfulness,16,9577
delta_harmfulness,16,9600
delta_harmfulness,16,9677
delta_harmfulness,16,9684
delta_harmfulness,16,9824
delta_harmfulness,16,9899
delta_harmfulness,16,9903
delta_harmfulness,16,9927
delta_harmfulness,16,9930
delta_harmfulness,16,10084
delta_harmfulness,16,10126
delta_harmfulness,16,10132
delta_harmfulness,16,10141
delta_harmfulness,16,10251
delta_harmfulness,16,10275
delta_harmfulness,16,10279
delta_harmfulness,16,10329
delta_harmfulness,16,10410
delta_harmfulness,16,10467
delta_harmfulness,16,10614
delta_harmfulness,16,10732
delta_harmfulness,16,10763
delta_harmfulness,16,10779
delta_harmfulness,16,10894
delta_harmfulness,16,10940
delta_harmfulness,16,11064
delta_harmfulness,16,11155
delta_harmfulness,16,11277
delta_harmfulness,16,11294
delta_harmfulness,16,11390
delta_harmfulness,16,11402
delta_harmfulness,16,11440
delta_harmfulness,16,11463
delta_harmfulness,16,11500
delta_harmfulness,16,11501
delta_harmfulness,16,11580
delta_harmfulness,16,11602
delta_harmfulness,16,11711
delta_harmfulness,16,11759
delta_harmfulness,16,11793
delta_harmfulness,16,11795
delta_harmfulness,16,11859
delta_harmfulness,16,11992
delta_harmfulness,16,11995
delta_harmfulness,16,12002
delta_harmfulness,16,12008
delta_harmfulness,16,12012
delta_harmfulness,16,12106
delta_harmfulness,16,12111
delta_harmfulness,16,12125
delta_harmfulness,16,12267
delta_harmfulness,16,12288
delta_harmfulness,16,12342
delta_harmfulness,16,12418
delta_harmfulness,16,12443
delta_harmfulness,16,12628
delta_harmfulness,16,12672
delta_harmfulness,16,12730
delta_harmfulness,16,12794
delta_harmfulness,16,12849
delta_harmfulness,16,12963
delta_harmfulness,16,13007
delta_harmfulness,16,13075
delta_harmfulness,16,13085
delta_harmfulness,16,13094
delta_harmfulness,16,13157
delta_harmfulness,16,13215
delta_harmfulness,16,13249
delta_harmfulness,16,13346
delta_harmfulness,16,13361
delta_harmfulness,16,13422
delta_harmfulness,16,13441
delta_harmfulness,16,13510
delta_harmfulness,16,13529
delta_harmfulness,16,13607
delta_harmfulness,16,13763
delta_harmfulness,16,13788
delta_harmfulness,16,13893
delta_harmfulness,16,13922
delta_harmfulness,16,13940
delta_harmfulness,16,14073
delta_harmfulness,16,14173
delta_harmfulness,16,14185
delta_harmfulness,16,14219
delta_harmfulness,17,229
delta_harmfulness,17,269
delta_harmfulness,17,349
delta_harmfulness,17,538
delta_harmfulness,17,557
delta_harmfulness,17,581
delta_harmfulness,17,948
delta_harmfulness,17,952
delta_harmfulness,17,1031
delta_harmfulness,17,1195
delta_harmfulness,17,1388
delta_harmfulness,17,1404
delta_harmfulness,17,1469
delta_harmfulness,17,1486
delta_harmfulness,17,1550
delta_harmfulness,17,1580
delta_harmfulness,17,1635
delta_harmfulness,17,1733
delta_harmfulness,17,1753
delta_harmfulness,17,1777
delta_harmfulness,17,1994
delta_harmfulness,17,2120
delta_harmfulness,17,2133
delta_harmfulness,17,2143
delta_harmfulness,17,2169
delta_harmfulness,17,2279
delta_harmfulness,17,2284
delta_harmfulness,17,2293
delta_harmfulness,17,2299
delta_harmfulness,17,2418
delta_harmfulness,17,2686
delta_harmfulness,17,2753
delta_harmfulness,17,2819
delta_harmfulness,17,2892
delta_harmfulness,17,2921
delta_harmfulness,17,2941
delta_harmfulness,17,2959
delta_harmfulness,17,3082
delta_harmfulness,17,3093
delta_harmfulness,17,3267
delta_harmfulness,17,3349
delta_harmfulness,17,3401
delta_harmfulness,17,3487
delta_harmfulness,17,3506
delta_harmfulness,17,3533
delta_harmfulness,17,3539
delta_harmfulness,17,3761
delta_harmfulness,17,3923
delta_harmfulness,17,3954
delta_harmfulness,17,3974
delta_harmfulness,17,4044
delta_harmfulness,17,4134
delta_harmfulness,17,4198
delta_harmfulness,17,4378
delta_harmfulness,17,4476
delta_harmfulness,17,4744
delta_harmfulness,17,4999
delta_harmfulness,17,5073
delta_harmfulness,17,5103
delta_harmfulness,17,5118
delta_harmfulness,17,5119
delta_harmfulness,17,5138
delta_harmfulness,17,5170
delta_harmfulness,17,5191
delta_harmfulness,17,5245
delta_harmfulness,17,5247
delta_harmfulness,17,5354
delta_harmfulness,17,5405
delta_harmfulness,17,5465
delta_harmfulness,17,5470
delta_harmfulness,17,5751
delta_harmfulness,17,5998
delta_harmfulness,17,6037
delta_harmfulness,17,6109
delta_harmfulness,17,6118
delta_harmfulness,17,6182
delta_harmfulness,17,6347
delta_harmfulness,17,6361
delta_harmfulness,17,6398
delta_harmfulness,17,6447
delta_harmfulness,17,6491
delta_harmfulness,17,6859
delta_harmfulness,17,6912
delta_harmfulness,17,6935
delta_harmfulness,17,6964
delta_harmfulness,17,7160
delta_harmfulness,17,7176
delta_harmfulness,17,7275
delta_harmfulness,17,7401
delta_harmfulness,17,7437
delta_harmfulness,17,7477
delta_harmfulness,17,7500
delta_harmfulness,17,7522
delta_harmfulness,17,7593
delta_harmfulness,17,7619
delta_harmfulness,17,7640
delta_harmfulness,17,7718
delta_harmfulness,17,8066
delta_harmfulness,17,8072
delta_harmfulness,17,8098
delta_harmfulness,17,8143
delta_harmfulness,17,8265
delta_harmfulness,17,8273
delta_harmfulness,17,8303
delta_harmfulness,17,8424
delta_harmfulness,17,8695
delta_harmfulness,17,8750
delta_harmfulness,17,8778
delta_harmfulness,17,8821
delta_harmfulness,17,8845
delta_harmfulness,17,8922
delta_harmfulness,17,8931
delta_harmfulness,17,8943
delta_harmfulness,17,8961
delta_harmfulness,17,8999
delta_harmfulness,17,9051
delta_harmfulness,17,9155
delta_harmfulness,17,9164
delta_harmfulness,17,9295
delta_harmfulness,17,9341
delta_harmfulness,17,9387
delta_harmfulness,17,9608
delta_harmfulness,17,9617
delta_harmfulness,17,9750
delta_harmfulness,17,9751
delta_harmfulness,17,9795
delta_harmfulness,17,9805
delta_harmfulness,17,10106
delta_harmfulness,17,10229
delta_harmfulness,17,10408
delta_harmfulness,17,10577
delta_harmfulness,17,10608
delta_harmfulness,17,10762
delta_harmfulness,17,10821
delta_harmfulness,17,10825
delta_harmfulness,17,11165
delta_harmfulness,17,11170
delta_harmfulness,17,11189
delta_harmfulness,17,11196
delta_harmfulness,17,11202
delta_harmfulness,17,11211
delta_harmfulness,17,11243
delta_harmfulness,17,11247
delta_harmfulness,17,11638
delta_harmfulness,17,11833
delta_harmfulness,17,11851
delta_harmfulness,17,11861
delta_harmfulness,17,11983
delta_harmfulness,17,11993
delta_harmfulness,17,12136
delta_harmfulness,17,12231
delta_harmfulness,17,12247
delta_harmfulness,17,12309
delta_harmfulness,17,12447
delta_harmfulness,17,12521
delta_harmfulness,17,12526
delta_harmfulness,17,12562
delta_harmfulness,17,12601
delta_harmfulness,17,12614
delta_harmfulness,17,13012
delta_harmfulness,17,13059
delta_harmfulness,17,13061
delta_harmfulness,17,13088
delta_harmfulness,17,13098
delta_harmfulness,17,13126
delta_harmfulness,17,13150
delta_harmfulness,17,13157
delta_harmfulness,17,13185
delta_harmfulness,17,13190
delta_harmfulness,17,13299
delta_harmfulness,17,13476
delta_harmfulness,17,13480
delta_harmfulness,17,13487
delta_harmfulness,17,13615
delta_harmfulness,17,13760
delta_harmfulness,17,13773
delta_harmfulness,17,13889
delta_harmfulness,17,13903
delta_harmfulness,17,14052
delta_harmfulness,17,14096
delta_harmfulness,17,14174
delta_harmfulness,17,14212
delta_harmfulness,17,14287
delta_harmfulness,18,73
delta_harmfulness,18,123
delta_harmfulness,18,195
delta_harmfulness,18,229
delta_harmfulness,18,358
delta_harmfulness,18,415
delta_harmfulness,18,562
delta_harmfulness,18,675
delta_harmfulness,18,768
delta_harmfulness,18,845
delta_harmfulness,18,922
delta_harmfulness,18,924
delta_harmfulness,18,1143
delta_harmfulness,18,1676
delta_harmfulness,18,1810
delta_harmfulness,18,1906
delta_harmfulness,18,1979
delta_harmfulness,18,2106
delta_harmfulness,18,2266
delta_harmfulness,18,2322
delta_harmfulness,18,2460
delta_harmfulness,18,2614
delta_harmfulness,18,2634
delta_harmfulness,18,2673
delta_harmfulness,18,2772
delta_harmfulness,18,2866
delta_harmfulness,18,3847
delta_harmfulness,18,3875
delta_harmfulness,18,4000
delta_harmfulness,18,4025
delta_harmfulness,18,4037
delta_harmfulness,18,4143
delta_harmfulness,18,4312
delta_harmfulness,18,4350
delta_harmfulness,18,4384
delta_harmfulness,18,4387
delta_harmfulness,18,4515
delta_harmfulness,18,4548
delta_harmfulness,18,4676
delta_harmfulness,18,4855
delta_harmfulness,18,4906
delta_harmfulness,18,5087
delta_harmfulness,18,5222
delta_harmfulness,18,5264
delta_harmfulness,18,5551
delta_harmfulness,18,5951
delta_harmfulness,18,6002
delta_harmfulness,18,6366
delta_harmfulness,18,6457
delta_harmfulness,18,6524
delta_harmfulness,18,6530
delta_harmfulness,18,6570
delta_harmfulness,18,6631
delta_harmfulness,18,6735
delta_harmfulness,18,6739
delta_harmfulness,18,6742
delta_harmfulness,18,7166
delta_harmfulness,18,7713
delta_harmfulness,18,7844
delta_harmfulness,18,7904
delta_harmfulness,18,8160
delta_harmfulness,18,8420
delta_harmfulness,18,8592
delta_harmfulness,18,8706
delta_harmfulness,18,8716
delta_harmfulness,18,8726
delta_harmfulness,18,8890
delta_harmfulness,18,9028
delta_harmfulness,18,9125
delta_harmfulness,18,9419
delta_harmfulness,18,9573
delta_harmfulness,18,9602
delta_harmfulness,18,10123
delta_harmfulness,18,10125
delta_harmfulness,18,10322
delta_harmfulness,18,10403
delta_harmfulness,18,10461
delta_harmfulness,18,10529
delta_harmfulness,18,10585
delta_harmfulness,18,10836
delta_harmfulness,18,10929
delta_harmfulness,18,11101
delta_harmfulness,18,11215
delta_harmfulness,18,11226
delta_harmfulness,18,11468
delta_harmfulness,18,11810
delta_harmfulness,18,11827
delta_harmfulness,18,11903
delta_harmfulness,18,12005
delta_harmfulness,18,12146
delta_harmfulness,18,12244
delta_harmfulness,18,12372
delta_harmfulness,18,12597
delta_harmfulness,18,12631
delta_harmfulness,18,12640
delta_harmfulness,18,12772
delta_harmfulness,18,12804
delta_harmfulness,18,12833
delta_harmfulness,18,12866
delta_harmfulness,18,13213
delta_harmfulness,18,13342
delta_harmfulness,18,13744
delta_harmfulness,18,13763
delta_harmfulness,18,13818
delta_harmfulness,18,13885
delta_harmfulness,18,14111
delta_harmfulness,18,14213
delta_harmfulness,18,14296
delta_harmfulness,19,71
delta_harmfulness,19,287
delta_harmfulness,19,296
delta_harmfulness,19,569
delta_harmfulness,19,613
delta_harmfulness,19,660
delta_harmfulness,19,1035
delta_harmfulness,19,1079
delta_harmfulness,19,1128
delta_harmfulness,19,1160
delta_harmfulness,19,1166
delta_harmfulness,19,1297
delta_harmfulness,19,1332
delta_harmfulness,19,1348
delta_harmfulness,19,1399
delta_harmfulness,19,1656
delta_harmfulness,19,1702
delta_harmfulness,19,1762
delta_harmfulness,19,1763
delta_harmfulness,19,2030
delta_harmfulness,19,2337
delta_harmfulness,19,2358
delta_harmfulness,19,2490
delta_harmfulness,19,2829
delta_harmfulness,19,2870
delta_harmfulness,19,2935
delta_harmfulness,19,2939
delta_harmfulness,19,3009
delta_harmfulness,19,3303
delta_harmfulness,19,3455
delta_harmfulness,19,3931
delta_harmfulness,19,4082
delta_harmfulness,19,4245
delta_harmfulness,19,4295
delta_harmfulness,19,4581
delta_harmfulness,19,4596
delta_harmfulness,19,4617
delta_harmfulness,19,4713
delta_harmfulness,19,4739
delta_harmfulness,19,4865
delta_harmfulness,19,4947
delta_harmfulness,19,5214
delta_harmfulness,19,5247
delta_harmfulness,19,5545
delta_harmfulness,19,5565
delta_harmfulness,19,5579
delta_harmfulness,19,5748
delta_harmfulness,19,6095
delta_harmfulness,19,6097
delta_harmfulness,19,6168
delta_harmfulness,19,6192
delta_harmfulness,19,6216
delta_harmfulness,19,6459
delta_harmfulness,19,6710
delta_harmfulness,19,6739
delta_harmfulness,19,6803
delta_harmfulness,19,7083
delta_harmfulness,19,7308
delta_harmfulness,19,7310
delta_harmfulness,19,7439
delta_harmfulness,19,7528
delta_harmfulness,19,7647
delta_harmfulness,19,7875
delta_harmfulness,19,7918
delta_harmfulness,19,8064
delta_harmfulness,19,8190
delta_harmfulness,19,8345
delta_harmfulness,19,8532
delta_harmfulness,19,8664
delta_harmfulness,19,8693
delta_harmfulness,19,8811
delta_harmfulness,19,8918
delta_harmfulness,19,8952
delta_harmfulness,19,9102
delta_harmfulness,19,9284
delta_harmfulness,19,9289
delta_harmfulness,19,9327
delta_harmfulness,19,9517
delta_harmfulness,19,9590
delta_harmfulness,19,9674
delta_harmfulness,19,9675
delta_harmfulness,19,9770
delta_harmfulness,19,9774
delta_harmfulness,19,9786
delta_harmfulness,19,9875
delta_harmfulness,19,9943
delta_harmfulness,19,10114
delta_harmfulness,19,10348
delta_harmfulness,19,10445
delta_harmfulness,19,10456
delta_harmfulness,19,10660
delta_harmfulness,19,10759
delta_harmfulness,19,10764
delta_harmfulness,19,10883
delta_harmfulness,19,10931
delta_harmfulness,19,10960
delta_harmfulness,19,11137
delta_harmfulness,19,11257
delta_harmfulness,19,11280
delta_harmfulness,19,11501
delta_harmfulness,19,11553
delta_harmfulness,19,11620
delta_harmfulness,19,11723
delta_harmfulness,19,11956
delta_harmfulness,19,11970
delta_harmfulness,19,12072
delta_harmfulness,19,12151
delta_harmfulness,19,12426
delta_harmfulness,19,12529
delta_harmfulness,19,12602
delta_harmfulness,19,12801
delta_harmfulness,19,12805
delta_harmfulness,19,12806
delta_harmfulness,19,12972
delta_harmfulness,19,13021
delta_harmfulness,19,13210
delta_harmfulness,19,13303
delta_harmfulness,19,13380
delta_harmfulness,19,13845
delta_harmfulness,19,14057
delta_harmfulness,20,76
delta_harmfulness,20,569
delta_harmfulness,20,638
delta_harmfulness,20,845
delta_harmfulness,20,894
delta_harmfulness,20,913
delta_harmfulness,20,1299
delta_harmfulness,20,1395
delta_harmfulness,20,1513
delta_harmfulness,20,2367
delta_harmfulness,20,2652
delta_harmfulness,20,2958
delta_harmfulness,20,2982
delta_harmfulness,20,3435
delta_harmfulness,20,3438
delta_harmfulness,20,3579
delta_harmfulness,20,3613
delta_harmfulness,20,3844
delta_harmfulness,20,3917
delta_harmfulness,20,3993
delta_harmfulness,20,4090
delta_harmfulness,20,4226
delta_harmfulness,20,4436
delta_harmfulness,20,4537
delta_harmfulness,20,4689
delta_harmfulness,20,4792
delta_harmfulness,20,4872
delta_harmfulness,20,5237
delta_harmfulness,20,5249
delta_harmfulness,20,5410
delta_harmfulness,20,5771
delta_harmfulness,20,6289
delta_harmfulness,20,6480
delta_harmfulness,20,6605
delta_harmfulness,20,6619
delta_harmfulness,20,6760
delta_harmfulness,20,6840
delta_harmfulness,20,6910
delta_harmfulness,20,6925
delta_harmfulness,20,7058
delta_harmfulness,20,7317
delta_harmfulness,20,7357
delta_harmfulness,20,7453
delta_harmfulness,20,7694
delta_harmfulness,20,7785
delta_harmfulness,20,7977
delta_harmfulness,20,8083
delta_harmfulness,20,8172
delta_harmfulness,20,8256
delta_harmfulness,20,8339
delta_harmfulness,20,8351
delta_harmfulness,20,8590
delta_harmfulness,20,8611
delta_harmfulness,20,8668
delta_harmfulness,20,8683
delta_harmfulness,20,9059
delta_harmfulness,20,9236
delta_harmfulness,20,9238
delta_harmfulness,20,9260
delta_harmfulness,20,9499
delta_harmfulness,20,9623
delta_harmfulness,20,9725
delta_harmfulness,20,9767
delta_harmfulness,20,10013
delta_harmfulness,20,10083
delta_harmfulness,20,10144
delta_harmfulness,20,10186
delta_harmfulness,20,10306
delta_harmfulness,20,10424
delta_harmfulness,20,10546
delta_harmfulness,20,10558
delta_harmfulness,20,10616
delta_harmfulness,20,10695
delta_harmfulness,20,10723
delta_harmfulness,20,10795
delta_harmfulness,20,11097
delta_harmfulness,20,11105
delta_harmfulness,20,11191
delta_harmfulness,20,11259
delta_harmfulness,20,11264
delta_harmfulness,20,11382
delta_harmfulness,20,11673
delta_harmfulness,20,11710
delta_harmfulness,20,11772
delta_harmfulness,20,11857
delta_harmfulness,20,11914
delta_harmfulness,20,11967
delta_harmfulness,20,11985
delta_harmfulness,20,12187
delta_harmfulness,20,12291
delta_harmfulness,20,12590
delta_harmfulness,20,12613
delta_harmfulness,20,12678
delta_harmfulness,20,12986
delta_harmfulness,20,13054
delta_harmfulness,20,13223
delta_harmfulness,20,13554
delta_harmfulness,20,13618
delta_harmfulness,20,13714
delta_harmfulness,20,13875
delta_harmfulness,20,14014
delta_harmfulness,21,23
delta_harmfulness,21,355
delta_harmfulness,21,493
delta_harmfulness,21,1103
delta_harmfulness,21,1162
delta_harmfulness,21,1382
delta_harmfulness,21,1781
delta_harmfulness,21,1832
delta_harmfulness,21,1879
delta_harmfulness,21,2020
delta_harmfulness,21,2515
delta_harmfulness,21,2698
delta_harmfulness,21,2762
delta_harmfulness,21,2832
delta_harmfulness,21,2971
delta_harmfulness,21,3057
delta_harmfulness,21,3500
delta_harmfulness,21,3584
delta_harmfulness,21,3966
delta_harmfulness,21,4049
delta_harmfulness,21,4177
delta_harmfulness,21,4445
delta_harmfulness,21,4638
delta_harmfulness,21,4657
delta_harmfulness,21,4685
delta_harmfulness,21,4759
delta_harmfulness,21,4833
delta_harmfulness,21,4944
delta_harmfulness,21,4971
delta_harmfulness,21,5114
delta_harmfulness,21,5164
delta_harmfulness,21,5212
delta_harmfulness,21,5280
delta_harmfulness,21,5303
delta_harmfulness,21,5310
delta_harmfulness,21,5375
delta_harmfulness,21,5443
delta_harmfulness,21,5514
delta_harmfulness,21,5739
delta_harmfulness,21,5832
delta_harmfulness,21,6096
delta_harmfulness,21,6208
delta_harmfulness,21,6385
delta_harmfulness,21,6408
delta_harmfulness,21,6790
delta_harmfulness,21,6997
delta_harmfulness,21,7049
delta_harmfulness,21,7103
delta_harmfulness,21,7172
delta_harmfulness,21,7191
delta_harmfulness,21,7449
delta_harmfulness,21,7712
delta_harmfulness,21,7770
delta_harmfulness,21,7873
delta_harmfulness,21,7912
delta_harmfulness,21,7935
delta_harmfulness,21,8101
delta_harmfulness,21,8252
delta_harmfulness,21,8356
delta_harmfulness,21,8567
delta_harmfulness,21,8778
delta_harmfulness,21,9295
delta_harmfulness,21,9304
delta_harmfulness,21,9432
delta_harmfulness,21,9433
delta_harmfulness,21,9806
delta_harmfulness,21,9822
delta_harmfulness,21,9911
delta_harmfulness,21,9927
delta_harmfulness,21,10202
delta_harmfulness,21,10214
delta_harmfulness,21,10259
delta_harmfulness,21,10381
delta_harmfulness,21,10437
delta_harmfulness,21,10449
delta_harmfulness,21,10499
delta_harmfulness,21,10997
delta_harmfulness,21,11033
delta_harmfulness,21,11490
delta_harmfulness,21,11605
delta_harmfulness,21,11627
delta_harmfulness,21,11736
delta_harmfulness,21,11770
delta_harmfulness,21,12043
delta_harmfulness,21,12050
delta_harmfulness,21,12314
delta_harmfulness,21,12318
delta_harmfulness,21,12424
delta_harmfulness,21,12683
delta_harmfulness,21,12795
delta_harmfulness,21,13048
delta_harmfulness,21,13063
delta_harmfulness,21,13389
delta_harmfulness,21,13398
delta_harmfulness,21,13489
delta_harmfulness,21,13600
delta_harmfulness,21,14011
delta_harmfulness,21,14053
delta_harmfulness,21,14073
delta_harmfulness,21,14143
delta_harmfulness,21,14162
delta_harmfulness,21,14215
delta_harmfulness,21,14233
delta_harmfulness,21,14245
delta_harmfulness,22,104
delta_harmfulness,22,222
delta_harmfulness,22,321
delta_harmfulness,22,370
delta_harmfulness,22,378
delta_harmfulness,22,824
delta_harmfulness,22,1405
delta_harmfulness,22,1464
delta_harmfulness,22,1507
delta_harmfulness,22,1596
delta_harmfulness,22,1599
delta_harmfulness,22,1861
delta_harmfulness,22,1880
delta_harmfulness,22,2077
delta_harmfulness,22,2181
delta_harmfulness,22,2410
delta_harmfulness,22,3007
delta_harmfulness,22,3167
delta_harmfulness,22,3220
delta_harmfulness,22,3310
delta_harmfulness,22,3936
delta_harmfulness,22,4175
delta_harmfulness,22,4230
delta_harmfulness,22,4382
delta_harmfulness,22,4433
delta_harmfulness,22,4435
delta_harmfulness,22,4662
delta_harmfulness,22,4862
delta_harmfulness,22,4866
delta_harmfulness,22,4964
delta_harmfulness,22,5031
delta_harmfulness,22,5110
delta_harmfulness,22,5177
delta_harmfulness,22,5249
delta_harmfulness,22,5320
delta_harmfulness,22,5412
delta_harmfulness,22,5523
delta_harmfulness,22,5566
delta_harmfulness,22,5664
delta_harmfulness,22,5691
delta_harmfulness,22,5948
delta_harmfulness,22,6211
delta_harmfulness,22,6371
delta_harmfulness,22,6524
delta_harmfulness,22,6667
delta_harmfulness,22,6690
delta_harmfulness,22,6771
delta_harmfulness,22,6897
delta_harmfulness,22,7019
delta_harmfulness,22,7115
delta_harmfulness,22,7324
delta_harmfulness,22,7426
delta_harmfulness,22,7467
delta_harmfulness,22,7684
delta_harmfulness,22,7816
delta_harmfulness,22,7842
delta_harmfulness,22,8296
delta_harmfulness,22,8302
delta_harmfulness,22,8391
delta_harmfulness,22,8507
delta_harmfulness,22,8514
delta_harmfulness,22,8613
delta_harmfulness,22,8831
delta_harmfulness,22,8931
delta_harmfulness,22,9467
delta_harmfulness,22,9569
delta_harmfulness,22,9673
delta_harmfulness,22,9766
delta_harmfulness,22,9843
delta_harmfulness,22,10292
delta_harmfulness,22,10297
delta_harmfulness,22,10310
delta_harmfulness,22,10362
delta_harmfulness,22,10464
delta_harmfulness,22,10536
delta_harmfulness,22,10573
delta_harmfulness,22,10587
delta_harmfulness,22,10777
delta_harmfulness,22,10805
delta_harmfulness,22,10807
delta_harmfulness,22,10929
delta_harmfulness,22,10952
delta_harmfulness,22,10987
delta_harmfulness,22,10995
delta_harmfulness,22,11071
delta_harmfulness,22,11077
delta_harmfulness,22,11223
delta_harmfulness,22,11326
delta_harmfulness,22,11442
delta_harmfulness,22,11546
delta_harmfulness,22,11633
delta_harmfulness,22,11804
delta_harmfulness,22,11884
delta_harmfulness,22,11983
delta_harmfulness,22,12048
delta_harmfulness,22,12288
delta_harmfulness,22,12411
delta_harmfulness,22,12704
delta_harmfulness,22,12805
delta_harmfulness,22,13235
delta_harmfulness,22,13328
delta_harmfulness,22,13444
delta_harmfulness,22,13494
delta_harmfulness,22,13617
delta_harmfulness,22,13734
delta_harmfulness,22,13735
delta_harmfulness,22,13881
delta_harmfulness,22,13935
delta_harmfulness,22,14052
delta_harmfulness,23,115
delta_harmfulness,23,139
delta_harmfulness,23,160
delta_harmfulness,23,185
delta_harmfulness,23,376
delta_harmfulness,23,754
delta_harmfulness,23,901
delta_harmfulness,23,1121
delta_harmfulness,23,1322
delta_harmfulness,23,1406
delta_harmfulness,23,1573
delta_harmfulness,23,1581
delta_harmfulness,23,1596
delta_harmfulness,23,1751
delta_harmfulness,23,1832
delta_harmfulness,23,2116
delta_harmfulness,23,2149
delta_harmfulness,23,2166
delta_harmfulness,23,2259
delta_harmfulness,23,2343
delta_harmfulness,23,2444
delta_harmfulness,23,2565
delta_harmfulness,23,2572
delta_harmfulness,23,2988
delta_harmfulness,23,3029
delta_harmfulness,23,3118
delta_harmfulness,23,3199
delta_harmfulness,23,3341
delta_harmfulness,23,3584
delta_harmfulness,23,3998
delta_harmfulness,23,4141
delta_harmfulness,23,4207
delta_harmfulness,23,4250
delta_harmfulness,23,4363
delta_harmfulness,23,4431
delta_harmfulness,23,4616
delta_harmfulness,23,4620
delta_harmfulness,23,4636
delta_harmfulness,23,4670
delta_harmfulness,23,4774
delta_harmfulness,23,4914
delta_harmfulness,23,5382
delta_harmfulness,23,5473
delta_harmfulness,23,5500
delta_harmfulness,23,5562
delta_harmfulness,23,5605
delta_harmfulness,23,5770
delta_harmfulness,23,5829
delta_harmfulness,23,5868
delta_harmfulness,23,6028
delta_harmfulness,23,6060
delta_harmfulness,23,6337
delta_harmfulness,23,6395
delta_harmfulness,23,6674
delta_harmfulness,23,6710
delta_harmfulness,23,6819
delta_harmfulness,23,6839
delta_harmfulness,23,6891
delta_harmfulness,23,6894
delta_harmfulness,23,6950
delta_harmfulness,23,6997
delta_harmfulness,23,7484
delta_harmfulness,23,7654
delta_harmfulness,23,7689
delta_harmfulness,23,7708
delta_harmfulness,23,7864
delta_harmfulness,23,8417
delta_harmfulness,23,8497
delta_harmfulness,23,8548
delta_harmfulness,23,8581
delta_harmfulness,23,8592
delta_harmfulness,23,8597
delta_harmfulness,23,8747
delta_harmfulness,23,8880
delta_harmfulness,23,9081
delta_harmfulness,23,9140
delta_harmfulness,23,9257
delta_harmfulness,23,9304
delta_harmfulness,23,9416
delta_harmfulness,23,9797
delta_harmfulness,23,9938
delta_harmfulness,23,10010
delta_harmfulness,23,10013
delta_harmfulness,23,10428
delta_harmfulness,23,10440
delta_harmfulness,23,10963
delta_harmfulness,23,11004
delta_harmfulness,23,11112
delta_harmfulness,23,11142
delta_harmfulness,23,11217
delta_harmfulness,23,11396
delta_harmfulness,23,11487
delta_harmfulness,23,11515
delta_harmfulness,23,11555
delta_harmfulness,23,11694
delta_harmfulness,23,11765
delta_harmfulness,23,11948
delta_harmfulness,23,11980
delta_harmfulness,23,12164
delta_harmfulness,23,12217
delta_harmfulness,23,12278
delta_harmfulness,23,12352
delta_harmfulness,23,12361
delta_harmfulness,23,12485
delta_harmfulness,23,12635
delta_harmfulness,23,12676
delta_harmfulness,23,13336
delta_harmfulness,23,13449
delta_harmfulness,23,13573
delta_harmfulness,23,13583
delta_harmfulness,23,13591
delta_harmfulness,23,13712
delta_harmfulness,23,13954
delta_harmfulness,23,14048
delta_harmfulness,23,14153
delta_harmfulness,24,57
delta_harmfulness,24,104
delta_harmfulness,24,202
delta_harmfulness,24,295
delta_harmfulness,24,396
delta_harmfulness,24,481
delta_harmfulness,24,487
delta_harmfulness,24,541
delta_harmfulness,24,583
delta_harmfulness,24,588
delta_harmfulness,24,594
delta_harmfulness,24,630
delta_harmfulness,24,801
delta_harmfulness,24,820
delta_harmfulness,24,900
delta_harmfulness,24,1102
delta_harmfulness,24,1463
delta_harmfulness,24,1638
delta_harmfulness,24,1685
delta_harmfulness,24,1825
delta_harmfulness,24,1878
delta_harmfulness,24,2132
delta_harmfulness,24,2137
delta_harmfulness,24,2163
delta_harmfulness,24,2209
delta_harmfulness,24,2226
delta_harmfulness,24,2326
delta_harmfulness,24,2383
delta_harmfulness,24,2407
delta_harmfulness,24,2547
delta_harmfulness,24,2643
delta_harmfulness,24,2705
delta_harmfulness,24,2788
delta_harmfulness,24,3002
delta_harmfulness,24,3040
delta_harmfulness,24,3413
delta_harmfulness,24,3630
delta_harmfulness,24,3643
delta_harmfulness,24,3644
delta_harmfulness,24,3679
delta_harmfulness,24,3811
delta_harmfulness,24,3933
delta_harmfulness,24,4258
delta_harmfulness,24,4413
delta_harmfulness,24,4668
delta_harmfulness,24,4756
delta_harmfulness,24,4779
delta_harmfulness,24,4901
delta_harmfulness,24,4957
delta_harmfulness,24,5028
delta_harmfulness,24,5092
delta_harmfulness,24,5220
delta_harmfulness,24,5314
delta_harmfulness,24,5326
delta_harmfulness,24,5421
delta_harmfulness,24,5811
delta_harmfulness,24,6029
delta_harmfulness,24,6179
delta_harmfulness,24,6237
delta_harmfulness,24,6280
delta_harmfulness,24,6666
delta_harmfulness,24,7155
delta_harmfulness,24,7240
delta_harmfulness,24,7245
delta_harmfulness,24,7367
delta_harmfulness,24,7491
delta_harmfulness,24,7559
delta_harmfulness,24,7928
delta_harmfulness,24,7956
delta_harmfulness,24,7982
delta_harmfulness,24,8046
delta_harmfulness,24,8090
delta_harmfulness,24,8100
delta_harmfulness,24,8465
delta_harmfulness,24,8531
delta_harmfulness,24,9012
delta_harmfulness,24,9166
delta_harmfulness,24,9240
delta_harmfulness,24,9297
delta_harmfulness,24,9551
delta_harmfulness,24,9648
delta_harmfulness,24,9947
delta_harmfulness,24,9978
delta_harmfulness,24,10216
delta_harmfulness,24,10245
delta_harmfulness,24,10249
delta_harmfulness,24,10327
delta_harmfulness,24,10370
delta_harmfulness,24,10491
delta_harmfulness,24,10772
delta_harmfulness,24,10921
delta_harmfulness,24,11058
delta_harmfulness,24,11096
delta_harmfulness,24,11150
delta_harmfulness,24,11303
delta_harmfulness,24,11474
delta_harmfulness,24,11645
delta_harmfulness,24,11658
delta_harmfulness,24,11673
delta_harmfulness,24,11884
delta_harmfulness,24,11991
delta_harmfulness,24,12012
delta_harmfulness,24,12323
delta_harmfulness,24,12334
delta_harmfulness,24,12477
delta_harmfulness,24,12633
delta_harmfulness,24,12744
delta_harmfulness,24,12856
delta_harmfulness,24,12975
delta_harmfulness,24,13777
delta_harmfulness,24,13870
delta_harmfulness,24,13916
delta_harmfulness,24,14084
delta_harmfulness,25,230
delta_harmfulness,25,271
delta_harmfulness,25,340
delta_harmfulness,25,560
delta_harmfulness,25,650
delta_harmfulness,25,819
delta_harmfulness,25,957
delta_harmfulness,25,978
delta_harmfulness,25,1003
delta_harmfulness,25,1175
delta_harmfulness,25,1194
delta_harmfulness,25,1237
delta_harmfulness,25,1342
delta_harmfulness,25,1500
delta_harmfulness,25,1684
delta_harmfulness,25,1877
delta_harmfulness,25,1938
delta_harmfulness,25,1948
delta_harmfulness,25,2134
delta_harmfulness,25,2226
delta_harmfulness,25,2227
delta_harmfulness,25,2282
delta_harmfulness,25,2355
delta_harmfulness,25,2436
delta_harmfulness,25,2815
delta_harmfulness,25,2841
delta_harmfulness,25,2851
delta_harmfulness,25,3072
delta_harmfulness,25,3460
delta_harmfulness,25,3634
delta_harmfulness,25,3814
delta_harmfulness,25,3999
delta_harmfulness,25,4341
delta_harmfulness,25,4370
delta_harmfulness,25,4515
delta_harmfulness,25,4628
delta_harmfulness,25,4753
delta_harmfulness,25,4776
delta_harmfulness,25,4853
delta_harmfulness,25,4888
delta_harmfulness,25,4969
delta_harmfulness,25,5077
delta_harmfulness,25,5183
delta_harmfulness,25,5297
delta_harmfulness,25,5495
delta_harmfulness,25,5503
delta_harmfulness,25,5511
delta_harmfulness,25,5623
delta_harmfulness,25,5754
delta_harmfulness,25,5821
delta_harmfulness,25,5871
delta_harmfulness,25,5927
delta_harmfulness,25,5972
delta_harmfulness,25,6197
delta_harmfulness,25,6384
delta_harmfulness,25,6434
delta_harmfulness,25,6511
delta_harmfulness,25,6786
delta_harmfulness,25,6892
delta_harmfulness,25,7002
delta_harmfulness,25,7018
delta_harmfulness,25,7076
delta_harmfulness,25,7217
delta_harmfulness,25,7222
delta_harmfulness,25,7282
delta_harmfulness,25,7496
delta_harmfulness,25,7526
delta_harmfulness,25,7611
delta_harmfulness,25,7643
delta_harmfulness,25,7717
delta_harmfulness,25,7783
delta_harmfulness,25,7911
delta_harmfulness,25,8037
delta_harmfulness,25,8042
delta_harmfulness,25,8158
delta_harmfulness,25,8171
delta_harmfulness,25,8469
delta_harmfulness,25,8481
delta_harmfulness,25,8728
delta_harmfulness,25,8909
delta_harmfulness,25,9220
delta_harmfulness,25,9365
delta_harmfulness,25,9461
delta_harmfulness,25,9594
delta_harmfulness,25,9659
delta_harmfulness,25,9736
delta_harmfulness,25,9927
delta_harmfulness,25,10006
delta_harmfulness,25,10021
delta_harmfulness,25,10120
delta_harmfulness,25,10187
delta_harmfulness,25,10251
delta_harmfulness,25,10335
delta_harmfulness,25,10375
delta_harmfulness,25,10384
delta_harmfulness,25,10435
delta_harmfulness,25,10687
delta_harmfulness,25,10689
delta_harmfulness,25,10968
delta_harmfulness,25,11010
delta_harmfulness,25,11089
delta_harmfulness,25,11206
delta_harmfulness,25,11235
delta_harmfulness,25,11267
delta_harmfulness,25,11313
delta_harmfulness,25,11574
delta_harmfulness,25,11584
delta_harmfulness,25,11622
delta_harmfulness,25,11777
delta_harmfulness,25,11941
delta_harmfulness,25,11947
delta_harmfulness,25,11955
delta_harmfulness,25,12079
delta_harmfulness,25,12155
delta_harmfulness,25,12177
delta_harmfulness,25,12187
delta_harmfulness,25,12251
delta_harmfulness,25,12308
delta_harmfulness,25,12405
delta_harmfulness,25,12458
delta_harmfulness,25,12753
delta_harmfulness,25,12813
delta_harmfulness,25,12837
delta_harmfulness,25,12932
delta_harmfulness,25,12939
delta_harmfulness,25,13023
delta_harmfulness,25,13062
delta_harmfulness,25,13344
delta_harmfulness,25,13361
delta_harmfulness,25,13397
delta_harmfulness,25,13508
delta_harmfulness,25,13549
delta_harmfulness,25,13628
delta_harmfulness,25,13652
delta_harmfulness,25,13673
delta_harmfulness,25,13758
delta_harmfulness,25,13795
delta_harmfulness,25,14180
delta_harmfulness,25,14278
delta_harmfulness,26,44
delta_harmfulness,26,202
delta_harmfulness,26,209
delta_harmfulness,26,257
delta_harmfulness,26,315
delta_harmfulness,26,451
delta_harmfulness,26,462
delta_harmfulness,26,592
delta_harmfulness,26,692
delta_harmfulness,26,1065
delta_harmfulness,26,1074
delta_harmfulness,26,1076
delta_harmfulness,26,1254
delta_harmfulness,26,1268
delta_harmfulness,26,1390
delta_harmfulness,26,1396
delta_harmfulness,26,1481
delta_harmfulness,26,1548
delta_harmfulness,26,1664
delta_harmfulness,26,1802
delta_harmfulness,26,1825
delta_harmfulness,26,1853
delta_harmfulness,26,1875
delta_harmfulness,26,1907
delta_harmfulness,26,1914
delta_harmfulness,26,1926
delta_harmfulness,26,1950
delta_harmfulness,26,1957
delta_harmfulness,26,1987
delta_harmfulness,26,2066
delta_harmfulness,26,2089
delta_harmfulness,26,2133
delta_harmfulness,26,2195
delta_harmfulness,26,2776
delta_harmfulness,26,2875
delta_harmfulness,26,3008
delta_harmfulness,26,3055
delta_harmfulness,26,3078
delta_harmfulness,26,3213
delta_harmfulness,26,3218
delta_harmfulness,26,3326
delta_harmfulness,26,3456
delta_harmfulness,26,3465
delta_harmfulness,26,3474
delta_harmfulness,26,3494
delta_harmfulness,26,3557
delta_harmfulness,26,3702
delta_harmfulness,26,3728
delta_harmfulness,26,3752
delta_harmfulness,26,3775
delta_harmfulness,26,3828
delta_harmfulness,26,3956
delta_harmfulness,26,3998
delta_harmfulness,26,4075
delta_harmfulness,26,4081
delta_harmfulness,26,4306
delta_harmfulness,26,4440
delta_harmfulness,26,4704
delta_harmfulness,26,4760
delta_harmfulness,26,4863
delta_harmfulness,26,5062
delta_harmfulness,26,5067
delta_harmfulness,26,5198
delta_harmfulness,26,5295
delta_harmfulness,26,5481
delta_harmfulness,26,5487
delta_harmfulness,26,5564
delta_harmfulness,26,5631
delta_harmfulness,26,5666
delta_harmfulness,26,5673
delta_harmfulness,26,5697
delta_harmfulness,26,5805
delta_harmfulness,26,5916
delta_harmfulness,26,6070
delta_harmfulness,26,6085
delta_harmfulness,26,6134
delta_harmfulness,26,6259
delta_harmfulness,26,6423
delta_harmfulness,26,6438
delta_harmfulness,26,6444
delta_harmfulness,26,6479
delta_harmfulness,26,6539
delta_harmfulness,26,6567
delta_harmfulness,26,6602
delta_harmfulness,26,6769
delta_harmfulness,26,6820
delta_harmfulness,26,6867
delta_harmfulness,26,6880
delta_harmfulness,26,7014
delta_harmfulness,26,7025
delta_harmfulness,26,7072
delta_harmfulness,26,7092
delta_harmfulness,26,7115
delta_harmfulness,26,7148
delta_harmfulness,26,7189
delta_harmfulness,26,7251
delta_harmfulness,26,7272
delta_harmfulness,26,7447
delta_harmfulness,26,7482
delta_harmfulness,26,7609
delta_harmfulness,26,7729
delta_harmfulness,26,7854
delta_harmfulness,26,7919
delta_harmfulness,26,7921
delta_harmfulness,26,8035
delta_harmfulness,26,8107
delta_harmfulness,26,8156
delta_harmfulness,26,8253
delta_harmfulness,26,8300
delta_harmfulness,26,8592
delta_harmfulness,26,8627
delta_harmfulness,26,8661
delta_harmfulness,26,8670
delta_harmfulness,26,8704
delta_harmfulness,26,8773
delta_harmfulness,26,8788
delta_harmfulness,26,8805
delta_harmfulness,26,8842
delta_harmfulness,26,8935
delta_harmfulness,26,9073
delta_harmfulness,26,9091
delta_harmfulness,26,9202
delta_harmfulness,26,9288
delta_harmfulness,26,9485
delta_harmfulness,26,9539
delta_harmfulness,26,9548
delta_harmfulness,26,9695
delta_harmfulness,26,9751
delta_harmfulness,26,9783
delta_harmfulness,26,9873
delta_harmfulness,26,9891
delta_harmfulness,26,9943
delta_harmfulness,26,10015
delta_harmfulness,26,10071
delta_harmfulness,26,10082
delta_harmfulness,26,10257
delta_harmfulness,26,10272
delta_harmfulness,26,10285
delta_harmfulness,26,10406
delta_harmfulness,26,10487
delta_harmfulness,26,10596
delta_harmfulness,26,10609
delta_harmfulness,26,10622
delta_harmfulness,26,10628
delta_harmfulness,26,10811
delta_harmfulness,26,11011
delta_harmfulness,26,11129
delta_harmfulness,26,11267
delta_harmfulness,26,11279
delta_harmfulness,26,11311
delta_harmfulness,26,11344
delta_harmfulness,26,11370
delta_harmfulness,26,11512
delta_harmfulness,26,11527
delta_harmfulness,26,11536
delta_harmfulness,26,11731
delta_harmfulness,26,11779
delta_harmfulness,26,11781
delta_harmfulness,26,11792
delta_harmfulness,26,11855
delta_harmfulness,26,11862
delta_harmfulness,26,11999
delta_harmfulness,26,12113
delta_harmfulness,26,12228
delta_harmfulness,26,12248
delta_harmfulness,26,12279
delta_harmfulness,26,12376
delta_harmfulness,26,12422
delta_harmfulness,26,12532
delta_harmfulness,26,12564
delta_harmfulness,26,12611
delta_harmfulness,26,12772
delta_harmfulness,26,12807
delta_harmfulness,26,12888
delta_harmfulness,26,12937
delta_harmfulness,26,12964
delta_harmfulness,26,13043
delta_harmfulness,26,13139
delta_harmfulness,26,13195
delta_harmfulness,26,13223
delta_harmfulness,26,13267
delta_harmfulness,26,13290
delta_harmfulness,26,13419
delta_harmfulness,26,13542
delta_harmfulness,26,13613
delta_harmfulness,26,13716
delta_harmfulness,26,13795
delta_harmfulness,26,13831
delta_harmfulness,26,13858
delta_harmfulness,26,13956
delta_harmfulness,26,13979
delta_harmfulness,26,13992
delta_harmfulness,26,14065
delta_harmfulness,26,14100
delta_harmfulness,27,0
delta_harmfulness,27,35
delta_harmfulness,27,63
delta_harmfulness,27,70
delta_harmfulness,27,161
delta_harmfulness,27,175
delta_harmfulness,27,260
delta_harmfulness,27,334
delta_harmfulness,27,358
delta_harmfulness,27,391
delta_harmfulness,27,414
delta_harmfulness,27,445
delta_harmfulness,27,480
delta_harmfulness,27,568
delta_harmfulness,27,579
delta_harmfulness,27,588
delta_harmfulness,27,609
delta_harmfulness,27,674
delta_harmfulness,27,702
delta_harmfulness,27,779
delta_harmfulness,27,808
delta_harmfulness,27,901
delta_harmfulness,27,933
delta_harmfulness,27,967
delta_harmfulness,27,997
delta_harmfulness,27,1028
delta_harmfulness,27,1040
delta_harmfulness,27,1199
delta_harmfulness,27,1253
delta_harmfulness,27,1294
delta_harmfulness,27,1316
delta_harmfulness,27,1337
delta_harmfulness,27,1355
delta_harmfulness,27,1380
delta_harmfulness,27,1439
delta_harmfulness,27,1449
delta_harmfulness,27,1474
delta_harmfulness,27,1562
delta_harmfulness,27,1569
delta_harmfulness,27,1583
delta_harmfulness,27,1721
delta_harmfulness,27,1793
delta_harmfulness,27,1851
delta_harmfulness,27,1965
delta_harmfulness,27,1971
delta_harmfulness,27,2143
delta_harmfulness,27,2170
delta_harmfulness,27,2176
delta_harmfulness,27,2297
delta_harmfulness,27,2328
delta_harmfulness,27,2343
delta_harmfulness,27,2354
delta_harmfulness,27,2362
delta_harmfulness,27,2488
delta_harmfulness,27,2533
delta_harmfulness,27,2651
delta_harmfulness,27,2660
delta_harmfulness,27,2974
delta_harmfulness,27,3082
delta_harmfulness,27,3083
delta_harmfulness,27,3097
delta_harmfulness,27,3098
delta_harmfulness,27,3101
delta_harmfulness,27,3129
delta_harmfulness,27,3217
delta_harmfulness,27,3218
delta_harmfulness,27,3229
delta_harmfulness,27,3231
delta_harmfulness,27,3318
delta_harmfulness,27,3359
delta_harmfulness,27,3483
delta_harmfulness,27,3529
delta_harmfulness,27,3567
delta_harmfulness,27,3574
delta_harmfulness,27,3653
delta_harmfulness,27,3687
delta_harmfulness,27,3706
delta_harmfulness,27,3960
delta_harmfulness,27,4002
delta_harmfulness,27,4091
delta_harmfulness,27,4110
delta_harmfulness,27,4111
delta_harmfulness,27,4141
delta_harmfulness,27,4321
delta_harmfulness,27,4462
delta_harmfulness,27,4672
delta_harmfulness,27,4735
delta_harmfulness,27,4757
delta_harmfulness,27,4859
delta_harmfulness,27,4862
delta_harmfulness,27,4919
delta_harmfulness,27,4968
delta_harmfulness,27,5096
delta_harmfulness,27,5116
delta_harmfulness,27,5147
delta_harmfulness,27,5179
delta_harmfulness,27,5276
delta_harmfulness,27,5315
delta_harmfulness,27,5406
delta_harmfulness,27,5439
delta_harmfulness,27,5451
delta_harmfulness,27,5693
delta_harmfulness,27,5736
delta_harmfulness,27,5835
delta_harmfulness,27,6006
delta_harmfulness,27,6009
delta_harmfulness,27,6015
delta_harmfulness,27,6070
delta_harmfulness,27,6103
delta_harmfulness,27,6196
delta_harmfulness,27,6431
delta_harmfulness,27,6450
delta_harmfulness,27,6503
delta_harmfulness,27,6510
delta_harmfulness,27,6519
delta_harmfulness,27,6542
delta_harmfulness,27,6556
delta_harmfulness,27,6575
delta_harmfulness,27,6581
delta_harmfulness,27,6592
delta_harmfulness,27,6594
delta_harmfulness,27,6683
delta_harmfulness,27,6795
delta_harmfulness,27,6878
delta_harmfulness,27,6935
delta_harmfulness,27,6988
delta_harmfulness,27,6991
delta_harmfulness,27,7015
delta_harmfulness,27,7090
delta_harmfulness,27,7115
delta_harmfulness,27,7128
delta_harmfulness,27,7197
delta_harmfulness,27,7201
delta_harmfulness,27,7224
delta_harmfulness,27,7334
delta_harmfulness,27,7378
delta_harmfulness,27,7423
delta_harmfulness,27,7443
delta_harmfulness,27,7470
delta_harmfulness,27,7505
delta_harmfulness,27,7596
delta_harmfulness,27,7597
delta_harmfulness,27,7645
delta_harmfulness,27,7669
delta_harmfulness,27,7694
delta_harmfulness,27,7784
delta_harmfulness,27,7864
delta_harmfulness,27,7874
delta_harmfulness,27,7902
delta_harmfulness,27,8025
delta_harmfulness,27,8065
delta_harmfulness,27,8140
delta_harmfulness,27,8301
delta_harmfulness,27,8331
delta_harmfulness,27,8434
delta_harmfulness,27,8435
delta_harmfulness,27,8442
delta_harmfulness,27,8447
delta_harmfulness,27,8573
delta_harmfulness,27,8581
delta_harmfulness,27,8614
delta_harmfulness,27,8728
delta_harmfulness,27,8738
delta_harmfulness,27,8763
delta_harmfulness,27,8777
delta_harmfulness,27,8922
delta_harmfulness,27,9089
delta_harmfulness,27,9148
delta_harmfulness,27,9161
delta_harmfulness,27,9176
delta_harmfulness,27,9237
delta_harmfulness,27,9251
delta_harmfulness,27,9267
delta_harmfulness,27,9272
delta_harmfulness,27,9349
delta_harmfulness,27,9359
delta_harmfulness,27,9369
delta_harmfulness,27,9439
delta_harmfulness,27,9467
delta_harmfulness,27,9497
delta_harmfulness,27,9546
delta_harmfulness,27,9590
delta_harmfulness,27,9611
delta_harmfulness,27,9669
delta_harmfulness,27,9670
delta_harmfulness,27,9791
delta_harmfulness,27,9821
delta_harmfulness,27,9831
delta_harmfulness,27,9862
delta_harmfulness,27,9904
delta_harmfulness,27,10010
delta_harmfulness,27,10102
delta_harmfulness,27,10151
delta_harmfulness,27,10244
delta_harmfulness,27,10260
delta_harmfulness,27,10273
delta_harmfulness,27,10299
delta_harmfulness,27,10385
delta_harmfulness,27,10494
delta_harmfulness,27,10502
delta_harmfulness,27,10512
delta_harmfulness,27,10629
delta_harmfulness,27,10693
delta_harmfulness,27,10726
delta_harmfulness,27,10817
delta_harmfulness,27,10829
delta_harmfulness,27,10854
delta_harmfulness,27,10873
delta_harmfulness,27,10876
delta_harmfulness,27,10891
delta_harmfulness,27,10918
delta_harmfulness,27,11037
delta_harmfulness,27,11075
delta_harmfulness,27,11076
delta_harmfulness,27,11291
delta_harmfulness,27,11298
delta_harmfulness,27,11329
delta_harmfulness,27,11330
delta_harmfulness,27,11340
delta_harmfulness,27,11430
delta_harmfulness,27,11469
delta_harmfulness,27,11478
delta_harmfulness,27,11497
delta_harmfulness,27,11539
delta_harmfulness,27,11577
delta_harmfulness,27,11661
delta_harmfulness,27,11691
delta_harmfulness,27,11775
delta_harmfulness,27,11803
delta_harmfulness,27,11829
delta_harmfulness,27,11877
delta_harmfulness,27,11932
delta_harmfulness,27,11972
delta_harmfulness,27,11979
delta_harmfulness,27,11991
delta_harmfulness,27,11993
delta_harmfulness,27,12006
delta_harmfulness,27,12019
delta_harmfulness,27,12026
delta_harmfulness,27,12034
delta_harmfulness,27,12047
delta_harmfulness,27,12089
delta_harmfulness,27,12173
delta_harmfulness,27,12240
delta_harmfulness,27,12311
delta_harmfulness,27,12319
delta_harmfulness,27,12329
delta_harmfulness,27,12367
delta_harmfulness,27,12452
delta_harmfulness,27,12500
delta_harmfulness,27,12505
delta_harmfulness,27,12536
delta_harmfulness,27,12582
delta_harmfulness,27,12584
delta_harmfulness,27,12606
delta_harmfulness,27,12653
delta_harmfulness,27,12660
delta_harmfulness,27,12737
delta_harmfulness,27,12792
delta_harmfulness,27,12807
delta_harmfulness,27,12833
delta_harmfulness,27,12853
delta_harmfulness,27,12865
delta_harmfulness,27,12902
delta_harmfulness,27,12955
delta_harmfulness,27,13013
delta_harmfulness,27,13104
delta_harmfulness,27,13135
delta_harmfulness,27,13165
delta_harmfulness,27,13299
delta_harmfulness,27,13333
delta_harmfulness,27,13387
delta_harmfulness,27,13446
delta_harmfulness,27,13451
delta_harmfulness,27,13466
delta_harmfulness,27,13600
delta_harmfulness,27,13710
delta_harmfulness,27,13857
delta_harmfulness,27,13905
delta_harmfulness,27,13988
delta_harmfulness,27,13992
delta_harmfulness,27,14069
delta_harmfulness,27,14143
delta_harmfulness,27,14219
delta_harmfulness,27,14251
delta_harmfulness,27,14255
delta_harmfulness,27,14264
delta_harmfulness,27,14308
delta_harmfulness,27,14330
delta_harmfulness,28,31
delta_harmfulness,28,156
delta_harmfulness,28,167
delta_harmfulness,28,176
delta_harmfulness,28,211
delta_harmfulness,28,241
delta_harmfulness,28,339
delta_harmfulness,28,394
delta_harmfulness,28,447
delta_harmfulness,28,481
delta_harmfulness,28,482
delta_harmfulness,28,558
delta_harmfulness,28,577
delta_harmfulness,28,595
delta_harmfulness,28,596
delta_harmfulness,28,623
delta_harmfulness,28,643
delta_harmfulness,28,664
delta_harmfulness,28,738
delta_harmfulness,28,739
delta_harmfulness,28,762
delta_harmfulness,28,781
delta_harmfulness,28,831
delta_harmfulness,28,859
delta_harmfulness,28,916
delta_harmfulness,28,936
delta_harmfulness,28,985
delta_harmfulness,28,1021
delta_harmfulness,28,1030
delta_harmfulness,28,1035
delta_harmfulness,28,1039
delta_harmfulness,28,1043
delta_harmfulness,28,1077
delta_harmfulness,28,1118
delta_harmfulness,28,1124
delta_harmfulness,28,1234
delta_harmfulness,28,1300
delta_harmfulness,28,1348
delta_harmfulness,28,1401
delta_harmfulness,28,1482
delta_harmfulness,28,1488
delta_harmfulness,28,1588
delta_harmfulness,28,1622
delta_harmfulness,28,1634
delta_harmfulness,28,1648
delta_harmfulness,28,1677
delta_harmfulness,28,1735
delta_harmfulness,28,1736
delta_harmfulness,28,1763
delta_harmfulness,28,1782
delta_harmfulness,28,1793
delta_harmfulness,28,1827
delta_harmfulness,28,1881
delta_harmfulness,28,1882
delta_harmfulness,28,1890
delta_harmfulness,28,1892
delta_harmfulness,28,2061
delta_harmfulness,28,2069
delta_harmfulness,28,2116
delta_harmfulness,28,2248
delta_harmfulness,28,2258
delta_harmfulness,28,2359
delta_harmfulness,28,2366
delta_harmfulness,28,2446
delta_harmfulness,28,2450
delta_harmfulness,28,2464
delta_harmfulness,28,2532
delta_harmfulness,28,2550
delta_harmfulness,28,2570
delta_harmfulness,28,2582
delta_harmfulness,28,2625
delta_harmfulness,28,2635
delta_harmfulness,28,2640
delta_harmfulness,28,2648
delta_harmfulness,28,2679
delta_harmfulness,28,2709
delta_harmfulness,28,2744
delta_harmfulness,28,2765
delta_harmfulness,28,2807
delta_harmfulness,28,2901
delta_harmfulness,28,2953
delta_harmfulness,28,2976
delta_harmfulness,28,2979
delta_harmfulness,28,3062
delta_harmfulness,28,3170
delta_harmfulness,28,3208
delta_harmfulness,28,3277
delta_harmfulness,28,3279
delta_harmfulness,28,3343
delta_harmfulness,28,3381
delta_harmfulness,28,3424
delta_harmfulness,28,3436
delta_harmfulness,28,3499
delta_harmfulness,28,3505
delta_harmfulness,28,3574
delta_harmfulness,28,3577
delta_harmfulness,28,3632
delta_harmfulness,28,3697
delta_harmfulness,28,3700
delta_harmfulness,28,3749
delta_harmfulness,28,3819
delta_harmfulness,28,3843
delta_harmfulness,28,3902
delta_harmfulness,28,4013
delta_harmfulness,28,4074
delta_harmfulness,28,4100
delta_harmfulness,28,4244
delta_harmfulness,28,4283
delta_harmfulness,28,4296
delta_harmfulness,28,4329
delta_harmfulness,28,4336
delta_harmfulness,28,4358
delta_harmfulness,28,4360
delta_harmfulness,28,4373
delta_harmfulness,28,4425
delta_harmfulness,28,4489
delta_harmfulness,28,4533
delta_harmfulness,28,4600
delta_harmfulness,28,4626
delta_harmfulness,28,4664
delta_harmfulness,28,4672
delta_harmfulness,28,4682
delta_harmfulness,28,4707
delta_harmfulness,28,4823
delta_harmfulness,28,4876
delta_harmfulness,28,4913
delta_harmfulness,28,4938
delta_harmfulness,28,4999
delta_harmfulness,28,5019
delta_harmfulness,28,5058
delta_harmfulness,28,5085
delta_harmfulness,28,5190
delta_harmfulness,28,5198
delta_harmfulness,28,5216
delta_harmfulness,28,5220
delta_harmfulness,28,5268
delta_harmfulness,28,5336
delta_harmfulness,28,5337
delta_harmfulness,28,5387
delta_harmfulness,28,5448
delta_harmfulness,28,5459
delta_harmfulness,28,5514
delta_harmfulness,28,5540
delta_harmfulness,28,5595
delta_harmfulness,28,5629
delta_harmfulness,28,5633
delta_harmfulness,28,5679
delta_harmfulness,28,5732
delta_harmfulness,28,5741
delta_harmfulness,28,5754
delta_harmfulness,28,5770
delta_harmfulness,28,5811
delta_harmfulness,28,5882
delta_harmfulness,28,5904
delta_harmfulness,28,5934
delta_harmfulness,28,5949
delta_harmfulness,28,5979
delta_harmfulness,28,6033
delta_harmfulness,28,6075
delta_harmfulness,28,6119
delta_harmfulness,28,6129
delta_harmfulness,28,6170
delta_harmfulness,28,6186
delta_harmfulness,28,6199
delta_harmfulness,28,6232
delta_harmfulness,28,6259
delta_harmfulness,28,6281
delta_harmfulness,28,6287
delta_harmfulness,28,6313
delta_harmfulness,28,6372
delta_harmfulness,28,6378
delta_harmfulness,28,6420
delta_harmfulness,28,6453
delta_harmfulness,28,6506
delta_harmfulness,28,6523
delta_harmfulness,28,6591
delta_harmfulness,28,6635
delta_harmfulness,28,6638
delta_harmfulness,28,6655
delta_harmfulness,28,6665
delta_harmfulness,28,6670
delta_harmfulness,28,6692
delta_harmfulness,28,6701
delta_harmfulness,28,6721
delta_harmfulness,28,6743
delta_harmfulness,28,6745
delta_harmfulness,28,6749
delta_harmfulness,28,6778
delta_harmfulness,28,6829
delta_harmfulness,28,6884
delta_harmfulness,28,6933
delta_harmfulness,28,6962
delta_harmfulness,28,6989
delta_harmfulness,28,6992
delta_harmfulness,28,7336
delta_harmfulness,28,7341
delta_harmfulness,28,7348
delta_harmfulness,28,7385
delta_harmfulness,28,7509
delta_harmfulness,28,7517
delta_harmfulness,28,7547
delta_harmfulness,28,7606
delta_harmfulness,28,7615
delta_harmfulness,28,7648
delta_harmfulness,28,7668
delta_harmfulness,28,7669
delta_harmfulness,28,7679
delta_harmfulness,28,7707
delta_harmfulness,28,7754
delta_harmfulness,28,7804
delta_harmfulness,28,7837
delta_harmfulness,28,7839
delta_harmfulness,28,7890
delta_harmfulness,28,7903
delta_harmfulness,28,7913
delta_harmfulness,28,7968
delta_harmfulness,28,8012
delta_harmfulness,28,8052
delta_harmfulness,28,8119
delta_harmfulness,28,8125
delta_harmfulness,28,8131
delta_harmfulness,28,8227
delta_harmfulness,28,8236
delta_harmfulness,28,8265
delta_harmfulness,28,8268
delta_harmfulness,28,8305
delta_harmfulness,28,8334
delta_harmfulness,28,8364
delta_harmfulness,28,8382
delta_harmfulness,28,8417
delta_harmfulness,28,8449
delta_harmfulness,28,8460
delta_harmfulness,28,8470
delta_harmfulness,28,8500
delta_harmfulness,28,8579
delta_harmfulness,28,8589
delta_harmfulness,28,8616
delta_harmfulness,28,8643
delta_harmfulness,28,8656
delta_harmfulness,28,8683
delta_harmfulness,28,8733
delta_harmfulness,28,8779
delta_harmfulness,28,8787
delta_harmfulness,28,8801
delta_harmfulness,28,8803
delta_harmfulness,28,8833
delta_harmfulness,28,8899
delta_harmfulness,28,8911
delta_harmfulness,28,8928
delta_harmfulness,28,8977
delta_harmfulness,28,8979
delta_harmfulness,28,8986
delta_harmfulness,28,9068
delta_harmfulness,28,9085
delta_harmfulness,28,9095
delta_harmfulness,28,9158
delta_harmfulness,28,9237
delta_harmfulness,28,9246
delta_harmfulness,28,9248
delta_harmfulness,28,9261
delta_harmfulness,28,9263
delta_harmfulness,28,9354
delta_harmfulness,28,9384
delta_harmfulness,28,9462
delta_harmfulness,28,9468
delta_harmfulness,28,9485
delta_harmfulness,28,9503
delta_harmfulness,28,9536
delta_harmfulness,28,9539
delta_harmfulness,28,9588
delta_harmfulness,28,9644
delta_harmfulness,28,9687
delta_harmfulness,28,9771
delta_harmfulness,28,9892
delta_harmfulness,28,9928
delta_harmfulness,28,9988
delta_harmfulness,28,9993
delta_harmfulness,28,10047
delta_harmfulness,28,10066
delta_harmfulness,28,10069
delta_harmfulness,28,10126
delta_harmfulness,28,10127
delta_harmfulness,28,10210
delta_harmfulness,28,10222
delta_harmfulness,28,10371
delta_harmfulness,28,10376
delta_harmfulness,28,10408
delta_harmfulness,28,10468
delta_harmfulness,28,10470
delta_harmfulness,28,10537
delta_harmfulness,28,10552
delta_harmfulness,28,10558
delta_harmfulness,28,10575
delta_harmfulness,28,10580
delta_harmfulness,28,10747
delta_harmfulness,28,10843
delta_harmfulness,28,10867
delta_harmfulness,28,10926
delta_harmfulness,28,10931
delta_harmfulness,28,10936
delta_harmfulness,28,10957
delta_harmfulness,28,10975
delta_harmfulness,28,11007
delta_harmfulness,28,11060
delta_harmfulness,28,11067
delta_harmfulness,28,11075
delta_harmfulness,28,11105
delta_harmfulness,28,11127
delta_harmfulness,28,11141
delta_harmfulness,28,11163
delta_harmfulness,28,11165
delta_harmfulness,28,11178
delta_harmfulness,28,11187
delta_harmfulness,28,11241
delta_harmfulness,28,11293
delta_harmfulness,28,11312
delta_harmfulness,28,11328
delta_harmfulness,28,11334
delta_harmfulness,28,11339
delta_harmfulness,28,11387
delta_harmfulness,28,11411
delta_harmfulness,28,11441
delta_harmfulness,28,11478
delta_harmfulness,28,11567
delta_harmfulness,28,11577
delta_harmfulness,28,11594
delta_harmfulness,28,11628
delta_harmfulness,28,11633
delta_harmfulness,28,11647
delta_harmfulness,28,11657
delta_harmfulness,28,11693
delta_harmfulness,28,11702
delta_harmfulness,28,11722
delta_harmfulness,28,11795
delta_harmfulness,28,11824
delta_harmfulness,28,11833
delta_harmfulness,28,11851
delta_harmfulness,28,11871
delta_harmfulness,28,11915
delta_harmfulness,28,11921
delta_harmfulness,28,11964
delta_harmfulness,28,11986
delta_harmfulness,28,11992
delta_harmfulness,28,11996
delta_harmfulness,28,12003
delta_harmfulness,28,12030
delta_harmfulness,28,12074
delta_harmfulness,28,12113
delta_harmfulness,28,12117
delta_harmfulness,28,12167
delta_harmfulness,28,12231
delta_harmfulness,28,12253
delta_harmfulness,28,12288
delta_harmfulness,28,12291
delta_harmfulness,28,12296
delta_harmfulness,28,12317
delta_harmfulness,28,12320
delta_harmfulness,28,12346
delta_harmfulness,28,12441
delta_harmfulness,28,12476
delta_harmfulness,28,12493
delta_harmfulness,28,12512
delta_harmfulness,28,12579
delta_harmfulness,28,12587
delta_harmfulness,28,12606
delta_harmfulness,28,12643
delta_harmfulness,28,12673
delta_harmfulness,28,12678
delta_harmfulness,28,12707
delta_harmfulness,28,12739
delta_harmfulness,28,12742
delta_harmfulness,28,12768
delta_harmfulness,28,12818
delta_harmfulness,28,12842
delta_harmfulness,28,12849
delta_harmfulness,28,12851
delta_harmfulness,28,12996
delta_harmfulness,28,13044
delta_harmfulness,28,13064
delta_harmfulness,28,13104
delta_harmfulness,28,13231
delta_harmfulness,28,13252
delta_harmfulness,28,13266
delta_harmfulness,28,13270
delta_harmfulness,28,13279
delta_harmfulness,28,13377
delta_harmfulness,28,13395
delta_harmfulness,28,13407
delta_harmfulness,28,13408
delta_harmfulness,28,13525
delta_harmfulness,28,13564
delta_harmfulness,28,13608
delta_harmfulness,28,13681
delta_harmfulness,28,13696
delta_harmfulness,28,13736
delta_harmfulness,28,13920
delta_harmfulness,28,13989
delta_harmfulness,28,14087
delta_harmfulness,28,14117
delta_harmfulness,28,14162
delta_harmfulness,28,14178
delta_harmfulness,28,14239
delta_harmfulness,28,14333
delta_harmfulness,29,14
delta_harmfulness,29,60
delta_harmfulness,29,64
delta_harmfulness,29,74
delta_harmfulness,29,90
delta_harmfulness,29,104
delta_harmfulness,29,142
delta_harmfulness,29,152
delta_harmfulness,29,153
delta_harmfulness,29,208
delta_harmfulness,29,223
delta_harmfulness,29,245
delta_harmfulness,29,249
delta_harmfulness,29,254
delta_harmfulness,29,258
delta_harmfulness,29,298
delta_harmfulness,29,308
delta_harmfulness,29,309
delta_harmfulness,29,323
delta_harmfulness,29,334
delta_harmfulness,29,349
delta_harmfulness,29,363
delta_harmfulness,29,374
delta_harmfulness,29,400
delta_harmfulness,29,417
delta_harmfulness,29,437
delta_harmfulness,29,438
delta_harmfulness,29,442
delta_harmfulness,29,448
delta_harmfulness,29,449
delta_harmfulness,29,457
delta_harmfulness,29,472
delta_harmfulness,29,477
delta_harmfulness,29,491
delta_harmfulness,29,496
delta_harmfulness,29,512
delta_harmfulness,29,514
delta_harmfulness,29,520
delta_harmfulness,29,523
delta_harmfulness,29,545
delta_harmfulness,29,552
delta_harmfulness,29,573
delta_harmfulness,29,578
delta_harmfulness,29,582
delta_harmfulness,29,624
delta_harmfulness,29,629
delta_harmfulness,29,664
delta_harmfulness,29,677
delta_harmfulness,29,706
delta_harmfulness,29,713
delta_harmfulness,29,721
delta_harmfulness,29,743
delta_harmfulness,29,750
delta_harmfulness,29,841
delta_harmfulness,29,920
delta_harmfulness,29,928
delta_harmfulness,29,940
delta_harmfulness,29,955
delta_harmfulness,29,956
delta_harmfulness,29,969
delta_harmfulness,29,979
delta_harmfulness,29,1032
delta_harmfulness,29,1040
delta_harmfulness,29,1155
delta_harmfulness,29,1167
delta_harmfulness,29,1173
delta_harmfulness,29,1246
delta_harmfulness,29,1251
delta_harmfulness,29,1277
delta_harmfulness,29,1301
delta_harmfulness,29,1314
delta_harmfulness,29,1320
delta_harmfulness,29,1328
delta_harmfulness,29,1338
delta_harmfulness,29,1355
delta_harmfulness,29,1362
delta_harmfulness,29,1366
delta_harmfulness,29,1368
delta_harmfulness,29,1370
delta_harmfulness,29,1372
delta_harmfulness,29,1406
delta_harmfulness,29,1415
delta_harmfulness,29,1458
delta_harmfulness,29,1471
delta_harmfulness,29,1521
delta_harmfulness,29,1526
delta_harmfulness,29,1527
delta_harmfulness,29,1536
delta_harmfulness,29,1550
delta_harmfulness,29,1556
delta_harmfulness,29,1563
delta_harmfulness,29,1566
delta_harmfulness,29,1583
delta_harmfulness,29,1591
delta_harmfulness,29,1599
delta_harmfulness,29,1703
delta_harmfulness,29,1724
delta_harmfulness,29,1756
delta_harmfulness,29,1773
delta_harmfulness,29,1829
delta_harmfulness,29,1851
delta_harmfulness,29,1859
delta_harmfulness,29,1905
delta_harmfulness,29,1951
delta_harmfulness,29,1959
delta_harmfulness,29,1967
delta_harmfulness,29,2021
delta_harmfulness,29,2025
delta_harmfulness,29,2037
delta_harmfulness,29,2064
delta_harmfulness,29,2086
delta_harmfulness,29,2117
delta_harmfulness,29,2118
delta_harmfulness,29,2129
delta_harmfulness,29,2167
delta_harmfulness,29,2214
delta_harmfulness,29,2223
delta_harmfulness,29,2230
delta_harmfulness,29,2233
delta_harmfulness,29,2234
delta_harmfulness,29,2239
delta_harmfulness,29,2262
delta_harmfulness,29,2264
delta_harmfulness,29,2268
delta_harmfulness,29,2284
delta_harmfulness,29,2300
delta_harmfulness,29,2313
delta_harmfulness,29,2317
delta_harmfulness,29,2342
delta_harmfulness,29,2401
delta_harmfulness,29,2410
delta_harmfulness,29,2421
delta_harmfulness,29,2461
delta_harmfulness,29,2463
delta_harmfulness,29,2494
delta_harmfulness,29,2536
delta_harmfulness,29,2553
delta_harmfulness,29,2556
delta_harmfulness,29,2581
delta_harmfulness,29,2589
delta_harmfulness,29,2609
delta_harmfulness,29,2630
delta_harmfulness,29,2657
delta_harmfulness,29,2702
delta_harmfulness,29,2710
delta_harmfulness,29,2728
delta_harmfulness,29,2729
delta_harmfulness,29,2736
delta_harmfulness,29,2749
delta_harmfulness,29,2754
delta_harmfulness,29,2757
delta_harmfulness,29,2790
delta_harmfulness,29,2797
delta_harmfulness,29,2810
delta_harmfulness,29,2823
delta_harmfulness,29,2827
delta_harmfulness,29,2846
delta_harmfulness,29,2868
delta_harmfulness,29,2887
delta_harmfulness,29,2908
delta_harmfulness,29,2920
delta_harmfulness,29,2923
delta_harmfulness,29,2924
delta_harmfulness,29,2928
delta_harmfulness,29,2929
delta_harmfulness,29,2941
delta_harmfulness,29,2947
delta_harmfulness,29,2951
delta_harmfulness,29,2956
delta_harmfulness,29,2967
delta_harmfulness,29,2989
delta_harmfulness,29,3005
delta_harmfulness,29,3051
delta_harmfulness,29,3069
delta_harmfulness,29,3076
delta_harmfulness,29,3118
delta_harmfulness,29,3133
delta_harmfulness,29,3136
delta_harmfulness,29,3158
delta_harmfulness,29,3171
delta_harmfulness,29,3188
delta_harmfulness,29,3208
delta_harmfulness,29,3309
delta_harmfulness,29,3358
delta_harmfulness,29,3400
delta_harmfulness,29,3414
delta_harmfulness,29,3420
delta_harmfulness,29,3436
delta_harmfulness,29,3438
delta_harmfulness,29,3490
delta_harmfulness,29,3493
delta_harmfulness,29,3494
delta_harmfulness,29,3533
delta_harmfulness,29,3576
delta_harmfulness,29,3590
delta_harmfulness,29,3593
delta_harmfulness,29,3610
delta_harmfulness,29,3669
delta_harmfulness,29,3693
delta_harmfulness,29,3715
delta_harmfulness,29,3716
delta_harmfulness,29,3725
delta_harmfulness,29,3744
delta_harmfulness,29,3746
delta_harmfulness,29,3752
delta_harmfulness,29,3786
delta_harmfulness,29,3811
delta_harmfulness,29,3842
delta_harmfulness,29,3852
delta_harmfulness,29,3859
delta_harmfulness,29,3860
delta_harmfulness,29,3875
delta_harmfulness,29,3895
delta_harmfulness,29,3925
delta_harmfulness,29,3949
delta_harmfulness,29,3952
delta_harmfulness,29,3968
delta_harmfulness,29,3972
delta_harmfulness,29,3979
delta_harmfulness,29,4015
delta_harmfulness,29,4035
delta_harmfulness,29,4047
delta_harmfulness,29,4048
delta_harmfulness,29,4054
delta_harmfulness,29,4071
delta_harmfulness,29,4126
delta_harmfulness,29,4145
delta_harmfulness,29,4146
delta_harmfulness,29,4210
delta_harmfulness,29,4283
delta_harmfulness,29,4295
delta_harmfulness,29,4310
delta_harmfulness,29,4343
delta_harmfulness,29,4355
delta_harmfulness,29,4375
delta_harmfulness,29,4387
delta_harmfulness,29,4393
delta_harmfulness,29,4454
delta_harmfulness,29,4506
delta_harmfulness,29,4520
delta_harmfulness,29,4543
delta_harmfulness,29,4568
delta_harmfulness,29,4625
delta_harmfulness,29,4645
delta_harmfulness,29,4650
delta_harmfulness,29,4655
delta_harmfulness,29,4682
delta_harmfulness,29,4704
delta_harmfulness,29,4719
delta_harmfulness,29,4721
delta_harmfulness,29,4739
delta_harmfulness,29,4747
delta_harmfulness,29,4769
delta_harmfulness,29,4770
delta_harmfulness,29,4771
delta_harmfulness,29,4787
delta_harmfulness,29,4790
delta_harmfulness,29,4831
delta_harmfulness,29,4843
delta_harmfulness,29,4882
delta_harmfulness,29,4891
delta_harmfulness,29,4898
delta_harmfulness,29,4918
delta_harmfulness,29,4924
delta_harmfulness,29,4971
delta_harmfulness,29,5012
delta_harmfulness,29,5098
delta_harmfulness,29,5101
delta_harmfulness,29,5130
delta_harmfulness,29,5147
delta_harmfulness,29,5154
delta_harmfulness,29,5192
delta_harmfulness,29,5198
delta_harmfulness,29,5200
delta_harmfulness,29,5204
delta_harmfulness,29,5209
delta_harmfulness,29,5230
delta_harmfulness,29,5320
delta_harmfulness,29,5332
delta_harmfulness,29,5405
delta_harmfulness,29,5419
delta_harmfulness,29,5428
delta_harmfulness,29,5448
delta_harmfulness,29,5461
delta_harmfulness,29,5474
delta_harmfulness,29,5479
delta_harmfulness,29,5540
delta_harmfulness,29,5567
delta_harmfulness,29,5580
delta_harmfulness,29,5595
delta_harmfulness,29,5610
delta_harmfulness,29,5653
delta_harmfulness,29,5753
delta_harmfulness,29,5775
delta_harmfulness,29,5776
delta_harmfulness,29,5785
delta_harmfulness,29,5809
delta_harmfulness,29,5824
delta_harmfulness,29,5848
delta_harmfulness,29,5875
delta_harmfulness,29,5897
delta_harmfulness,29,5919
delta_harmfulness,29,5926
delta_harmfulness,29,5955
delta_harmfulness,29,5994
delta_harmfulness,29,5998
delta_harmfulness,29,6063
delta_harmfulness,29,6070
delta_harmfulness,29,6127
delta_harmfulness,29,6154
delta_harmfulness,29,6156
delta_harmfulness,29,6170
delta_harmfulness,29,6201
delta_harmfulness,29,6207
delta_harmfulness,29,6208
delta_harmfulness,29,6216
delta_harmfulness,29,6227
delta_harmfulness,29,6237
delta_harmfulness,29,6245
delta_harmfulness,29,6262
delta_harmfulness,29,6266
delta_harmfulness,29,6274
delta_harmfulness,29,6284
delta_harmfulness,29,6292
delta_harmfulness,29,6313
delta_harmfulness,29,6322
delta_harmfulness,29,6332
delta_harmfulness,29,6368
delta_harmfulness,29,6401
delta_harmfulness,29,6421
delta_harmfulness,29,6425
delta_harmfulness,29,6434
delta_harmfulness,29,6435
delta_harmfulness,29,6490
delta_harmfulness,29,6495
delta_harmfulness,29,6561
delta_harmfulness,29,6593
delta_harmfulness,29,6601
delta_harmfulness,29,6603
delta_harmfulness,29,6632
delta_harmfulness,29,6637
delta_harmfulness,29,6642
delta_harmfulness,29,6665
delta_harmfulness,29,6693
delta_harmfulness,29,6732
delta_harmfulness,29,6747
delta_harmfulness,29,6751
delta_harmfulness,29,6754
delta_harmfulness,29,6782
delta_harmfulness,29,6783
delta_harmfulness,29,6790
delta_harmfulness,29,6792
delta_harmfulness,29,6795
delta_harmfulness,29,6800
delta_harmfulness,29,6802
delta_harmfulness,29,6818
delta_harmfulness,29,6830
delta_harmfulness,29,6851
delta_harmfulness,29,6857
delta_harmfulness,29,6859
delta_harmfulness,29,6860
delta_harmfulness,29,6869
delta_harmfulness,29,6885
delta_harmfulness,29,6895
delta_harmfulness,29,6897
delta_harmfulness,29,6974
delta_harmfulness,29,6982
delta_harmfulness,29,7009
delta_harmfulness,29,7020
delta_harmfulness,29,7025
delta_harmfulness,29,7036
delta_harmfulness,29,7039
delta_harmfulness,29,7055
delta_harmfulness,29,7067
delta_harmfulness,29,7091
delta_harmfulness,29,7098
delta_harmfulness,29,7125
delta_harmfulness,29,7139
delta_harmfulness,29,7146
delta_harmfulness,29,7162
delta_harmfulness,29,7164
delta_harmfulness,29,7173
delta_harmfulness,29,7185
delta_harmfulness,29,7199
delta_harmfulness,29,7237
delta_harmfulness,29,7249
delta_harmfulness,29,7251
delta_harmfulness,29,7261
delta_harmfulness,29,7276
delta_harmfulness,29,7325
delta_harmfulness,29,7328
delta_harmfulness,29,7329
delta_harmfulness,29,7334
delta_harmfulness,29,7336
delta_harmfulness,29,7338
delta_harmfulness,29,7347
delta_harmfulness,29,7349
delta_harmfulness,29,7390
delta_harmfulness,29,7410
delta_harmfulness,29,7435
delta_harmfulness,29,7453
delta_harmfulness,29,7483
delta_harmfulness,29,7502
delta_harmfulness,29,7507
delta_harmfulness,29,7509
delta_harmfulness,29,7514
delta_harmfulness,29,7519
delta_harmfulness,29,7523
delta_harmfulness,29,7527
delta_harmfulness,29,7548
delta_harmfulness,29,7562
delta_harmfulness,29,7570
delta_harmfulness,29,7590
delta_harmfulness,29,7591
delta_harmfulness,29,7595
delta_harmfulness,29,7603
delta_harmfulness,29,7620
delta_harmfulness,29,7633
delta_harmfulness,29,7695
delta_harmfulness,29,7700
delta_harmfulness,29,7723
delta_harmfulness,29,7777
delta_harmfulness,29,7785
delta_harmfulness,29,7794
delta_harmfulness,29,7807
delta_harmfulness,29,7809
delta_harmfulness,29,7810
delta_harmfulness,29,7812
delta_harmfulness,29,7827
delta_harmfulness,29,7834
delta_harmfulness,29,7862
delta_harmfulness,29,7864
delta_harmfulness,29,7874
delta_harmfulness,29,7875
delta_harmfulness,29,7887
delta_harmfulness,29,7906
delta_harmfulness,29,7921
delta_harmfulness,29,7957
delta_harmfulness,29,7975
delta_harmfulness,29,8133
delta_harmfulness,29,8171
delta_harmfulness,29,8209
delta_harmfulness,29,8235
delta_harmfulness,29,8326
delta_harmfulness,29,8331
delta_harmfulness,29,8401
delta_harmfulness,29,8450
delta_harmfulness,29,8493
delta_harmfulness,29,8502
delta_harmfulness,29,8547
delta_harmfulness,29,8569
delta_harmfulness,29,8589
delta_harmfulness,29,8590
delta_harmfulness,29,8593
delta_harmfulness,29,8615
delta_harmfulness,29,8625
delta_harmfulness,29,8642
delta_harmfulness,29,8656
delta_harmfulness,29,8664
delta_harmfulness,29,8667
delta_harmfulness,29,8705
delta_harmfulness,29,8737
delta_harmfulness,29,8764
delta_harmfulness,29,8791
delta_harmfulness,29,8840
delta_harmfulness,29,8845
delta_harmfulness,29,8853
delta_harmfulness,29,8862
delta_harmfulness,29,8909
delta_harmfulness,29,8912
delta_harmfulness,29,8917
delta_harmfulness,29,8946
delta_harmfulness,29,8959
delta_harmfulness,29,8969
delta_harmfulness,29,8993
delta_harmfulness,29,8997
delta_harmfulness,29,9016
delta_harmfulness,29,9026
delta_harmfulness,29,9049
delta_harmfulness,29,9053
delta_harmfulness,29,9055
delta_harmfulness,29,9094
delta_harmfulness,29,9117
delta_harmfulness,29,9121
delta_harmfulness,29,9135
delta_harmfulness,29,9228
delta_harmfulness,29,9241
delta_harmfulness,29,9247
delta_harmfulness,29,9262
delta_harmfulness,29,9265
delta_harmfulness,29,9286
delta_harmfulness,29,9316
delta_harmfulness,29,9387
delta_harmfulness,29,9399
delta_harmfulness,29,9432
delta_harmfulness,29,9467
delta_harmfulness,29,9473
delta_harmfulness,29,9483
delta_harmfulness,29,9522
delta_harmfulness,29,9530
delta_harmfulness,29,9538
delta_harmfulness,29,9544
delta_harmfulness,29,9562
delta_harmfulness,29,9571
delta_harmfulness,29,9595
delta_harmfulness,29,9682
delta_harmfulness,29,9718
delta_harmfulness,29,9750
delta_harmfulness,29,9759
delta_harmfulness,29,9763
delta_harmfulness,29,9766
delta_harmfulness,29,9768
delta_harmfulness,29,9790
delta_harmfulness,29,9792
delta_harmfulness,29,9799
delta_harmfulness,29,9815
delta_harmfulness,29,9831
delta_harmfulness,29,9833
delta_harmfulness,29,9848
delta_harmfulness,29,9869
delta_harmfulness,29,9884
delta_harmfulness,29,9885
delta_harmfulness,29,9892
delta_harmfulness,29,9901
delta_harmfulness,29,9923
delta_harmfulness,29,9954
delta_harmfulness,29,9959
delta_harmfulness,29,9997
delta_harmfulness,29,9999
delta_harmfulness,29,10004
delta_harmfulness,29,10005
delta_harmfulness,29,10022
delta_harmfulness,29,10025
delta_harmfulness,29,10042
delta_harmfulness,29,10046
delta_harmfulness,29,10049
delta_harmfulness,29,10087
delta_harmfulness,29,10184
delta_harmfulness,29,10242
delta_harmfulness,29,10252
delta_harmfulness,29,10259
delta_harmfulness,29,10308
delta_harmfulness,29,10336
delta_harmfulness,29,10342
delta_harmfulness,29,10358
delta_harmfulness,29,10367
delta_harmfulness,29,10387
delta_harmfulness,29,10407
delta_harmfulness,29,10423
delta_harmfulness,29,10431
delta_harmfulness,29,10488
delta_harmfulness,29,10537
delta_harmfulness,29,10554
delta_harmfulness,29,10580
delta_harmfulness,29,10703
delta_harmfulness,29,10726
delta_harmfulness,29,10729
delta_harmfulness,29,10794
delta_harmfulness,29,10808
delta_harmfulness,29,10819
delta_harmfulness,29,10833
delta_harmfulness,29,10891
delta_harmfulness,29,10895
delta_harmfulness,29,10899
delta_harmfulness,29,10943
delta_harmfulness,29,10944
delta_harmfulness,29,10966
delta_harmfulness,29,11005
delta_harmfulness,29,11035
delta_harmfulness,29,11059
delta_harmfulness,29,11095
delta_harmfulness,29,11099
delta_harmfulness,29,11100
delta_harmfulness,29,11112
delta_harmfulness,29,11179
delta_harmfulness,29,11181
delta_harmfulness,29,11191
delta_harmfulness,29,11228
delta_harmfulness,29,11270
delta_harmfulness,29,11292
delta_harmfulness,29,11311
delta_harmfulness,29,11351
delta_harmfulness,29,11362
delta_harmfulness,29,11372
delta_harmfulness,29,11457
delta_harmfulness,29,11461
delta_harmfulness,29,11462
delta_harmfulness,29,11467
delta_harmfulness,29,11471
delta_harmfulness,29,11490
delta_harmfulness,29,11578
delta_harmfulness,29,11591
delta_harmfulness,29,11620
delta_harmfulness,29,11623
delta_harmfulness,29,11642
delta_harmfulness,29,11649
delta_harmfulness,29,11650
delta_harmfulness,29,11694
delta_harmfulness,29,11696
delta_harmfulness,29,11749
delta_harmfulness,29,11794
delta_harmfulness,29,11797
delta_harmfulness,29,11807
delta_harmfulness,29,11814
delta_harmfulness,29,11819
delta_harmfulness,29,11824
delta_harmfulness,29,11835
delta_harmfulness,29,11857
delta_harmfulness,29,11880
delta_harmfulness,29,11886
delta_harmfulness,29,11909
delta_harmfulness,29,11929
delta_harmfulness,29,11956
delta_harmfulness,29,11958
delta_harmfulness,29,11969
delta_harmfulness,29,11980
delta_harmfulness,29,12041
delta_harmfulness,29,12053
delta_harmfulness,29,12072
delta_harmfulness,29,12091
delta_harmfulness,29,12134
delta_harmfulness,29,12141
delta_harmfulness,29,12155
delta_harmfulness,29,12158
delta_harmfulness,29,12163
delta_harmfulness,29,12180
delta_harmfulness,29,12259
delta_harmfulness,29,12304
delta_harmfulness,29,12306
delta_harmfulness,29,12322
delta_harmfulness,29,12356
delta_harmfulness,29,12438
delta_harmfulness,29,12457
delta_harmfulness,29,12469
delta_harmfulness,29,12470
delta_harmfulness,29,12504
delta_harmfulness,29,12510
delta_harmfulness,29,12511
delta_harmfulness,29,12533
delta_harmfulness,29,12545
delta_harmfulness,29,12561
delta_harmfulness,29,12601
delta_harmfulness,29,12613
delta_harmfulness,29,12631
delta_harmfulness,29,12657
delta_harmfulness,29,12671
delta_harmfulness,29,12692
delta_harmfulness,29,12725
delta_harmfulness,29,12781
delta_harmfulness,29,12782
delta_harmfulness,29,12799
delta_harmfulness,29,12847
delta_harmfulness,29,12854
delta_harmfulness,29,12883
delta_harmfulness,29,12895
delta_harmfulness,29,12939
delta_harmfulness,29,12976
delta_harmfulness,29,12983
delta_harmfulness,29,12985
delta_harmfulness,29,12988
delta_harmfulness,29,12995
delta_harmfulness,29,12998
delta_harmfulness,29,13010
delta_harmfulness,29,13013
delta_harmfulness,29,13026
delta_harmfulness,29,13038
delta_harmfulness,29,13050
delta_harmfulness,29,13059
delta_harmfulness,29,13081
delta_harmfulness,29,13099
delta_harmfulness,29,13107
delta_harmfulness,29,13118
delta_harmfulness,29,13133
delta_harmfulness,29,13179
delta_harmfulness,29,13205
delta_harmfulness,29,13217
delta_harmfulness,29,13223
delta_harmfulness,29,13254
delta_harmfulness,29,13257
delta_harmfulness,29,13303
delta_harmfulness,29,13328
delta_harmfulness,29,13329
delta_harmfulness,29,13335
delta_harmfulness,29,13350
delta_harmfulness,29,13401
delta_harmfulness,29,13413
delta_harmfulness,29,13427
delta_harmfulness,29,13445
delta_harmfulness,29,13500
delta_harmfulness,29,13511
delta_harmfulness,29,13524
delta_harmfulness,29,13548
delta_harmfulness,29,13555
delta_harmfulness,29,13557
delta_harmfulness,29,13594
delta_harmfulness,29,13599
delta_harmfulness,29,13646
delta_harmfulness,29,13686
delta_harmfulness,29,13687
delta_harmfulness,29,13714
delta_harmfulness,29,13745
delta_harmfulness,29,13799
delta_harmfulness,29,13807
delta_harmfulness,29,13822
delta_harmfulness,29,13826
delta_harmfulness,29,13830
delta_harmfulness,29,13837
delta_harmfulness,29,13932
delta_harmfulness,29,13940
delta_harmfulness,29,13959
delta_harmfulness,29,13971
delta_harmfulness,29,13976
delta_harmfulness,29,13979
delta_harmfulness,29,13982
delta_harmfulness,29,13989
delta_harmfulness,29,13997
delta_harmfulness,29,14004
delta_harmfulness,29,14011
delta_harmfulness,29,14025
delta_harmfulness,29,14090
delta_harmfulness,29,14129
delta_harmfulness,29,14146
delta_harmfulness,29,14160
delta_harmfulness,29,14161
delta_harmfulness,29,14165
delta_harmfulness,29,14193
delta_harmfulness,29,14205
delta_harmfulness,29,14223
delta_harmfulness,29,14225
delta_harmfulness,29,14250
delta_harmfulness,29,14278
delta_harmfulness,29,14281
delta_harmfulness,29,14292
delta_harmfulness,30,15
delta_harmfulness,30,17
delta_harmfulness,30,35
delta_harmfulness,30,48
delta_harmfulness,30,61
delta_harmfulness,30,66
delta_harmfulness,30,68
delta_harmfulness,30,82
delta_harmfulness,30,85
delta_harmfulness,30,89
delta_harmfulness,30,93
delta_harmfulness,30,106
delta_harmfulness,30,115
delta_harmfulness,30,116
delta_harmfulness,30,119
delta_harmfulness,30,120
delta_harmfulness,30,152
delta_harmfulness,30,164
delta_harmfulness,30,176
delta_harmfulness,30,177
delta_harmfulness,30,206
delta_harmfulness,30,213
delta_harmfulness,30,218
delta_harmfulness,30,225
delta_harmfulness,30,231
delta_harmfulness,30,248
delta_harmfulness,30,251
delta_harmfulness,30,255
delta_harmfulness,30,269
delta_harmfulness,30,279
delta_harmfulness,30,280
delta_harmfulness,30,283
delta_harmfulness,30,287
delta_harmfulness,30,290
delta_harmfulness,30,298
delta_harmfulness,30,316
delta_harmfulness,30,334
delta_harmfulness,30,357
delta_harmfulness,30,358
delta_harmfulness,30,367
delta_harmfulness,30,392
delta_harmfulness,30,393
delta_harmfulness,30,394
delta_harmfulness,30,420
delta_harmfulness,30,422
delta_harmfulness,30,428
delta_harmfulness,30,441
delta_harmfulness,30,455
delta_harmfulness,30,458
delta_harmfulness,30,461
delta_harmfulness,30,462
delta_harmfulness,30,464
delta_harmfulness,30,480
delta_harmfulness,30,486
delta_harmfulness,30,514
delta_harmfulness,30,525
delta_harmfulness,30,526
delta_harmfulness,30,538
delta_harmfulness,30,559
delta_harmfulness,30,562
delta_harmfulness,30,566
delta_harmfulness,30,567
delta_harmfulness,30,599
delta_harmfulness,30,602
delta_harmfulness,30,618
delta_harmfulness,30,623
delta_harmfulness,30,625
delta_harmfulness,30,631
delta_harmfulness,30,635
delta_harmfulness,30,643
delta_harmfulness,30,662
delta_harmfulness,30,667
delta_harmfulness,30,680
delta_harmfulness,30,682
delta_harmfulness,30,696
delta_harmfulness,30,701
delta_harmfulness,30,710
delta_harmfulness,30,711
delta_harmfulness,30,715
delta_harmfulness,30,717
delta_harmfulness,30,721
delta_harmfulness,30,725
delta_harmfulness,30,735
delta_harmfulness,30,742
delta_harmfulness,30,755
delta_harmfulness,30,761
delta_harmfulness,30,762
delta_harmfulness,30,765
delta_harmfulness,30,779
delta_harmfulness,30,780
delta_harmfulness,30,789
delta_harmfulness,30,792
delta_harmfulness,30,796
delta_harmfulness,30,800
delta_harmfulness,30,803
delta_harmfulness,30,806
delta_harmfulness,30,810
delta_harmfulness,30,827
delta_harmfulness,30,835
delta_harmfulness,30,839
delta_harmfulness,30,840
delta_harmfulness,30,845
delta_harmfulness,30,856
delta_harmfulness,30,864
delta_harmfulness,30,869
delta_harmfulness,30,871
delta_harmfulness,30,873
delta_harmfulness,30,890
delta_harmfulness,30,893
delta_harmfulness,30,903
delta_harmfulness,30,904
delta_harmfulness,30,906
delta_harmfulness,30,916
delta_harmfulness,30,923
delta_harmfulness,30,929
delta_harmfulness,30,945
delta_harmfulness,30,956
delta_harmfulness,30,959
delta_harmfulness,30,960
delta_harmfulness,30,970
delta_harmfulness,30,978
delta_harmfulness,30,988
delta_harmfulness,30,1003
delta_harmfulness,30,1007
delta_harmfulness,30,1017
delta_harmfulness,30,1033
delta_harmfulness,30,1037
delta_harmfulness,30,1040
delta_harmfulness,30,1053
delta_harmfulness,30,1056
delta_harmfulness,30,1058
delta_harmfulness,30,1103
delta_harmfulness,30,1109
delta_harmfulness,30,1127
delta_harmfulness,30,1130
delta_harmfulness,30,1136
delta_harmfulness,30,1145
delta_harmfulness,30,1147
delta_harmfulness,30,1152
delta_harmfulness,30,1171
delta_harmfulness,30,1192
delta_harmfulness,30,1200
delta_harmfulness,30,1210
delta_harmfulness,30,1221
delta_harmfulness,30,1235
delta_harmfulness,30,1244
delta_harmfulness,30,1246
delta_harmfulness,30,1247
delta_harmfulness,30,1250
delta_harmfulness,30,1251
delta_harmfulness,30,1252
delta_harmfulness,30,1253
delta_harmfulness,30,1258
delta_harmfulness,30,1261
delta_harmfulness,30,1265
delta_harmfulness,30,1274
delta_harmfulness,30,1296
delta_harmfulness,30,1307
delta_harmfulness,30,1310
delta_harmfulness,30,1313
delta_harmfulness,30,1314
delta_harmfulness,30,1322
delta_harmfulness,30,1326
delta_harmfulness,30,1328
delta_harmfulness,30,1331
delta_harmfulness,30,1334
delta_harmfulness,30,1349
delta_harmfulness,30,1360
delta_harmfulness,30,1369
delta_harmfulness,30,1382
delta_harmfulness,30,1384
delta_harmfulness,30,1395
delta_harmfulness,30,1399
delta_harmfulness,30,1416
delta_harmfulness,30,1427
delta_harmfulness,30,1439
delta_harmfulness,30,1455
delta_harmfulness,30,1456
delta_harmfulness,30,1457
delta_harmfulness,30,1464
delta_harmfulness,30,1472
delta_harmfulness,30,1486
delta_harmfulness,30,1502
delta_harmfulness,30,1516
delta_harmfulness,30,1521
delta_harmfulness,30,1524
delta_harmfulness,30,1528
delta_harmfulness,30,1529
delta_harmfulness,30,1530
delta_harmfulness,30,1533
delta_harmfulness,30,1534
delta_harmfulness,30,1551
delta_harmfulness,30,1552
delta_harmfulness,30,1557
delta_harmfulness,30,1561
delta_harmfulness,30,1562
delta_harmfulness,30,1569
delta_harmfulness,30,1580
delta_harmfulness,30,1586
delta_harmfulness,30,1589
delta_harmfulness,30,1602
delta_harmfulness,30,1604
delta_harmfulness,30,1609
delta_harmfulness,30,1625
delta_harmfulness,30,1630
delta_harmfulness,30,1631
delta_harmfulness,30,1635
delta_harmfulness,30,1650
delta_harmfulness,30,1661
delta_harmfulness,30,1680
delta_harmfulness,30,1698
delta_harmfulness,30,1700
delta_harmfulness,30,1709
delta_harmfulness,30,1721
delta_harmfulness,30,1732
delta_harmfulness,30,1747
delta_harmfulness,30,1758
delta_harmfulness,30,1771
delta_harmfulness,30,1777
delta_harmfulness,30,1785
delta_harmfulness,30,1786
delta_harmfulness,30,1791
delta_harmfulness,30,1793
delta_harmfulness,30,1795
delta_harmfulness,30,1797
delta_harmfulness,30,1801
delta_harmfulness,30,1812
delta_harmfulness,30,1814
delta_harmfulness,30,1820
delta_harmfulness,30,1824
delta_harmfulness,30,1851
delta_harmfulness,30,1873
delta_harmfulness,30,1878
delta_harmfulness,30,1885
delta_harmfulness,30,1891
delta_harmfulness,30,1898
delta_harmfulness,30,1909
delta_harmfulness,30,1934
delta_harmfulness,30,1943
delta_harmfulness,30,1964
delta_harmfulness,30,1967
delta_harmfulness,30,1975
delta_harmfulness,30,1994
delta_harmfulness,30,2000
delta_harmfulness,30,2005
delta_harmfulness,30,2034
delta_harmfulness,30,2041
delta_harmfulness,30,2054
delta_harmfulness,30,2058
delta_harmfulness,30,2070
delta_harmfulness,30,2072
delta_harmfulness,30,2074
delta_harmfulness,30,2085
delta_harmfulness,30,2087
delta_harmfulness,30,2120
delta_harmfulness,30,2142
delta_harmfulness,30,2158
delta_harmfulness,30,2172
delta_harmfulness,30,2176
delta_harmfulness,30,2184
delta_harmfulness,30,2192
delta_harmfulness,30,2195
delta_harmfulness,30,2215
delta_harmfulness,30,2220
delta_harmfulness,30,2226
delta_harmfulness,30,2233
delta_harmfulness,30,2245
delta_harmfulness,30,2248
delta_harmfulness,30,2250
delta_harmfulness,30,2263
delta_harmfulness,30,2273
delta_harmfulness,30,2276
delta_harmfulness,30,2297
delta_harmfulness,30,2306
delta_harmfulness,30,2310
delta_harmfulness,30,2313
delta_harmfulness,30,2319
delta_harmfulness,30,2334
delta_harmfulness,30,2341
delta_harmfulness,30,2343
delta_harmfulness,30,2352
delta_harmfulness,30,2361
delta_harmfulness,30,2363
delta_harmfulness,30,2373
delta_harmfulness,30,2374
delta_harmfulness,30,2403
delta_harmfulness,30,2413
delta_harmfulness,30,2420
delta_harmfulness,30,2421
delta_harmfulness,30,2425
delta_harmfulness,30,2455
delta_harmfulness,30,2456
delta_harmfulness,30,2457
delta_harmfulness,30,2458
delta_harmfulness,30,2459
delta_harmfulness,30,2460
delta_harmfulness,30,2463
delta_harmfulness,30,2474
delta_harmfulness,30,2476
delta_harmfulness,30,2486
delta_harmfulness,30,2503
delta_harmfulness,30,2507
delta_harmfulness,30,2513
delta_harmfulness,30,2532
delta_harmfulness,30,2537
delta_harmfulness,30,2539
delta_harmfulness,30,2548
delta_harmfulness,30,2549
delta_harmfulness,30,2570
delta_harmfulness,30,2580
delta_harmfulness,30,2585
delta_harmfulness,30,2596
delta_harmfulness,30,2601
delta_harmfulness,30,2615
delta_harmfulness,30,2624
delta_harmfulness,30,2625
delta_harmfulness,30,2627
delta_harmfulness,30,2631
delta_harmfulness,30,2634
delta_harmfulness,30,2648
delta_harmfulness,30,2671
delta_harmfulness,30,2676
delta_harmfulness,30,2683
delta_harmfulness,30,2688
delta_harmfulness,30,2694
delta_harmfulness,30,2697
delta_harmfulness,30,2699
delta_harmfulness,30,2709
delta_harmfulness,30,2724
delta_harmfulness,30,2730
delta_harmfulness,30,2741
delta_harmfulness,30,2753
delta_harmfulness,30,2762
delta_harmfulness,30,2764
delta_harmfulness,30,2765
delta_harmfulness,30,2782
delta_harmfulness,30,2784
delta_harmfulness,30,2792
delta_harmfulness,30,2806
delta_harmfulness,30,2809
delta_harmfulness,30,2815
delta_harmfulness,30,2828
delta_harmfulness,30,2835
delta_harmfulness,30,2842
delta_harmfulness,30,2844
delta_harmfulness,30,2879
delta_harmfulness,30,2881
delta_harmfulness,30,2885
delta_harmfulness,30,2906
delta_harmfulness,30,2924
delta_harmfulness,30,2932
delta_harmfulness,30,2940
delta_harmfulness,30,2941
delta_harmfulness,30,2949
delta_harmfulness,30,2960
delta_harmfulness,30,2969
delta_harmfulness,30,2972
delta_harmfulness,30,2974
delta_harmfulness,30,2990
delta_harmfulness,30,3000
delta_harmfulness,30,3001
delta_harmfulness,30,3003
delta_harmfulness,30,3015
delta_harmfulness,30,3017
delta_harmfulness,30,3033
delta_harmfulness,30,3041
delta_harmfulness,30,3045
delta_harmfulness,30,3060
delta_harmfulness,30,3064
delta_harmfulness,30,3086
delta_harmfulness,30,3099
delta_harmfulness,30,3108
delta_harmfulness,30,3111
delta_harmfulness,30,3114
delta_harmfulness,30,3122
delta_harmfulness,30,3126
delta_harmfulness,30,3133
delta_harmfulness,30,3135
delta_harmfulness,30,3136
delta_harmfulness,30,3141
delta_harmfulness,30,3153
delta_harmfulness,30,3154
delta_harmfulness,30,3161
delta_harmfulness,30,3179
delta_harmfulness,30,3183
delta_harmfulness,30,3198
delta_harmfulness,30,3209
delta_harmfulness,30,3242
delta_harmfulness,30,3243
delta_harmfulness,30,3244
delta_harmfulness,30,3256
delta_harmfulness,30,3271
delta_harmfulness,30,3296
delta_harmfulness,30,3304
delta_harmfulness,30,3309
delta_harmfulness,30,3327
delta_harmfulness,30,3331
delta_harmfulness,30,3341
delta_harmfulness,30,3342
delta_harmfulness,30,3346
delta_harmfulness,30,3347
delta_harmfulness,30,3364
delta_harmfulness,30,3379
delta_harmfulness,30,3382
delta_harmfulness,30,3401
delta_harmfulness,30,3415
delta_harmfulness,30,3418
delta_harmfulness,30,3423
delta_harmfulness,30,3427
delta_harmfulness,30,3434
delta_harmfulness,30,3436
delta_harmfulness,30,3454
delta_harmfulness,30,3460
delta_harmfulness,30,3461
delta_harmfulness,30,3478
delta_harmfulness,30,3498
delta_harmfulness,30,3513
delta_harmfulness,30,3521
delta_harmfulness,30,3546
delta_harmfulness,30,3553
delta_harmfulness,30,3555
delta_harmfulness,30,3557
delta_harmfulness,30,3563
delta_harmfulness,30,3566
delta_harmfulness,30,3583
delta_harmfulness,30,3613
delta_harmfulness,30,3664
delta_harmfulness,30,3667
delta_harmfulness,30,3674
delta_harmfulness,30,3675
delta_harmfulness,30,3685
delta_harmfulness,30,3686
delta_harmfulness,30,3689
delta_harmfulness,30,3695
delta_harmfulness,30,3699
delta_harmfulness,30,3700
delta_harmfulness,30,3705
delta_harmfulness,30,3721
delta_harmfulness,30,3727
delta_harmfulness,30,3731
delta_harmfulness,30,3736
delta_harmfulness,30,3762
delta_harmfulness,30,3776
delta_harmfulness,30,3786
delta_harmfulness,30,3788
delta_harmfulness,30,3794
delta_harmfulness,30,3798
delta_harmfulness,30,3807
delta_harmfulness,30,3809
delta_harmfulness,30,3815
delta_harmfulness,30,3817
delta_harmfulness,30,3822
delta_harmfulness,30,3837
delta_harmfulness,30,3838
delta_harmfulness,30,3850
delta_harmfulness,30,3853
delta_harmfulness,30,3856
delta_harmfulness,30,3862
delta_harmfulness,30,3868
delta_harmfulness,30,3873
delta_harmfulness,30,3882
delta_harmfulness,30,3898
delta_harmfulness,30,3899
delta_harmfulness,30,3903
delta_harmfulness,30,3912
delta_harmfulness,30,3921
delta_harmfulness,30,3930
delta_harmfulness,30,3942
delta_harmfulness,30,3951
delta_harmfulness,30,3961
delta_harmfulness,30,3970
delta_harmfulness,30,3977
delta_harmfulness,30,3981
delta_harmfulness,30,3996
delta_harmfulness,30,4011
delta_harmfulness,30,4012
delta_harmfulness,30,4014
delta_harmfulness,30,4015
delta_harmfulness,30,4028
delta_harmfulness,30,4035
delta_harmfulness,30,4040
delta_harmfulness,30,4059
delta_harmfulness,30,4064
delta_harmfulness,30,4074
delta_harmfulness,30,4077
delta_harmfulness,30,4079
delta_harmfulness,30,4094
delta_harmfulness,30,4102
delta_harmfulness,30,4110
delta_harmfulness,30,4116
delta_harmfulness,30,4131
delta_harmfulness,30,4140
delta_harmfulness,30,4152
delta_harmfulness,30,4157
delta_harmfulness,30,4165
delta_harmfulness,30,4170
delta_harmfulness,30,4177
delta_harmfulness,30,4180
delta_harmfulness,30,4181
delta_harmfulness,30,4182
delta_harmfulness,30,4195
delta_harmfulness,30,4196
delta_harmfulness,30,4208
delta_harmfulness,30,4224
delta_harmfulness,30,4252
delta_harmfulness,30,4255
delta_harmfulness,30,4257
delta_harmfulness,30,4261
delta_harmfulness,30,4263
delta_harmfulness,30,4270
delta_harmfulness,30,4274
delta_harmfulness,30,4278
delta_harmfulness,30,4282
delta_harmfulness,30,4293
delta_harmfulness,30,4306
delta_harmfulness,30,4314
delta_harmfulness,30,4317
delta_harmfulness,30,4318
delta_harmfulness,30,4320
delta_harmfulness,30,4326
delta_harmfulness,30,4334
delta_harmfulness,30,4335
delta_harmfulness,30,4341
delta_harmfulness,30,4342
delta_harmfulness,30,4358
delta_harmfulness,30,4363
delta_harmfulness,30,4381
delta_harmfulness,30,4384
delta_harmfulness,30,4385
delta_harmfulness,30,4389
delta_harmfulness,30,4391
delta_harmfulness,30,4393
delta_harmfulness,30,4396
delta_harmfulness,30,4398
delta_harmfulness,30,4410
delta_harmfulness,30,4420
delta_harmfulness,30,4423
delta_harmfulness,30,4425
delta_harmfulness,30,4426
delta_harmfulness,30,4428
delta_harmfulness,30,4431
delta_harmfulness,30,4435
delta_harmfulness,30,4438
delta_harmfulness,30,4459
delta_harmfulness,30,4472
delta_harmfulness,30,4473
delta_harmfulness,30,4488
delta_harmfulness,30,4497
delta_harmfulness,30,4525
delta_harmfulness,30,4526
delta_harmfulness,30,4530
delta_harmfulness,30,4535
delta_harmfulness,30,4540
delta_harmfulness,30,4549
delta_harmfulness,30,4560
delta_harmfulness,30,4583
delta_harmfulness,30,4589
delta_harmfulness,30,4592
delta_harmfulness,30,4607
delta_harmfulness,30,4609
delta_harmfulness,30,4616
delta_harmfulness,30,4620
delta_harmfulness,30,4624
delta_harmfulness,30,4627
delta_harmfulness,30,4634
delta_harmfulness,30,4652
delta_harmfulness,30,4657
delta_harmfulness,30,4661
delta_harmfulness,30,4711
delta_harmfulness,30,4717
delta_harmfulness,30,4727
delta_harmfulness,30,4737
delta_harmfulness,30,4743
delta_harmfulness,30,4749
delta_harmfulness,30,4762
delta_harmfulness,30,4764
delta_harmfulness,30,4768
delta_harmfulness,30,4770
delta_harmfulness,30,4772
delta_harmfulness,30,4788
delta_harmfulness,30,4803
delta_harmfulness,30,4804
delta_harmfulness,30,4820
delta_harmfulness,30,4829
delta_harmfulness,30,4850
delta_harmfulness,30,4881
delta_harmfulness,30,4886
delta_harmfulness,30,4893
delta_harmfulness,30,4936
delta_harmfulness,30,4956
delta_harmfulness,30,4961
delta_harmfulness,30,4983
delta_harmfulness,30,4994
delta_harmfulness,30,5023
delta_harmfulness,30,5024
delta_harmfulness,30,5035
delta_harmfulness,30,5049
delta_harmfulness,30,5055
delta_harmfulness,30,5062
delta_harmfulness,30,5068
delta_harmfulness,30,5081
delta_harmfulness,30,5087
delta_harmfulness,30,5097
delta_harmfulness,30,5101
delta_harmfulness,30,5116
delta_harmfulness,30,5140
delta_harmfulness,30,5142
delta_harmfulness,30,5149
delta_harmfulness,30,5155
delta_harmfulness,30,5164
delta_harmfulness,30,5165
delta_harmfulness,30,5168
delta_harmfulness,30,5194
delta_harmfulness,30,5200
delta_harmfulness,30,5207
delta_harmfulness,30,5210
delta_harmfulness,30,5213
delta_harmfulness,30,5226
delta_harmfulness,30,5235
delta_harmfulness,30,5249
delta_harmfulness,30,5254
delta_harmfulness,30,5257
delta_harmfulness,30,5262
delta_harmfulness,30,5264
delta_harmfulness,30,5272
delta_harmfulness,30,5286
delta_harmfulness,30,5297
delta_harmfulness,30,5301
delta_harmfulness,30,5306
delta_harmfulness,30,5320
delta_harmfulness,30,5323
delta_harmfulness,30,5326
delta_harmfulness,30,5329
delta_harmfulness,30,5336
delta_harmfulness,30,5341
delta_harmfulness,30,5342
delta_harmfulness,30,5354
delta_harmfulness,30,5359
delta_harmfulness,30,5368
delta_harmfulness,30,5371
delta_harmfulness,30,5380
delta_harmfulness,30,5384
delta_harmfulness,30,5392
delta_harmfulness,30,5404
delta_harmfulness,30,5414
delta_harmfulness,30,5421
delta_harmfulness,30,5428
delta_harmfulness,30,5430
delta_harmfulness,30,5439
delta_harmfulness,30,5453
delta_harmfulness,30,5472
delta_harmfulness,30,5496
delta_harmfulness,30,5503
delta_harmfulness,30,5509
delta_harmfulness,30,5522
delta_harmfulness,30,5525
delta_harmfulness,30,5526
delta_harmfulness,30,5542
delta_harmfulness,30,5547
delta_harmfulness,30,5549
delta_harmfulness,30,5552
delta_harmfulness,30,5560
delta_harmfulness,30,5561
delta_harmfulness,30,5562
delta_harmfulness,30,5581
delta_harmfulness,30,5582
delta_harmfulness,30,5604
delta_harmfulness,30,5623
delta_harmfulness,30,5628
delta_harmfulness,30,5649
delta_harmfulness,30,5650
delta_harmfulness,30,5667
delta_harmfulness,30,5671
delta_harmfulness,30,5680
delta_harmfulness,30,5691
delta_harmfulness,30,5707
delta_harmfulness,30,5710
delta_harmfulness,30,5716
delta_harmfulness,30,5733
delta_harmfulness,30,5741
delta_harmfulness,30,5752
delta_harmfulness,30,5754
delta_harmfulness,30,5765
delta_harmfulness,30,5783
delta_harmfulness,30,5789
delta_harmfulness,30,5793
delta_harmfulness,30,5794
delta_harmfulness,30,5797
delta_harmfulness,30,5803
delta_harmfulness,30,5805
delta_harmfulness,30,5814
delta_harmfulness,30,5821
delta_harmfulness,30,5825
delta_harmfulness,30,5831
delta_harmfulness,30,5846
delta_harmfulness,30,5853
delta_harmfulness,30,5855
delta_harmfulness,30,5858
delta_harmfulness,30,5860
delta_harmfulness,30,5866
delta_harmfulness,30,5869
delta_harmfulness,30,5872
delta_harmfulness,30,5877
delta_harmfulness,30,5884
delta_harmfulness,30,5889
delta_harmfulness,30,5892
delta_harmfulness,30,5896
delta_harmfulness,30,5900
delta_harmfulness,30,5901
delta_harmfulness,30,5903
delta_harmfulness,30,5905
delta_harmfulness,30,5908
delta_harmfulness,30,5915
delta_harmfulness,30,5917
delta_harmfulness,30,5919
delta_harmfulness,30,5933
delta_harmfulness,30,5936
delta_harmfulness,30,5942
delta_harmfulness,30,5946
delta_harmfulness,30,5948
delta_harmfulness,30,5951
delta_harmfulness,30,5974
delta_harmfulness,30,5976
delta_harmfulness,30,5983
delta_harmfulness,30,5985
delta_harmfulness,30,5990
delta_harmfulness,30,5996
delta_harmfulness,30,5998
delta_harmfulness,30,6001
delta_harmfulness,30,6033
delta_harmfulness,30,6065
delta_harmfulness,30,6078
delta_harmfulness,30,6080
delta_harmfulness,30,6083
delta_harmfulness,30,6101
delta_harmfulness,30,6142
delta_harmfulness,30,6156
delta_harmfulness,30,6159
delta_harmfulness,30,6168
delta_harmfulness,30,6178
delta_harmfulness,30,6181
delta_harmfulness,30,6189
delta_harmfulness,30,6197
delta_harmfulness,30,6203
delta_harmfulness,30,6211
delta_harmfulness,30,6220
delta_harmfulness,30,6225
delta_harmfulness,30,6228
delta_harmfulness,30,6233
delta_harmfulness,30,6255
delta_harmfulness,30,6265
delta_harmfulness,30,6269
delta_harmfulness,30,6275
delta_harmfulness,30,6286
delta_harmfulness,30,6293
delta_harmfulness,30,6297
delta_harmfulness,30,6300
delta_harmfulness,30,6320
delta_harmfulness,30,6339
delta_harmfulness,30,6351
delta_harmfulness,30,6367
delta_harmfulness,30,6372
delta_harmfulness,30,6378
delta_harmfulness,30,6383
delta_harmfulness,30,6389
delta_harmfulness,30,6396
delta_harmfulness,30,6404
delta_harmfulness,30,6420
delta_harmfulness,30,6433
delta_harmfulness,30,6450
delta_harmfulness,30,6460
delta_harmfulness,30,6462
delta_harmfulness,30,6464
delta_harmfulness,30,6466
delta_harmfulness,30,6469
delta_harmfulness,30,6471
delta_harmfulness,30,6481
delta_harmfulness,30,6491
delta_harmfulness,30,6502
delta_harmfulness,30,6539
delta_harmfulness,30,6552
delta_harmfulness,30,6555
delta_harmfulness,30,6564
delta_harmfulness,30,6590
delta_harmfulness,30,6591
delta_harmfulness,30,6592
delta_harmfulness,30,6595
delta_harmfulness,30,6602
delta_harmfulness,30,6609
delta_harmfulness,30,6616
delta_harmfulness,30,6619
delta_harmfulness,30,6623
delta_harmfulness,30,6632
delta_harmfulness,30,6640
delta_harmfulness,30,6646
delta_harmfulness,30,6661
delta_harmfulness,30,6663
delta_harmfulness,30,6669
delta_harmfulness,30,6682
delta_harmfulness,30,6687
delta_harmfulness,30,6705
delta_harmfulness,30,6716
delta_harmfulness,30,6718
delta_harmfulness,30,6725
delta_harmfulness,30,6750
delta_harmfulness,30,6759
delta_harmfulness,30,6764
delta_harmfulness,30,6774
delta_harmfulness,30,6782
delta_harmfulness,30,6790
delta_harmfulness,30,6806
delta_harmfulness,30,6812
delta_harmfulness,30,6815
delta_harmfulness,30,6816
delta_harmfulness,30,6829
delta_harmfulness,30,6835
delta_harmfulness,30,6837
delta_harmfulness,30,6841
delta_harmfulness,30,6846
delta_harmfulness,30,6847
delta_harmfulness,30,6853
delta_harmfulness,30,6854
delta_harmfulness,30,6860
delta_harmfulness,30,6862
delta_harmfulness,30,6863
delta_harmfulness,30,6867
delta_harmfulness,30,6868
delta_harmfulness,30,6871
delta_harmfulness,30,6884
delta_harmfulness,30,6894
delta_harmfulness,30,6897
delta_harmfulness,30,6906
delta_harmfulness,30,6931
delta_harmfulness,30,6932
delta_harmfulness,30,6933
delta_harmfulness,30,6937
delta_harmfulness,30,6954
delta_harmfulness,30,6959
delta_harmfulness,30,6961
delta_harmfulness,30,6970
delta_harmfulness,30,6976
delta_harmfulness,30,6983
delta_harmfulness,30,6989
delta_harmfulness,30,6993
delta_harmfulness,30,6999
delta_harmfulness,30,7004
delta_harmfulness,30,7018
delta_harmfulness,30,7026
delta_harmfulness,30,7032
delta_harmfulness,30,7038
delta_harmfulness,30,7052
delta_harmfulness,30,7062
delta_harmfulness,30,7063
delta_harmfulness,30,7075
delta_harmfulness,30,7087
delta_harmfulness,30,7089
delta_harmfulness,30,7090
delta_harmfulness,30,7097
delta_harmfulness,30,7106
delta_harmfulness,30,7111
delta_harmfulness,30,7127
delta_harmfulness,30,7136
delta_harmfulness,30,7146
delta_harmfulness,30,7148
delta_harmfulness,30,7149
delta_harmfulness,30,7156
delta_harmfulness,30,7174
delta_harmfulness,30,7176
delta_harmfulness,30,7185
delta_harmfulness,30,7194
delta_harmfulness,30,7204
delta_harmfulness,30,7208
delta_harmfulness,30,7209
delta_harmfulness,30,7222
delta_harmfulness,30,7233
delta_harmfulness,30,7253
delta_harmfulness,30,7280
delta_harmfulness,30,7293
delta_harmfulness,30,7301
delta_harmfulness,30,7304
delta_harmfulness,30,7305
delta_harmfulness,30,7311
delta_harmfulness,30,7329
delta_harmfulness,30,7331
delta_harmfulness,30,7375
delta_harmfulness,30,7388
delta_harmfulness,30,7399
delta_harmfulness,30,7410
delta_harmfulness,30,7420
delta_harmfulness,30,7422
delta_harmfulness,30,7431
delta_harmfulness,30,7434
delta_harmfulness,30,7439
delta_harmfulness,30,7451
delta_harmfulness,30,7460
delta_harmfulness,30,7473
delta_harmfulness,30,7479
delta_harmfulness,30,7490
delta_harmfulness,30,7491
delta_harmfulness,30,7492
delta_harmfulness,30,7506
delta_harmfulness,30,7509
delta_harmfulness,30,7545
delta_harmfulness,30,7562
delta_harmfulness,30,7564
delta_harmfulness,30,7570
delta_harmfulness,30,7575
delta_harmfulness,30,7579
delta_harmfulness,30,7594
delta_harmfulness,30,7597
delta_harmfulness,30,7612
delta_harmfulness,30,7623
delta_harmfulness,30,7643
delta_harmfulness,30,7652
delta_harmfulness,30,7656
delta_harmfulness,30,7661
delta_harmfulness,30,7663
delta_harmfulness,30,7668
delta_harmfulness,30,7672
delta_harmfulness,30,7674
delta_harmfulness,30,7675
delta_harmfulness,30,7684
delta_harmfulness,30,7687
delta_harmfulness,30,7688
delta_harmfulness,30,7695
delta_harmfulness,30,7697
delta_harmfulness,30,7703
delta_harmfulness,30,7717
delta_harmfulness,30,7724
delta_harmfulness,30,7727
delta_harmfulness,30,7749
delta_harmfulness,30,7751
delta_harmfulness,30,7755
delta_harmfulness,30,7772
delta_harmfulness,30,7782
delta_harmfulness,30,7813
delta_harmfulness,30,7814
delta_harmfulness,30,7819
delta_harmfulness,30,7834
delta_harmfulness,30,7864
delta_harmfulness,30,7866
delta_harmfulness,30,7872
delta_harmfulness,30,7908
delta_harmfulness,30,7944
delta_harmfulness,30,7953
delta_harmfulness,30,7972
delta_harmfulness,30,7973
delta_harmfulness,30,7979
delta_harmfulness,30,7985
delta_harmfulness,30,7998
delta_harmfulness,30,7999
delta_harmfulness,30,8003
delta_harmfulness,30,8009
delta_harmfulness,30,8023
delta_harmfulness,30,8028
delta_harmfulness,30,8030
delta_harmfulness,30,8041
delta_harmfulness,30,8061
delta_harmfulness,30,8076
delta_harmfulness,30,8078
delta_harmfulness,30,8096
delta_harmfulness,30,8099
delta_harmfulness,30,8131
delta_harmfulness,30,8132
delta_harmfulness,30,8135
delta_harmfulness,30,8142
delta_harmfulness,30,8143
delta_harmfulness,30,8156
delta_harmfulness,30,8189
delta_harmfulness,30,8191
delta_harmfulness,30,8192
delta_harmfulness,30,8213
delta_harmfulness,30,8215
delta_harmfulness,30,8223
delta_harmfulness,30,8225
delta_harmfulness,30,8226
delta_harmfulness,30,8227
delta_harmfulness,30,8241
delta_harmfulness,30,8242
delta_harmfulness,30,8246
delta_harmfulness,30,8248
delta_harmfulness,30,8278
delta_harmfulness,30,8280
delta_harmfulness,30,8287
delta_harmfulness,30,8289
delta_harmfulness,30,8309
delta_harmfulness,30,8312
delta_harmfulness,30,8321
delta_harmfulness,30,8349
delta_harmfulness,30,8364
delta_harmfulness,30,8371
delta_harmfulness,30,8373
delta_harmfulness,30,8381
delta_harmfulness,30,8382
delta_harmfulness,30,8388
delta_harmfulness,30,8392
delta_harmfulness,30,8412
delta_harmfulness,30,8418
delta_harmfulness,30,8431
delta_harmfulness,30,8434
delta_harmfulness,30,8454
delta_harmfulness,30,8472
delta_harmfulness,30,8484
delta_harmfulness,30,8491
delta_harmfulness,30,8495
delta_harmfulness,30,8539
delta_harmfulness,30,8560
delta_harmfulness,30,8562
delta_harmfulness,30,8578
delta_harmfulness,30,8589
delta_harmfulness,30,8599
delta_harmfulness,30,8604
delta_harmfulness,30,8609
delta_harmfulness,30,8610
delta_harmfulness,30,8621
delta_harmfulness,30,8627
delta_harmfulness,30,8631
delta_harmfulness,30,8634
delta_harmfulness,30,8639
delta_harmfulness,30,8640
delta_harmfulness,30,8652
delta_harmfulness,30,8666
delta_harmfulness,30,8676
delta_harmfulness,30,8677
delta_harmfulness,30,8679
delta_harmfulness,30,8681
delta_harmfulness,30,8689
delta_harmfulness,30,8711
delta_harmfulness,30,8716
delta_harmfulness,30,8717
delta_harmfulness,30,8726
delta_harmfulness,30,8729
delta_harmfulness,30,8732
delta_harmfulness,30,8734
delta_harmfulness,30,8737
delta_harmfulness,30,8751
delta_harmfulness,30,8774
delta_harmfulness,30,8784
delta_harmfulness,30,8791
delta_harmfulness,30,8799
delta_harmfulness,30,8817
delta_harmfulness,30,8823
delta_harmfulness,30,8853
delta_harmfulness,30,8859
delta_harmfulness,30,8868
delta_harmfulness,30,8873
delta_harmfulness,30,8891
delta_harmfulness,30,8892
delta_harmfulness,30,8905
delta_harmfulness,30,8909
delta_harmfulness,30,8911
delta_harmfulness,30,8919
delta_harmfulness,30,8923
delta_harmfulness,30,8925
delta_harmfulness,30,8940
delta_harmfulness,30,8960
delta_harmfulness,30,9027
delta_harmfulness,30,9028
delta_harmfulness,30,9043
delta_harmfulness,30,9049
delta_harmfulness,30,9057
delta_harmfulness,30,9061
delta_harmfulness,30,9075
delta_harmfulness,30,9086
delta_harmfulness,30,9090
delta_harmfulness,30,9094
delta_harmfulness,30,9101
delta_harmfulness,30,9105
delta_harmfulness,30,9114
delta_harmfulness,30,9116
delta_harmfulness,30,9126
delta_harmfulness,30,9136
delta_harmfulness,30,9137
delta_harmfulness,30,9138
delta_harmfulness,30,9143
delta_harmfulness,30,9150
delta_harmfulness,30,9151
delta_harmfulness,30,9156
delta_harmfulness,30,9160
delta_harmfulness,30,9170
delta_harmfulness,30,9177
delta_harmfulness,30,9205
delta_harmfulness,30,9208
delta_harmfulness,30,9215
delta_harmfulness,30,9230
delta_harmfulness,30,9232
delta_harmfulness,30,9234
delta_harmfulness,30,9237
delta_harmfulness,30,9246
delta_harmfulness,30,9247
delta_harmfulness,30,9255
delta_harmfulness,30,9264
delta_harmfulness,30,9276
delta_harmfulness,30,9286
delta_harmfulness,30,9304
delta_harmfulness,30,9314
delta_harmfulness,30,9318
delta_harmfulness,30,9323
delta_harmfulness,30,9324
delta_harmfulness,30,9331
delta_harmfulness,30,9333
delta_harmfulness,30,9335
delta_harmfulness,30,9339
delta_harmfulness,30,9346
delta_harmfulness,30,9350
delta_harmfulness,30,9358
delta_harmfulness,30,9360
delta_harmfulness,30,9373
delta_harmfulness,30,9375
delta_harmfulness,30,9377
delta_harmfulness,30,9391
delta_harmfulness,30,9405
delta_harmfulness,30,9415
delta_harmfulness,30,9417
delta_harmfulness,30,9433
delta_harmfulness,30,9436
delta_harmfulness,30,9441
delta_harmfulness,30,9447
delta_harmfulness,30,9457
delta_harmfulness,30,9465
delta_harmfulness,30,9495
delta_harmfulness,30,9499
delta_harmfulness,30,9504
delta_harmfulness,30,9523
delta_harmfulness,30,9540
delta_harmfulness,30,9544
delta_harmfulness,30,9554
delta_harmfulness,30,9560
delta_harmfulness,30,9567
delta_harmfulness,30,9572
delta_harmfulness,30,9575
delta_harmfulness,30,9583
delta_harmfulness,30,9591
delta_harmfulness,30,9604
delta_harmfulness,30,9608
delta_harmfulness,30,9614
delta_harmfulness,30,9621
delta_harmfulness,30,9624
delta_harmfulness,30,9628
delta_harmfulness,30,9631
delta_harmfulness,30,9634
delta_harmfulness,30,9637
delta_harmfulness,30,9639
delta_harmfulness,30,9644
delta_harmfulness,30,9648
delta_harmfulness,30,9653
delta_harmfulness,30,9654
delta_harmfulness,30,9657
delta_harmfulness,30,9670
delta_harmfulness,30,9680
delta_harmfulness,30,9683
delta_harmfulness,30,9690
delta_harmfulness,30,9691
delta_harmfulness,30,9697
delta_harmfulness,30,9706
delta_harmfulness,30,9708
delta_harmfulness,30,9713
delta_harmfulness,30,9715
delta_harmfulness,30,9719
delta_harmfulness,30,9724
delta_harmfulness,30,9725
delta_harmfulness,30,9734
delta_harmfulness,30,9737
delta_harmfulness,30,9739
delta_harmfulness,30,9745
delta_harmfulness,30,9755
delta_harmfulness,30,9759
delta_harmfulness,30,9769
delta_harmfulness,30,9772
delta_harmfulness,30,9782
delta_harmfulness,30,9788
delta_harmfulness,30,9804
delta_harmfulness,30,9832
delta_harmfulness,30,9840
delta_harmfulness,30,9842
delta_harmfulness,30,9853
delta_harmfulness,30,9883
delta_harmfulness,30,9891
delta_harmfulness,30,9892
delta_harmfulness,30,9894
delta_harmfulness,30,9901
delta_harmfulness,30,9908
delta_harmfulness,30,9949
delta_harmfulness,30,9955
delta_harmfulness,30,9965
delta_harmfulness,30,9995
delta_harmfulness,30,9999
delta_harmfulness,30,10006
delta_harmfulness,30,10010
delta_harmfulness,30,10027
delta_harmfulness,30,10029
delta_harmfulness,30,10032
delta_harmfulness,30,10044
delta_harmfulness,30,10050
delta_harmfulness,30,10051
delta_harmfulness,30,10062
delta_harmfulness,30,10083
delta_harmfulness,30,10094
delta_harmfulness,30,10106
delta_harmfulness,30,10111
delta_harmfulness,30,10115
delta_harmfulness,30,10116
delta_harmfulness,30,10131
delta_harmfulness,30,10135
delta_harmfulness,30,10136
delta_harmfulness,30,10139
delta_harmfulness,30,10156
delta_harmfulness,30,10168
delta_harmfulness,30,10179
delta_harmfulness,30,10184
delta_harmfulness,30,10187
delta_harmfulness,30,10196
delta_harmfulness,30,10206
delta_harmfulness,30,10222
delta_harmfulness,30,10224
delta_harmfulness,30,10244
delta_harmfulness,30,10250
delta_harmfulness,30,10287
delta_harmfulness,30,10291
delta_harmfulness,30,10302
delta_harmfulness,30,10308
delta_harmfulness,30,10312
delta_harmfulness,30,10325
delta_harmfulness,30,10327
delta_harmfulness,30,10330
delta_harmfulness,30,10335
delta_harmfulness,30,10346
delta_harmfulness,30,10350
delta_harmfulness,30,10364
delta_harmfulness,30,10371
delta_harmfulness,30,10386
delta_harmfulness,30,10394
delta_harmfulness,30,10400
delta_harmfulness,30,10408
delta_harmfulness,30,10420
delta_harmfulness,30,10431
delta_harmfulness,30,10440
delta_harmfulness,30,10445
delta_harmfulness,30,10473
delta_harmfulness,30,10476
delta_harmfulness,30,10486
delta_harmfulness,30,10493
delta_harmfulness,30,10495
delta_harmfulness,30,10497
delta_harmfulness,30,10507
delta_harmfulness,30,10508
delta_harmfulness,30,10519
delta_harmfulness,30,10522
delta_harmfulness,30,10523
delta_harmfulness,30,10537
delta_harmfulness,30,10548
delta_harmfulness,30,10549
delta_harmfulness,30,10551
delta_harmfulness,30,10562
delta_harmfulness,30,10563
delta_harmfulness,30,10586
delta_harmfulness,30,10602
delta_harmfulness,30,10634
delta_harmfulness,30,10648
delta_harmfulness,30,10659
delta_harmfulness,30,10661
delta_harmfulness,30,10663
delta_harmfulness,30,10672
delta_harmfulness,30,10680
delta_harmfulness,30,10682
delta_harmfulness,30,10686
delta_harmfulness,30,10709
delta_harmfulness,30,10711
delta_harmfulness,30,10725
delta_harmfulness,30,10726
delta_harmfulness,30,10732
delta_harmfulness,30,10768
delta_harmfulness,30,10774
delta_harmfulness,30,10783
delta_harmfulness,30,10788
delta_harmfulness,30,10793
delta_harmfulness,30,10794
delta_harmfulness,30,10811
delta_harmfulness,30,10816
delta_harmfulness,30,10830
delta_harmfulness,30,10840
delta_harmfulness,30,10849
delta_harmfulness,30,10853
delta_harmfulness,30,10855
delta_harmfulness,30,10869
delta_harmfulness,30,10875
delta_harmfulness,30,10879
delta_harmfulness,30,10896
delta_harmfulness,30,10902
delta_harmfulness,30,10904
delta_harmfulness,30,10923
delta_harmfulness,30,10932
delta_harmfulness,30,10933
delta_harmfulness,30,10949
delta_harmfulness,30,10950
delta_harmfulness,30,10952
delta_harmfulness,30,10963
delta_harmfulness,30,10989
delta_harmfulness,30,10997
delta_harmfulness,30,11007
delta_harmfulness,30,11022
delta_harmfulness,30,11027
delta_harmfulness,30,11031
delta_harmfulness,30,11046
delta_harmfulness,30,11050
delta_harmfulness,30,11054
delta_harmfulness,30,11065
delta_harmfulness,30,11086
delta_harmfulness,30,11089
delta_harmfulness,30,11103
delta_harmfulness,30,11104
delta_harmfulness,30,11110
delta_harmfulness,30,11115
delta_harmfulness,30,11132
delta_harmfulness,30,11157
delta_harmfulness,30,11182
delta_harmfulness,30,11184
delta_harmfulness,30,11188
delta_harmfulness,30,11213
delta_harmfulness,30,11219
delta_harmfulness,30,11226
delta_harmfulness,30,11234
delta_harmfulness,30,11244
delta_harmfulness,30,11253
delta_harmfulness,30,11268
delta_harmfulness,30,11277
delta_harmfulness,30,11303
delta_harmfulness,30,11305
delta_harmfulness,30,11311
delta_harmfulness,30,11319
delta_harmfulness,30,11340
delta_harmfulness,30,11341
delta_harmfulness,30,11344
delta_harmfulness,30,11345
delta_harmfulness,30,11349
delta_harmfulness,30,11354
delta_harmfulness,30,11369
delta_harmfulness,30,11402
delta_harmfulness,30,11408
delta_harmfulness,30,11423
delta_harmfulness,30,11430
delta_harmfulness,30,11436
delta_harmfulness,30,11441
delta_harmfulness,30,11449
delta_harmfulness,30,11471
delta_harmfulness,30,11472
delta_harmfulness,30,11504
delta_harmfulness,30,11510
delta_harmfulness,30,11516
delta_harmfulness,30,11527
delta_harmfulness,30,11528
delta_harmfulness,30,11531
delta_harmfulness,30,11533
delta_harmfulness,30,11535
delta_harmfulness,30,11537
delta_harmfulness,30,11547
delta_harmfulness,30,11548
delta_harmfulness,30,11551
delta_harmfulness,30,11557
delta_harmfulness,30,11569
delta_harmfulness,30,11574
delta_harmfulness,30,11578
delta_harmfulness,30,11580
delta_harmfulness,30,11587
delta_harmfulness,30,11603
delta_harmfulness,30,11612
delta_harmfulness,30,11619
delta_harmfulness,30,11631
delta_harmfulness,30,11638
delta_harmfulness,30,11659
delta_harmfulness,30,11660
delta_harmfulness,30,11665
delta_harmfulness,30,11669
delta_harmfulness,30,11674
delta_harmfulness,30,11701
delta_harmfulness,30,11725
delta_harmfulness,30,11736
delta_harmfulness,30,11744
delta_harmfulness,30,11752
delta_harmfulness,30,11796
delta_harmfulness,30,11820
delta_harmfulness,30,11826
delta_harmfulness,30,11831
delta_harmfulness,30,11837
delta_harmfulness,30,11840
delta_harmfulness,30,11848
delta_harmfulness,30,11850
delta_harmfulness,30,11856
delta_harmfulness,30,11858
delta_harmfulness,30,11864
delta_harmfulness,30,11883
delta_harmfulness,30,11888
delta_harmfulness,30,11889
delta_harmfulness,30,11891
delta_harmfulness,30,11911
delta_harmfulness,30,11914
delta_harmfulness,30,11920
delta_harmfulness,30,11926
delta_harmfulness,30,11957
delta_harmfulness,30,11960
delta_harmfulness,30,11965
delta_harmfulness,30,11970
delta_harmfulness,30,11976
delta_harmfulness,30,11980
delta_harmfulness,30,11997
delta_harmfulness,30,12011
delta_harmfulness,30,12012
delta_harmfulness,30,12013
delta_harmfulness,30,12016
delta_harmfulness,30,12022
delta_harmfulness,30,12025
delta_harmfulness,30,12026
delta_harmfulness,30,12035
delta_harmfulness,30,12041
delta_harmfulness,30,12043
delta_harmfulness,30,12057
delta_harmfulness,30,12069
delta_harmfulness,30,12073
delta_harmfulness,30,12089
delta_harmfulness,30,12090
delta_harmfulness,30,12094
delta_harmfulness,30,12099
delta_harmfulness,30,12107
delta_harmfulness,30,12108
delta_harmfulness,30,12115
delta_harmfulness,30,12125
delta_harmfulness,30,12138
delta_harmfulness,30,12142
delta_harmfulness,30,12150
delta_harmfulness,30,12154
delta_harmfulness,30,12159
delta_harmfulness,30,12161
delta_harmfulness,30,12176
delta_harmfulness,30,12185
delta_harmfulness,30,12187
delta_harmfulness,30,12196
delta_harmfulness,30,12199
delta_harmfulness,30,12202
delta_harmfulness,30,12224
delta_harmfulness,30,12233
delta_harmfulness,30,12245
delta_harmfulness,30,12246
delta_harmfulness,30,12255
delta_harmfulness,30,12258
delta_harmfulness,30,12263
delta_harmfulness,30,12265
delta_harmfulness,30,12283
delta_harmfulness,30,12287
delta_harmfulness,30,12294
delta_harmfulness,30,12302
delta_harmfulness,30,12303
delta_harmfulness,30,12333
delta_harmfulness,30,12337
delta_harmfulness,30,12341
delta_harmfulness,30,12355
delta_harmfulness,30,12371
delta_harmfulness,30,12381
delta_harmfulness,30,12382
delta_harmfulness,30,12387
delta_harmfulness,30,12395
delta_harmfulness,30,12406
delta_harmfulness,30,12408
delta_harmfulness,30,12413
delta_harmfulness,30,12423
delta_harmfulness,30,12429
delta_harmfulness,30,12435
delta_harmfulness,30,12440
delta_harmfulness,30,12446
delta_harmfulness,30,12460
delta_harmfulness,30,12473
delta_harmfulness,30,12474
delta_harmfulness,30,12484
delta_harmfulness,30,12489
delta_harmfulness,30,12490
delta_harmfulness,30,12491
delta_harmfulness,30,12495
delta_harmfulness,30,12499
delta_harmfulness,30,12507
delta_harmfulness,30,12508
delta_harmfulness,30,12520
delta_harmfulness,30,12530
delta_harmfulness,30,12541
delta_harmfulness,30,12543
delta_harmfulness,30,12544
delta_harmfulness,30,12552
delta_harmfulness,30,12562
delta_harmfulness,30,12563
delta_harmfulness,30,12568
delta_harmfulness,30,12570
delta_harmfulness,30,12586
delta_harmfulness,30,12641
delta_harmfulness,30,12644
delta_harmfulness,30,12645
delta_harmfulness,30,12656
delta_harmfulness,30,12677
delta_harmfulness,30,12691
delta_harmfulness,30,12709
delta_harmfulness,30,12713
delta_harmfulness,30,12720
delta_harmfulness,30,12724
delta_harmfulness,30,12730
delta_harmfulness,30,12741
delta_harmfulness,30,12746
delta_harmfulness,30,12769
delta_harmfulness,30,12771
delta_harmfulness,30,12772
delta_harmfulness,30,12786
delta_harmfulness,30,12799
delta_harmfulness,30,12805
delta_harmfulness,30,12811
delta_harmfulness,30,12814
delta_harmfulness,30,12824
delta_harmfulness,30,12836
delta_harmfulness,30,12843
delta_harmfulness,30,12861
delta_harmfulness,30,12862
delta_harmfulness,30,12878
delta_harmfulness,30,12893
delta_harmfulness,30,12903
delta_harmfulness,30,12915
delta_harmfulness,30,12916
delta_harmfulness,30,12926
delta_harmfulness,30,12950
delta_harmfulness,30,12951
delta_harmfulness,30,12952
delta_harmfulness,30,12964
delta_harmfulness,30,12965
delta_harmfulness,30,12967
delta_harmfulness,30,12988
delta_harmfulness,30,12993
delta_harmfulness,30,12994
delta_harmfulness,30,13011
delta_harmfulness,30,13012
delta_harmfulness,30,13018
delta_harmfulness,30,13024
delta_harmfulness,30,13029
delta_harmfulness,30,13031
delta_harmfulness,30,13032
delta_harmfulness,30,13047
delta_harmfulness,30,13048
delta_harmfulness,30,13056
delta_harmfulness,30,13059
delta_harmfulness,30,13060
delta_harmfulness,30,13076
delta_harmfulness,30,13084
delta_harmfulness,30,13087
delta_harmfulness,30,13111
delta_harmfulness,30,13114
delta_harmfulness,30,13115
delta_harmfulness,30,13122
delta_harmfulness,30,13146
delta_harmfulness,30,13150
delta_harmfulness,30,13174
delta_harmfulness,30,13178
delta_harmfulness,30,13195
delta_harmfulness,30,13196
delta_harmfulness,30,13203
delta_harmfulness,30,13219
delta_harmfulness,30,13226
delta_harmfulness,30,13227
delta_harmfulness,30,13252
delta_harmfulness,30,13258
delta_harmfulness,30,13260
delta_harmfulness,30,13279
delta_harmfulness,30,13282
delta_harmfulness,30,13301
delta_harmfulness,30,13309
delta_harmfulness,30,13310
delta_harmfulness,30,13314
delta_harmfulness,30,13334
delta_harmfulness,30,13342
delta_harmfulness,30,13344
delta_harmfulness,30,13349
delta_harmfulness,30,13350
delta_harmfulness,30,13352
delta_harmfulness,30,13364
delta_harmfulness,30,13366
delta_harmfulness,30,13393
delta_harmfulness,30,13414
delta_harmfulness,30,13422
delta_harmfulness,30,13424
delta_harmfulness,30,13450
delta_harmfulness,30,13469
delta_harmfulness,30,13471
delta_harmfulness,30,13473
delta_harmfulness,30,13487
delta_harmfulness,30,13496
delta_harmfulness,30,13497
delta_harmfulness,30,13513
delta_harmfulness,30,13546
delta_harmfulness,30,13548
delta_harmfulness,30,13551
delta_harmfulness,30,13567
delta_harmfulness,30,13571
delta_harmfulness,30,13572
delta_harmfulness,30,13587
delta_harmfulness,30,13593
delta_harmfulness,30,13601
delta_harmfulness,30,13607
delta_harmfulness,30,13608
delta_harmfulness,30,13623
delta_harmfulness,30,13636
delta_harmfulness,30,13638
delta_harmfulness,30,13644
delta_harmfulness,30,13660
delta_harmfulness,30,13665
delta_harmfulness,30,13670
delta_harmfulness,30,13686
delta_harmfulness,30,13693
delta_harmfulness,30,13699
delta_harmfulness,30,13707
delta_harmfulness,30,13710
delta_harmfulness,30,13714
delta_harmfulness,30,13719
delta_harmfulness,30,13720
delta_harmfulness,30,13724
delta_harmfulness,30,13737
delta_harmfulness,30,13738
delta_harmfulness,30,13759
delta_harmfulness,30,13795
delta_harmfulness,30,13818
delta_harmfulness,30,13822
delta_harmfulness,30,13831
delta_harmfulness,30,13840
delta_harmfulness,30,13846
delta_harmfulness,30,13848
delta_harmfulness,30,13855
delta_harmfulness,30,13859
delta_harmfulness,30,13869
delta_harmfulness,30,13880
delta_harmfulness,30,13882
delta_harmfulness,30,13884
delta_harmfulness,30,13901
delta_harmfulness,30,13913
delta_harmfulness,30,13922
delta_harmfulness,30,13923
delta_harmfulness,30,13931
delta_harmfulness,30,13939
delta_harmfulness,30,13949
delta_harmfulness,30,13957
delta_harmfulness,30,13972
delta_harmfulness,30,13984
delta_harmfulness,30,13990
delta_harmfulness,30,13995
delta_harmfulness,30,14024
delta_harmfulness,30,14049
delta_harmfulness,30,14062
delta_harmfulness,30,14068
delta_harmfulness,30,14073
delta_harmfulness,30,14084
delta_harmfulness,30,14091
delta_harmfulness,30,14092
delta_harmfulness,30,14109
delta_harmfulness,30,14117
delta_harmfulness,30,14128
delta_harmfulness,30,14130
delta_harmfulness,30,14134
delta_harmfulness,30,14142
delta_harmfulness,30,14144
delta_harmfulness,30,14154
delta_harmfulness,30,14173
delta_harmfulness,30,14197
delta_harmfulness,30,14200
delta_harmfulness,30,14206
delta_harmfulness,30,14215
delta_harmfulness,30,14221
delta_harmfulness,30,14228
delta_harmfulness,30,14233
delta_harmfulness,30,14237
delta_harmfulness,30,14240
delta_harmfulness,30,14244
delta_harmfulness,30,14257
delta_harmfulness,30,14261
delta_harmfulness,30,14276
delta_harmfulness,30,14298
delta_harmfulness,30,14304
delta_harmfulness,30,14311
delta_harmfulness,31,3
delta_harmfulness,31,4
delta_harmfulness,31,6
delta_harmfulness,31,7
delta_harmfulness,31,8
delta_harmfulness,31,15
delta_harmfulness,31,16
delta_harmfulness,31,20
delta_harmfulness,31,25
delta_harmfulness,31,26
delta_harmfulness,31,29
delta_harmfulness,31,30
delta_harmfulness,31,38
delta_harmfulness,31,39
delta_harmfulness,31,41
delta_harmfulness,31,42
delta_harmfulness,31,45
delta_harmfulness,31,47
delta_harmfulness,31,61
delta_harmfulness,31,63
delta_harmfulness,31,66
delta_harmfulness,31,74
delta_harmfulness,31,77
delta_harmfulness,31,78
delta_harmfulness,31,89
delta_harmfulness,31,95
delta_harmfulness,31,101
delta_harmfulness,31,102
delta_harmfulness,31,105
delta_harmfulness,31,106
delta_harmfulness,31,109
delta_harmfulness,31,110
delta_harmfulness,31,111
delta_harmfulness,31,116
delta_harmfulness,31,122
delta_harmfulness,31,124
delta_harmfulness,31,126
delta_harmfulness,31,127
delta_harmfulness,31,129
delta_harmfulness,31,142
delta_harmfulness,31,147
delta_harmfulness,31,154
delta_harmfulness,31,164
delta_harmfulness,31,176
delta_harmfulness,31,178
delta_harmfulness,31,181
delta_harmfulness,31,184
delta_harmfulness,31,186
delta_harmfulness,31,191
delta_harmfulness,31,200
delta_harmfulness,31,210
delta_harmfulness,31,213
delta_harmfulness,31,217
delta_harmfulness,31,218
delta_harmfulness,31,223
delta_harmfulness,31,233
delta_harmfulness,31,248
delta_harmfulness,31,254
delta_harmfulness,31,255
delta_harmfulness,31,260
delta_harmfulness,31,265
delta_harmfulness,31,267
delta_harmfulness,31,269
delta_harmfulness,31,271
delta_harmfulness,31,273
delta_harmfulness,31,276
delta_harmfulness,31,280
delta_harmfulness,31,287
delta_harmfulness,31,288
delta_harmfulness,31,289
delta_harmfulness,31,296
delta_harmfulness,31,300
delta_harmfulness,31,310
delta_harmfulness,31,311
delta_harmfulness,31,314
delta_harmfulness,31,316
delta_harmfulness,31,327
delta_harmfulness,31,335
delta_harmfulness,31,338
delta_harmfulness,31,344
delta_harmfulness,31,345
delta_harmfulness,31,349
delta_harmfulness,31,350
delta_harmfulness,31,353
delta_harmfulness,31,354
delta_harmfulness,31,357
delta_harmfulness,31,359
delta_harmfulness,31,363
delta_harmfulness,31,367
delta_harmfulness,31,368
delta_harmfulness,31,369
delta_harmfulness,31,374
delta_harmfulness,31,380
delta_harmfulness,31,381
delta_harmfulness,31,382
delta_harmfulness,31,385
delta_harmfulness,31,394
delta_harmfulness,31,395
delta_harmfulness,31,402
delta_harmfulness,31,403
delta_harmfulness,31,406
delta_harmfulness,31,416
delta_harmfulness,31,420
delta_harmfulness,31,427
delta_harmfulness,31,429
delta_harmfulness,31,430
delta_harmfulness,31,434
delta_harmfulness,31,437
delta_harmfulness,31,449
delta_harmfulness,31,455
delta_harmfulness,31,462
delta_harmfulness,31,473
delta_harmfulness,31,477
delta_harmfulness,31,483
delta_harmfulness,31,486
delta_harmfulness,31,492
delta_harmfulness,31,507
delta_harmfulness,31,508
delta_harmfulness,31,511
delta_harmfulness,31,515
delta_harmfulness,31,516
delta_harmfulness,31,526
delta_harmfulness,31,528
delta_harmfulness,31,529
delta_harmfulness,31,531
delta_harmfulness,31,537
delta_harmfulness,31,538
delta_harmfulness,31,539
delta_harmfulness,31,552
delta_harmfulness,31,556
delta_harmfulness,31,557
delta_harmfulness,31,561
delta_harmfulness,31,565
delta_harmfulness,31,566
delta_harmfulness,31,568
delta_harmfulness,31,570
delta_harmfulness,31,574
delta_harmfulness,31,577
delta_harmfulness,31,581
delta_harmfulness,31,594
delta_harmfulness,31,595
delta_harmfulness,31,599
delta_harmfulness,31,600
delta_harmfulness,31,608
delta_harmfulness,31,609
delta_harmfulness,31,610
delta_harmfulness,31,615
delta_harmfulness,31,628
delta_harmfulness,31,629
delta_harmfulness,31,630
delta_harmfulness,31,632
delta_harmfulness,31,635
delta_harmfulness,31,639
delta_harmfulness,31,644
delta_harmfulness,31,649
delta_harmfulness,31,651
delta_harmfulness,31,656
delta_harmfulness,31,658
delta_harmfulness,31,662
delta_harmfulness,31,674
delta_harmfulness,31,679
delta_harmfulness,31,680
delta_harmfulness,31,683
delta_harmfulness,31,694
delta_harmfulness,31,699
delta_harmfulness,31,703
delta_harmfulness,31,704
delta_harmfulness,31,711
delta_harmfulness,31,714
delta_harmfulness,31,715
delta_harmfulness,31,730
delta_harmfulness,31,732
delta_harmfulness,31,733
delta_harmfulness,31,737
delta_harmfulness,31,740
delta_harmfulness,31,742
delta_harmfulness,31,744
delta_harmfulness,31,747
delta_harmfulness,31,756
delta_harmfulness,31,765
delta_harmfulness,31,768
delta_harmfulness,31,772
delta_harmfulness,31,774
delta_harmfulness,31,775
delta_harmfulness,31,786
delta_harmfulness,31,789
delta_harmfulness,31,794
delta_harmfulness,31,801
delta_harmfulness,31,803
delta_harmfulness,31,806
delta_harmfulness,31,816
delta_harmfulness,31,830
delta_harmfulness,31,833
delta_harmfulness,31,837
delta_harmfulness,31,838
delta_harmfulness,31,840
delta_harmfulness,31,844
delta_harmfulness,31,847
delta_harmfulness,31,850
delta_harmfulness,31,851
delta_harmfulness,31,855
delta_harmfulness,31,857
delta_harmfulness,31,866
delta_harmfulness,31,872
delta_harmfulness,31,879
delta_harmfulness,31,883
delta_harmfulness,31,887
delta_harmfulness,31,888
delta_harmfulness,31,890
delta_harmfulness,31,893
delta_harmfulness,31,896
delta_harmfulness,31,900
delta_harmfulness,31,904
delta_harmfulness,31,906
delta_harmfulness,31,924
delta_harmfulness,31,931
delta_harmfulness,31,932
delta_harmfulness,31,933
delta_harmfulness,31,941
delta_harmfulness,31,946
delta_harmfulness,31,953
delta_harmfulness,31,955
delta_harmfulness,31,956
delta_harmfulness,31,963
delta_harmfulness,31,964
delta_harmfulness,31,965
delta_harmfulness,31,992
delta_harmfulness,31,993
delta_harmfulness,31,996
delta_harmfulness,31,997
delta_harmfulness,31,1000
delta_harmfulness,31,1008
delta_harmfulness,31,1028
delta_harmfulness,31,1032
delta_harmfulness,31,1033
delta_harmfulness,31,1037
delta_harmfulness,31,1046
delta_harmfulness,31,1050
delta_harmfulness,31,1052
delta_harmfulness,31,1057
delta_harmfulness,31,1058
delta_harmfulness,31,1066
delta_harmfulness,31,1070
delta_harmfulness,31,1071
delta_harmfulness,31,1072
delta_harmfulness,31,1074
delta_harmfulness,31,1076
delta_harmfulness,31,1078
delta_harmfulness,31,1079
delta_harmfulness,31,1080
delta_harmfulness,31,1084
delta_harmfulness,31,1086
delta_harmfulness,31,1090
delta_harmfulness,31,1095
delta_harmfulness,31,1098
delta_harmfulness,31,1101
delta_harmfulness,31,1109
delta_harmfulness,31,1117
delta_harmfulness,31,1118
delta_harmfulness,31,1119
delta_harmfulness,31,1121
delta_harmfulness,31,1124
delta_harmfulness,31,1126
delta_harmfulness,31,1128
delta_harmfulness,31,1129
delta_harmfulness,31,1130
delta_harmfulness,31,1134
delta_harmfulness,31,1135
delta_harmfulness,31,1136
delta_harmfulness,31,1139
delta_harmfulness,31,1145
delta_harmfulness,31,1149
delta_harmfulness,31,1157
delta_harmfulness,31,1159
delta_harmfulness,31,1163
delta_harmfulness,31,1164
delta_harmfulness,31,1165
delta_harmfulness,31,1166
delta_harmfulness,31,1170
delta_harmfulness,31,1174
delta_harmfulness,31,1176
delta_harmfulness,31,1178
delta_harmfulness,31,1186
delta_harmfulness,31,1190
delta_harmfulness,31,1192
delta_harmfulness,31,1193
delta_harmfulness,31,1199
delta_harmfulness,31,1201
delta_harmfulness,31,1202
delta_harmfulness,31,1206
delta_harmfulness,31,1209
delta_harmfulness,31,1217
delta_harmfulness,31,1218
delta_harmfulness,31,1220
delta_harmfulness,31,1226
delta_harmfulness,31,1228
delta_harmfulness,31,1232
delta_harmfulness,31,1233
delta_harmfulness,31,1236
delta_harmfulness,31,1239
delta_harmfulness,31,1244
delta_harmfulness,31,1247
delta_harmfulness,31,1253
delta_harmfulness,31,1259
delta_harmfulness,31,1264
delta_harmfulness,31,1269
delta_harmfulness,31,1270
delta_harmfulness,31,1286
delta_harmfulness,31,1288
delta_harmfulness,31,1301
delta_harmfulness,31,1304
delta_harmfulness,31,1306
delta_harmfulness,31,1309
delta_harmfulness,31,1313
delta_harmfulness,31,1314
delta_harmfulness,31,1320
delta_harmfulness,31,1324
delta_harmfulness,31,1331
delta_harmfulness,31,1332
delta_harmfulness,31,1340
delta_harmfulness,31,1343
delta_harmfulness,31,1351
delta_harmfulness,31,1360
delta_harmfulness,31,1364
delta_harmfulness,31,1380
delta_harmfulness,31,1383
delta_harmfulness,31,1386
delta_harmfulness,31,1389
delta_harmfulness,31,1395
delta_harmfulness,31,1398
delta_harmfulness,31,1405
delta_harmfulness,31,1425
delta_harmfulness,31,1429
delta_harmfulness,31,1435
delta_harmfulness,31,1437
delta_harmfulness,31,1447
delta_harmfulness,31,1457
delta_harmfulness,31,1460
delta_harmfulness,31,1461
delta_harmfulness,31,1470
delta_harmfulness,31,1487
delta_harmfulness,31,1488
delta_harmfulness,31,1493
delta_harmfulness,31,1501
delta_harmfulness,31,1506
delta_harmfulness,31,1507
delta_harmfulness,31,1509
delta_harmfulness,31,1510
delta_harmfulness,31,1511
delta_harmfulness,31,1513
delta_harmfulness,31,1514
delta_harmfulness,31,1516
delta_harmfulness,31,1519
delta_harmfulness,31,1532
delta_harmfulness,31,1534
delta_harmfulness,31,1542
delta_harmfulness,31,1543
delta_harmfulness,31,1544
delta_harmfulness,31,1548
delta_harmfulness,31,1558
delta_harmfulness,31,1559
delta_harmfulness,31,1572
delta_harmfulness,31,1576
delta_harmfulness,31,1582
delta_harmfulness,31,1584
delta_harmfulness,31,1585
delta_harmfulness,31,1586
delta_harmfulness,31,1587
delta_harmfulness,31,1593
delta_harmfulness,31,1594
delta_harmfulness,31,1598
delta_harmfulness,31,1601
delta_harmfulness,31,1609
delta_harmfulness,31,1614
delta_harmfulness,31,1615
delta_harmfulness,31,1625
delta_harmfulness,31,1626
delta_harmfulness,31,1632
delta_harmfulness,31,1637
delta_harmfulness,31,1652
delta_harmfulness,31,1654
delta_harmfulness,31,1662
delta_harmfulness,31,1668
delta_harmfulness,31,1674
delta_harmfulness,31,1677
delta_harmfulness,31,1678
delta_harmfulness,31,1681
delta_harmfulness,31,1698
delta_harmfulness,31,1705
delta_harmfulness,31,1712
delta_harmfulness,31,1717
delta_harmfulness,31,1718
delta_harmfulness,31,1722
delta_harmfulness,31,1728
delta_harmfulness,31,1730
delta_harmfulness,31,1739
delta_harmfulness,31,1741
delta_harmfulness,31,1742
delta_harmfulness,31,1747
delta_harmfulness,31,1749
delta_harmfulness,31,1755
delta_harmfulness,31,1758
delta_harmfulness,31,1760
delta_harmfulness,31,1781
delta_harmfulness,31,1788
delta_harmfulness,31,1791
delta_harmfulness,31,1793
delta_harmfulness,31,1798
delta_harmfulness,31,1800
delta_harmfulness,31,1802
delta_harmfulness,31,1804
delta_harmfulness,31,1811
delta_harmfulness,31,1813
delta_harmfulness,31,1815
delta_harmfulness,31,1816
delta_harmfulness,31,1822
delta_harmfulness,31,1824
delta_harmfulness,31,1830
delta_harmfulness,31,1831
delta_harmfulness,31,1834
delta_harmfulness,31,1840
delta_harmfulness,31,1851
delta_harmfulness,31,1852
delta_harmfulness,31,1859
delta_harmfulness,31,1868
delta_harmfulness,31,1874
delta_harmfulness,31,1876
delta_harmfulness,31,1880
delta_harmfulness,31,1881
delta_harmfulness,31,1887
delta_harmfulness,31,1890
delta_harmfulness,31,1901
delta_harmfulness,31,1915
delta_harmfulness,31,1918
delta_harmfulness,31,1919
delta_harmfulness,31,1922
delta_harmfulness,31,1933
delta_harmfulness,31,1934
delta_harmfulness,31,1936
delta_harmfulness,31,1938
delta_harmfulness,31,1940
delta_harmfulness,31,1943
delta_harmfulness,31,1946
delta_harmfulness,31,1947
delta_harmfulness,31,1948
delta_harmfulness,31,1949
delta_harmfulness,31,1951
delta_harmfulness,31,1955
delta_harmfulness,31,1961
delta_harmfulness,31,1967
delta_harmfulness,31,1973
delta_harmfulness,31,1977
delta_harmfulness,31,1978
delta_harmfulness,31,1979
delta_harmfulness,31,1987
delta_harmfulness,31,1991
delta_harmfulness,31,1992
delta_harmfulness,31,2000
delta_harmfulness,31,2003
delta_harmfulness,31,2008
delta_harmfulness,31,2009
delta_harmfulness,31,2012
delta_harmfulness,31,2014
delta_harmfulness,31,2018
delta_harmfulness,31,2030
delta_harmfulness,31,2035
delta_harmfulness,31,2036
delta_harmfulness,31,2046
delta_harmfulness,31,2051
delta_harmfulness,31,2060
delta_harmfulness,31,2063
delta_harmfulness,31,2078
delta_harmfulness,31,2080
delta_harmfulness,31,2082
delta_harmfulness,31,2088
delta_harmfulness,31,2091
delta_harmfulness,31,2098
delta_harmfulness,31,2101
delta_harmfulness,31,2105
delta_harmfulness,31,2107
delta_harmfulness,31,2108
delta_harmfulness,31,2113
delta_harmfulness,31,2114
delta_harmfulness,31,2123
delta_harmfulness,31,2128
delta_harmfulness,31,2131
delta_harmfulness,31,2136
delta_harmfulness,31,2139
delta_harmfulness,31,2140
delta_harmfulness,31,2147
delta_harmfulness,31,2150
delta_harmfulness,31,2153
delta_harmfulness,31,2157
delta_harmfulness,31,2165
delta_harmfulness,31,2171
delta_harmfulness,31,2175
delta_harmfulness,31,2179
delta_harmfulness,31,2188
delta_harmfulness,31,2189
delta_harmfulness,31,2192
delta_harmfulness,31,2195
delta_harmfulness,31,2199
delta_harmfulness,31,2200
delta_harmfulness,31,2207
delta_harmfulness,31,2211
delta_harmfulness,31,2212
delta_harmfulness,31,2213
delta_harmfulness,31,2215
delta_harmfulness,31,2221
delta_harmfulness,31,2223
delta_harmfulness,31,2224
delta_harmfulness,31,2229
delta_harmfulness,31,2233
delta_harmfulness,31,2241
delta_harmfulness,31,2242
delta_harmfulness,31,2246
delta_harmfulness,31,2248
delta_harmfulness,31,2266
delta_harmfulness,31,2268
delta_harmfulness,31,2269
delta_harmfulness,31,2273
delta_harmfulness,31,2275
delta_harmfulness,31,2278
delta_harmfulness,31,2280
delta_harmfulness,31,2286
delta_harmfulness,31,2288
delta_harmfulness,31,2294
delta_harmfulness,31,2295
delta_harmfulness,31,2296
delta_harmfulness,31,2297
delta_harmfulness,31,2298
delta_harmfulness,31,2301
delta_harmfulness,31,2304
delta_harmfulness,31,2305
delta_harmfulness,31,2309
delta_harmfulness,31,2311
delta_harmfulness,31,2312
delta_harmfulness,31,2315
delta_harmfulness,31,2319
delta_harmfulness,31,2329
delta_harmfulness,31,2338
delta_harmfulness,31,2339
delta_harmfulness,31,2341
delta_harmfulness,31,2344
delta_harmfulness,31,2347
delta_harmfulness,31,2349
delta_harmfulness,31,2355
delta_harmfulness,31,2361
delta_harmfulness,31,2368
delta_harmfulness,31,2375
delta_harmfulness,31,2376
delta_harmfulness,31,2384
delta_harmfulness,31,2393
delta_harmfulness,31,2394
delta_harmfulness,31,2398
delta_harmfulness,31,2400
delta_harmfulness,31,2406
delta_harmfulness,31,2408
delta_harmfulness,31,2410
delta_harmfulness,31,2420
delta_harmfulness,31,2428
delta_harmfulness,31,2432
delta_harmfulness,31,2441
delta_harmfulness,31,2449
delta_harmfulness,31,2452
delta_harmfulness,31,2463
delta_harmfulness,31,2465
delta_harmfulness,31,2467
delta_harmfulness,31,2471
delta_harmfulness,31,2474
delta_harmfulness,31,2476
delta_harmfulness,31,2477
delta_harmfulness,31,2478
delta_harmfulness,31,2485
delta_harmfulness,31,2500
delta_harmfulness,31,2504
delta_harmfulness,31,2511
delta_harmfulness,31,2519
delta_harmfulness,31,2528
delta_harmfulness,31,2530
delta_harmfulness,31,2534
delta_harmfulness,31,2536
delta_harmfulness,31,2549
delta_harmfulness,31,2550
delta_harmfulness,31,2555
delta_harmfulness,31,2564
delta_harmfulness,31,2572
delta_harmfulness,31,2583
delta_harmfulness,31,2585
delta_harmfulness,31,2589
delta_harmfulness,31,2590
delta_harmfulness,31,2591
delta_harmfulness,31,2602
delta_harmfulness,31,2604
delta_harmfulness,31,2609
delta_harmfulness,31,2611
delta_harmfulness,31,2613
delta_harmfulness,31,2614
delta_harmfulness,31,2622
delta_harmfulness,31,2631
delta_harmfulness,31,2636
delta_harmfulness,31,2646
delta_harmfulness,31,2649
delta_harmfulness,31,2653
delta_harmfulness,31,2657
delta_harmfulness,31,2668
delta_harmfulness,31,2674
delta_harmfulness,31,2675
delta_harmfulness,31,2678
delta_harmfulness,31,2680
delta_harmfulness,31,2685
delta_harmfulness,31,2687
delta_harmfulness,31,2689
delta_harmfulness,31,2694
delta_harmfulness,31,2695
delta_harmfulness,31,2701
delta_harmfulness,31,2710
delta_harmfulness,31,2711
delta_harmfulness,31,2722
delta_harmfulness,31,2723
delta_harmfulness,31,2728
delta_harmfulness,31,2730
delta_harmfulness,31,2733
delta_harmfulness,31,2743
delta_harmfulness,31,2749
delta_harmfulness,31,2750
delta_harmfulness,31,2754
delta_harmfulness,31,2756
delta_harmfulness,31,2765
delta_harmfulness,31,2772
delta_harmfulness,31,2775
delta_harmfulness,31,2782
delta_harmfulness,31,2788
delta_harmfulness,31,2790
delta_harmfulness,31,2791
delta_harmfulness,31,2794
delta_harmfulness,31,2796
delta_harmfulness,31,2798
delta_harmfulness,31,2799
delta_harmfulness,31,2800
delta_harmfulness,31,2819
delta_harmfulness,31,2820
delta_harmfulness,31,2822
delta_harmfulness,31,2824
delta_harmfulness,31,2825
delta_harmfulness,31,2827
delta_harmfulness,31,2836
delta_harmfulness,31,2837
delta_harmfulness,31,2839
delta_harmfulness,31,2845
delta_harmfulness,31,2847
delta_harmfulness,31,2852
delta_harmfulness,31,2853
delta_harmfulness,31,2856
delta_harmfulness,31,2864
delta_harmfulness,31,2865
delta_harmfulness,31,2866
delta_harmfulness,31,2868
delta_harmfulness,31,2869
delta_harmfulness,31,2871
delta_harmfulness,31,2874
delta_harmfulness,31,2875
delta_harmfulness,31,2878
delta_harmfulness,31,2879
delta_harmfulness,31,2885
delta_harmfulness,31,2886
delta_harmfulness,31,2890
delta_harmfulness,31,2908
delta_harmfulness,31,2909
delta_harmfulness,31,2910
delta_harmfulness,31,2912
delta_harmfulness,31,2915
delta_harmfulness,31,2920
delta_harmfulness,31,2925
delta_harmfulness,31,2932
delta_harmfulness,31,2940
delta_harmfulness,31,2943
delta_harmfulness,31,2944
delta_harmfulness,31,2945
delta_harmfulness,31,2948
delta_harmfulness,31,2951
delta_harmfulness,31,2952
delta_harmfulness,31,2953
delta_harmfulness,31,2954
delta_harmfulness,31,2958
delta_harmfulness,31,2960
delta_harmfulness,31,2967
delta_harmfulness,31,2974
delta_harmfulness,31,2989
delta_harmfulness,31,2991
delta_harmfulness,31,2992
delta_harmfulness,31,2993
delta_harmfulness,31,3007
delta_harmfulness,31,3022
delta_harmfulness,31,3023
delta_harmfulness,31,3026
delta_harmfulness,31,3034
delta_harmfulness,31,3036
delta_harmfulness,31,3037
delta_harmfulness,31,3043
delta_harmfulness,31,3044
delta_harmfulness,31,3059
delta_harmfulness,31,3061
delta_harmfulness,31,3065
delta_harmfulness,31,3078
delta_harmfulness,31,3080
delta_harmfulness,31,3084
delta_harmfulness,31,3085
delta_harmfulness,31,3087
delta_harmfulness,31,3088
delta_harmfulness,31,3096
delta_harmfulness,31,3100
delta_harmfulness,31,3104
delta_harmfulness,31,3105
delta_harmfulness,31,3115
delta_harmfulness,31,3119
delta_harmfulness,31,3120
delta_harmfulness,31,3121
delta_harmfulness,31,3124
delta_harmfulness,31,3130
delta_harmfulness,31,3132
delta_harmfulness,31,3134
delta_harmfulness,31,3135
delta_harmfulness,31,3137
delta_harmfulness,31,3145
delta_harmfulness,31,3148
delta_harmfulness,31,3163
delta_harmfulness,31,3166
delta_harmfulness,31,3169
delta_harmfulness,31,3174
delta_harmfulness,31,3175
delta_harmfulness,31,3184
delta_harmfulness,31,3189
delta_harmfulness,31,3195
delta_harmfulness,31,3197
delta_harmfulness,31,3210
delta_harmfulness,31,3212
delta_harmfulness,31,3214
delta_harmfulness,31,3216
delta_harmfulness,31,3217
delta_harmfulness,31,3220
delta_harmfulness,31,3226
delta_harmfulness,31,3230
delta_harmfulness,31,3235
delta_harmfulness,31,3237
delta_harmfulness,31,3238
delta_harmfulness,31,3243
delta_harmfulness,31,3244
delta_harmfulness,31,3246
delta_harmfulness,31,3248
delta_harmfulness,31,3251
delta_harmfulness,31,3252
delta_harmfulness,31,3255
delta_harmfulness,31,3257
delta_harmfulness,31,3261
delta_harmfulness,31,3265
delta_harmfulness,31,3267
delta_harmfulness,31,3268
delta_harmfulness,31,3272
delta_harmfulness,31,3277
delta_harmfulness,31,3278
delta_harmfulness,31,3282
delta_harmfulness,31,3285
delta_harmfulness,31,3289
delta_harmfulness,31,3294
delta_harmfulness,31,3300
delta_harmfulness,31,3307
delta_harmfulness,31,3312
delta_harmfulness,31,3321
delta_harmfulness,31,3323
delta_harmfulness,31,3330
delta_harmfulness,31,3335
delta_harmfulness,31,3345
delta_harmfulness,31,3349
delta_harmfulness,31,3351
delta_harmfulness,31,3356
delta_harmfulness,31,3357
delta_harmfulness,31,3362
delta_harmfulness,31,3366
delta_harmfulness,31,3369
delta_harmfulness,31,3378
delta_harmfulness,31,3379
delta_harmfulness,31,3387
delta_harmfulness,31,3388
delta_harmfulness,31,3390
delta_harmfulness,31,3396
delta_harmfulness,31,3397
delta_harmfulness,31,3400
delta_harmfulness,31,3404
delta_harmfulness,31,3409
delta_harmfulness,31,3414
delta_harmfulness,31,3418
delta_harmfulness,31,3420
delta_harmfulness,31,3422
delta_harmfulness,31,3428
delta_harmfulness,31,3430
delta_harmfulness,31,3439
delta_harmfulness,31,3440
delta_harmfulness,31,3443
delta_harmfulness,31,3444
delta_harmfulness,31,3447
delta_harmfulness,31,3461
delta_harmfulness,31,3464
delta_harmfulness,31,3469
delta_harmfulness,31,3471
delta_harmfulness,31,3472
delta_harmfulness,31,3474
delta_harmfulness,31,3480
delta_harmfulness,31,3484
delta_harmfulness,31,3485
delta_harmfulness,31,3486
delta_harmfulness,31,3487
delta_harmfulness,31,3492
delta_harmfulness,31,3493
delta_harmfulness,31,3499
delta_harmfulness,31,3505
delta_harmfulness,31,3510
delta_harmfulness,31,3515
delta_harmfulness,31,3520
delta_harmfulness,31,3521
delta_harmfulness,31,3527
delta_harmfulness,31,3529
delta_harmfulness,31,3540
delta_harmfulness,31,3542
delta_harmfulness,31,3543
delta_harmfulness,31,3545
delta_harmfulness,31,3548
delta_harmfulness,31,3557
delta_harmfulness,31,3562
delta_harmfulness,31,3568
delta_harmfulness,31,3577
delta_harmfulness,31,3578
delta_harmfulness,31,3582
delta_harmfulness,31,3583
delta_harmfulness,31,3589
delta_harmfulness,31,3591
delta_harmfulness,31,3599
delta_harmfulness,31,3605
delta_harmfulness,31,3607
delta_harmfulness,31,3611
delta_harmfulness,31,3616
delta_harmfulness,31,3620
delta_harmfulness,31,3621
delta_harmfulness,31,3626
delta_harmfulness,31,3627
delta_harmfulness,31,3628
delta_harmfulness,31,3630
delta_harmfulness,31,3633
delta_harmfulness,31,3640
delta_harmfulness,31,3646
delta_harmfulness,31,3648
delta_harmfulness,31,3649
delta_harmfulness,31,3663
delta_harmfulness,31,3664
delta_harmfulness,31,3665
delta_harmfulness,31,3672
delta_harmfulness,31,3676
delta_harmfulness,31,3680
delta_harmfulness,31,3684
delta_harmfulness,31,3685
delta_harmfulness,31,3687
delta_harmfulness,31,3688
delta_harmfulness,31,3690
delta_harmfulness,31,3691
delta_harmfulness,31,3694
delta_harmfulness,31,3695
delta_harmfulness,31,3696
delta_harmfulness,31,3699
delta_harmfulness,31,3700
delta_harmfulness,31,3701
delta_harmfulness,31,3708
delta_harmfulness,31,3710
delta_harmfulness,31,3712
delta_harmfulness,31,3713
delta_harmfulness,31,3714
delta_harmfulness,31,3716
delta_harmfulness,31,3718
delta_harmfulness,31,3719
delta_harmfulness,31,3721
delta_harmfulness,31,3722
delta_harmfulness,31,3725
delta_harmfulness,31,3736
delta_harmfulness,31,3743
delta_harmfulness,31,3749
delta_harmfulness,31,3750
delta_harmfulness,31,3751
delta_harmfulness,31,3759
delta_harmfulness,31,3768
delta_harmfulness,31,3769
delta_harmfulness,31,3771
delta_harmfulness,31,3778
delta_harmfulness,31,3780
delta_harmfulness,31,3783
delta_harmfulness,31,3796
delta_harmfulness,31,3799
delta_harmfulness,31,3801
delta_harmfulness,31,3811
delta_harmfulness,31,3815
delta_harmfulness,31,3824
delta_harmfulness,31,3828
delta_harmfulness,31,3830
delta_harmfulness,31,3834
delta_harmfulness,31,3840
delta_harmfulness,31,3844
delta_harmfulness,31,3848
delta_harmfulness,31,3849
delta_harmfulness,31,3864
delta_harmfulness,31,3865
delta_harmfulness,31,3871
delta_harmfulness,31,3872
delta_harmfulness,31,3874
delta_harmfulness,31,3876
delta_harmfulness,31,3890
delta_harmfulness,31,3900
delta_harmfulness,31,3909
delta_harmfulness,31,3910
delta_harmfulness,31,3917
delta_harmfulness,31,3919
delta_harmfulness,31,3929
delta_harmfulness,31,3930
delta_harmfulness,31,3935
delta_harmfulness,31,3938
delta_harmfulness,31,3946
delta_harmfulness,31,3954
delta_harmfulness,31,3959
delta_harmfulness,31,3962
delta_harmfulness,31,3967
delta_harmfulness,31,3969
delta_harmfulness,31,3972
delta_harmfulness,31,3974
delta_harmfulness,31,3979
delta_harmfulness,31,3982
delta_harmfulness,31,3989
delta_harmfulness,31,3990
delta_harmfulness,31,3993
delta_harmfulness,31,3997
delta_harmfulness,31,3999
delta_harmfulness,31,4001
delta_harmfulness,31,4008
delta_harmfulness,31,4009
delta_harmfulness,31,4015
delta_harmfulness,31,4021
delta_harmfulness,31,4022
delta_harmfulness,31,4032
delta_harmfulness,31,4037
delta_harmfulness,31,4046
delta_harmfulness,31,4053
delta_harmfulness,31,4055
delta_harmfulness,31,4059
delta_harmfulness,31,4060
delta_harmfulness,31,4062
delta_harmfulness,31,4064
delta_harmfulness,31,4070
delta_harmfulness,31,4071
delta_harmfulness,31,4074
delta_harmfulness,31,4080
delta_harmfulness,31,4083
delta_harmfulness,31,4085
delta_harmfulness,31,4086
delta_harmfulness,31,4097
delta_harmfulness,31,4101
delta_harmfulness,31,4106
delta_harmfulness,31,4112
delta_harmfulness,31,4120
delta_harmfulness,31,4122
delta_harmfulness,31,4123
delta_harmfulness,31,4125
delta_harmfulness,31,4126
delta_harmfulness,31,4128
delta_harmfulness,31,4130
delta_harmfulness,31,4147
delta_harmfulness,31,4153
delta_harmfulness,31,4160
delta_harmfulness,31,4164
delta_harmfulness,31,4172
delta_harmfulness,31,4173
delta_harmfulness,31,4176
delta_harmfulness,31,4179
delta_harmfulness,31,4181
delta_harmfulness,31,4186
delta_harmfulness,31,4198
delta_harmfulness,31,4199
delta_harmfulness,31,4205
delta_harmfulness,31,4206
delta_harmfulness,31,4209
delta_harmfulness,31,4213
delta_harmfulness,31,4222
delta_harmfulness,31,4225
delta_harmfulness,31,4233
delta_harmfulness,31,4243
delta_harmfulness,31,4244
delta_harmfulness,31,4246
delta_harmfulness,31,4249
delta_harmfulness,31,4253
delta_harmfulness,31,4254
delta_harmfulness,31,4260
delta_harmfulness,31,4261
delta_harmfulness,31,4262
delta_harmfulness,31,4267
delta_harmfulness,31,4270
delta_harmfulness,31,4271
delta_harmfulness,31,4277
delta_harmfulness,31,4279
delta_harmfulness,31,4282
delta_harmfulness,31,4291
delta_harmfulness,31,4299
delta_harmfulness,31,4302
delta_harmfulness,31,4308
delta_harmfulness,31,4312
delta_harmfulness,31,4317
delta_harmfulness,31,4328
delta_harmfulness,31,4333
delta_harmfulness,31,4338
delta_harmfulness,31,4343
delta_harmfulness,31,4352
delta_harmfulness,31,4354
delta_harmfulness,31,4358
delta_harmfulness,31,4361
delta_harmfulness,31,4369
delta_harmfulness,31,4373
delta_harmfulness,31,4374
delta_harmfulness,31,4381
delta_harmfulness,31,4393
delta_harmfulness,31,4400
delta_harmfulness,31,4401
delta_harmfulness,31,4404
delta_harmfulness,31,4418
delta_harmfulness,31,4419
delta_harmfulness,31,4424
delta_harmfulness,31,4426
delta_harmfulness,31,4427
delta_harmfulness,31,4428
delta_harmfulness,31,4436
delta_harmfulness,31,4439
delta_harmfulness,31,4445
delta_harmfulness,31,4460
delta_harmfulness,31,4464
delta_harmfulness,31,4473
delta_harmfulness,31,4476
delta_harmfulness,31,4484
delta_harmfulness,31,4486
delta_harmfulness,31,4487
delta_harmfulness,31,4492
delta_harmfulness,31,4501
delta_harmfulness,31,4503
delta_harmfulness,31,4504
delta_harmfulness,31,4510
delta_harmfulness,31,4512
delta_harmfulness,31,4517
delta_harmfulness,31,4518
delta_harmfulness,31,4523
delta_harmfulness,31,4525
delta_harmfulness,31,4526
delta_harmfulness,31,4528
delta_harmfulness,31,4532
delta_harmfulness,31,4537
delta_harmfulness,31,4538
delta_harmfulness,31,4540
delta_harmfulness,31,4559
delta_harmfulness,31,4560
delta_harmfulness,31,4563
delta_harmfulness,31,4565
delta_harmfulness,31,4568
delta_harmfulness,31,4572
delta_harmfulness,31,4575
delta_harmfulness,31,4577
delta_harmfulness,31,4581
delta_harmfulness,31,4584
delta_harmfulness,31,4587
delta_harmfulness,31,4591
delta_harmfulness,31,4594
delta_harmfulness,31,4597
delta_harmfulness,31,4598
delta_harmfulness,31,4601
delta_harmfulness,31,4604
delta_harmfulness,31,4609
delta_harmfulness,31,4622
delta_harmfulness,31,4623
delta_harmfulness,31,4625
delta_harmfulness,31,4626
delta_harmfulness,31,4627
delta_harmfulness,31,4632
delta_harmfulness,31,4639
delta_harmfulness,31,4642
delta_harmfulness,31,4643
delta_harmfulness,31,4645
delta_harmfulness,31,4648
delta_harmfulness,31,4651
delta_harmfulness,31,4652
delta_harmfulness,31,4654
delta_harmfulness,31,4661
delta_harmfulness,31,4662
delta_harmfulness,31,4665
delta_harmfulness,31,4667
delta_harmfulness,31,4672
delta_harmfulness,31,4675
delta_harmfulness,31,4679
delta_harmfulness,31,4688
delta_harmfulness,31,4690
delta_harmfulness,31,4698
delta_harmfulness,31,4700
delta_harmfulness,31,4714
delta_harmfulness,31,4718
delta_harmfulness,31,4723
delta_harmfulness,31,4726
delta_harmfulness,31,4738
delta_harmfulness,31,4748
delta_harmfulness,31,4761
delta_harmfulness,31,4762
delta_harmfulness,31,4763
delta_harmfulness,31,4767
delta_harmfulness,31,4768
delta_harmfulness,31,4778
delta_harmfulness,31,4782
delta_harmfulness,31,4786
delta_harmfulness,31,4787
delta_harmfulness,31,4788
delta_harmfulness,31,4790
delta_harmfulness,31,4791
delta_harmfulness,31,4797
delta_harmfulness,31,4805
delta_harmfulness,31,4806
delta_harmfulness,31,4807
delta_harmfulness,31,4810
delta_harmfulness,31,4811
delta_harmfulness,31,4820
delta_harmfulness,31,4824
delta_harmfulness,31,4825
delta_harmfulness,31,4827
delta_harmfulness,31,4834
delta_harmfulness,31,4836
delta_harmfulness,31,4838
delta_harmfulness,31,4840
delta_harmfulness,31,4844
delta_harmfulness,31,4846
delta_harmfulness,31,4851
delta_harmfulness,31,4864
delta_harmfulness,31,4866
delta_harmfulness,31,4873
delta_harmfulness,31,4876
delta_harmfulness,31,4878
delta_harmfulness,31,4897
delta_harmfulness,31,4903
delta_harmfulness,31,4911
delta_harmfulness,31,4918
delta_harmfulness,31,4920
delta_harmfulness,31,4921
delta_harmfulness,31,4934
delta_harmfulness,31,4935
delta_harmfulness,31,4946
delta_harmfulness,31,4951
delta_harmfulness,31,4953
delta_harmfulness,31,4957
delta_harmfulness,31,4960
delta_harmfulness,31,4974
delta_harmfulness,31,4977
delta_harmfulness,31,4983
delta_harmfulness,31,4985
delta_harmfulness,31,4999
delta_harmfulness,31,5003
delta_harmfulness,31,5007
delta_harmfulness,31,5013
delta_harmfulness,31,5015
delta_harmfulness,31,5019
delta_harmfulness,31,5020
delta_harmfulness,31,5021
delta_harmfulness,31,5022
delta_harmfulness,31,5025
delta_harmfulness,31,5026
delta_harmfulness,31,5041
delta_harmfulness,31,5042
delta_harmfulness,31,5044
delta_harmfulness,31,5045
delta_harmfulness,31,5046
delta_harmfulness,31,5048
delta_harmfulness,31,5053
delta_harmfulness,31,5062
delta_harmfulness,31,5070
delta_harmfulness,31,5074
delta_harmfulness,31,5082
delta_harmfulness,31,5084
delta_harmfulness,31,5086
delta_harmfulness,31,5088
delta_harmfulness,31,5093
delta_harmfulness,31,5099
delta_harmfulness,31,5100
delta_harmfulness,31,5104
delta_harmfulness,31,5114
delta_harmfulness,31,5115
delta_harmfulness,31,5118
delta_harmfulness,31,5130
delta_harmfulness,31,5136
delta_harmfulness,31,5144
delta_harmfulness,31,5146
delta_harmfulness,31,5150
delta_harmfulness,31,5159
delta_harmfulness,31,5161
delta_harmfulness,31,5166
delta_harmfulness,31,5168
delta_harmfulness,31,5173
delta_harmfulness,31,5178
delta_harmfulness,31,5187
delta_harmfulness,31,5189
delta_harmfulness,31,5201
delta_harmfulness,31,5202
delta_harmfulness,31,5203
delta_harmfulness,31,5204
delta_harmfulness,31,5206
delta_harmfulness,31,5211
delta_harmfulness,31,5225
delta_harmfulness,31,5230
delta_harmfulness,31,5231
delta_harmfulness,31,5243
delta_harmfulness,31,5245
delta_harmfulness,31,5248
delta_harmfulness,31,5253
delta_harmfulness,31,5265
delta_harmfulness,31,5267
delta_harmfulness,31,5269
delta_harmfulness,31,5276
delta_harmfulness,31,5277
delta_harmfulness,31,5283
delta_harmfulness,31,5287
delta_harmfulness,31,5288
delta_harmfulness,31,5294
delta_harmfulness,31,5305
delta_harmfulness,31,5311
delta_harmfulness,31,5314
delta_harmfulness,31,5315
delta_harmfulness,31,5322
delta_harmfulness,31,5327
delta_harmfulness,31,5331
delta_harmfulness,31,5333
delta_harmfulness,31,5335
delta_harmfulness,31,5340
delta_harmfulness,31,5342
delta_harmfulness,31,5349
delta_harmfulness,31,5350
delta_harmfulness,31,5355
delta_harmfulness,31,5357
delta_harmfulness,31,5358
delta_harmfulness,31,5359
delta_harmfulness,31,5369
delta_harmfulness,31,5370
delta_harmfulness,31,5371
delta_harmfulness,31,5381
delta_harmfulness,31,5390
delta_harmfulness,31,5391
delta_harmfulness,31,5392
delta_harmfulness,31,5395
delta_harmfulness,31,5397
delta_harmfulness,31,5400
delta_harmfulness,31,5403
delta_harmfulness,31,5404
delta_harmfulness,31,5407
delta_harmfulness,31,5414
delta_harmfulness,31,5419
delta_harmfulness,31,5421
delta_harmfulness,31,5425
delta_harmfulness,31,5428
delta_harmfulness,31,5430
delta_harmfulness,31,5437
delta_harmfulness,31,5448
delta_harmfulness,31,5468
delta_harmfulness,31,5469
delta_harmfulness,31,5483
delta_harmfulness,31,5484
delta_harmfulness,31,5485
delta_harmfulness,31,5487
delta_harmfulness,31,5489
delta_harmfulness,31,5494
delta_harmfulness,31,5505
delta_harmfulness,31,5509
delta_harmfulness,31,5513
delta_harmfulness,31,5528
delta_harmfulness,31,5529
delta_harmfulness,31,5532
delta_harmfulness,31,5535
delta_harmfulness,31,5540
delta_harmfulness,31,5541
delta_harmfulness,31,5542
delta_harmfulness,31,5546
delta_harmfulness,31,5553
delta_harmfulness,31,5562
delta_harmfulness,31,5564
delta_harmfulness,31,5567
delta_harmfulness,31,5581
delta_harmfulness,31,5585
delta_harmfulness,31,5593
delta_harmfulness,31,5594
delta_harmfulness,31,5598
delta_harmfulness,31,5603
delta_harmfulness,31,5604
delta_harmfulness,31,5615
delta_harmfulness,31,5616
delta_harmfulness,31,5617
delta_harmfulness,31,5619
delta_harmfulness,31,5626
delta_harmfulness,31,5630
delta_harmfulness,31,5632
delta_harmfulness,31,5633
delta_harmfulness,31,5636
delta_harmfulness,31,5638
delta_harmfulness,31,5641
delta_harmfulness,31,5648
delta_harmfulness,31,5649
delta_harmfulness,31,5651
delta_harmfulness,31,5655
delta_harmfulness,31,5673
delta_harmfulness,31,5675
delta_harmfulness,31,5689
delta_harmfulness,31,5692
delta_harmfulness,31,5693
delta_harmfulness,31,5699
delta_harmfulness,31,5704
delta_harmfulness,31,5717
delta_harmfulness,31,5720
delta_harmfulness,31,5721
delta_harmfulness,31,5722
delta_harmfulness,31,5728
delta_harmfulness,31,5733
delta_harmfulness,31,5734
delta_harmfulness,31,5737
delta_harmfulness,31,5748
delta_harmfulness,31,5750
delta_harmfulness,31,5751
delta_harmfulness,31,5753
delta_harmfulness,31,5754
delta_harmfulness,31,5757
delta_harmfulness,31,5766
delta_harmfulness,31,5769
delta_harmfulness,31,5772
delta_harmfulness,31,5777
delta_harmfulness,31,5784
delta_harmfulness,31,5785
delta_harmfulness,31,5786
delta_harmfulness,31,5787
delta_harmfulness,31,5804
delta_harmfulness,31,5806
delta_harmfulness,31,5808
delta_harmfulness,31,5811
delta_harmfulness,31,5814
delta_harmfulness,31,5818
delta_harmfulness,31,5828
delta_harmfulness,31,5832
delta_harmfulness,31,5835
delta_harmfulness,31,5842
delta_harmfulness,31,5847
delta_harmfulness,31,5848
delta_harmfulness,31,5850
delta_harmfulness,31,5851
delta_harmfulness,31,5852
delta_harmfulness,31,5855
delta_harmfulness,31,5861
delta_harmfulness,31,5864
delta_harmfulness,31,5869
delta_harmfulness,31,5874
delta_harmfulness,31,5883
delta_harmfulness,31,5884
delta_harmfulness,31,5891
delta_harmfulness,31,5897
delta_harmfulness,31,5901
delta_harmfulness,31,5906
delta_harmfulness,31,5912
delta_harmfulness,31,5919
delta_harmfulness,31,5920
delta_harmfulness,31,5921
delta_harmfulness,31,5924
delta_harmfulness,31,5927
delta_harmfulness,31,5928
delta_harmfulness,31,5932
delta_harmfulness,31,5933
delta_harmfulness,31,5939
delta_harmfulness,31,5940
delta_harmfulness,31,5941
delta_harmfulness,31,5943
delta_harmfulness,31,5953
delta_harmfulness,31,5956
delta_harmfulness,31,5965
delta_harmfulness,31,5966
delta_harmfulness,31,5968
delta_harmfulness,31,5969
delta_harmfulness,31,5975
delta_harmfulness,31,5981
delta_harmfulness,31,6003
delta_harmfulness,31,6005
delta_harmfulness,31,6018
delta_harmfulness,31,6025
delta_harmfulness,31,6038
delta_harmfulness,31,6045
delta_harmfulness,31,6047
delta_harmfulness,31,6056
delta_harmfulness,31,6058
delta_harmfulness,31,6059
delta_harmfulness,31,6060
delta_harmfulness,31,6069
delta_harmfulness,31,6072
delta_harmfulness,31,6074
delta_harmfulness,31,6080
delta_harmfulness,31,6082
delta_harmfulness,31,6084
delta_harmfulness,31,6091
delta_harmfulness,31,6096
delta_harmfulness,31,6099
delta_harmfulness,31,6102
delta_harmfulness,31,6109
delta_harmfulness,31,6122
delta_harmfulness,31,6124
delta_harmfulness,31,6125
delta_harmfulness,31,6130
delta_harmfulness,31,6143
delta_harmfulness,31,6149
delta_harmfulness,31,6151
delta_harmfulness,31,6152
delta_harmfulness,31,6155
delta_harmfulness,31,6158
delta_harmfulness,31,6159
delta_harmfulness,31,6161
delta_harmfulness,31,6162
delta_harmfulness,31,6165
delta_harmfulness,31,6169
delta_harmfulness,31,6170
delta_harmfulness,31,6173
delta_harmfulness,31,6175
delta_harmfulness,31,6177
delta_harmfulness,31,6182
delta_harmfulness,31,6186
delta_harmfulness,31,6192
delta_harmfulness,31,6193
delta_harmfulness,31,6195
delta_harmfulness,31,6199
delta_harmfulness,31,6201
delta_harmfulness,31,6203
delta_harmfulness,31,6221
delta_harmfulness,31,6226
delta_harmfulness,31,6227
delta_harmfulness,31,6230
delta_harmfulness,31,6234
delta_harmfulness,31,6235
delta_harmfulness,31,6238
delta_harmfulness,31,6239
delta_harmfulness,31,6241
delta_harmfulness,31,6246
delta_harmfulness,31,6247
delta_harmfulness,31,6256
delta_harmfulness,31,6265
delta_harmfulness,31,6266
delta_harmfulness,31,6268
delta_harmfulness,31,6270
delta_harmfulness,31,6275
delta_harmfulness,31,6277
delta_harmfulness,31,6278
delta_harmfulness,31,6281
delta_harmfulness,31,6303
delta_harmfulness,31,6306
delta_harmfulness,31,6314
delta_harmfulness,31,6330
delta_harmfulness,31,6336
delta_harmfulness,31,6337
delta_harmfulness,31,6345
delta_harmfulness,31,6352
delta_harmfulness,31,6357
delta_harmfulness,31,6364
delta_harmfulness,31,6368
delta_harmfulness,31,6369
delta_harmfulness,31,6371
delta_harmfulness,31,6377
delta_harmfulness,31,6384
delta_harmfulness,31,6389
delta_harmfulness,31,6391
delta_harmfulness,31,6392
delta_harmfulness,31,6398
delta_harmfulness,31,6403
delta_harmfulness,31,6404
delta_harmfulness,31,6406
delta_harmfulness,31,6410
delta_harmfulness,31,6411
delta_harmfulness,31,6412
delta_harmfulness,31,6423
delta_harmfulness,31,6428
delta_harmfulness,31,6432
delta_harmfulness,31,6439
delta_harmfulness,31,6441
delta_harmfulness,31,6445
delta_harmfulness,31,6448
delta_harmfulness,31,6452
delta_harmfulness,31,6458
delta_harmfulness,31,6464
delta_harmfulness,31,6466
delta_harmfulness,31,6467
delta_harmfulness,31,6472
delta_harmfulness,31,6491
delta_harmfulness,31,6494
delta_harmfulness,31,6506
delta_harmfulness,31,6511
delta_harmfulness,31,6513
delta_harmfulness,31,6520
delta_harmfulness,31,6521
delta_harmfulness,31,6522
delta_harmfulness,31,6525
delta_harmfulness,31,6527
delta_harmfulness,31,6532
delta_harmfulness,31,6536
delta_harmfulness,31,6539
delta_harmfulness,31,6544
delta_harmfulness,31,6547
delta_harmfulness,31,6556
delta_harmfulness,31,6561
delta_harmfulness,31,6566
delta_harmfulness,31,6572
delta_harmfulness,31,6575
delta_harmfulness,31,6576
delta_harmfulness,31,6579
delta_harmfulness,31,6588
delta_harmfulness,31,6595
delta_harmfulness,31,6598
delta_harmfulness,31,6600
delta_harmfulness,31,6606
delta_harmfulness,31,6609
delta_harmfulness,31,6611
delta_harmfulness,31,6614
delta_harmfulness,31,6616
delta_harmfulness,31,6626
delta_harmfulness,31,6628
delta_harmfulness,31,6631
delta_harmfulness,31,6636
delta_harmfulness,31,6637
delta_harmfulness,31,6639
delta_harmfulness,31,6644
delta_harmfulness,31,6650
delta_harmfulness,31,6651
delta_harmfulness,31,6657
delta_harmfulness,31,6658
delta_harmfulness,31,6664
delta_harmfulness,31,6665
delta_harmfulness,31,6670
delta_harmfulness,31,6676
delta_harmfulness,31,6680
delta_harmfulness,31,6685
delta_harmfulness,31,6691
delta_harmfulness,31,6694
delta_harmfulness,31,6696
delta_harmfulness,31,6698
delta_harmfulness,31,6700
delta_harmfulness,31,6707
delta_harmfulness,31,6709
delta_harmfulness,31,6720
delta_harmfulness,31,6721
delta_harmfulness,31,6724
delta_harmfulness,31,6725
delta_harmfulness,31,6734
delta_harmfulness,31,6738
delta_harmfulness,31,6744
delta_harmfulness,31,6746
delta_harmfulness,31,6750
delta_harmfulness,31,6757
delta_harmfulness,31,6761
delta_harmfulness,31,6762
delta_harmfulness,31,6770
delta_harmfulness,31,6771
delta_harmfulness,31,6772
delta_harmfulness,31,6776
delta_harmfulness,31,6798
delta_harmfulness,31,6800
delta_harmfulness,31,6804
delta_harmfulness,31,6810
delta_harmfulness,31,6822
delta_harmfulness,31,6829
delta_harmfulness,31,6830
delta_harmfulness,31,6843
delta_harmfulness,31,6847
delta_harmfulness,31,6858
delta_harmfulness,31,6860
delta_harmfulness,31,6872
delta_harmfulness,31,6873
delta_harmfulness,31,6875
delta_harmfulness,31,6877
delta_harmfulness,31,6879
delta_harmfulness,31,6880
delta_harmfulness,31,6896
delta_harmfulness,31,6903
delta_harmfulness,31,6908
delta_harmfulness,31,6910
delta_harmfulness,31,6914
delta_harmfulness,31,6916
delta_harmfulness,31,6919
delta_harmfulness,31,6924
delta_harmfulness,31,6926
delta_harmfulness,31,6932
delta_harmfulness,31,6934
delta_harmfulness,31,6947
delta_harmfulness,31,6950
delta_harmfulness,31,6951
delta_harmfulness,31,6952
delta_harmfulness,31,6955
delta_harmfulness,31,6960
delta_harmfulness,31,6974
delta_harmfulness,31,6978
delta_harmfulness,31,6986
delta_harmfulness,31,6990
delta_harmfulness,31,6995
delta_harmfulness,31,7001
delta_harmfulness,31,7012
delta_harmfulness,31,7017
delta_harmfulness,31,7019
delta_harmfulness,31,7032
delta_harmfulness,31,7038
delta_harmfulness,31,7049
delta_harmfulness,31,7052
delta_harmfulness,31,7059
delta_harmfulness,31,7068
delta_harmfulness,31,7071
delta_harmfulness,31,7075
delta_harmfulness,31,7076
delta_harmfulness,31,7079
delta_harmfulness,31,7087
delta_harmfulness,31,7093
delta_harmfulness,31,7096
delta_harmfulness,31,7103
delta_harmfulness,31,7104
delta_harmfulness,31,7106
delta_harmfulness,31,7108
delta_harmfulness,31,7113
delta_harmfulness,31,7115
delta_harmfulness,31,7116
delta_harmfulness,31,7117
delta_harmfulness,31,7122
delta_harmfulness,31,7124
delta_harmfulness,31,7128
delta_harmfulness,31,7142
delta_harmfulness,31,7145
delta_harmfulness,31,7146
delta_harmfulness,31,7148
delta_harmfulness,31,7153
delta_harmfulness,31,7155
delta_harmfulness,31,7161
delta_harmfulness,31,7162
delta_harmfulness,31,7166
delta_harmfulness,31,7169
delta_harmfulness,31,7177
delta_harmfulness,31,7183
delta_harmfulness,31,7185
delta_harmfulness,31,7186
delta_harmfulness,31,7189
delta_harmfulness,31,7197
delta_harmfulness,31,7198
delta_harmfulness,31,7205
delta_harmfulness,31,7206
delta_harmfulness,31,7213
delta_harmfulness,31,7224
delta_harmfulness,31,7228
delta_harmfulness,31,7235
delta_harmfulness,31,7245
delta_harmfulness,31,7247
delta_harmfulness,31,7249
delta_harmfulness,31,7253
delta_harmfulness,31,7254
delta_harmfulness,31,7258
delta_harmfulness,31,7262
delta_harmfulness,31,7278
delta_harmfulness,31,7284
delta_harmfulness,31,7285
delta_harmfulness,31,7289
delta_harmfulness,31,7291
delta_harmfulness,31,7292
delta_harmfulness,31,7293
delta_harmfulness,31,7294
delta_harmfulness,31,7300
delta_harmfulness,31,7301
delta_harmfulness,31,7303
delta_harmfulness,31,7307
delta_harmfulness,31,7309
delta_harmfulness,31,7315
delta_harmfulness,31,7318
delta_harmfulness,31,7319
delta_harmfulness,31,7327
delta_harmfulness,31,7332
delta_harmfulness,31,7342
delta_harmfulness,31,7343
delta_harmfulness,31,7355
delta_harmfulness,31,7361
delta_harmfulness,31,7365
delta_harmfulness,31,7367
delta_harmfulness,31,7390
delta_harmfulness,31,7391
delta_harmfulness,31,7392
delta_harmfulness,31,7394
delta_harmfulness,31,7416
delta_harmfulness,31,7423
delta_harmfulness,31,7429
delta_harmfulness,31,7433
delta_harmfulness,31,7437
delta_harmfulness,31,7438
delta_harmfulness,31,7450
delta_harmfulness,31,7456
delta_harmfulness,31,7458
delta_harmfulness,31,7460
delta_harmfulness,31,7465
delta_harmfulness,31,7476
delta_harmfulness,31,7478
delta_harmfulness,31,7482
delta_harmfulness,31,7484
delta_harmfulness,31,7485
delta_harmfulness,31,7487
delta_harmfulness,31,7493
delta_harmfulness,31,7497
delta_harmfulness,31,7498
delta_harmfulness,31,7506
delta_harmfulness,31,7512
delta_harmfulness,31,7513
delta_harmfulness,31,7514
delta_harmfulness,31,7517
delta_harmfulness,31,7520
delta_harmfulness,31,7522
delta_harmfulness,31,7524
delta_harmfulness,31,7533
delta_harmfulness,31,7535
delta_harmfulness,31,7538
delta_harmfulness,31,7547
delta_harmfulness,31,7553
delta_harmfulness,31,7562
delta_harmfulness,31,7564
delta_harmfulness,31,7565
delta_harmfulness,31,7571
delta_harmfulness,31,7576
delta_harmfulness,31,7577
delta_harmfulness,31,7580
delta_harmfulness,31,7585
delta_harmfulness,31,7592
delta_harmfulness,31,7593
delta_harmfulness,31,7595
delta_harmfulness,31,7598
delta_harmfulness,31,7607
delta_harmfulness,31,7612
delta_harmfulness,31,7614
delta_harmfulness,31,7615
delta_harmfulness,31,7625
delta_harmfulness,31,7626
delta_harmfulness,31,7632
delta_harmfulness,31,7638
delta_harmfulness,31,7650
delta_harmfulness,31,7659
delta_harmfulness,31,7663
delta_harmfulness,31,7669
delta_harmfulness,31,7672
delta_harmfulness,31,7673
delta_harmfulness,31,7680
delta_harmfulness,31,7687
delta_harmfulness,31,7693
delta_harmfulness,31,7695
delta_harmfulness,31,7699
delta_harmfulness,31,7706
delta_harmfulness,31,7710
delta_harmfulness,31,7715
delta_harmfulness,31,7735
delta_harmfulness,31,7743
delta_harmfulness,31,7749
delta_harmfulness,31,7753
delta_harmfulness,31,7754
delta_harmfulness,31,7758
delta_harmfulness,31,7759
delta_harmfulness,31,7764
delta_harmfulness,31,7765
delta_harmfulness,31,7771
delta_harmfulness,31,7778
delta_harmfulness,31,7783
delta_harmfulness,31,7784
delta_harmfulness,31,7786
delta_harmfulness,31,7796
delta_harmfulness,31,7801
delta_harmfulness,31,7802
delta_harmfulness,31,7819
delta_harmfulness,31,7827
delta_harmfulness,31,7831
delta_harmfulness,31,7834
delta_harmfulness,31,7842
delta_harmfulness,31,7844
delta_harmfulness,31,7851
delta_harmfulness,31,7859
delta_harmfulness,31,7861
delta_harmfulness,31,7866
delta_harmfulness,31,7872
delta_harmfulness,31,7873
delta_harmfulness,31,7874
delta_harmfulness,31,7883
delta_harmfulness,31,7885
delta_harmfulness,31,7888
delta_harmfulness,31,7890
delta_harmfulness,31,7891
delta_harmfulness,31,7892
delta_harmfulness,31,7893
delta_harmfulness,31,7900
delta_harmfulness,31,7906
delta_harmfulness,31,7910
delta_harmfulness,31,7912
delta_harmfulness,31,7922
delta_harmfulness,31,7931
delta_harmfulness,31,7932
delta_harmfulness,31,7935
delta_harmfulness,31,7936
delta_harmfulness,31,7944
delta_harmfulness,31,7950
delta_harmfulness,31,7957
delta_harmfulness,31,7959
delta_harmfulness,31,7961
delta_harmfulness,31,7963
delta_harmfulness,31,7964
delta_harmfulness,31,7965
delta_harmfulness,31,7966
delta_harmfulness,31,7973
delta_harmfulness,31,7974
delta_harmfulness,31,7976
delta_harmfulness,31,7979
delta_harmfulness,31,7981
delta_harmfulness,31,7985
delta_harmfulness,31,7987
delta_harmfulness,31,7992
delta_harmfulness,31,7994
delta_harmfulness,31,8000
delta_harmfulness,31,8003
delta_harmfulness,31,8005
delta_harmfulness,31,8006
delta_harmfulness,31,8013
delta_harmfulness,31,8015
delta_harmfulness,31,8018
delta_harmfulness,31,8021
delta_harmfulness,31,8027
delta_harmfulness,31,8043
delta_harmfulness,31,8044
delta_harmfulness,31,8047
delta_harmfulness,31,8049
delta_harmfulness,31,8050
delta_harmfulness,31,8053
delta_harmfulness,31,8057
delta_harmfulness,31,8058
delta_harmfulness,31,8059
delta_harmfulness,31,8064
delta_harmfulness,31,8075
delta_harmfulness,31,8083
delta_harmfulness,31,8086
delta_harmfulness,31,8087
delta_harmfulness,31,8089
delta_harmfulness,31,8090
delta_harmfulness,31,8094
delta_harmfulness,31,8100
delta_harmfulness,31,8101
delta_harmfulness,31,8103
delta_harmfulness,31,8104
delta_harmfulness,31,8108
delta_harmfulness,31,8112
delta_harmfulness,31,8114
delta_harmfulness,31,8117
delta_harmfulness,31,8118
delta_harmfulness,31,8120
delta_harmfulness,31,8126
delta_harmfulness,31,8128
delta_harmfulness,31,8131
delta_harmfulness,31,8133
delta_harmfulness,31,8135
delta_harmfulness,31,8136
delta_harmfulness,31,8140
delta_harmfulness,31,8146
delta_harmfulness,31,8154
delta_harmfulness,31,8156
delta_harmfulness,31,8167
delta_harmfulness,31,8169
delta_harmfulness,31,8170
delta_harmfulness,31,8173
delta_harmfulness,31,8183
delta_harmfulness,31,8190
delta_harmfulness,31,8193
delta_harmfulness,31,8196
delta_harmfulness,31,8200
delta_harmfulness,31,8201
delta_harmfulness,31,8203
delta_harmfulness,31,8205
delta_harmfulness,31,8225
delta_harmfulness,31,8226
delta_harmfulness,31,8227
delta_harmfulness,31,8229
delta_harmfulness,31,8233
delta_harmfulness,31,8240
delta_harmfulness,31,8250
delta_harmfulness,31,8254
delta_harmfulness,31,8258
delta_harmfulness,31,8260
delta_harmfulness,31,8272
delta_harmfulness,31,8285
delta_harmfulness,31,8296
delta_harmfulness,31,8297
delta_harmfulness,31,8300
delta_harmfulness,31,8307
delta_harmfulness,31,8309
delta_harmfulness,31,8310
delta_harmfulness,31,8311
delta_harmfulness,31,8314
delta_harmfulness,31,8316
delta_harmfulness,31,8318
delta_harmfulness,31,8319
delta_harmfulness,31,8321
delta_harmfulness,31,8324
delta_harmfulness,31,8326
delta_harmfulness,31,8331
delta_harmfulness,31,8334
delta_harmfulness,31,8336
delta_harmfulness,31,8340
delta_harmfulness,31,8346
delta_harmfulness,31,8350
delta_harmfulness,31,8354
delta_harmfulness,31,8359
delta_harmfulness,31,8360
delta_harmfulness,31,8366
delta_harmfulness,31,8379
delta_harmfulness,31,8382
delta_harmfulness,31,8384
delta_harmfulness,31,8392
delta_harmfulness,31,8394
delta_harmfulness,31,8400
delta_harmfulness,31,8401
delta_harmfulness,31,8410
delta_harmfulness,31,8415
delta_harmfulness,31,8416
delta_harmfulness,31,8432
delta_harmfulness,31,8436
delta_harmfulness,31,8445
delta_harmfulness,31,8446
delta_harmfulness,31,8449
delta_harmfulness,31,8450
delta_harmfulness,31,8453
delta_harmfulness,31,8458
delta_harmfulness,31,8459
delta_harmfulness,31,8461
delta_harmfulness,31,8468
delta_harmfulness,31,8471
delta_harmfulness,31,8484
delta_harmfulness,31,8489
delta_harmfulness,31,8494
delta_harmfulness,31,8499
delta_harmfulness,31,8500
delta_harmfulness,31,8503
delta_harmfulness,31,8506
delta_harmfulness,31,8517
delta_harmfulness,31,8521
delta_harmfulness,31,8527
delta_harmfulness,31,8531
delta_harmfulness,31,8532
delta_harmfulness,31,8533
delta_harmfulness,31,8534
delta_harmfulness,31,8537
delta_harmfulness,31,8540
delta_harmfulness,31,8544
delta_harmfulness,31,8555
delta_harmfulness,31,8557
delta_harmfulness,31,8565
delta_harmfulness,31,8571
delta_harmfulness,31,8576
delta_harmfulness,31,8577
delta_harmfulness,31,8578
delta_harmfulness,31,8583
delta_harmfulness,31,8591
delta_harmfulness,31,8595
delta_harmfulness,31,8603
delta_harmfulness,31,8607
delta_harmfulness,31,8609
delta_harmfulness,31,8610
delta_harmfulness,31,8613
delta_harmfulness,31,8622
delta_harmfulness,31,8624
delta_harmfulness,31,8626
delta_harmfulness,31,8627
delta_harmfulness,31,8628
delta_harmfulness,31,8631
delta_harmfulness,31,8633
delta_harmfulness,31,8638
delta_harmfulness,31,8644
delta_harmfulness,31,8649
delta_harmfulness,31,8651
delta_harmfulness,31,8652
delta_harmfulness,31,8653
delta_harmfulness,31,8654
delta_harmfulness,31,8655
delta_harmfulness,31,8657
delta_harmfulness,31,8664
delta_harmfulness,31,8667
delta_harmfulness,31,8671
delta_harmfulness,31,8680
delta_harmfulness,31,8682
delta_harmfulness,31,8698
delta_harmfulness,31,8711
delta_harmfulness,31,8714
delta_harmfulness,31,8722
delta_harmfulness,31,8724
delta_harmfulness,31,8732
delta_harmfulness,31,8735
delta_harmfulness,31,8743
delta_harmfulness,31,8747
delta_harmfulness,31,8757
delta_harmfulness,31,8766
delta_harmfulness,31,8768
delta_harmfulness,31,8771
delta_harmfulness,31,8773
delta_harmfulness,31,8786
delta_harmfulness,31,8787
delta_harmfulness,31,8788
delta_harmfulness,31,8792
delta_harmfulness,31,8794
delta_harmfulness,31,8808
delta_harmfulness,31,8809
delta_harmfulness,31,8812
delta_harmfulness,31,8817
delta_harmfulness,31,8824
delta_harmfulness,31,8825
delta_harmfulness,31,8829
delta_harmfulness,31,8831
delta_harmfulness,31,8836
delta_harmfulness,31,8855
delta_harmfulness,31,8861
delta_harmfulness,31,8862
delta_harmfulness,31,8867
delta_harmfulness,31,8874
delta_harmfulness,31,8879
delta_harmfulness,31,8884
delta_harmfulness,31,8887
delta_harmfulness,31,8895
delta_harmfulness,31,8901
delta_harmfulness,31,8903
delta_harmfulness,31,8907
delta_harmfulness,31,8915
delta_harmfulness,31,8921
delta_harmfulness,31,8923
delta_harmfulness,31,8927
delta_harmfulness,31,8932
delta_harmfulness,31,8934
delta_harmfulness,31,8936
delta_harmfulness,31,8937
delta_harmfulness,31,8945
delta_harmfulness,31,8947
delta_harmfulness,31,8950
delta_harmfulness,31,8953
delta_harmfulness,31,8954
delta_harmfulness,31,8956
delta_harmfulness,31,8959
delta_harmfulness,31,8971
delta_harmfulness,31,8978
delta_harmfulness,31,8984
delta_harmfulness,31,8990
delta_harmfulness,31,8999
delta_harmfulness,31,9007
delta_harmfulness,31,9009
delta_harmfulness,31,9019
delta_harmfulness,31,9028
delta_harmfulness,31,9029
delta_harmfulness,31,9033
delta_harmfulness,31,9037
delta_harmfulness,31,9046
delta_harmfulness,31,9047
delta_harmfulness,31,9052
delta_harmfulness,31,9053
delta_harmfulness,31,9054
delta_harmfulness,31,9056
delta_harmfulness,31,9057
delta_harmfulness,31,9059
delta_harmfulness,31,9061
delta_harmfulness,31,9063
delta_harmfulness,31,9065
delta_harmfulness,31,9071
delta_harmfulness,31,9072
delta_harmfulness,31,9074
delta_harmfulness,31,9081
delta_harmfulness,31,9082
delta_harmfulness,31,9085
delta_harmfulness,31,9091
delta_harmfulness,31,9108
delta_harmfulness,31,9114
delta_harmfulness,31,9115
delta_harmfulness,31,9119
delta_harmfulness,31,9125
delta_harmfulness,31,9127
delta_harmfulness,31,9128
delta_harmfulness,31,9130
delta_harmfulness,31,9144
delta_harmfulness,31,9145
delta_harmfulness,31,9154
delta_harmfulness,31,9155
delta_harmfulness,31,9168
delta_harmfulness,31,9171
delta_harmfulness,31,9175
delta_harmfulness,31,9176
delta_harmfulness,31,9187
delta_harmfulness,31,9203
delta_harmfulness,31,9205
delta_harmfulness,31,9222
delta_harmfulness,31,9231
delta_harmfulness,31,9239
delta_harmfulness,31,9240
delta_harmfulness,31,9241
delta_harmfulness,31,9247
delta_harmfulness,31,9248
delta_harmfulness,31,9252
delta_harmfulness,31,9253
delta_harmfulness,31,9256
delta_harmfulness,31,9258
delta_harmfulness,31,9261
delta_harmfulness,31,9272
delta_harmfulness,31,9276
delta_harmfulness,31,9278
delta_harmfulness,31,9283
delta_harmfulness,31,9289
delta_harmfulness,31,9291
delta_harmfulness,31,9292
delta_harmfulness,31,9299
delta_harmfulness,31,9307
delta_harmfulness,31,9311
delta_harmfulness,31,9313
delta_harmfulness,31,9326
delta_harmfulness,31,9327
delta_harmfulness,31,9329
delta_harmfulness,31,9341
delta_harmfulness,31,9346
delta_harmfulness,31,9355
delta_harmfulness,31,9359
delta_harmfulness,31,9371
delta_harmfulness,31,9378
delta_harmfulness,31,9387
delta_harmfulness,31,9389
delta_harmfulness,31,9390
delta_harmfulness,31,9396
delta_harmfulness,31,9399
delta_harmfulness,31,9410
delta_harmfulness,31,9412
delta_harmfulness,31,9416
delta_harmfulness,31,9417
delta_harmfulness,31,9421
delta_harmfulness,31,9426
delta_harmfulness,31,9436
delta_harmfulness,31,9445
delta_harmfulness,31,9451
delta_harmfulness,31,9455
delta_harmfulness,31,9462
delta_harmfulness,31,9463
delta_harmfulness,31,9464
delta_harmfulness,31,9465
delta_harmfulness,31,9466
delta_harmfulness,31,9469
delta_harmfulness,31,9475
delta_harmfulness,31,9481
delta_harmfulness,31,9485
delta_harmfulness,31,9495
delta_harmfulness,31,9499
delta_harmfulness,31,9501
delta_harmfulness,31,9503
delta_harmfulness,31,9504
delta_harmfulness,31,9507
delta_harmfulness,31,9510
delta_harmfulness,31,9511
delta_harmfulness,31,9512
delta_harmfulness,31,9519
delta_harmfulness,31,9521
delta_harmfulness,31,9526
delta_harmfulness,31,9528
delta_harmfulness,31,9538
delta_harmfulness,31,9542
delta_harmfulness,31,9544
delta_harmfulness,31,9547
delta_harmfulness,31,9551
delta_harmfulness,31,9553
delta_harmfulness,31,9557
delta_harmfulness,31,9558
delta_harmfulness,31,9563
delta_harmfulness,31,9567
delta_harmfulness,31,9569
delta_harmfulness,31,9573
delta_harmfulness,31,9575
delta_harmfulness,31,9580
delta_harmfulness,31,9582
delta_harmfulness,31,9584
delta_harmfulness,31,9587
delta_harmfulness,31,9595
delta_harmfulness,31,9598
delta_harmfulness,31,9604
delta_harmfulness,31,9614
delta_harmfulness,31,9620
delta_harmfulness,31,9627
delta_harmfulness,31,9628
delta_harmfulness,31,9631
delta_harmfulness,31,9639
delta_harmfulness,31,9647
delta_harmfulness,31,9653
delta_harmfulness,31,9658
delta_harmfulness,31,9661
delta_harmfulness,31,9663
delta_harmfulness,31,9664
delta_harmfulness,31,9665
delta_harmfulness,31,9674
delta_harmfulness,31,9676
delta_harmfulness,31,9689
delta_harmfulness,31,9690
delta_harmfulness,31,9692
delta_harmfulness,31,9693
delta_harmfulness,31,9696
delta_harmfulness,31,9700
delta_harmfulness,31,9704
delta_harmfulness,31,9715
delta_harmfulness,31,9716
delta_harmfulness,31,9729
delta_harmfulness,31,9730
delta_harmfulness,31,9734
delta_harmfulness,31,9736
delta_harmfulness,31,9744
delta_harmfulness,31,9753
delta_harmfulness,31,9760
delta_harmfulness,31,9762
delta_harmfulness,31,9763
delta_harmfulness,31,9769
delta_harmfulness,31,9773
delta_harmfulness,31,9790
delta_harmfulness,31,9792
delta_harmfulness,31,9795
delta_harmfulness,31,9796
delta_harmfulness,31,9802
delta_harmfulness,31,9818
delta_harmfulness,31,9823
delta_harmfulness,31,9825
delta_harmfulness,31,9831
delta_harmfulness,31,9833
delta_harmfulness,31,9837
delta_harmfulness,31,9840
delta_harmfulness,31,9843
delta_harmfulness,31,9845
delta_harmfulness,31,9857
delta_harmfulness,31,9858
delta_harmfulness,31,9860
delta_harmfulness,31,9866
delta_harmfulness,31,9870
delta_harmfulness,31,9880
delta_harmfulness,31,9882
delta_harmfulness,31,9883
delta_harmfulness,31,9888
delta_harmfulness,31,9891
delta_harmfulness,31,9894
delta_harmfulness,31,9895
delta_harmfulness,31,9902
delta_harmfulness,31,9903
delta_harmfulness,31,9909
delta_harmfulness,31,9911
delta_harmfulness,31,9912
delta_harmfulness,31,9917
delta_harmfulness,31,9919
delta_harmfulness,31,9929
delta_harmfulness,31,9936
delta_harmfulness,31,9945
delta_harmfulness,31,9947
delta_harmfulness,31,9949
delta_harmfulness,31,9954
delta_harmfulness,31,9955
delta_harmfulness,31,9968
delta_harmfulness,31,9974
delta_harmfulness,31,9976
delta_harmfulness,31,9977
delta_harmfulness,31,9995
delta_harmfulness,31,9999
delta_harmfulness,31,10005
delta_harmfulness,31,10006
delta_harmfulness,31,10007
delta_harmfulness,31,10010
delta_harmfulness,31,10014
delta_harmfulness,31,10026
delta_harmfulness,31,10027
delta_harmfulness,31,10030
delta_harmfulness,31,10033
delta_harmfulness,31,10036
delta_harmfulness,31,10037
delta_harmfulness,31,10039
delta_harmfulness,31,10040
delta_harmfulness,31,10049
delta_harmfulness,31,10050
delta_harmfulness,31,10051
delta_harmfulness,31,10062
delta_harmfulness,31,10068
delta_harmfulness,31,10073
delta_harmfulness,31,10077
delta_harmfulness,31,10078
delta_harmfulness,31,10088
delta_harmfulness,31,10100
delta_harmfulness,31,10114
delta_harmfulness,31,10115
delta_harmfulness,31,10120
delta_harmfulness,31,10126
delta_harmfulness,31,10129
delta_harmfulness,31,10131
delta_harmfulness,31,10133
delta_harmfulness,31,10136
delta_harmfulness,31,10137
delta_harmfulness,31,10140
delta_harmfulness,31,10153
delta_harmfulness,31,10156
delta_harmfulness,31,10158
delta_harmfulness,31,10159
delta_harmfulness,31,10165
delta_harmfulness,31,10169
delta_harmfulness,31,10174
delta_harmfulness,31,10175
delta_harmfulness,31,10178
delta_harmfulness,31,10180
delta_harmfulness,31,10183
delta_harmfulness,31,10184
delta_harmfulness,31,10189
delta_harmfulness,31,10191
delta_harmfulness,31,10200
delta_harmfulness,31,10204
delta_harmfulness,31,10210
delta_harmfulness,31,10215
delta_harmfulness,31,10218
delta_harmfulness,31,10228
delta_harmfulness,31,10233
delta_harmfulness,31,10251
delta_harmfulness,31,10253
delta_harmfulness,31,10271
delta_harmfulness,31,10272
delta_harmfulness,31,10277
delta_harmfulness,31,10278
delta_harmfulness,31,10288
delta_harmfulness,31,10305
delta_harmfulness,31,10307
delta_harmfulness,31,10308
delta_harmfulness,31,10310
delta_harmfulness,31,10313
delta_harmfulness,31,10315
delta_harmfulness,31,10323
delta_harmfulness,31,10324
delta_harmfulness,31,10329
delta_harmfulness,31,10333
delta_harmfulness,31,10334
delta_harmfulness,31,10335
delta_harmfulness,31,10345
delta_harmfulness,31,10346
delta_harmfulness,31,10348
delta_harmfulness,31,10355
delta_harmfulness,31,10368
delta_harmfulness,31,10373
delta_harmfulness,31,10374
delta_harmfulness,31,10375
delta_harmfulness,31,10378
delta_harmfulness,31,10379
delta_harmfulness,31,10380
delta_harmfulness,31,10392
delta_harmfulness,31,10395
delta_harmfulness,31,10405
delta_harmfulness,31,10406
delta_harmfulness,31,10408
delta_harmfulness,31,10409
delta_harmfulness,31,10410
delta_harmfulness,31,10418
delta_harmfulness,31,10432
delta_harmfulness,31,10439
delta_harmfulness,31,10441
delta_harmfulness,31,10449
delta_harmfulness,31,10450
delta_harmfulness,31,10452
delta_harmfulness,31,10456
delta_harmfulness,31,10459
delta_harmfulness,31,10461
delta_harmfulness,31,10471
delta_harmfulness,31,10474
delta_harmfulness,31,10478
delta_harmfulness,31,10479
delta_harmfulness,31,10484
delta_harmfulness,31,10488
delta_harmfulness,31,10492
delta_harmfulness,31,10499
delta_harmfulness,31,10500
delta_harmfulness,31,10504
delta_harmfulness,31,10505
delta_harmfulness,31,10511
delta_harmfulness,31,10512
delta_harmfulness,31,10513
delta_harmfulness,31,10522
delta_harmfulness,31,10529
delta_harmfulness,31,10533
delta_harmfulness,31,10548
delta_harmfulness,31,10549
delta_harmfulness,31,10555
delta_harmfulness,31,10570
delta_harmfulness,31,10578
delta_harmfulness,31,10580
delta_harmfulness,31,10581
delta_harmfulness,31,10585
delta_harmfulness,31,10586
delta_harmfulness,31,10591
delta_harmfulness,31,10595
delta_harmfulness,31,10603
delta_harmfulness,31,10605
delta_harmfulness,31,10606
delta_harmfulness,31,10607
delta_harmfulness,31,10610
delta_harmfulness,31,10618
delta_harmfulness,31,10619
delta_harmfulness,31,10620
delta_harmfulness,31,10644
delta_harmfulness,31,10650
delta_harmfulness,31,10653
delta_harmfulness,31,10659
delta_harmfulness,31,10662
delta_harmfulness,31,10666
delta_harmfulness,31,10667
delta_harmfulness,31,10669
delta_harmfulness,31,10674
delta_harmfulness,31,10678
delta_harmfulness,31,10688
delta_harmfulness,31,10693
delta_harmfulness,31,10697
delta_harmfulness,31,10698
delta_harmfulness,31,10699
delta_harmfulness,31,10702
delta_harmfulness,31,10703
delta_harmfulness,31,10707
delta_harmfulness,31,10712
delta_harmfulness,31,10715
delta_harmfulness,31,10716
delta_harmfulness,31,10717
delta_harmfulness,31,10725
delta_harmfulness,31,10726
delta_harmfulness,31,10736
delta_harmfulness,31,10741
delta_harmfulness,31,10756
delta_harmfulness,31,10758
delta_harmfulness,31,10759
delta_harmfulness,31,10761
delta_harmfulness,31,10764
delta_harmfulness,31,10767
delta_harmfulness,31,10770
delta_harmfulness,31,10775
delta_harmfulness,31,10776
delta_harmfulness,31,10779
delta_harmfulness,31,10783
delta_harmfulness,31,10788
delta_harmfulness,31,10792
delta_harmfulness,31,10797
delta_harmfulness,31,10803
delta_harmfulness,31,10806
delta_harmfulness,31,10814
delta_harmfulness,31,10824
delta_harmfulness,31,10826
delta_harmfulness,31,10828
delta_harmfulness,31,10830
delta_harmfulness,31,10834
delta_harmfulness,31,10840
delta_harmfulness,31,10842
delta_harmfulness,31,10845
delta_harmfulness,31,10847
delta_harmfulness,31,10848
delta_harmfulness,31,10850
delta_harmfulness,31,10866
delta_harmfulness,31,10873
delta_harmfulness,31,10883
delta_harmfulness,31,10887
delta_harmfulness,31,10891
delta_harmfulness,31,10896
delta_harmfulness,31,10897
delta_harmfulness,31,10899
delta_harmfulness,31,10902
delta_harmfulness,31,10908
delta_harmfulness,31,10910
delta_harmfulness,31,10915
delta_harmfulness,31,10919
delta_harmfulness,31,10920
delta_harmfulness,31,10922
delta_harmfulness,31,10928
delta_harmfulness,31,10946
delta_harmfulness,31,10948
delta_harmfulness,31,10952
delta_harmfulness,31,10956
delta_harmfulness,31,10962
delta_harmfulness,31,10966
delta_harmfulness,31,10969
delta_harmfulness,31,10971
delta_harmfulness,31,10973
delta_harmfulness,31,10976
delta_harmfulness,31,10979
delta_harmfulness,31,10982
delta_harmfulness,31,10983
delta_harmfulness,31,10989
delta_harmfulness,31,10995
delta_harmfulness,31,10996
delta_harmfulness,31,11000
delta_harmfulness,31,11006
delta_harmfulness,31,11008
delta_harmfulness,31,11009
delta_harmfulness,31,11010
delta_harmfulness,31,11013
delta_harmfulness,31,11018
delta_harmfulness,31,11024
delta_harmfulness,31,11034
delta_harmfulness,31,11038
delta_harmfulness,31,11054
delta_harmfulness,31,11059
delta_harmfulness,31,11062
delta_harmfulness,31,11065
delta_harmfulness,31,11070
delta_harmfulness,31,11071
delta_harmfulness,31,11075
delta_harmfulness,31,11079
delta_harmfulness,31,11080
delta_harmfulness,31,11084
delta_harmfulness,31,11085
delta_harmfulness,31,11089
delta_harmfulness,31,11092
delta_harmfulness,31,11096
delta_harmfulness,31,11098
delta_harmfulness,31,11108
delta_harmfulness,31,11118
delta_harmfulness,31,11120
delta_harmfulness,31,11123
delta_harmfulness,31,11138
delta_harmfulness,31,11141
delta_harmfulness,31,11145
delta_harmfulness,31,11146
delta_harmfulness,31,11149
delta_harmfulness,31,11155
delta_harmfulness,31,11160
delta_harmfulness,31,11168
delta_harmfulness,31,11172
delta_harmfulness,31,11175
delta_harmfulness,31,11177
delta_harmfulness,31,11178
delta_harmfulness,31,11181
delta_harmfulness,31,11194
delta_harmfulness,31,11198
delta_harmfulness,31,11202
delta_harmfulness,31,11203
delta_harmfulness,31,11206
delta_harmfulness,31,11208
delta_harmfulness,31,11209
delta_harmfulness,31,11222
delta_harmfulness,31,11233
delta_harmfulness,31,11234
delta_harmfulness,31,11235
delta_harmfulness,31,11239
delta_harmfulness,31,11242
delta_harmfulness,31,11243
delta_harmfulness,31,11244
delta_harmfulness,31,11249
delta_harmfulness,31,11250
delta_harmfulness,31,11254
delta_harmfulness,31,11256
delta_harmfulness,31,11258
delta_harmfulness,31,11260
delta_harmfulness,31,11267
delta_harmfulness,31,11272
delta_harmfulness,31,11286
delta_harmfulness,31,11291
delta_harmfulness,31,11298
delta_harmfulness,31,11305
delta_harmfulness,31,11311
delta_harmfulness,31,11314
delta_harmfulness,31,11315
delta_harmfulness,31,11321
delta_harmfulness,31,11326
delta_harmfulness,31,11329
delta_harmfulness,31,11338
delta_harmfulness,31,11342
delta_harmfulness,31,11344
delta_harmfulness,31,11348
delta_harmfulness,31,11350
delta_harmfulness,31,11360
delta_harmfulness,31,11361
delta_harmfulness,31,11365
delta_harmfulness,31,11366
delta_harmfulness,31,11371
delta_harmfulness,31,11374
delta_harmfulness,31,11386
delta_harmfulness,31,11392
delta_harmfulness,31,11395
delta_harmfulness,31,11405
delta_harmfulness,31,11406
delta_harmfulness,31,11407
delta_harmfulness,31,11409
delta_harmfulness,31,11410
delta_harmfulness,31,11412
delta_harmfulness,31,11413
delta_harmfulness,31,11414
delta_harmfulness,31,11428
delta_harmfulness,31,11433
delta_harmfulness,31,11434
delta_harmfulness,31,11435
delta_harmfulness,31,11443
delta_harmfulness,31,11445
delta_harmfulness,31,11448
delta_harmfulness,31,11452
delta_harmfulness,31,11456
delta_harmfulness,31,11463
delta_harmfulness,31,11466
delta_harmfulness,31,11482
delta_harmfulness,31,11483
delta_harmfulness,31,11488
delta_harmfulness,31,11491
delta_harmfulness,31,11494
delta_harmfulness,31,11496
delta_harmfulness,31,11497
delta_harmfulness,31,11504
delta_harmfulness,31,11505
delta_harmfulness,31,11512
delta_harmfulness,31,11516
delta_harmfulness,31,11517
delta_harmfulness,31,11518
delta_harmfulness,31,11537
delta_harmfulness,31,11541
delta_harmfulness,31,11543
delta_harmfulness,31,11544
delta_harmfulness,31,11551
delta_harmfulness,31,11553
delta_harmfulness,31,11558
delta_harmfulness,31,11562
delta_harmfulness,31,11564
delta_harmfulness,31,11568
delta_harmfulness,31,11571
delta_harmfulness,31,11573
delta_harmfulness,31,11581
delta_harmfulness,31,11585
delta_harmfulness,31,11591
delta_harmfulness,31,11598
delta_harmfulness,31,11601
delta_harmfulness,31,11605
delta_harmfulness,31,11616
delta_harmfulness,31,11620
delta_harmfulness,31,11622
delta_harmfulness,31,11626
delta_harmfulness,31,11627
delta_harmfulness,31,11633
delta_harmfulness,31,11634
delta_harmfulness,31,11637
delta_harmfulness,31,11638
delta_harmfulness,31,11640
delta_harmfulness,31,11652
delta_harmfulness,31,11654
delta_harmfulness,31,11662
delta_harmfulness,31,11664
delta_harmfulness,31,11668
delta_harmfulness,31,11677
delta_harmfulness,31,11687
delta_harmfulness,31,11688
delta_harmfulness,31,11689
delta_harmfulness,31,11690
delta_harmfulness,31,11691
delta_harmfulness,31,11692
delta_harmfulness,31,11693
delta_harmfulness,31,11695
delta_harmfulness,31,11696
delta_harmfulness,31,11698
delta_harmfulness,31,11707
delta_harmfulness,31,11713
delta_harmfulness,31,11715
delta_harmfulness,31,11730
delta_harmfulness,31,11740
delta_harmfulness,31,11748
delta_harmfulness,31,11752
delta_harmfulness,31,11755
delta_harmfulness,31,11757
delta_harmfulness,31,11762
delta_harmfulness,31,11766
delta_harmfulness,31,11769
delta_harmfulness,31,11780
delta_harmfulness,31,11781
delta_harmfulness,31,11796
delta_harmfulness,31,11804
delta_harmfulness,31,11807
delta_harmfulness,31,11808
delta_harmfulness,31,11811
delta_harmfulness,31,11815
delta_harmfulness,31,11817
delta_harmfulness,31,11818
delta_harmfulness,31,11823
delta_harmfulness,31,11827
delta_harmfulness,31,11837
delta_harmfulness,31,11840
delta_harmfulness,31,11842
delta_harmfulness,31,11843
delta_harmfulness,31,11848
delta_harmfulness,31,11850
delta_harmfulness,31,11852
delta_harmfulness,31,11854
delta_harmfulness,31,11866
delta_harmfulness,31,11870
delta_harmfulness,31,11877
delta_harmfulness,31,11878
delta_harmfulness,31,11881
delta_harmfulness,31,11885
delta_harmfulness,31,11898
delta_harmfulness,31,11908
delta_harmfulness,31,11910
delta_harmfulness,31,11912
delta_harmfulness,31,11913
delta_harmfulness,31,11914
delta_harmfulness,31,11919
delta_harmfulness,31,11928
delta_harmfulness,31,11929
delta_harmfulness,31,11940
delta_harmfulness,31,11942
delta_harmfulness,31,11944
delta_harmfulness,31,11945
delta_harmfulness,31,11948
delta_harmfulness,31,11963
delta_harmfulness,31,11969
delta_harmfulness,31,11978
delta_harmfulness,31,11981
delta_harmfulness,31,11985
delta_harmfulness,31,11999
delta_harmfulness,31,12004
delta_harmfulness,31,12007
delta_harmfulness,31,12008
delta_harmfulness,31,12011
delta_harmfulness,31,12015
delta_harmfulness,31,12028
delta_harmfulness,31,12032
delta_harmfulness,31,12034
delta_harmfulness,31,12035
delta_harmfulness,31,12040
delta_harmfulness,31,12053
delta_harmfulness,31,12059
delta_harmfulness,31,12061
delta_harmfulness,31,12064
delta_harmfulness,31,12069
delta_harmfulness,31,12074
delta_harmfulness,31,12084
delta_harmfulness,31,12087
delta_harmfulness,31,12091
delta_harmfulness,31,12092
delta_harmfulness,31,12101
delta_harmfulness,31,12105
delta_harmfulness,31,12114
delta_harmfulness,31,12119
delta_harmfulness,31,12120
delta_harmfulness,31,12121
delta_harmfulness,31,12123
delta_harmfulness,31,12126
delta_harmfulness,31,12127
delta_harmfulness,31,12130
delta_harmfulness,31,12138
delta_harmfulness,31,12145
delta_harmfulness,31,12156
delta_harmfulness,31,12159
delta_harmfulness,31,12165
delta_harmfulness,31,12169
delta_harmfulness,31,12172
delta_harmfulness,31,12179
delta_harmfulness,31,12182
delta_harmfulness,31,12185
delta_harmfulness,31,12193
delta_harmfulness,31,12196
delta_harmfulness,31,12203
delta_harmfulness,31,12206
delta_harmfulness,31,12210
delta_harmfulness,31,12214
delta_harmfulness,31,12216
delta_harmfulness,31,12218
delta_harmfulness,31,12222
delta_harmfulness,31,12224
delta_harmfulness,31,12226
delta_harmfulness,31,12234
delta_harmfulness,31,12246
delta_harmfulness,31,12248
delta_harmfulness,31,12252
delta_harmfulness,31,12257
delta_harmfulness,31,12260
delta_harmfulness,31,12266
delta_harmfulness,31,12267
delta_harmfulness,31,12268
delta_harmfulness,31,12270
delta_harmfulness,31,12277
delta_harmfulness,31,12281
delta_harmfulness,31,12292
delta_harmfulness,31,12293
delta_harmfulness,31,12296
delta_harmfulness,31,12300
delta_harmfulness,31,12303
delta_harmfulness,31,12306
delta_harmfulness,31,12310
delta_harmfulness,31,12313
delta_harmfulness,31,12323
delta_harmfulness,31,12333
delta_harmfulness,31,12340
delta_harmfulness,31,12349
delta_harmfulness,31,12350
delta_harmfulness,31,12356
delta_harmfulness,31,12358
delta_harmfulness,31,12360
delta_harmfulness,31,12362
delta_harmfulness,31,12367
delta_harmfulness,31,12368
delta_harmfulness,31,12373
delta_harmfulness,31,12383
delta_harmfulness,31,12389
delta_harmfulness,31,12391
delta_harmfulness,31,12393
delta_harmfulness,31,12404
delta_harmfulness,31,12411
delta_harmfulness,31,12417
delta_harmfulness,31,12423
delta_harmfulness,31,12434
delta_harmfulness,31,12439
delta_harmfulness,31,12446
delta_harmfulness,31,12454
delta_harmfulness,31,12469
delta_harmfulness,31,12491
delta_harmfulness,31,12492
delta_harmfulness,31,12493
delta_harmfulness,31,12494
delta_harmfulness,31,12499
delta_harmfulness,31,12514
delta_harmfulness,31,12517
delta_harmfulness,31,12522
delta_harmfulness,31,12525
delta_harmfulness,31,12529
delta_harmfulness,31,12534
delta_harmfulness,31,12548
delta_harmfulness,31,12564
delta_harmfulness,31,12566
delta_harmfulness,31,12568
delta_harmfulness,31,12575
delta_harmfulness,31,12578
delta_harmfulness,31,12580
delta_harmfulness,31,12582
delta_harmfulness,31,12584
delta_harmfulness,31,12585
delta_harmfulness,31,12591
delta_harmfulness,31,12594
delta_harmfulness,31,12604
delta_harmfulness,31,12614
delta_harmfulness,31,12616
delta_harmfulness,31,12624
delta_harmfulness,31,12628
delta_harmfulness,31,12633
delta_harmfulness,31,12634
delta_harmfulness,31,12638
delta_harmfulness,31,12643
delta_harmfulness,31,12656
delta_harmfulness,31,12658
delta_harmfulness,31,12668
delta_harmfulness,31,12673
delta_harmfulness,31,12675
delta_harmfulness,31,12677
delta_harmfulness,31,12682
delta_harmfulness,31,12691
delta_harmfulness,31,12692
delta_harmfulness,31,12693
delta_harmfulness,31,12705
delta_harmfulness,31,12707
delta_harmfulness,31,12712
delta_harmfulness,31,12713
delta_harmfulness,31,12723
delta_harmfulness,31,12730
delta_harmfulness,31,12731
delta_harmfulness,31,12734
delta_harmfulness,31,12745
delta_harmfulness,31,12761
delta_harmfulness,31,12763
delta_harmfulness,31,12764
delta_harmfulness,31,12766
delta_harmfulness,31,12768
delta_harmfulness,31,12771
delta_harmfulness,31,12773
delta_harmfulness,31,12776
delta_harmfulness,31,12780
delta_harmfulness,31,12781
delta_harmfulness,31,12782
delta_harmfulness,31,12784
delta_harmfulness,31,12785
delta_harmfulness,31,12794
delta_harmfulness,31,12800
delta_harmfulness,31,12801
delta_harmfulness,31,12806
delta_harmfulness,31,12814
delta_harmfulness,31,12815
delta_harmfulness,31,12816
delta_harmfulness,31,12818
delta_harmfulness,31,12819
delta_harmfulness,31,12832
delta_harmfulness,31,12839
delta_harmfulness,31,12841
delta_harmfulness,31,12842
delta_harmfulness,31,12845
delta_harmfulness,31,12850
delta_harmfulness,31,12861
delta_harmfulness,31,12863
delta_harmfulness,31,12870
delta_harmfulness,31,12883
delta_harmfulness,31,12893
delta_harmfulness,31,12899
delta_harmfulness,31,12904
delta_harmfulness,31,12906
delta_harmfulness,31,12909
delta_harmfulness,31,12910
delta_harmfulness,31,12912
delta_harmfulness,31,12913
delta_harmfulness,31,12914
delta_harmfulness,31,12915
delta_harmfulness,31,12917
delta_harmfulness,31,12920
delta_harmfulness,31,12923
delta_harmfulness,31,12928
delta_harmfulness,31,12930
delta_harmfulness,31,12933
delta_harmfulness,31,12935
delta_harmfulness,31,12950
delta_harmfulness,31,12951
delta_harmfulness,31,12959
delta_harmfulness,31,12968
delta_harmfulness,31,12971
delta_harmfulness,31,12973
delta_harmfulness,31,12982
delta_harmfulness,31,12995
delta_harmfulness,31,13005
delta_harmfulness,31,13006
delta_harmfulness,31,13009
delta_harmfulness,31,13012
delta_harmfulness,31,13019
delta_harmfulness,31,13023
delta_harmfulness,31,13024
delta_harmfulness,31,13030
delta_harmfulness,31,13031
delta_harmfulness,31,13042
delta_harmfulness,31,13045
delta_harmfulness,31,13050
delta_harmfulness,31,13054
delta_harmfulness,31,13060
delta_harmfulness,31,13062
delta_harmfulness,31,13063
delta_harmfulness,31,13066
delta_harmfulness,31,13067
delta_harmfulness,31,13071
delta_harmfulness,31,13076
delta_harmfulness,31,13079
delta_harmfulness,31,13082
delta_harmfulness,31,13087
delta_harmfulness,31,13095
delta_harmfulness,31,13100
delta_harmfulness,31,13102
delta_harmfulness,31,13105
delta_harmfulness,31,13110
delta_harmfulness,31,13113
delta_harmfulness,31,13115
delta_harmfulness,31,13122
delta_harmfulness,31,13128
delta_harmfulness,31,13132
delta_harmfulness,31,13139
delta_harmfulness,31,13144
delta_harmfulness,31,13150
delta_harmfulness,31,13151
delta_harmfulness,31,13160
delta_harmfulness,31,13161
delta_harmfulness,31,13168
delta_harmfulness,31,13174
delta_harmfulness,31,13179
delta_harmfulness,31,13185
delta_harmfulness,31,13188
delta_harmfulness,31,13189
delta_harmfulness,31,13193
delta_harmfulness,31,13194
delta_harmfulness,31,13208
delta_harmfulness,31,13211
delta_harmfulness,31,13212
delta_harmfulness,31,13217
delta_harmfulness,31,13219
delta_harmfulness,31,13228
delta_harmfulness,31,13229
delta_harmfulness,31,13231
delta_harmfulness,31,13234
delta_harmfulness,31,13235
delta_harmfulness,31,13236
delta_harmfulness,31,13239
delta_harmfulness,31,13248
delta_harmfulness,31,13257
delta_harmfulness,31,13265
delta_harmfulness,31,13267
delta_harmfulness,31,13269
delta_harmfulness,31,13271
delta_harmfulness,31,13273
delta_harmfulness,31,13277
delta_harmfulness,31,13279
delta_harmfulness,31,13293
delta_harmfulness,31,13299
delta_harmfulness,31,13317
delta_harmfulness,31,13319
delta_harmfulness,31,13321
delta_harmfulness,31,13324
delta_harmfulness,31,13325
delta_harmfulness,31,13326
delta_harmfulness,31,13328
delta_harmfulness,31,13336
delta_harmfulness,31,13340
delta_harmfulness,31,13341
delta_harmfulness,31,13344
delta_harmfulness,31,13366
delta_harmfulness,31,13368
delta_harmfulness,31,13369
delta_harmfulness,31,13384
delta_harmfulness,31,13385
delta_harmfulness,31,13389
delta_harmfulness,31,13393
delta_harmfulness,31,13396
delta_harmfulness,31,13400
delta_harmfulness,31,13401
delta_harmfulness,31,13402
delta_harmfulness,31,13405
delta_harmfulness,31,13409
delta_harmfulness,31,13410
delta_harmfulness,31,13414
delta_harmfulness,31,13416
delta_harmfulness,31,13422
delta_harmfulness,31,13423
delta_harmfulness,31,13425
delta_harmfulness,31,13435
delta_harmfulness,31,13436
delta_harmfulness,31,13454
delta_harmfulness,31,13456
delta_harmfulness,31,13457
delta_harmfulness,31,13465
delta_harmfulness,31,13467
delta_harmfulness,31,13470
delta_harmfulness,31,13472
delta_harmfulness,31,13473
delta_harmfulness,31,13478
delta_harmfulness,31,13488
delta_harmfulness,31,13491
delta_harmfulness,31,13501
delta_harmfulness,31,13505
delta_harmfulness,31,13507
delta_harmfulness,31,13519
delta_harmfulness,31,13521
delta_harmfulness,31,13523
delta_harmfulness,31,13526
delta_harmfulness,31,13527
delta_harmfulness,31,13529
delta_harmfulness,31,13536
delta_harmfulness,31,13539
delta_harmfulness,31,13542
delta_harmfulness,31,13544
delta_harmfulness,31,13548
delta_harmfulness,31,13555
delta_harmfulness,31,13558
delta_harmfulness,31,13564
delta_harmfulness,31,13569
delta_harmfulness,31,13575
delta_harmfulness,31,13579
delta_harmfulness,31,13583
delta_harmfulness,31,13592
delta_harmfulness,31,13593
delta_harmfulness,31,13595
delta_harmfulness,31,13596
delta_harmfulness,31,13599
delta_harmfulness,31,13605
delta_harmfulness,31,13610
delta_harmfulness,31,13611
delta_harmfulness,31,13620
delta_harmfulness,31,13621
delta_harmfulness,31,13622
delta_harmfulness,31,13625
delta_harmfulness,31,13627
delta_harmfulness,31,13630
delta_harmfulness,31,13636
delta_harmfulness,31,13641
delta_harmfulness,31,13642
delta_harmfulness,31,13647
delta_harmfulness,31,13649
delta_harmfulness,31,13650
delta_harmfulness,31,13654
delta_harmfulness,31,13661
delta_harmfulness,31,13664
delta_harmfulness,31,13670
delta_harmfulness,31,13676
delta_harmfulness,31,13681
delta_harmfulness,31,13688
delta_harmfulness,31,13691
delta_harmfulness,31,13692
delta_harmfulness,31,13698
delta_harmfulness,31,13702
delta_harmfulness,31,13703
delta_harmfulness,31,13707
delta_harmfulness,31,13710
delta_harmfulness,31,13713
delta_harmfulness,31,13717
delta_harmfulness,31,13719
delta_harmfulness,31,13725
delta_harmfulness,31,13726
delta_harmfulness,31,13733
delta_harmfulness,31,13738
delta_harmfulness,31,13739
delta_harmfulness,31,13745
delta_harmfulness,31,13752
delta_harmfulness,31,13754
delta_harmfulness,31,13761
delta_harmfulness,31,13763
delta_harmfulness,31,13774
delta_harmfulness,31,13778
delta_harmfulness,31,13789
delta_harmfulness,31,13794
delta_harmfulness,31,13799
delta_harmfulness,31,13801
delta_harmfulness,31,13808
delta_harmfulness,31,13813
delta_harmfulness,31,13814
delta_harmfulness,31,13823
delta_harmfulness,31,13824
delta_harmfulness,31,13825
delta_harmfulness,31,13826
delta_harmfulness,31,13827
delta_harmfulness,31,13829
delta_harmfulness,31,13833
delta_harmfulness,31,13837
delta_harmfulness,31,13841
delta_harmfulness,31,13847
delta_harmfulness,31,13849
delta_harmfulness,31,13851
delta_harmfulness,31,13854
delta_harmfulness,31,13855
delta_harmfulness,31,13858
delta_harmfulness,31,13859
delta_harmfulness,31,13860
delta_harmfulness,31,13869
delta_harmfulness,31,13872
delta_harmfulness,31,13874
delta_harmfulness,31,13876
delta_harmfulness,31,13882
delta_harmfulness,31,13884
delta_harmfulness,31,13888
delta_harmfulness,31,13890
delta_harmfulness,31,13897
delta_harmfulness,31,13901
delta_harmfulness,31,13909
delta_harmfulness,31,13911
delta_harmfulness,31,13916
delta_harmfulness,31,13917
delta_harmfulness,31,13933
delta_harmfulness,31,13940
delta_harmfulness,31,13949
delta_harmfulness,31,13955
delta_harmfulness,31,13964
delta_harmfulness,31,13967
delta_harmfulness,31,13974
delta_harmfulness,31,13975
delta_harmfulness,31,13982
delta_harmfulness,31,13989
delta_harmfulness,31,13994
delta_harmfulness,31,13995
delta_harmfulness,31,13998
delta_harmfulness,31,13999
delta_harmfulness,31,14000
delta_harmfulness,31,14002
delta_harmfulness,31,14004
delta_harmfulness,31,14010
delta_harmfulness,31,14013
delta_harmfulness,31,14018
delta_harmfulness,31,14022
delta_harmfulness,31,14027
delta_harmfulness,31,14031
delta_harmfulness,31,14041
delta_harmfulness,31,14057
delta_harmfulness,31,14058
delta_harmfulness,31,14060
delta_harmfulness,31,14073
delta_harmfulness,31,14077
delta_harmfulness,31,14090
delta_harmfulness,31,14091
delta_harmfulness,31,14094
delta_harmfulness,31,14095
delta_harmfulness,31,14103
delta_harmfulness,31,14106
delta_harmfulness,31,14107
delta_harmfulness,31,14108
delta_harmfulness,31,14110
delta_harmfulness,31,14111
delta_harmfulness,31,14113
delta_harmfulness,31,14115
delta_harmfulness,31,14116
delta_harmfulness,31,14119
delta_harmfulness,31,14123
delta_harmfulness,31,14124
delta_harmfulness,31,14155
delta_harmfulness,31,14157
delta_harmfulness,31,14168
delta_harmfulness,31,14175
delta_harmfulness,31,14177
delta_harmfulness,31,14179
delta_harmfulness,31,14182
delta_harmfulness,31,14191
delta_harmfulness,31,14194
delta_harmfulness,31,14195
delta_harmfulness,31,14196
delta_harmfulness,31,14197
delta_harmfulness,31,14200
delta_harmfulness,31,14201
delta_harmfulness,31,14203
delta_harmfulness,31,14211
delta_harmfulness,31,14214
delta_harmfulness,31,14221
delta_harmfulness,31,14224
delta_harmfulness,31,14230
delta_harmfulness,31,14238
delta_harmfulness,31,14239
delta_harmfulness,31,14242
delta_harmfulness,31,14254
delta_harmfulness,31,14264
delta_harmfulness,31,14276
delta_harmfulness,31,14279
delta_harmfulness,31,14283
delta_harmfulness,31,14285
delta_harmfulness,31,14287
delta_harmfulness,31,14288
delta_harmfulness,31,14289
delta_harmfulness,31,14295
delta_harmfulness,31,14299
delta_harmfulness,31,14304
delta_harmfulness,31,14306
delta_harmfulness,31,14312
delta_harmfulness,31,14314
delta_harmfulness,31,14316
delta_harmfulness,31,14321
delta_harmfulness,31,14332
