variant,layer,neuron_index
delta_refusal,2,138
delta_refusal,3,3214
delta_refusal,3,10351
delta_refusal,3,14176
delta_refusal,4,10711
delta_refusal,4,11663
delta_refusal,5,9192
delta_refusal,5,13440
delta_refusal,6,8450
delta_refusal,7,1994
delta_refusal,7,6819
delta_refusal,7,10594
delta_refusal,7,12230
delta_refusal,8,64
delta_refusal,8,203
delta_refusal,8,319
delta_refusal,8,3085
delta_refusal,8,7503
delta_refusal,8,11119
delta_refusal,8,11495
delta_refusal,9,802
delta_refusal,9,1355
delta_refusal,9,2612
delta_refusal,9,2852
delta_refusal,9,3200
delta_refusal,9,3441
delta_refusal,9,4013
delta_refusal,9,4597
delta_refusal,9,9799
delta_refusal,9,10838
delta_refusal,9,11009
delta_refusal,9,11076
delta_refusal,9,11856
delta_refusal,9,12312
delta_refusal,10,853
delta_refusal,10,1084
delta_refusal,10,1669
delta_refusal,10,3727
delta_refusal,10,4071
delta_refusal,10,4542
delta_refusal,10,4582
delta_refusal,10,4691
delta_refusal,10,4978
delta_refusal,10,6318
delta_refusal,10,6526
delta_refusal,10,7483
delta_refusal,10,8322
delta_refusal,10,8868
delta_refusal,10,9322
delta_refusal,10,10474
delta_refusal,10,11188
delta_refusal,10,11874
delta_refusal,10,13557
delta_refusal,10,14292
delta_refusal,11,245
delta_refusal,11,432
delta_refusal,11,499
delta_refusal,11,1791
delta_refusal,11,1820
delta_refusal,11,2092
delta_refusal,11,2532
delta_refusal,11,2871
delta_refusal,11,3130
delta_refusal,11,3787
delta_refusal,11,3817
delta_refusal,11,3841
delta_refusal,11,3969
delta_refusal,11,4146
delta_refusal,11,4173
delta_refusal,11,4181
delta_refusal,11,4258
delta_refusal,11,4630
delta_refusal,11,4901
delta_refusal,11,5659
delta_refusal,11,6737
delta_refusal,11,6786
delta_refusal,11,6821
delta_refusal,11,6863
delta_refusal,11,7119
delta_refusal,11,7229
delta_refusal,11,7674
delta_refusal,11,7922
delta_refusal,11,8011
delta_refusal,11,8208
delta_refusal,11,9743
delta_refusal,11,9781
delta_refusal,11,9982
delta_refusal,11,10274
delta_refusal,11,10393
delta_refusal,11,10431
delta_refusal,11,10685
delta_refusal,11,10961
delta_refusal,11,11730
delta_refusal,11,12141
delta_refusal,11,12356
delta_refusal,11,12649
delta_refusal,11,13237
delta_refusal,11,13331
delta_refusal,11,13638
delta_refusal,11,13675
delta_refusal,11,13926
delta_refusal,11,13978
delta_refusal,12,86
delta_refusal,12,180
delta_refusal,12,286
delta_refusal,12,364
delta_refusal,12,531
delta_refusal,12,1559
delta_refusal,12,1728
delta_refusal,12,1843
delta_refusal,12,1862
delta_refusal,12,1889
delta_refusal,12,2187
delta_refusal,12,2243
delta_refusal,12,2713
delta_refusal,12,2722
delta_refusal,12,2948
delta_refusal,12,3060
delta_refusal,12,3063
delta_refusal,12,3424
delta_refusal,12,3560
delta_refusal,12,3601
delta_refusal,12,3740
delta_refusal,12,4200
delta_refusal,12,4319
delta_refusal,12,4464
delta_refusal,12,4821
delta_refusal,12,4934
delta_refusal,12,5297
delta_refusal,12,5447
delta_refusal,12,5570
delta_refusal,12,5857
delta_refusal,12,6057
delta_refusal,12,6170
delta_refusal,12,6262
delta_refusal,12,6388
delta_refusal,12,6882
delta_refusal,12,7114
delta_refusal,12,7342
delta_refusal,12,7503
delta_refusal,12,8047
delta_refusal,12,8181
delta_refusal,12,8459
delta_refusal,12,8512
delta_refusal,12,8845
delta_refusal,12,9432
delta_refusal,12,9533
delta_refusal,12,9966
delta_refusal,12,10435
delta_refusal,12,10568
delta_refusal,12,10854
delta_refusal,12,10867
delta_refusal,12,10907
delta_refusal,12,11159
delta_refusal,12,11229
delta_refusal,12,11237
delta_refusal,12,11481
delta_refusal,12,11551
delta_refusal,12,12131
delta_refusal,12,12559
delta_refusal,12,12565
delta_refusal,12,12909
delta_refusal,12,13113
delta_refusal,12,13189
delta_refusal,12,13336
delta_refusal,12,13369
delta_refusal,12,13868
delta_refusal,12,14300
delta_refusal,13,166
delta_refusal,13,535
delta_refusal,13,552
delta_refusal,13,605
delta_refusal,13,841
delta_refusal,13,1342
delta_refusal,13,1679
delta_refusal,13,1781
delta_refusal,13,1830
delta_refusal,13,1920
delta_refusal,13,1922
delta_refusal,13,1924
delta_refusal,13,1994
delta_refusal,13,2034
delta_refusal,13,2036
delta_refusal,13,2089
delta_refusal,13,2127
delta_refusal,13,2360
delta_refusal,13,2402
delta_refusal,13,2419
delta_refusal,13,2507
delta_refusal,13,2727
delta_refusal,13,2852
delta_refusal,13,3211
delta_refusal,13,3292
delta_refusal,13,3553
delta_refusal,13,3611
delta_refusal,13,3714
delta_refusal,13,4099
delta_refusal,13,4257
delta_refusal,13,4597
delta_refusal,13,4672
delta_refusal,13,4740
delta_refusal,13,5096
delta_refusal,13,5157
delta_refusal,13,5318
delta_refusal,13,5383
delta_refusal,13,5500
delta_refusal,13,5534
delta_refusal,13,5570
delta_refusal,13,5835
delta_refusal,13,5906
delta_refusal,13,5942
delta_refusal,13,6746
delta_refusal,13,7426
delta_refusal,13,7459
delta_refusal,13,7538
delta_refusal,13,7773
delta_refusal,13,8155
delta_refusal,13,8310
delta_refusal,13,8395
delta_refusal,13,8440
delta_refusal,13,8468
delta_refusal,13,8982
delta_refusal,13,9009
delta_refusal,13,9272
delta_refusal,13,9713
delta_refusal,13,9780
delta_refusal,13,9966
delta_refusal,13,10179
delta_refusal,13,10360
delta_refusal,13,10443
delta_refusal,13,10626
delta_refusal,13,10776
delta_refusal,13,10794
delta_refusal,13,10954
delta_refusal,13,10971
delta_refusal,13,10988
delta_refusal,13,11024
delta_refusal,13,11027
delta_refusal,13,11035
delta_refusal,13,11124
delta_refusal,13,11412
delta_refusal,13,11575
delta_refusal,13,11924
delta_refusal,13,12049
delta_refusal,13,12258
delta_refusal,13,12293
delta_refusal,13,12408
delta_refusal,13,12419
delta_refusal,13,12570
delta_refusal,13,12679
delta_refusal,13,12726
delta_refusal,13,12731
delta_refusal,13,12866
delta_refusal,13,13040
delta_refusal,13,13713
delta_refusal,13,13877
delta_refusal,13,13879
delta_refusal,13,13894
delta_refusal,13,14288
delta_refusal,14,8
delta_refusal,14,82
delta_refusal,14,92
delta_refusal,14,366
delta_refusal,14,590
delta_refusal,14,1406
delta_refusal,14,1441
delta_refusal,14,1464
delta_refusal,14,1522
delta_refusal,14,1559
delta_refusal,14,1693
delta_refusal,14,1771
delta_refusal,14,1773
delta_refusal,14,2273
delta_refusal,14,2413
delta_refusal,14,2708
delta_refusal,14,2862
delta_refusal,14,2913
delta_refusal,14,3152
delta_refusal,14,3223
delta_refusal,14,3917
delta_refusal,14,3940
delta_refusal,14,4484
delta_refusal,14,4489
delta_refusal,14,4538
delta_refusal,14,4564
delta_refusal,14,4589
delta_refusal,14,5056
delta_refusal,14,5063
delta_refusal,14,5492
delta_refusal,14,5718
delta_refusal,14,5892
delta_refusal,14,5987
delta_refusal,14,6070
delta_refusal,14,6460
delta_refusal,14,6600
delta_refusal,14,7050
delta_refusal,14,7304
delta_refusal,14,7817
delta_refusal,14,7939
delta_refusal,14,7961
delta_refusal,14,8090
delta_refusal,14,8143
delta_refusal,14,8170
delta_refusal,14,8258
delta_refusal,14,8268
delta_refusal,14,8419
delta_refusal,14,8738
delta_refusal,14,8955
delta_refusal,14,9002
delta_refusal,14,9043
delta_refusal,14,9166
delta_refusal,14,9479
delta_refusal,14,9673
delta_refusal,14,9748
delta_refusal,14,9876
delta_refusal,14,9895
delta_refusal,14,10040
delta_refusal,14,10041
delta_refusal,14,10180
delta_refusal,14,10228
delta_refusal,14,10382
delta_refusal,14,10572
delta_refusal,14,10729
delta_refusal,14,10866
delta_refusal,14,11045
delta_refusal,14,11261
delta_refusal,14,11273
delta_refusal,14,11604
delta_refusal,14,11637
delta_refusal,14,11723
delta_refusal,14,11800
delta_refusal,14,11929
delta_refusal,14,11932
delta_refusal,14,11945
delta_refusal,14,12234
delta_refusal,14,12639
delta_refusal,14,12950
delta_refusal,14,13221
delta_refusal,14,13550
delta_refusal,14,13757
delta_refusal,15,225
delta_refusal,15,361
delta_refusal,15,454
delta_refusal,15,627
delta_refusal,15,749
delta_refusal,15,973
delta_refusal,15,1017
delta_refusal,15,1441
delta_refusal,15,1444
delta_refusal,15,2197
delta_refusal,15,2466
delta_refusal,15,2645
delta_refusal,15,2666
delta_refusal,15,2744
delta_refusal,15,3432
delta_refusal,15,3544
delta_refusal,15,3580
delta_refusal,15,3806
delta_refusal,15,3808
delta_refusal,15,3816
delta_refusal,15,3935
delta_refusal,15,4095
delta_refusal,15,4243
delta_refusal,15,4368
delta_refusal,15,4525
delta_refusal,15,4584
delta_refusal,15,4779
delta_refusal,15,4782
delta_refusal,15,5393
delta_refusal,15,5555
delta_refusal,15,5887
delta_refusal,15,6172
delta_refusal,15,6414
delta_refusal,15,7062
delta_refusal,15,7188
delta_refusal,15,7312
delta_refusal,15,7361
delta_refusal,15,7441
delta_refusal,15,7784
delta_refusal,15,8077
delta_refusal,15,8317
delta_refusal,15,8778
delta_refusal,15,8938
delta_refusal,15,9232
delta_refusal,15,9321
delta_refusal,15,9388
delta_refusal,15,9514
delta_refusal,15,9921
delta_refusal,15,10024
delta_refusal,15,10235
delta_refusal,15,10568
delta_refusal,15,10673
delta_refusal,15,10746
delta_refusal,15,10934
delta_refusal,15,10956
delta_refusal,15,11101
delta_refusal,15,11363
delta_refusal,15,11530
delta_refusal,15,12098
delta_refusal,15,12126
delta_refusal,15,12397
delta_refusal,15,12586
delta_refusal,15,12663
delta_refusal,15,12952
delta_refusal,15,13319
delta_refusal,15,13962
delta_refusal,15,13986
delta_refusal,15,14055
delta_refusal,15,14132
delta_refusal,15,14140
delta_refusal,15,14212
delta_refusal,15,14262
delta_refusal,16,158
delta_refusal,16,451
delta_refusal,16,458
delta_refusal,16,1384
delta_refusal,16,1876
delta_refusal,16,2194
delta_refusal,16,2399
delta_refusal,16,2743
delta_refusal,16,3100
delta_refusal,16,3132
delta_refusal,16,3224
delta_refusal,16,3697
delta_refusal,16,3821
delta_refusal,16,3898
delta_refusal,16,4247
delta_refusal,16,4441
delta_refusal,16,4539
delta_refusal,16,4935
delta_refusal,16,5093
delta_refusal,16,5181
delta_refusal,16,5281
delta_refusal,16,5726
delta_refusal,16,6302
delta_refusal,16,6521
delta_refusal,16,6673
delta_refusal,16,6708
delta_refusal,16,6910
delta_refusal,16,6950
delta_refusal,16,7001
delta_refusal,16,7167
delta_refusal,16,7372
delta_refusal,16,7467
delta_refusal,16,7551
delta_refusal,16,7611
delta_refusal,16,7806
delta_refusal,16,7977
delta_refusal,16,8028
delta_refusal,16,8191
delta_refusal,16,8231
delta_refusal,16,8431
delta_refusal,16,8441
delta_refusal,16,8567
delta_refusal,16,8595
delta_refusal,16,8708
delta_refusal,16,9019
delta_refusal,16,9445
delta_refusal,16,9600
delta_refusal,16,9751
delta_refusal,16,9973
delta_refusal,16,9974
delta_refusal,16,10079
delta_refusal,16,10182
delta_refusal,16,10732
delta_refusal,16,10932
delta_refusal,16,11035
delta_refusal,16,11064
delta_refusal,16,11277
delta_refusal,16,11375
delta_refusal,16,11390
delta_refusal,16,11759
delta_refusal,16,11838
delta_refusal,16,12330
delta_refusal,16,12775
delta_refusal,16,12794
delta_refusal,16,12849
delta_refusal,16,12963
delta_refusal,16,13157
delta_refusal,16,13181
delta_refusal,16,13258
delta_refusal,16,13298
delta_refusal,16,13361
delta_refusal,16,13510
delta_refusal,16,13529
delta_refusal,16,13691
delta_refusal,16,13765
delta_refusal,16,13922
delta_refusal,17,439
delta_refusal,17,557
delta_refusal,17,954
delta_refusal,17,1315
delta_refusal,17,1708
delta_refusal,17,2299
delta_refusal,17,2418
delta_refusal,17,2589
delta_refusal,17,2892
delta_refusal,17,2941
delta_refusal,17,3010
delta_refusal,17,3049
delta_refusal,17,3349
delta_refusal,17,3533
delta_refusal,17,3688
delta_refusal,17,3718
delta_refusal,17,4374
delta_refusal,17,4701
delta_refusal,17,5083
delta_refusal,17,5470
delta_refusal,17,5483
delta_refusal,17,5584
delta_refusal,17,5724
delta_refusal,17,6080
delta_refusal,17,6182
delta_refusal,17,6347
delta_refusal,17,6494
delta_refusal,17,6663
delta_refusal,17,7024
delta_refusal,17,7032
delta_refusal,17,7275
delta_refusal,17,7502
delta_refusal,17,7640
delta_refusal,17,7935
delta_refusal,17,8184
delta_refusal,17,8387
delta_refusal,17,8538
delta_refusal,17,8576
delta_refusal,17,8784
delta_refusal,17,8838
delta_refusal,17,9155
delta_refusal,17,9310
delta_refusal,17,9839
delta_refusal,17,9891
delta_refusal,17,10106
delta_refusal,17,10712
delta_refusal,17,11047
delta_refusal,17,11113
delta_refusal,17,11442
delta_refusal,17,11617
delta_refusal,17,11833
delta_refusal,17,11877
delta_refusal,17,12136
delta_refusal,17,12247
delta_refusal,17,12255
delta_refusal,17,12864
delta_refusal,17,13157
delta_refusal,17,13190
delta_refusal,17,13589
delta_refusal,17,14174
delta_refusal,18,73
delta_refusal,18,290
delta_refusal,18,337
delta_refusal,18,622
delta_refusal,18,2766
delta_refusal,18,3156
delta_refusal,18,3580
delta_refusal,18,4515
delta_refusal,18,4855
delta_refusal,18,6228
delta_refusal,18,6968
delta_refusal,18,7026
delta_refusal,18,7132
delta_refusal,18,8160
delta_refusal,18,8420
delta_refusal,18,8592
delta_refusal,18,9419
delta_refusal,18,9625
delta_refusal,18,10461
delta_refusal,18,10661
delta_refusal,18,11215
delta_refusal,18,11542
delta_refusal,18,11718
delta_refusal,18,11779
delta_refusal,18,12163
delta_refusal,18,12866
delta_refusal,18,13110
delta_refusal,18,13645
delta_refusal,18,13649
delta_refusal,18,13818
delta_refusal,19,1270
delta_refusal,19,1297
delta_refusal,19,1348
delta_refusal,19,1516
delta_refusal,19,3009
delta_refusal,19,3304
delta_refusal,19,3471
delta_refusal,19,4082
delta_refusal,19,4659
delta_refusal,19,4910
delta_refusal,19,5344
delta_refusal,19,7366
delta_refusal,19,7442
delta_refusal,19,7866
delta_refusal,19,7875
delta_refusal,19,8811
delta_refusal,19,8918
delta_refusal,19,9191
delta_refusal,19,9590
delta_refusal,19,9774
delta_refusal,19,9875
delta_refusal,19,10032
delta_refusal,19,10187
delta_refusal,19,10248
delta_refusal,19,10660
delta_refusal,19,10818
delta_refusal,19,10931
delta_refusal,19,11025
delta_refusal,19,11137
delta_refusal,19,11637
delta_refusal,19,12806
delta_refusal,19,13845
delta_refusal,19,14119
delta_refusal,20,218
delta_refusal,20,297
delta_refusal,20,2177
delta_refusal,20,3438
delta_refusal,20,3917
delta_refusal,20,5237
delta_refusal,20,5316
delta_refusal,20,5410
delta_refusal,20,5623
delta_refusal,20,6921
delta_refusal,20,7453
delta_refusal,20,8001
delta_refusal,20,8172
delta_refusal,20,9238
delta_refusal,20,9766
delta_refusal,20,10144
delta_refusal,20,11753
delta_refusal,20,11950
delta_refusal,20,11985
delta_refusal,20,12222
delta_refusal,20,12370
delta_refusal,20,13016
delta_refusal,20,13223
delta_refusal,21,23
delta_refusal,21,140
delta_refusal,21,654
delta_refusal,21,834
delta_refusal,21,1135
delta_refusal,21,1274
delta_refusal,21,1781
delta_refusal,21,1832
delta_refusal,21,2668
delta_refusal,21,2698
delta_refusal,21,3500
delta_refusal,21,3989
delta_refusal,21,4420
delta_refusal,21,4657
delta_refusal,21,4722
delta_refusal,21,4759
delta_refusal,21,4954
delta_refusal,21,5114
delta_refusal,21,6041
delta_refusal,21,6408
delta_refusal,21,6790
delta_refusal,21,6812
delta_refusal,21,7103
delta_refusal,21,8000
delta_refusal,21,9295
delta_refusal,21,9433
delta_refusal,21,9835
delta_refusal,21,9911
delta_refusal,21,11045
delta_refusal,21,11758
delta_refusal,21,11834
delta_refusal,21,11987
delta_refusal,21,12043
delta_refusal,21,12318
delta_refusal,21,12424
delta_refusal,21,12814
delta_refusal,21,13063
delta_refusal,21,14062
delta_refusal,21,14143
delta_refusal,21,14233
delta_refusal,21,14245
delta_refusal,22,2181
delta_refusal,22,2573
delta_refusal,22,2940
delta_refusal,22,3485
delta_refusal,22,4433
delta_refusal,22,5566
delta_refusal,22,5581
delta_refusal,22,5790
delta_refusal,22,5848
delta_refusal,22,6371
delta_refusal,22,6689
delta_refusal,22,7284
delta_refusal,22,8514
delta_refusal,22,8594
delta_refusal,22,10029
delta_refusal,22,11326
delta_refusal,22,11633
delta_refusal,22,11726
delta_refusal,22,11849
delta_refusal,22,11884
delta_refusal,22,12156
delta_refusal,22,12617
delta_refusal,22,12673
delta_refusal,22,12805
delta_refusal,22,14052
delta_refusal,23,971
delta_refusal,23,1390
delta_refusal,23,1573
delta_refusal,23,2116
delta_refusal,23,2343
delta_refusal,23,2374
delta_refusal,23,2444
delta_refusal,23,2565
delta_refusal,23,2931
delta_refusal,23,3101
delta_refusal,23,4774
delta_refusal,23,5343
delta_refusal,23,5765
delta_refusal,23,5829
delta_refusal,23,6479
delta_refusal,23,6537
delta_refusal,23,6668
delta_refusal,23,6674
delta_refusal,23,7019
delta_refusal,23,7708
delta_refusal,23,8497
delta_refusal,23,9179
delta_refusal,23,9982
delta_refusal,23,10156
delta_refusal,23,10173
delta_refusal,23,10767
delta_refusal,23,11765
delta_refusal,23,12220
delta_refusal,23,12523
delta_refusal,23,12849
delta_refusal,23,13591
delta_refusal,24,396
delta_refusal,24,820
delta_refusal,24,875
delta_refusal,24,900
delta_refusal,24,922
delta_refusal,24,1478
delta_refusal,24,1685
delta_refusal,24,2163
delta_refusal,24,2326
delta_refusal,24,2484
delta_refusal,24,2705
delta_refusal,24,2788
delta_refusal,24,3166
delta_refusal,24,3314
delta_refusal,24,3679
delta_refusal,24,3733
delta_refusal,24,4192
delta_refusal,24,4311
delta_refusal,24,4326
delta_refusal,24,4413
delta_refusal,24,4593
delta_refusal,24,5141
delta_refusal,24,5318
delta_refusal,24,5949
delta_refusal,24,6239
delta_refusal,24,6666
delta_refusal,24,6978
delta_refusal,24,6997
delta_refusal,24,7061
delta_refusal,24,7240
delta_refusal,24,7885
delta_refusal,24,8444
delta_refusal,24,9012
delta_refusal,24,9419
delta_refusal,24,9551
delta_refusal,24,10116
delta_refusal,24,10586
delta_refusal,24,10598
delta_refusal,24,10772
delta_refusal,24,10901
delta_refusal,24,11209
delta_refusal,24,11288
delta_refusal,24,12012
delta_refusal,24,12334
delta_refusal,24,13543
delta_refusal,24,13916
delta_refusal,24,14016
delta_refusal,25,71
delta_refusal,25,206
delta_refusal,25,340
delta_refusal,25,401
delta_refusal,25,448
delta_refusal,25,1742
delta_refusal,25,1877
delta_refusal,25,1883
delta_refusal,25,2134
delta_refusal,25,2780
delta_refusal,25,2851
delta_refusal,25,3225
delta_refusal,25,3814
delta_refusal,25,4233
delta_refusal,25,4515
delta_refusal,25,4981
delta_refusal,25,5819
delta_refusal,25,5948
delta_refusal,25,6050
delta_refusal,25,6159
delta_refusal,25,6197
delta_refusal,25,6517
delta_refusal,25,6565
delta_refusal,25,6755
delta_refusal,25,6786
delta_refusal,25,6898
delta_refusal,25,7069
delta_refusal,25,7867
delta_refusal,25,8010
delta_refusal,25,8035
delta_refusal,25,8078
delta_refusal,25,8123
delta_refusal,25,8158
delta_refusal,25,8424
delta_refusal,25,8465
delta_refusal,25,8750
delta_refusal,25,8874
delta_refusal,25,10021
delta_refusal,25,10187
delta_refusal,25,10252
delta_refusal,25,10764
delta_refusal,25,11313
delta_refusal,25,11569
delta_refusal,25,11584
delta_refusal,25,12046
delta_refusal,25,13410
delta_refusal,25,13549
delta_refusal,25,13673
delta_refusal,25,13758
delta_refusal,26,123
delta_refusal,26,425
delta_refusal,26,781
delta_refusal,26,783
delta_refusal,26,898
delta_refusal,26,1291
delta_refusal,26,1853
delta_refusal,26,1921
delta_refusal,26,1980
delta_refusal,26,1987
delta_refusal,26,2042
delta_refusal,26,2066
delta_refusal,26,2495
delta_refusal,26,2563
delta_refusal,26,2622
delta_refusal,26,2742
delta_refusal,26,2788
delta_refusal,26,3296
delta_refusal,26,3465
delta_refusal,26,4075
delta_refusal,26,4343
delta_refusal,26,4362
delta_refusal,26,5026
delta_refusal,26,5164
delta_refusal,26,5631
delta_refusal,26,5635
delta_refusal,26,5775
delta_refusal,26,5916
delta_refusal,26,5938
delta_refusal,26,6070
delta_refusal,26,6438
delta_refusal,26,6462
delta_refusal,26,6567
delta_refusal,26,6601
delta_refusal,26,6769
delta_refusal,26,7353
delta_refusal,26,7546
delta_refusal,26,7609
delta_refusal,26,7876
delta_refusal,26,8035
delta_refusal,26,8107
delta_refusal,26,8195
delta_refusal,26,8320
delta_refusal,26,8342
delta_refusal,26,8413
delta_refusal,26,8652
delta_refusal,26,8716
delta_refusal,26,8931
delta_refusal,26,9128
delta_refusal,26,9288
delta_refusal,26,9365
delta_refusal,26,9565
delta_refusal,26,10457
delta_refusal,26,10487
delta_refusal,26,10532
delta_refusal,26,10602
delta_refusal,26,10629
delta_refusal,26,10812
delta_refusal,26,11370
delta_refusal,26,11527
delta_refusal,26,11621
delta_refusal,26,11716
delta_refusal,26,11792
delta_refusal,26,11862
delta_refusal,26,12228
delta_refusal,26,12517
delta_refusal,26,12611
delta_refusal,26,12807
delta_refusal,26,12937
delta_refusal,26,13238
delta_refusal,26,13331
delta_refusal,26,13359
delta_refusal,26,13822
delta_refusal,26,13823
delta_refusal,26,13998
delta_refusal,26,14014
delta_refusal,27,45
delta_refusal,27,161
delta_refusal,27,175
delta_refusal,27,702
delta_refusal,27,769
delta_refusal,27,775
delta_refusal,27,800
delta_refusal,27,1199
delta_refusal,27,1439
delta_refusal,27,1779
delta_refusal,27,1793
delta_refusal,27,2354
delta_refusal,27,2391
delta_refusal,27,2428
delta_refusal,27,3108
delta_refusal,27,3218
delta_refusal,27,3345
delta_refusal,27,3348
delta_refusal,27,3374
delta_refusal,27,3529
delta_refusal,27,3687
delta_refusal,27,3716
delta_refusal,27,3857
delta_refusal,27,4112
delta_refusal,27,4506
delta_refusal,27,4621
delta_refusal,27,4774
delta_refusal,27,5147
delta_refusal,27,5670
delta_refusal,27,5693
delta_refusal,27,5801
delta_refusal,27,5835
delta_refusal,27,6006
delta_refusal,27,6070
delta_refusal,27,6106
delta_refusal,27,6118
delta_refusal,27,6239
delta_refusal,27,6330
delta_refusal,27,6336
delta_refusal,27,6541
delta_refusal,27,6610
delta_refusal,27,6837
delta_refusal,27,7042
delta_refusal,27,7145
delta_refusal,27,7334
delta_refusal,27,7458
delta_refusal,27,7645
delta_refusal,27,7784
delta_refusal,27,7954
delta_refusal,27,8003
delta_refusal,27,8005
delta_refusal,27,8290
delta_refusal,27,8301
delta_refusal,27,8331
delta_refusal,27,8391
delta_refusal,27,8394
delta_refusal,27,8439
delta_refusal,27,8728
delta_refusal,27,8922
delta_refusal,27,9319
delta_refusal,27,9333
delta_refusal,27,9359
delta_refusal,27,9398
delta_refusal,27,9439
delta_refusal,27,9546
delta_refusal,27,9611
delta_refusal,27,9670
delta_refusal,27,9786
delta_refusal,27,10073
delta_refusal,27,10151
delta_refusal,27,10213
delta_refusal,27,10385
delta_refusal,27,10500
delta_refusal,27,10726
delta_refusal,27,10829
delta_refusal,27,10854
delta_refusal,27,10884
delta_refusal,27,11170
delta_refusal,27,11172
delta_refusal,27,11330
delta_refusal,27,11539
delta_refusal,27,11829
delta_refusal,27,11877
delta_refusal,27,11991
delta_refusal,27,12044
delta_refusal,27,12113
delta_refusal,27,12191
delta_refusal,27,12204
delta_refusal,27,12311
delta_refusal,27,12348
delta_refusal,27,12367
delta_refusal,27,12428
delta_refusal,27,12496
delta_refusal,27,12584
delta_refusal,27,12653
delta_refusal,27,12768
delta_refusal,27,12818
delta_refusal,27,12865
delta_refusal,27,12889
delta_refusal,27,12956
delta_refusal,27,13451
delta_refusal,27,13657
delta_refusal,27,13710
delta_refusal,27,13857
delta_refusal,27,13977
delta_refusal,27,13988
delta_refusal,27,14255
delta_refusal,27,14295
delta_refusal,28,127
delta_refusal,28,167
delta_refusal,28,265
delta_refusal,28,339
delta_refusal,28,482
delta_refusal,28,488
delta_refusal,28,511
delta_refusal,28,547
delta_refusal,28,647
delta_refusal,28,762
delta_refusal,28,781
delta_refusal,28,999
delta_refusal,28,1029
delta_refusal,28,1030
delta_refusal,28,1039
delta_refusal,28,1043
delta_refusal,28,1127
delta_refusal,28,1195
delta_refusal,28,1222
delta_refusal,28,1377
delta_refusal,28,1447
delta_refusal,28,1449
delta_refusal,28,1648
delta_refusal,28,1736
delta_refusal,28,1782
delta_refusal,28,1793
delta_refusal,28,1881
delta_refusal,28,1882
delta_refusal,28,2069
delta_refusal,28,2100
delta_refusal,28,2203
delta_refusal,28,2248
delta_refusal,28,2359
delta_refusal,28,2570
delta_refusal,28,2659
delta_refusal,28,2807
delta_refusal,28,2870
delta_refusal,28,2872
delta_refusal,28,2975
delta_refusal,28,2976
delta_refusal,28,2979
delta_refusal,28,3078
delta_refusal,28,3170
delta_refusal,28,3180
delta_refusal,28,3281
delta_refusal,28,3287
delta_refusal,28,3288
delta_refusal,28,3303
delta_refusal,28,3432
delta_refusal,28,3505
delta_refusal,28,3902
delta_refusal,28,4013
delta_refusal,28,4064
delta_refusal,28,4100
delta_refusal,28,4288
delta_refusal,28,4336
delta_refusal,28,4382
delta_refusal,28,4600
delta_refusal,28,4862
delta_refusal,28,4913
delta_refusal,28,5247
delta_refusal,28,5336
delta_refusal,28,5502
delta_refusal,28,5514
delta_refusal,28,5629
delta_refusal,28,5882
delta_refusal,28,5904
delta_refusal,28,5930
delta_refusal,28,6033
delta_refusal,28,6074
delta_refusal,28,6251
delta_refusal,28,6343
delta_refusal,28,6372
delta_refusal,28,6453
delta_refusal,28,6511
delta_refusal,28,6524
delta_refusal,28,6548
delta_refusal,28,6596
delta_refusal,28,6597
delta_refusal,28,6670
delta_refusal,28,6778
delta_refusal,28,6831
delta_refusal,28,6987
delta_refusal,28,7027
delta_refusal,28,7203
delta_refusal,28,7211
delta_refusal,28,7305
delta_refusal,28,7569
delta_refusal,28,7827
delta_refusal,28,7903
delta_refusal,28,7985
delta_refusal,28,8082
delta_refusal,28,8131
delta_refusal,28,8149
delta_refusal,28,8236
delta_refusal,28,8268
delta_refusal,28,8305
delta_refusal,28,8382
delta_refusal,28,8416
delta_refusal,28,8443
delta_refusal,28,8505
delta_refusal,28,8575
delta_refusal,28,8589
delta_refusal,28,8643
delta_refusal,28,8652
delta_refusal,28,8695
delta_refusal,28,8733
delta_refusal,28,8827
delta_refusal,28,8884
delta_refusal,28,8888
delta_refusal,28,8911
delta_refusal,28,8979
delta_refusal,28,8988
delta_refusal,28,9046
delta_refusal,28,9068
delta_refusal,28,9098
delta_refusal,28,9158
delta_refusal,28,9237
delta_refusal,28,9261
delta_refusal,28,9298
delta_refusal,28,9503
delta_refusal,28,9528
delta_refusal,28,9556
delta_refusal,28,9563
delta_refusal,28,9610
delta_refusal,28,9762
delta_refusal,28,9789
delta_refusal,28,9928
delta_refusal,28,9988
delta_refusal,28,10126
delta_refusal,28,10157
delta_refusal,28,10254
delta_refusal,28,10294
delta_refusal,28,10442
delta_refusal,28,10470
delta_refusal,28,10501
delta_refusal,28,10552
delta_refusal,28,10747
delta_refusal,28,10957
delta_refusal,28,10998
delta_refusal,28,11012
delta_refusal,28,11067
delta_refusal,28,11098
delta_refusal,28,11208
delta_refusal,28,11241
delta_refusal,28,11334
delta_refusal,28,11387
delta_refusal,28,11478
delta_refusal,28,11561
delta_refusal,28,11567
delta_refusal,28,11628
delta_refusal,28,11633
delta_refusal,28,11693
delta_refusal,28,11702
delta_refusal,28,11722
delta_refusal,28,11929
delta_refusal,28,12054
delta_refusal,28,12087
delta_refusal,28,12167
delta_refusal,28,12476
delta_refusal,28,12574
delta_refusal,28,12673
delta_refusal,28,12698
delta_refusal,28,12739
delta_refusal,28,12849
delta_refusal,28,12970
delta_refusal,28,13252
delta_refusal,28,13270
delta_refusal,28,13483
delta_refusal,28,13527
delta_refusal,28,13575
delta_refusal,28,13591
delta_refusal,28,13608
delta_refusal,28,13617
delta_refusal,28,13681
delta_refusal,28,13736
delta_refusal,28,13812
delta_refusal,28,13920
delta_refusal,28,13934
delta_refusal,28,13952
delta_refusal,28,13982
delta_refusal,28,14151
delta_refusal,28,14203
delta_refusal,28,14225
delta_refusal,28,14234
delta_refusal,28,14333
delta_refusal,29,5
delta_refusal,29,14
delta_refusal,29,142
delta_refusal,29,152
delta_refusal,29,153
delta_refusal,29,208
delta_refusal,29,223
delta_refusal,29,245
delta_refusal,29,254
delta_refusal,29,258
delta_refusal,29,298
delta_refusal,29,309
delta_refusal,29,321
delta_refusal,29,331
delta_refusal,29,374
delta_refusal,29,415
delta_refusal,29,417
delta_refusal,29,422
delta_refusal,29,437
delta_refusal,29,438
delta_refusal,29,445
delta_refusal,29,449
delta_refusal,29,452
delta_refusal,29,491
delta_refusal,29,523
delta_refusal,29,669
delta_refusal,29,763
delta_refusal,29,834
delta_refusal,29,885
delta_refusal,29,923
delta_refusal,29,969
delta_refusal,29,1134
delta_refusal,29,1141
delta_refusal,29,1173
delta_refusal,29,1175
delta_refusal,29,1222
delta_refusal,29,1246
delta_refusal,29,1251
delta_refusal,29,1301
delta_refusal,29,1362
delta_refusal,29,1366
delta_refusal,29,1458
delta_refusal,29,1521
delta_refusal,29,1527
delta_refusal,29,1563
delta_refusal,29,1583
delta_refusal,29,1711
delta_refusal,29,1773
delta_refusal,29,1871
delta_refusal,29,1882
delta_refusal,29,1963
delta_refusal,29,1971
delta_refusal,29,2021
delta_refusal,29,2057
delta_refusal,29,2117
delta_refusal,29,2167
delta_refusal,29,2205
delta_refusal,29,2223
delta_refusal,29,2262
delta_refusal,29,2325
delta_refusal,29,2353
delta_refusal,29,2406
delta_refusal,29,2410
delta_refusal,29,2490
delta_refusal,29,2536
delta_refusal,29,2581
delta_refusal,29,2589
delta_refusal,29,2606
delta_refusal,29,2646
delta_refusal,29,2702
delta_refusal,29,2790
delta_refusal,29,2810
delta_refusal,29,2823
delta_refusal,29,2833
delta_refusal,29,2846
delta_refusal,29,2849
delta_refusal,29,2877
delta_refusal,29,2947
delta_refusal,29,2989
delta_refusal,29,3123
delta_refusal,29,3127
delta_refusal,29,3135
delta_refusal,29,3264
delta_refusal,29,3308
delta_refusal,29,3311
delta_refusal,29,3426
delta_refusal,29,3436
delta_refusal,29,3438
delta_refusal,29,3460
delta_refusal,29,3490
delta_refusal,29,3494
delta_refusal,29,3576
delta_refusal,29,3735
delta_refusal,29,3746
delta_refusal,29,3752
delta_refusal,29,3783
delta_refusal,29,3859
delta_refusal,29,3979
delta_refusal,29,4048
delta_refusal,29,4115
delta_refusal,29,4145
delta_refusal,29,4202
delta_refusal,29,4210
delta_refusal,29,4211
delta_refusal,29,4221
delta_refusal,29,4257
delta_refusal,29,4267
delta_refusal,29,4343
delta_refusal,29,4387
delta_refusal,29,4526
delta_refusal,29,4638
delta_refusal,29,4645
delta_refusal,29,4655
delta_refusal,29,4682
delta_refusal,29,4704
delta_refusal,29,4739
delta_refusal,29,4770
delta_refusal,29,4790
delta_refusal,29,4791
delta_refusal,29,4831
delta_refusal,29,4887
delta_refusal,29,4918
delta_refusal,29,4924
delta_refusal,29,4951
delta_refusal,29,4995
delta_refusal,29,5045
delta_refusal,29,5130
delta_refusal,29,5230
delta_refusal,29,5405
delta_refusal,29,5417
delta_refusal,29,5434
delta_refusal,29,5440
delta_refusal,29,5446
delta_refusal,29,5479
delta_refusal,29,5567
delta_refusal,29,5591
delta_refusal,29,5601
delta_refusal,29,5610
delta_refusal,29,5746
delta_refusal,29,5787
delta_refusal,29,5809
delta_refusal,29,5848
delta_refusal,29,6182
delta_refusal,29,6183
delta_refusal,29,6201
delta_refusal,29,6227
delta_refusal,29,6274
delta_refusal,29,6368
delta_refusal,29,6400
delta_refusal,29,6435
delta_refusal,29,6606
delta_refusal,29,6636
delta_refusal,29,6665
delta_refusal,29,6676
delta_refusal,29,6800
delta_refusal,29,6830
delta_refusal,29,6857
delta_refusal,29,6859
delta_refusal,29,6890
delta_refusal,29,6974
delta_refusal,29,6997
delta_refusal,29,7023
delta_refusal,29,7064
delta_refusal,29,7086
delta_refusal,29,7118
delta_refusal,29,7161
delta_refusal,29,7173
delta_refusal,29,7199
delta_refusal,29,7276
delta_refusal,29,7328
delta_refusal,29,7338
delta_refusal,29,7345
delta_refusal,29,7347
delta_refusal,29,7349
delta_refusal,29,7435
delta_refusal,29,7438
delta_refusal,29,7446
delta_refusal,29,7453
delta_refusal,29,7498
delta_refusal,29,7514
delta_refusal,29,7519
delta_refusal,29,7523
delta_refusal,29,7603
delta_refusal,29,7620
delta_refusal,29,7667
delta_refusal,29,7675
delta_refusal,29,7700
delta_refusal,29,7702
delta_refusal,29,7723
delta_refusal,29,7726
delta_refusal,29,7807
delta_refusal,29,7864
delta_refusal,29,7874
delta_refusal,29,7975
delta_refusal,29,8037
delta_refusal,29,8088
delta_refusal,29,8159
delta_refusal,29,8171
delta_refusal,29,8275
delta_refusal,29,8326
delta_refusal,29,8350
delta_refusal,29,8355
delta_refusal,29,8409
delta_refusal,29,8448
delta_refusal,29,8534
delta_refusal,29,8568
delta_refusal,29,8656
delta_refusal,29,8663
delta_refusal,29,8667
delta_refusal,29,8705
delta_refusal,29,8784
delta_refusal,29,8862
delta_refusal,29,8932
delta_refusal,29,8969
delta_refusal,29,8993
delta_refusal,29,9016
delta_refusal,29,9049
delta_refusal,29,9053
delta_refusal,29,9094
delta_refusal,29,9117
delta_refusal,29,9121
delta_refusal,29,9228
delta_refusal,29,9229
delta_refusal,29,9241
delta_refusal,29,9247
delta_refusal,29,9262
delta_refusal,29,9267
delta_refusal,29,9316
delta_refusal,29,9483
delta_refusal,29,9487
delta_refusal,29,9562
delta_refusal,29,9595
delta_refusal,29,9632
delta_refusal,29,9649
delta_refusal,29,9685
delta_refusal,29,9691
delta_refusal,29,9750
delta_refusal,29,9759
delta_refusal,29,9833
delta_refusal,29,9885
delta_refusal,29,9969
delta_refusal,29,9972
delta_refusal,29,9999
delta_refusal,29,10022
delta_refusal,29,10035
delta_refusal,29,10087
delta_refusal,29,10191
delta_refusal,29,10242
delta_refusal,29,10291
delta_refusal,29,10308
delta_refusal,29,10367
delta_refusal,29,10387
delta_refusal,29,10394
delta_refusal,29,10410
delta_refusal,29,10481
delta_refusal,29,10548
delta_refusal,29,10596
delta_refusal,29,10607
delta_refusal,29,10656
delta_refusal,29,10726
delta_refusal,29,10729
delta_refusal,29,10833
delta_refusal,29,10867
delta_refusal,29,10872
delta_refusal,29,10891
delta_refusal,29,11005
delta_refusal,29,11059
delta_refusal,29,11082
delta_refusal,29,11095
delta_refusal,29,11140
delta_refusal,29,11179
delta_refusal,29,11181
delta_refusal,29,11191
delta_refusal,29,11317
delta_refusal,29,11490
delta_refusal,29,11533
delta_refusal,29,11591
delta_refusal,29,11592
delta_refusal,29,11623
delta_refusal,29,11642
delta_refusal,29,11649
delta_refusal,29,11650
delta_refusal,29,11655
delta_refusal,29,11696
delta_refusal,29,11785
delta_refusal,29,11791
delta_refusal,29,11794
delta_refusal,29,11797
delta_refusal,29,11800
delta_refusal,29,11819
delta_refusal,29,11824
delta_refusal,29,11830
delta_refusal,29,11835
delta_refusal,29,11843
delta_refusal,29,11857
delta_refusal,29,11890
delta_refusal,29,11909
delta_refusal,29,11932
delta_refusal,29,11969
delta_refusal,29,12010
delta_refusal,29,12041
delta_refusal,29,12092
delta_refusal,29,12120
delta_refusal,29,12141
delta_refusal,29,12147
delta_refusal,29,12155
delta_refusal,29,12163
delta_refusal,29,12187
delta_refusal,29,12245
delta_refusal,29,12248
delta_refusal,29,12297
delta_refusal,29,12322
delta_refusal,29,12522
delta_refusal,29,12561
delta_refusal,29,12570
delta_refusal,29,12574
delta_refusal,29,12591
delta_refusal,29,12657
delta_refusal,29,12671
delta_refusal,29,12775
delta_refusal,29,12799
delta_refusal,29,12825
delta_refusal,29,12847
delta_refusal,29,12858
delta_refusal,29,12937
delta_refusal,29,13028
delta_refusal,29,13042
delta_refusal,29,13072
delta_refusal,29,13118
delta_refusal,29,13143
delta_refusal,29,13238
delta_refusal,29,13254
delta_refusal,29,13257
delta_refusal,29,13267
delta_refusal,29,13272
delta_refusal,29,13328
delta_refusal,29,13329
delta_refusal,29,13335
delta_refusal,29,13350
delta_refusal,29,13388
delta_refusal,29,13401
delta_refusal,29,13413
delta_refusal,29,13422
delta_refusal,29,13563
delta_refusal,29,13594
delta_refusal,29,13660
delta_refusal,29,13691
delta_refusal,29,13704
delta_refusal,29,13745
delta_refusal,29,13748
delta_refusal,29,13785
delta_refusal,29,13799
delta_refusal,29,13822
delta_refusal,29,13826
delta_refusal,29,13940
delta_refusal,29,13959
delta_refusal,29,13979
delta_refusal,29,13982
delta_refusal,29,14025
delta_refusal,29,14090
delta_refusal,29,14120
delta_refusal,29,14136
delta_refusal,29,14165
delta_refusal,29,14181
delta_refusal,29,14223
delta_refusal,29,14225
delta_refusal,30,1
delta_refusal,30,48
delta_refusal,30,66
delta_refusal,30,82
delta_refusal,30,85
delta_refusal,30,89
delta_refusal,30,106
delta_refusal,30,164
delta_refusal,30,172
delta_refusal,30,176
delta_refusal,30,198
delta_refusal,30,218
delta_refusal,30,225
delta_refusal,30,251
delta_refusal,30,253
delta_refusal,30,261
delta_refusal,30,280
delta_refusal,30,292
delta_refusal,30,305
delta_refusal,30,316
delta_refusal,30,323
delta_refusal,30,366
delta_refusal,30,367
delta_refusal,30,392
delta_refusal,30,393
delta_refusal,30,420
delta_refusal,30,422
delta_refusal,30,457
delta_refusal,30,458
delta_refusal,30,468
delta_refusal,30,525
delta_refusal,30,540
delta_refusal,30,559
delta_refusal,30,567
delta_refusal,30,594
delta_refusal,30,602
delta_refusal,30,618
delta_refusal,30,623
delta_refusal,30,625
delta_refusal,30,635
delta_refusal,30,644
delta_refusal,30,655
delta_refusal,30,659
delta_refusal,30,660
delta_refusal,30,676
delta_refusal,30,711
delta_refusal,30,721
delta_refusal,30,733
delta_refusal,30,735
delta_refusal,30,742
delta_refusal,30,745
delta_refusal,30,762
delta_refusal,30,765
delta_refusal,30,779
delta_refusal,30,792
delta_refusal,30,803
delta_refusal,30,806
delta_refusal,30,810
delta_refusal,30,822
delta_refusal,30,827
delta_refusal,30,839
delta_refusal,30,840
delta_refusal,30,845
delta_refusal,30,857
delta_refusal,30,864
delta_refusal,30,873
delta_refusal,30,890
delta_refusal,30,900
delta_refusal,30,904
delta_refusal,30,906
delta_refusal,30,923
delta_refusal,30,956
delta_refusal,30,965
delta_refusal,30,970
delta_refusal,30,981
delta_refusal,30,1004
delta_refusal,30,1005
delta_refusal,30,1007
delta_refusal,30,1058
delta_refusal,30,1119
delta_refusal,30,1124
delta_refusal,30,1130
delta_refusal,30,1152
delta_refusal,30,1171
delta_refusal,30,1176
delta_refusal,30,1200
delta_refusal,30,1221
delta_refusal,30,1246
delta_refusal,30,1261
delta_refusal,30,1262
delta_refusal,30,1306
delta_refusal,30,1307
delta_refusal,30,1314
delta_refusal,30,1318
delta_refusal,30,1322
delta_refusal,30,1326
delta_refusal,30,1335
delta_refusal,30,1347
delta_refusal,30,1384
delta_refusal,30,1395
delta_refusal,30,1425
delta_refusal,30,1426
delta_refusal,30,1429
delta_refusal,30,1457
delta_refusal,30,1458
delta_refusal,30,1464
delta_refusal,30,1472
delta_refusal,30,1502
delta_refusal,30,1524
delta_refusal,30,1528
delta_refusal,30,1529
delta_refusal,30,1530
delta_refusal,30,1544
delta_refusal,30,1551
delta_refusal,30,1557
delta_refusal,30,1562
delta_refusal,30,1589
delta_refusal,30,1602
delta_refusal,30,1617
delta_refusal,30,1630
delta_refusal,30,1637
delta_refusal,30,1639
delta_refusal,30,1676
delta_refusal,30,1680
delta_refusal,30,1698
delta_refusal,30,1721
delta_refusal,30,1732
delta_refusal,30,1773
delta_refusal,30,1777
delta_refusal,30,1793
delta_refusal,30,1795
delta_refusal,30,1797
delta_refusal,30,1801
delta_refusal,30,1812
delta_refusal,30,1835
delta_refusal,30,1851
delta_refusal,30,1885
delta_refusal,30,1898
delta_refusal,30,1909
delta_refusal,30,1943
delta_refusal,30,1953
delta_refusal,30,1994
delta_refusal,30,2026
delta_refusal,30,2041
delta_refusal,30,2058
delta_refusal,30,2062
delta_refusal,30,2072
delta_refusal,30,2074
delta_refusal,30,2085
delta_refusal,30,2087
delta_refusal,30,2120
delta_refusal,30,2142
delta_refusal,30,2172
delta_refusal,30,2192
delta_refusal,30,2203
delta_refusal,30,2226
delta_refusal,30,2237
delta_refusal,30,2273
delta_refusal,30,2306
delta_refusal,30,2310
delta_refusal,30,2318
delta_refusal,30,2319
delta_refusal,30,2334
delta_refusal,30,2341
delta_refusal,30,2371
delta_refusal,30,2374
delta_refusal,30,2403
delta_refusal,30,2406
delta_refusal,30,2420
delta_refusal,30,2458
delta_refusal,30,2459
delta_refusal,30,2474
delta_refusal,30,2503
delta_refusal,30,2513
delta_refusal,30,2532
delta_refusal,30,2539
delta_refusal,30,2549
delta_refusal,30,2595
delta_refusal,30,2596
delta_refusal,30,2627
delta_refusal,30,2631
delta_refusal,30,2634
delta_refusal,30,2648
delta_refusal,30,2653
delta_refusal,30,2671
delta_refusal,30,2683
delta_refusal,30,2709
delta_refusal,30,2724
delta_refusal,30,2730
delta_refusal,30,2741
delta_refusal,30,2782
delta_refusal,30,2784
delta_refusal,30,2792
delta_refusal,30,2806
delta_refusal,30,2809
delta_refusal,30,2815
delta_refusal,30,2821
delta_refusal,30,2879
delta_refusal,30,2932
delta_refusal,30,2955
delta_refusal,30,2969
delta_refusal,30,2987
delta_refusal,30,3001
delta_refusal,30,3006
delta_refusal,30,3030
delta_refusal,30,3033
delta_refusal,30,3058
delta_refusal,30,3077
delta_refusal,30,3086
delta_refusal,30,3093
delta_refusal,30,3099
delta_refusal,30,3141
delta_refusal,30,3153
delta_refusal,30,3175
delta_refusal,30,3215
delta_refusal,30,3226
delta_refusal,30,3231
delta_refusal,30,3243
delta_refusal,30,3244
delta_refusal,30,3296
delta_refusal,30,3297
delta_refusal,30,3309
delta_refusal,30,3331
delta_refusal,30,3342
delta_refusal,30,3346
delta_refusal,30,3355
delta_refusal,30,3364
delta_refusal,30,3382
delta_refusal,30,3388
delta_refusal,30,3415
delta_refusal,30,3436
delta_refusal,30,3437
delta_refusal,30,3453
delta_refusal,30,3460
delta_refusal,30,3466
delta_refusal,30,3498
delta_refusal,30,3513
delta_refusal,30,3546
delta_refusal,30,3557
delta_refusal,30,3558
delta_refusal,30,3584
delta_refusal,30,3668
delta_refusal,30,3675
delta_refusal,30,3695
delta_refusal,30,3700
delta_refusal,30,3727
delta_refusal,30,3736
delta_refusal,30,3750
delta_refusal,30,3786
delta_refusal,30,3805
delta_refusal,30,3817
delta_refusal,30,3853
delta_refusal,30,3873
delta_refusal,30,3892
delta_refusal,30,3903
delta_refusal,30,3920
delta_refusal,30,3930
delta_refusal,30,3933
delta_refusal,30,3937
delta_refusal,30,3942
delta_refusal,30,3943
delta_refusal,30,3946
delta_refusal,30,3961
delta_refusal,30,3970
delta_refusal,30,3981
delta_refusal,30,3996
delta_refusal,30,4004
delta_refusal,30,4012
delta_refusal,30,4015
delta_refusal,30,4030
delta_refusal,30,4032
delta_refusal,30,4035
delta_refusal,30,4040
delta_refusal,30,4077
delta_refusal,30,4081
delta_refusal,30,4118
delta_refusal,30,4135
delta_refusal,30,4149
delta_refusal,30,4177
delta_refusal,30,4181
delta_refusal,30,4182
delta_refusal,30,4195
delta_refusal,30,4229
delta_refusal,30,4257
delta_refusal,30,4260
delta_refusal,30,4262
delta_refusal,30,4293
delta_refusal,30,4314
delta_refusal,30,4318
delta_refusal,30,4338
delta_refusal,30,4341
delta_refusal,30,4355
delta_refusal,30,4368
delta_refusal,30,4373
delta_refusal,30,4381
delta_refusal,30,4391
delta_refusal,30,4396
delta_refusal,30,4435
delta_refusal,30,4438
delta_refusal,30,4471
delta_refusal,30,4472
delta_refusal,30,4497
delta_refusal,30,4506
delta_refusal,30,4525
delta_refusal,30,4530
delta_refusal,30,4540
delta_refusal,30,4542
delta_refusal,30,4560
delta_refusal,30,4577
delta_refusal,30,4583
delta_refusal,30,4599
delta_refusal,30,4609
delta_refusal,30,4614
delta_refusal,30,4645
delta_refusal,30,4657
delta_refusal,30,4661
delta_refusal,30,4685
delta_refusal,30,4727
delta_refusal,30,4743
delta_refusal,30,4762
delta_refusal,30,4770
delta_refusal,30,4772
delta_refusal,30,4788
delta_refusal,30,4803
delta_refusal,30,4804
delta_refusal,30,4893
delta_refusal,30,4920
delta_refusal,30,4936
delta_refusal,30,4943
delta_refusal,30,4956
delta_refusal,30,4961
delta_refusal,30,4998
delta_refusal,30,5023
delta_refusal,30,5024
delta_refusal,30,5027
delta_refusal,30,5049
delta_refusal,30,5081
delta_refusal,30,5097
delta_refusal,30,5101
delta_refusal,30,5116
delta_refusal,30,5149
delta_refusal,30,5212
delta_refusal,30,5222
delta_refusal,30,5227
delta_refusal,30,5306
delta_refusal,30,5320
delta_refusal,30,5323
delta_refusal,30,5336
delta_refusal,30,5341
delta_refusal,30,5359
delta_refusal,30,5366
delta_refusal,30,5375
delta_refusal,30,5380
delta_refusal,30,5421
delta_refusal,30,5439
delta_refusal,30,5473
delta_refusal,30,5509
delta_refusal,30,5526
delta_refusal,30,5531
delta_refusal,30,5533
delta_refusal,30,5542
delta_refusal,30,5549
delta_refusal,30,5628
delta_refusal,30,5650
delta_refusal,30,5671
delta_refusal,30,5680
delta_refusal,30,5707
delta_refusal,30,5752
delta_refusal,30,5769
delta_refusal,30,5785
delta_refusal,30,5793
delta_refusal,30,5794
delta_refusal,30,5814
delta_refusal,30,5821
delta_refusal,30,5834
delta_refusal,30,5855
delta_refusal,30,5860
delta_refusal,30,5870
delta_refusal,30,5872
delta_refusal,30,5877
delta_refusal,30,5897
delta_refusal,30,5905
delta_refusal,30,5931
delta_refusal,30,5943
delta_refusal,30,5946
delta_refusal,30,5948
delta_refusal,30,5951
delta_refusal,30,5996
delta_refusal,30,6045
delta_refusal,30,6073
delta_refusal,30,6080
delta_refusal,30,6105
delta_refusal,30,6148
delta_refusal,30,6156
delta_refusal,30,6159
delta_refusal,30,6203
delta_refusal,30,6209
delta_refusal,30,6228
delta_refusal,30,6242
delta_refusal,30,6285
delta_refusal,30,6286
delta_refusal,30,6298
delta_refusal,30,6300
delta_refusal,30,6321
delta_refusal,30,6336
delta_refusal,30,6351
delta_refusal,30,6359
delta_refusal,30,6372
delta_refusal,30,6378
delta_refusal,30,6390
delta_refusal,30,6391
delta_refusal,30,6393
delta_refusal,30,6397
delta_refusal,30,6423
delta_refusal,30,6442
delta_refusal,30,6460
delta_refusal,30,6462
delta_refusal,30,6479
delta_refusal,30,6481
delta_refusal,30,6483
delta_refusal,30,6539
delta_refusal,30,6603
delta_refusal,30,6610
delta_refusal,30,6618
delta_refusal,30,6619
delta_refusal,30,6623
delta_refusal,30,6648
delta_refusal,30,6661
delta_refusal,30,6663
delta_refusal,30,6674
delta_refusal,30,6712
delta_refusal,30,6716
delta_refusal,30,6725
delta_refusal,30,6754
delta_refusal,30,6782
delta_refusal,30,6812
delta_refusal,30,6831
delta_refusal,30,6854
delta_refusal,30,6858
delta_refusal,30,6859
delta_refusal,30,6863
delta_refusal,30,6866
delta_refusal,30,6871
delta_refusal,30,6894
delta_refusal,30,6897
delta_refusal,30,6936
delta_refusal,30,6954
delta_refusal,30,6970
delta_refusal,30,6976
delta_refusal,30,6983
delta_refusal,30,6993
delta_refusal,30,6999
delta_refusal,30,7016
delta_refusal,30,7026
delta_refusal,30,7044
delta_refusal,30,7055
delta_refusal,30,7063
delta_refusal,30,7074
delta_refusal,30,7078
delta_refusal,30,7097
delta_refusal,30,7106
delta_refusal,30,7112
delta_refusal,30,7127
delta_refusal,30,7129
delta_refusal,30,7146
delta_refusal,30,7177
delta_refusal,30,7185
delta_refusal,30,7204
delta_refusal,30,7214
delta_refusal,30,7230
delta_refusal,30,7274
delta_refusal,30,7293
delta_refusal,30,7294
delta_refusal,30,7304
delta_refusal,30,7305
delta_refusal,30,7310
delta_refusal,30,7311
delta_refusal,30,7329
delta_refusal,30,7330
delta_refusal,30,7358
delta_refusal,30,7388
delta_refusal,30,7409
delta_refusal,30,7410
delta_refusal,30,7428
delta_refusal,30,7460
delta_refusal,30,7473
delta_refusal,30,7492
delta_refusal,30,7518
delta_refusal,30,7545
delta_refusal,30,7593
delta_refusal,30,7594
delta_refusal,30,7595
delta_refusal,30,7612
delta_refusal,30,7622
delta_refusal,30,7660
delta_refusal,30,7663
delta_refusal,30,7675
delta_refusal,30,7697
delta_refusal,30,7715
delta_refusal,30,7727
delta_refusal,30,7762
delta_refusal,30,7810
delta_refusal,30,7813
delta_refusal,30,7819
delta_refusal,30,7863
delta_refusal,30,7864
delta_refusal,30,7866
delta_refusal,30,7872
delta_refusal,30,7904
delta_refusal,30,7949
delta_refusal,30,7953
delta_refusal,30,7954
delta_refusal,30,7966
delta_refusal,30,7973
delta_refusal,30,7985
delta_refusal,30,8023
delta_refusal,30,8028
delta_refusal,30,8029
delta_refusal,30,8030
delta_refusal,30,8043
delta_refusal,30,8075
delta_refusal,30,8080
delta_refusal,30,8119
delta_refusal,30,8127
delta_refusal,30,8142
delta_refusal,30,8189
delta_refusal,30,8212
delta_refusal,30,8223
delta_refusal,30,8225
delta_refusal,30,8226
delta_refusal,30,8227
delta_refusal,30,8241
delta_refusal,30,8283
delta_refusal,30,8287
delta_refusal,30,8289
delta_refusal,30,8298
delta_refusal,30,8312
delta_refusal,30,8321
delta_refusal,30,8336
delta_refusal,30,8364
delta_refusal,30,8382
delta_refusal,30,8386
delta_refusal,30,8388
delta_refusal,30,8392
delta_refusal,30,8401
delta_refusal,30,8412
delta_refusal,30,8418
delta_refusal,30,8431
delta_refusal,30,8454
delta_refusal,30,8472
delta_refusal,30,8485
delta_refusal,30,8491
delta_refusal,30,8495
delta_refusal,30,8539
delta_refusal,30,8560
delta_refusal,30,8562
delta_refusal,30,8585
delta_refusal,30,8589
delta_refusal,30,8614
delta_refusal,30,8627
delta_refusal,30,8634
delta_refusal,30,8639
delta_refusal,30,8666
delta_refusal,30,8711
delta_refusal,30,8716
delta_refusal,30,8717
delta_refusal,30,8726
delta_refusal,30,8817
delta_refusal,30,8819
delta_refusal,30,8822
delta_refusal,30,8832
delta_refusal,30,8843
delta_refusal,30,8845
delta_refusal,30,8876
delta_refusal,30,8919
delta_refusal,30,8932
delta_refusal,30,8937
delta_refusal,30,8942
delta_refusal,30,8957
delta_refusal,30,8960
delta_refusal,30,9027
delta_refusal,30,9043
delta_refusal,30,9049
delta_refusal,30,9075
delta_refusal,30,9086
delta_refusal,30,9105
delta_refusal,30,9114
delta_refusal,30,9128
delta_refusal,30,9135
delta_refusal,30,9138
delta_refusal,30,9150
delta_refusal,30,9156
delta_refusal,30,9170
delta_refusal,30,9177
delta_refusal,30,9185
delta_refusal,30,9201
delta_refusal,30,9203
delta_refusal,30,9211
delta_refusal,30,9215
delta_refusal,30,9232
delta_refusal,30,9235
delta_refusal,30,9237
delta_refusal,30,9242
delta_refusal,30,9246
delta_refusal,30,9247
delta_refusal,30,9255
delta_refusal,30,9264
delta_refusal,30,9276
delta_refusal,30,9295
delta_refusal,30,9296
delta_refusal,30,9304
delta_refusal,30,9305
delta_refusal,30,9309
delta_refusal,30,9318
delta_refusal,30,9324
delta_refusal,30,9329
delta_refusal,30,9333
delta_refusal,30,9335
delta_refusal,30,9391
delta_refusal,30,9399
delta_refusal,30,9415
delta_refusal,30,9422
delta_refusal,30,9433
delta_refusal,30,9445
delta_refusal,30,9447
delta_refusal,30,9457
delta_refusal,30,9485
delta_refusal,30,9495
delta_refusal,30,9524
delta_refusal,30,9540
delta_refusal,30,9550
delta_refusal,30,9554
delta_refusal,30,9591
delta_refusal,30,9606
delta_refusal,30,9627
delta_refusal,30,9637
delta_refusal,30,9670
delta_refusal,30,9674
delta_refusal,30,9690
delta_refusal,30,9697
delta_refusal,30,9719
delta_refusal,30,9725
delta_refusal,30,9734
delta_refusal,30,9737
delta_refusal,30,9739
delta_refusal,30,9741
delta_refusal,30,9769
delta_refusal,30,9784
delta_refusal,30,9786
delta_refusal,30,9788
delta_refusal,30,9799
delta_refusal,30,9816
delta_refusal,30,9822
delta_refusal,30,9828
delta_refusal,30,9832
delta_refusal,30,9842
delta_refusal,30,9855
delta_refusal,30,9883
delta_refusal,30,9894
delta_refusal,30,9908
delta_refusal,30,9965
delta_refusal,30,9995
delta_refusal,30,10002
delta_refusal,30,10006
delta_refusal,30,10007
delta_refusal,30,10013
delta_refusal,30,10015
delta_refusal,30,10032
delta_refusal,30,10035
delta_refusal,30,10041
delta_refusal,30,10050
delta_refusal,30,10078
delta_refusal,30,10083
delta_refusal,30,10094
delta_refusal,30,10139
delta_refusal,30,10142
delta_refusal,30,10156
delta_refusal,30,10159
delta_refusal,30,10161
delta_refusal,30,10185
delta_refusal,30,10196
delta_refusal,30,10209
delta_refusal,30,10250
delta_refusal,30,10252
delta_refusal,30,10256
delta_refusal,30,10272
delta_refusal,30,10302
delta_refusal,30,10303
delta_refusal,30,10310
delta_refusal,30,10330
delta_refusal,30,10346
delta_refusal,30,10386
delta_refusal,30,10394
delta_refusal,30,10403
delta_refusal,30,10408
delta_refusal,30,10416
delta_refusal,30,10425
delta_refusal,30,10431
delta_refusal,30,10432
delta_refusal,30,10476
delta_refusal,30,10522
delta_refusal,30,10602
delta_refusal,30,10649
delta_refusal,30,10661
delta_refusal,30,10672
delta_refusal,30,10682
delta_refusal,30,10711
delta_refusal,30,10725
delta_refusal,30,10749
delta_refusal,30,10768
delta_refusal,30,10776
delta_refusal,30,10782
delta_refusal,30,10811
delta_refusal,30,10830
delta_refusal,30,10840
delta_refusal,30,10849
delta_refusal,30,10855
delta_refusal,30,10856
delta_refusal,30,10859
delta_refusal,30,10864
delta_refusal,30,10869
delta_refusal,30,10875
delta_refusal,30,10879
delta_refusal,30,10888
delta_refusal,30,10896
delta_refusal,30,10923
delta_refusal,30,10933
delta_refusal,30,10950
delta_refusal,30,10956
delta_refusal,30,10963
delta_refusal,30,10997
delta_refusal,30,11035
delta_refusal,30,11046
delta_refusal,30,11050
delta_refusal,30,11051
delta_refusal,30,11089
delta_refusal,30,11099
delta_refusal,30,11147
delta_refusal,30,11169
delta_refusal,30,11230
delta_refusal,30,11253
delta_refusal,30,11268
delta_refusal,30,11277
delta_refusal,30,11298
delta_refusal,30,11303
delta_refusal,30,11312
delta_refusal,30,11318
delta_refusal,30,11319
delta_refusal,30,11335
delta_refusal,30,11341
delta_refusal,30,11345
delta_refusal,30,11350
delta_refusal,30,11360
delta_refusal,30,11363
delta_refusal,30,11369
delta_refusal,30,11402
delta_refusal,30,11430
delta_refusal,30,11436
delta_refusal,30,11441
delta_refusal,30,11486
delta_refusal,30,11504
delta_refusal,30,11531
delta_refusal,30,11535
delta_refusal,30,11547
delta_refusal,30,11574
delta_refusal,30,11578
delta_refusal,30,11580
delta_refusal,30,11603
delta_refusal,30,11636
delta_refusal,30,11665
delta_refusal,30,11669
delta_refusal,30,11701
delta_refusal,30,11725
delta_refusal,30,11736
delta_refusal,30,11738
delta_refusal,30,11744
delta_refusal,30,11835
delta_refusal,30,11888
delta_refusal,30,11911
delta_refusal,30,11914
delta_refusal,30,11926
delta_refusal,30,11932
delta_refusal,30,11937
delta_refusal,30,11952
delta_refusal,30,11960
delta_refusal,30,11965
delta_refusal,30,11976
delta_refusal,30,11980
delta_refusal,30,11997
delta_refusal,30,12016
delta_refusal,30,12022
delta_refusal,30,12043
delta_refusal,30,12049
delta_refusal,30,12073
delta_refusal,30,12074
delta_refusal,30,12107
delta_refusal,30,12125
delta_refusal,30,12142
delta_refusal,30,12149
delta_refusal,30,12150
delta_refusal,30,12159
delta_refusal,30,12161
delta_refusal,30,12174
delta_refusal,30,12184
delta_refusal,30,12185
delta_refusal,30,12187
delta_refusal,30,12189
delta_refusal,30,12199
delta_refusal,30,12233
delta_refusal,30,12246
delta_refusal,30,12258
delta_refusal,30,12283
delta_refusal,30,12294
delta_refusal,30,12337
delta_refusal,30,12381
delta_refusal,30,12387
delta_refusal,30,12394
delta_refusal,30,12398
delta_refusal,30,12406
delta_refusal,30,12408
delta_refusal,30,12435
delta_refusal,30,12440
delta_refusal,30,12446
delta_refusal,30,12447
delta_refusal,30,12460
delta_refusal,30,12484
delta_refusal,30,12491
delta_refusal,30,12507
delta_refusal,30,12543
delta_refusal,30,12552
delta_refusal,30,12562
delta_refusal,30,12563
delta_refusal,30,12568
delta_refusal,30,12579
delta_refusal,30,12586
delta_refusal,30,12660
delta_refusal,30,12691
delta_refusal,30,12724
delta_refusal,30,12741
delta_refusal,30,12748
delta_refusal,30,12771
delta_refusal,30,12772
delta_refusal,30,12775
delta_refusal,30,12780
delta_refusal,30,12799
delta_refusal,30,12805
delta_refusal,30,12814
delta_refusal,30,12818
delta_refusal,30,12843
delta_refusal,30,12893
delta_refusal,30,12903
delta_refusal,30,12954
delta_refusal,30,12965
delta_refusal,30,12988
delta_refusal,30,12994
delta_refusal,30,13012
delta_refusal,30,13020
delta_refusal,30,13047
delta_refusal,30,13059
delta_refusal,30,13096
delta_refusal,30,13098
delta_refusal,30,13111
delta_refusal,30,13170
delta_refusal,30,13175
delta_refusal,30,13200
delta_refusal,30,13224
delta_refusal,30,13226
delta_refusal,30,13227
delta_refusal,30,13252
delta_refusal,30,13258
delta_refusal,30,13260
delta_refusal,30,13279
delta_refusal,30,13290
delta_refusal,30,13324
delta_refusal,30,13331
delta_refusal,30,13356
delta_refusal,30,13366
delta_refusal,30,13417
delta_refusal,30,13419
delta_refusal,30,13457
delta_refusal,30,13461
delta_refusal,30,13469
delta_refusal,30,13473
delta_refusal,30,13530
delta_refusal,30,13546
delta_refusal,30,13548
delta_refusal,30,13587
delta_refusal,30,13608
delta_refusal,30,13624
delta_refusal,30,13636
delta_refusal,30,13661
delta_refusal,30,13662
delta_refusal,30,13670
delta_refusal,30,13681
delta_refusal,30,13694
delta_refusal,30,13702
delta_refusal,30,13709
delta_refusal,30,13720
delta_refusal,30,13737
delta_refusal,30,13759
delta_refusal,30,13795
delta_refusal,30,13826
delta_refusal,30,13827
delta_refusal,30,13840
delta_refusal,30,13848
delta_refusal,30,13882
delta_refusal,30,13901
delta_refusal,30,13913
delta_refusal,30,13921
delta_refusal,30,13923
delta_refusal,30,13931
delta_refusal,30,13945
delta_refusal,30,13984
delta_refusal,30,14065
delta_refusal,30,14078
delta_refusal,30,14084
delta_refusal,30,14109
delta_refusal,30,14114
delta_refusal,30,14118
delta_refusal,30,14128
delta_refusal,30,14130
delta_refusal,30,14142
delta_refusal,30,14154
delta_refusal,30,14173
delta_refusal,30,14177
delta_refusal,30,14192
delta_refusal,30,14221
delta_refusal,30,14226
delta_refusal,30,14244
delta_refusal,30,14257
delta_refusal,30,14261
delta_refusal,30,14265
delta_refusal,30,14298
delta_refusal,30,14304
delta_refusal,30,14312
delta_refusal,30,14320
delta_refusal,31,12
delta_refusal,31,15
delta_refusal,31,16
delta_refusal,31,17
delta_refusal,31,25
delta_refusal,31,33
delta_refusal,31,42
delta_refusal,31,47
delta_refusal,31,48
delta_refusal,31,57
delta_refusal,31,63
delta_refusal,31,67
delta_refusal,31,69
delta_refusal,31,75
delta_refusal,31,95
delta_refusal,31,102
delta_refusal,31,105
delta_refusal,31,106
delta_refusal,31,110
delta_refusal,31,111
delta_refusal,31,127
delta_refusal,31,128
delta_refusal,31,146
delta_refusal,31,147
delta_refusal,31,154
delta_refusal,31,163
delta_refusal,31,166
delta_refusal,31,175
delta_refusal,31,181
delta_refusal,31,185
delta_refusal,31,186
delta_refusal,31,191
delta_refusal,31,199
delta_refusal,31,204
delta_refusal,31,218
delta_refusal,31,233
delta_refusal,31,248
delta_refusal,31,260
delta_refusal,31,262
delta_refusal,31,265
delta_refusal,31,266
delta_refusal,31,270
delta_refusal,31,273
delta_refusal,31,280
delta_refusal,31,287
delta_refusal,31,289
delta_refusal,31,295
delta_refusal,31,296
delta_refusal,31,311
delta_refusal,31,316
delta_refusal,31,328
delta_refusal,31,331
delta_refusal,31,335
delta_refusal,31,344
delta_refusal,31,349
delta_refusal,31,350
delta_refusal,31,353
delta_refusal,31,367
delta_refusal,31,368
delta_refusal,31,373
delta_refusal,31,374
delta_refusal,31,380
delta_refusal,31,382
delta_refusal,31,402
delta_refusal,31,403
delta_refusal,31,413
delta_refusal,31,416
delta_refusal,31,420
delta_refusal,31,424
delta_refusal,31,427
delta_refusal,31,429
delta_refusal,31,434
delta_refusal,31,437
delta_refusal,31,447
delta_refusal,31,455
delta_refusal,31,486
delta_refusal,31,516
delta_refusal,31,518
delta_refusal,31,526
delta_refusal,31,528
delta_refusal,31,529
delta_refusal,31,531
delta_refusal,31,536
delta_refusal,31,538
delta_refusal,31,543
delta_refusal,31,552
delta_refusal,31,556
delta_refusal,31,563
delta_refusal,31,566
delta_refusal,31,577
delta_refusal,31,580
delta_refusal,31,581
delta_refusal,31,594
delta_refusal,31,595
delta_refusal,31,599
delta_refusal,31,607
delta_refusal,31,609
delta_refusal,31,629
delta_refusal,31,632
delta_refusal,31,639
delta_refusal,31,649
delta_refusal,31,658
delta_refusal,31,662
delta_refusal,31,674
delta_refusal,31,679
delta_refusal,31,683
delta_refusal,31,711
delta_refusal,31,714
delta_refusal,31,728
delta_refusal,31,732
delta_refusal,31,737
delta_refusal,31,742
delta_refusal,31,755
delta_refusal,31,774
delta_refusal,31,775
delta_refusal,31,782
delta_refusal,31,786
delta_refusal,31,792
delta_refusal,31,794
delta_refusal,31,803
delta_refusal,31,806
delta_refusal,31,810
delta_refusal,31,812
delta_refusal,31,830
delta_refusal,31,838
delta_refusal,31,840
delta_refusal,31,847
delta_refusal,31,850
delta_refusal,31,855
delta_refusal,31,865
delta_refusal,31,879
delta_refusal,31,887
delta_refusal,31,890
delta_refusal,31,900
delta_refusal,31,905
delta_refusal,31,907
delta_refusal,31,910
delta_refusal,31,930
delta_refusal,31,931
delta_refusal,31,946
delta_refusal,31,953
delta_refusal,31,955
delta_refusal,31,958
delta_refusal,31,963
delta_refusal,31,992
delta_refusal,31,993
delta_refusal,31,996
delta_refusal,31,997
delta_refusal,31,1000
delta_refusal,31,1008
delta_refusal,31,1018
delta_refusal,31,1032
delta_refusal,31,1033
delta_refusal,31,1046
delta_refusal,31,1050
delta_refusal,31,1057
delta_refusal,31,1058
delta_refusal,31,1074
delta_refusal,31,1090
delta_refusal,31,1095
delta_refusal,31,1109
delta_refusal,31,1117
delta_refusal,31,1121
delta_refusal,31,1126
delta_refusal,31,1127
delta_refusal,31,1128
delta_refusal,31,1136
delta_refusal,31,1149
delta_refusal,31,1150
delta_refusal,31,1159
delta_refusal,31,1165
delta_refusal,31,1166
delta_refusal,31,1167
delta_refusal,31,1174
delta_refusal,31,1190
delta_refusal,31,1193
delta_refusal,31,1200
delta_refusal,31,1201
delta_refusal,31,1206
delta_refusal,31,1209
delta_refusal,31,1210
delta_refusal,31,1220
delta_refusal,31,1233
delta_refusal,31,1236
delta_refusal,31,1239
delta_refusal,31,1246
delta_refusal,31,1264
delta_refusal,31,1286
delta_refusal,31,1298
delta_refusal,31,1304
delta_refusal,31,1309
delta_refusal,31,1314
delta_refusal,31,1324
delta_refusal,31,1330
delta_refusal,31,1332
delta_refusal,31,1340
delta_refusal,31,1343
delta_refusal,31,1351
delta_refusal,31,1364
delta_refusal,31,1386
delta_refusal,31,1395
delta_refusal,31,1398
delta_refusal,31,1415
delta_refusal,31,1424
delta_refusal,31,1425
delta_refusal,31,1429
delta_refusal,31,1437
delta_refusal,31,1460
delta_refusal,31,1464
delta_refusal,31,1475
delta_refusal,31,1482
delta_refusal,31,1487
delta_refusal,31,1493
delta_refusal,31,1506
delta_refusal,31,1510
delta_refusal,31,1513
delta_refusal,31,1516
delta_refusal,31,1519
delta_refusal,31,1532
delta_refusal,31,1534
delta_refusal,31,1543
delta_refusal,31,1559
delta_refusal,31,1572
delta_refusal,31,1576
delta_refusal,31,1584
delta_refusal,31,1596
delta_refusal,31,1598
delta_refusal,31,1602
delta_refusal,31,1609
delta_refusal,31,1614
delta_refusal,31,1615
delta_refusal,31,1625
delta_refusal,31,1630
delta_refusal,31,1632
delta_refusal,31,1654
delta_refusal,31,1667
delta_refusal,31,1668
delta_refusal,31,1674
delta_refusal,31,1677
delta_refusal,31,1679
delta_refusal,31,1681
delta_refusal,31,1686
delta_refusal,31,1692
delta_refusal,31,1698
delta_refusal,31,1699
delta_refusal,31,1705
delta_refusal,31,1728
delta_refusal,31,1730
delta_refusal,31,1739
delta_refusal,31,1740
delta_refusal,31,1747
delta_refusal,31,1755
delta_refusal,31,1760
delta_refusal,31,1781
delta_refusal,31,1787
delta_refusal,31,1788
delta_refusal,31,1791
delta_refusal,31,1798
delta_refusal,31,1804
delta_refusal,31,1807
delta_refusal,31,1815
delta_refusal,31,1821
delta_refusal,31,1822
delta_refusal,31,1831
delta_refusal,31,1834
delta_refusal,31,1844
delta_refusal,31,1851
delta_refusal,31,1852
delta_refusal,31,1856
delta_refusal,31,1859
delta_refusal,31,1864
delta_refusal,31,1868
delta_refusal,31,1887
delta_refusal,31,1891
delta_refusal,31,1901
delta_refusal,31,1915
delta_refusal,31,1918
delta_refusal,31,1928
delta_refusal,31,1930
delta_refusal,31,1934
delta_refusal,31,1936
delta_refusal,31,1938
delta_refusal,31,1940
delta_refusal,31,1943
delta_refusal,31,1961
delta_refusal,31,1967
delta_refusal,31,1978
delta_refusal,31,1987
delta_refusal,31,1991
delta_refusal,31,1992
delta_refusal,31,2000
delta_refusal,31,2003
delta_refusal,31,2012
delta_refusal,31,2014
delta_refusal,31,2035
delta_refusal,31,2036
delta_refusal,31,2051
delta_refusal,31,2060
delta_refusal,31,2076
delta_refusal,31,2088
delta_refusal,31,2098
delta_refusal,31,2100
delta_refusal,31,2108
delta_refusal,31,2113
delta_refusal,31,2114
delta_refusal,31,2115
delta_refusal,31,2120
delta_refusal,31,2123
delta_refusal,31,2127
delta_refusal,31,2131
delta_refusal,31,2136
delta_refusal,31,2139
delta_refusal,31,2140
delta_refusal,31,2147
delta_refusal,31,2150
delta_refusal,31,2165
delta_refusal,31,2171
delta_refusal,31,2181
delta_refusal,31,2187
delta_refusal,31,2188
delta_refusal,31,2189
delta_refusal,31,2192
delta_refusal,31,2195
delta_refusal,31,2196
delta_refusal,31,2199
delta_refusal,31,2207
delta_refusal,31,2213
delta_refusal,31,2221
delta_refusal,31,2223
delta_refusal,31,2233
delta_refusal,31,2241
delta_refusal,31,2246
delta_refusal,31,2248
delta_refusal,31,2254
delta_refusal,31,2259
delta_refusal,31,2266
delta_refusal,31,2268
delta_refusal,31,2269
delta_refusal,31,2273
delta_refusal,31,2275
delta_refusal,31,2278
delta_refusal,31,2286
delta_refusal,31,2288
delta_refusal,31,2294
delta_refusal,31,2295
delta_refusal,31,2296
delta_refusal,31,2305
delta_refusal,31,2311
delta_refusal,31,2315
delta_refusal,31,2317
delta_refusal,31,2338
delta_refusal,31,2339
delta_refusal,31,2344
delta_refusal,31,2345
delta_refusal,31,2347
delta_refusal,31,2349
delta_refusal,31,2361
delta_refusal,31,2375
delta_refusal,31,2381
delta_refusal,31,2384
delta_refusal,31,2390
delta_refusal,31,2398
delta_refusal,31,2400
delta_refusal,31,2404
delta_refusal,31,2405
delta_refusal,31,2430
delta_refusal,31,2432
delta_refusal,31,2449
delta_refusal,31,2463
delta_refusal,31,2465
delta_refusal,31,2467
delta_refusal,31,2474
delta_refusal,31,2475
delta_refusal,31,2477
delta_refusal,31,2510
delta_refusal,31,2528
delta_refusal,31,2539
delta_refusal,31,2549
delta_refusal,31,2552
delta_refusal,31,2564
delta_refusal,31,2566
delta_refusal,31,2570
delta_refusal,31,2582
delta_refusal,31,2583
delta_refusal,31,2585
delta_refusal,31,2602
delta_refusal,31,2613
delta_refusal,31,2616
delta_refusal,31,2625
delta_refusal,31,2631
delta_refusal,31,2646
delta_refusal,31,2653
delta_refusal,31,2675
delta_refusal,31,2685
delta_refusal,31,2687
delta_refusal,31,2695
delta_refusal,31,2707
delta_refusal,31,2709
delta_refusal,31,2743
delta_refusal,31,2747
delta_refusal,31,2748
delta_refusal,31,2754
delta_refusal,31,2755
delta_refusal,31,2756
delta_refusal,31,2759
delta_refusal,31,2775
delta_refusal,31,2780
delta_refusal,31,2785
delta_refusal,31,2788
delta_refusal,31,2796
delta_refusal,31,2798
delta_refusal,31,2799
delta_refusal,31,2800
delta_refusal,31,2818
delta_refusal,31,2819
delta_refusal,31,2822
delta_refusal,31,2827
delta_refusal,31,2829
delta_refusal,31,2830
delta_refusal,31,2836
delta_refusal,31,2839
delta_refusal,31,2845
delta_refusal,31,2847
delta_refusal,31,2856
delta_refusal,31,2869
delta_refusal,31,2875
delta_refusal,31,2878
delta_refusal,31,2885
delta_refusal,31,2892
delta_refusal,31,2893
delta_refusal,31,2910
delta_refusal,31,2915
delta_refusal,31,2919
delta_refusal,31,2925
delta_refusal,31,2930
delta_refusal,31,2943
delta_refusal,31,2944
delta_refusal,31,2945
delta_refusal,31,2948
delta_refusal,31,2951
delta_refusal,31,2953
delta_refusal,31,2954
delta_refusal,31,2958
delta_refusal,31,2982
delta_refusal,31,2991
delta_refusal,31,3018
delta_refusal,31,3023
delta_refusal,31,3026
delta_refusal,31,3034
delta_refusal,31,3039
delta_refusal,31,3043
delta_refusal,31,3050
delta_refusal,31,3059
delta_refusal,31,3065
delta_refusal,31,3075
delta_refusal,31,3078
delta_refusal,31,3084
delta_refusal,31,3094
delta_refusal,31,3104
delta_refusal,31,3106
delta_refusal,31,3115
delta_refusal,31,3124
delta_refusal,31,3127
delta_refusal,31,3130
delta_refusal,31,3135
delta_refusal,31,3137
delta_refusal,31,3142
delta_refusal,31,3146
delta_refusal,31,3148
delta_refusal,31,3162
delta_refusal,31,3163
delta_refusal,31,3166
delta_refusal,31,3174
delta_refusal,31,3175
delta_refusal,31,3184
delta_refusal,31,3187
delta_refusal,31,3191
delta_refusal,31,3195
delta_refusal,31,3197
delta_refusal,31,3200
delta_refusal,31,3210
delta_refusal,31,3214
delta_refusal,31,3217
delta_refusal,31,3221
delta_refusal,31,3226
delta_refusal,31,3230
delta_refusal,31,3232
delta_refusal,31,3237
delta_refusal,31,3238
delta_refusal,31,3245
delta_refusal,31,3252
delta_refusal,31,3261
delta_refusal,31,3265
delta_refusal,31,3273
delta_refusal,31,3277
delta_refusal,31,3289
delta_refusal,31,3290
delta_refusal,31,3300
delta_refusal,31,3309
delta_refusal,31,3312
delta_refusal,31,3319
delta_refusal,31,3323
delta_refusal,31,3334
delta_refusal,31,3352
delta_refusal,31,3353
delta_refusal,31,3358
delta_refusal,31,3369
delta_refusal,31,3374
delta_refusal,31,3387
delta_refusal,31,3390
delta_refusal,31,3400
delta_refusal,31,3405
delta_refusal,31,3409
delta_refusal,31,3418
delta_refusal,31,3428
delta_refusal,31,3439
delta_refusal,31,3440
delta_refusal,31,3444
delta_refusal,31,3451
delta_refusal,31,3474
delta_refusal,31,3476
delta_refusal,31,3480
delta_refusal,31,3484
delta_refusal,31,3487
delta_refusal,31,3492
delta_refusal,31,3493
delta_refusal,31,3499
delta_refusal,31,3510
delta_refusal,31,3513
delta_refusal,31,3514
delta_refusal,31,3515
delta_refusal,31,3540
delta_refusal,31,3543
delta_refusal,31,3548
delta_refusal,31,3557
delta_refusal,31,3568
delta_refusal,31,3583
delta_refusal,31,3589
delta_refusal,31,3590
delta_refusal,31,3592
delta_refusal,31,3599
delta_refusal,31,3605
delta_refusal,31,3607
delta_refusal,31,3608
delta_refusal,31,3611
delta_refusal,31,3616
delta_refusal,31,3620
delta_refusal,31,3621
delta_refusal,31,3630
delta_refusal,31,3635
delta_refusal,31,3637
delta_refusal,31,3639
delta_refusal,31,3646
delta_refusal,31,3649
delta_refusal,31,3685
delta_refusal,31,3690
delta_refusal,31,3691
delta_refusal,31,3694
delta_refusal,31,3695
delta_refusal,31,3696
delta_refusal,31,3699
delta_refusal,31,3700
delta_refusal,31,3712
delta_refusal,31,3714
delta_refusal,31,3717
delta_refusal,31,3719
delta_refusal,31,3722
delta_refusal,31,3734
delta_refusal,31,3736
delta_refusal,31,3746
delta_refusal,31,3749
delta_refusal,31,3759
delta_refusal,31,3761
delta_refusal,31,3769
delta_refusal,31,3780
delta_refusal,31,3811
delta_refusal,31,3830
delta_refusal,31,3831
delta_refusal,31,3840
delta_refusal,31,3842
delta_refusal,31,3846
delta_refusal,31,3848
delta_refusal,31,3852
delta_refusal,31,3865
delta_refusal,31,3866
delta_refusal,31,3869
delta_refusal,31,3871
delta_refusal,31,3874
delta_refusal,31,3882
delta_refusal,31,3889
delta_refusal,31,3909
delta_refusal,31,3919
delta_refusal,31,3930
delta_refusal,31,3951
delta_refusal,31,3954
delta_refusal,31,3955
delta_refusal,31,3980
delta_refusal,31,3982
delta_refusal,31,3989
delta_refusal,31,3990
delta_refusal,31,3993
delta_refusal,31,3997
delta_refusal,31,4024
delta_refusal,31,4032
delta_refusal,31,4046
delta_refusal,31,4053
delta_refusal,31,4055
delta_refusal,31,4057
delta_refusal,31,4060
delta_refusal,31,4061
delta_refusal,31,4064
delta_refusal,31,4071
delta_refusal,31,4080
delta_refusal,31,4097
delta_refusal,31,4126
delta_refusal,31,4128
delta_refusal,31,4136
delta_refusal,31,4145
delta_refusal,31,4160
delta_refusal,31,4172
delta_refusal,31,4173
delta_refusal,31,4178
delta_refusal,31,4179
delta_refusal,31,4185
delta_refusal,31,4186
delta_refusal,31,4193
delta_refusal,31,4198
delta_refusal,31,4205
delta_refusal,31,4206
delta_refusal,31,4209
delta_refusal,31,4214
delta_refusal,31,4224
delta_refusal,31,4238
delta_refusal,31,4240
delta_refusal,31,4243
delta_refusal,31,4246
delta_refusal,31,4249
delta_refusal,31,4250
delta_refusal,31,4253
delta_refusal,31,4254
delta_refusal,31,4257
delta_refusal,31,4260
delta_refusal,31,4270
delta_refusal,31,4271
delta_refusal,31,4274
delta_refusal,31,4275
delta_refusal,31,4300
delta_refusal,31,4302
delta_refusal,31,4308
delta_refusal,31,4328
delta_refusal,31,4331
delta_refusal,31,4350
delta_refusal,31,4352
delta_refusal,31,4358
delta_refusal,31,4361
delta_refusal,31,4373
delta_refusal,31,4374
delta_refusal,31,4382
delta_refusal,31,4393
delta_refusal,31,4400
delta_refusal,31,4401
delta_refusal,31,4415
delta_refusal,31,4418
delta_refusal,31,4424
delta_refusal,31,4426
delta_refusal,31,4428
delta_refusal,31,4432
delta_refusal,31,4436
delta_refusal,31,4457
delta_refusal,31,4464
delta_refusal,31,4466
delta_refusal,31,4480
delta_refusal,31,4486
delta_refusal,31,4487
delta_refusal,31,4493
delta_refusal,31,4497
delta_refusal,31,4501
delta_refusal,31,4504
delta_refusal,31,4510
delta_refusal,31,4512
delta_refusal,31,4518
delta_refusal,31,4523
delta_refusal,31,4532
delta_refusal,31,4559
delta_refusal,31,4560
delta_refusal,31,4577
delta_refusal,31,4581
delta_refusal,31,4587
delta_refusal,31,4594
delta_refusal,31,4601
delta_refusal,31,4609
delta_refusal,31,4622
delta_refusal,31,4625
delta_refusal,31,4626
delta_refusal,31,4627
delta_refusal,31,4629
delta_refusal,31,4639
delta_refusal,31,4643
delta_refusal,31,4645
delta_refusal,31,4648
delta_refusal,31,4654
delta_refusal,31,4660
delta_refusal,31,4661
delta_refusal,31,4663
delta_refusal,31,4667
delta_refusal,31,4679
delta_refusal,31,4738
delta_refusal,31,4754
delta_refusal,31,4761
delta_refusal,31,4762
delta_refusal,31,4767
delta_refusal,31,4768
delta_refusal,31,4778
delta_refusal,31,4786
delta_refusal,31,4787
delta_refusal,31,4788
delta_refusal,31,4790
delta_refusal,31,4791
delta_refusal,31,4807
delta_refusal,31,4810
delta_refusal,31,4811
delta_refusal,31,4820
delta_refusal,31,4822
delta_refusal,31,4823
delta_refusal,31,4824
delta_refusal,31,4834
delta_refusal,31,4836
delta_refusal,31,4844
delta_refusal,31,4852
delta_refusal,31,4867
delta_refusal,31,4868
delta_refusal,31,4873
delta_refusal,31,4876
delta_refusal,31,4893
delta_refusal,31,4903
delta_refusal,31,4904
delta_refusal,31,4920
delta_refusal,31,4937
delta_refusal,31,4944
delta_refusal,31,4946
delta_refusal,31,4951
delta_refusal,31,4957
delta_refusal,31,4959
delta_refusal,31,4972
delta_refusal,31,4974
delta_refusal,31,4984
delta_refusal,31,5021
delta_refusal,31,5022
delta_refusal,31,5028
delta_refusal,31,5029
delta_refusal,31,5041
delta_refusal,31,5042
delta_refusal,31,5050
delta_refusal,31,5051
delta_refusal,31,5061
delta_refusal,31,5062
delta_refusal,31,5068
delta_refusal,31,5074
delta_refusal,31,5082
delta_refusal,31,5084
delta_refusal,31,5086
delta_refusal,31,5098
delta_refusal,31,5099
delta_refusal,31,5107
delta_refusal,31,5114
delta_refusal,31,5115
delta_refusal,31,5118
delta_refusal,31,5119
delta_refusal,31,5135
delta_refusal,31,5136
delta_refusal,31,5144
delta_refusal,31,5161
delta_refusal,31,5166
delta_refusal,31,5173
delta_refusal,31,5175
delta_refusal,31,5183
delta_refusal,31,5184
delta_refusal,31,5187
delta_refusal,31,5201
delta_refusal,31,5202
delta_refusal,31,5204
delta_refusal,31,5208
delta_refusal,31,5220
delta_refusal,31,5226
delta_refusal,31,5230
delta_refusal,31,5245
delta_refusal,31,5248
delta_refusal,31,5253
delta_refusal,31,5259
delta_refusal,31,5268
delta_refusal,31,5276
delta_refusal,31,5277
delta_refusal,31,5287
delta_refusal,31,5288
delta_refusal,31,5294
delta_refusal,31,5311
delta_refusal,31,5320
delta_refusal,31,5327
delta_refusal,31,5331
delta_refusal,31,5334
delta_refusal,31,5335
delta_refusal,31,5340
delta_refusal,31,5346
delta_refusal,31,5349
delta_refusal,31,5350
delta_refusal,31,5359
delta_refusal,31,5369
delta_refusal,31,5370
delta_refusal,31,5371
delta_refusal,31,5381
delta_refusal,31,5393
delta_refusal,31,5395
delta_refusal,31,5403
delta_refusal,31,5407
delta_refusal,31,5414
delta_refusal,31,5437
delta_refusal,31,5448
delta_refusal,31,5469
delta_refusal,31,5481
delta_refusal,31,5485
delta_refusal,31,5491
delta_refusal,31,5506
delta_refusal,31,5509
delta_refusal,31,5513
delta_refusal,31,5528
delta_refusal,31,5536
delta_refusal,31,5540
delta_refusal,31,5542
delta_refusal,31,5552
delta_refusal,31,5553
delta_refusal,31,5562
delta_refusal,31,5564
delta_refusal,31,5567
delta_refusal,31,5590
delta_refusal,31,5593
delta_refusal,31,5594
delta_refusal,31,5595
delta_refusal,31,5596
delta_refusal,31,5603
delta_refusal,31,5604
delta_refusal,31,5614
delta_refusal,31,5616
delta_refusal,31,5617
delta_refusal,31,5638
delta_refusal,31,5648
delta_refusal,31,5651
delta_refusal,31,5654
delta_refusal,31,5669
delta_refusal,31,5675
delta_refusal,31,5692
delta_refusal,31,5699
delta_refusal,31,5717
delta_refusal,31,5720
delta_refusal,31,5722
delta_refusal,31,5728
delta_refusal,31,5733
delta_refusal,31,5739
delta_refusal,31,5752
delta_refusal,31,5753
delta_refusal,31,5763
delta_refusal,31,5769
delta_refusal,31,5772
delta_refusal,31,5777
delta_refusal,31,5781
delta_refusal,31,5785
delta_refusal,31,5789
delta_refusal,31,5802
delta_refusal,31,5806
delta_refusal,31,5811
delta_refusal,31,5814
delta_refusal,31,5825
delta_refusal,31,5831
delta_refusal,31,5832
delta_refusal,31,5833
delta_refusal,31,5834
delta_refusal,31,5835
delta_refusal,31,5838
delta_refusal,31,5841
delta_refusal,31,5850
delta_refusal,31,5852
delta_refusal,31,5857
delta_refusal,31,5864
delta_refusal,31,5883
delta_refusal,31,5895
delta_refusal,31,5899
delta_refusal,31,5904
delta_refusal,31,5906
delta_refusal,31,5912
delta_refusal,31,5915
delta_refusal,31,5919
delta_refusal,31,5924
delta_refusal,31,5929
delta_refusal,31,5932
delta_refusal,31,5933
delta_refusal,31,5941
delta_refusal,31,5966
delta_refusal,31,5975
delta_refusal,31,5981
delta_refusal,31,6001
delta_refusal,31,6003
delta_refusal,31,6009
delta_refusal,31,6018
delta_refusal,31,6032
delta_refusal,31,6050
delta_refusal,31,6059
delta_refusal,31,6061
delta_refusal,31,6063
delta_refusal,31,6072
delta_refusal,31,6074
delta_refusal,31,6082
delta_refusal,31,6096
delta_refusal,31,6103
delta_refusal,31,6109
delta_refusal,31,6130
delta_refusal,31,6155
delta_refusal,31,6159
delta_refusal,31,6162
delta_refusal,31,6173
delta_refusal,31,6175
delta_refusal,31,6192
delta_refusal,31,6195
delta_refusal,31,6201
delta_refusal,31,6203
delta_refusal,31,6221
delta_refusal,31,6227
delta_refusal,31,6238
delta_refusal,31,6239
delta_refusal,31,6246
delta_refusal,31,6266
delta_refusal,31,6275
delta_refusal,31,6306
delta_refusal,31,6319
delta_refusal,31,6330
delta_refusal,31,6349
delta_refusal,31,6352
delta_refusal,31,6355
delta_refusal,31,6357
delta_refusal,31,6364
delta_refusal,31,6372
delta_refusal,31,6373
delta_refusal,31,6384
delta_refusal,31,6393
delta_refusal,31,6397
delta_refusal,31,6398
delta_refusal,31,6403
delta_refusal,31,6404
delta_refusal,31,6423
delta_refusal,31,6428
delta_refusal,31,6430
delta_refusal,31,6432
delta_refusal,31,6434
delta_refusal,31,6437
delta_refusal,31,6439
delta_refusal,31,6443
delta_refusal,31,6452
delta_refusal,31,6453
delta_refusal,31,6464
delta_refusal,31,6466
delta_refusal,31,6467
delta_refusal,31,6471
delta_refusal,31,6472
delta_refusal,31,6477
delta_refusal,31,6478
delta_refusal,31,6489
delta_refusal,31,6491
delta_refusal,31,6493
delta_refusal,31,6494
delta_refusal,31,6507
delta_refusal,31,6510
delta_refusal,31,6511
delta_refusal,31,6515
delta_refusal,31,6522
delta_refusal,31,6527
delta_refusal,31,6532
delta_refusal,31,6556
delta_refusal,31,6566
delta_refusal,31,6575
delta_refusal,31,6579
delta_refusal,31,6586
delta_refusal,31,6588
delta_refusal,31,6614
delta_refusal,31,6626
delta_refusal,31,6628
delta_refusal,31,6631
delta_refusal,31,6635
delta_refusal,31,6650
delta_refusal,31,6651
delta_refusal,31,6657
delta_refusal,31,6669
delta_refusal,31,6676
delta_refusal,31,6687
delta_refusal,31,6691
delta_refusal,31,6694
delta_refusal,31,6696
delta_refusal,31,6700
delta_refusal,31,6720
delta_refusal,31,6734
delta_refusal,31,6738
delta_refusal,31,6750
delta_refusal,31,6761
delta_refusal,31,6770
delta_refusal,31,6772
delta_refusal,31,6798
delta_refusal,31,6822
delta_refusal,31,6830
delta_refusal,31,6860
delta_refusal,31,6872
delta_refusal,31,6873
delta_refusal,31,6877
delta_refusal,31,6879
delta_refusal,31,6902
delta_refusal,31,6908
delta_refusal,31,6914
delta_refusal,31,6921
delta_refusal,31,6926
delta_refusal,31,6939
delta_refusal,31,6950
delta_refusal,31,6955
delta_refusal,31,6974
delta_refusal,31,6995
delta_refusal,31,7001
delta_refusal,31,7002
delta_refusal,31,7017
delta_refusal,31,7019
delta_refusal,31,7032
delta_refusal,31,7038
delta_refusal,31,7045
delta_refusal,31,7068
delta_refusal,31,7071
delta_refusal,31,7075
delta_refusal,31,7078
delta_refusal,31,7079
delta_refusal,31,7087
delta_refusal,31,7093
delta_refusal,31,7096
delta_refusal,31,7113
delta_refusal,31,7115
delta_refusal,31,7117
delta_refusal,31,7124
delta_refusal,31,7127
delta_refusal,31,7142
delta_refusal,31,7146
delta_refusal,31,7148
delta_refusal,31,7162
delta_refusal,31,7185
delta_refusal,31,7186
delta_refusal,31,7189
delta_refusal,31,7196
delta_refusal,31,7197
delta_refusal,31,7201
delta_refusal,31,7203
delta_refusal,31,7204
delta_refusal,31,7213
delta_refusal,31,7218
delta_refusal,31,7224
delta_refusal,31,7239
delta_refusal,31,7243
delta_refusal,31,7244
delta_refusal,31,7254
delta_refusal,31,7263
delta_refusal,31,7278
delta_refusal,31,7280
delta_refusal,31,7281
delta_refusal,31,7285
delta_refusal,31,7288
delta_refusal,31,7294
delta_refusal,31,7303
delta_refusal,31,7307
delta_refusal,31,7315
delta_refusal,31,7327
delta_refusal,31,7332
delta_refusal,31,7334
delta_refusal,31,7342
delta_refusal,31,7344
delta_refusal,31,7361
delta_refusal,31,7365
delta_refusal,31,7375
delta_refusal,31,7391
delta_refusal,31,7405
delta_refusal,31,7411
delta_refusal,31,7416
delta_refusal,31,7429
delta_refusal,31,7438
delta_refusal,31,7450
delta_refusal,31,7451
delta_refusal,31,7458
delta_refusal,31,7465
delta_refusal,31,7469
delta_refusal,31,7475
delta_refusal,31,7484
delta_refusal,31,7485
delta_refusal,31,7487
delta_refusal,31,7504
delta_refusal,31,7506
delta_refusal,31,7511
delta_refusal,31,7513
delta_refusal,31,7514
delta_refusal,31,7517
delta_refusal,31,7520
delta_refusal,31,7530
delta_refusal,31,7537
delta_refusal,31,7538
delta_refusal,31,7565
delta_refusal,31,7566
delta_refusal,31,7580
delta_refusal,31,7592
delta_refusal,31,7595
delta_refusal,31,7598
delta_refusal,31,7599
delta_refusal,31,7600
delta_refusal,31,7615
delta_refusal,31,7637
delta_refusal,31,7638
delta_refusal,31,7664
delta_refusal,31,7669
delta_refusal,31,7672
delta_refusal,31,7673
delta_refusal,31,7680
delta_refusal,31,7687
delta_refusal,31,7689
delta_refusal,31,7693
delta_refusal,31,7706
delta_refusal,31,7712
delta_refusal,31,7720
delta_refusal,31,7721
delta_refusal,31,7749
delta_refusal,31,7758
delta_refusal,31,7764
delta_refusal,31,7778
delta_refusal,31,7783
delta_refusal,31,7784
delta_refusal,31,7799
delta_refusal,31,7802
delta_refusal,31,7833
delta_refusal,31,7844
delta_refusal,31,7851
delta_refusal,31,7859
delta_refusal,31,7861
delta_refusal,31,7866
delta_refusal,31,7872
delta_refusal,31,7873
delta_refusal,31,7885
delta_refusal,31,7888
delta_refusal,31,7898
delta_refusal,31,7906
delta_refusal,31,7936
delta_refusal,31,7938
delta_refusal,31,7943
delta_refusal,31,7944
delta_refusal,31,7950
delta_refusal,31,7960
delta_refusal,31,7963
delta_refusal,31,7964
delta_refusal,31,7965
delta_refusal,31,7973
delta_refusal,31,7974
delta_refusal,31,7985
delta_refusal,31,7995
delta_refusal,31,8000
delta_refusal,31,8012
delta_refusal,31,8031
delta_refusal,31,8047
delta_refusal,31,8048
delta_refusal,31,8050
delta_refusal,31,8053
delta_refusal,31,8058
delta_refusal,31,8064
delta_refusal,31,8071
delta_refusal,31,8083
delta_refusal,31,8089
delta_refusal,31,8100
delta_refusal,31,8101
delta_refusal,31,8103
delta_refusal,31,8112
delta_refusal,31,8118
delta_refusal,31,8120
delta_refusal,31,8126
delta_refusal,31,8136
delta_refusal,31,8154
delta_refusal,31,8156
delta_refusal,31,8167
delta_refusal,31,8173
delta_refusal,31,8190
delta_refusal,31,8193
delta_refusal,31,8201
delta_refusal,31,8205
delta_refusal,31,8210
delta_refusal,31,8212
delta_refusal,31,8225
delta_refusal,31,8229
delta_refusal,31,8236
delta_refusal,31,8240
delta_refusal,31,8245
delta_refusal,31,8249
delta_refusal,31,8254
delta_refusal,31,8258
delta_refusal,31,8272
delta_refusal,31,8279
delta_refusal,31,8285
delta_refusal,31,8300
delta_refusal,31,8305
delta_refusal,31,8314
delta_refusal,31,8316
delta_refusal,31,8320
delta_refusal,31,8321
delta_refusal,31,8333
delta_refusal,31,8334
delta_refusal,31,8345
delta_refusal,31,8346
delta_refusal,31,8347
delta_refusal,31,8350
delta_refusal,31,8354
delta_refusal,31,8357
delta_refusal,31,8358
delta_refusal,31,8359
delta_refusal,31,8360
delta_refusal,31,8361
delta_refusal,31,8369
delta_refusal,31,8378
delta_refusal,31,8379
delta_refusal,31,8382
delta_refusal,31,8384
delta_refusal,31,8389
delta_refusal,31,8400
delta_refusal,31,8401
delta_refusal,31,8406
delta_refusal,31,8410
delta_refusal,31,8414
delta_refusal,31,8415
delta_refusal,31,8416
delta_refusal,31,8426
delta_refusal,31,8432
delta_refusal,31,8445
delta_refusal,31,8450
delta_refusal,31,8464
delta_refusal,31,8468
delta_refusal,31,8471
delta_refusal,31,8473
delta_refusal,31,8484
delta_refusal,31,8489
delta_refusal,31,8494
delta_refusal,31,8496
delta_refusal,31,8499
delta_refusal,31,8526
delta_refusal,31,8537
delta_refusal,31,8540
delta_refusal,31,8544
delta_refusal,31,8549
delta_refusal,31,8572
delta_refusal,31,8579
delta_refusal,31,8583
delta_refusal,31,8590
delta_refusal,31,8595
delta_refusal,31,8607
delta_refusal,31,8622
delta_refusal,31,8624
delta_refusal,31,8633
delta_refusal,31,8642
delta_refusal,31,8643
delta_refusal,31,8650
delta_refusal,31,8652
delta_refusal,31,8654
delta_refusal,31,8655
delta_refusal,31,8657
delta_refusal,31,8661
delta_refusal,31,8664
delta_refusal,31,8667
delta_refusal,31,8671
delta_refusal,31,8677
delta_refusal,31,8680
delta_refusal,31,8682
delta_refusal,31,8691
delta_refusal,31,8695
delta_refusal,31,8697
delta_refusal,31,8698
delta_refusal,31,8711
delta_refusal,31,8714
delta_refusal,31,8722
delta_refusal,31,8732
delta_refusal,31,8735
delta_refusal,31,8747
delta_refusal,31,8754
delta_refusal,31,8761
delta_refusal,31,8766
delta_refusal,31,8771
delta_refusal,31,8787
delta_refusal,31,8788
delta_refusal,31,8794
delta_refusal,31,8798
delta_refusal,31,8819
delta_refusal,31,8820
delta_refusal,31,8825
delta_refusal,31,8831
delta_refusal,31,8846
delta_refusal,31,8852
delta_refusal,31,8855
delta_refusal,31,8861
delta_refusal,31,8862
delta_refusal,31,8866
delta_refusal,31,8867
delta_refusal,31,8874
delta_refusal,31,8879
delta_refusal,31,8880
delta_refusal,31,8887
delta_refusal,31,8899
delta_refusal,31,8902
delta_refusal,31,8907
delta_refusal,31,8921
delta_refusal,31,8936
delta_refusal,31,8937
delta_refusal,31,8950
delta_refusal,31,8954
delta_refusal,31,8959
delta_refusal,31,8971
delta_refusal,31,8978
delta_refusal,31,8980
delta_refusal,31,8984
delta_refusal,31,8987
delta_refusal,31,8990
delta_refusal,31,9009
delta_refusal,31,9032
delta_refusal,31,9033
delta_refusal,31,9036
delta_refusal,31,9046
delta_refusal,31,9047
delta_refusal,31,9054
delta_refusal,31,9058
delta_refusal,31,9059
delta_refusal,31,9061
delta_refusal,31,9065
delta_refusal,31,9071
delta_refusal,31,9074
delta_refusal,31,9081
delta_refusal,31,9088
delta_refusal,31,9091
delta_refusal,31,9114
delta_refusal,31,9115
delta_refusal,31,9119
delta_refusal,31,9125
delta_refusal,31,9127
delta_refusal,31,9144
delta_refusal,31,9154
delta_refusal,31,9171
delta_refusal,31,9175
delta_refusal,31,9187
delta_refusal,31,9205
delta_refusal,31,9208
delta_refusal,31,9210
delta_refusal,31,9231
delta_refusal,31,9241
delta_refusal,31,9246
delta_refusal,31,9251
delta_refusal,31,9256
delta_refusal,31,9258
delta_refusal,31,9261
delta_refusal,31,9272
delta_refusal,31,9276
delta_refusal,31,9286
delta_refusal,31,9289
delta_refusal,31,9292
delta_refusal,31,9299
delta_refusal,31,9307
delta_refusal,31,9313
delta_refusal,31,9326
delta_refusal,31,9327
delta_refusal,31,9337
delta_refusal,31,9351
delta_refusal,31,9355
delta_refusal,31,9359
delta_refusal,31,9371
delta_refusal,31,9387
delta_refusal,31,9396
delta_refusal,31,9400
delta_refusal,31,9401
delta_refusal,31,9410
delta_refusal,31,9412
delta_refusal,31,9416
delta_refusal,31,9421
delta_refusal,31,9445
delta_refusal,31,9451
delta_refusal,31,9454
delta_refusal,31,9455
delta_refusal,31,9464
delta_refusal,31,9465
delta_refusal,31,9469
delta_refusal,31,9470
delta_refusal,31,9475
delta_refusal,31,9495
delta_refusal,31,9497
delta_refusal,31,9501
delta_refusal,31,9505
delta_refusal,31,9507
delta_refusal,31,9510
delta_refusal,31,9511
delta_refusal,31,9519
delta_refusal,31,9528
delta_refusal,31,9538
delta_refusal,31,9544
delta_refusal,31,9548
delta_refusal,31,9553
delta_refusal,31,9555
delta_refusal,31,9573
delta_refusal,31,9575
delta_refusal,31,9580
delta_refusal,31,9582
delta_refusal,31,9587
delta_refusal,31,9592
delta_refusal,31,9595
delta_refusal,31,9614
delta_refusal,31,9620
delta_refusal,31,9628
delta_refusal,31,9631
delta_refusal,31,9647
delta_refusal,31,9658
delta_refusal,31,9663
delta_refusal,31,9664
delta_refusal,31,9665
delta_refusal,31,9690
delta_refusal,31,9692
delta_refusal,31,9693
delta_refusal,31,9696
delta_refusal,31,9700
delta_refusal,31,9704
delta_refusal,31,9708
delta_refusal,31,9732
delta_refusal,31,9734
delta_refusal,31,9755
delta_refusal,31,9763
delta_refusal,31,9769
delta_refusal,31,9790
delta_refusal,31,9795
delta_refusal,31,9818
delta_refusal,31,9825
delta_refusal,31,9843
delta_refusal,31,9847
delta_refusal,31,9858
delta_refusal,31,9866
delta_refusal,31,9870
delta_refusal,31,9888
delta_refusal,31,9891
delta_refusal,31,9894
delta_refusal,31,9902
delta_refusal,31,9903
delta_refusal,31,9906
delta_refusal,31,9908
delta_refusal,31,9909
delta_refusal,31,9912
delta_refusal,31,9915
delta_refusal,31,9929
delta_refusal,31,9936
delta_refusal,31,9949
delta_refusal,31,9968
delta_refusal,31,9974
delta_refusal,31,9976
delta_refusal,31,9978
delta_refusal,31,9995
delta_refusal,31,10006
delta_refusal,31,10007
delta_refusal,31,10014
delta_refusal,31,10017
delta_refusal,31,10025
delta_refusal,31,10030
delta_refusal,31,10036
delta_refusal,31,10040
delta_refusal,31,10073
delta_refusal,31,10077
delta_refusal,31,10083
delta_refusal,31,10094
delta_refusal,31,10097
delta_refusal,31,10100
delta_refusal,31,10107
delta_refusal,31,10114
delta_refusal,31,10126
delta_refusal,31,10131
delta_refusal,31,10133
delta_refusal,31,10136
delta_refusal,31,10148
delta_refusal,31,10151
delta_refusal,31,10152
delta_refusal,31,10158
delta_refusal,31,10159
delta_refusal,31,10165
delta_refusal,31,10168
delta_refusal,31,10175
delta_refusal,31,10176
delta_refusal,31,10178
delta_refusal,31,10180
delta_refusal,31,10191
delta_refusal,31,10204
delta_refusal,31,10210
delta_refusal,31,10215
delta_refusal,31,10218
delta_refusal,31,10219
delta_refusal,31,10228
delta_refusal,31,10233
delta_refusal,31,10244
delta_refusal,31,10249
delta_refusal,31,10252
delta_refusal,31,10261
delta_refusal,31,10266
delta_refusal,31,10272
delta_refusal,31,10277
delta_refusal,31,10284
delta_refusal,31,10305
delta_refusal,31,10308
delta_refusal,31,10310
delta_refusal,31,10313
delta_refusal,31,10323
delta_refusal,31,10324
delta_refusal,31,10335
delta_refusal,31,10345
delta_refusal,31,10346
delta_refusal,31,10351
delta_refusal,31,10355
delta_refusal,31,10392
delta_refusal,31,10396
delta_refusal,31,10405
delta_refusal,31,10406
delta_refusal,31,10408
delta_refusal,31,10419
delta_refusal,31,10430
delta_refusal,31,10432
delta_refusal,31,10439
delta_refusal,31,10442
delta_refusal,31,10452
delta_refusal,31,10458
delta_refusal,31,10459
delta_refusal,31,10471
delta_refusal,31,10478
delta_refusal,31,10479
delta_refusal,31,10492
delta_refusal,31,10502
delta_refusal,31,10504
delta_refusal,31,10505
delta_refusal,31,10512
delta_refusal,31,10513
delta_refusal,31,10514
delta_refusal,31,10519
delta_refusal,31,10522
delta_refusal,31,10530
delta_refusal,31,10533
delta_refusal,31,10555
delta_refusal,31,10556
delta_refusal,31,10566
delta_refusal,31,10567
delta_refusal,31,10570
delta_refusal,31,10585
delta_refusal,31,10586
delta_refusal,31,10589
delta_refusal,31,10605
delta_refusal,31,10606
delta_refusal,31,10610
delta_refusal,31,10618
delta_refusal,31,10619
delta_refusal,31,10629
delta_refusal,31,10644
delta_refusal,31,10650
delta_refusal,31,10653
delta_refusal,31,10655
delta_refusal,31,10667
delta_refusal,31,10674
delta_refusal,31,10675
delta_refusal,31,10688
delta_refusal,31,10697
delta_refusal,31,10699
delta_refusal,31,10703
delta_refusal,31,10715
delta_refusal,31,10716
delta_refusal,31,10720
delta_refusal,31,10725
delta_refusal,31,10726
delta_refusal,31,10748
delta_refusal,31,10759
delta_refusal,31,10761
delta_refusal,31,10767
delta_refusal,31,10770
delta_refusal,31,10775
delta_refusal,31,10783
delta_refusal,31,10788
delta_refusal,31,10792
delta_refusal,31,10803
delta_refusal,31,10806
delta_refusal,31,10834
delta_refusal,31,10840
delta_refusal,31,10842
delta_refusal,31,10843
delta_refusal,31,10845
delta_refusal,31,10850
delta_refusal,31,10859
delta_refusal,31,10878
delta_refusal,31,10880
delta_refusal,31,10891
delta_refusal,31,10897
delta_refusal,31,10902
delta_refusal,31,10914
delta_refusal,31,10922
delta_refusal,31,10937
delta_refusal,31,10944
delta_refusal,31,10946
delta_refusal,31,10948
delta_refusal,31,10956
delta_refusal,31,10957
delta_refusal,31,10965
delta_refusal,31,10966
delta_refusal,31,10971
delta_refusal,31,10973
delta_refusal,31,10981
delta_refusal,31,10982
delta_refusal,31,10986
delta_refusal,31,10989
delta_refusal,31,10995
delta_refusal,31,10996
delta_refusal,31,11000
delta_refusal,31,11006
delta_refusal,31,11008
delta_refusal,31,11009
delta_refusal,31,11010
delta_refusal,31,11015
delta_refusal,31,11024
delta_refusal,31,11040
delta_refusal,31,11047
delta_refusal,31,11057
delta_refusal,31,11059
delta_refusal,31,11062
delta_refusal,31,11075
delta_refusal,31,11079
delta_refusal,31,11080
delta_refusal,31,11084
delta_refusal,31,11085
delta_refusal,31,11108
delta_refusal,31,11118
delta_refusal,31,11131
delta_refusal,31,11138
delta_refusal,31,11140
delta_refusal,31,11141
delta_refusal,31,11144
delta_refusal,31,11145
delta_refusal,31,11149
delta_refusal,31,11155
delta_refusal,31,11172
delta_refusal,31,11175
delta_refusal,31,11181
delta_refusal,31,11194
delta_refusal,31,11198
delta_refusal,31,11202
delta_refusal,31,11208
delta_refusal,31,11218
delta_refusal,31,11222
delta_refusal,31,11234
delta_refusal,31,11235
delta_refusal,31,11243
delta_refusal,31,11244
delta_refusal,31,11254
delta_refusal,31,11256
delta_refusal,31,11258
delta_refusal,31,11265
delta_refusal,31,11274
delta_refusal,31,11286
delta_refusal,31,11291
delta_refusal,31,11292
delta_refusal,31,11305
delta_refusal,31,11311
delta_refusal,31,11314
delta_refusal,31,11321
delta_refusal,31,11326
delta_refusal,31,11329
delta_refusal,31,11334
delta_refusal,31,11337
delta_refusal,31,11341
delta_refusal,31,11342
delta_refusal,31,11346
delta_refusal,31,11350
delta_refusal,31,11351
delta_refusal,31,11357
delta_refusal,31,11365
delta_refusal,31,11370
delta_refusal,31,11378
delta_refusal,31,11385
delta_refusal,31,11386
delta_refusal,31,11410
delta_refusal,31,11413
delta_refusal,31,11414
delta_refusal,31,11417
delta_refusal,31,11433
delta_refusal,31,11434
delta_refusal,31,11435
delta_refusal,31,11445
delta_refusal,31,11456
delta_refusal,31,11488
delta_refusal,31,11491
delta_refusal,31,11504
delta_refusal,31,11509
delta_refusal,31,11512
delta_refusal,31,11517
delta_refusal,31,11518
delta_refusal,31,11537
delta_refusal,31,11541
delta_refusal,31,11543
delta_refusal,31,11552
delta_refusal,31,11553
delta_refusal,31,11558
delta_refusal,31,11567
delta_refusal,31,11571
delta_refusal,31,11572
delta_refusal,31,11581
delta_refusal,31,11598
delta_refusal,31,11601
delta_refusal,31,11620
delta_refusal,31,11622
delta_refusal,31,11626
delta_refusal,31,11627
delta_refusal,31,11630
delta_refusal,31,11638
delta_refusal,31,11639
delta_refusal,31,11640
delta_refusal,31,11644
delta_refusal,31,11652
delta_refusal,31,11680
delta_refusal,31,11682
delta_refusal,31,11688
delta_refusal,31,11698
delta_refusal,31,11699
delta_refusal,31,11708
delta_refusal,31,11715
delta_refusal,31,11718
delta_refusal,31,11728
delta_refusal,31,11740
delta_refusal,31,11757
delta_refusal,31,11770
delta_refusal,31,11776
delta_refusal,31,11780
delta_refusal,31,11794
delta_refusal,31,11804
delta_refusal,31,11808
delta_refusal,31,11811
delta_refusal,31,11813
delta_refusal,31,11817
delta_refusal,31,11827
delta_refusal,31,11831
delta_refusal,31,11840
delta_refusal,31,11842
delta_refusal,31,11843
delta_refusal,31,11848
delta_refusal,31,11870
delta_refusal,31,11875
delta_refusal,31,11876
delta_refusal,31,11878
delta_refusal,31,11881
delta_refusal,31,11905
delta_refusal,31,11913
delta_refusal,31,11914
delta_refusal,31,11919
delta_refusal,31,11929
delta_refusal,31,11932
delta_refusal,31,11941
delta_refusal,31,11952
delta_refusal,31,11978
delta_refusal,31,11981
delta_refusal,31,11985
delta_refusal,31,12004
delta_refusal,31,12008
delta_refusal,31,12011
delta_refusal,31,12015
delta_refusal,31,12021
delta_refusal,31,12032
delta_refusal,31,12033
delta_refusal,31,12034
delta_refusal,31,12035
delta_refusal,31,12038
delta_refusal,31,12048
delta_refusal,31,12061
delta_refusal,31,12064
delta_refusal,31,12070
delta_refusal,31,12081
delta_refusal,31,12084
delta_refusal,31,12087
delta_refusal,31,12091
delta_refusal,31,12101
delta_refusal,31,12109
delta_refusal,31,12114
delta_refusal,31,12119
delta_refusal,31,12120
delta_refusal,31,12127
delta_refusal,31,12145
delta_refusal,31,12159
delta_refusal,31,12165
delta_refusal,31,12172
delta_refusal,31,12182
delta_refusal,31,12185
delta_refusal,31,12193
delta_refusal,31,12201
delta_refusal,31,12206
delta_refusal,31,12210
delta_refusal,31,12220
delta_refusal,31,12222
delta_refusal,31,12224
delta_refusal,31,12245
delta_refusal,31,12248
delta_refusal,31,12252
delta_refusal,31,12256
delta_refusal,31,12257
delta_refusal,31,12266
delta_refusal,31,12270
delta_refusal,31,12277
delta_refusal,31,12292
delta_refusal,31,12293
delta_refusal,31,12296
delta_refusal,31,12305
delta_refusal,31,12307
delta_refusal,31,12313
delta_refusal,31,12323
delta_refusal,31,12349
delta_refusal,31,12358
delta_refusal,31,12362
delta_refusal,31,12364
delta_refusal,31,12367
delta_refusal,31,12368
delta_refusal,31,12372
delta_refusal,31,12373
delta_refusal,31,12377
delta_refusal,31,12383
delta_refusal,31,12411
delta_refusal,31,12413
delta_refusal,31,12414
delta_refusal,31,12416
delta_refusal,31,12423
delta_refusal,31,12430
delta_refusal,31,12434
delta_refusal,31,12439
delta_refusal,31,12446
delta_refusal,31,12462
delta_refusal,31,12463
delta_refusal,31,12471
delta_refusal,31,12492
delta_refusal,31,12493
delta_refusal,31,12499
delta_refusal,31,12514
delta_refusal,31,12517
delta_refusal,31,12518
delta_refusal,31,12521
delta_refusal,31,12522
delta_refusal,31,12523
delta_refusal,31,12525
delta_refusal,31,12529
delta_refusal,31,12548
delta_refusal,31,12564
delta_refusal,31,12568
delta_refusal,31,12582
delta_refusal,31,12584
delta_refusal,31,12591
delta_refusal,31,12598
delta_refusal,31,12601
delta_refusal,31,12604
delta_refusal,31,12620
delta_refusal,31,12629
delta_refusal,31,12638
delta_refusal,31,12652
delta_refusal,31,12668
delta_refusal,31,12677
delta_refusal,31,12706
delta_refusal,31,12709
delta_refusal,31,12712
delta_refusal,31,12719
delta_refusal,31,12734
delta_refusal,31,12745
delta_refusal,31,12746
delta_refusal,31,12759
delta_refusal,31,12764
delta_refusal,31,12773
delta_refusal,31,12776
delta_refusal,31,12780
delta_refusal,31,12784
delta_refusal,31,12794
delta_refusal,31,12800
delta_refusal,31,12814
delta_refusal,31,12816
delta_refusal,31,12819
delta_refusal,31,12824
delta_refusal,31,12839
delta_refusal,31,12841
delta_refusal,31,12842
delta_refusal,31,12844
delta_refusal,31,12845
delta_refusal,31,12861
delta_refusal,31,12863
delta_refusal,31,12893
delta_refusal,31,12910
delta_refusal,31,12912
delta_refusal,31,12913
delta_refusal,31,12914
delta_refusal,31,12923
delta_refusal,31,12933
delta_refusal,31,12950
delta_refusal,31,12951
delta_refusal,31,12953
delta_refusal,31,12968
delta_refusal,31,12977
delta_refusal,31,12982
delta_refusal,31,12987
delta_refusal,31,12995
delta_refusal,31,13005
delta_refusal,31,13006
delta_refusal,31,13012
delta_refusal,31,13019
delta_refusal,31,13027
delta_refusal,31,13029
delta_refusal,31,13030
delta_refusal,31,13034
delta_refusal,31,13038
delta_refusal,31,13042
delta_refusal,31,13060
delta_refusal,31,13062
delta_refusal,31,13063
delta_refusal,31,13066
delta_refusal,31,13076
delta_refusal,31,13082
delta_refusal,31,13083
delta_refusal,31,13100
delta_refusal,31,13102
delta_refusal,31,13110
delta_refusal,31,13111
delta_refusal,31,13115
delta_refusal,31,13122
delta_refusal,31,13145
delta_refusal,31,13150
delta_refusal,31,13151
delta_refusal,31,13172
delta_refusal,31,13176
delta_refusal,31,13179
delta_refusal,31,13182
delta_refusal,31,13185
delta_refusal,31,13188
delta_refusal,31,13189
delta_refusal,31,13194
delta_refusal,31,13195
delta_refusal,31,13210
delta_refusal,31,13219
delta_refusal,31,13229
delta_refusal,31,13235
delta_refusal,31,13236
delta_refusal,31,13239
delta_refusal,31,13245
delta_refusal,31,13248
delta_refusal,31,13257
delta_refusal,31,13267
delta_refusal,31,13269
delta_refusal,31,13271
delta_refusal,31,13273
delta_refusal,31,13277
delta_refusal,31,13289
delta_refusal,31,13291
delta_refusal,31,13293
delta_refusal,31,13314
delta_refusal,31,13317
delta_refusal,31,13324
delta_refusal,31,13336
delta_refusal,31,13341
delta_refusal,31,13369
delta_refusal,31,13388
delta_refusal,31,13402
delta_refusal,31,13405
delta_refusal,31,13409
delta_refusal,31,13412
delta_refusal,31,13414
delta_refusal,31,13422
delta_refusal,31,13423
delta_refusal,31,13425
delta_refusal,31,13456
delta_refusal,31,13457
delta_refusal,31,13465
delta_refusal,31,13470
delta_refusal,31,13476
delta_refusal,31,13492
delta_refusal,31,13501
delta_refusal,31,13520
delta_refusal,31,13544
delta_refusal,31,13548
delta_refusal,31,13555
delta_refusal,31,13569
delta_refusal,31,13575
delta_refusal,31,13578
delta_refusal,31,13579
delta_refusal,31,13583
delta_refusal,31,13585
delta_refusal,31,13592
delta_refusal,31,13596
delta_refusal,31,13599
delta_refusal,31,13621
delta_refusal,31,13622
delta_refusal,31,13630
delta_refusal,31,13641
delta_refusal,31,13647
delta_refusal,31,13654
delta_refusal,31,13661
delta_refusal,31,13662
delta_refusal,31,13664
delta_refusal,31,13667
delta_refusal,31,13668
delta_refusal,31,13670
delta_refusal,31,13691
delta_refusal,31,13692
delta_refusal,31,13702
delta_refusal,31,13703
delta_refusal,31,13705
delta_refusal,31,13710
delta_refusal,31,13713
delta_refusal,31,13717
delta_refusal,31,13724
delta_refusal,31,13726
delta_refusal,31,13733
delta_refusal,31,13738
delta_refusal,31,13739
delta_refusal,31,13746
delta_refusal,31,13754
delta_refusal,31,13774
delta_refusal,31,13778
delta_refusal,31,13788
delta_refusal,31,13801
delta_refusal,31,13808
delta_refusal,31,13812
delta_refusal,31,13813
delta_refusal,31,13814
delta_refusal,31,13833
delta_refusal,31,13844
delta_refusal,31,13849
delta_refusal,31,13851
delta_refusal,31,13854
delta_refusal,31,13859
delta_refusal,31,13862
delta_refusal,31,13869
delta_refusal,31,13872
delta_refusal,31,13882
delta_refusal,31,13888
delta_refusal,31,13890
delta_refusal,31,13897
delta_refusal,31,13899
delta_refusal,31,13909
delta_refusal,31,13911
delta_refusal,31,13930
delta_refusal,31,13933
delta_refusal,31,13949
delta_refusal,31,13989
delta_refusal,31,13995
delta_refusal,31,14004
delta_refusal,31,14010
delta_refusal,31,14027
delta_refusal,31,14029
delta_refusal,31,14054
delta_refusal,31,14058
delta_refusal,31,14060
delta_refusal,31,14061
delta_refusal,31,14073
delta_refusal,31,14090
delta_refusal,31,14091
delta_refusal,31,14094
delta_refusal,31,14103
delta_refusal,31,14106
delta_refusal,31,14107
delta_refusal,31,14111
delta_refusal,31,14113
delta_refusal,31,14115
delta_refusal,31,14123
delta_refusal,31,14136
delta_refusal,31,14143
delta_refusal,31,14173
delta_refusal,31,14177
delta_refusal,31,14196
delta_refusal,31,14200
delta_refusal,31,14201
delta_refusal,31,14203
delta_refusal,31,14211
delta_refusal,31,14214
delta_refusal,31,14219
delta_refusal,31,14223
delta_refusal,31,14224
delta_refusal,31,14230
delta_refusal,31,14242
delta_refusal,31,14254
delta_refusal,31,14276
delta_refusal,31,14280
delta_refusal,31,14285
delta_refusal,31,14288
delta_refusal,31,14289
delta_refusal,31,14299
delta_refusal,31,14303
delta_refusal,31,14304
delta_refusal,31,14306
delta_refusal,31,14312
delta_refusal,31,14321
