variant,layer,neuron_index
delta_refusal,2,138
delta_refusal,2,4526
delta_refusal,2,7624
delta_refusal,2,10582
delta_refusal,2,12648
delta_refusal,3,3214
delta_refusal,3,7114
delta_refusal,3,7255
delta_refusal,3,10351
delta_refusal,3,11588
delta_refusal,3,13905
delta_refusal,3,14176
delta_refusal,4,8036
delta_refusal,4,8065
delta_refusal,4,9597
delta_refusal,4,9809
delta_refusal,4,10711
delta_refusal,4,11663
delta_refusal,4,14077
delta_refusal,5,2798
delta_refusal,5,3685
delta_refusal,5,3934
delta_refusal,5,4685
delta_refusal,5,5733
delta_refusal,5,6932
delta_refusal,5,7994
delta_refusal,5,8709
delta_refusal,5,9192
delta_refusal,5,9545
delta_refusal,5,9580
delta_refusal,5,13148
delta_refusal,5,13440
delta_refusal,6,669
delta_refusal,6,1022
delta_refusal,6,4341
delta_refusal,6,5866
delta_refusal,6,8450
delta_refusal,6,11232
delta_refusal,6,13641
delta_refusal,7,820
delta_refusal,7,1899
delta_refusal,7,1994
delta_refusal,7,2313
delta_refusal,7,3629
delta_refusal,7,4734
delta_refusal,7,5329
delta_refusal,7,6819
delta_refusal,7,10471
delta_refusal,7,10594
delta_refusal,7,11002
delta_refusal,7,11793
delta_refusal,7,12052
delta_refusal,7,12169
delta_refusal,7,12230
delta_refusal,7,13076
delta_refusal,8,64
delta_refusal,8,203
delta_refusal,8,319
delta_refusal,8,1161
delta_refusal,8,1593
delta_refusal,8,2436
delta_refusal,8,2712
delta_refusal,8,3085
delta_refusal,8,3167
delta_refusal,8,7209
delta_refusal,8,7503
delta_refusal,8,7592
delta_refusal,8,8224
delta_refusal,8,8961
delta_refusal,8,9976
delta_refusal,8,11119
delta_refusal,8,11495
delta_refusal,8,11845
delta_refusal,8,12749
delta_refusal,8,13618
delta_refusal,8,13766
delta_refusal,9,25
delta_refusal,9,153
delta_refusal,9,802
delta_refusal,9,959
delta_refusal,9,963
delta_refusal,9,1153
delta_refusal,9,1355
delta_refusal,9,1622
delta_refusal,9,2579
delta_refusal,9,2612
delta_refusal,9,2852
delta_refusal,9,3156
delta_refusal,9,3200
delta_refusal,9,3441
delta_refusal,9,3764
delta_refusal,9,4013
delta_refusal,9,4434
delta_refusal,9,4597
delta_refusal,9,4737
delta_refusal,9,4836
delta_refusal,9,5143
delta_refusal,9,5523
delta_refusal,9,5767
delta_refusal,9,6724
delta_refusal,9,7363
delta_refusal,9,7601
delta_refusal,9,8177
delta_refusal,9,8692
delta_refusal,9,9539
delta_refusal,9,9571
delta_refusal,9,9799
delta_refusal,9,10529
delta_refusal,9,10759
delta_refusal,9,10838
delta_refusal,9,11009
delta_refusal,9,11076
delta_refusal,9,11372
delta_refusal,9,11502
delta_refusal,9,11723
delta_refusal,9,11856
delta_refusal,9,12312
delta_refusal,9,12375
delta_refusal,9,12586
delta_refusal,9,12724
delta_refusal,9,12804
delta_refusal,9,12986
delta_refusal,9,13233
delta_refusal,9,13402
delta_refusal,9,13631
delta_refusal,9,13710
delta_refusal,9,14154
delta_refusal,9,14311
delta_refusal,10,349
delta_refusal,10,387
delta_refusal,10,452
delta_refusal,10,534
delta_refusal,10,853
delta_refusal,10,883
delta_refusal,10,1084
delta_refusal,10,1314
delta_refusal,10,1573
delta_refusal,10,1669
delta_refusal,10,1676
delta_refusal,10,1859
delta_refusal,10,2437
delta_refusal,10,2793
delta_refusal,10,3204
delta_refusal,10,3609
delta_refusal,10,3640
delta_refusal,10,3727
delta_refusal,10,4016
delta_refusal,10,4071
delta_refusal,10,4289
delta_refusal,10,4542
delta_refusal,10,4582
delta_refusal,10,4691
delta_refusal,10,4734
delta_refusal,10,4789
delta_refusal,10,4962
delta_refusal,10,4978
delta_refusal,10,5258
delta_refusal,10,5286
delta_refusal,10,5767
delta_refusal,10,5850
delta_refusal,10,6096
delta_refusal,10,6212
delta_refusal,10,6281
delta_refusal,10,6318
delta_refusal,10,6526
delta_refusal,10,6949
delta_refusal,10,7033
delta_refusal,10,7231
delta_refusal,10,7483
delta_refusal,10,7653
delta_refusal,10,8144
delta_refusal,10,8322
delta_refusal,10,8411
delta_refusal,10,8868
delta_refusal,10,9293
delta_refusal,10,9322
delta_refusal,10,9468
delta_refusal,10,9501
delta_refusal,10,9586
delta_refusal,10,9926
delta_refusal,10,9984
delta_refusal,10,10188
delta_refusal,10,10274
delta_refusal,10,10386
delta_refusal,10,10474
delta_refusal,10,11097
delta_refusal,10,11188
delta_refusal,10,11401
delta_refusal,10,11416
delta_refusal,10,11874
delta_refusal,10,12073
delta_refusal,10,12267
delta_refusal,10,12338
delta_refusal,10,12509
delta_refusal,10,12513
delta_refusal,10,12622
delta_refusal,10,12834
delta_refusal,10,12949
delta_refusal,10,13210
delta_refusal,10,13465
delta_refusal,10,13557
delta_refusal,10,14224
delta_refusal,10,14292
delta_refusal,11,245
delta_refusal,11,260
delta_refusal,11,432
delta_refusal,11,499
delta_refusal,11,606
delta_refusal,11,722
delta_refusal,11,1335
delta_refusal,11,1358
delta_refusal,11,1363
delta_refusal,11,1502
delta_refusal,11,1526
delta_refusal,11,1701
delta_refusal,11,1789
delta_refusal,11,1791
delta_refusal,11,1820
delta_refusal,11,1968
delta_refusal,11,2092
delta_refusal,11,2197
delta_refusal,11,2458
delta_refusal,11,2515
delta_refusal,11,2532
delta_refusal,11,2834
delta_refusal,11,2838
delta_refusal,11,2871
delta_refusal,11,2903
delta_refusal,11,2998
delta_refusal,11,3127
delta_refusal,11,3130
delta_refusal,11,3306
delta_refusal,11,3373
delta_refusal,11,3600
delta_refusal,11,3787
delta_refusal,11,3795
delta_refusal,11,3817
delta_refusal,11,3841
delta_refusal,11,3915
delta_refusal,11,3969
delta_refusal,11,4032
delta_refusal,11,4085
delta_refusal,11,4110
delta_refusal,11,4146
delta_refusal,11,4173
delta_refusal,11,4181
delta_refusal,11,4258
delta_refusal,11,4370
delta_refusal,11,4481
delta_refusal,11,4526
delta_refusal,11,4630
delta_refusal,11,4829
delta_refusal,11,4901
delta_refusal,11,5024
delta_refusal,11,5147
delta_refusal,11,5183
delta_refusal,11,5306
delta_refusal,11,5426
delta_refusal,11,5515
delta_refusal,11,5605
delta_refusal,11,5657
delta_refusal,11,5659
delta_refusal,11,5891
delta_refusal,11,6019
delta_refusal,11,6151
delta_refusal,11,6158
delta_refusal,11,6321
delta_refusal,11,6576
delta_refusal,11,6671
delta_refusal,11,6737
delta_refusal,11,6786
delta_refusal,11,6821
delta_refusal,11,6863
delta_refusal,11,7119
delta_refusal,11,7229
delta_refusal,11,7366
delta_refusal,11,7382
delta_refusal,11,7420
delta_refusal,11,7476
delta_refusal,11,7672
delta_refusal,11,7674
delta_refusal,11,7761
delta_refusal,11,7922
delta_refusal,11,7942
delta_refusal,11,8000
delta_refusal,11,8011
delta_refusal,11,8087
delta_refusal,11,8119
delta_refusal,11,8208
delta_refusal,11,8405
delta_refusal,11,8446
delta_refusal,11,8529
delta_refusal,11,9223
delta_refusal,11,9268
delta_refusal,11,9691
delta_refusal,11,9739
delta_refusal,11,9743
delta_refusal,11,9781
delta_refusal,11,9948
delta_refusal,11,9982
delta_refusal,11,10032
delta_refusal,11,10069
delta_refusal,11,10098
delta_refusal,11,10274
delta_refusal,11,10294
delta_refusal,11,10296
delta_refusal,11,10393
delta_refusal,11,10424
delta_refusal,11,10431
delta_refusal,11,10502
delta_refusal,11,10685
delta_refusal,11,10719
delta_refusal,11,10753
delta_refusal,11,10961
delta_refusal,11,11147
delta_refusal,11,11167
delta_refusal,11,11418
delta_refusal,11,11730
delta_refusal,11,11950
delta_refusal,11,12056
delta_refusal,11,12141
delta_refusal,11,12239
delta_refusal,11,12292
delta_refusal,11,12345
delta_refusal,11,12353
delta_refusal,11,12356
delta_refusal,11,12649
delta_refusal,11,12668
delta_refusal,11,12733
delta_refusal,11,13135
delta_refusal,11,13237
delta_refusal,11,13241
delta_refusal,11,13313
delta_refusal,11,13331
delta_refusal,11,13358
delta_refusal,11,13458
delta_refusal,11,13638
delta_refusal,11,13673
delta_refusal,11,13675
delta_refusal,11,13926
delta_refusal,11,13978
delta_refusal,11,14034
delta_refusal,12,86
delta_refusal,12,180
delta_refusal,12,233
delta_refusal,12,286
delta_refusal,12,364
delta_refusal,12,531
delta_refusal,12,533
delta_refusal,12,678
delta_refusal,12,679
delta_refusal,12,693
delta_refusal,12,734
delta_refusal,12,787
delta_refusal,12,875
delta_refusal,12,924
delta_refusal,12,964
delta_refusal,12,1022
delta_refusal,12,1171
delta_refusal,12,1249
delta_refusal,12,1411
delta_refusal,12,1532
delta_refusal,12,1559
delta_refusal,12,1663
delta_refusal,12,1728
delta_refusal,12,1787
delta_refusal,12,1843
delta_refusal,12,1862
delta_refusal,12,1889
delta_refusal,12,1926
delta_refusal,12,2077
delta_refusal,12,2112
delta_refusal,12,2187
delta_refusal,12,2243
delta_refusal,12,2272
delta_refusal,12,2328
delta_refusal,12,2529
delta_refusal,12,2636
delta_refusal,12,2691
delta_refusal,12,2713
delta_refusal,12,2722
delta_refusal,12,2896
delta_refusal,12,2948
delta_refusal,12,3060
delta_refusal,12,3063
delta_refusal,12,3064
delta_refusal,12,3129
delta_refusal,12,3184
delta_refusal,12,3236
delta_refusal,12,3270
delta_refusal,12,3334
delta_refusal,12,3424
delta_refusal,12,3494
delta_refusal,12,3501
delta_refusal,12,3560
delta_refusal,12,3601
delta_refusal,12,3609
delta_refusal,12,3617
delta_refusal,12,3740
delta_refusal,12,3922
delta_refusal,12,3967
delta_refusal,12,3982
delta_refusal,12,4010
delta_refusal,12,4023
delta_refusal,12,4117
delta_refusal,12,4187
delta_refusal,12,4200
delta_refusal,12,4231
delta_refusal,12,4319
delta_refusal,12,4428
delta_refusal,12,4464
delta_refusal,12,4498
delta_refusal,12,4742
delta_refusal,12,4821
delta_refusal,12,4833
delta_refusal,12,4934
delta_refusal,12,4963
delta_refusal,12,5047
delta_refusal,12,5160
delta_refusal,12,5178
delta_refusal,12,5256
delta_refusal,12,5297
delta_refusal,12,5319
delta_refusal,12,5338
delta_refusal,12,5399
delta_refusal,12,5447
delta_refusal,12,5570
delta_refusal,12,5607
delta_refusal,12,5749
delta_refusal,12,5857
delta_refusal,12,5925
delta_refusal,12,5941
delta_refusal,12,6057
delta_refusal,12,6096
delta_refusal,12,6119
delta_refusal,12,6170
delta_refusal,12,6262
delta_refusal,12,6278
delta_refusal,12,6388
delta_refusal,12,6882
delta_refusal,12,6887
delta_refusal,12,6991
delta_refusal,12,7114
delta_refusal,12,7197
delta_refusal,12,7215
delta_refusal,12,7288
delta_refusal,12,7342
delta_refusal,12,7382
delta_refusal,12,7419
delta_refusal,12,7421
delta_refusal,12,7503
delta_refusal,12,7625
delta_refusal,12,7832
delta_refusal,12,7872
delta_refusal,12,7882
delta_refusal,12,7941
delta_refusal,12,7995
delta_refusal,12,8004
delta_refusal,12,8029
delta_refusal,12,8047
delta_refusal,12,8181
delta_refusal,12,8197
delta_refusal,12,8243
delta_refusal,12,8370
delta_refusal,12,8385
delta_refusal,12,8437
delta_refusal,12,8459
delta_refusal,12,8512
delta_refusal,12,8633
delta_refusal,12,8666
delta_refusal,12,8723
delta_refusal,12,8743
delta_refusal,12,8845
delta_refusal,12,9074
delta_refusal,12,9274
delta_refusal,12,9290
delta_refusal,12,9319
delta_refusal,12,9432
delta_refusal,12,9454
delta_refusal,12,9533
delta_refusal,12,9561
delta_refusal,12,9657
delta_refusal,12,9700
delta_refusal,12,9704
delta_refusal,12,9795
delta_refusal,12,9819
delta_refusal,12,9945
delta_refusal,12,9966
delta_refusal,12,10059
delta_refusal,12,10060
delta_refusal,12,10085
delta_refusal,12,10286
delta_refusal,12,10435
delta_refusal,12,10446
delta_refusal,12,10568
delta_refusal,12,10570
delta_refusal,12,10708
delta_refusal,12,10854
delta_refusal,12,10867
delta_refusal,12,10907
delta_refusal,12,11159
delta_refusal,12,11229
delta_refusal,12,11237
delta_refusal,12,11262
delta_refusal,12,11278
delta_refusal,12,11481
delta_refusal,12,11506
delta_refusal,12,11551
delta_refusal,12,11764
delta_refusal,12,12043
delta_refusal,12,12101
delta_refusal,12,12131
delta_refusal,12,12383
delta_refusal,12,12559
delta_refusal,12,12565
delta_refusal,12,12797
delta_refusal,12,12909
delta_refusal,12,12916
delta_refusal,12,12991
delta_refusal,12,13098
delta_refusal,12,13113
delta_refusal,12,13189
delta_refusal,12,13291
delta_refusal,12,13323
delta_refusal,12,13336
delta_refusal,12,13369
delta_refusal,12,13592
delta_refusal,12,13603
delta_refusal,12,13868
delta_refusal,12,13941
delta_refusal,12,13953
delta_refusal,12,14300
delta_refusal,12,14310
delta_refusal,13,16
delta_refusal,13,157
delta_refusal,13,166
delta_refusal,13,205
delta_refusal,13,366
delta_refusal,13,373
delta_refusal,13,518
delta_refusal,13,535
delta_refusal,13,552
delta_refusal,13,595
delta_refusal,13,605
delta_refusal,13,677
delta_refusal,13,729
delta_refusal,13,756
delta_refusal,13,841
delta_refusal,13,853
delta_refusal,13,964
delta_refusal,13,975
delta_refusal,13,1009
delta_refusal,13,1010
delta_refusal,13,1033
delta_refusal,13,1170
delta_refusal,13,1184
delta_refusal,13,1200
delta_refusal,13,1202
delta_refusal,13,1241
delta_refusal,13,1274
delta_refusal,13,1305
delta_refusal,13,1341
delta_refusal,13,1342
delta_refusal,13,1362
delta_refusal,13,1581
delta_refusal,13,1679
delta_refusal,13,1765
delta_refusal,13,1781
delta_refusal,13,1811
delta_refusal,13,1830
delta_refusal,13,1883
delta_refusal,13,1914
delta_refusal,13,1915
delta_refusal,13,1920
delta_refusal,13,1922
delta_refusal,13,1924
delta_refusal,13,1983
delta_refusal,13,1990
delta_refusal,13,1994
delta_refusal,13,2003
delta_refusal,13,2004
delta_refusal,13,2034
delta_refusal,13,2036
delta_refusal,13,2057
delta_refusal,13,2089
delta_refusal,13,2092
delta_refusal,13,2095
delta_refusal,13,2107
delta_refusal,13,2127
delta_refusal,13,2155
delta_refusal,13,2360
delta_refusal,13,2376
delta_refusal,13,2402
delta_refusal,13,2419
delta_refusal,13,2425
delta_refusal,13,2507
delta_refusal,13,2544
delta_refusal,13,2612
delta_refusal,13,2695
delta_refusal,13,2727
delta_refusal,13,2852
delta_refusal,13,2885
delta_refusal,13,2946
delta_refusal,13,3095
delta_refusal,13,3211
delta_refusal,13,3271
delta_refusal,13,3286
delta_refusal,13,3292
delta_refusal,13,3553
delta_refusal,13,3611
delta_refusal,13,3640
delta_refusal,13,3664
delta_refusal,13,3677
delta_refusal,13,3702
delta_refusal,13,3714
delta_refusal,13,3753
delta_refusal,13,3808
delta_refusal,13,3816
delta_refusal,13,3840
delta_refusal,13,3898
delta_refusal,13,3930
delta_refusal,13,3931
delta_refusal,13,3950
delta_refusal,13,3978
delta_refusal,13,4083
delta_refusal,13,4099
delta_refusal,13,4149
delta_refusal,13,4231
delta_refusal,13,4257
delta_refusal,13,4266
delta_refusal,13,4340
delta_refusal,13,4428
delta_refusal,13,4446
delta_refusal,13,4511
delta_refusal,13,4597
delta_refusal,13,4672
delta_refusal,13,4694
delta_refusal,13,4721
delta_refusal,13,4740
delta_refusal,13,4811
delta_refusal,13,4970
delta_refusal,13,5096
delta_refusal,13,5120
delta_refusal,13,5148
delta_refusal,13,5157
delta_refusal,13,5165
delta_refusal,13,5196
delta_refusal,13,5231
delta_refusal,13,5318
delta_refusal,13,5383
delta_refusal,13,5435
delta_refusal,13,5500
delta_refusal,13,5519
delta_refusal,13,5520
delta_refusal,13,5534
delta_refusal,13,5570
delta_refusal,13,5588
delta_refusal,13,5748
delta_refusal,13,5808
delta_refusal,13,5835
delta_refusal,13,5863
delta_refusal,13,5868
delta_refusal,13,5895
delta_refusal,13,5906
delta_refusal,13,5942
delta_refusal,13,5971
delta_refusal,13,6037
delta_refusal,13,6235
delta_refusal,13,6295
delta_refusal,13,6384
delta_refusal,13,6446
delta_refusal,13,6471
delta_refusal,13,6551
delta_refusal,13,6640
delta_refusal,13,6714
delta_refusal,13,6746
delta_refusal,13,6756
delta_refusal,13,6824
delta_refusal,13,6831
delta_refusal,13,6873
delta_refusal,13,6902
delta_refusal,13,6949
delta_refusal,13,6978
delta_refusal,13,7016
delta_refusal,13,7104
delta_refusal,13,7107
delta_refusal,13,7208
delta_refusal,13,7239
delta_refusal,13,7261
delta_refusal,13,7369
delta_refusal,13,7426
delta_refusal,13,7428
delta_refusal,13,7429
delta_refusal,13,7459
delta_refusal,13,7516
delta_refusal,13,7525
delta_refusal,13,7538
delta_refusal,13,7631
delta_refusal,13,7653
delta_refusal,13,7766
delta_refusal,13,7773
delta_refusal,13,7778
delta_refusal,13,7791
delta_refusal,13,7813
delta_refusal,13,7873
delta_refusal,13,7933
delta_refusal,13,8041
delta_refusal,13,8155
delta_refusal,13,8190
delta_refusal,13,8209
delta_refusal,13,8216
delta_refusal,13,8243
delta_refusal,13,8310
delta_refusal,13,8349
delta_refusal,13,8395
delta_refusal,13,8440
delta_refusal,13,8468
delta_refusal,13,8496
delta_refusal,13,8582
delta_refusal,13,8589
delta_refusal,13,8629
delta_refusal,13,8662
delta_refusal,13,8670
delta_refusal,13,8720
delta_refusal,13,8982
delta_refusal,13,9009
delta_refusal,13,9040
delta_refusal,13,9251
delta_refusal,13,9272
delta_refusal,13,9329
delta_refusal,13,9402
delta_refusal,13,9454
delta_refusal,13,9572
delta_refusal,13,9713
delta_refusal,13,9754
delta_refusal,13,9773
delta_refusal,13,9780
delta_refusal,13,9893
delta_refusal,13,9932
delta_refusal,13,9947
delta_refusal,13,9966
delta_refusal,13,10064
delta_refusal,13,10151
delta_refusal,13,10176
delta_refusal,13,10179
delta_refusal,13,10208
delta_refusal,13,10217
delta_refusal,13,10283
delta_refusal,13,10314
delta_refusal,13,10343
delta_refusal,13,10360
delta_refusal,13,10419
delta_refusal,13,10443
delta_refusal,13,10470
delta_refusal,13,10474
delta_refusal,13,10626
delta_refusal,13,10712
delta_refusal,13,10776
delta_refusal,13,10794
delta_refusal,13,10802
delta_refusal,13,10918
delta_refusal,13,10954
delta_refusal,13,10971
delta_refusal,13,10988
delta_refusal,13,11024
delta_refusal,13,11027
delta_refusal,13,11035
delta_refusal,13,11124
delta_refusal,13,11390
delta_refusal,13,11412
delta_refusal,13,11472
delta_refusal,13,11484
delta_refusal,13,11575
delta_refusal,13,11584
delta_refusal,13,11628
delta_refusal,13,11800
delta_refusal,13,11839
delta_refusal,13,11924
delta_refusal,13,12049
delta_refusal,13,12242
delta_refusal,13,12258
delta_refusal,13,12293
delta_refusal,13,12336
delta_refusal,13,12408
delta_refusal,13,12419
delta_refusal,13,12561
delta_refusal,13,12570
delta_refusal,13,12581
delta_refusal,13,12617
delta_refusal,13,12679
delta_refusal,13,12720
delta_refusal,13,12726
delta_refusal,13,12731
delta_refusal,13,12830
delta_refusal,13,12855
delta_refusal,13,12866
delta_refusal,13,12933
delta_refusal,13,12936
delta_refusal,13,13040
delta_refusal,13,13201
delta_refusal,13,13283
delta_refusal,13,13293
delta_refusal,13,13362
delta_refusal,13,13427
delta_refusal,13,13502
delta_refusal,13,13633
delta_refusal,13,13652
delta_refusal,13,13713
delta_refusal,13,13743
delta_refusal,13,13866
delta_refusal,13,13877
delta_refusal,13,13879
delta_refusal,13,13894
delta_refusal,13,13941
delta_refusal,13,14048
delta_refusal,13,14066
delta_refusal,13,14096
delta_refusal,13,14102
delta_refusal,13,14191
delta_refusal,13,14208
delta_refusal,13,14288
delta_refusal,14,5
delta_refusal,14,8
delta_refusal,14,78
delta_refusal,14,82
delta_refusal,14,83
delta_refusal,14,92
delta_refusal,14,133
delta_refusal,14,203
delta_refusal,14,226
delta_refusal,14,366
delta_refusal,14,457
delta_refusal,14,475
delta_refusal,14,476
delta_refusal,14,505
delta_refusal,14,537
delta_refusal,14,545
delta_refusal,14,590
delta_refusal,14,600
delta_refusal,14,714
delta_refusal,14,748
delta_refusal,14,780
delta_refusal,14,795
delta_refusal,14,807
delta_refusal,14,929
delta_refusal,14,957
delta_refusal,14,1011
delta_refusal,14,1143
delta_refusal,14,1212
delta_refusal,14,1389
delta_refusal,14,1406
delta_refusal,14,1441
delta_refusal,14,1464
delta_refusal,14,1469
delta_refusal,14,1522
delta_refusal,14,1559
delta_refusal,14,1568
delta_refusal,14,1618
delta_refusal,14,1693
delta_refusal,14,1695
delta_refusal,14,1726
delta_refusal,14,1756
delta_refusal,14,1771
delta_refusal,14,1773
delta_refusal,14,2161
delta_refusal,14,2228
delta_refusal,14,2240
delta_refusal,14,2245
delta_refusal,14,2273
delta_refusal,14,2413
delta_refusal,14,2458
delta_refusal,14,2604
delta_refusal,14,2679
delta_refusal,14,2702
delta_refusal,14,2708
delta_refusal,14,2753
delta_refusal,14,2862
delta_refusal,14,2913
delta_refusal,14,2984
delta_refusal,14,2992
delta_refusal,14,3001
delta_refusal,14,3044
delta_refusal,14,3049
delta_refusal,14,3152
delta_refusal,14,3171
delta_refusal,14,3188
delta_refusal,14,3223
delta_refusal,14,3312
delta_refusal,14,3318
delta_refusal,14,3444
delta_refusal,14,3474
delta_refusal,14,3507
delta_refusal,14,3627
delta_refusal,14,3677
delta_refusal,14,3704
delta_refusal,14,3867
delta_refusal,14,3917
delta_refusal,14,3940
delta_refusal,14,4142
delta_refusal,14,4170
delta_refusal,14,4173
delta_refusal,14,4269
delta_refusal,14,4373
delta_refusal,14,4388
delta_refusal,14,4406
delta_refusal,14,4420
delta_refusal,14,4484
delta_refusal,14,4489
delta_refusal,14,4536
delta_refusal,14,4538
delta_refusal,14,4564
delta_refusal,14,4589
delta_refusal,14,4608
delta_refusal,14,4815
delta_refusal,14,4823
delta_refusal,14,5056
delta_refusal,14,5063
delta_refusal,14,5112
delta_refusal,14,5206
delta_refusal,14,5406
delta_refusal,14,5444
delta_refusal,14,5450
delta_refusal,14,5469
delta_refusal,14,5492
delta_refusal,14,5574
delta_refusal,14,5588
delta_refusal,14,5615
delta_refusal,14,5629
delta_refusal,14,5630
delta_refusal,14,5662
delta_refusal,14,5670
delta_refusal,14,5707
delta_refusal,14,5718
delta_refusal,14,5728
delta_refusal,14,5749
delta_refusal,14,5848
delta_refusal,14,5849
delta_refusal,14,5892
delta_refusal,14,5970
delta_refusal,14,5987
delta_refusal,14,6070
delta_refusal,14,6095
delta_refusal,14,6138
delta_refusal,14,6245
delta_refusal,14,6368
delta_refusal,14,6384
delta_refusal,14,6460
delta_refusal,14,6476
delta_refusal,14,6542
delta_refusal,14,6600
delta_refusal,14,6638
delta_refusal,14,6673
delta_refusal,14,6674
delta_refusal,14,6754
delta_refusal,14,6929
delta_refusal,14,6974
delta_refusal,14,7050
delta_refusal,14,7054
delta_refusal,14,7084
delta_refusal,14,7166
delta_refusal,14,7304
delta_refusal,14,7419
delta_refusal,14,7534
delta_refusal,14,7538
delta_refusal,14,7585
delta_refusal,14,7608
delta_refusal,14,7648
delta_refusal,14,7682
delta_refusal,14,7691
delta_refusal,14,7810
delta_refusal,14,7817
delta_refusal,14,7939
delta_refusal,14,7961
delta_refusal,14,8006
delta_refusal,14,8090
delta_refusal,14,8114
delta_refusal,14,8143
delta_refusal,14,8148
delta_refusal,14,8170
delta_refusal,14,8182
delta_refusal,14,8192
delta_refusal,14,8258
delta_refusal,14,8268
delta_refusal,14,8419
delta_refusal,14,8492
delta_refusal,14,8561
delta_refusal,14,8666
delta_refusal,14,8684
delta_refusal,14,8700
delta_refusal,14,8732
delta_refusal,14,8738
delta_refusal,14,8758
delta_refusal,14,8873
delta_refusal,14,8951
delta_refusal,14,8955
delta_refusal,14,9002
delta_refusal,14,9043
delta_refusal,14,9105
delta_refusal,14,9135
delta_refusal,14,9166
delta_refusal,14,9179
delta_refusal,14,9191
delta_refusal,14,9287
delta_refusal,14,9331
delta_refusal,14,9458
delta_refusal,14,9479
delta_refusal,14,9669
delta_refusal,14,9673
delta_refusal,14,9748
delta_refusal,14,9769
delta_refusal,14,9772
delta_refusal,14,9876
delta_refusal,14,9878
delta_refusal,14,9895
delta_refusal,14,10030
delta_refusal,14,10040
delta_refusal,14,10041
delta_refusal,14,10076
delta_refusal,14,10086
delta_refusal,14,10117
delta_refusal,14,10180
delta_refusal,14,10186
delta_refusal,14,10228
delta_refusal,14,10256
delta_refusal,14,10382
delta_refusal,14,10507
delta_refusal,14,10536
delta_refusal,14,10572
delta_refusal,14,10662
delta_refusal,14,10729
delta_refusal,14,10752
delta_refusal,14,10798
delta_refusal,14,10861
delta_refusal,14,10866
delta_refusal,14,10884
delta_refusal,14,10946
delta_refusal,14,10974
delta_refusal,14,11016
delta_refusal,14,11045
delta_refusal,14,11101
delta_refusal,14,11121
delta_refusal,14,11138
delta_refusal,14,11139
delta_refusal,14,11261
delta_refusal,14,11264
delta_refusal,14,11273
delta_refusal,14,11274
delta_refusal,14,11321
delta_refusal,14,11326
delta_refusal,14,11361
delta_refusal,14,11385
delta_refusal,14,11387
delta_refusal,14,11391
delta_refusal,14,11416
delta_refusal,14,11471
delta_refusal,14,11604
delta_refusal,14,11637
delta_refusal,14,11723
delta_refusal,14,11800
delta_refusal,14,11884
delta_refusal,14,11929
delta_refusal,14,11932
delta_refusal,14,11945
delta_refusal,14,11949
delta_refusal,14,11968
delta_refusal,14,11973
delta_refusal,14,12008
delta_refusal,14,12112
delta_refusal,14,12197
delta_refusal,14,12234
delta_refusal,14,12244
delta_refusal,14,12296
delta_refusal,14,12461
delta_refusal,14,12482
delta_refusal,14,12593
delta_refusal,14,12639
delta_refusal,14,12644
delta_refusal,14,12677
delta_refusal,14,12750
delta_refusal,14,12950
delta_refusal,14,12961
delta_refusal,14,13175
delta_refusal,14,13221
delta_refusal,14,13245
delta_refusal,14,13335
delta_refusal,14,13482
delta_refusal,14,13503
delta_refusal,14,13550
delta_refusal,14,13723
delta_refusal,14,13757
delta_refusal,14,13811
delta_refusal,14,13892
delta_refusal,14,13988
delta_refusal,14,14221
delta_refusal,14,14223
delta_refusal,15,76
delta_refusal,15,124
delta_refusal,15,183
delta_refusal,15,204
delta_refusal,15,225
delta_refusal,15,284
delta_refusal,15,315
delta_refusal,15,326
delta_refusal,15,344
delta_refusal,15,361
delta_refusal,15,454
delta_refusal,15,573
delta_refusal,15,578
delta_refusal,15,617
delta_refusal,15,627
delta_refusal,15,631
delta_refusal,15,749
delta_refusal,15,783
delta_refusal,15,890
delta_refusal,15,973
delta_refusal,15,980
delta_refusal,15,1017
delta_refusal,15,1026
delta_refusal,15,1128
delta_refusal,15,1146
delta_refusal,15,1239
delta_refusal,15,1299
delta_refusal,15,1312
delta_refusal,15,1388
delta_refusal,15,1441
delta_refusal,15,1444
delta_refusal,15,1678
delta_refusal,15,1873
delta_refusal,15,2058
delta_refusal,15,2172
delta_refusal,15,2197
delta_refusal,15,2217
delta_refusal,15,2219
delta_refusal,15,2343
delta_refusal,15,2370
delta_refusal,15,2466
delta_refusal,15,2572
delta_refusal,15,2645
delta_refusal,15,2647
delta_refusal,15,2666
delta_refusal,15,2701
delta_refusal,15,2708
delta_refusal,15,2726
delta_refusal,15,2744
delta_refusal,15,2777
delta_refusal,15,2938
delta_refusal,15,2940
delta_refusal,15,3040
delta_refusal,15,3047
delta_refusal,15,3128
delta_refusal,15,3168
delta_refusal,15,3176
delta_refusal,15,3280
delta_refusal,15,3346
delta_refusal,15,3427
delta_refusal,15,3432
delta_refusal,15,3443
delta_refusal,15,3449
delta_refusal,15,3450
delta_refusal,15,3536
delta_refusal,15,3544
delta_refusal,15,3580
delta_refusal,15,3732
delta_refusal,15,3753
delta_refusal,15,3806
delta_refusal,15,3808
delta_refusal,15,3816
delta_refusal,15,3855
delta_refusal,15,3935
delta_refusal,15,3956
delta_refusal,15,3975
delta_refusal,15,4066
delta_refusal,15,4095
delta_refusal,15,4141
delta_refusal,15,4243
delta_refusal,15,4309
delta_refusal,15,4319
delta_refusal,15,4368
delta_refusal,15,4456
delta_refusal,15,4468
delta_refusal,15,4485
delta_refusal,15,4525
delta_refusal,15,4578
delta_refusal,15,4584
delta_refusal,15,4739
delta_refusal,15,4779
delta_refusal,15,4782
delta_refusal,15,4907
delta_refusal,15,4946
delta_refusal,15,5009
delta_refusal,15,5080
delta_refusal,15,5149
delta_refusal,15,5243
delta_refusal,15,5275
delta_refusal,15,5352
delta_refusal,15,5393
delta_refusal,15,5488
delta_refusal,15,5508
delta_refusal,15,5555
delta_refusal,15,5612
delta_refusal,15,5635
delta_refusal,15,5724
delta_refusal,15,5794
delta_refusal,15,5839
delta_refusal,15,5875
delta_refusal,15,5887
delta_refusal,15,6007
delta_refusal,15,6032
delta_refusal,15,6069
delta_refusal,15,6122
delta_refusal,15,6172
delta_refusal,15,6210
delta_refusal,15,6215
delta_refusal,15,6258
delta_refusal,15,6263
delta_refusal,15,6379
delta_refusal,15,6387
delta_refusal,15,6414
delta_refusal,15,6490
delta_refusal,15,6809
delta_refusal,15,6853
delta_refusal,15,6885
delta_refusal,15,6886
delta_refusal,15,6926
delta_refusal,15,7041
delta_refusal,15,7062
delta_refusal,15,7104
delta_refusal,15,7188
delta_refusal,15,7228
delta_refusal,15,7312
delta_refusal,15,7333
delta_refusal,15,7361
delta_refusal,15,7423
delta_refusal,15,7441
delta_refusal,15,7732
delta_refusal,15,7784
delta_refusal,15,7807
delta_refusal,15,7922
delta_refusal,15,7925
delta_refusal,15,7951
delta_refusal,15,8077
delta_refusal,15,8085
delta_refusal,15,8103
delta_refusal,15,8110
delta_refusal,15,8253
delta_refusal,15,8261
delta_refusal,15,8317
delta_refusal,15,8329
delta_refusal,15,8343
delta_refusal,15,8354
delta_refusal,15,8390
delta_refusal,15,8599
delta_refusal,15,8634
delta_refusal,15,8662
delta_refusal,15,8778
delta_refusal,15,8933
delta_refusal,15,8938
delta_refusal,15,8950
delta_refusal,15,8979
delta_refusal,15,8987
delta_refusal,15,8993
delta_refusal,15,9000
delta_refusal,15,9113
delta_refusal,15,9212
delta_refusal,15,9232
delta_refusal,15,9321
delta_refusal,15,9361
delta_refusal,15,9375
delta_refusal,15,9388
delta_refusal,15,9514
delta_refusal,15,9597
delta_refusal,15,9635
delta_refusal,15,9641
delta_refusal,15,9683
delta_refusal,15,9826
delta_refusal,15,9851
delta_refusal,15,9921
delta_refusal,15,9937
delta_refusal,15,9943
delta_refusal,15,9949
delta_refusal,15,9950
delta_refusal,15,10015
delta_refusal,15,10024
delta_refusal,15,10205
delta_refusal,15,10235
delta_refusal,15,10276
delta_refusal,15,10541
delta_refusal,15,10568
delta_refusal,15,10673
delta_refusal,15,10746
delta_refusal,15,10835
delta_refusal,15,10859
delta_refusal,15,10886
delta_refusal,15,10892
delta_refusal,15,10934
delta_refusal,15,10956
delta_refusal,15,10988
delta_refusal,15,11068
delta_refusal,15,11095
delta_refusal,15,11101
delta_refusal,15,11363
delta_refusal,15,11530
delta_refusal,15,11536
delta_refusal,15,11561
delta_refusal,15,11692
delta_refusal,15,11695
delta_refusal,15,11808
delta_refusal,15,11841
delta_refusal,15,11855
delta_refusal,15,11934
delta_refusal,15,12000
delta_refusal,15,12098
delta_refusal,15,12126
delta_refusal,15,12142
delta_refusal,15,12207
delta_refusal,15,12215
delta_refusal,15,12354
delta_refusal,15,12397
delta_refusal,15,12407
delta_refusal,15,12427
delta_refusal,15,12471
delta_refusal,15,12534
delta_refusal,15,12586
delta_refusal,15,12663
delta_refusal,15,12676
delta_refusal,15,12714
delta_refusal,15,12753
delta_refusal,15,12757
delta_refusal,15,12758
delta_refusal,15,12802
delta_refusal,15,12824
delta_refusal,15,12896
delta_refusal,15,12942
delta_refusal,15,12952
delta_refusal,15,12983
delta_refusal,15,13034
delta_refusal,15,13039
delta_refusal,15,13066
delta_refusal,15,13076
delta_refusal,15,13132
delta_refusal,15,13303
delta_refusal,15,13319
delta_refusal,15,13333
delta_refusal,15,13403
delta_refusal,15,13459
delta_refusal,15,13518
delta_refusal,15,13607
delta_refusal,15,13615
delta_refusal,15,13962
delta_refusal,15,13986
delta_refusal,15,13990
delta_refusal,15,14055
delta_refusal,15,14067
delta_refusal,15,14072
delta_refusal,15,14132
delta_refusal,15,14139
delta_refusal,15,14140
delta_refusal,15,14209
delta_refusal,15,14212
delta_refusal,15,14262
delta_refusal,15,14296
delta_refusal,15,14306
delta_refusal,16,18
delta_refusal,16,20
delta_refusal,16,71
delta_refusal,16,83
delta_refusal,16,158
delta_refusal,16,217
delta_refusal,16,225
delta_refusal,16,331
delta_refusal,16,365
delta_refusal,16,370
delta_refusal,16,429
delta_refusal,16,451
delta_refusal,16,458
delta_refusal,16,651
delta_refusal,16,663
delta_refusal,16,718
delta_refusal,16,737
delta_refusal,16,746
delta_refusal,16,757
delta_refusal,16,825
delta_refusal,16,864
delta_refusal,16,867
delta_refusal,16,885
delta_refusal,16,1066
delta_refusal,16,1149
delta_refusal,16,1232
delta_refusal,16,1345
delta_refusal,16,1384
delta_refusal,16,1423
delta_refusal,16,1497
delta_refusal,16,1703
delta_refusal,16,1760
delta_refusal,16,1783
delta_refusal,16,1876
delta_refusal,16,1929
delta_refusal,16,2130
delta_refusal,16,2194
delta_refusal,16,2342
delta_refusal,16,2382
delta_refusal,16,2399
delta_refusal,16,2512
delta_refusal,16,2616
delta_refusal,16,2707
delta_refusal,16,2743
delta_refusal,16,2756
delta_refusal,16,2781
delta_refusal,16,2783
delta_refusal,16,2861
delta_refusal,16,2939
delta_refusal,16,3038
delta_refusal,16,3100
delta_refusal,16,3128
delta_refusal,16,3132
delta_refusal,16,3173
delta_refusal,16,3224
delta_refusal,16,3316
delta_refusal,16,3350
delta_refusal,16,3357
delta_refusal,16,3539
delta_refusal,16,3579
delta_refusal,16,3697
delta_refusal,16,3727
delta_refusal,16,3743
delta_refusal,16,3806
delta_refusal,16,3821
delta_refusal,16,3826
delta_refusal,16,3898
delta_refusal,16,4052
delta_refusal,16,4175
delta_refusal,16,4247
delta_refusal,16,4259
delta_refusal,16,4297
delta_refusal,16,4400
delta_refusal,16,4441
delta_refusal,16,4447
delta_refusal,16,4515
delta_refusal,16,4539
delta_refusal,16,4723
delta_refusal,16,4918
delta_refusal,16,4925
delta_refusal,16,4929
delta_refusal,16,4935
delta_refusal,16,5033
delta_refusal,16,5055
delta_refusal,16,5093
delta_refusal,16,5181
delta_refusal,16,5281
delta_refusal,16,5292
delta_refusal,16,5456
delta_refusal,16,5497
delta_refusal,16,5714
delta_refusal,16,5726
delta_refusal,16,5836
delta_refusal,16,5841
delta_refusal,16,5867
delta_refusal,16,5910
delta_refusal,16,5967
delta_refusal,16,6078
delta_refusal,16,6290
delta_refusal,16,6302
delta_refusal,16,6416
delta_refusal,16,6422
delta_refusal,16,6521
delta_refusal,16,6531
delta_refusal,16,6582
delta_refusal,16,6585
delta_refusal,16,6606
delta_refusal,16,6607
delta_refusal,16,6672
delta_refusal,16,6673
delta_refusal,16,6708
delta_refusal,16,6762
delta_refusal,16,6834
delta_refusal,16,6883
delta_refusal,16,6910
delta_refusal,16,6950
delta_refusal,16,7001
delta_refusal,16,7043
delta_refusal,16,7048
delta_refusal,16,7091
delta_refusal,16,7167
delta_refusal,16,7221
delta_refusal,16,7372
delta_refusal,16,7440
delta_refusal,16,7467
delta_refusal,16,7472
delta_refusal,16,7551
delta_refusal,16,7582
delta_refusal,16,7593
delta_refusal,16,7611
delta_refusal,16,7806
delta_refusal,16,7874
delta_refusal,16,7975
delta_refusal,16,7977
delta_refusal,16,8002
delta_refusal,16,8028
delta_refusal,16,8064
delta_refusal,16,8191
delta_refusal,16,8231
delta_refusal,16,8244
delta_refusal,16,8328
delta_refusal,16,8343
delta_refusal,16,8428
delta_refusal,16,8431
delta_refusal,16,8441
delta_refusal,16,8453
delta_refusal,16,8492
delta_refusal,16,8504
delta_refusal,16,8544
delta_refusal,16,8567
delta_refusal,16,8595
delta_refusal,16,8615
delta_refusal,16,8700
delta_refusal,16,8708
delta_refusal,16,8751
delta_refusal,16,8769
delta_refusal,16,8796
delta_refusal,16,8830
delta_refusal,16,8836
delta_refusal,16,8893
delta_refusal,16,8917
delta_refusal,16,8923
delta_refusal,16,8979
delta_refusal,16,9019
delta_refusal,16,9024
delta_refusal,16,9028
delta_refusal,16,9039
delta_refusal,16,9120
delta_refusal,16,9274
delta_refusal,16,9294
delta_refusal,16,9360
delta_refusal,16,9422
delta_refusal,16,9445
delta_refusal,16,9459
delta_refusal,16,9536
delta_refusal,16,9600
delta_refusal,16,9613
delta_refusal,16,9751
delta_refusal,16,9758
delta_refusal,16,9904
delta_refusal,16,9973
delta_refusal,16,9974
delta_refusal,16,10077
delta_refusal,16,10079
delta_refusal,16,10144
delta_refusal,16,10152
delta_refusal,16,10182
delta_refusal,16,10199
delta_refusal,16,10332
delta_refusal,16,10390
delta_refusal,16,10410
delta_refusal,16,10453
delta_refusal,16,10547
delta_refusal,16,10583
delta_refusal,16,10732
delta_refusal,16,10749
delta_refusal,16,10853
delta_refusal,16,10855
delta_refusal,16,10932
delta_refusal,16,10956
delta_refusal,16,10991
delta_refusal,16,11035
delta_refusal,16,11064
delta_refusal,16,11137
delta_refusal,16,11268
delta_refusal,16,11277
delta_refusal,16,11302
delta_refusal,16,11336
delta_refusal,16,11375
delta_refusal,16,11387
delta_refusal,16,11390
delta_refusal,16,11410
delta_refusal,16,11463
delta_refusal,16,11491
delta_refusal,16,11496
delta_refusal,16,11513
delta_refusal,16,11559
delta_refusal,16,11602
delta_refusal,16,11657
delta_refusal,16,11662
delta_refusal,16,11757
delta_refusal,16,11759
delta_refusal,16,11838
delta_refusal,16,11893
delta_refusal,16,11966
delta_refusal,16,11992
delta_refusal,16,12002
delta_refusal,16,12005
delta_refusal,16,12008
delta_refusal,16,12064
delta_refusal,16,12111
delta_refusal,16,12246
delta_refusal,16,12313
delta_refusal,16,12330
delta_refusal,16,12341
delta_refusal,16,12444
delta_refusal,16,12463
delta_refusal,16,12501
delta_refusal,16,12519
delta_refusal,16,12596
delta_refusal,16,12707
delta_refusal,16,12742
delta_refusal,16,12775
delta_refusal,16,12794
delta_refusal,16,12814
delta_refusal,16,12849
delta_refusal,16,12866
delta_refusal,16,12878
delta_refusal,16,12963
delta_refusal,16,13010
delta_refusal,16,13021
delta_refusal,16,13094
delta_refusal,16,13147
delta_refusal,16,13157
delta_refusal,16,13181
delta_refusal,16,13215
delta_refusal,16,13258
delta_refusal,16,13298
delta_refusal,16,13346
delta_refusal,16,13361
delta_refusal,16,13362
delta_refusal,16,13472
delta_refusal,16,13510
delta_refusal,16,13517
delta_refusal,16,13529
delta_refusal,16,13617
delta_refusal,16,13691
delta_refusal,16,13713
delta_refusal,16,13765
delta_refusal,16,13837
delta_refusal,16,13893
delta_refusal,16,13899
delta_refusal,16,13922
delta_refusal,16,14071
delta_refusal,16,14161
delta_refusal,16,14291
delta_refusal,17,9
delta_refusal,17,120
delta_refusal,17,246
delta_refusal,17,349
delta_refusal,17,407
delta_refusal,17,439
delta_refusal,17,497
delta_refusal,17,557
delta_refusal,17,581
delta_refusal,17,612
delta_refusal,17,948
delta_refusal,17,954
delta_refusal,17,995
delta_refusal,17,1031
delta_refusal,17,1315
delta_refusal,17,1430
delta_refusal,17,1472
delta_refusal,17,1580
delta_refusal,17,1599
delta_refusal,17,1656
delta_refusal,17,1708
delta_refusal,17,1754
delta_refusal,17,2146
delta_refusal,17,2168
delta_refusal,17,2299
delta_refusal,17,2372
delta_refusal,17,2418
delta_refusal,17,2555
delta_refusal,17,2589
delta_refusal,17,2608
delta_refusal,17,2791
delta_refusal,17,2870
delta_refusal,17,2892
delta_refusal,17,2941
delta_refusal,17,2984
delta_refusal,17,3010
delta_refusal,17,3049
delta_refusal,17,3076
delta_refusal,17,3159
delta_refusal,17,3240
delta_refusal,17,3349
delta_refusal,17,3433
delta_refusal,17,3469
delta_refusal,17,3506
delta_refusal,17,3518
delta_refusal,17,3533
delta_refusal,17,3688
delta_refusal,17,3718
delta_refusal,17,3761
delta_refusal,17,3975
delta_refusal,17,4036
delta_refusal,17,4059
delta_refusal,17,4138
delta_refusal,17,4374
delta_refusal,17,4547
delta_refusal,17,4701
delta_refusal,17,4908
delta_refusal,17,4980
delta_refusal,17,4984
delta_refusal,17,5083
delta_refusal,17,5119
delta_refusal,17,5211
delta_refusal,17,5240
delta_refusal,17,5267
delta_refusal,17,5305
delta_refusal,17,5354
delta_refusal,17,5470
delta_refusal,17,5483
delta_refusal,17,5584
delta_refusal,17,5724
delta_refusal,17,5739
delta_refusal,17,5750
delta_refusal,17,5774
delta_refusal,17,5781
delta_refusal,17,5829
delta_refusal,17,6080
delta_refusal,17,6092
delta_refusal,17,6182
delta_refusal,17,6210
delta_refusal,17,6318
delta_refusal,17,6347
delta_refusal,17,6349
delta_refusal,17,6361
delta_refusal,17,6439
delta_refusal,17,6494
delta_refusal,17,6506
delta_refusal,17,6663
delta_refusal,17,6792
delta_refusal,17,6808
delta_refusal,17,7021
delta_refusal,17,7024
delta_refusal,17,7032
delta_refusal,17,7171
delta_refusal,17,7259
delta_refusal,17,7275
delta_refusal,17,7330
delta_refusal,17,7367
delta_refusal,17,7477
delta_refusal,17,7502
delta_refusal,17,7640
delta_refusal,17,7647
delta_refusal,17,7707
delta_refusal,17,7724
delta_refusal,17,7933
delta_refusal,17,7935
delta_refusal,17,7970
delta_refusal,17,8184
delta_refusal,17,8245
delta_refusal,17,8247
delta_refusal,17,8325
delta_refusal,17,8357
delta_refusal,17,8374
delta_refusal,17,8380
delta_refusal,17,8387
delta_refusal,17,8442
delta_refusal,17,8538
delta_refusal,17,8576
delta_refusal,17,8600
delta_refusal,17,8667
delta_refusal,17,8707
delta_refusal,17,8735
delta_refusal,17,8780
delta_refusal,17,8784
delta_refusal,17,8786
delta_refusal,17,8838
delta_refusal,17,9155
delta_refusal,17,9232
delta_refusal,17,9264
delta_refusal,17,9291
delta_refusal,17,9310
delta_refusal,17,9358
delta_refusal,17,9529
delta_refusal,17,9545
delta_refusal,17,9750
delta_refusal,17,9779
delta_refusal,17,9795
delta_refusal,17,9839
delta_refusal,17,9865
delta_refusal,17,9891
delta_refusal,17,10018
delta_refusal,17,10106
delta_refusal,17,10139
delta_refusal,17,10217
delta_refusal,17,10218
delta_refusal,17,10336
delta_refusal,17,10372
delta_refusal,17,10470
delta_refusal,17,10598
delta_refusal,17,10712
delta_refusal,17,10834
delta_refusal,17,10875
delta_refusal,17,11004
delta_refusal,17,11007
delta_refusal,17,11021
delta_refusal,17,11023
delta_refusal,17,11047
delta_refusal,17,11113
delta_refusal,17,11150
delta_refusal,17,11170
delta_refusal,17,11177
delta_refusal,17,11211
delta_refusal,17,11316
delta_refusal,17,11442
delta_refusal,17,11473
delta_refusal,17,11617
delta_refusal,17,11709
delta_refusal,17,11833
delta_refusal,17,11877
delta_refusal,17,11914
delta_refusal,17,11983
delta_refusal,17,11993
delta_refusal,17,12136
delta_refusal,17,12151
delta_refusal,17,12229
delta_refusal,17,12247
delta_refusal,17,12252
delta_refusal,17,12255
delta_refusal,17,12257
delta_refusal,17,12341
delta_refusal,17,12441
delta_refusal,17,12442
delta_refusal,17,12623
delta_refusal,17,12864
delta_refusal,17,12876
delta_refusal,17,12976
delta_refusal,17,13005
delta_refusal,17,13059
delta_refusal,17,13098
delta_refusal,17,13157
delta_refusal,17,13190
delta_refusal,17,13299
delta_refusal,17,13314
delta_refusal,17,13329
delta_refusal,17,13445
delta_refusal,17,13487
delta_refusal,17,13506
delta_refusal,17,13589
delta_refusal,17,13614
delta_refusal,17,13830
delta_refusal,17,13889
delta_refusal,17,13903
delta_refusal,17,13934
delta_refusal,17,13949
delta_refusal,17,13972
delta_refusal,17,14096
delta_refusal,17,14166
delta_refusal,17,14174
delta_refusal,17,14207
delta_refusal,18,73
delta_refusal,18,123
delta_refusal,18,183
delta_refusal,18,290
delta_refusal,18,325
delta_refusal,18,337
delta_refusal,18,490
delta_refusal,18,491
delta_refusal,18,622
delta_refusal,18,768
delta_refusal,18,830
delta_refusal,18,831
delta_refusal,18,1449
delta_refusal,18,1810
delta_refusal,18,1963
delta_refusal,18,2016
delta_refusal,18,2106
delta_refusal,18,2210
delta_refusal,18,2444
delta_refusal,18,2766
delta_refusal,18,2841
delta_refusal,18,3147
delta_refusal,18,3156
delta_refusal,18,3497
delta_refusal,18,3551
delta_refusal,18,3580
delta_refusal,18,3651
delta_refusal,18,4164
delta_refusal,18,4515
delta_refusal,18,4676
delta_refusal,18,4727
delta_refusal,18,4817
delta_refusal,18,4855
delta_refusal,18,4906
delta_refusal,18,4951
delta_refusal,18,4994
delta_refusal,18,5087
delta_refusal,18,5117
delta_refusal,18,5259
delta_refusal,18,5547
delta_refusal,18,5688
delta_refusal,18,6109
delta_refusal,18,6228
delta_refusal,18,6309
delta_refusal,18,6351
delta_refusal,18,6370
delta_refusal,18,6666
delta_refusal,18,6684
delta_refusal,18,6721
delta_refusal,18,6968
delta_refusal,18,7026
delta_refusal,18,7132
delta_refusal,18,7192
delta_refusal,18,7266
delta_refusal,18,7288
delta_refusal,18,7510
delta_refusal,18,7844
delta_refusal,18,7951
delta_refusal,18,7980
delta_refusal,18,8004
delta_refusal,18,8146
delta_refusal,18,8160
delta_refusal,18,8420
delta_refusal,18,8435
delta_refusal,18,8511
delta_refusal,18,8584
delta_refusal,18,8592
delta_refusal,18,8726
delta_refusal,18,8885
delta_refusal,18,8994
delta_refusal,18,8997
delta_refusal,18,9419
delta_refusal,18,9446
delta_refusal,18,9573
delta_refusal,18,9602
delta_refusal,18,9625
delta_refusal,18,9934
delta_refusal,18,10048
delta_refusal,18,10461
delta_refusal,18,10661
delta_refusal,18,11101
delta_refusal,18,11147
delta_refusal,18,11180
delta_refusal,18,11190
delta_refusal,18,11197
delta_refusal,18,11215
delta_refusal,18,11307
delta_refusal,18,11338
delta_refusal,18,11542
delta_refusal,18,11562
delta_refusal,18,11570
delta_refusal,18,11718
delta_refusal,18,11779
delta_refusal,18,11782
delta_refusal,18,11827
delta_refusal,18,11845
delta_refusal,18,11986
delta_refusal,18,12151
delta_refusal,18,12163
delta_refusal,18,12372
delta_refusal,18,12418
delta_refusal,18,12804
delta_refusal,18,12833
delta_refusal,18,12866
delta_refusal,18,12910
delta_refusal,18,12992
delta_refusal,18,13110
delta_refusal,18,13569
delta_refusal,18,13570
delta_refusal,18,13645
delta_refusal,18,13649
delta_refusal,18,13705
delta_refusal,18,13763
delta_refusal,18,13818
delta_refusal,18,13832
delta_refusal,18,13904
delta_refusal,18,13960
delta_refusal,18,13980
delta_refusal,18,14025
delta_refusal,18,14141
delta_refusal,18,14247
delta_refusal,19,98
delta_refusal,19,121
delta_refusal,19,296
delta_refusal,19,299
delta_refusal,19,470
delta_refusal,19,694
delta_refusal,19,798
delta_refusal,19,911
delta_refusal,19,1074
delta_refusal,19,1170
delta_refusal,19,1270
delta_refusal,19,1297
delta_refusal,19,1348
delta_refusal,19,1516
delta_refusal,19,1782
delta_refusal,19,1934
delta_refusal,19,2054
delta_refusal,19,2094
delta_refusal,19,2181
delta_refusal,19,2344
delta_refusal,19,2976
delta_refusal,19,3009
delta_refusal,19,3068
delta_refusal,19,3144
delta_refusal,19,3273
delta_refusal,19,3304
delta_refusal,19,3356
delta_refusal,19,3405
delta_refusal,19,3471
delta_refusal,19,3578
delta_refusal,19,4082
delta_refusal,19,4221
delta_refusal,19,4513
delta_refusal,19,4659
delta_refusal,19,4739
delta_refusal,19,4910
delta_refusal,19,5154
delta_refusal,19,5235
delta_refusal,19,5239
delta_refusal,19,5247
delta_refusal,19,5344
delta_refusal,19,5412
delta_refusal,19,5798
delta_refusal,19,5824
delta_refusal,19,5856
delta_refusal,19,6054
delta_refusal,19,6117
delta_refusal,19,6878
delta_refusal,19,7016
delta_refusal,19,7308
delta_refusal,19,7310
delta_refusal,19,7329
delta_refusal,19,7366
delta_refusal,19,7442
delta_refusal,19,7866
delta_refusal,19,7875
delta_refusal,19,8133
delta_refusal,19,8300
delta_refusal,19,8345
delta_refusal,19,8811
delta_refusal,19,8918
delta_refusal,19,8952
delta_refusal,19,9032
delta_refusal,19,9191
delta_refusal,19,9271
delta_refusal,19,9590
delta_refusal,19,9624
delta_refusal,19,9769
delta_refusal,19,9774
delta_refusal,19,9875
delta_refusal,19,9943
delta_refusal,19,10032
delta_refusal,19,10187
delta_refusal,19,10248
delta_refusal,19,10249
delta_refusal,19,10383
delta_refusal,19,10660
delta_refusal,19,10818
delta_refusal,19,10883
delta_refusal,19,10931
delta_refusal,19,10974
delta_refusal,19,11025
delta_refusal,19,11029
delta_refusal,19,11137
delta_refusal,19,11177
delta_refusal,19,11188
delta_refusal,19,11356
delta_refusal,19,11437
delta_refusal,19,11504
delta_refusal,19,11598
delta_refusal,19,11620
delta_refusal,19,11637
delta_refusal,19,11970
delta_refusal,19,12151
delta_refusal,19,12302
delta_refusal,19,12475
delta_refusal,19,12597
delta_refusal,19,12806
delta_refusal,19,12844
delta_refusal,19,13083
delta_refusal,19,13180
delta_refusal,19,13415
delta_refusal,19,13649
delta_refusal,19,13845
delta_refusal,19,14006
delta_refusal,19,14030
delta_refusal,19,14119
delta_refusal,19,14121
delta_refusal,20,67
delta_refusal,20,218
delta_refusal,20,297
delta_refusal,20,710
delta_refusal,20,750
delta_refusal,20,872
delta_refusal,20,913
delta_refusal,20,915
delta_refusal,20,1043
delta_refusal,20,1139
delta_refusal,20,1746
delta_refusal,20,1878
delta_refusal,20,1942
delta_refusal,20,1986
delta_refusal,20,2120
delta_refusal,20,2177
delta_refusal,20,2461
delta_refusal,20,2497
delta_refusal,20,2652
delta_refusal,20,2673
delta_refusal,20,2731
delta_refusal,20,2982
delta_refusal,20,3323
delta_refusal,20,3335
delta_refusal,20,3438
delta_refusal,20,3519
delta_refusal,20,3579
delta_refusal,20,3613
delta_refusal,20,3917
delta_refusal,20,3972
delta_refusal,20,4081
delta_refusal,20,4275
delta_refusal,20,4353
delta_refusal,20,4436
delta_refusal,20,4689
delta_refusal,20,4750
delta_refusal,20,4854
delta_refusal,20,4891
delta_refusal,20,4991
delta_refusal,20,5237
delta_refusal,20,5264
delta_refusal,20,5287
delta_refusal,20,5291
delta_refusal,20,5316
delta_refusal,20,5387
delta_refusal,20,5410
delta_refusal,20,5423
delta_refusal,20,5623
delta_refusal,20,5701
delta_refusal,20,5724
delta_refusal,20,5760
delta_refusal,20,6029
delta_refusal,20,6094
delta_refusal,20,6215
delta_refusal,20,6313
delta_refusal,20,6394
delta_refusal,20,6843
delta_refusal,20,6921
delta_refusal,20,7058
delta_refusal,20,7337
delta_refusal,20,7436
delta_refusal,20,7453
delta_refusal,20,7487
delta_refusal,20,7786
delta_refusal,20,7919
delta_refusal,20,8001
delta_refusal,20,8172
delta_refusal,20,8443
delta_refusal,20,8526
delta_refusal,20,9082
delta_refusal,20,9238
delta_refusal,20,9661
delta_refusal,20,9766
delta_refusal,20,10144
delta_refusal,20,10225
delta_refusal,20,10351
delta_refusal,20,10446
delta_refusal,20,10546
delta_refusal,20,10719
delta_refusal,20,11146
delta_refusal,20,11199
delta_refusal,20,11323
delta_refusal,20,11382
delta_refusal,20,11710
delta_refusal,20,11753
delta_refusal,20,11914
delta_refusal,20,11950
delta_refusal,20,11985
delta_refusal,20,12103
delta_refusal,20,12169
delta_refusal,20,12222
delta_refusal,20,12291
delta_refusal,20,12370
delta_refusal,20,12417
delta_refusal,20,12441
delta_refusal,20,12600
delta_refusal,20,12678
delta_refusal,20,12894
delta_refusal,20,12957
delta_refusal,20,12979
delta_refusal,20,13016
delta_refusal,20,13223
delta_refusal,20,13297
delta_refusal,20,13463
delta_refusal,20,13792
delta_refusal,20,13875
delta_refusal,20,13973
delta_refusal,20,14263
delta_refusal,21,23
delta_refusal,21,68
delta_refusal,21,140
delta_refusal,21,654
delta_refusal,21,690
delta_refusal,21,822
delta_refusal,21,834
delta_refusal,21,966
delta_refusal,21,1135
delta_refusal,21,1227
delta_refusal,21,1274
delta_refusal,21,1354
delta_refusal,21,1364
delta_refusal,21,1468
delta_refusal,21,1653
delta_refusal,21,1781
delta_refusal,21,1832
delta_refusal,21,1973
delta_refusal,21,2006
delta_refusal,21,2113
delta_refusal,21,2668
delta_refusal,21,2698
delta_refusal,21,2812
delta_refusal,21,2823
delta_refusal,21,2832
delta_refusal,21,2875
delta_refusal,21,3500
delta_refusal,21,3613
delta_refusal,21,3768
delta_refusal,21,3894
delta_refusal,21,3989
delta_refusal,21,4139
delta_refusal,21,4212
delta_refusal,21,4213
delta_refusal,21,4341
delta_refusal,21,4420
delta_refusal,21,4445
delta_refusal,21,4657
delta_refusal,21,4697
delta_refusal,21,4722
delta_refusal,21,4759
delta_refusal,21,4942
delta_refusal,21,4954
delta_refusal,21,4971
delta_refusal,21,5024
delta_refusal,21,5114
delta_refusal,21,5164
delta_refusal,21,5280
delta_refusal,21,5322
delta_refusal,21,5343
delta_refusal,21,5484
delta_refusal,21,5515
delta_refusal,21,5897
delta_refusal,21,6041
delta_refusal,21,6102
delta_refusal,21,6208
delta_refusal,21,6235
delta_refusal,21,6239
delta_refusal,21,6403
delta_refusal,21,6408
delta_refusal,21,6667
delta_refusal,21,6759
delta_refusal,21,6783
delta_refusal,21,6790
delta_refusal,21,6812
delta_refusal,21,7103
delta_refusal,21,7157
delta_refusal,21,7178
delta_refusal,21,7363
delta_refusal,21,7522
delta_refusal,21,7712
delta_refusal,21,7872
delta_refusal,21,7912
delta_refusal,21,8000
delta_refusal,21,8063
delta_refusal,21,8090
delta_refusal,21,8151
delta_refusal,21,8258
delta_refusal,21,8479
delta_refusal,21,8611
delta_refusal,21,8749
delta_refusal,21,9208
delta_refusal,21,9295
delta_refusal,21,9433
delta_refusal,21,9442
delta_refusal,21,9498
delta_refusal,21,9528
delta_refusal,21,9615
delta_refusal,21,9630
delta_refusal,21,9835
delta_refusal,21,9911
delta_refusal,21,10012
delta_refusal,21,10252
delta_refusal,21,10259
delta_refusal,21,10536
delta_refusal,21,10847
delta_refusal,21,10970
delta_refusal,21,11045
delta_refusal,21,11500
delta_refusal,21,11727
delta_refusal,21,11758
delta_refusal,21,11770
delta_refusal,21,11831
delta_refusal,21,11834
delta_refusal,21,11987
delta_refusal,21,11993
delta_refusal,21,12043
delta_refusal,21,12050
delta_refusal,21,12189
delta_refusal,21,12315
delta_refusal,21,12318
delta_refusal,21,12424
delta_refusal,21,12434
delta_refusal,21,12445
delta_refusal,21,12814
delta_refusal,21,13063
delta_refusal,21,13359
delta_refusal,21,13831
delta_refusal,21,14007
delta_refusal,21,14062
delta_refusal,21,14143
delta_refusal,21,14162
delta_refusal,21,14233
delta_refusal,21,14245
delta_refusal,22,271
delta_refusal,22,378
delta_refusal,22,623
delta_refusal,22,647
delta_refusal,22,1089
delta_refusal,22,1097
delta_refusal,22,1197
delta_refusal,22,1464
delta_refusal,22,1599
delta_refusal,22,1756
delta_refusal,22,1880
delta_refusal,22,2181
delta_refusal,22,2232
delta_refusal,22,2573
delta_refusal,22,2681
delta_refusal,22,2771
delta_refusal,22,2940
delta_refusal,22,3007
delta_refusal,22,3220
delta_refusal,22,3485
delta_refusal,22,3562
delta_refusal,22,3666
delta_refusal,22,4166
delta_refusal,22,4433
delta_refusal,22,4588
delta_refusal,22,4595
delta_refusal,22,4897
delta_refusal,22,4964
delta_refusal,22,5031
delta_refusal,22,5077
delta_refusal,22,5098
delta_refusal,22,5273
delta_refusal,22,5276
delta_refusal,22,5338
delta_refusal,22,5392
delta_refusal,22,5566
delta_refusal,22,5581
delta_refusal,22,5691
delta_refusal,22,5783
delta_refusal,22,5790
delta_refusal,22,5848
delta_refusal,22,6160
delta_refusal,22,6371
delta_refusal,22,6459
delta_refusal,22,6468
delta_refusal,22,6524
delta_refusal,22,6676
delta_refusal,22,6689
delta_refusal,22,6897
delta_refusal,22,6997
delta_refusal,22,7284
delta_refusal,22,7328
delta_refusal,22,7489
delta_refusal,22,7569
delta_refusal,22,7749
delta_refusal,22,7899
delta_refusal,22,7938
delta_refusal,22,8099
delta_refusal,22,8389
delta_refusal,22,8507
delta_refusal,22,8514
delta_refusal,22,8594
delta_refusal,22,8883
delta_refusal,22,8937
delta_refusal,22,9420
delta_refusal,22,9431
delta_refusal,22,9467
delta_refusal,22,9574
delta_refusal,22,9580
delta_refusal,22,9673
delta_refusal,22,9757
delta_refusal,22,9766
delta_refusal,22,10029
delta_refusal,22,10137
delta_refusal,22,10180
delta_refusal,22,10210
delta_refusal,22,10330
delta_refusal,22,10362
delta_refusal,22,10626
delta_refusal,22,10777
delta_refusal,22,10812
delta_refusal,22,10929
delta_refusal,22,10990
delta_refusal,22,10995
delta_refusal,22,11066
delta_refusal,22,11186
delta_refusal,22,11326
delta_refusal,22,11633
delta_refusal,22,11715
delta_refusal,22,11726
delta_refusal,22,11834
delta_refusal,22,11849
delta_refusal,22,11884
delta_refusal,22,12048
delta_refusal,22,12059
delta_refusal,22,12126
delta_refusal,22,12156
delta_refusal,22,12319
delta_refusal,22,12468
delta_refusal,22,12617
delta_refusal,22,12673
delta_refusal,22,12805
delta_refusal,22,12835
delta_refusal,22,13236
delta_refusal,22,13943
delta_refusal,22,14052
delta_refusal,22,14126
delta_refusal,22,14156
delta_refusal,23,306
delta_refusal,23,532
delta_refusal,23,754
delta_refusal,23,776
delta_refusal,23,896
delta_refusal,23,900
delta_refusal,23,971
delta_refusal,23,1102
delta_refusal,23,1390
delta_refusal,23,1441
delta_refusal,23,1573
delta_refusal,23,1596
delta_refusal,23,1881
delta_refusal,23,2080
delta_refusal,23,2116
delta_refusal,23,2130
delta_refusal,23,2343
delta_refusal,23,2374
delta_refusal,23,2438
delta_refusal,23,2444
delta_refusal,23,2565
delta_refusal,23,2572
delta_refusal,23,2580
delta_refusal,23,2694
delta_refusal,23,2707
delta_refusal,23,2896
delta_refusal,23,2931
delta_refusal,23,3013
delta_refusal,23,3101
delta_refusal,23,3311
delta_refusal,23,3610
delta_refusal,23,3729
delta_refusal,23,4029
delta_refusal,23,4127
delta_refusal,23,4207
delta_refusal,23,4268
delta_refusal,23,4331
delta_refusal,23,4510
delta_refusal,23,4774
delta_refusal,23,5343
delta_refusal,23,5499
delta_refusal,23,5679
delta_refusal,23,5719
delta_refusal,23,5765
delta_refusal,23,5829
delta_refusal,23,5910
delta_refusal,23,5977
delta_refusal,23,6222
delta_refusal,23,6403
delta_refusal,23,6404
delta_refusal,23,6479
delta_refusal,23,6537
delta_refusal,23,6664
delta_refusal,23,6668
delta_refusal,23,6674
delta_refusal,23,6792
delta_refusal,23,6826
delta_refusal,23,6837
delta_refusal,23,6917
delta_refusal,23,6950
delta_refusal,23,7019
delta_refusal,23,7305
delta_refusal,23,7331
delta_refusal,23,7557
delta_refusal,23,7708
delta_refusal,23,8097
delta_refusal,23,8206
delta_refusal,23,8293
delta_refusal,23,8366
delta_refusal,23,8497
delta_refusal,23,8534
delta_refusal,23,8548
delta_refusal,23,8741
delta_refusal,23,8783
delta_refusal,23,9077
delta_refusal,23,9179
delta_refusal,23,9344
delta_refusal,23,9797
delta_refusal,23,9899
delta_refusal,23,9982
delta_refusal,23,10010
delta_refusal,23,10035
delta_refusal,23,10156
delta_refusal,23,10173
delta_refusal,23,10453
delta_refusal,23,10597
delta_refusal,23,10730
delta_refusal,23,10767
delta_refusal,23,11140
delta_refusal,23,11347
delta_refusal,23,11371
delta_refusal,23,11694
delta_refusal,23,11765
delta_refusal,23,12040
delta_refusal,23,12220
delta_refusal,23,12231
delta_refusal,23,12523
delta_refusal,23,12849
delta_refusal,23,13207
delta_refusal,23,13591
delta_refusal,23,13682
delta_refusal,23,13791
delta_refusal,23,13973
delta_refusal,24,58
delta_refusal,24,75
delta_refusal,24,104
delta_refusal,24,112
delta_refusal,24,368
delta_refusal,24,396
delta_refusal,24,487
delta_refusal,24,491
delta_refusal,24,583
delta_refusal,24,603
delta_refusal,24,623
delta_refusal,24,753
delta_refusal,24,820
delta_refusal,24,875
delta_refusal,24,900
delta_refusal,24,922
delta_refusal,24,955
delta_refusal,24,1102
delta_refusal,24,1157
delta_refusal,24,1460
delta_refusal,24,1478
delta_refusal,24,1582
delta_refusal,24,1631
delta_refusal,24,1685
delta_refusal,24,1895
delta_refusal,24,2125
delta_refusal,24,2132
delta_refusal,24,2163
delta_refusal,24,2326
delta_refusal,24,2383
delta_refusal,24,2484
delta_refusal,24,2612
delta_refusal,24,2615
delta_refusal,24,2705
delta_refusal,24,2788
delta_refusal,24,3002
delta_refusal,24,3166
delta_refusal,24,3314
delta_refusal,24,3413
delta_refusal,24,3679
delta_refusal,24,3733
delta_refusal,24,4081
delta_refusal,24,4190
delta_refusal,24,4192
delta_refusal,24,4311
delta_refusal,24,4326
delta_refusal,24,4413
delta_refusal,24,4518
delta_refusal,24,4593
delta_refusal,24,4604
delta_refusal,24,4684
delta_refusal,24,4833
delta_refusal,24,4901
delta_refusal,24,4957
delta_refusal,24,5006
delta_refusal,24,5028
delta_refusal,24,5141
delta_refusal,24,5239
delta_refusal,24,5318
delta_refusal,24,5326
delta_refusal,24,5387
delta_refusal,24,5407
delta_refusal,24,5424
delta_refusal,24,5674
delta_refusal,24,5949
delta_refusal,24,5981
delta_refusal,24,6041
delta_refusal,24,6239
delta_refusal,24,6280
delta_refusal,24,6528
delta_refusal,24,6578
delta_refusal,24,6666
delta_refusal,24,6715
delta_refusal,24,6978
delta_refusal,24,6997
delta_refusal,24,7032
delta_refusal,24,7061
delta_refusal,24,7240
delta_refusal,24,7330
delta_refusal,24,7489
delta_refusal,24,7522
delta_refusal,24,7885
delta_refusal,24,7902
delta_refusal,24,8204
delta_refusal,24,8444
delta_refusal,24,8506
delta_refusal,24,8928
delta_refusal,24,8979
delta_refusal,24,9012
delta_refusal,24,9419
delta_refusal,24,9540
delta_refusal,24,9551
delta_refusal,24,10086
delta_refusal,24,10116
delta_refusal,24,10274
delta_refusal,24,10319
delta_refusal,24,10586
delta_refusal,24,10598
delta_refusal,24,10772
delta_refusal,24,10901
delta_refusal,24,10928
delta_refusal,24,11079
delta_refusal,24,11096
delta_refusal,24,11209
delta_refusal,24,11288
delta_refusal,24,11307
delta_refusal,24,11309
delta_refusal,24,11474
delta_refusal,24,11482
delta_refusal,24,11663
delta_refusal,24,11747
delta_refusal,24,11845
delta_refusal,24,12012
delta_refusal,24,12149
delta_refusal,24,12334
delta_refusal,24,12377
delta_refusal,24,12406
delta_refusal,24,12776
delta_refusal,24,12865
delta_refusal,24,12975
delta_refusal,24,13543
delta_refusal,24,13916
delta_refusal,24,14016
delta_refusal,24,14099
delta_refusal,25,46
delta_refusal,25,71
delta_refusal,25,143
delta_refusal,25,206
delta_refusal,25,230
delta_refusal,25,340
delta_refusal,25,401
delta_refusal,25,432
delta_refusal,25,448
delta_refusal,25,560
delta_refusal,25,598
delta_refusal,25,790
delta_refusal,25,957
delta_refusal,25,1216
delta_refusal,25,1316
delta_refusal,25,1390
delta_refusal,25,1500
delta_refusal,25,1545
delta_refusal,25,1561
delta_refusal,25,1657
delta_refusal,25,1695
delta_refusal,25,1708
delta_refusal,25,1742
delta_refusal,25,1877
delta_refusal,25,1883
delta_refusal,25,2098
delta_refusal,25,2134
delta_refusal,25,2172
delta_refusal,25,2210
delta_refusal,25,2226
delta_refusal,25,2355
delta_refusal,25,2603
delta_refusal,25,2742
delta_refusal,25,2780
delta_refusal,25,2851
delta_refusal,25,2870
delta_refusal,25,2908
delta_refusal,25,3003
delta_refusal,25,3040
delta_refusal,25,3061
delta_refusal,25,3072
delta_refusal,25,3120
delta_refusal,25,3144
delta_refusal,25,3191
delta_refusal,25,3225
delta_refusal,25,3403
delta_refusal,25,3410
delta_refusal,25,3705
delta_refusal,25,3814
delta_refusal,25,4053
delta_refusal,25,4165
delta_refusal,25,4233
delta_refusal,25,4354
delta_refusal,25,4370
delta_refusal,25,4515
delta_refusal,25,4783
delta_refusal,25,4893
delta_refusal,25,4958
delta_refusal,25,4969
delta_refusal,25,4981
delta_refusal,25,5420
delta_refusal,25,5473
delta_refusal,25,5493
delta_refusal,25,5739
delta_refusal,25,5754
delta_refusal,25,5819
delta_refusal,25,5821
delta_refusal,25,5948
delta_refusal,25,6050
delta_refusal,25,6134
delta_refusal,25,6142
delta_refusal,25,6159
delta_refusal,25,6197
delta_refusal,25,6268
delta_refusal,25,6295
delta_refusal,25,6311
delta_refusal,25,6418
delta_refusal,25,6517
delta_refusal,25,6565
delta_refusal,25,6627
delta_refusal,25,6755
delta_refusal,25,6786
delta_refusal,25,6898
delta_refusal,25,6977
delta_refusal,25,7069
delta_refusal,25,7076
delta_refusal,25,7086
delta_refusal,25,7340
delta_refusal,25,7367
delta_refusal,25,7479
delta_refusal,25,7490
delta_refusal,25,7604
delta_refusal,25,7643
delta_refusal,25,7783
delta_refusal,25,7808
delta_refusal,25,7841
delta_refusal,25,7867
delta_refusal,25,7886
delta_refusal,25,8010
delta_refusal,25,8035
delta_refusal,25,8037
delta_refusal,25,8072
delta_refusal,25,8078
delta_refusal,25,8123
delta_refusal,25,8158
delta_refusal,25,8388
delta_refusal,25,8424
delta_refusal,25,8465
delta_refusal,25,8678
delta_refusal,25,8728
delta_refusal,25,8750
delta_refusal,25,8825
delta_refusal,25,8874
delta_refusal,25,9134
delta_refusal,25,9152
delta_refusal,25,9241
delta_refusal,25,9550
delta_refusal,25,9593
delta_refusal,25,9664
delta_refusal,25,9927
delta_refusal,25,9944
delta_refusal,25,10021
delta_refusal,25,10117
delta_refusal,25,10144
delta_refusal,25,10187
delta_refusal,25,10252
delta_refusal,25,10429
delta_refusal,25,10497
delta_refusal,25,10632
delta_refusal,25,10764
delta_refusal,25,10765
delta_refusal,25,10786
delta_refusal,25,10805
delta_refusal,25,11025
delta_refusal,25,11089
delta_refusal,25,11207
delta_refusal,25,11235
delta_refusal,25,11256
delta_refusal,25,11313
delta_refusal,25,11452
delta_refusal,25,11537
delta_refusal,25,11569
delta_refusal,25,11584
delta_refusal,25,11962
delta_refusal,25,12041
delta_refusal,25,12046
delta_refusal,25,12079
delta_refusal,25,12155
delta_refusal,25,12177
delta_refusal,25,12405
delta_refusal,25,12584
delta_refusal,25,12666
delta_refusal,25,12771
delta_refusal,25,12813
delta_refusal,25,12897
delta_refusal,25,12935
delta_refusal,25,13023
delta_refusal,25,13062
delta_refusal,25,13136
delta_refusal,25,13410
delta_refusal,25,13549
delta_refusal,25,13628
delta_refusal,25,13673
delta_refusal,25,13715
delta_refusal,25,13758
delta_refusal,25,13840
delta_refusal,25,13936
delta_refusal,25,14034
delta_refusal,25,14128
delta_refusal,25,14152
delta_refusal,25,14180
delta_refusal,25,14264
delta_refusal,26,123
delta_refusal,26,135
delta_refusal,26,407
delta_refusal,26,425
delta_refusal,26,447
delta_refusal,26,451
delta_refusal,26,649
delta_refusal,26,712
delta_refusal,26,781
delta_refusal,26,783
delta_refusal,26,898
delta_refusal,26,924
delta_refusal,26,931
delta_refusal,26,1146
delta_refusal,26,1161
delta_refusal,26,1190
delta_refusal,26,1217
delta_refusal,26,1291
delta_refusal,26,1396
delta_refusal,26,1406
delta_refusal,26,1429
delta_refusal,26,1548
delta_refusal,26,1826
delta_refusal,26,1853
delta_refusal,26,1875
delta_refusal,26,1921
delta_refusal,26,1980
delta_refusal,26,1987
delta_refusal,26,2007
delta_refusal,26,2030
delta_refusal,26,2042
delta_refusal,26,2066
delta_refusal,26,2122
delta_refusal,26,2351
delta_refusal,26,2394
delta_refusal,26,2446
delta_refusal,26,2495
delta_refusal,26,2498
delta_refusal,26,2563
delta_refusal,26,2622
delta_refusal,26,2655
delta_refusal,26,2714
delta_refusal,26,2742
delta_refusal,26,2752
delta_refusal,26,2776
delta_refusal,26,2788
delta_refusal,26,2835
delta_refusal,26,2965
delta_refusal,26,3039
delta_refusal,26,3075
delta_refusal,26,3078
delta_refusal,26,3213
delta_refusal,26,3259
delta_refusal,26,3296
delta_refusal,26,3340
delta_refusal,26,3465
delta_refusal,26,3474
delta_refusal,26,3480
delta_refusal,26,3526
delta_refusal,26,3537
delta_refusal,26,3702
delta_refusal,26,3930
delta_refusal,26,4075
delta_refusal,26,4081
delta_refusal,26,4343
delta_refusal,26,4362
delta_refusal,26,4399
delta_refusal,26,4607
delta_refusal,26,4621
delta_refusal,26,4629
delta_refusal,26,4810
delta_refusal,26,4849
delta_refusal,26,5006
delta_refusal,26,5026
delta_refusal,26,5153
delta_refusal,26,5164
delta_refusal,26,5286
delta_refusal,26,5631
delta_refusal,26,5635
delta_refusal,26,5775
delta_refusal,26,5916
delta_refusal,26,5933
delta_refusal,26,5938
delta_refusal,26,6005
delta_refusal,26,6020
delta_refusal,26,6033
delta_refusal,26,6047
delta_refusal,26,6070
delta_refusal,26,6130
delta_refusal,26,6132
delta_refusal,26,6261
delta_refusal,26,6424
delta_refusal,26,6432
delta_refusal,26,6438
delta_refusal,26,6462
delta_refusal,26,6567
delta_refusal,26,6569
delta_refusal,26,6601
delta_refusal,26,6602
delta_refusal,26,6653
delta_refusal,26,6728
delta_refusal,26,6769
delta_refusal,26,6800
delta_refusal,26,6830
delta_refusal,26,6867
delta_refusal,26,6943
delta_refusal,26,7038
delta_refusal,26,7318
delta_refusal,26,7353
delta_refusal,26,7426
delta_refusal,26,7492
delta_refusal,26,7504
delta_refusal,26,7546
delta_refusal,26,7609
delta_refusal,26,7675
delta_refusal,26,7876
delta_refusal,26,7942
delta_refusal,26,7976
delta_refusal,26,8035
delta_refusal,26,8048
delta_refusal,26,8083
delta_refusal,26,8107
delta_refusal,26,8195
delta_refusal,26,8320
delta_refusal,26,8342
delta_refusal,26,8413
delta_refusal,26,8439
delta_refusal,26,8598
delta_refusal,26,8652
delta_refusal,26,8704
delta_refusal,26,8716
delta_refusal,26,8788
delta_refusal,26,8931
delta_refusal,26,9021
delta_refusal,26,9091
delta_refusal,26,9120
delta_refusal,26,9128
delta_refusal,26,9154
delta_refusal,26,9288
delta_refusal,26,9365
delta_refusal,26,9367
delta_refusal,26,9565
delta_refusal,26,9695
delta_refusal,26,9751
delta_refusal,26,9783
delta_refusal,26,9893
delta_refusal,26,9902
delta_refusal,26,9998
delta_refusal,26,10037
delta_refusal,26,10298
delta_refusal,26,10457
delta_refusal,26,10487
delta_refusal,26,10532
delta_refusal,26,10602
delta_refusal,26,10629
delta_refusal,26,10677
delta_refusal,26,10717
delta_refusal,26,10793
delta_refusal,26,10812
delta_refusal,26,11011
delta_refusal,26,11129
delta_refusal,26,11298
delta_refusal,26,11364
delta_refusal,26,11370
delta_refusal,26,11502
delta_refusal,26,11527
delta_refusal,26,11621
delta_refusal,26,11716
delta_refusal,26,11776
delta_refusal,26,11792
delta_refusal,26,11862
delta_refusal,26,11979
delta_refusal,26,12228
delta_refusal,26,12390
delta_refusal,26,12517
delta_refusal,26,12611
delta_refusal,26,12700
delta_refusal,26,12807
delta_refusal,26,12937
delta_refusal,26,12951
delta_refusal,26,13136
delta_refusal,26,13190
delta_refusal,26,13235
delta_refusal,26,13238
delta_refusal,26,13281
delta_refusal,26,13284
delta_refusal,26,13331
delta_refusal,26,13359
delta_refusal,26,13651
delta_refusal,26,13675
delta_refusal,26,13732
delta_refusal,26,13746
delta_refusal,26,13822
delta_refusal,26,13823
delta_refusal,26,13831
delta_refusal,26,13873
delta_refusal,26,13913
delta_refusal,26,13992
delta_refusal,26,13998
delta_refusal,26,14014
delta_refusal,26,14039
delta_refusal,26,14066
delta_refusal,26,14156
delta_refusal,26,14227
delta_refusal,26,14231
delta_refusal,27,45
delta_refusal,27,70
delta_refusal,27,161
delta_refusal,27,162
delta_refusal,27,175
delta_refusal,27,248
delta_refusal,27,484
delta_refusal,27,588
delta_refusal,27,590
delta_refusal,27,609
delta_refusal,27,674
delta_refusal,27,702
delta_refusal,27,769
delta_refusal,27,775
delta_refusal,27,800
delta_refusal,27,967
delta_refusal,27,1013
delta_refusal,27,1097
delta_refusal,27,1101
delta_refusal,27,1129
delta_refusal,27,1199
delta_refusal,27,1253
delta_refusal,27,1372
delta_refusal,27,1439
delta_refusal,27,1456
delta_refusal,27,1723
delta_refusal,27,1779
delta_refusal,27,1793
delta_refusal,27,1795
delta_refusal,27,1802
delta_refusal,27,1850
delta_refusal,27,1879
delta_refusal,27,1971
delta_refusal,27,2083
delta_refusal,27,2176
delta_refusal,27,2185
delta_refusal,27,2328
delta_refusal,27,2354
delta_refusal,27,2391
delta_refusal,27,2410
delta_refusal,27,2428
delta_refusal,27,2559
delta_refusal,27,2824
delta_refusal,27,2904
delta_refusal,27,2982
delta_refusal,27,3082
delta_refusal,27,3108
delta_refusal,27,3153
delta_refusal,27,3218
delta_refusal,27,3231
delta_refusal,27,3345
delta_refusal,27,3348
delta_refusal,27,3365
delta_refusal,27,3374
delta_refusal,27,3382
delta_refusal,27,3483
delta_refusal,27,3519
delta_refusal,27,3529
delta_refusal,27,3588
delta_refusal,27,3687
delta_refusal,27,3694
delta_refusal,27,3698
delta_refusal,27,3714
delta_refusal,27,3716
delta_refusal,27,3722
delta_refusal,27,3750
delta_refusal,27,3809
delta_refusal,27,3838
delta_refusal,27,3856
delta_refusal,27,3857
delta_refusal,27,3900
delta_refusal,27,3929
delta_refusal,27,4002
delta_refusal,27,4057
delta_refusal,27,4091
delta_refusal,27,4097
delta_refusal,27,4112
delta_refusal,27,4155
delta_refusal,27,4180
delta_refusal,27,4207
delta_refusal,27,4210
delta_refusal,27,4350
delta_refusal,27,4395
delta_refusal,27,4495
delta_refusal,27,4506
delta_refusal,27,4588
delta_refusal,27,4621
delta_refusal,27,4774
delta_refusal,27,4951
delta_refusal,27,4980
delta_refusal,27,5147
delta_refusal,27,5294
delta_refusal,27,5315
delta_refusal,27,5319
delta_refusal,27,5424
delta_refusal,27,5461
delta_refusal,27,5471
delta_refusal,27,5536
delta_refusal,27,5670
delta_refusal,27,5693
delta_refusal,27,5736
delta_refusal,27,5752
delta_refusal,27,5801
delta_refusal,27,5835
delta_refusal,27,5913
delta_refusal,27,5924
delta_refusal,27,5993
delta_refusal,27,6006
delta_refusal,27,6015
delta_refusal,27,6031
delta_refusal,27,6068
delta_refusal,27,6070
delta_refusal,27,6106
delta_refusal,27,6118
delta_refusal,27,6129
delta_refusal,27,6239
delta_refusal,27,6240
delta_refusal,27,6330
delta_refusal,27,6336
delta_refusal,27,6395
delta_refusal,27,6439
delta_refusal,27,6462
delta_refusal,27,6541
delta_refusal,27,6575
delta_refusal,27,6592
delta_refusal,27,6610
delta_refusal,27,6612
delta_refusal,27,6837
delta_refusal,27,6896
delta_refusal,27,6991
delta_refusal,27,7015
delta_refusal,27,7042
delta_refusal,27,7090
delta_refusal,27,7104
delta_refusal,27,7128
delta_refusal,27,7145
delta_refusal,27,7201
delta_refusal,27,7334
delta_refusal,27,7426
delta_refusal,27,7458
delta_refusal,27,7481
delta_refusal,27,7629
delta_refusal,27,7645
delta_refusal,27,7696
delta_refusal,27,7706
delta_refusal,27,7780
delta_refusal,27,7784
delta_refusal,27,7787
delta_refusal,27,7829
delta_refusal,27,7954
delta_refusal,27,8003
delta_refusal,27,8005
delta_refusal,27,8140
delta_refusal,27,8199
delta_refusal,27,8290
delta_refusal,27,8301
delta_refusal,27,8331
delta_refusal,27,8391
delta_refusal,27,8394
delta_refusal,27,8409
delta_refusal,27,8439
delta_refusal,27,8442
delta_refusal,27,8531
delta_refusal,27,8614
delta_refusal,27,8728
delta_refusal,27,8777
delta_refusal,27,8826
delta_refusal,27,8922
delta_refusal,27,8936
delta_refusal,27,8984
delta_refusal,27,9038
delta_refusal,27,9045
delta_refusal,27,9161
delta_refusal,27,9178
delta_refusal,27,9288
delta_refusal,27,9319
delta_refusal,27,9333
delta_refusal,27,9359
delta_refusal,27,9368
delta_refusal,27,9385
delta_refusal,27,9398
delta_refusal,27,9439
delta_refusal,27,9467
delta_refusal,27,9509
delta_refusal,27,9546
delta_refusal,27,9611
delta_refusal,27,9615
delta_refusal,27,9670
delta_refusal,27,9703
delta_refusal,27,9712
delta_refusal,27,9786
delta_refusal,27,9837
delta_refusal,27,9862
delta_refusal,27,9877
delta_refusal,27,9891
delta_refusal,27,9905
delta_refusal,27,9951
delta_refusal,27,10033
delta_refusal,27,10073
delta_refusal,27,10078
delta_refusal,27,10102
delta_refusal,27,10151
delta_refusal,27,10167
delta_refusal,27,10195
delta_refusal,27,10213
delta_refusal,27,10215
delta_refusal,27,10222
delta_refusal,27,10244
delta_refusal,27,10260
delta_refusal,27,10267
delta_refusal,27,10276
delta_refusal,27,10385
delta_refusal,27,10459
delta_refusal,27,10473
delta_refusal,27,10494
delta_refusal,27,10500
delta_refusal,27,10583
delta_refusal,27,10599
delta_refusal,27,10708
delta_refusal,27,10726
delta_refusal,27,10817
delta_refusal,27,10829
delta_refusal,27,10850
delta_refusal,27,10854
delta_refusal,27,10864
delta_refusal,27,10884
delta_refusal,27,10938
delta_refusal,27,10993
delta_refusal,27,11029
delta_refusal,27,11076
delta_refusal,27,11133
delta_refusal,27,11170
delta_refusal,27,11172
delta_refusal,27,11226
delta_refusal,27,11265
delta_refusal,27,11298
delta_refusal,27,11330
delta_refusal,27,11426
delta_refusal,27,11497
delta_refusal,27,11498
delta_refusal,27,11539
delta_refusal,27,11567
delta_refusal,27,11664
delta_refusal,27,11728
delta_refusal,27,11803
delta_refusal,27,11812
delta_refusal,27,11829
delta_refusal,27,11877
delta_refusal,27,11885
delta_refusal,27,11991
delta_refusal,27,12044
delta_refusal,27,12113
delta_refusal,27,12188
delta_refusal,27,12191
delta_refusal,27,12204
delta_refusal,27,12311
delta_refusal,27,12319
delta_refusal,27,12329
delta_refusal,27,12348
delta_refusal,27,12367
delta_refusal,27,12428
delta_refusal,27,12455
delta_refusal,27,12496
delta_refusal,27,12582
delta_refusal,27,12584
delta_refusal,27,12606
delta_refusal,27,12622
delta_refusal,27,12653
delta_refusal,27,12660
delta_refusal,27,12673
delta_refusal,27,12768
delta_refusal,27,12792
delta_refusal,27,12806
delta_refusal,27,12818
delta_refusal,27,12844
delta_refusal,27,12853
delta_refusal,27,12865
delta_refusal,27,12889
delta_refusal,27,12956
delta_refusal,27,12983
delta_refusal,27,13298
delta_refusal,27,13321
delta_refusal,27,13337
delta_refusal,27,13451
delta_refusal,27,13454
delta_refusal,27,13526
delta_refusal,27,13605
delta_refusal,27,13620
delta_refusal,27,13646
delta_refusal,27,13657
delta_refusal,27,13710
delta_refusal,27,13714
delta_refusal,27,13857
delta_refusal,27,13977
delta_refusal,27,13988
delta_refusal,27,14067
delta_refusal,27,14076
delta_refusal,27,14108
delta_refusal,27,14157
delta_refusal,27,14222
delta_refusal,27,14241
delta_refusal,27,14242
delta_refusal,27,14255
delta_refusal,27,14272
delta_refusal,27,14295
delta_refusal,28,82
delta_refusal,28,111
delta_refusal,28,127
delta_refusal,28,167
delta_refusal,28,176
delta_refusal,28,182
delta_refusal,28,211
delta_refusal,28,247
delta_refusal,28,265
delta_refusal,28,284
delta_refusal,28,314
delta_refusal,28,320
delta_refusal,28,339
delta_refusal,28,433
delta_refusal,28,437
delta_refusal,28,482
delta_refusal,28,488
delta_refusal,28,509
delta_refusal,28,511
delta_refusal,28,515
delta_refusal,28,547
delta_refusal,28,647
delta_refusal,28,676
delta_refusal,28,722
delta_refusal,28,747
delta_refusal,28,762
delta_refusal,28,781
delta_refusal,28,822
delta_refusal,28,831
delta_refusal,28,845
delta_refusal,28,847
delta_refusal,28,867
delta_refusal,28,947
delta_refusal,28,999
delta_refusal,28,1021
delta_refusal,28,1029
delta_refusal,28,1030
delta_refusal,28,1039
delta_refusal,28,1043
delta_refusal,28,1087
delta_refusal,28,1118
delta_refusal,28,1127
delta_refusal,28,1195
delta_refusal,28,1222
delta_refusal,28,1377
delta_refusal,28,1401
delta_refusal,28,1447
delta_refusal,28,1449
delta_refusal,28,1622
delta_refusal,28,1627
delta_refusal,28,1648
delta_refusal,28,1735
delta_refusal,28,1736
delta_refusal,28,1747
delta_refusal,28,1782
delta_refusal,28,1793
delta_refusal,28,1822
delta_refusal,28,1827
delta_refusal,28,1844
delta_refusal,28,1862
delta_refusal,28,1881
delta_refusal,28,1882
delta_refusal,28,1913
delta_refusal,28,1917
delta_refusal,28,1987
delta_refusal,28,2061
delta_refusal,28,2069
delta_refusal,28,2100
delta_refusal,28,2116
delta_refusal,28,2130
delta_refusal,28,2156
delta_refusal,28,2203
delta_refusal,28,2219
delta_refusal,28,2248
delta_refusal,28,2258
delta_refusal,28,2276
delta_refusal,28,2310
delta_refusal,28,2354
delta_refusal,28,2359
delta_refusal,28,2458
delta_refusal,28,2464
delta_refusal,28,2504
delta_refusal,28,2532
delta_refusal,28,2570
delta_refusal,28,2648
delta_refusal,28,2659
delta_refusal,28,2679
delta_refusal,28,2709
delta_refusal,28,2743
delta_refusal,28,2761
delta_refusal,28,2769
delta_refusal,28,2807
delta_refusal,28,2824
delta_refusal,28,2864
delta_refusal,28,2870
delta_refusal,28,2872
delta_refusal,28,2949
delta_refusal,28,2952
delta_refusal,28,2975
delta_refusal,28,2976
delta_refusal,28,2979
delta_refusal,28,3003
delta_refusal,28,3030
delta_refusal,28,3078
delta_refusal,28,3154
delta_refusal,28,3170
delta_refusal,28,3180
delta_refusal,28,3232
delta_refusal,28,3241
delta_refusal,28,3281
delta_refusal,28,3287
delta_refusal,28,3288
delta_refusal,28,3303
delta_refusal,28,3343
delta_refusal,28,3432
delta_refusal,28,3450
delta_refusal,28,3460
delta_refusal,28,3505
delta_refusal,28,3574
delta_refusal,28,3644
delta_refusal,28,3660
delta_refusal,28,3666
delta_refusal,28,3725
delta_refusal,28,3766
delta_refusal,28,3854
delta_refusal,28,3902
delta_refusal,28,3982
delta_refusal,28,3984
delta_refusal,28,4001
delta_refusal,28,4013
delta_refusal,28,4064
delta_refusal,28,4077
delta_refusal,28,4100
delta_refusal,28,4118
delta_refusal,28,4183
delta_refusal,28,4242
delta_refusal,28,4261
delta_refusal,28,4287
delta_refusal,28,4288
delta_refusal,28,4336
delta_refusal,28,4375
delta_refusal,28,4382
delta_refusal,28,4386
delta_refusal,28,4491
delta_refusal,28,4499
delta_refusal,28,4600
delta_refusal,28,4664
delta_refusal,28,4668
delta_refusal,28,4686
delta_refusal,28,4775
delta_refusal,28,4823
delta_refusal,28,4862
delta_refusal,28,4913
delta_refusal,28,4924
delta_refusal,28,4932
delta_refusal,28,4999
delta_refusal,28,5058
delta_refusal,28,5072
delta_refusal,28,5085
delta_refusal,28,5136
delta_refusal,28,5152
delta_refusal,28,5220
delta_refusal,28,5226
delta_refusal,28,5247
delta_refusal,28,5261
delta_refusal,28,5292
delta_refusal,28,5336
delta_refusal,28,5463
delta_refusal,28,5464
delta_refusal,28,5502
delta_refusal,28,5514
delta_refusal,28,5542
delta_refusal,28,5629
delta_refusal,28,5679
delta_refusal,28,5681
delta_refusal,28,5696
delta_refusal,28,5882
delta_refusal,28,5904
delta_refusal,28,5930
delta_refusal,28,5965
delta_refusal,28,5968
delta_refusal,28,5979
delta_refusal,28,5980
delta_refusal,28,6033
delta_refusal,28,6074
delta_refusal,28,6093
delta_refusal,28,6121
delta_refusal,28,6129
delta_refusal,28,6166
delta_refusal,28,6170
delta_refusal,28,6247
delta_refusal,28,6251
delta_refusal,28,6255
delta_refusal,28,6281
delta_refusal,28,6287
delta_refusal,28,6301
delta_refusal,28,6308
delta_refusal,28,6343
delta_refusal,28,6372
delta_refusal,28,6420
delta_refusal,28,6453
delta_refusal,28,6511
delta_refusal,28,6516
delta_refusal,28,6524
delta_refusal,28,6548
delta_refusal,28,6596
delta_refusal,28,6597
delta_refusal,28,6610
delta_refusal,28,6670
delta_refusal,28,6674
delta_refusal,28,6726
delta_refusal,28,6778
delta_refusal,28,6829
delta_refusal,28,6831
delta_refusal,28,6839
delta_refusal,28,6931
delta_refusal,28,6962
delta_refusal,28,6987
delta_refusal,28,7027
delta_refusal,28,7203
delta_refusal,28,7211
delta_refusal,28,7242
delta_refusal,28,7305
delta_refusal,28,7336
delta_refusal,28,7516
delta_refusal,28,7547
delta_refusal,28,7569
delta_refusal,28,7606
delta_refusal,28,7708
delta_refusal,28,7827
delta_refusal,28,7839
delta_refusal,28,7903
delta_refusal,28,7913
delta_refusal,28,7927
delta_refusal,28,7935
delta_refusal,28,7985
delta_refusal,28,8070
delta_refusal,28,8082
delta_refusal,28,8106
delta_refusal,28,8125
delta_refusal,28,8131
delta_refusal,28,8149
delta_refusal,28,8236
delta_refusal,28,8268
delta_refusal,28,8283
delta_refusal,28,8305
delta_refusal,28,8382
delta_refusal,28,8416
delta_refusal,28,8443
delta_refusal,28,8460
delta_refusal,28,8505
delta_refusal,28,8575
delta_refusal,28,8589
delta_refusal,28,8643
delta_refusal,28,8652
delta_refusal,28,8683
delta_refusal,28,8695
delta_refusal,28,8733
delta_refusal,28,8744
delta_refusal,28,8760
delta_refusal,28,8762
delta_refusal,28,8779
delta_refusal,28,8787
delta_refusal,28,8803
delta_refusal,28,8827
delta_refusal,28,8833
delta_refusal,28,8884
delta_refusal,28,8888
delta_refusal,28,8911
delta_refusal,28,8935
delta_refusal,28,8945
delta_refusal,28,8979
delta_refusal,28,8987
delta_refusal,28,8988
delta_refusal,28,9001
delta_refusal,28,9046
delta_refusal,28,9068
delta_refusal,28,9098
delta_refusal,28,9133
delta_refusal,28,9158
delta_refusal,28,9192
delta_refusal,28,9237
delta_refusal,28,9261
delta_refusal,28,9298
delta_refusal,28,9421
delta_refusal,28,9457
delta_refusal,28,9462
delta_refusal,28,9485
delta_refusal,28,9503
delta_refusal,28,9528
delta_refusal,28,9539
delta_refusal,28,9556
delta_refusal,28,9563
delta_refusal,28,9610
delta_refusal,28,9642
delta_refusal,28,9706
delta_refusal,28,9712
delta_refusal,28,9741
delta_refusal,28,9762
delta_refusal,28,9789
delta_refusal,28,9836
delta_refusal,28,9849
delta_refusal,28,9850
delta_refusal,28,9873
delta_refusal,28,9890
delta_refusal,28,9928
delta_refusal,28,9949
delta_refusal,28,9988
delta_refusal,28,9992
delta_refusal,28,10007
delta_refusal,28,10066
delta_refusal,28,10087
delta_refusal,28,10115
delta_refusal,28,10126
delta_refusal,28,10157
delta_refusal,28,10210
delta_refusal,28,10254
delta_refusal,28,10275
delta_refusal,28,10294
delta_refusal,28,10332
delta_refusal,28,10418
delta_refusal,28,10427
delta_refusal,28,10442
delta_refusal,28,10453
delta_refusal,28,10465
delta_refusal,28,10470
delta_refusal,28,10501
delta_refusal,28,10539
delta_refusal,28,10552
delta_refusal,28,10644
delta_refusal,28,10662
delta_refusal,28,10673
delta_refusal,28,10747
delta_refusal,28,10808
delta_refusal,28,10816
delta_refusal,28,10940
delta_refusal,28,10957
delta_refusal,28,10992
delta_refusal,28,10998
delta_refusal,28,11007
delta_refusal,28,11012
delta_refusal,28,11020
delta_refusal,28,11041
delta_refusal,28,11065
delta_refusal,28,11067
delta_refusal,28,11098
delta_refusal,28,11117
delta_refusal,28,11145
delta_refusal,28,11187
delta_refusal,28,11208
delta_refusal,28,11217
delta_refusal,28,11227
delta_refusal,28,11241
delta_refusal,28,11327
delta_refusal,28,11334
delta_refusal,28,11387
delta_refusal,28,11478
delta_refusal,28,11498
delta_refusal,28,11554
delta_refusal,28,11561
delta_refusal,28,11567
delta_refusal,28,11616
delta_refusal,28,11626
delta_refusal,28,11628
delta_refusal,28,11633
delta_refusal,28,11647
delta_refusal,28,11680
delta_refusal,28,11687
delta_refusal,28,11690
delta_refusal,28,11693
delta_refusal,28,11702
delta_refusal,28,11722
delta_refusal,28,11751
delta_refusal,28,11794
delta_refusal,28,11797
delta_refusal,28,11824
delta_refusal,28,11871
delta_refusal,28,11882
delta_refusal,28,11929
delta_refusal,28,11956
delta_refusal,28,11964
delta_refusal,28,12044
delta_refusal,28,12045
delta_refusal,28,12054
delta_refusal,28,12087
delta_refusal,28,12117
delta_refusal,28,12119
delta_refusal,28,12153
delta_refusal,28,12167
delta_refusal,28,12171
delta_refusal,28,12314
delta_refusal,28,12317
delta_refusal,28,12389
delta_refusal,28,12469
delta_refusal,28,12476
delta_refusal,28,12574
delta_refusal,28,12580
delta_refusal,28,12673
delta_refusal,28,12698
delta_refusal,28,12739
delta_refusal,28,12820
delta_refusal,28,12842
delta_refusal,28,12849
delta_refusal,28,12851
delta_refusal,28,12891
delta_refusal,28,12900
delta_refusal,28,12906
delta_refusal,28,12966
delta_refusal,28,12970
delta_refusal,28,13033
delta_refusal,28,13053
delta_refusal,28,13100
delta_refusal,28,13198
delta_refusal,28,13234
delta_refusal,28,13252
delta_refusal,28,13257
delta_refusal,28,13270
delta_refusal,28,13271
delta_refusal,28,13279
delta_refusal,28,13281
delta_refusal,28,13404
delta_refusal,28,13415
delta_refusal,28,13437
delta_refusal,28,13483
delta_refusal,28,13525
delta_refusal,28,13527
delta_refusal,28,13571
delta_refusal,28,13575
delta_refusal,28,13589
delta_refusal,28,13591
delta_refusal,28,13608
delta_refusal,28,13614
delta_refusal,28,13617
delta_refusal,28,13620
delta_refusal,28,13681
delta_refusal,28,13736
delta_refusal,28,13808
delta_refusal,28,13812
delta_refusal,28,13915
delta_refusal,28,13920
delta_refusal,28,13934
delta_refusal,28,13952
delta_refusal,28,13982
delta_refusal,28,14087
delta_refusal,28,14117
delta_refusal,28,14145
delta_refusal,28,14151
delta_refusal,28,14203
delta_refusal,28,14225
delta_refusal,28,14234
delta_refusal,28,14239
delta_refusal,28,14333
delta_refusal,29,5
delta_refusal,29,14
delta_refusal,29,60
delta_refusal,29,131
delta_refusal,29,137
delta_refusal,29,142
delta_refusal,29,152
delta_refusal,29,153
delta_refusal,29,194
delta_refusal,29,208
delta_refusal,29,223
delta_refusal,29,245
delta_refusal,29,254
delta_refusal,29,258
delta_refusal,29,298
delta_refusal,29,309
delta_refusal,29,321
delta_refusal,29,323
delta_refusal,29,325
delta_refusal,29,331
delta_refusal,29,359
delta_refusal,29,363
delta_refusal,29,371
delta_refusal,29,374
delta_refusal,29,415
delta_refusal,29,417
delta_refusal,29,422
delta_refusal,29,437
delta_refusal,29,438
delta_refusal,29,442
delta_refusal,29,445
delta_refusal,29,446
delta_refusal,29,449
delta_refusal,29,452
delta_refusal,29,467
delta_refusal,29,491
delta_refusal,29,519
delta_refusal,29,523
delta_refusal,29,527
delta_refusal,29,578
delta_refusal,29,582
delta_refusal,29,640
delta_refusal,29,669
delta_refusal,29,677
delta_refusal,29,706
delta_refusal,29,711
delta_refusal,29,729
delta_refusal,29,733
delta_refusal,29,759
delta_refusal,29,763
delta_refusal,29,780
delta_refusal,29,834
delta_refusal,29,868
delta_refusal,29,885
delta_refusal,29,903
delta_refusal,29,904
delta_refusal,29,920
delta_refusal,29,923
delta_refusal,29,926
delta_refusal,29,938
delta_refusal,29,969
delta_refusal,29,995
delta_refusal,29,1004
delta_refusal,29,1040
delta_refusal,29,1082
delta_refusal,29,1114
delta_refusal,29,1134
delta_refusal,29,1141
delta_refusal,29,1168
delta_refusal,29,1173
delta_refusal,29,1175
delta_refusal,29,1183
delta_refusal,29,1189
delta_refusal,29,1217
delta_refusal,29,1222
delta_refusal,29,1246
delta_refusal,29,1251
delta_refusal,29,1301
delta_refusal,29,1338
delta_refusal,29,1347
delta_refusal,29,1355
delta_refusal,29,1362
delta_refusal,29,1366
delta_refusal,29,1410
delta_refusal,29,1458
delta_refusal,29,1471
delta_refusal,29,1493
delta_refusal,29,1499
delta_refusal,29,1521
delta_refusal,29,1527
delta_refusal,29,1536
delta_refusal,29,1563
delta_refusal,29,1583
delta_refusal,29,1585
delta_refusal,29,1594
delta_refusal,29,1637
delta_refusal,29,1706
delta_refusal,29,1711
delta_refusal,29,1756
delta_refusal,29,1773
delta_refusal,29,1798
delta_refusal,29,1819
delta_refusal,29,1848
delta_refusal,29,1871
delta_refusal,29,1882
delta_refusal,29,1890
delta_refusal,29,1937
delta_refusal,29,1955
delta_refusal,29,1963
delta_refusal,29,1971
delta_refusal,29,1976
delta_refusal,29,1980
delta_refusal,29,2021
delta_refusal,29,2057
delta_refusal,29,2105
delta_refusal,29,2117
delta_refusal,29,2142
delta_refusal,29,2167
delta_refusal,29,2205
delta_refusal,29,2223
delta_refusal,29,2262
delta_refusal,29,2268
delta_refusal,29,2322
delta_refusal,29,2325
delta_refusal,29,2353
delta_refusal,29,2401
delta_refusal,29,2406
delta_refusal,29,2410
delta_refusal,29,2437
delta_refusal,29,2456
delta_refusal,29,2463
delta_refusal,29,2490
delta_refusal,29,2532
delta_refusal,29,2536
delta_refusal,29,2570
delta_refusal,29,2581
delta_refusal,29,2589
delta_refusal,29,2606
delta_refusal,29,2633
delta_refusal,29,2646
delta_refusal,29,2672
delta_refusal,29,2702
delta_refusal,29,2749
delta_refusal,29,2754
delta_refusal,29,2790
delta_refusal,29,2797
delta_refusal,29,2805
delta_refusal,29,2810
delta_refusal,29,2823
delta_refusal,29,2833
delta_refusal,29,2844
delta_refusal,29,2846
delta_refusal,29,2849
delta_refusal,29,2877
delta_refusal,29,2947
delta_refusal,29,2956
delta_refusal,29,2987
delta_refusal,29,2989
delta_refusal,29,2995
delta_refusal,29,3005
delta_refusal,29,3036
delta_refusal,29,3041
delta_refusal,29,3123
delta_refusal,29,3127
delta_refusal,29,3135
delta_refusal,29,3182
delta_refusal,29,3188
delta_refusal,29,3264
delta_refusal,29,3308
delta_refusal,29,3309
delta_refusal,29,3311
delta_refusal,29,3426
delta_refusal,29,3436
delta_refusal,29,3438
delta_refusal,29,3459
delta_refusal,29,3460
delta_refusal,29,3490
delta_refusal,29,3494
delta_refusal,29,3544
delta_refusal,29,3568
delta_refusal,29,3576
delta_refusal,29,3593
delta_refusal,29,3674
delta_refusal,29,3675
delta_refusal,29,3688
delta_refusal,29,3716
delta_refusal,29,3727
delta_refusal,29,3735
delta_refusal,29,3746
delta_refusal,29,3752
delta_refusal,29,3757
delta_refusal,29,3783
delta_refusal,29,3786
delta_refusal,29,3842
delta_refusal,29,3849
delta_refusal,29,3852
delta_refusal,29,3853
delta_refusal,29,3856
delta_refusal,29,3859
delta_refusal,29,3918
delta_refusal,29,3924
delta_refusal,29,3978
delta_refusal,29,3979
delta_refusal,29,3985
delta_refusal,29,4027
delta_refusal,29,4035
delta_refusal,29,4048
delta_refusal,29,4054
delta_refusal,29,4091
delta_refusal,29,4094
delta_refusal,29,4110
delta_refusal,29,4115
delta_refusal,29,4145
delta_refusal,29,4151
delta_refusal,29,4186
delta_refusal,29,4200
delta_refusal,29,4202
delta_refusal,29,4210
delta_refusal,29,4211
delta_refusal,29,4221
delta_refusal,29,4257
delta_refusal,29,4267
delta_refusal,29,4343
delta_refusal,29,4386
delta_refusal,29,4387
delta_refusal,29,4418
delta_refusal,29,4474
delta_refusal,29,4481
delta_refusal,29,4509
delta_refusal,29,4526
delta_refusal,29,4543
delta_refusal,29,4607
delta_refusal,29,4638
delta_refusal,29,4645
delta_refusal,29,4650
delta_refusal,29,4655
delta_refusal,29,4680
delta_refusal,29,4682
delta_refusal,29,4700
delta_refusal,29,4704
delta_refusal,29,4734
delta_refusal,29,4739
delta_refusal,29,4767
delta_refusal,29,4770
delta_refusal,29,4776
delta_refusal,29,4790
delta_refusal,29,4791
delta_refusal,29,4825
delta_refusal,29,4831
delta_refusal,29,4887
delta_refusal,29,4918
delta_refusal,29,4924
delta_refusal,29,4951
delta_refusal,29,4960
delta_refusal,29,4964
delta_refusal,29,4995
delta_refusal,29,5030
delta_refusal,29,5045
delta_refusal,29,5129
delta_refusal,29,5130
delta_refusal,29,5148
delta_refusal,29,5182
delta_refusal,29,5230
delta_refusal,29,5301
delta_refusal,29,5338
delta_refusal,29,5363
delta_refusal,29,5405
delta_refusal,29,5417
delta_refusal,29,5427
delta_refusal,29,5434
delta_refusal,29,5440
delta_refusal,29,5446
delta_refusal,29,5467
delta_refusal,29,5476
delta_refusal,29,5479
delta_refusal,29,5500
delta_refusal,29,5539
delta_refusal,29,5567
delta_refusal,29,5574
delta_refusal,29,5591
delta_refusal,29,5601
delta_refusal,29,5610
delta_refusal,29,5725
delta_refusal,29,5746
delta_refusal,29,5776
delta_refusal,29,5787
delta_refusal,29,5809
delta_refusal,29,5848
delta_refusal,29,5910
delta_refusal,29,5977
delta_refusal,29,6026
delta_refusal,29,6050
delta_refusal,29,6052
delta_refusal,29,6063
delta_refusal,29,6066
delta_refusal,29,6100
delta_refusal,29,6133
delta_refusal,29,6144
delta_refusal,29,6182
delta_refusal,29,6183
delta_refusal,29,6201
delta_refusal,29,6216
delta_refusal,29,6225
delta_refusal,29,6227
delta_refusal,29,6231
delta_refusal,29,6238
delta_refusal,29,6274
delta_refusal,29,6322
delta_refusal,29,6333
delta_refusal,29,6348
delta_refusal,29,6368
delta_refusal,29,6374
delta_refusal,29,6380
delta_refusal,29,6400
delta_refusal,29,6407
delta_refusal,29,6435
delta_refusal,29,6445
delta_refusal,29,6490
delta_refusal,29,6495
delta_refusal,29,6544
delta_refusal,29,6561
delta_refusal,29,6606
delta_refusal,29,6609
delta_refusal,29,6614
delta_refusal,29,6623
delta_refusal,29,6636
delta_refusal,29,6665
delta_refusal,29,6676
delta_refusal,29,6709
delta_refusal,29,6711
delta_refusal,29,6751
delta_refusal,29,6754
delta_refusal,29,6789
delta_refusal,29,6800
delta_refusal,29,6820
delta_refusal,29,6830
delta_refusal,29,6857
delta_refusal,29,6859
delta_refusal,29,6869
delta_refusal,29,6874
delta_refusal,29,6890
delta_refusal,29,6903
delta_refusal,29,6954
delta_refusal,29,6974
delta_refusal,29,6978
delta_refusal,29,6982
delta_refusal,29,6997
delta_refusal,29,7023
delta_refusal,29,7025
delta_refusal,29,7064
delta_refusal,29,7086
delta_refusal,29,7098
delta_refusal,29,7118
delta_refusal,29,7139
delta_refusal,29,7142
delta_refusal,29,7161
delta_refusal,29,7163
delta_refusal,29,7164
delta_refusal,29,7173
delta_refusal,29,7194
delta_refusal,29,7199
delta_refusal,29,7241
delta_refusal,29,7249
delta_refusal,29,7272
delta_refusal,29,7276
delta_refusal,29,7310
delta_refusal,29,7318
delta_refusal,29,7327
delta_refusal,29,7328
delta_refusal,29,7338
delta_refusal,29,7345
delta_refusal,29,7347
delta_refusal,29,7349
delta_refusal,29,7369
delta_refusal,29,7377
delta_refusal,29,7384
delta_refusal,29,7435
delta_refusal,29,7438
delta_refusal,29,7446
delta_refusal,29,7453
delta_refusal,29,7454
delta_refusal,29,7459
delta_refusal,29,7498
delta_refusal,29,7505
delta_refusal,29,7514
delta_refusal,29,7519
delta_refusal,29,7523
delta_refusal,29,7538
delta_refusal,29,7540
delta_refusal,29,7548
delta_refusal,29,7551
delta_refusal,29,7574
delta_refusal,29,7603
delta_refusal,29,7620
delta_refusal,29,7667
delta_refusal,29,7670
delta_refusal,29,7675
delta_refusal,29,7691
delta_refusal,29,7700
delta_refusal,29,7702
delta_refusal,29,7715
delta_refusal,29,7723
delta_refusal,29,7726
delta_refusal,29,7777
delta_refusal,29,7785
delta_refusal,29,7807
delta_refusal,29,7809
delta_refusal,29,7810
delta_refusal,29,7847
delta_refusal,29,7855
delta_refusal,29,7864
delta_refusal,29,7874
delta_refusal,29,7876
delta_refusal,29,7893
delta_refusal,29,7906
delta_refusal,29,7975
delta_refusal,29,7988
delta_refusal,29,8018
delta_refusal,29,8037
delta_refusal,29,8059
delta_refusal,29,8088
delta_refusal,29,8107
delta_refusal,29,8110
delta_refusal,29,8159
delta_refusal,29,8171
delta_refusal,29,8216
delta_refusal,29,8239
delta_refusal,29,8275
delta_refusal,29,8301
delta_refusal,29,8307
delta_refusal,29,8320
delta_refusal,29,8326
delta_refusal,29,8350
delta_refusal,29,8355
delta_refusal,29,8394
delta_refusal,29,8409
delta_refusal,29,8427
delta_refusal,29,8448
delta_refusal,29,8509
delta_refusal,29,8533
delta_refusal,29,8534
delta_refusal,29,8557
delta_refusal,29,8568
delta_refusal,29,8593
delta_refusal,29,8600
delta_refusal,29,8625
delta_refusal,29,8642
delta_refusal,29,8656
delta_refusal,29,8663
delta_refusal,29,8667
delta_refusal,29,8696
delta_refusal,29,8705
delta_refusal,29,8784
delta_refusal,29,8791
delta_refusal,29,8820
delta_refusal,29,8841
delta_refusal,29,8845
delta_refusal,29,8858
delta_refusal,29,8862
delta_refusal,29,8905
delta_refusal,29,8917
delta_refusal,29,8932
delta_refusal,29,8959
delta_refusal,29,8961
delta_refusal,29,8969
delta_refusal,29,8993
delta_refusal,29,8996
delta_refusal,29,9004
delta_refusal,29,9016
delta_refusal,29,9049
delta_refusal,29,9050
delta_refusal,29,9053
delta_refusal,29,9077
delta_refusal,29,9080
delta_refusal,29,9083
delta_refusal,29,9084
delta_refusal,29,9094
delta_refusal,29,9099
delta_refusal,29,9117
delta_refusal,29,9121
delta_refusal,29,9170
delta_refusal,29,9227
delta_refusal,29,9228
delta_refusal,29,9229
delta_refusal,29,9241
delta_refusal,29,9247
delta_refusal,29,9262
delta_refusal,29,9267
delta_refusal,29,9295
delta_refusal,29,9312
delta_refusal,29,9316
delta_refusal,29,9345
delta_refusal,29,9377
delta_refusal,29,9480
delta_refusal,29,9483
delta_refusal,29,9487
delta_refusal,29,9491
delta_refusal,29,9494
delta_refusal,29,9530
delta_refusal,29,9562
delta_refusal,29,9571
delta_refusal,29,9595
delta_refusal,29,9632
delta_refusal,29,9638
delta_refusal,29,9649
delta_refusal,29,9662
delta_refusal,29,9675
delta_refusal,29,9682
delta_refusal,29,9685
delta_refusal,29,9691
delta_refusal,29,9718
delta_refusal,29,9750
delta_refusal,29,9759
delta_refusal,29,9799
delta_refusal,29,9833
delta_refusal,29,9854
delta_refusal,29,9869
delta_refusal,29,9883
delta_refusal,29,9885
delta_refusal,29,9886
delta_refusal,29,9923
delta_refusal,29,9954
delta_refusal,29,9969
delta_refusal,29,9972
delta_refusal,29,9999
delta_refusal,29,10018
delta_refusal,29,10022
delta_refusal,29,10035
delta_refusal,29,10087
delta_refusal,29,10121
delta_refusal,29,10158
delta_refusal,29,10162
delta_refusal,29,10191
delta_refusal,29,10242
delta_refusal,29,10243
delta_refusal,29,10246
delta_refusal,29,10281
delta_refusal,29,10291
delta_refusal,29,10308
delta_refusal,29,10342
delta_refusal,29,10358
delta_refusal,29,10367
delta_refusal,29,10382
delta_refusal,29,10387
delta_refusal,29,10393
delta_refusal,29,10394
delta_refusal,29,10410
delta_refusal,29,10481
delta_refusal,29,10548
delta_refusal,29,10571
delta_refusal,29,10586
delta_refusal,29,10596
delta_refusal,29,10607
delta_refusal,29,10656
delta_refusal,29,10713
delta_refusal,29,10726
delta_refusal,29,10729
delta_refusal,29,10749
delta_refusal,29,10787
delta_refusal,29,10833
delta_refusal,29,10852
delta_refusal,29,10867
delta_refusal,29,10872
delta_refusal,29,10891
delta_refusal,29,10909
delta_refusal,29,10925
delta_refusal,29,10935
delta_refusal,29,10947
delta_refusal,29,10958
delta_refusal,29,11005
delta_refusal,29,11059
delta_refusal,29,11082
delta_refusal,29,11095
delta_refusal,29,11100
delta_refusal,29,11112
delta_refusal,29,11140
delta_refusal,29,11160
delta_refusal,29,11179
delta_refusal,29,11181
delta_refusal,29,11191
delta_refusal,29,11317
delta_refusal,29,11326
delta_refusal,29,11439
delta_refusal,29,11445
delta_refusal,29,11457
delta_refusal,29,11461
delta_refusal,29,11467
delta_refusal,29,11490
delta_refusal,29,11492
delta_refusal,29,11532
delta_refusal,29,11533
delta_refusal,29,11543
delta_refusal,29,11551
delta_refusal,29,11568
delta_refusal,29,11591
delta_refusal,29,11592
delta_refusal,29,11623
delta_refusal,29,11642
delta_refusal,29,11649
delta_refusal,29,11650
delta_refusal,29,11655
delta_refusal,29,11671
delta_refusal,29,11696
delta_refusal,29,11740
delta_refusal,29,11785
delta_refusal,29,11791
delta_refusal,29,11794
delta_refusal,29,11797
delta_refusal,29,11800
delta_refusal,29,11819
delta_refusal,29,11824
delta_refusal,29,11830
delta_refusal,29,11835
delta_refusal,29,11843
delta_refusal,29,11857
delta_refusal,29,11880
delta_refusal,29,11885
delta_refusal,29,11890
delta_refusal,29,11909
delta_refusal,29,11929
delta_refusal,29,11932
delta_refusal,29,11947
delta_refusal,29,11961
delta_refusal,29,11969
delta_refusal,29,12010
delta_refusal,29,12041
delta_refusal,29,12052
delta_refusal,29,12055
delta_refusal,29,12072
delta_refusal,29,12091
delta_refusal,29,12092
delta_refusal,29,12120
delta_refusal,29,12141
delta_refusal,29,12147
delta_refusal,29,12150
delta_refusal,29,12155
delta_refusal,29,12163
delta_refusal,29,12187
delta_refusal,29,12214
delta_refusal,29,12245
delta_refusal,29,12248
delta_refusal,29,12265
delta_refusal,29,12297
delta_refusal,29,12322
delta_refusal,29,12456
delta_refusal,29,12469
delta_refusal,29,12470
delta_refusal,29,12475
delta_refusal,29,12505
delta_refusal,29,12522
delta_refusal,29,12561
delta_refusal,29,12562
delta_refusal,29,12570
delta_refusal,29,12574
delta_refusal,29,12590
delta_refusal,29,12591
delta_refusal,29,12613
delta_refusal,29,12657
delta_refusal,29,12671
delta_refusal,29,12708
delta_refusal,29,12709
delta_refusal,29,12775
delta_refusal,29,12799
delta_refusal,29,12820
delta_refusal,29,12825
delta_refusal,29,12847
delta_refusal,29,12850
delta_refusal,29,12858
delta_refusal,29,12880
delta_refusal,29,12937
delta_refusal,29,12976
delta_refusal,29,12988
delta_refusal,29,12998
delta_refusal,29,13028
delta_refusal,29,13042
delta_refusal,29,13072
delta_refusal,29,13073
delta_refusal,29,13118
delta_refusal,29,13120
delta_refusal,29,13143
delta_refusal,29,13168
delta_refusal,29,13181
delta_refusal,29,13217
delta_refusal,29,13221
delta_refusal,29,13238
delta_refusal,29,13254
delta_refusal,29,13257
delta_refusal,29,13267
delta_refusal,29,13272
delta_refusal,29,13286
delta_refusal,29,13328
delta_refusal,29,13329
delta_refusal,29,13335
delta_refusal,29,13350
delta_refusal,29,13388
delta_refusal,29,13401
delta_refusal,29,13413
delta_refusal,29,13422
delta_refusal,29,13471
delta_refusal,29,13563
delta_refusal,29,13594
delta_refusal,29,13660
delta_refusal,29,13675
delta_refusal,29,13691
delta_refusal,29,13704
delta_refusal,29,13745
delta_refusal,29,13748
delta_refusal,29,13750
delta_refusal,29,13751
delta_refusal,29,13785
delta_refusal,29,13799
delta_refusal,29,13822
delta_refusal,29,13826
delta_refusal,29,13915
delta_refusal,29,13940
delta_refusal,29,13959
delta_refusal,29,13971
delta_refusal,29,13979
delta_refusal,29,13982
delta_refusal,29,13985
delta_refusal,29,14004
delta_refusal,29,14020
delta_refusal,29,14025
delta_refusal,29,14090
delta_refusal,29,14109
delta_refusal,29,14120
delta_refusal,29,14136
delta_refusal,29,14165
delta_refusal,29,14181
delta_refusal,29,14188
delta_refusal,29,14193
delta_refusal,29,14223
delta_refusal,29,14225
delta_refusal,29,14251
delta_refusal,29,14303
delta_refusal,30,1
delta_refusal,30,23
delta_refusal,30,48
delta_refusal,30,53
delta_refusal,30,58
delta_refusal,30,66
delta_refusal,30,82
delta_refusal,30,85
delta_refusal,30,87
delta_refusal,30,89
delta_refusal,30,97
delta_refusal,30,106
delta_refusal,30,125
delta_refusal,30,145
delta_refusal,30,154
delta_refusal,30,164
delta_refusal,30,172
delta_refusal,30,176
delta_refusal,30,177
delta_refusal,30,198
delta_refusal,30,213
delta_refusal,30,218
delta_refusal,30,225
delta_refusal,30,233
delta_refusal,30,251
delta_refusal,30,253
delta_refusal,30,261
delta_refusal,30,280
delta_refusal,30,283
delta_refusal,30,286
delta_refusal,30,290
delta_refusal,30,292
delta_refusal,30,305
delta_refusal,30,315
delta_refusal,30,316
delta_refusal,30,323
delta_refusal,30,324
delta_refusal,30,340
delta_refusal,30,356
delta_refusal,30,366
delta_refusal,30,367
delta_refusal,30,392
delta_refusal,30,393
delta_refusal,30,398
delta_refusal,30,420
delta_refusal,30,422
delta_refusal,30,423
delta_refusal,30,457
delta_refusal,30,458
delta_refusal,30,459
delta_refusal,30,468
delta_refusal,30,510
delta_refusal,30,524
delta_refusal,30,525
delta_refusal,30,540
delta_refusal,30,559
delta_refusal,30,567
delta_refusal,30,583
delta_refusal,30,594
delta_refusal,30,602
delta_refusal,30,603
delta_refusal,30,618
delta_refusal,30,623
delta_refusal,30,625
delta_refusal,30,635
delta_refusal,30,644
delta_refusal,30,652
delta_refusal,30,655
delta_refusal,30,659
delta_refusal,30,660
delta_refusal,30,676
delta_refusal,30,677
delta_refusal,30,694
delta_refusal,30,711
delta_refusal,30,721
delta_refusal,30,733
delta_refusal,30,735
delta_refusal,30,742
delta_refusal,30,745
delta_refusal,30,754
delta_refusal,30,762
delta_refusal,30,765
delta_refusal,30,767
delta_refusal,30,779
delta_refusal,30,780
delta_refusal,30,792
delta_refusal,30,803
delta_refusal,30,806
delta_refusal,30,810
delta_refusal,30,822
delta_refusal,30,827
delta_refusal,30,838
delta_refusal,30,839
delta_refusal,30,840
delta_refusal,30,845
delta_refusal,30,857
delta_refusal,30,864
delta_refusal,30,872
delta_refusal,30,873
delta_refusal,30,890
delta_refusal,30,900
delta_refusal,30,904
delta_refusal,30,906
delta_refusal,30,923
delta_refusal,30,924
delta_refusal,30,936
delta_refusal,30,956
delta_refusal,30,965
delta_refusal,30,970
delta_refusal,30,981
delta_refusal,30,984
delta_refusal,30,987
delta_refusal,30,1003
delta_refusal,30,1004
delta_refusal,30,1005
delta_refusal,30,1007
delta_refusal,30,1017
delta_refusal,30,1058
delta_refusal,30,1060
delta_refusal,30,1082
delta_refusal,30,1087
delta_refusal,30,1119
delta_refusal,30,1124
delta_refusal,30,1130
delta_refusal,30,1132
delta_refusal,30,1152
delta_refusal,30,1170
delta_refusal,30,1171
delta_refusal,30,1176
delta_refusal,30,1179
delta_refusal,30,1192
delta_refusal,30,1200
delta_refusal,30,1213
delta_refusal,30,1221
delta_refusal,30,1222
delta_refusal,30,1244
delta_refusal,30,1246
delta_refusal,30,1247
delta_refusal,30,1250
delta_refusal,30,1258
delta_refusal,30,1261
delta_refusal,30,1262
delta_refusal,30,1274
delta_refusal,30,1290
delta_refusal,30,1295
delta_refusal,30,1306
delta_refusal,30,1307
delta_refusal,30,1310
delta_refusal,30,1314
delta_refusal,30,1316
delta_refusal,30,1318
delta_refusal,30,1322
delta_refusal,30,1326
delta_refusal,30,1335
delta_refusal,30,1347
delta_refusal,30,1377
delta_refusal,30,1384
delta_refusal,30,1395
delta_refusal,30,1407
delta_refusal,30,1418
delta_refusal,30,1421
delta_refusal,30,1425
delta_refusal,30,1426
delta_refusal,30,1427
delta_refusal,30,1429
delta_refusal,30,1435
delta_refusal,30,1442
delta_refusal,30,1457
delta_refusal,30,1458
delta_refusal,30,1464
delta_refusal,30,1466
delta_refusal,30,1467
delta_refusal,30,1472
delta_refusal,30,1482
delta_refusal,30,1486
delta_refusal,30,1502
delta_refusal,30,1505
delta_refusal,30,1517
delta_refusal,30,1521
delta_refusal,30,1524
delta_refusal,30,1528
delta_refusal,30,1529
delta_refusal,30,1530
delta_refusal,30,1544
delta_refusal,30,1550
delta_refusal,30,1551
delta_refusal,30,1557
delta_refusal,30,1561
delta_refusal,30,1562
delta_refusal,30,1576
delta_refusal,30,1586
delta_refusal,30,1589
delta_refusal,30,1602
delta_refusal,30,1611
delta_refusal,30,1617
delta_refusal,30,1625
delta_refusal,30,1628
delta_refusal,30,1630
delta_refusal,30,1631
delta_refusal,30,1637
delta_refusal,30,1639
delta_refusal,30,1652
delta_refusal,30,1671
delta_refusal,30,1676
delta_refusal,30,1680
delta_refusal,30,1698
delta_refusal,30,1721
delta_refusal,30,1732
delta_refusal,30,1752
delta_refusal,30,1754
delta_refusal,30,1773
delta_refusal,30,1777
delta_refusal,30,1781
delta_refusal,30,1785
delta_refusal,30,1793
delta_refusal,30,1795
delta_refusal,30,1797
delta_refusal,30,1801
delta_refusal,30,1812
delta_refusal,30,1816
delta_refusal,30,1824
delta_refusal,30,1825
delta_refusal,30,1834
delta_refusal,30,1835
delta_refusal,30,1851
delta_refusal,30,1865
delta_refusal,30,1873
delta_refusal,30,1885
delta_refusal,30,1898
delta_refusal,30,1907
delta_refusal,30,1909
delta_refusal,30,1911
delta_refusal,30,1935
delta_refusal,30,1943
delta_refusal,30,1952
delta_refusal,30,1953
delta_refusal,30,1975
delta_refusal,30,1976
delta_refusal,30,1994
delta_refusal,30,1999
delta_refusal,30,2000
delta_refusal,30,2026
delta_refusal,30,2027
delta_refusal,30,2041
delta_refusal,30,2053
delta_refusal,30,2058
delta_refusal,30,2062
delta_refusal,30,2072
delta_refusal,30,2074
delta_refusal,30,2079
delta_refusal,30,2085
delta_refusal,30,2087
delta_refusal,30,2099
delta_refusal,30,2105
delta_refusal,30,2120
delta_refusal,30,2142
delta_refusal,30,2145
delta_refusal,30,2146
delta_refusal,30,2164
delta_refusal,30,2172
delta_refusal,30,2184
delta_refusal,30,2192
delta_refusal,30,2203
delta_refusal,30,2226
delta_refusal,30,2236
delta_refusal,30,2237
delta_refusal,30,2273
delta_refusal,30,2276
delta_refusal,30,2306
delta_refusal,30,2310
delta_refusal,30,2318
delta_refusal,30,2319
delta_refusal,30,2329
delta_refusal,30,2333
delta_refusal,30,2334
delta_refusal,30,2338
delta_refusal,30,2341
delta_refusal,30,2369
delta_refusal,30,2371
delta_refusal,30,2373
delta_refusal,30,2374
delta_refusal,30,2403
delta_refusal,30,2406
delta_refusal,30,2420
delta_refusal,30,2425
delta_refusal,30,2427
delta_refusal,30,2442
delta_refusal,30,2458
delta_refusal,30,2459
delta_refusal,30,2465
delta_refusal,30,2470
delta_refusal,30,2474
delta_refusal,30,2486
delta_refusal,30,2503
delta_refusal,30,2507
delta_refusal,30,2513
delta_refusal,30,2525
delta_refusal,30,2532
delta_refusal,30,2539
delta_refusal,30,2549
delta_refusal,30,2595
delta_refusal,30,2596
delta_refusal,30,2601
delta_refusal,30,2615
delta_refusal,30,2627
delta_refusal,30,2631
delta_refusal,30,2634
delta_refusal,30,2640
delta_refusal,30,2648
delta_refusal,30,2653
delta_refusal,30,2671
delta_refusal,30,2676
delta_refusal,30,2683
delta_refusal,30,2688
delta_refusal,30,2694
delta_refusal,30,2706
delta_refusal,30,2709
delta_refusal,30,2719
delta_refusal,30,2724
delta_refusal,30,2730
delta_refusal,30,2741
delta_refusal,30,2745
delta_refusal,30,2753
delta_refusal,30,2767
delta_refusal,30,2782
delta_refusal,30,2784
delta_refusal,30,2791
delta_refusal,30,2792
delta_refusal,30,2804
delta_refusal,30,2806
delta_refusal,30,2809
delta_refusal,30,2815
delta_refusal,30,2821
delta_refusal,30,2825
delta_refusal,30,2851
delta_refusal,30,2857
delta_refusal,30,2879
delta_refusal,30,2881
delta_refusal,30,2913
delta_refusal,30,2932
delta_refusal,30,2955
delta_refusal,30,2966
delta_refusal,30,2967
delta_refusal,30,2969
delta_refusal,30,2974
delta_refusal,30,2986
delta_refusal,30,2987
delta_refusal,30,3001
delta_refusal,30,3006
delta_refusal,30,3030
delta_refusal,30,3033
delta_refusal,30,3047
delta_refusal,30,3058
delta_refusal,30,3077
delta_refusal,30,3084
delta_refusal,30,3086
delta_refusal,30,3093
delta_refusal,30,3094
delta_refusal,30,3099
delta_refusal,30,3130
delta_refusal,30,3141
delta_refusal,30,3153
delta_refusal,30,3165
delta_refusal,30,3169
delta_refusal,30,3175
delta_refusal,30,3183
delta_refusal,30,3215
delta_refusal,30,3226
delta_refusal,30,3227
delta_refusal,30,3231
delta_refusal,30,3243
delta_refusal,30,3244
delta_refusal,30,3289
delta_refusal,30,3296
delta_refusal,30,3297
delta_refusal,30,3309
delta_refusal,30,3318
delta_refusal,30,3326
delta_refusal,30,3331
delta_refusal,30,3336
delta_refusal,30,3342
delta_refusal,30,3346
delta_refusal,30,3351
delta_refusal,30,3355
delta_refusal,30,3357
delta_refusal,30,3364
delta_refusal,30,3382
delta_refusal,30,3388
delta_refusal,30,3415
delta_refusal,30,3418
delta_refusal,30,3423
delta_refusal,30,3436
delta_refusal,30,3437
delta_refusal,30,3453
delta_refusal,30,3460
delta_refusal,30,3466
delta_refusal,30,3491
delta_refusal,30,3498
delta_refusal,30,3512
delta_refusal,30,3513
delta_refusal,30,3524
delta_refusal,30,3536
delta_refusal,30,3546
delta_refusal,30,3553
delta_refusal,30,3557
delta_refusal,30,3558
delta_refusal,30,3569
delta_refusal,30,3583
delta_refusal,30,3584
delta_refusal,30,3585
delta_refusal,30,3600
delta_refusal,30,3616
delta_refusal,30,3657
delta_refusal,30,3668
delta_refusal,30,3675
delta_refusal,30,3695
delta_refusal,30,3699
delta_refusal,30,3700
delta_refusal,30,3705
delta_refusal,30,3708
delta_refusal,30,3709
delta_refusal,30,3713
delta_refusal,30,3727
delta_refusal,30,3729
delta_refusal,30,3736
delta_refusal,30,3739
delta_refusal,30,3750
delta_refusal,30,3752
delta_refusal,30,3757
delta_refusal,30,3786
delta_refusal,30,3788
delta_refusal,30,3798
delta_refusal,30,3805
delta_refusal,30,3811
delta_refusal,30,3817
delta_refusal,30,3843
delta_refusal,30,3851
delta_refusal,30,3853
delta_refusal,30,3862
delta_refusal,30,3864
delta_refusal,30,3873
delta_refusal,30,3892
delta_refusal,30,3898
delta_refusal,30,3903
delta_refusal,30,3916
delta_refusal,30,3920
delta_refusal,30,3930
delta_refusal,30,3933
delta_refusal,30,3937
delta_refusal,30,3942
delta_refusal,30,3943
delta_refusal,30,3946
delta_refusal,30,3947
delta_refusal,30,3954
delta_refusal,30,3958
delta_refusal,30,3961
delta_refusal,30,3963
delta_refusal,30,3970
delta_refusal,30,3981
delta_refusal,30,3996
delta_refusal,30,4004
delta_refusal,30,4012
delta_refusal,30,4015
delta_refusal,30,4026
delta_refusal,30,4028
delta_refusal,30,4030
delta_refusal,30,4032
delta_refusal,30,4035
delta_refusal,30,4037
delta_refusal,30,4039
delta_refusal,30,4040
delta_refusal,30,4074
delta_refusal,30,4077
delta_refusal,30,4081
delta_refusal,30,4118
delta_refusal,30,4135
delta_refusal,30,4149
delta_refusal,30,4150
delta_refusal,30,4157
delta_refusal,30,4170
delta_refusal,30,4177
delta_refusal,30,4181
delta_refusal,30,4182
delta_refusal,30,4195
delta_refusal,30,4229
delta_refusal,30,4234
delta_refusal,30,4257
delta_refusal,30,4260
delta_refusal,30,4262
delta_refusal,30,4269
delta_refusal,30,4293
delta_refusal,30,4306
delta_refusal,30,4314
delta_refusal,30,4315
delta_refusal,30,4318
delta_refusal,30,4335
delta_refusal,30,4338
delta_refusal,30,4341
delta_refusal,30,4355
delta_refusal,30,4356
delta_refusal,30,4357
delta_refusal,30,4368
delta_refusal,30,4372
delta_refusal,30,4373
delta_refusal,30,4381
delta_refusal,30,4385
delta_refusal,30,4391
delta_refusal,30,4393
delta_refusal,30,4394
delta_refusal,30,4396
delta_refusal,30,4435
delta_refusal,30,4438
delta_refusal,30,4471
delta_refusal,30,4472
delta_refusal,30,4488
delta_refusal,30,4497
delta_refusal,30,4506
delta_refusal,30,4525
delta_refusal,30,4530
delta_refusal,30,4540
delta_refusal,30,4542
delta_refusal,30,4560
delta_refusal,30,4576
delta_refusal,30,4577
delta_refusal,30,4583
delta_refusal,30,4592
delta_refusal,30,4599
delta_refusal,30,4609
delta_refusal,30,4614
delta_refusal,30,4626
delta_refusal,30,4645
delta_refusal,30,4652
delta_refusal,30,4653
delta_refusal,30,4657
delta_refusal,30,4661
delta_refusal,30,4678
delta_refusal,30,4685
delta_refusal,30,4688
delta_refusal,30,4694
delta_refusal,30,4712
delta_refusal,30,4717
delta_refusal,30,4727
delta_refusal,30,4743
delta_refusal,30,4757
delta_refusal,30,4762
delta_refusal,30,4768
delta_refusal,30,4770
delta_refusal,30,4772
delta_refusal,30,4788
delta_refusal,30,4801
delta_refusal,30,4803
delta_refusal,30,4804
delta_refusal,30,4808
delta_refusal,30,4832
delta_refusal,30,4836
delta_refusal,30,4846
delta_refusal,30,4873
delta_refusal,30,4893
delta_refusal,30,4903
delta_refusal,30,4911
delta_refusal,30,4920
delta_refusal,30,4936
delta_refusal,30,4943
delta_refusal,30,4956
delta_refusal,30,4957
delta_refusal,30,4961
delta_refusal,30,4966
delta_refusal,30,4974
delta_refusal,30,4977
delta_refusal,30,4987
delta_refusal,30,4994
delta_refusal,30,4998
delta_refusal,30,5023
delta_refusal,30,5024
delta_refusal,30,5027
delta_refusal,30,5049
delta_refusal,30,5073
delta_refusal,30,5081
delta_refusal,30,5097
delta_refusal,30,5101
delta_refusal,30,5103
delta_refusal,30,5116
delta_refusal,30,5121
delta_refusal,30,5132
delta_refusal,30,5140
delta_refusal,30,5149
delta_refusal,30,5159
delta_refusal,30,5168
delta_refusal,30,5186
delta_refusal,30,5196
delta_refusal,30,5212
delta_refusal,30,5213
delta_refusal,30,5222
delta_refusal,30,5224
delta_refusal,30,5227
delta_refusal,30,5235
delta_refusal,30,5249
delta_refusal,30,5264
delta_refusal,30,5265
delta_refusal,30,5280
delta_refusal,30,5285
delta_refusal,30,5286
delta_refusal,30,5290
delta_refusal,30,5293
delta_refusal,30,5301
delta_refusal,30,5306
delta_refusal,30,5311
delta_refusal,30,5320
delta_refusal,30,5323
delta_refusal,30,5327
delta_refusal,30,5336
delta_refusal,30,5341
delta_refusal,30,5354
delta_refusal,30,5355
delta_refusal,30,5358
delta_refusal,30,5359
delta_refusal,30,5366
delta_refusal,30,5372
delta_refusal,30,5375
delta_refusal,30,5380
delta_refusal,30,5399
delta_refusal,30,5414
delta_refusal,30,5421
delta_refusal,30,5427
delta_refusal,30,5430
delta_refusal,30,5439
delta_refusal,30,5451
delta_refusal,30,5454
delta_refusal,30,5473
delta_refusal,30,5480
delta_refusal,30,5496
delta_refusal,30,5509
delta_refusal,30,5526
delta_refusal,30,5531
delta_refusal,30,5533
delta_refusal,30,5542
delta_refusal,30,5547
delta_refusal,30,5549
delta_refusal,30,5570
delta_refusal,30,5628
delta_refusal,30,5640
delta_refusal,30,5650
delta_refusal,30,5667
delta_refusal,30,5671
delta_refusal,30,5680
delta_refusal,30,5691
delta_refusal,30,5707
delta_refusal,30,5710
delta_refusal,30,5741
delta_refusal,30,5752
delta_refusal,30,5760
delta_refusal,30,5765
delta_refusal,30,5769
delta_refusal,30,5785
delta_refusal,30,5789
delta_refusal,30,5793
delta_refusal,30,5794
delta_refusal,30,5797
delta_refusal,30,5803
delta_refusal,30,5805
delta_refusal,30,5814
delta_refusal,30,5821
delta_refusal,30,5834
delta_refusal,30,5852
delta_refusal,30,5853
delta_refusal,30,5855
delta_refusal,30,5860
delta_refusal,30,5864
delta_refusal,30,5870
delta_refusal,30,5871
delta_refusal,30,5872
delta_refusal,30,5877
delta_refusal,30,5884
delta_refusal,30,5889
delta_refusal,30,5892
delta_refusal,30,5897
delta_refusal,30,5905
delta_refusal,30,5912
delta_refusal,30,5915
delta_refusal,30,5931
delta_refusal,30,5936
delta_refusal,30,5943
delta_refusal,30,5946
delta_refusal,30,5948
delta_refusal,30,5951
delta_refusal,30,5952
delta_refusal,30,5959
delta_refusal,30,5969
delta_refusal,30,5996
delta_refusal,30,6010
delta_refusal,30,6033
delta_refusal,30,6045
delta_refusal,30,6073
delta_refusal,30,6080
delta_refusal,30,6094
delta_refusal,30,6105
delta_refusal,30,6107
delta_refusal,30,6118
delta_refusal,30,6122
delta_refusal,30,6136
delta_refusal,30,6148
delta_refusal,30,6156
delta_refusal,30,6159
delta_refusal,30,6165
delta_refusal,30,6181
delta_refusal,30,6195
delta_refusal,30,6203
delta_refusal,30,6209
delta_refusal,30,6225
delta_refusal,30,6228
delta_refusal,30,6233
delta_refusal,30,6242
delta_refusal,30,6269
delta_refusal,30,6285
delta_refusal,30,6286
delta_refusal,30,6298
delta_refusal,30,6300
delta_refusal,30,6313
delta_refusal,30,6321
delta_refusal,30,6336
delta_refusal,30,6351
delta_refusal,30,6359
delta_refusal,30,6360
delta_refusal,30,6372
delta_refusal,30,6378
delta_refusal,30,6381
delta_refusal,30,6383
delta_refusal,30,6387
delta_refusal,30,6390
delta_refusal,30,6391
delta_refusal,30,6393
delta_refusal,30,6396
delta_refusal,30,6397
delta_refusal,30,6423
delta_refusal,30,6424
delta_refusal,30,6433
delta_refusal,30,6442
delta_refusal,30,6460
delta_refusal,30,6462
delta_refusal,30,6471
delta_refusal,30,6479
delta_refusal,30,6481
delta_refusal,30,6483
delta_refusal,30,6491
delta_refusal,30,6533
delta_refusal,30,6539
delta_refusal,30,6564
delta_refusal,30,6583
delta_refusal,30,6592
delta_refusal,30,6595
delta_refusal,30,6602
delta_refusal,30,6603
delta_refusal,30,6610
delta_refusal,30,6618
delta_refusal,30,6619
delta_refusal,30,6623
delta_refusal,30,6625
delta_refusal,30,6648
delta_refusal,30,6653
delta_refusal,30,6661
delta_refusal,30,6663
delta_refusal,30,6674
delta_refusal,30,6695
delta_refusal,30,6702
delta_refusal,30,6704
delta_refusal,30,6712
delta_refusal,30,6716
delta_refusal,30,6718
delta_refusal,30,6725
delta_refusal,30,6754
delta_refusal,30,6760
delta_refusal,30,6764
delta_refusal,30,6769
delta_refusal,30,6771
delta_refusal,30,6782
delta_refusal,30,6803
delta_refusal,30,6812
delta_refusal,30,6814
delta_refusal,30,6816
delta_refusal,30,6829
delta_refusal,30,6831
delta_refusal,30,6838
delta_refusal,30,6846
delta_refusal,30,6853
delta_refusal,30,6854
delta_refusal,30,6858
delta_refusal,30,6859
delta_refusal,30,6863
delta_refusal,30,6866
delta_refusal,30,6867
delta_refusal,30,6871
delta_refusal,30,6873
delta_refusal,30,6894
delta_refusal,30,6897
delta_refusal,30,6906
delta_refusal,30,6931
delta_refusal,30,6932
delta_refusal,30,6936
delta_refusal,30,6937
delta_refusal,30,6954
delta_refusal,30,6964
delta_refusal,30,6970
delta_refusal,30,6976
delta_refusal,30,6983
delta_refusal,30,6989
delta_refusal,30,6993
delta_refusal,30,6999
delta_refusal,30,7016
delta_refusal,30,7026
delta_refusal,30,7029
delta_refusal,30,7044
delta_refusal,30,7054
delta_refusal,30,7055
delta_refusal,30,7060
delta_refusal,30,7063
delta_refusal,30,7074
delta_refusal,30,7076
delta_refusal,30,7078
delta_refusal,30,7090
delta_refusal,30,7091
delta_refusal,30,7097
delta_refusal,30,7106
delta_refusal,30,7108
delta_refusal,30,7110
delta_refusal,30,7112
delta_refusal,30,7127
delta_refusal,30,7129
delta_refusal,30,7133
delta_refusal,30,7146
delta_refusal,30,7172
delta_refusal,30,7177
delta_refusal,30,7185
delta_refusal,30,7187
delta_refusal,30,7200
delta_refusal,30,7204
delta_refusal,30,7214
delta_refusal,30,7228
delta_refusal,30,7230
delta_refusal,30,7243
delta_refusal,30,7260
delta_refusal,30,7274
delta_refusal,30,7275
delta_refusal,30,7288
delta_refusal,30,7293
delta_refusal,30,7294
delta_refusal,30,7304
delta_refusal,30,7305
delta_refusal,30,7310
delta_refusal,30,7311
delta_refusal,30,7324
delta_refusal,30,7329
delta_refusal,30,7330
delta_refusal,30,7331
delta_refusal,30,7352
delta_refusal,30,7358
delta_refusal,30,7378
delta_refusal,30,7388
delta_refusal,30,7394
delta_refusal,30,7409
delta_refusal,30,7410
delta_refusal,30,7418
delta_refusal,30,7421
delta_refusal,30,7422
delta_refusal,30,7428
delta_refusal,30,7432
delta_refusal,30,7435
delta_refusal,30,7449
delta_refusal,30,7460
delta_refusal,30,7463
delta_refusal,30,7470
delta_refusal,30,7473
delta_refusal,30,7492
delta_refusal,30,7518
delta_refusal,30,7538
delta_refusal,30,7542
delta_refusal,30,7545
delta_refusal,30,7546
delta_refusal,30,7550
delta_refusal,30,7564
delta_refusal,30,7565
delta_refusal,30,7587
delta_refusal,30,7591
delta_refusal,30,7593
delta_refusal,30,7594
delta_refusal,30,7595
delta_refusal,30,7612
delta_refusal,30,7622
delta_refusal,30,7643
delta_refusal,30,7656
delta_refusal,30,7660
delta_refusal,30,7663
delta_refusal,30,7668
delta_refusal,30,7675
delta_refusal,30,7697
delta_refusal,30,7715
delta_refusal,30,7724
delta_refusal,30,7727
delta_refusal,30,7740
delta_refusal,30,7748
delta_refusal,30,7762
delta_refusal,30,7763
delta_refusal,30,7806
delta_refusal,30,7810
delta_refusal,30,7813
delta_refusal,30,7819
delta_refusal,30,7825
delta_refusal,30,7863
delta_refusal,30,7864
delta_refusal,30,7866
delta_refusal,30,7872
delta_refusal,30,7878
delta_refusal,30,7886
delta_refusal,30,7904
delta_refusal,30,7929
delta_refusal,30,7949
delta_refusal,30,7953
delta_refusal,30,7954
delta_refusal,30,7966
delta_refusal,30,7972
delta_refusal,30,7973
delta_refusal,30,7983
delta_refusal,30,7985
delta_refusal,30,8003
delta_refusal,30,8005
delta_refusal,30,8010
delta_refusal,30,8011
delta_refusal,30,8023
delta_refusal,30,8028
delta_refusal,30,8029
delta_refusal,30,8030
delta_refusal,30,8043
delta_refusal,30,8049
delta_refusal,30,8059
delta_refusal,30,8075
delta_refusal,30,8076
delta_refusal,30,8080
delta_refusal,30,8097
delta_refusal,30,8106
delta_refusal,30,8119
delta_refusal,30,8127
delta_refusal,30,8142
delta_refusal,30,8157
delta_refusal,30,8189
delta_refusal,30,8212
delta_refusal,30,8213
delta_refusal,30,8223
delta_refusal,30,8225
delta_refusal,30,8226
delta_refusal,30,8227
delta_refusal,30,8241
delta_refusal,30,8242
delta_refusal,30,8249
delta_refusal,30,8257
delta_refusal,30,8271
delta_refusal,30,8273
delta_refusal,30,8277
delta_refusal,30,8283
delta_refusal,30,8287
delta_refusal,30,8289
delta_refusal,30,8298
delta_refusal,30,8312
delta_refusal,30,8316
delta_refusal,30,8321
delta_refusal,30,8336
delta_refusal,30,8346
delta_refusal,30,8350
delta_refusal,30,8361
delta_refusal,30,8364
delta_refusal,30,8365
delta_refusal,30,8373
delta_refusal,30,8382
delta_refusal,30,8386
delta_refusal,30,8388
delta_refusal,30,8392
delta_refusal,30,8401
delta_refusal,30,8408
delta_refusal,30,8412
delta_refusal,30,8418
delta_refusal,30,8424
delta_refusal,30,8431
delta_refusal,30,8441
delta_refusal,30,8445
delta_refusal,30,8449
delta_refusal,30,8454
delta_refusal,30,8460
delta_refusal,30,8462
delta_refusal,30,8472
delta_refusal,30,8475
delta_refusal,30,8477
delta_refusal,30,8478
delta_refusal,30,8482
delta_refusal,30,8485
delta_refusal,30,8491
delta_refusal,30,8495
delta_refusal,30,8498
delta_refusal,30,8539
delta_refusal,30,8560
delta_refusal,30,8562
delta_refusal,30,8571
delta_refusal,30,8573
delta_refusal,30,8585
delta_refusal,30,8589
delta_refusal,30,8614
delta_refusal,30,8621
delta_refusal,30,8627
delta_refusal,30,8631
delta_refusal,30,8634
delta_refusal,30,8639
delta_refusal,30,8644
delta_refusal,30,8663
delta_refusal,30,8666
delta_refusal,30,8669
delta_refusal,30,8677
delta_refusal,30,8685
delta_refusal,30,8711
delta_refusal,30,8716
delta_refusal,30,8717
delta_refusal,30,8726
delta_refusal,30,8747
delta_refusal,30,8762
delta_refusal,30,8775
delta_refusal,30,8779
delta_refusal,30,8784
delta_refusal,30,8817
delta_refusal,30,8819
delta_refusal,30,8822
delta_refusal,30,8832
delta_refusal,30,8843
delta_refusal,30,8845
delta_refusal,30,8875
delta_refusal,30,8876
delta_refusal,30,8903
delta_refusal,30,8919
delta_refusal,30,8932
delta_refusal,30,8935
delta_refusal,30,8937
delta_refusal,30,8942
delta_refusal,30,8945
delta_refusal,30,8956
delta_refusal,30,8957
delta_refusal,30,8958
delta_refusal,30,8960
delta_refusal,30,8979
delta_refusal,30,9000
delta_refusal,30,9006
delta_refusal,30,9027
delta_refusal,30,9028
delta_refusal,30,9043
delta_refusal,30,9049
delta_refusal,30,9061
delta_refusal,30,9075
delta_refusal,30,9086
delta_refusal,30,9101
delta_refusal,30,9105
delta_refusal,30,9114
delta_refusal,30,9123
delta_refusal,30,9125
delta_refusal,30,9127
delta_refusal,30,9128
delta_refusal,30,9135
delta_refusal,30,9136
delta_refusal,30,9138
delta_refusal,30,9150
delta_refusal,30,9156
delta_refusal,30,9170
delta_refusal,30,9174
delta_refusal,30,9177
delta_refusal,30,9185
delta_refusal,30,9196
delta_refusal,30,9201
delta_refusal,30,9203
delta_refusal,30,9211
delta_refusal,30,9215
delta_refusal,30,9232
delta_refusal,30,9235
delta_refusal,30,9237
delta_refusal,30,9242
delta_refusal,30,9243
delta_refusal,30,9246
delta_refusal,30,9247
delta_refusal,30,9255
delta_refusal,30,9264
delta_refusal,30,9276
delta_refusal,30,9290
delta_refusal,30,9295
delta_refusal,30,9296
delta_refusal,30,9304
delta_refusal,30,9305
delta_refusal,30,9309
delta_refusal,30,9318
delta_refusal,30,9324
delta_refusal,30,9329
delta_refusal,30,9331
delta_refusal,30,9333
delta_refusal,30,9335
delta_refusal,30,9346
delta_refusal,30,9352
delta_refusal,30,9365
delta_refusal,30,9391
delta_refusal,30,9399
delta_refusal,30,9415
delta_refusal,30,9422
delta_refusal,30,9433
delta_refusal,30,9445
delta_refusal,30,9447
delta_refusal,30,9457
delta_refusal,30,9465
delta_refusal,30,9485
delta_refusal,30,9495
delta_refusal,30,9499
delta_refusal,30,9524
delta_refusal,30,9540
delta_refusal,30,9550
delta_refusal,30,9554
delta_refusal,30,9558
delta_refusal,30,9565
delta_refusal,30,9567
delta_refusal,30,9576
delta_refusal,30,9591
delta_refusal,30,9603
delta_refusal,30,9605
delta_refusal,30,9606
delta_refusal,30,9609
delta_refusal,30,9627
delta_refusal,30,9637
delta_refusal,30,9650
delta_refusal,30,9670
delta_refusal,30,9674
delta_refusal,30,9678
delta_refusal,30,9683
delta_refusal,30,9690
delta_refusal,30,9697
delta_refusal,30,9719
delta_refusal,30,9721
delta_refusal,30,9725
delta_refusal,30,9726
delta_refusal,30,9734
delta_refusal,30,9737
delta_refusal,30,9739
delta_refusal,30,9741
delta_refusal,30,9769
delta_refusal,30,9784
delta_refusal,30,9786
delta_refusal,30,9788
delta_refusal,30,9789
delta_refusal,30,9794
delta_refusal,30,9799
delta_refusal,30,9816
delta_refusal,30,9822
delta_refusal,30,9828
delta_refusal,30,9832
delta_refusal,30,9840
delta_refusal,30,9842
delta_refusal,30,9855
delta_refusal,30,9867
delta_refusal,30,9879
delta_refusal,30,9883
delta_refusal,30,9894
delta_refusal,30,9908
delta_refusal,30,9965
delta_refusal,30,9995
delta_refusal,30,10002
delta_refusal,30,10006
delta_refusal,30,10007
delta_refusal,30,10010
delta_refusal,30,10013
delta_refusal,30,10015
delta_refusal,30,10032
delta_refusal,30,10035
delta_refusal,30,10041
delta_refusal,30,10050
delta_refusal,30,10064
delta_refusal,30,10078
delta_refusal,30,10083
delta_refusal,30,10094
delta_refusal,30,10104
delta_refusal,30,10111
delta_refusal,30,10131
delta_refusal,30,10139
delta_refusal,30,10140
delta_refusal,30,10142
delta_refusal,30,10143
delta_refusal,30,10148
delta_refusal,30,10156
delta_refusal,30,10159
delta_refusal,30,10161
delta_refusal,30,10162
delta_refusal,30,10168
delta_refusal,30,10177
delta_refusal,30,10184
delta_refusal,30,10185
delta_refusal,30,10193
delta_refusal,30,10196
delta_refusal,30,10209
delta_refusal,30,10233
delta_refusal,30,10237
delta_refusal,30,10240
delta_refusal,30,10244
delta_refusal,30,10250
delta_refusal,30,10252
delta_refusal,30,10256
delta_refusal,30,10272
delta_refusal,30,10300
delta_refusal,30,10302
delta_refusal,30,10303
delta_refusal,30,10310
delta_refusal,30,10312
delta_refusal,30,10321
delta_refusal,30,10330
delta_refusal,30,10346
delta_refusal,30,10376
delta_refusal,30,10386
delta_refusal,30,10394
delta_refusal,30,10403
delta_refusal,30,10408
delta_refusal,30,10416
delta_refusal,30,10425
delta_refusal,30,10431
delta_refusal,30,10432
delta_refusal,30,10476
delta_refusal,30,10493
delta_refusal,30,10497
delta_refusal,30,10511
delta_refusal,30,10519
delta_refusal,30,10522
delta_refusal,30,10550
delta_refusal,30,10551
delta_refusal,30,10599
delta_refusal,30,10602
delta_refusal,30,10617
delta_refusal,30,10621
delta_refusal,30,10640
delta_refusal,30,10649
delta_refusal,30,10658
delta_refusal,30,10661
delta_refusal,30,10672
delta_refusal,30,10680
delta_refusal,30,10682
delta_refusal,30,10711
delta_refusal,30,10725
delta_refusal,30,10732
delta_refusal,30,10749
delta_refusal,30,10768
delta_refusal,30,10776
delta_refusal,30,10782
delta_refusal,30,10784
delta_refusal,30,10789
delta_refusal,30,10811
delta_refusal,30,10830
delta_refusal,30,10834
delta_refusal,30,10840
delta_refusal,30,10849
delta_refusal,30,10853
delta_refusal,30,10855
delta_refusal,30,10856
delta_refusal,30,10859
delta_refusal,30,10864
delta_refusal,30,10869
delta_refusal,30,10870
delta_refusal,30,10875
delta_refusal,30,10879
delta_refusal,30,10888
delta_refusal,30,10896
delta_refusal,30,10923
delta_refusal,30,10932
delta_refusal,30,10933
delta_refusal,30,10950
delta_refusal,30,10956
delta_refusal,30,10963
delta_refusal,30,10997
delta_refusal,30,11035
delta_refusal,30,11046
delta_refusal,30,11050
delta_refusal,30,11051
delta_refusal,30,11053
delta_refusal,30,11084
delta_refusal,30,11089
delta_refusal,30,11099
delta_refusal,30,11115
delta_refusal,30,11147
delta_refusal,30,11169
delta_refusal,30,11174
delta_refusal,30,11188
delta_refusal,30,11200
delta_refusal,30,11213
delta_refusal,30,11230
delta_refusal,30,11253
delta_refusal,30,11268
delta_refusal,30,11272
delta_refusal,30,11277
delta_refusal,30,11280
delta_refusal,30,11298
delta_refusal,30,11303
delta_refusal,30,11305
delta_refusal,30,11306
delta_refusal,30,11307
delta_refusal,30,11312
delta_refusal,30,11318
delta_refusal,30,11319
delta_refusal,30,11323
delta_refusal,30,11335
delta_refusal,30,11341
delta_refusal,30,11345
delta_refusal,30,11349
delta_refusal,30,11350
delta_refusal,30,11360
delta_refusal,30,11362
delta_refusal,30,11363
delta_refusal,30,11369
delta_refusal,30,11378
delta_refusal,30,11402
delta_refusal,30,11421
delta_refusal,30,11423
delta_refusal,30,11430
delta_refusal,30,11436
delta_refusal,30,11441
delta_refusal,30,11472
delta_refusal,30,11486
delta_refusal,30,11504
delta_refusal,30,11531
delta_refusal,30,11533
delta_refusal,30,11535
delta_refusal,30,11547
delta_refusal,30,11551
delta_refusal,30,11574
delta_refusal,30,11578
delta_refusal,30,11580
delta_refusal,30,11581
delta_refusal,30,11603
delta_refusal,30,11615
delta_refusal,30,11627
delta_refusal,30,11631
delta_refusal,30,11636
delta_refusal,30,11641
delta_refusal,30,11647
delta_refusal,30,11652
delta_refusal,30,11665
delta_refusal,30,11669
delta_refusal,30,11697
delta_refusal,30,11701
delta_refusal,30,11725
delta_refusal,30,11736
delta_refusal,30,11738
delta_refusal,30,11744
delta_refusal,30,11809
delta_refusal,30,11812
delta_refusal,30,11835
delta_refusal,30,11850
delta_refusal,30,11856
delta_refusal,30,11857
delta_refusal,30,11866
delta_refusal,30,11888
delta_refusal,30,11897
delta_refusal,30,11910
delta_refusal,30,11911
delta_refusal,30,11914
delta_refusal,30,11926
delta_refusal,30,11930
delta_refusal,30,11932
delta_refusal,30,11937
delta_refusal,30,11952
delta_refusal,30,11955
delta_refusal,30,11960
delta_refusal,30,11965
delta_refusal,30,11970
delta_refusal,30,11976
delta_refusal,30,11980
delta_refusal,30,11997
delta_refusal,30,12003
delta_refusal,30,12009
delta_refusal,30,12016
delta_refusal,30,12022
delta_refusal,30,12025
delta_refusal,30,12026
delta_refusal,30,12041
delta_refusal,30,12043
delta_refusal,30,12049
delta_refusal,30,12069
delta_refusal,30,12073
delta_refusal,30,12074
delta_refusal,30,12082
delta_refusal,30,12099
delta_refusal,30,12107
delta_refusal,30,12108
delta_refusal,30,12113
delta_refusal,30,12125
delta_refusal,30,12142
delta_refusal,30,12145
delta_refusal,30,12149
delta_refusal,30,12150
delta_refusal,30,12159
delta_refusal,30,12161
delta_refusal,30,12168
delta_refusal,30,12174
delta_refusal,30,12176
delta_refusal,30,12184
delta_refusal,30,12185
delta_refusal,30,12187
delta_refusal,30,12189
delta_refusal,30,12196
delta_refusal,30,12199
delta_refusal,30,12206
delta_refusal,30,12233
delta_refusal,30,12234
delta_refusal,30,12241
delta_refusal,30,12246
delta_refusal,30,12252
delta_refusal,30,12258
delta_refusal,30,12265
delta_refusal,30,12278
delta_refusal,30,12283
delta_refusal,30,12294
delta_refusal,30,12323
delta_refusal,30,12337
delta_refusal,30,12345
delta_refusal,30,12377
delta_refusal,30,12380
delta_refusal,30,12381
delta_refusal,30,12382
delta_refusal,30,12387
delta_refusal,30,12394
delta_refusal,30,12398
delta_refusal,30,12405
delta_refusal,30,12406
delta_refusal,30,12408
delta_refusal,30,12424
delta_refusal,30,12435
delta_refusal,30,12440
delta_refusal,30,12446
delta_refusal,30,12447
delta_refusal,30,12457
delta_refusal,30,12460
delta_refusal,30,12473
delta_refusal,30,12484
delta_refusal,30,12489
delta_refusal,30,12491
delta_refusal,30,12493
delta_refusal,30,12507
delta_refusal,30,12530
delta_refusal,30,12543
delta_refusal,30,12544
delta_refusal,30,12552
delta_refusal,30,12562
delta_refusal,30,12563
delta_refusal,30,12568
delta_refusal,30,12570
delta_refusal,30,12579
delta_refusal,30,12586
delta_refusal,30,12596
delta_refusal,30,12610
delta_refusal,30,12615
delta_refusal,30,12635
delta_refusal,30,12648
delta_refusal,30,12660
delta_refusal,30,12664
delta_refusal,30,12691
delta_refusal,30,12700
delta_refusal,30,12705
delta_refusal,30,12718
delta_refusal,30,12720
delta_refusal,30,12724
delta_refusal,30,12730
delta_refusal,30,12741
delta_refusal,30,12744
delta_refusal,30,12748
delta_refusal,30,12771
delta_refusal,30,12772
delta_refusal,30,12775
delta_refusal,30,12780
delta_refusal,30,12799
delta_refusal,30,12805
delta_refusal,30,12809
delta_refusal,30,12814
delta_refusal,30,12817
delta_refusal,30,12818
delta_refusal,30,12829
delta_refusal,30,12843
delta_refusal,30,12852
delta_refusal,30,12862
delta_refusal,30,12878
delta_refusal,30,12893
delta_refusal,30,12903
delta_refusal,30,12909
delta_refusal,30,12915
delta_refusal,30,12935
delta_refusal,30,12951
delta_refusal,30,12954
delta_refusal,30,12965
delta_refusal,30,12988
delta_refusal,30,12994
delta_refusal,30,13012
delta_refusal,30,13017
delta_refusal,30,13020
delta_refusal,30,13029
delta_refusal,30,13047
delta_refusal,30,13059
delta_refusal,30,13084
delta_refusal,30,13096
delta_refusal,30,13098
delta_refusal,30,13111
delta_refusal,30,13114
delta_refusal,30,13136
delta_refusal,30,13150
delta_refusal,30,13158
delta_refusal,30,13161
delta_refusal,30,13170
delta_refusal,30,13175
delta_refusal,30,13178
delta_refusal,30,13189
delta_refusal,30,13191
delta_refusal,30,13200
delta_refusal,30,13202
delta_refusal,30,13224
delta_refusal,30,13225
delta_refusal,30,13226
delta_refusal,30,13227
delta_refusal,30,13241
delta_refusal,30,13249
delta_refusal,30,13252
delta_refusal,30,13258
delta_refusal,30,13260
delta_refusal,30,13279
delta_refusal,30,13290
delta_refusal,30,13301
delta_refusal,30,13318
delta_refusal,30,13320
delta_refusal,30,13324
delta_refusal,30,13331
delta_refusal,30,13342
delta_refusal,30,13348
delta_refusal,30,13350
delta_refusal,30,13356
delta_refusal,30,13366
delta_refusal,30,13373
delta_refusal,30,13377
delta_refusal,30,13383
delta_refusal,30,13393
delta_refusal,30,13394
delta_refusal,30,13396
delta_refusal,30,13409
delta_refusal,30,13417
delta_refusal,30,13419
delta_refusal,30,13422
delta_refusal,30,13457
delta_refusal,30,13461
delta_refusal,30,13469
delta_refusal,30,13473
delta_refusal,30,13487
delta_refusal,30,13530
delta_refusal,30,13546
delta_refusal,30,13548
delta_refusal,30,13562
delta_refusal,30,13587
delta_refusal,30,13589
delta_refusal,30,13595
delta_refusal,30,13601
delta_refusal,30,13603
delta_refusal,30,13608
delta_refusal,30,13609
delta_refusal,30,13623
delta_refusal,30,13624
delta_refusal,30,13636
delta_refusal,30,13644
delta_refusal,30,13660
delta_refusal,30,13661
delta_refusal,30,13662
delta_refusal,30,13664
delta_refusal,30,13670
delta_refusal,30,13676
delta_refusal,30,13681
delta_refusal,30,13694
delta_refusal,30,13696
delta_refusal,30,13698
delta_refusal,30,13699
delta_refusal,30,13702
delta_refusal,30,13709
delta_refusal,30,13710
delta_refusal,30,13720
delta_refusal,30,13737
delta_refusal,30,13752
delta_refusal,30,13759
delta_refusal,30,13779
delta_refusal,30,13790
delta_refusal,30,13795
delta_refusal,30,13818
delta_refusal,30,13826
delta_refusal,30,13827
delta_refusal,30,13840
delta_refusal,30,13844
delta_refusal,30,13848
delta_refusal,30,13882
delta_refusal,30,13894
delta_refusal,30,13901
delta_refusal,30,13913
delta_refusal,30,13921
delta_refusal,30,13922
delta_refusal,30,13923
delta_refusal,30,13931
delta_refusal,30,13935
delta_refusal,30,13943
delta_refusal,30,13945
delta_refusal,30,13949
delta_refusal,30,13984
delta_refusal,30,13990
delta_refusal,30,14025
delta_refusal,30,14029
delta_refusal,30,14035
delta_refusal,30,14061
delta_refusal,30,14065
delta_refusal,30,14068
delta_refusal,30,14078
delta_refusal,30,14083
delta_refusal,30,14084
delta_refusal,30,14091
delta_refusal,30,14109
delta_refusal,30,14114
delta_refusal,30,14118
delta_refusal,30,14128
delta_refusal,30,14130
delta_refusal,30,14139
delta_refusal,30,14142
delta_refusal,30,14144
delta_refusal,30,14146
delta_refusal,30,14154
delta_refusal,30,14169
delta_refusal,30,14173
delta_refusal,30,14177
delta_refusal,30,14192
delta_refusal,30,14200
delta_refusal,30,14221
delta_refusal,30,14226
delta_refusal,30,14237
delta_refusal,30,14240
delta_refusal,30,14244
delta_refusal,30,14255
delta_refusal,30,14257
delta_refusal,30,14261
delta_refusal,30,14265
delta_refusal,30,14276
delta_refusal,30,14296
delta_refusal,30,14298
delta_refusal,30,14304
delta_refusal,30,14311
delta_refusal,30,14312
delta_refusal,30,14320
delta_refusal,30,14321
delta_refusal,31,1
delta_refusal,31,12
delta_refusal,31,15
delta_refusal,31,16
delta_refusal,31,17
delta_refusal,31,25
delta_refusal,31,33
delta_refusal,31,39
delta_refusal,31,41
delta_refusal,31,42
delta_refusal,31,47
delta_refusal,31,48
delta_refusal,31,57
delta_refusal,31,59
delta_refusal,31,63
delta_refusal,31,67
delta_refusal,31,69
delta_refusal,31,73
delta_refusal,31,75
delta_refusal,31,78
delta_refusal,31,91
delta_refusal,31,95
delta_refusal,31,102
delta_refusal,31,105
delta_refusal,31,106
delta_refusal,31,110
delta_refusal,31,111
delta_refusal,31,124
delta_refusal,31,127
delta_refusal,31,128
delta_refusal,31,146
delta_refusal,31,147
delta_refusal,31,154
delta_refusal,31,157
delta_refusal,31,163
delta_refusal,31,166
delta_refusal,31,172
delta_refusal,31,175
delta_refusal,31,181
delta_refusal,31,185
delta_refusal,31,186
delta_refusal,31,191
delta_refusal,31,199
delta_refusal,31,204
delta_refusal,31,205
delta_refusal,31,218
delta_refusal,31,228
delta_refusal,31,233
delta_refusal,31,241
delta_refusal,31,248
delta_refusal,31,260
delta_refusal,31,262
delta_refusal,31,265
delta_refusal,31,266
delta_refusal,31,269
delta_refusal,31,270
delta_refusal,31,273
delta_refusal,31,280
delta_refusal,31,285
delta_refusal,31,287
delta_refusal,31,289
delta_refusal,31,295
delta_refusal,31,296
delta_refusal,31,300
delta_refusal,31,311
delta_refusal,31,314
delta_refusal,31,316
delta_refusal,31,328
delta_refusal,31,331
delta_refusal,31,335
delta_refusal,31,344
delta_refusal,31,349
delta_refusal,31,350
delta_refusal,31,353
delta_refusal,31,367
delta_refusal,31,368
delta_refusal,31,373
delta_refusal,31,374
delta_refusal,31,380
delta_refusal,31,382
delta_refusal,31,384
delta_refusal,31,402
delta_refusal,31,403
delta_refusal,31,413
delta_refusal,31,416
delta_refusal,31,417
delta_refusal,31,420
delta_refusal,31,424
delta_refusal,31,427
delta_refusal,31,429
delta_refusal,31,434
delta_refusal,31,436
delta_refusal,31,437
delta_refusal,31,439
delta_refusal,31,447
delta_refusal,31,454
delta_refusal,31,455
delta_refusal,31,462
delta_refusal,31,477
delta_refusal,31,480
delta_refusal,31,486
delta_refusal,31,507
delta_refusal,31,508
delta_refusal,31,516
delta_refusal,31,518
delta_refusal,31,526
delta_refusal,31,528
delta_refusal,31,529
delta_refusal,31,530
delta_refusal,31,531
delta_refusal,31,536
delta_refusal,31,538
delta_refusal,31,543
delta_refusal,31,547
delta_refusal,31,552
delta_refusal,31,556
delta_refusal,31,563
delta_refusal,31,566
delta_refusal,31,577
delta_refusal,31,580
delta_refusal,31,581
delta_refusal,31,589
delta_refusal,31,594
delta_refusal,31,595
delta_refusal,31,599
delta_refusal,31,607
delta_refusal,31,609
delta_refusal,31,614
delta_refusal,31,628
delta_refusal,31,629
delta_refusal,31,631
delta_refusal,31,632
delta_refusal,31,635
delta_refusal,31,638
delta_refusal,31,639
delta_refusal,31,649
delta_refusal,31,658
delta_refusal,31,662
delta_refusal,31,667
delta_refusal,31,674
delta_refusal,31,679
delta_refusal,31,680
delta_refusal,31,683
delta_refusal,31,685
delta_refusal,31,693
delta_refusal,31,694
delta_refusal,31,699
delta_refusal,31,703
delta_refusal,31,711
delta_refusal,31,714
delta_refusal,31,721
delta_refusal,31,728
delta_refusal,31,732
delta_refusal,31,733
delta_refusal,31,735
delta_refusal,31,737
delta_refusal,31,738
delta_refusal,31,742
delta_refusal,31,755
delta_refusal,31,774
delta_refusal,31,775
delta_refusal,31,782
delta_refusal,31,786
delta_refusal,31,789
delta_refusal,31,792
delta_refusal,31,794
delta_refusal,31,799
delta_refusal,31,800
delta_refusal,31,803
delta_refusal,31,806
delta_refusal,31,810
delta_refusal,31,812
delta_refusal,31,826
delta_refusal,31,830
delta_refusal,31,831
delta_refusal,31,838
delta_refusal,31,840
delta_refusal,31,845
delta_refusal,31,847
delta_refusal,31,850
delta_refusal,31,851
delta_refusal,31,855
delta_refusal,31,865
delta_refusal,31,879
delta_refusal,31,887
delta_refusal,31,890
delta_refusal,31,893
delta_refusal,31,900
delta_refusal,31,905
delta_refusal,31,907
delta_refusal,31,910
delta_refusal,31,911
delta_refusal,31,916
delta_refusal,31,930
delta_refusal,31,931
delta_refusal,31,932
delta_refusal,31,934
delta_refusal,31,938
delta_refusal,31,943
delta_refusal,31,944
delta_refusal,31,946
delta_refusal,31,952
delta_refusal,31,953
delta_refusal,31,955
delta_refusal,31,958
delta_refusal,31,963
delta_refusal,31,968
delta_refusal,31,992
delta_refusal,31,993
delta_refusal,31,996
delta_refusal,31,997
delta_refusal,31,1000
delta_refusal,31,1008
delta_refusal,31,1018
delta_refusal,31,1022
delta_refusal,31,1028
delta_refusal,31,1032
delta_refusal,31,1033
delta_refusal,31,1046
delta_refusal,31,1050
delta_refusal,31,1052
delta_refusal,31,1057
delta_refusal,31,1058
delta_refusal,31,1074
delta_refusal,31,1076
delta_refusal,31,1079
delta_refusal,31,1086
delta_refusal,31,1090
delta_refusal,31,1091
delta_refusal,31,1095
delta_refusal,31,1102
delta_refusal,31,1109
delta_refusal,31,1113
delta_refusal,31,1117
delta_refusal,31,1121
delta_refusal,31,1126
delta_refusal,31,1127
delta_refusal,31,1128
delta_refusal,31,1129
delta_refusal,31,1131
delta_refusal,31,1136
delta_refusal,31,1149
delta_refusal,31,1150
delta_refusal,31,1159
delta_refusal,31,1165
delta_refusal,31,1166
delta_refusal,31,1167
delta_refusal,31,1174
delta_refusal,31,1177
delta_refusal,31,1190
delta_refusal,31,1192
delta_refusal,31,1193
delta_refusal,31,1200
delta_refusal,31,1201
delta_refusal,31,1206
delta_refusal,31,1209
delta_refusal,31,1210
delta_refusal,31,1220
delta_refusal,31,1228
delta_refusal,31,1233
delta_refusal,31,1236
delta_refusal,31,1239
delta_refusal,31,1246
delta_refusal,31,1261
delta_refusal,31,1264
delta_refusal,31,1269
delta_refusal,31,1286
delta_refusal,31,1288
delta_refusal,31,1298
delta_refusal,31,1304
delta_refusal,31,1309
delta_refusal,31,1314
delta_refusal,31,1322
delta_refusal,31,1324
delta_refusal,31,1330
delta_refusal,31,1331
delta_refusal,31,1332
delta_refusal,31,1340
delta_refusal,31,1343
delta_refusal,31,1351
delta_refusal,31,1352
delta_refusal,31,1364
delta_refusal,31,1380
delta_refusal,31,1383
delta_refusal,31,1386
delta_refusal,31,1389
delta_refusal,31,1395
delta_refusal,31,1398
delta_refusal,31,1399
delta_refusal,31,1400
delta_refusal,31,1415
delta_refusal,31,1424
delta_refusal,31,1425
delta_refusal,31,1429
delta_refusal,31,1433
delta_refusal,31,1435
delta_refusal,31,1437
delta_refusal,31,1457
delta_refusal,31,1460
delta_refusal,31,1464
delta_refusal,31,1468
delta_refusal,31,1470
delta_refusal,31,1475
delta_refusal,31,1482
delta_refusal,31,1487
delta_refusal,31,1493
delta_refusal,31,1500
delta_refusal,31,1506
delta_refusal,31,1510
delta_refusal,31,1511
delta_refusal,31,1513
delta_refusal,31,1516
delta_refusal,31,1519
delta_refusal,31,1532
delta_refusal,31,1534
delta_refusal,31,1540
delta_refusal,31,1543
delta_refusal,31,1546
delta_refusal,31,1554
delta_refusal,31,1559
delta_refusal,31,1570
delta_refusal,31,1572
delta_refusal,31,1576
delta_refusal,31,1584
delta_refusal,31,1586
delta_refusal,31,1596
delta_refusal,31,1598
delta_refusal,31,1602
delta_refusal,31,1609
delta_refusal,31,1614
delta_refusal,31,1615
delta_refusal,31,1625
delta_refusal,31,1627
delta_refusal,31,1630
delta_refusal,31,1632
delta_refusal,31,1637
delta_refusal,31,1652
delta_refusal,31,1654
delta_refusal,31,1663
delta_refusal,31,1667
delta_refusal,31,1668
delta_refusal,31,1674
delta_refusal,31,1677
delta_refusal,31,1679
delta_refusal,31,1681
delta_refusal,31,1686
delta_refusal,31,1692
delta_refusal,31,1698
delta_refusal,31,1699
delta_refusal,31,1705
delta_refusal,31,1712
delta_refusal,31,1716
delta_refusal,31,1728
delta_refusal,31,1730
delta_refusal,31,1739
delta_refusal,31,1740
delta_refusal,31,1746
delta_refusal,31,1747
delta_refusal,31,1755
delta_refusal,31,1760
delta_refusal,31,1772
delta_refusal,31,1781
delta_refusal,31,1787
delta_refusal,31,1788
delta_refusal,31,1791
delta_refusal,31,1796
delta_refusal,31,1798
delta_refusal,31,1801
delta_refusal,31,1804
delta_refusal,31,1807
delta_refusal,31,1813
delta_refusal,31,1815
delta_refusal,31,1821
delta_refusal,31,1822
delta_refusal,31,1831
delta_refusal,31,1834
delta_refusal,31,1844
delta_refusal,31,1851
delta_refusal,31,1852
delta_refusal,31,1856
delta_refusal,31,1859
delta_refusal,31,1864
delta_refusal,31,1868
delta_refusal,31,1885
delta_refusal,31,1887
delta_refusal,31,1891
delta_refusal,31,1901
delta_refusal,31,1915
delta_refusal,31,1917
delta_refusal,31,1918
delta_refusal,31,1920
delta_refusal,31,1922
delta_refusal,31,1928
delta_refusal,31,1930
delta_refusal,31,1933
delta_refusal,31,1934
delta_refusal,31,1936
delta_refusal,31,1938
delta_refusal,31,1940
delta_refusal,31,1943
delta_refusal,31,1947
delta_refusal,31,1948
delta_refusal,31,1960
delta_refusal,31,1961
delta_refusal,31,1967
delta_refusal,31,1978
delta_refusal,31,1981
delta_refusal,31,1987
delta_refusal,31,1990
delta_refusal,31,1991
delta_refusal,31,1992
delta_refusal,31,2000
delta_refusal,31,2003
delta_refusal,31,2008
delta_refusal,31,2012
delta_refusal,31,2014
delta_refusal,31,2015
delta_refusal,31,2030
delta_refusal,31,2033
delta_refusal,31,2034
delta_refusal,31,2035
delta_refusal,31,2036
delta_refusal,31,2051
delta_refusal,31,2060
delta_refusal,31,2063
delta_refusal,31,2076
delta_refusal,31,2078
delta_refusal,31,2079
delta_refusal,31,2082
delta_refusal,31,2088
delta_refusal,31,2091
delta_refusal,31,2096
delta_refusal,31,2098
delta_refusal,31,2100
delta_refusal,31,2108
delta_refusal,31,2113
delta_refusal,31,2114
delta_refusal,31,2115
delta_refusal,31,2120
delta_refusal,31,2123
delta_refusal,31,2127
delta_refusal,31,2131
delta_refusal,31,2132
delta_refusal,31,2134
delta_refusal,31,2136
delta_refusal,31,2139
delta_refusal,31,2140
delta_refusal,31,2147
delta_refusal,31,2150
delta_refusal,31,2165
delta_refusal,31,2171
delta_refusal,31,2176
delta_refusal,31,2180
delta_refusal,31,2181
delta_refusal,31,2187
delta_refusal,31,2188
delta_refusal,31,2189
delta_refusal,31,2192
delta_refusal,31,2195
delta_refusal,31,2196
delta_refusal,31,2199
delta_refusal,31,2207
delta_refusal,31,2208
delta_refusal,31,2212
delta_refusal,31,2213
delta_refusal,31,2221
delta_refusal,31,2223
delta_refusal,31,2224
delta_refusal,31,2229
delta_refusal,31,2231
delta_refusal,31,2233
delta_refusal,31,2241
delta_refusal,31,2246
delta_refusal,31,2248
delta_refusal,31,2254
delta_refusal,31,2259
delta_refusal,31,2266
delta_refusal,31,2268
delta_refusal,31,2269
delta_refusal,31,2273
delta_refusal,31,2275
delta_refusal,31,2278
delta_refusal,31,2280
delta_refusal,31,2286
delta_refusal,31,2288
delta_refusal,31,2292
delta_refusal,31,2294
delta_refusal,31,2295
delta_refusal,31,2296
delta_refusal,31,2298
delta_refusal,31,2302
delta_refusal,31,2304
delta_refusal,31,2305
delta_refusal,31,2311
delta_refusal,31,2315
delta_refusal,31,2317
delta_refusal,31,2333
delta_refusal,31,2335
delta_refusal,31,2338
delta_refusal,31,2339
delta_refusal,31,2344
delta_refusal,31,2345
delta_refusal,31,2347
delta_refusal,31,2349
delta_refusal,31,2361
delta_refusal,31,2365
delta_refusal,31,2368
delta_refusal,31,2375
delta_refusal,31,2378
delta_refusal,31,2381
delta_refusal,31,2384
delta_refusal,31,2390
delta_refusal,31,2398
delta_refusal,31,2400
delta_refusal,31,2404
delta_refusal,31,2405
delta_refusal,31,2410
delta_refusal,31,2420
delta_refusal,31,2430
delta_refusal,31,2432
delta_refusal,31,2443
delta_refusal,31,2449
delta_refusal,31,2460
delta_refusal,31,2463
delta_refusal,31,2465
delta_refusal,31,2467
delta_refusal,31,2471
delta_refusal,31,2474
delta_refusal,31,2475
delta_refusal,31,2477
delta_refusal,31,2491
delta_refusal,31,2504
delta_refusal,31,2505
delta_refusal,31,2510
delta_refusal,31,2523
delta_refusal,31,2528
delta_refusal,31,2539
delta_refusal,31,2544
delta_refusal,31,2549
delta_refusal,31,2550
delta_refusal,31,2552
delta_refusal,31,2562
delta_refusal,31,2564
delta_refusal,31,2566
delta_refusal,31,2570
delta_refusal,31,2577
delta_refusal,31,2581
delta_refusal,31,2582
delta_refusal,31,2583
delta_refusal,31,2585
delta_refusal,31,2589
delta_refusal,31,2602
delta_refusal,31,2609
delta_refusal,31,2613
delta_refusal,31,2616
delta_refusal,31,2625
delta_refusal,31,2630
delta_refusal,31,2631
delta_refusal,31,2646
delta_refusal,31,2647
delta_refusal,31,2653
delta_refusal,31,2657
delta_refusal,31,2668
delta_refusal,31,2675
delta_refusal,31,2680
delta_refusal,31,2685
delta_refusal,31,2687
delta_refusal,31,2692
delta_refusal,31,2695
delta_refusal,31,2701
delta_refusal,31,2707
delta_refusal,31,2709
delta_refusal,31,2729
delta_refusal,31,2743
delta_refusal,31,2747
delta_refusal,31,2748
delta_refusal,31,2754
delta_refusal,31,2755
delta_refusal,31,2756
delta_refusal,31,2759
delta_refusal,31,2775
delta_refusal,31,2780
delta_refusal,31,2785
delta_refusal,31,2788
delta_refusal,31,2796
delta_refusal,31,2798
delta_refusal,31,2799
delta_refusal,31,2800
delta_refusal,31,2818
delta_refusal,31,2819
delta_refusal,31,2822
delta_refusal,31,2827
delta_refusal,31,2829
delta_refusal,31,2830
delta_refusal,31,2836
delta_refusal,31,2839
delta_refusal,31,2845
delta_refusal,31,2847
delta_refusal,31,2856
delta_refusal,31,2869
delta_refusal,31,2875
delta_refusal,31,2878
delta_refusal,31,2880
delta_refusal,31,2885
delta_refusal,31,2890
delta_refusal,31,2891
delta_refusal,31,2892
delta_refusal,31,2893
delta_refusal,31,2902
delta_refusal,31,2909
delta_refusal,31,2910
delta_refusal,31,2915
delta_refusal,31,2919
delta_refusal,31,2922
delta_refusal,31,2925
delta_refusal,31,2930
delta_refusal,31,2939
delta_refusal,31,2943
delta_refusal,31,2944
delta_refusal,31,2945
delta_refusal,31,2948
delta_refusal,31,2951
delta_refusal,31,2953
delta_refusal,31,2954
delta_refusal,31,2958
delta_refusal,31,2970
delta_refusal,31,2971
delta_refusal,31,2974
delta_refusal,31,2982
delta_refusal,31,2991
delta_refusal,31,3007
delta_refusal,31,3018
delta_refusal,31,3023
delta_refusal,31,3026
delta_refusal,31,3034
delta_refusal,31,3036
delta_refusal,31,3037
delta_refusal,31,3039
delta_refusal,31,3043
delta_refusal,31,3044
delta_refusal,31,3050
delta_refusal,31,3052
delta_refusal,31,3059
delta_refusal,31,3061
delta_refusal,31,3065
delta_refusal,31,3075
delta_refusal,31,3078
delta_refusal,31,3084
delta_refusal,31,3094
delta_refusal,31,3104
delta_refusal,31,3106
delta_refusal,31,3111
delta_refusal,31,3115
delta_refusal,31,3119
delta_refusal,31,3124
delta_refusal,31,3127
delta_refusal,31,3130
delta_refusal,31,3135
delta_refusal,31,3137
delta_refusal,31,3142
delta_refusal,31,3145
delta_refusal,31,3146
delta_refusal,31,3148
delta_refusal,31,3158
delta_refusal,31,3162
delta_refusal,31,3163
delta_refusal,31,3166
delta_refusal,31,3169
delta_refusal,31,3174
delta_refusal,31,3175
delta_refusal,31,3184
delta_refusal,31,3187
delta_refusal,31,3191
delta_refusal,31,3195
delta_refusal,31,3197
delta_refusal,31,3200
delta_refusal,31,3210
delta_refusal,31,3214
delta_refusal,31,3217
delta_refusal,31,3219
delta_refusal,31,3221
delta_refusal,31,3226
delta_refusal,31,3230
delta_refusal,31,3232
delta_refusal,31,3237
delta_refusal,31,3238
delta_refusal,31,3245
delta_refusal,31,3248
delta_refusal,31,3252
delta_refusal,31,3260
delta_refusal,31,3261
delta_refusal,31,3265
delta_refusal,31,3272
delta_refusal,31,3273
delta_refusal,31,3277
delta_refusal,31,3278
delta_refusal,31,3289
delta_refusal,31,3290
delta_refusal,31,3300
delta_refusal,31,3303
delta_refusal,31,3309
delta_refusal,31,3312
delta_refusal,31,3314
delta_refusal,31,3318
delta_refusal,31,3319
delta_refusal,31,3323
delta_refusal,31,3328
delta_refusal,31,3330
delta_refusal,31,3334
delta_refusal,31,3336
delta_refusal,31,3337
delta_refusal,31,3341
delta_refusal,31,3343
delta_refusal,31,3348
delta_refusal,31,3349
delta_refusal,31,3352
delta_refusal,31,3353
delta_refusal,31,3358
delta_refusal,31,3369
delta_refusal,31,3374
delta_refusal,31,3387
delta_refusal,31,3388
delta_refusal,31,3390
delta_refusal,31,3400
delta_refusal,31,3402
delta_refusal,31,3404
delta_refusal,31,3405
delta_refusal,31,3409
delta_refusal,31,3418
delta_refusal,31,3420
delta_refusal,31,3428
delta_refusal,31,3430
delta_refusal,31,3439
delta_refusal,31,3440
delta_refusal,31,3444
delta_refusal,31,3451
delta_refusal,31,3461
delta_refusal,31,3472
delta_refusal,31,3474
delta_refusal,31,3476
delta_refusal,31,3480
delta_refusal,31,3484
delta_refusal,31,3487
delta_refusal,31,3492
delta_refusal,31,3493
delta_refusal,31,3499
delta_refusal,31,3504
delta_refusal,31,3510
delta_refusal,31,3513
delta_refusal,31,3514
delta_refusal,31,3515
delta_refusal,31,3540
delta_refusal,31,3543
delta_refusal,31,3544
delta_refusal,31,3548
delta_refusal,31,3557
delta_refusal,31,3567
delta_refusal,31,3568
delta_refusal,31,3583
delta_refusal,31,3589
delta_refusal,31,3590
delta_refusal,31,3592
delta_refusal,31,3599
delta_refusal,31,3605
delta_refusal,31,3607
delta_refusal,31,3608
delta_refusal,31,3611
delta_refusal,31,3616
delta_refusal,31,3620
delta_refusal,31,3621
delta_refusal,31,3625
delta_refusal,31,3628
delta_refusal,31,3630
delta_refusal,31,3635
delta_refusal,31,3637
delta_refusal,31,3639
delta_refusal,31,3646
delta_refusal,31,3649
delta_refusal,31,3651
delta_refusal,31,3658
delta_refusal,31,3677
delta_refusal,31,3679
delta_refusal,31,3680
delta_refusal,31,3685
delta_refusal,31,3690
delta_refusal,31,3691
delta_refusal,31,3694
delta_refusal,31,3695
delta_refusal,31,3696
delta_refusal,31,3699
delta_refusal,31,3700
delta_refusal,31,3712
delta_refusal,31,3714
delta_refusal,31,3716
delta_refusal,31,3717
delta_refusal,31,3719
delta_refusal,31,3721
delta_refusal,31,3722
delta_refusal,31,3730
delta_refusal,31,3734
delta_refusal,31,3736
delta_refusal,31,3743
delta_refusal,31,3744
delta_refusal,31,3745
delta_refusal,31,3746
delta_refusal,31,3748
delta_refusal,31,3749
delta_refusal,31,3751
delta_refusal,31,3759
delta_refusal,31,3761
delta_refusal,31,3769
delta_refusal,31,3771
delta_refusal,31,3780
delta_refusal,31,3783
delta_refusal,31,3796
delta_refusal,31,3811
delta_refusal,31,3813
delta_refusal,31,3816
delta_refusal,31,3830
delta_refusal,31,3831
delta_refusal,31,3834
delta_refusal,31,3840
delta_refusal,31,3842
delta_refusal,31,3846
delta_refusal,31,3848
delta_refusal,31,3852
delta_refusal,31,3865
delta_refusal,31,3866
delta_refusal,31,3869
delta_refusal,31,3871
delta_refusal,31,3874
delta_refusal,31,3880
delta_refusal,31,3882
delta_refusal,31,3889
delta_refusal,31,3909
delta_refusal,31,3911
delta_refusal,31,3919
delta_refusal,31,3930
delta_refusal,31,3945
delta_refusal,31,3948
delta_refusal,31,3949
delta_refusal,31,3951
delta_refusal,31,3954
delta_refusal,31,3955
delta_refusal,31,3959
delta_refusal,31,3962
delta_refusal,31,3967
delta_refusal,31,3974
delta_refusal,31,3980
delta_refusal,31,3982
delta_refusal,31,3989
delta_refusal,31,3990
delta_refusal,31,3993
delta_refusal,31,3997
delta_refusal,31,4004
delta_refusal,31,4022
delta_refusal,31,4024
delta_refusal,31,4029
delta_refusal,31,4032
delta_refusal,31,4037
delta_refusal,31,4046
delta_refusal,31,4050
delta_refusal,31,4053
delta_refusal,31,4055
delta_refusal,31,4057
delta_refusal,31,4059
delta_refusal,31,4060
delta_refusal,31,4061
delta_refusal,31,4062
delta_refusal,31,4064
delta_refusal,31,4069
delta_refusal,31,4071
delta_refusal,31,4080
delta_refusal,31,4082
delta_refusal,31,4083
delta_refusal,31,4096
delta_refusal,31,4097
delta_refusal,31,4120
delta_refusal,31,4125
delta_refusal,31,4126
delta_refusal,31,4128
delta_refusal,31,4130
delta_refusal,31,4136
delta_refusal,31,4139
delta_refusal,31,4145
delta_refusal,31,4147
delta_refusal,31,4152
delta_refusal,31,4160
delta_refusal,31,4172
delta_refusal,31,4173
delta_refusal,31,4178
delta_refusal,31,4179
delta_refusal,31,4182
delta_refusal,31,4185
delta_refusal,31,4186
delta_refusal,31,4193
delta_refusal,31,4198
delta_refusal,31,4205
delta_refusal,31,4206
delta_refusal,31,4208
delta_refusal,31,4209
delta_refusal,31,4212
delta_refusal,31,4213
delta_refusal,31,4214
delta_refusal,31,4222
delta_refusal,31,4224
delta_refusal,31,4238
delta_refusal,31,4240
delta_refusal,31,4243
delta_refusal,31,4244
delta_refusal,31,4246
delta_refusal,31,4249
delta_refusal,31,4250
delta_refusal,31,4253
delta_refusal,31,4254
delta_refusal,31,4255
delta_refusal,31,4257
delta_refusal,31,4260
delta_refusal,31,4261
delta_refusal,31,4268
delta_refusal,31,4270
delta_refusal,31,4271
delta_refusal,31,4274
delta_refusal,31,4275
delta_refusal,31,4282
delta_refusal,31,4299
delta_refusal,31,4300
delta_refusal,31,4302
delta_refusal,31,4308
delta_refusal,31,4328
delta_refusal,31,4331
delta_refusal,31,4350
delta_refusal,31,4352
delta_refusal,31,4358
delta_refusal,31,4361
delta_refusal,31,4373
delta_refusal,31,4374
delta_refusal,31,4381
delta_refusal,31,4382
delta_refusal,31,4393
delta_refusal,31,4400
delta_refusal,31,4401
delta_refusal,31,4415
delta_refusal,31,4418
delta_refusal,31,4419
delta_refusal,31,4424
delta_refusal,31,4426
delta_refusal,31,4427
delta_refusal,31,4428
delta_refusal,31,4432
delta_refusal,31,4436
delta_refusal,31,4446
delta_refusal,31,4457
delta_refusal,31,4464
delta_refusal,31,4466
delta_refusal,31,4473
delta_refusal,31,4480
delta_refusal,31,4486
delta_refusal,31,4487
delta_refusal,31,4492
delta_refusal,31,4493
delta_refusal,31,4497
delta_refusal,31,4500
delta_refusal,31,4501
delta_refusal,31,4504
delta_refusal,31,4510
delta_refusal,31,4512
delta_refusal,31,4518
delta_refusal,31,4520
delta_refusal,31,4523
delta_refusal,31,4532
delta_refusal,31,4535
delta_refusal,31,4553
delta_refusal,31,4559
delta_refusal,31,4560
delta_refusal,31,4572
delta_refusal,31,4577
delta_refusal,31,4581
delta_refusal,31,4587
delta_refusal,31,4594
delta_refusal,31,4601
delta_refusal,31,4604
delta_refusal,31,4609
delta_refusal,31,4614
delta_refusal,31,4615
delta_refusal,31,4622
delta_refusal,31,4625
delta_refusal,31,4626
delta_refusal,31,4627
delta_refusal,31,4629
delta_refusal,31,4639
delta_refusal,31,4642
delta_refusal,31,4643
delta_refusal,31,4645
delta_refusal,31,4648
delta_refusal,31,4653
delta_refusal,31,4654
delta_refusal,31,4660
delta_refusal,31,4661
delta_refusal,31,4662
delta_refusal,31,4663
delta_refusal,31,4667
delta_refusal,31,4679
delta_refusal,31,4720
delta_refusal,31,4721
delta_refusal,31,4729
delta_refusal,31,4735
delta_refusal,31,4738
delta_refusal,31,4743
delta_refusal,31,4754
delta_refusal,31,4761
delta_refusal,31,4762
delta_refusal,31,4763
delta_refusal,31,4767
delta_refusal,31,4768
delta_refusal,31,4778
delta_refusal,31,4783
delta_refusal,31,4786
delta_refusal,31,4787
delta_refusal,31,4788
delta_refusal,31,4790
delta_refusal,31,4791
delta_refusal,31,4795
delta_refusal,31,4807
delta_refusal,31,4810
delta_refusal,31,4811
delta_refusal,31,4820
delta_refusal,31,4822
delta_refusal,31,4823
delta_refusal,31,4824
delta_refusal,31,4834
delta_refusal,31,4836
delta_refusal,31,4844
delta_refusal,31,4850
delta_refusal,31,4852
delta_refusal,31,4866
delta_refusal,31,4867
delta_refusal,31,4868
delta_refusal,31,4873
delta_refusal,31,4876
delta_refusal,31,4878
delta_refusal,31,4885
delta_refusal,31,4892
delta_refusal,31,4893
delta_refusal,31,4902
delta_refusal,31,4903
delta_refusal,31,4904
delta_refusal,31,4918
delta_refusal,31,4920
delta_refusal,31,4924
delta_refusal,31,4928
delta_refusal,31,4933
delta_refusal,31,4935
delta_refusal,31,4937
delta_refusal,31,4944
delta_refusal,31,4946
delta_refusal,31,4951
delta_refusal,31,4957
delta_refusal,31,4959
delta_refusal,31,4965
delta_refusal,31,4972
delta_refusal,31,4974
delta_refusal,31,4983
delta_refusal,31,4984
delta_refusal,31,4986
delta_refusal,31,4993
delta_refusal,31,5003
delta_refusal,31,5007
delta_refusal,31,5019
delta_refusal,31,5021
delta_refusal,31,5022
delta_refusal,31,5028
delta_refusal,31,5029
delta_refusal,31,5041
delta_refusal,31,5042
delta_refusal,31,5046
delta_refusal,31,5050
delta_refusal,31,5051
delta_refusal,31,5061
delta_refusal,31,5062
delta_refusal,31,5068
delta_refusal,31,5074
delta_refusal,31,5082
delta_refusal,31,5084
delta_refusal,31,5086
delta_refusal,31,5098
delta_refusal,31,5099
delta_refusal,31,5100
delta_refusal,31,5107
delta_refusal,31,5114
delta_refusal,31,5115
delta_refusal,31,5118
delta_refusal,31,5119
delta_refusal,31,5122
delta_refusal,31,5135
delta_refusal,31,5136
delta_refusal,31,5144
delta_refusal,31,5148
delta_refusal,31,5161
delta_refusal,31,5162
delta_refusal,31,5166
delta_refusal,31,5171
delta_refusal,31,5173
delta_refusal,31,5175
delta_refusal,31,5178
delta_refusal,31,5183
delta_refusal,31,5184
delta_refusal,31,5187
delta_refusal,31,5188
delta_refusal,31,5189
delta_refusal,31,5192
delta_refusal,31,5201
delta_refusal,31,5202
delta_refusal,31,5204
delta_refusal,31,5206
delta_refusal,31,5208
delta_refusal,31,5220
delta_refusal,31,5226
delta_refusal,31,5227
delta_refusal,31,5230
delta_refusal,31,5245
delta_refusal,31,5248
delta_refusal,31,5253
delta_refusal,31,5259
delta_refusal,31,5268
delta_refusal,31,5271
delta_refusal,31,5276
delta_refusal,31,5277
delta_refusal,31,5287
delta_refusal,31,5288
delta_refusal,31,5291
delta_refusal,31,5294
delta_refusal,31,5311
delta_refusal,31,5320
delta_refusal,31,5322
delta_refusal,31,5327
delta_refusal,31,5331
delta_refusal,31,5334
delta_refusal,31,5335
delta_refusal,31,5339
delta_refusal,31,5340
delta_refusal,31,5346
delta_refusal,31,5349
delta_refusal,31,5350
delta_refusal,31,5356
delta_refusal,31,5358
delta_refusal,31,5359
delta_refusal,31,5369
delta_refusal,31,5370
delta_refusal,31,5371
delta_refusal,31,5381
delta_refusal,31,5391
delta_refusal,31,5393
delta_refusal,31,5395
delta_refusal,31,5399
delta_refusal,31,5400
delta_refusal,31,5403
delta_refusal,31,5407
delta_refusal,31,5414
delta_refusal,31,5417
delta_refusal,31,5428
delta_refusal,31,5429
delta_refusal,31,5435
delta_refusal,31,5437
delta_refusal,31,5441
delta_refusal,31,5448
delta_refusal,31,5455
delta_refusal,31,5459
delta_refusal,31,5469
delta_refusal,31,5470
delta_refusal,31,5481
delta_refusal,31,5485
delta_refusal,31,5491
delta_refusal,31,5504
delta_refusal,31,5505
delta_refusal,31,5506
delta_refusal,31,5509
delta_refusal,31,5513
delta_refusal,31,5520
delta_refusal,31,5528
delta_refusal,31,5535
delta_refusal,31,5536
delta_refusal,31,5540
delta_refusal,31,5541
delta_refusal,31,5542
delta_refusal,31,5552
delta_refusal,31,5553
delta_refusal,31,5562
delta_refusal,31,5564
delta_refusal,31,5567
delta_refusal,31,5580
delta_refusal,31,5581
delta_refusal,31,5590
delta_refusal,31,5593
delta_refusal,31,5594
delta_refusal,31,5595
delta_refusal,31,5596
delta_refusal,31,5599
delta_refusal,31,5603
delta_refusal,31,5604
delta_refusal,31,5614
delta_refusal,31,5616
delta_refusal,31,5617
delta_refusal,31,5632
delta_refusal,31,5638
delta_refusal,31,5648
delta_refusal,31,5651
delta_refusal,31,5654
delta_refusal,31,5655
delta_refusal,31,5668
delta_refusal,31,5669
delta_refusal,31,5675
delta_refusal,31,5676
delta_refusal,31,5692
delta_refusal,31,5699
delta_refusal,31,5708
delta_refusal,31,5716
delta_refusal,31,5717
delta_refusal,31,5720
delta_refusal,31,5722
delta_refusal,31,5723
delta_refusal,31,5728
delta_refusal,31,5731
delta_refusal,31,5733
delta_refusal,31,5734
delta_refusal,31,5735
delta_refusal,31,5739
delta_refusal,31,5750
delta_refusal,31,5752
delta_refusal,31,5753
delta_refusal,31,5754
delta_refusal,31,5763
delta_refusal,31,5769
delta_refusal,31,5772
delta_refusal,31,5777
delta_refusal,31,5781
delta_refusal,31,5785
delta_refusal,31,5789
delta_refusal,31,5794
delta_refusal,31,5802
delta_refusal,31,5806
delta_refusal,31,5811
delta_refusal,31,5814
delta_refusal,31,5818
delta_refusal,31,5825
delta_refusal,31,5828
delta_refusal,31,5831
delta_refusal,31,5832
delta_refusal,31,5833
delta_refusal,31,5834
delta_refusal,31,5835
delta_refusal,31,5838
delta_refusal,31,5841
delta_refusal,31,5842
delta_refusal,31,5847
delta_refusal,31,5848
delta_refusal,31,5850
delta_refusal,31,5852
delta_refusal,31,5857
delta_refusal,31,5864
delta_refusal,31,5874
delta_refusal,31,5883
delta_refusal,31,5895
delta_refusal,31,5899
delta_refusal,31,5904
delta_refusal,31,5906
delta_refusal,31,5912
delta_refusal,31,5915
delta_refusal,31,5917
delta_refusal,31,5919
delta_refusal,31,5924
delta_refusal,31,5929
delta_refusal,31,5932
delta_refusal,31,5933
delta_refusal,31,5939
delta_refusal,31,5941
delta_refusal,31,5956
delta_refusal,31,5966
delta_refusal,31,5968
delta_refusal,31,5975
delta_refusal,31,5981
delta_refusal,31,6000
delta_refusal,31,6001
delta_refusal,31,6003
delta_refusal,31,6009
delta_refusal,31,6018
delta_refusal,31,6020
delta_refusal,31,6029
delta_refusal,31,6030
delta_refusal,31,6032
delta_refusal,31,6045
delta_refusal,31,6050
delta_refusal,31,6059
delta_refusal,31,6061
delta_refusal,31,6063
delta_refusal,31,6072
delta_refusal,31,6074
delta_refusal,31,6080
delta_refusal,31,6082
delta_refusal,31,6085
delta_refusal,31,6086
delta_refusal,31,6091
delta_refusal,31,6093
delta_refusal,31,6096
delta_refusal,31,6100
delta_refusal,31,6103
delta_refusal,31,6107
delta_refusal,31,6109
delta_refusal,31,6130
delta_refusal,31,6132
delta_refusal,31,6155
delta_refusal,31,6158
delta_refusal,31,6159
delta_refusal,31,6161
delta_refusal,31,6162
delta_refusal,31,6169
delta_refusal,31,6173
delta_refusal,31,6175
delta_refusal,31,6192
delta_refusal,31,6195
delta_refusal,31,6201
delta_refusal,31,6203
delta_refusal,31,6204
delta_refusal,31,6221
delta_refusal,31,6223
delta_refusal,31,6226
delta_refusal,31,6227
delta_refusal,31,6228
delta_refusal,31,6238
delta_refusal,31,6239
delta_refusal,31,6240
delta_refusal,31,6246
delta_refusal,31,6265
delta_refusal,31,6266
delta_refusal,31,6275
delta_refusal,31,6277
delta_refusal,31,6301
delta_refusal,31,6306
delta_refusal,31,6319
delta_refusal,31,6322
delta_refusal,31,6330
delta_refusal,31,6349
delta_refusal,31,6352
delta_refusal,31,6355
delta_refusal,31,6357
delta_refusal,31,6364
delta_refusal,31,6365
delta_refusal,31,6372
delta_refusal,31,6373
delta_refusal,31,6384
delta_refusal,31,6385
delta_refusal,31,6393
delta_refusal,31,6397
delta_refusal,31,6398
delta_refusal,31,6403
delta_refusal,31,6404
delta_refusal,31,6411
delta_refusal,31,6423
delta_refusal,31,6428
delta_refusal,31,6430
delta_refusal,31,6432
delta_refusal,31,6434
delta_refusal,31,6437
delta_refusal,31,6439
delta_refusal,31,6441
delta_refusal,31,6443
delta_refusal,31,6448
delta_refusal,31,6452
delta_refusal,31,6453
delta_refusal,31,6464
delta_refusal,31,6466
delta_refusal,31,6467
delta_refusal,31,6471
delta_refusal,31,6472
delta_refusal,31,6474
delta_refusal,31,6477
delta_refusal,31,6478
delta_refusal,31,6489
delta_refusal,31,6491
delta_refusal,31,6493
delta_refusal,31,6494
delta_refusal,31,6495
delta_refusal,31,6504
delta_refusal,31,6507
delta_refusal,31,6510
delta_refusal,31,6511
delta_refusal,31,6515
delta_refusal,31,6520
delta_refusal,31,6522
delta_refusal,31,6527
delta_refusal,31,6532
delta_refusal,31,6535
delta_refusal,31,6556
delta_refusal,31,6566
delta_refusal,31,6575
delta_refusal,31,6579
delta_refusal,31,6586
delta_refusal,31,6588
delta_refusal,31,6600
delta_refusal,31,6614
delta_refusal,31,6616
delta_refusal,31,6626
delta_refusal,31,6628
delta_refusal,31,6631
delta_refusal,31,6635
delta_refusal,31,6643
delta_refusal,31,6644
delta_refusal,31,6650
delta_refusal,31,6651
delta_refusal,31,6657
delta_refusal,31,6658
delta_refusal,31,6665
delta_refusal,31,6669
delta_refusal,31,6670
delta_refusal,31,6676
delta_refusal,31,6677
delta_refusal,31,6687
delta_refusal,31,6691
delta_refusal,31,6694
delta_refusal,31,6696
delta_refusal,31,6697
delta_refusal,31,6698
delta_refusal,31,6700
delta_refusal,31,6707
delta_refusal,31,6720
delta_refusal,31,6721
delta_refusal,31,6734
delta_refusal,31,6736
delta_refusal,31,6738
delta_refusal,31,6744
delta_refusal,31,6746
delta_refusal,31,6750
delta_refusal,31,6761
delta_refusal,31,6770
delta_refusal,31,6771
delta_refusal,31,6772
delta_refusal,31,6798
delta_refusal,31,6822
delta_refusal,31,6830
delta_refusal,31,6839
delta_refusal,31,6848
delta_refusal,31,6850
delta_refusal,31,6852
delta_refusal,31,6860
delta_refusal,31,6872
delta_refusal,31,6873
delta_refusal,31,6877
delta_refusal,31,6879
delta_refusal,31,6896
delta_refusal,31,6900
delta_refusal,31,6902
delta_refusal,31,6908
delta_refusal,31,6909
delta_refusal,31,6914
delta_refusal,31,6915
delta_refusal,31,6916
delta_refusal,31,6921
delta_refusal,31,6924
delta_refusal,31,6926
delta_refusal,31,6930
delta_refusal,31,6934
delta_refusal,31,6939
delta_refusal,31,6950
delta_refusal,31,6955
delta_refusal,31,6974
delta_refusal,31,6995
delta_refusal,31,6998
delta_refusal,31,7001
delta_refusal,31,7002
delta_refusal,31,7004
delta_refusal,31,7009
delta_refusal,31,7011
delta_refusal,31,7017
delta_refusal,31,7019
delta_refusal,31,7032
delta_refusal,31,7038
delta_refusal,31,7045
delta_refusal,31,7049
delta_refusal,31,7051
delta_refusal,31,7061
delta_refusal,31,7068
delta_refusal,31,7069
delta_refusal,31,7071
delta_refusal,31,7075
delta_refusal,31,7078
delta_refusal,31,7079
delta_refusal,31,7087
delta_refusal,31,7090
delta_refusal,31,7093
delta_refusal,31,7096
delta_refusal,31,7113
delta_refusal,31,7115
delta_refusal,31,7117
delta_refusal,31,7119
delta_refusal,31,7122
delta_refusal,31,7124
delta_refusal,31,7127
delta_refusal,31,7142
delta_refusal,31,7146
delta_refusal,31,7148
delta_refusal,31,7162
delta_refusal,31,7166
delta_refusal,31,7179
delta_refusal,31,7182
delta_refusal,31,7185
delta_refusal,31,7186
delta_refusal,31,7189
delta_refusal,31,7196
delta_refusal,31,7197
delta_refusal,31,7201
delta_refusal,31,7203
delta_refusal,31,7204
delta_refusal,31,7209
delta_refusal,31,7211
delta_refusal,31,7213
delta_refusal,31,7218
delta_refusal,31,7224
delta_refusal,31,7228
delta_refusal,31,7235
delta_refusal,31,7239
delta_refusal,31,7243
delta_refusal,31,7244
delta_refusal,31,7245
delta_refusal,31,7254
delta_refusal,31,7262
delta_refusal,31,7263
delta_refusal,31,7275
delta_refusal,31,7278
delta_refusal,31,7279
delta_refusal,31,7280
delta_refusal,31,7281
delta_refusal,31,7285
delta_refusal,31,7288
delta_refusal,31,7291
delta_refusal,31,7293
delta_refusal,31,7294
delta_refusal,31,7295
delta_refusal,31,7297
delta_refusal,31,7300
delta_refusal,31,7303
delta_refusal,31,7307
delta_refusal,31,7311
delta_refusal,31,7315
delta_refusal,31,7327
delta_refusal,31,7332
delta_refusal,31,7334
delta_refusal,31,7342
delta_refusal,31,7344
delta_refusal,31,7355
delta_refusal,31,7358
delta_refusal,31,7361
delta_refusal,31,7365
delta_refusal,31,7367
delta_refusal,31,7375
delta_refusal,31,7387
delta_refusal,31,7390
delta_refusal,31,7391
delta_refusal,31,7393
delta_refusal,31,7405
delta_refusal,31,7411
delta_refusal,31,7416
delta_refusal,31,7418
delta_refusal,31,7429
delta_refusal,31,7437
delta_refusal,31,7438
delta_refusal,31,7447
delta_refusal,31,7450
delta_refusal,31,7451
delta_refusal,31,7458
delta_refusal,31,7465
delta_refusal,31,7469
delta_refusal,31,7475
delta_refusal,31,7476
delta_refusal,31,7478
delta_refusal,31,7484
delta_refusal,31,7485
delta_refusal,31,7487
delta_refusal,31,7491
delta_refusal,31,7494
delta_refusal,31,7504
delta_refusal,31,7506
delta_refusal,31,7511
delta_refusal,31,7512
delta_refusal,31,7513
delta_refusal,31,7514
delta_refusal,31,7517
delta_refusal,31,7520
delta_refusal,31,7530
delta_refusal,31,7535
delta_refusal,31,7536
delta_refusal,31,7537
delta_refusal,31,7538
delta_refusal,31,7559
delta_refusal,31,7560
delta_refusal,31,7565
delta_refusal,31,7566
delta_refusal,31,7569
delta_refusal,31,7580
delta_refusal,31,7585
delta_refusal,31,7591
delta_refusal,31,7592
delta_refusal,31,7595
delta_refusal,31,7598
delta_refusal,31,7599
delta_refusal,31,7600
delta_refusal,31,7607
delta_refusal,31,7614
delta_refusal,31,7615
delta_refusal,31,7618
delta_refusal,31,7637
delta_refusal,31,7638
delta_refusal,31,7664
delta_refusal,31,7669
delta_refusal,31,7672
delta_refusal,31,7673
delta_refusal,31,7676
delta_refusal,31,7677
delta_refusal,31,7680
delta_refusal,31,7681
delta_refusal,31,7685
delta_refusal,31,7687
delta_refusal,31,7689
delta_refusal,31,7692
delta_refusal,31,7693
delta_refusal,31,7699
delta_refusal,31,7706
delta_refusal,31,7712
delta_refusal,31,7716
delta_refusal,31,7720
delta_refusal,31,7721
delta_refusal,31,7725
delta_refusal,31,7749
delta_refusal,31,7753
delta_refusal,31,7758
delta_refusal,31,7759
delta_refusal,31,7764
delta_refusal,31,7778
delta_refusal,31,7783
delta_refusal,31,7784
delta_refusal,31,7791
delta_refusal,31,7799
delta_refusal,31,7802
delta_refusal,31,7827
delta_refusal,31,7833
delta_refusal,31,7834
delta_refusal,31,7844
delta_refusal,31,7850
delta_refusal,31,7851
delta_refusal,31,7852
delta_refusal,31,7859
delta_refusal,31,7861
delta_refusal,31,7866
delta_refusal,31,7872
delta_refusal,31,7873
delta_refusal,31,7874
delta_refusal,31,7883
delta_refusal,31,7885
delta_refusal,31,7888
delta_refusal,31,7898
delta_refusal,31,7900
delta_refusal,31,7906
delta_refusal,31,7922
delta_refusal,31,7935
delta_refusal,31,7936
delta_refusal,31,7938
delta_refusal,31,7943
delta_refusal,31,7944
delta_refusal,31,7950
delta_refusal,31,7960
delta_refusal,31,7963
delta_refusal,31,7964
delta_refusal,31,7965
delta_refusal,31,7973
delta_refusal,31,7974
delta_refusal,31,7985
delta_refusal,31,7989
delta_refusal,31,7992
delta_refusal,31,7995
delta_refusal,31,8000
delta_refusal,31,8003
delta_refusal,31,8012
delta_refusal,31,8021
delta_refusal,31,8031
delta_refusal,31,8047
delta_refusal,31,8048
delta_refusal,31,8050
delta_refusal,31,8053
delta_refusal,31,8058
delta_refusal,31,8060
delta_refusal,31,8064
delta_refusal,31,8068
delta_refusal,31,8071
delta_refusal,31,8076
delta_refusal,31,8083
delta_refusal,31,8089
delta_refusal,31,8100
delta_refusal,31,8101
delta_refusal,31,8103
delta_refusal,31,8112
delta_refusal,31,8114
delta_refusal,31,8118
delta_refusal,31,8120
delta_refusal,31,8126
delta_refusal,31,8131
delta_refusal,31,8132
delta_refusal,31,8136
delta_refusal,31,8150
delta_refusal,31,8152
delta_refusal,31,8154
delta_refusal,31,8155
delta_refusal,31,8156
delta_refusal,31,8167
delta_refusal,31,8173
delta_refusal,31,8190
delta_refusal,31,8191
delta_refusal,31,8192
delta_refusal,31,8193
delta_refusal,31,8201
delta_refusal,31,8205
delta_refusal,31,8210
delta_refusal,31,8212
delta_refusal,31,8216
delta_refusal,31,8219
delta_refusal,31,8225
delta_refusal,31,8227
delta_refusal,31,8229
delta_refusal,31,8236
delta_refusal,31,8240
delta_refusal,31,8245
delta_refusal,31,8249
delta_refusal,31,8254
delta_refusal,31,8255
delta_refusal,31,8257
delta_refusal,31,8258
delta_refusal,31,8267
delta_refusal,31,8272
delta_refusal,31,8279
delta_refusal,31,8280
delta_refusal,31,8285
delta_refusal,31,8293
delta_refusal,31,8296
delta_refusal,31,8297
delta_refusal,31,8300
delta_refusal,31,8305
delta_refusal,31,8311
delta_refusal,31,8314
delta_refusal,31,8316
delta_refusal,31,8320
delta_refusal,31,8321
delta_refusal,31,8324
delta_refusal,31,8330
delta_refusal,31,8331
delta_refusal,31,8333
delta_refusal,31,8334
delta_refusal,31,8338
delta_refusal,31,8345
delta_refusal,31,8346
delta_refusal,31,8347
delta_refusal,31,8350
delta_refusal,31,8353
delta_refusal,31,8354
delta_refusal,31,8357
delta_refusal,31,8358
delta_refusal,31,8359
delta_refusal,31,8360
delta_refusal,31,8361
delta_refusal,31,8366
delta_refusal,31,8369
delta_refusal,31,8378
delta_refusal,31,8379
delta_refusal,31,8382
delta_refusal,31,8384
delta_refusal,31,8389
delta_refusal,31,8392
delta_refusal,31,8398
delta_refusal,31,8400
delta_refusal,31,8401
delta_refusal,31,8406
delta_refusal,31,8409
delta_refusal,31,8410
delta_refusal,31,8414
delta_refusal,31,8415
delta_refusal,31,8416
delta_refusal,31,8418
delta_refusal,31,8426
delta_refusal,31,8432
delta_refusal,31,8445
delta_refusal,31,8450
delta_refusal,31,8458
delta_refusal,31,8464
delta_refusal,31,8468
delta_refusal,31,8470
delta_refusal,31,8471
delta_refusal,31,8473
delta_refusal,31,8476
delta_refusal,31,8484
delta_refusal,31,8489
delta_refusal,31,8494
delta_refusal,31,8496
delta_refusal,31,8499
delta_refusal,31,8502
delta_refusal,31,8503
delta_refusal,31,8508
delta_refusal,31,8521
delta_refusal,31,8524
delta_refusal,31,8526
delta_refusal,31,8527
delta_refusal,31,8532
delta_refusal,31,8533
delta_refusal,31,8537
delta_refusal,31,8540
delta_refusal,31,8544
delta_refusal,31,8547
delta_refusal,31,8548
delta_refusal,31,8549
delta_refusal,31,8565
delta_refusal,31,8572
delta_refusal,31,8574
delta_refusal,31,8579
delta_refusal,31,8583
delta_refusal,31,8590
delta_refusal,31,8591
delta_refusal,31,8595
delta_refusal,31,8607
delta_refusal,31,8611
delta_refusal,31,8617
delta_refusal,31,8622
delta_refusal,31,8624
delta_refusal,31,8626
delta_refusal,31,8633
delta_refusal,31,8640
delta_refusal,31,8642
delta_refusal,31,8643
delta_refusal,31,8650
delta_refusal,31,8652
delta_refusal,31,8654
delta_refusal,31,8655
delta_refusal,31,8657
delta_refusal,31,8661
delta_refusal,31,8664
delta_refusal,31,8667
delta_refusal,31,8671
delta_refusal,31,8677
delta_refusal,31,8680
delta_refusal,31,8682
delta_refusal,31,8691
delta_refusal,31,8695
delta_refusal,31,8697
delta_refusal,31,8698
delta_refusal,31,8711
delta_refusal,31,8714
delta_refusal,31,8722
delta_refusal,31,8732
delta_refusal,31,8735
delta_refusal,31,8747
delta_refusal,31,8754
delta_refusal,31,8757
delta_refusal,31,8761
delta_refusal,31,8766
delta_refusal,31,8770
delta_refusal,31,8771
delta_refusal,31,8784
delta_refusal,31,8787
delta_refusal,31,8788
delta_refusal,31,8792
delta_refusal,31,8794
delta_refusal,31,8798
delta_refusal,31,8817
delta_refusal,31,8819
delta_refusal,31,8820
delta_refusal,31,8825
delta_refusal,31,8831
delta_refusal,31,8846
delta_refusal,31,8852
delta_refusal,31,8855
delta_refusal,31,8861
delta_refusal,31,8862
delta_refusal,31,8865
delta_refusal,31,8866
delta_refusal,31,8867
delta_refusal,31,8874
delta_refusal,31,8879
delta_refusal,31,8880
delta_refusal,31,8887
delta_refusal,31,8899
delta_refusal,31,8902
delta_refusal,31,8907
delta_refusal,31,8914
delta_refusal,31,8921
delta_refusal,31,8934
delta_refusal,31,8936
delta_refusal,31,8937
delta_refusal,31,8948
delta_refusal,31,8950
delta_refusal,31,8953
delta_refusal,31,8954
delta_refusal,31,8959
delta_refusal,31,8962
delta_refusal,31,8971
delta_refusal,31,8978
delta_refusal,31,8980
delta_refusal,31,8984
delta_refusal,31,8987
delta_refusal,31,8990
delta_refusal,31,9005
delta_refusal,31,9009
delta_refusal,31,9017
delta_refusal,31,9021
delta_refusal,31,9022
delta_refusal,31,9032
delta_refusal,31,9033
delta_refusal,31,9036
delta_refusal,31,9038
delta_refusal,31,9046
delta_refusal,31,9047
delta_refusal,31,9054
delta_refusal,31,9058
delta_refusal,31,9059
delta_refusal,31,9061
delta_refusal,31,9065
delta_refusal,31,9071
delta_refusal,31,9072
delta_refusal,31,9074
delta_refusal,31,9081
delta_refusal,31,9088
delta_refusal,31,9091
delta_refusal,31,9099
delta_refusal,31,9114
delta_refusal,31,9115
delta_refusal,31,9119
delta_refusal,31,9125
delta_refusal,31,9127
delta_refusal,31,9133
delta_refusal,31,9135
delta_refusal,31,9144
delta_refusal,31,9154
delta_refusal,31,9163
delta_refusal,31,9171
delta_refusal,31,9175
delta_refusal,31,9187
delta_refusal,31,9191
delta_refusal,31,9192
delta_refusal,31,9205
delta_refusal,31,9208
delta_refusal,31,9210
delta_refusal,31,9222
delta_refusal,31,9231
delta_refusal,31,9236
delta_refusal,31,9241
delta_refusal,31,9246
delta_refusal,31,9249
delta_refusal,31,9251
delta_refusal,31,9254
delta_refusal,31,9256
delta_refusal,31,9258
delta_refusal,31,9260
delta_refusal,31,9261
delta_refusal,31,9272
delta_refusal,31,9276
delta_refusal,31,9282
delta_refusal,31,9283
delta_refusal,31,9286
delta_refusal,31,9289
delta_refusal,31,9292
delta_refusal,31,9299
delta_refusal,31,9307
delta_refusal,31,9313
delta_refusal,31,9318
delta_refusal,31,9326
delta_refusal,31,9327
delta_refusal,31,9334
delta_refusal,31,9337
delta_refusal,31,9351
delta_refusal,31,9355
delta_refusal,31,9359
delta_refusal,31,9360
delta_refusal,31,9371
delta_refusal,31,9376
delta_refusal,31,9387
delta_refusal,31,9392
delta_refusal,31,9396
delta_refusal,31,9400
delta_refusal,31,9401
delta_refusal,31,9410
delta_refusal,31,9411
delta_refusal,31,9412
delta_refusal,31,9416
delta_refusal,31,9421
delta_refusal,31,9435
delta_refusal,31,9445
delta_refusal,31,9451
delta_refusal,31,9454
delta_refusal,31,9455
delta_refusal,31,9456
delta_refusal,31,9464
delta_refusal,31,9465
delta_refusal,31,9469
delta_refusal,31,9470
delta_refusal,31,9475
delta_refusal,31,9486
delta_refusal,31,9487
delta_refusal,31,9494
delta_refusal,31,9495
delta_refusal,31,9497
delta_refusal,31,9500
delta_refusal,31,9501
delta_refusal,31,9505
delta_refusal,31,9506
delta_refusal,31,9507
delta_refusal,31,9508
delta_refusal,31,9510
delta_refusal,31,9511
delta_refusal,31,9512
delta_refusal,31,9519
delta_refusal,31,9528
delta_refusal,31,9538
delta_refusal,31,9540
delta_refusal,31,9544
delta_refusal,31,9547
delta_refusal,31,9548
delta_refusal,31,9552
delta_refusal,31,9553
delta_refusal,31,9555
delta_refusal,31,9558
delta_refusal,31,9559
delta_refusal,31,9573
delta_refusal,31,9575
delta_refusal,31,9580
delta_refusal,31,9582
delta_refusal,31,9583
delta_refusal,31,9584
delta_refusal,31,9587
delta_refusal,31,9592
delta_refusal,31,9595
delta_refusal,31,9597
delta_refusal,31,9598
delta_refusal,31,9602
delta_refusal,31,9614
delta_refusal,31,9620
delta_refusal,31,9628
delta_refusal,31,9631
delta_refusal,31,9636
delta_refusal,31,9640
delta_refusal,31,9647
delta_refusal,31,9658
delta_refusal,31,9663
delta_refusal,31,9664
delta_refusal,31,9665
delta_refusal,31,9674
delta_refusal,31,9675
delta_refusal,31,9689
delta_refusal,31,9690
delta_refusal,31,9692
delta_refusal,31,9693
delta_refusal,31,9696
delta_refusal,31,9700
delta_refusal,31,9704
delta_refusal,31,9705
delta_refusal,31,9708
delta_refusal,31,9716
delta_refusal,31,9730
delta_refusal,31,9732
delta_refusal,31,9734
delta_refusal,31,9755
delta_refusal,31,9762
delta_refusal,31,9763
delta_refusal,31,9769
delta_refusal,31,9790
delta_refusal,31,9795
delta_refusal,31,9796
delta_refusal,31,9802
delta_refusal,31,9803
delta_refusal,31,9818
delta_refusal,31,9825
delta_refusal,31,9843
delta_refusal,31,9847
delta_refusal,31,9858
delta_refusal,31,9864
delta_refusal,31,9866
delta_refusal,31,9870
delta_refusal,31,9878
delta_refusal,31,9882
delta_refusal,31,9888
delta_refusal,31,9891
delta_refusal,31,9894
delta_refusal,31,9902
delta_refusal,31,9903
delta_refusal,31,9906
delta_refusal,31,9908
delta_refusal,31,9909
delta_refusal,31,9911
delta_refusal,31,9912
delta_refusal,31,9915
delta_refusal,31,9922
delta_refusal,31,9929
delta_refusal,31,9931
delta_refusal,31,9934
delta_refusal,31,9936
delta_refusal,31,9944
delta_refusal,31,9945
delta_refusal,31,9949
delta_refusal,31,9968
delta_refusal,31,9974
delta_refusal,31,9976
delta_refusal,31,9978
delta_refusal,31,9992
delta_refusal,31,9995
delta_refusal,31,10006
delta_refusal,31,10007
delta_refusal,31,10012
delta_refusal,31,10014
delta_refusal,31,10017
delta_refusal,31,10025
delta_refusal,31,10030
delta_refusal,31,10033
delta_refusal,31,10036
delta_refusal,31,10040
delta_refusal,31,10050
delta_refusal,31,10051
delta_refusal,31,10068
delta_refusal,31,10073
delta_refusal,31,10077
delta_refusal,31,10083
delta_refusal,31,10085
delta_refusal,31,10091
delta_refusal,31,10094
delta_refusal,31,10097
delta_refusal,31,10100
delta_refusal,31,10107
delta_refusal,31,10111
delta_refusal,31,10114
delta_refusal,31,10122
delta_refusal,31,10126
delta_refusal,31,10129
delta_refusal,31,10131
delta_refusal,31,10133
delta_refusal,31,10136
delta_refusal,31,10140
delta_refusal,31,10148
delta_refusal,31,10151
delta_refusal,31,10152
delta_refusal,31,10158
delta_refusal,31,10159
delta_refusal,31,10165
delta_refusal,31,10168
delta_refusal,31,10175
delta_refusal,31,10176
delta_refusal,31,10178
delta_refusal,31,10180
delta_refusal,31,10191
delta_refusal,31,10201
delta_refusal,31,10204
delta_refusal,31,10210
delta_refusal,31,10213
delta_refusal,31,10215
delta_refusal,31,10216
delta_refusal,31,10218
delta_refusal,31,10219
delta_refusal,31,10228
delta_refusal,31,10233
delta_refusal,31,10244
delta_refusal,31,10249
delta_refusal,31,10252
delta_refusal,31,10261
delta_refusal,31,10262
delta_refusal,31,10266
delta_refusal,31,10269
delta_refusal,31,10272
delta_refusal,31,10276
delta_refusal,31,10277
delta_refusal,31,10284
delta_refusal,31,10305
delta_refusal,31,10308
delta_refusal,31,10310
delta_refusal,31,10313
delta_refusal,31,10315
delta_refusal,31,10323
delta_refusal,31,10324
delta_refusal,31,10326
delta_refusal,31,10329
delta_refusal,31,10334
delta_refusal,31,10335
delta_refusal,31,10345
delta_refusal,31,10346
delta_refusal,31,10348
delta_refusal,31,10351
delta_refusal,31,10355
delta_refusal,31,10368
delta_refusal,31,10369
delta_refusal,31,10370
delta_refusal,31,10375
delta_refusal,31,10384
delta_refusal,31,10392
delta_refusal,31,10396
delta_refusal,31,10405
delta_refusal,31,10406
delta_refusal,31,10408
delta_refusal,31,10414
delta_refusal,31,10419
delta_refusal,31,10430
delta_refusal,31,10432
delta_refusal,31,10436
delta_refusal,31,10439
delta_refusal,31,10442
delta_refusal,31,10448
delta_refusal,31,10452
delta_refusal,31,10456
delta_refusal,31,10458
delta_refusal,31,10459
delta_refusal,31,10471
delta_refusal,31,10476
delta_refusal,31,10478
delta_refusal,31,10479
delta_refusal,31,10492
delta_refusal,31,10502
delta_refusal,31,10504
delta_refusal,31,10505
delta_refusal,31,10512
delta_refusal,31,10513
delta_refusal,31,10514
delta_refusal,31,10519
delta_refusal,31,10522
delta_refusal,31,10530
delta_refusal,31,10533
delta_refusal,31,10549
delta_refusal,31,10555
delta_refusal,31,10556
delta_refusal,31,10566
delta_refusal,31,10567
delta_refusal,31,10570
delta_refusal,31,10578
delta_refusal,31,10581
delta_refusal,31,10584
delta_refusal,31,10585
delta_refusal,31,10586
delta_refusal,31,10588
delta_refusal,31,10589
delta_refusal,31,10605
delta_refusal,31,10606
delta_refusal,31,10610
delta_refusal,31,10618
delta_refusal,31,10619
delta_refusal,31,10629
delta_refusal,31,10644
delta_refusal,31,10650
delta_refusal,31,10653
delta_refusal,31,10655
delta_refusal,31,10659
delta_refusal,31,10667
delta_refusal,31,10673
delta_refusal,31,10674
delta_refusal,31,10675
delta_refusal,31,10680
delta_refusal,31,10688
delta_refusal,31,10690
delta_refusal,31,10695
delta_refusal,31,10697
delta_refusal,31,10699
delta_refusal,31,10703
delta_refusal,31,10714
delta_refusal,31,10715
delta_refusal,31,10716
delta_refusal,31,10717
delta_refusal,31,10720
delta_refusal,31,10725
delta_refusal,31,10726
delta_refusal,31,10741
delta_refusal,31,10748
delta_refusal,31,10757
delta_refusal,31,10758
delta_refusal,31,10759
delta_refusal,31,10761
delta_refusal,31,10767
delta_refusal,31,10770
delta_refusal,31,10775
delta_refusal,31,10776
delta_refusal,31,10783
delta_refusal,31,10788
delta_refusal,31,10792
delta_refusal,31,10800
delta_refusal,31,10803
delta_refusal,31,10806
delta_refusal,31,10814
delta_refusal,31,10828
delta_refusal,31,10829
delta_refusal,31,10834
delta_refusal,31,10840
delta_refusal,31,10842
delta_refusal,31,10843
delta_refusal,31,10845
delta_refusal,31,10849
delta_refusal,31,10850
delta_refusal,31,10859
delta_refusal,31,10866
delta_refusal,31,10878
delta_refusal,31,10880
delta_refusal,31,10883
delta_refusal,31,10891
delta_refusal,31,10896
delta_refusal,31,10897
delta_refusal,31,10902
delta_refusal,31,10908
delta_refusal,31,10911
delta_refusal,31,10912
delta_refusal,31,10914
delta_refusal,31,10919
delta_refusal,31,10922
delta_refusal,31,10937
delta_refusal,31,10944
delta_refusal,31,10946
delta_refusal,31,10948
delta_refusal,31,10952
delta_refusal,31,10953
delta_refusal,31,10956
delta_refusal,31,10957
delta_refusal,31,10965
delta_refusal,31,10966
delta_refusal,31,10971
delta_refusal,31,10973
delta_refusal,31,10976
delta_refusal,31,10981
delta_refusal,31,10982
delta_refusal,31,10986
delta_refusal,31,10989
delta_refusal,31,10995
delta_refusal,31,10996
delta_refusal,31,11000
delta_refusal,31,11001
delta_refusal,31,11006
delta_refusal,31,11008
delta_refusal,31,11009
delta_refusal,31,11010
delta_refusal,31,11015
delta_refusal,31,11024
delta_refusal,31,11040
delta_refusal,31,11047
delta_refusal,31,11057
delta_refusal,31,11059
delta_refusal,31,11062
delta_refusal,31,11071
delta_refusal,31,11075
delta_refusal,31,11077
delta_refusal,31,11079
delta_refusal,31,11080
delta_refusal,31,11084
delta_refusal,31,11085
delta_refusal,31,11092
delta_refusal,31,11097
delta_refusal,31,11102
delta_refusal,31,11108
delta_refusal,31,11118
delta_refusal,31,11131
delta_refusal,31,11138
delta_refusal,31,11140
delta_refusal,31,11141
delta_refusal,31,11144
delta_refusal,31,11145
delta_refusal,31,11146
delta_refusal,31,11149
delta_refusal,31,11151
delta_refusal,31,11155
delta_refusal,31,11160
delta_refusal,31,11172
delta_refusal,31,11175
delta_refusal,31,11181
delta_refusal,31,11194
delta_refusal,31,11198
delta_refusal,31,11202
delta_refusal,31,11208
delta_refusal,31,11218
delta_refusal,31,11222
delta_refusal,31,11224
delta_refusal,31,11227
delta_refusal,31,11228
delta_refusal,31,11230
delta_refusal,31,11233
delta_refusal,31,11234
delta_refusal,31,11235
delta_refusal,31,11243
delta_refusal,31,11244
delta_refusal,31,11249
delta_refusal,31,11250
delta_refusal,31,11254
delta_refusal,31,11256
delta_refusal,31,11258
delta_refusal,31,11265
delta_refusal,31,11267
delta_refusal,31,11274
delta_refusal,31,11276
delta_refusal,31,11286
delta_refusal,31,11291
delta_refusal,31,11292
delta_refusal,31,11298
delta_refusal,31,11305
delta_refusal,31,11311
delta_refusal,31,11314
delta_refusal,31,11315
delta_refusal,31,11316
delta_refusal,31,11318
delta_refusal,31,11321
delta_refusal,31,11325
delta_refusal,31,11326
delta_refusal,31,11329
delta_refusal,31,11334
delta_refusal,31,11337
delta_refusal,31,11339
delta_refusal,31,11341
delta_refusal,31,11342
delta_refusal,31,11346
delta_refusal,31,11347
delta_refusal,31,11348
delta_refusal,31,11350
delta_refusal,31,11351
delta_refusal,31,11357
delta_refusal,31,11363
delta_refusal,31,11365
delta_refusal,31,11370
delta_refusal,31,11378
delta_refusal,31,11385
delta_refusal,31,11386
delta_refusal,31,11396
delta_refusal,31,11406
delta_refusal,31,11410
delta_refusal,31,11412
delta_refusal,31,11413
delta_refusal,31,11414
delta_refusal,31,11416
delta_refusal,31,11417
delta_refusal,31,11432
delta_refusal,31,11433
delta_refusal,31,11434
delta_refusal,31,11435
delta_refusal,31,11437
delta_refusal,31,11441
delta_refusal,31,11443
delta_refusal,31,11445
delta_refusal,31,11456
delta_refusal,31,11468
delta_refusal,31,11471
delta_refusal,31,11488
delta_refusal,31,11489
delta_refusal,31,11490
delta_refusal,31,11491
delta_refusal,31,11494
delta_refusal,31,11497
delta_refusal,31,11504
delta_refusal,31,11509
delta_refusal,31,11512
delta_refusal,31,11517
delta_refusal,31,11518
delta_refusal,31,11537
delta_refusal,31,11540
delta_refusal,31,11541
delta_refusal,31,11543
delta_refusal,31,11547
delta_refusal,31,11552
delta_refusal,31,11553
delta_refusal,31,11558
delta_refusal,31,11567
delta_refusal,31,11571
delta_refusal,31,11572
delta_refusal,31,11581
delta_refusal,31,11583
delta_refusal,31,11589
delta_refusal,31,11592
delta_refusal,31,11598
delta_refusal,31,11601
delta_refusal,31,11604
delta_refusal,31,11620
delta_refusal,31,11622
delta_refusal,31,11626
delta_refusal,31,11627
delta_refusal,31,11630
delta_refusal,31,11638
delta_refusal,31,11639
delta_refusal,31,11640
delta_refusal,31,11644
delta_refusal,31,11650
delta_refusal,31,11652
delta_refusal,31,11680
delta_refusal,31,11682
delta_refusal,31,11688
delta_refusal,31,11692
delta_refusal,31,11698
delta_refusal,31,11699
delta_refusal,31,11708
delta_refusal,31,11715
delta_refusal,31,11718
delta_refusal,31,11728
delta_refusal,31,11740
delta_refusal,31,11748
delta_refusal,31,11752
delta_refusal,31,11755
delta_refusal,31,11757
delta_refusal,31,11759
delta_refusal,31,11770
delta_refusal,31,11776
delta_refusal,31,11780
delta_refusal,31,11794
delta_refusal,31,11804
delta_refusal,31,11808
delta_refusal,31,11809
delta_refusal,31,11811
delta_refusal,31,11813
delta_refusal,31,11817
delta_refusal,31,11818
delta_refusal,31,11819
delta_refusal,31,11827
delta_refusal,31,11831
delta_refusal,31,11836
delta_refusal,31,11840
delta_refusal,31,11842
delta_refusal,31,11843
delta_refusal,31,11845
delta_refusal,31,11848
delta_refusal,31,11860
delta_refusal,31,11866
delta_refusal,31,11870
delta_refusal,31,11875
delta_refusal,31,11876
delta_refusal,31,11878
delta_refusal,31,11881
delta_refusal,31,11895
delta_refusal,31,11905
delta_refusal,31,11906
delta_refusal,31,11912
delta_refusal,31,11913
delta_refusal,31,11914
delta_refusal,31,11916
delta_refusal,31,11919
delta_refusal,31,11929
delta_refusal,31,11931
delta_refusal,31,11932
delta_refusal,31,11938
delta_refusal,31,11941
delta_refusal,31,11942
delta_refusal,31,11944
delta_refusal,31,11948
delta_refusal,31,11952
delta_refusal,31,11962
delta_refusal,31,11978
delta_refusal,31,11981
delta_refusal,31,11985
delta_refusal,31,11992
delta_refusal,31,11997
delta_refusal,31,11999
delta_refusal,31,12004
delta_refusal,31,12005
delta_refusal,31,12008
delta_refusal,31,12011
delta_refusal,31,12015
delta_refusal,31,12021
delta_refusal,31,12032
delta_refusal,31,12033
delta_refusal,31,12034
delta_refusal,31,12035
delta_refusal,31,12038
delta_refusal,31,12042
delta_refusal,31,12048
delta_refusal,31,12053
delta_refusal,31,12061
delta_refusal,31,12064
delta_refusal,31,12070
delta_refusal,31,12081
delta_refusal,31,12084
delta_refusal,31,12087
delta_refusal,31,12091
delta_refusal,31,12101
delta_refusal,31,12109
delta_refusal,31,12114
delta_refusal,31,12119
delta_refusal,31,12120
delta_refusal,31,12122
delta_refusal,31,12127
delta_refusal,31,12145
delta_refusal,31,12159
delta_refusal,31,12165
delta_refusal,31,12171
delta_refusal,31,12172
delta_refusal,31,12182
delta_refusal,31,12183
delta_refusal,31,12185
delta_refusal,31,12186
delta_refusal,31,12193
delta_refusal,31,12194
delta_refusal,31,12201
delta_refusal,31,12206
delta_refusal,31,12210
delta_refusal,31,12214
delta_refusal,31,12220
delta_refusal,31,12222
delta_refusal,31,12224
delta_refusal,31,12226
delta_refusal,31,12240
delta_refusal,31,12244
delta_refusal,31,12245
delta_refusal,31,12248
delta_refusal,31,12251
delta_refusal,31,12252
delta_refusal,31,12256
delta_refusal,31,12257
delta_refusal,31,12260
delta_refusal,31,12266
delta_refusal,31,12268
delta_refusal,31,12270
delta_refusal,31,12272
delta_refusal,31,12277
delta_refusal,31,12286
delta_refusal,31,12292
delta_refusal,31,12293
delta_refusal,31,12296
delta_refusal,31,12303
delta_refusal,31,12305
delta_refusal,31,12307
delta_refusal,31,12313
delta_refusal,31,12320
delta_refusal,31,12323
delta_refusal,31,12333
delta_refusal,31,12340
delta_refusal,31,12349
delta_refusal,31,12358
delta_refusal,31,12362
delta_refusal,31,12364
delta_refusal,31,12365
delta_refusal,31,12367
delta_refusal,31,12368
delta_refusal,31,12372
delta_refusal,31,12373
delta_refusal,31,12377
delta_refusal,31,12383
delta_refusal,31,12391
delta_refusal,31,12411
delta_refusal,31,12413
delta_refusal,31,12414
delta_refusal,31,12416
delta_refusal,31,12423
delta_refusal,31,12430
delta_refusal,31,12434
delta_refusal,31,12439
delta_refusal,31,12446
delta_refusal,31,12461
delta_refusal,31,12462
delta_refusal,31,12463
delta_refusal,31,12469
delta_refusal,31,12471
delta_refusal,31,12492
delta_refusal,31,12493
delta_refusal,31,12499
delta_refusal,31,12502
delta_refusal,31,12505
delta_refusal,31,12514
delta_refusal,31,12517
delta_refusal,31,12518
delta_refusal,31,12521
delta_refusal,31,12522
delta_refusal,31,12523
delta_refusal,31,12525
delta_refusal,31,12529
delta_refusal,31,12537
delta_refusal,31,12548
delta_refusal,31,12552
delta_refusal,31,12564
delta_refusal,31,12568
delta_refusal,31,12578
delta_refusal,31,12582
delta_refusal,31,12584
delta_refusal,31,12587
delta_refusal,31,12591
delta_refusal,31,12596
delta_refusal,31,12598
delta_refusal,31,12601
delta_refusal,31,12604
delta_refusal,31,12609
delta_refusal,31,12620
delta_refusal,31,12625
delta_refusal,31,12629
delta_refusal,31,12638
delta_refusal,31,12643
delta_refusal,31,12652
delta_refusal,31,12655
delta_refusal,31,12656
delta_refusal,31,12668
delta_refusal,31,12673
delta_refusal,31,12677
delta_refusal,31,12685
delta_refusal,31,12693
delta_refusal,31,12696
delta_refusal,31,12699
delta_refusal,31,12702
delta_refusal,31,12705
delta_refusal,31,12706
delta_refusal,31,12709
delta_refusal,31,12712
delta_refusal,31,12719
delta_refusal,31,12734
delta_refusal,31,12739
delta_refusal,31,12745
delta_refusal,31,12746
delta_refusal,31,12753
delta_refusal,31,12759
delta_refusal,31,12763
delta_refusal,31,12764
delta_refusal,31,12768
delta_refusal,31,12773
delta_refusal,31,12776
delta_refusal,31,12780
delta_refusal,31,12784
delta_refusal,31,12794
delta_refusal,31,12795
delta_refusal,31,12800
delta_refusal,31,12814
delta_refusal,31,12816
delta_refusal,31,12819
delta_refusal,31,12824
delta_refusal,31,12832
delta_refusal,31,12839
delta_refusal,31,12840
delta_refusal,31,12841
delta_refusal,31,12842
delta_refusal,31,12844
delta_refusal,31,12845
delta_refusal,31,12854
delta_refusal,31,12861
delta_refusal,31,12863
delta_refusal,31,12870
delta_refusal,31,12893
delta_refusal,31,12910
delta_refusal,31,12912
delta_refusal,31,12913
delta_refusal,31,12914
delta_refusal,31,12923
delta_refusal,31,12924
delta_refusal,31,12933
delta_refusal,31,12935
delta_refusal,31,12950
delta_refusal,31,12951
delta_refusal,31,12953
delta_refusal,31,12968
delta_refusal,31,12971
delta_refusal,31,12973
delta_refusal,31,12977
delta_refusal,31,12982
delta_refusal,31,12987
delta_refusal,31,12995
delta_refusal,31,13005
delta_refusal,31,13006
delta_refusal,31,13012
delta_refusal,31,13019
delta_refusal,31,13023
delta_refusal,31,13027
delta_refusal,31,13029
delta_refusal,31,13030
delta_refusal,31,13034
delta_refusal,31,13038
delta_refusal,31,13040
delta_refusal,31,13042
delta_refusal,31,13045
delta_refusal,31,13050
delta_refusal,31,13054
delta_refusal,31,13060
delta_refusal,31,13061
delta_refusal,31,13062
delta_refusal,31,13063
delta_refusal,31,13066
delta_refusal,31,13076
delta_refusal,31,13082
delta_refusal,31,13083
delta_refusal,31,13091
delta_refusal,31,13095
delta_refusal,31,13100
delta_refusal,31,13102
delta_refusal,31,13110
delta_refusal,31,13111
delta_refusal,31,13112
delta_refusal,31,13113
delta_refusal,31,13115
delta_refusal,31,13122
delta_refusal,31,13123
delta_refusal,31,13128
delta_refusal,31,13129
delta_refusal,31,13145
delta_refusal,31,13150
delta_refusal,31,13151
delta_refusal,31,13154
delta_refusal,31,13156
delta_refusal,31,13172
delta_refusal,31,13176
delta_refusal,31,13177
delta_refusal,31,13179
delta_refusal,31,13182
delta_refusal,31,13185
delta_refusal,31,13188
delta_refusal,31,13189
delta_refusal,31,13193
delta_refusal,31,13194
delta_refusal,31,13195
delta_refusal,31,13202
delta_refusal,31,13203
delta_refusal,31,13204
delta_refusal,31,13210
delta_refusal,31,13213
delta_refusal,31,13216
delta_refusal,31,13219
delta_refusal,31,13225
delta_refusal,31,13229
delta_refusal,31,13232
delta_refusal,31,13235
delta_refusal,31,13236
delta_refusal,31,13239
delta_refusal,31,13245
delta_refusal,31,13248
delta_refusal,31,13249
delta_refusal,31,13253
delta_refusal,31,13257
delta_refusal,31,13267
delta_refusal,31,13269
delta_refusal,31,13271
delta_refusal,31,13273
delta_refusal,31,13277
delta_refusal,31,13289
delta_refusal,31,13291
delta_refusal,31,13293
delta_refusal,31,13299
delta_refusal,31,13314
delta_refusal,31,13317
delta_refusal,31,13319
delta_refusal,31,13324
delta_refusal,31,13328
delta_refusal,31,13336
delta_refusal,31,13341
delta_refusal,31,13356
delta_refusal,31,13369
delta_refusal,31,13384
delta_refusal,31,13388
delta_refusal,31,13401
delta_refusal,31,13402
delta_refusal,31,13405
delta_refusal,31,13409
delta_refusal,31,13412
delta_refusal,31,13414
delta_refusal,31,13422
delta_refusal,31,13423
delta_refusal,31,13425
delta_refusal,31,13428
delta_refusal,31,13436
delta_refusal,31,13453
delta_refusal,31,13456
delta_refusal,31,13457
delta_refusal,31,13458
delta_refusal,31,13465
delta_refusal,31,13470
delta_refusal,31,13472
delta_refusal,31,13476
delta_refusal,31,13482
delta_refusal,31,13492
delta_refusal,31,13493
delta_refusal,31,13501
delta_refusal,31,13507
delta_refusal,31,13518
delta_refusal,31,13519
delta_refusal,31,13520
delta_refusal,31,13527
delta_refusal,31,13529
delta_refusal,31,13537
delta_refusal,31,13544
delta_refusal,31,13548
delta_refusal,31,13555
delta_refusal,31,13565
delta_refusal,31,13567
delta_refusal,31,13569
delta_refusal,31,13575
delta_refusal,31,13578
delta_refusal,31,13579
delta_refusal,31,13583
delta_refusal,31,13585
delta_refusal,31,13592
delta_refusal,31,13595
delta_refusal,31,13596
delta_refusal,31,13597
delta_refusal,31,13599
delta_refusal,31,13605
delta_refusal,31,13609
delta_refusal,31,13621
delta_refusal,31,13622
delta_refusal,31,13630
delta_refusal,31,13640
delta_refusal,31,13641
delta_refusal,31,13647
delta_refusal,31,13654
delta_refusal,31,13661
delta_refusal,31,13662
delta_refusal,31,13664
delta_refusal,31,13667
delta_refusal,31,13668
delta_refusal,31,13670
delta_refusal,31,13671
delta_refusal,31,13691
delta_refusal,31,13692
delta_refusal,31,13702
delta_refusal,31,13703
delta_refusal,31,13705
delta_refusal,31,13710
delta_refusal,31,13713
delta_refusal,31,13717
delta_refusal,31,13724
delta_refusal,31,13725
delta_refusal,31,13726
delta_refusal,31,13727
delta_refusal,31,13733
delta_refusal,31,13738
delta_refusal,31,13739
delta_refusal,31,13746
delta_refusal,31,13754
delta_refusal,31,13762
delta_refusal,31,13763
delta_refusal,31,13774
delta_refusal,31,13778
delta_refusal,31,13788
delta_refusal,31,13797
delta_refusal,31,13798
delta_refusal,31,13801
delta_refusal,31,13808
delta_refusal,31,13812
delta_refusal,31,13813
delta_refusal,31,13814
delta_refusal,31,13815
delta_refusal,31,13818
delta_refusal,31,13820
delta_refusal,31,13833
delta_refusal,31,13834
delta_refusal,31,13837
delta_refusal,31,13844
delta_refusal,31,13849
delta_refusal,31,13851
delta_refusal,31,13853
delta_refusal,31,13854
delta_refusal,31,13859
delta_refusal,31,13862
delta_refusal,31,13869
delta_refusal,31,13872
delta_refusal,31,13882
delta_refusal,31,13888
delta_refusal,31,13889
delta_refusal,31,13890
delta_refusal,31,13897
delta_refusal,31,13899
delta_refusal,31,13909
delta_refusal,31,13911
delta_refusal,31,13929
delta_refusal,31,13930
delta_refusal,31,13933
delta_refusal,31,13934
delta_refusal,31,13949
delta_refusal,31,13957
delta_refusal,31,13975
delta_refusal,31,13976
delta_refusal,31,13989
delta_refusal,31,13994
delta_refusal,31,13995
delta_refusal,31,14004
delta_refusal,31,14010
delta_refusal,31,14027
delta_refusal,31,14029
delta_refusal,31,14054
delta_refusal,31,14058
delta_refusal,31,14060
delta_refusal,31,14061
delta_refusal,31,14073
delta_refusal,31,14090
delta_refusal,31,14091
delta_refusal,31,14094
delta_refusal,31,14095
delta_refusal,31,14103
delta_refusal,31,14106
delta_refusal,31,14107
delta_refusal,31,14108
delta_refusal,31,14111
delta_refusal,31,14113
delta_refusal,31,14115
delta_refusal,31,14123
delta_refusal,31,14136
delta_refusal,31,14143
delta_refusal,31,14147
delta_refusal,31,14168
delta_refusal,31,14173
delta_refusal,31,14175
delta_refusal,31,14177
delta_refusal,31,14181
delta_refusal,31,14186
delta_refusal,31,14192
delta_refusal,31,14196
delta_refusal,31,14200
delta_refusal,31,14201
delta_refusal,31,14203
delta_refusal,31,14211
delta_refusal,31,14214
delta_refusal,31,14219
delta_refusal,31,14221
delta_refusal,31,14223
delta_refusal,31,14224
delta_refusal,31,14230
delta_refusal,31,14242
delta_refusal,31,14251
delta_refusal,31,14254
delta_refusal,31,14269
delta_refusal,31,14276
delta_refusal,31,14280
delta_refusal,31,14285
delta_refusal,31,14288
delta_refusal,31,14289
delta_refusal,31,14296
delta_refusal,31,14299
delta_refusal,31,14303
delta_refusal,31,14304
delta_refusal,31,14306
delta_refusal,31,14312
delta_refusal,31,14321
delta_refusal,31,14332
