variant,layer,neuron_index
delta_harmfulness,2,3328
delta_harmfulness,2,7120
delta_harmfulness,3,10351
delta_harmfulness,4,9809
delta_harmfulness,4,10711
delta_harmfulness,5,3150
delta_harmfulness,5,5733
delta_harmfulness,5,7951
delta_harmfulness,5,13440
delta_harmfulness,7,824
delta_harmfulness,7,1994
delta_harmfulness,7,3720
delta_harmfulness,7,10594
delta_harmfulness,8,64
delta_harmfulness,8,319
delta_harmfulness,8,1430
delta_harmfulness,8,7503
delta_harmfulness,9,334
delta_harmfulness,9,802
delta_harmfulness,9,3842
delta_harmfulness,9,4434
delta_harmfulness,9,6490
delta_harmfulness,9,9724
delta_harmfulness,9,9799
delta_harmfulness,9,10644
delta_harmfulness,9,12479
delta_harmfulness,9,12613
delta_harmfulness,10,853
delta_harmfulness,10,1084
delta_harmfulness,10,1156
delta_harmfulness,10,1587
delta_harmfulness,10,1656
delta_harmfulness,10,1768
delta_harmfulness,10,2277
delta_harmfulness,10,2673
delta_harmfulness,10,2806
delta_harmfulness,10,4978
delta_harmfulness,10,6267
delta_harmfulness,10,6588
delta_harmfulness,10,6775
delta_harmfulness,10,7483
delta_harmfulness,10,7511
delta_harmfulness,10,7676
delta_harmfulness,10,7912
delta_harmfulness,10,9322
delta_harmfulness,10,10524
delta_harmfulness,10,10997
delta_harmfulness,10,11924
delta_harmfulness,10,12974
delta_harmfulness,10,14292
delta_harmfulness,11,42
delta_harmfulness,11,189
delta_harmfulness,11,898
delta_harmfulness,11,1032
delta_harmfulness,11,1525
delta_harmfulness,11,1532
delta_harmfulness,11,2871
delta_harmfulness,11,3306
delta_harmfulness,11,3639
delta_harmfulness,11,3787
delta_harmfulness,11,3969
delta_harmfulness,11,4146
delta_harmfulness,11,4173
delta_harmfulness,11,4258
delta_harmfulness,11,4467
delta_harmfulness,11,4800
delta_harmfulness,11,5133
delta_harmfulness,11,5533
delta_harmfulness,11,6105
delta_harmfulness,11,6737
delta_harmfulness,11,7366
delta_harmfulness,11,7464
delta_harmfulness,11,7480
delta_harmfulness,11,7508
delta_harmfulness,11,7624
delta_harmfulness,11,7903
delta_harmfulness,11,7907
delta_harmfulness,11,9982
delta_harmfulness,11,10096
delta_harmfulness,11,10294
delta_harmfulness,11,10685
delta_harmfulness,11,11666
delta_harmfulness,11,12239
delta_harmfulness,11,12581
delta_harmfulness,11,12991
delta_harmfulness,11,13636
delta_harmfulness,11,13926
delta_harmfulness,11,13978
delta_harmfulness,11,14106
delta_harmfulness,12,180
delta_harmfulness,12,245
delta_harmfulness,12,286
delta_harmfulness,12,364
delta_harmfulness,12,678
delta_harmfulness,12,734
delta_harmfulness,12,1053
delta_harmfulness,12,1260
delta_harmfulness,12,1481
delta_harmfulness,12,1559
delta_harmfulness,12,2243
delta_harmfulness,12,2691
delta_harmfulness,12,2749
delta_harmfulness,12,3060
delta_harmfulness,12,3063
delta_harmfulness,12,3282
delta_harmfulness,12,3639
delta_harmfulness,12,3740
delta_harmfulness,12,4317
delta_harmfulness,12,4319
delta_harmfulness,12,4464
delta_harmfulness,12,4615
delta_harmfulness,12,4963
delta_harmfulness,12,5070
delta_harmfulness,12,5224
delta_harmfulness,12,5287
delta_harmfulness,12,5430
delta_harmfulness,12,5802
delta_harmfulness,12,5840
delta_harmfulness,12,6170
delta_harmfulness,12,7342
delta_harmfulness,12,7872
delta_harmfulness,12,8137
delta_harmfulness,12,8512
delta_harmfulness,12,8540
delta_harmfulness,12,8782
delta_harmfulness,12,8845
delta_harmfulness,12,9367
delta_harmfulness,12,9795
delta_harmfulness,12,10354
delta_harmfulness,12,10867
delta_harmfulness,12,11229
delta_harmfulness,12,11237
delta_harmfulness,12,11262
delta_harmfulness,12,12363
delta_harmfulness,12,12452
delta_harmfulness,12,12559
delta_harmfulness,12,12565
delta_harmfulness,12,13336
delta_harmfulness,12,13471
delta_harmfulness,12,13783
delta_harmfulness,12,13868
delta_harmfulness,13,37
delta_harmfulness,13,702
delta_harmfulness,13,760
delta_harmfulness,13,976
delta_harmfulness,13,1202
delta_harmfulness,13,1362
delta_harmfulness,13,1605
delta_harmfulness,13,1613
delta_harmfulness,13,1623
delta_harmfulness,13,1781
delta_harmfulness,13,2036
delta_harmfulness,13,2057
delta_harmfulness,13,2127
delta_harmfulness,13,2402
delta_harmfulness,13,2432
delta_harmfulness,13,2564
delta_harmfulness,13,2681
delta_harmfulness,13,2844
delta_harmfulness,13,3070
delta_harmfulness,13,3433
delta_harmfulness,13,3677
delta_harmfulness,13,3683
delta_harmfulness,13,3714
delta_harmfulness,13,3753
delta_harmfulness,13,3999
delta_harmfulness,13,4012
delta_harmfulness,13,4038
delta_harmfulness,13,4050
delta_harmfulness,13,4257
delta_harmfulness,13,4266
delta_harmfulness,13,5157
delta_harmfulness,13,5161
delta_harmfulness,13,5500
delta_harmfulness,13,5538
delta_harmfulness,13,5570
delta_harmfulness,13,5577
delta_harmfulness,13,5748
delta_harmfulness,13,6356
delta_harmfulness,13,6579
delta_harmfulness,13,6645
delta_harmfulness,13,6746
delta_harmfulness,13,7107
delta_harmfulness,13,7267
delta_harmfulness,13,7538
delta_harmfulness,13,7728
delta_harmfulness,13,7766
delta_harmfulness,13,7787
delta_harmfulness,13,8118
delta_harmfulness,13,8152
delta_harmfulness,13,8261
delta_harmfulness,13,8310
delta_harmfulness,13,8395
delta_harmfulness,13,8425
delta_harmfulness,13,8706
delta_harmfulness,13,8716
delta_harmfulness,13,8795
delta_harmfulness,13,8983
delta_harmfulness,13,9503
delta_harmfulness,13,9744
delta_harmfulness,13,9780
delta_harmfulness,13,9782
delta_harmfulness,13,9893
delta_harmfulness,13,10101
delta_harmfulness,13,10402
delta_harmfulness,13,10626
delta_harmfulness,13,10988
delta_harmfulness,13,11082
delta_harmfulness,13,11124
delta_harmfulness,13,11405
delta_harmfulness,13,11412
delta_harmfulness,13,11472
delta_harmfulness,13,11800
delta_harmfulness,13,12258
delta_harmfulness,13,12259
delta_harmfulness,13,12293
delta_harmfulness,13,12692
delta_harmfulness,13,12855
delta_harmfulness,13,12936
delta_harmfulness,13,13416
delta_harmfulness,13,13615
delta_harmfulness,13,13639
delta_harmfulness,13,13693
delta_harmfulness,13,13707
delta_harmfulness,13,13713
delta_harmfulness,13,13774
delta_harmfulness,13,13866
delta_harmfulness,14,78
delta_harmfulness,14,366
delta_harmfulness,14,590
delta_harmfulness,14,780
delta_harmfulness,14,807
delta_harmfulness,14,834
delta_harmfulness,14,963
delta_harmfulness,14,1031
delta_harmfulness,14,1464
delta_harmfulness,14,1559
delta_harmfulness,14,1771
delta_harmfulness,14,1792
delta_harmfulness,14,2273
delta_harmfulness,14,2413
delta_harmfulness,14,2984
delta_harmfulness,14,3444
delta_harmfulness,14,3566
delta_harmfulness,14,3917
delta_harmfulness,14,3940
delta_harmfulness,14,4024
delta_harmfulness,14,4096
delta_harmfulness,14,4201
delta_harmfulness,14,4249
delta_harmfulness,14,4322
delta_harmfulness,14,4484
delta_harmfulness,14,4489
delta_harmfulness,14,4538
delta_harmfulness,14,5437
delta_harmfulness,14,5453
delta_harmfulness,14,5616
delta_harmfulness,14,5808
delta_harmfulness,14,6095
delta_harmfulness,14,6384
delta_harmfulness,14,6467
delta_harmfulness,14,7071
delta_harmfulness,14,7534
delta_harmfulness,14,7648
delta_harmfulness,14,8069
delta_harmfulness,14,8090
delta_harmfulness,14,8258
delta_harmfulness,14,8419
delta_harmfulness,14,8902
delta_harmfulness,14,8955
delta_harmfulness,14,9287
delta_harmfulness,14,9732
delta_harmfulness,14,9769
delta_harmfulness,14,9842
delta_harmfulness,14,10041
delta_harmfulness,14,10076
delta_harmfulness,14,10167
delta_harmfulness,14,10798
delta_harmfulness,14,10824
delta_harmfulness,14,11076
delta_harmfulness,14,11101
delta_harmfulness,14,11273
delta_harmfulness,14,11317
delta_harmfulness,14,11639
delta_harmfulness,14,11649
delta_harmfulness,14,11929
delta_harmfulness,14,12042
delta_harmfulness,14,12250
delta_harmfulness,14,12277
delta_harmfulness,14,12440
delta_harmfulness,14,12461
delta_harmfulness,14,12639
delta_harmfulness,14,12730
delta_harmfulness,14,12753
delta_harmfulness,14,13175
delta_harmfulness,14,13451
delta_harmfulness,14,13798
delta_harmfulness,14,13951
delta_harmfulness,14,14190
delta_harmfulness,15,225
delta_harmfulness,15,344
delta_harmfulness,15,415
delta_harmfulness,15,466
delta_harmfulness,15,634
delta_harmfulness,15,676
delta_harmfulness,15,1239
delta_harmfulness,15,1760
delta_harmfulness,15,1926
delta_harmfulness,15,2258
delta_harmfulness,15,2347
delta_harmfulness,15,2938
delta_harmfulness,15,3471
delta_harmfulness,15,3580
delta_harmfulness,15,3973
delta_harmfulness,15,4095
delta_harmfulness,15,4326
delta_harmfulness,15,4368
delta_harmfulness,15,4584
delta_harmfulness,15,4779
delta_harmfulness,15,4813
delta_harmfulness,15,4819
delta_harmfulness,15,4846
delta_harmfulness,15,4903
delta_harmfulness,15,4904
delta_harmfulness,15,5393
delta_harmfulness,15,5647
delta_harmfulness,15,6164
delta_harmfulness,15,6226
delta_harmfulness,15,6777
delta_harmfulness,15,7118
delta_harmfulness,15,7361
delta_harmfulness,15,7516
delta_harmfulness,15,7585
delta_harmfulness,15,7619
delta_harmfulness,15,7821
delta_harmfulness,15,7882
delta_harmfulness,15,8063
delta_harmfulness,15,8106
delta_harmfulness,15,8204
delta_harmfulness,15,8337
delta_harmfulness,15,8697
delta_harmfulness,15,8749
delta_harmfulness,15,8778
delta_harmfulness,15,8842
delta_harmfulness,15,9270
delta_harmfulness,15,9296
delta_harmfulness,15,9304
delta_harmfulness,15,9544
delta_harmfulness,15,9921
delta_harmfulness,15,9949
delta_harmfulness,15,10285
delta_harmfulness,15,10426
delta_harmfulness,15,10443
delta_harmfulness,15,10615
delta_harmfulness,15,10850
delta_harmfulness,15,10853
delta_harmfulness,15,10956
delta_harmfulness,15,11036
delta_harmfulness,15,11101
delta_harmfulness,15,12102
delta_harmfulness,15,12381
delta_harmfulness,15,12466
delta_harmfulness,15,12760
delta_harmfulness,15,12896
delta_harmfulness,15,13260
delta_harmfulness,15,13623
delta_harmfulness,15,13827
delta_harmfulness,15,13960
delta_harmfulness,15,13990
delta_harmfulness,15,14055
delta_harmfulness,15,14128
delta_harmfulness,15,14132
delta_harmfulness,16,71
delta_harmfulness,16,458
delta_harmfulness,16,640
delta_harmfulness,16,665
delta_harmfulness,16,737
delta_harmfulness,16,757
delta_harmfulness,16,1038
delta_harmfulness,16,2287
delta_harmfulness,16,2698
delta_harmfulness,16,3128
delta_harmfulness,16,3132
delta_harmfulness,16,3196
delta_harmfulness,16,3238
delta_harmfulness,16,3275
delta_harmfulness,16,3285
delta_harmfulness,16,3351
delta_harmfulness,16,3436
delta_harmfulness,16,3523
delta_harmfulness,16,3821
delta_harmfulness,16,4335
delta_harmfulness,16,4441
delta_harmfulness,16,4539
delta_harmfulness,16,5033
delta_harmfulness,16,5162
delta_harmfulness,16,5230
delta_harmfulness,16,5443
delta_harmfulness,16,5834
delta_harmfulness,16,6003
delta_harmfulness,16,6011
delta_harmfulness,16,6078
delta_harmfulness,16,6187
delta_harmfulness,16,6521
delta_harmfulness,16,6559
delta_harmfulness,16,6673
delta_harmfulness,16,6975
delta_harmfulness,16,7001
delta_harmfulness,16,7048
delta_harmfulness,16,7467
delta_harmfulness,16,7551
delta_harmfulness,16,7600
delta_harmfulness,16,7611
delta_harmfulness,16,7977
delta_harmfulness,16,8069
delta_harmfulness,16,8231
delta_harmfulness,16,8328
delta_harmfulness,16,8492
delta_harmfulness,16,8798
delta_harmfulness,16,9024
delta_harmfulness,16,9576
delta_harmfulness,16,9899
delta_harmfulness,16,9903
delta_harmfulness,16,10084
delta_harmfulness,16,10279
delta_harmfulness,16,10329
delta_harmfulness,16,10732
delta_harmfulness,16,10940
delta_harmfulness,16,11277
delta_harmfulness,16,11440
delta_harmfulness,16,11500
delta_harmfulness,16,11580
delta_harmfulness,16,11859
delta_harmfulness,16,12008
delta_harmfulness,16,12012
delta_harmfulness,16,12125
delta_harmfulness,16,12418
delta_harmfulness,16,12794
delta_harmfulness,16,12849
delta_harmfulness,16,12963
delta_harmfulness,16,13094
delta_harmfulness,16,13157
delta_harmfulness,16,13422
delta_harmfulness,16,13510
delta_harmfulness,16,13529
delta_harmfulness,16,13922
delta_harmfulness,16,13940
delta_harmfulness,17,948
delta_harmfulness,17,1195
delta_harmfulness,17,1486
delta_harmfulness,17,1580
delta_harmfulness,17,1753
delta_harmfulness,17,1994
delta_harmfulness,17,2120
delta_harmfulness,17,2143
delta_harmfulness,17,2169
delta_harmfulness,17,2293
delta_harmfulness,17,2299
delta_harmfulness,17,2753
delta_harmfulness,17,2819
delta_harmfulness,17,2941
delta_harmfulness,17,3267
delta_harmfulness,17,3349
delta_harmfulness,17,3487
delta_harmfulness,17,3506
delta_harmfulness,17,3533
delta_harmfulness,17,3761
delta_harmfulness,17,4044
delta_harmfulness,17,5191
delta_harmfulness,17,5470
delta_harmfulness,17,6182
delta_harmfulness,17,6347
delta_harmfulness,17,6398
delta_harmfulness,17,6912
delta_harmfulness,17,6935
delta_harmfulness,17,6964
delta_harmfulness,17,7176
delta_harmfulness,17,7275
delta_harmfulness,17,7619
delta_harmfulness,17,7640
delta_harmfulness,17,8072
delta_harmfulness,17,8143
delta_harmfulness,17,8424
delta_harmfulness,17,8695
delta_harmfulness,17,8931
delta_harmfulness,17,8999
delta_harmfulness,17,9155
delta_harmfulness,17,9295
delta_harmfulness,17,9795
delta_harmfulness,17,11165
delta_harmfulness,17,11170
delta_harmfulness,17,11189
delta_harmfulness,17,11243
delta_harmfulness,17,11638
delta_harmfulness,17,11833
delta_harmfulness,17,11861
delta_harmfulness,17,11993
delta_harmfulness,17,12136
delta_harmfulness,17,12247
delta_harmfulness,17,12309
delta_harmfulness,17,12521
delta_harmfulness,17,12562
delta_harmfulness,17,12601
delta_harmfulness,17,13190
delta_harmfulness,17,13480
delta_harmfulness,17,13889
delta_harmfulness,17,14096
delta_harmfulness,17,14174
delta_harmfulness,18,123
delta_harmfulness,18,229
delta_harmfulness,18,675
delta_harmfulness,18,768
delta_harmfulness,18,1810
delta_harmfulness,18,2460
delta_harmfulness,18,4025
delta_harmfulness,18,4906
delta_harmfulness,18,6366
delta_harmfulness,18,6570
delta_harmfulness,18,7844
delta_harmfulness,18,8160
delta_harmfulness,18,8706
delta_harmfulness,18,8890
delta_harmfulness,18,9419
delta_harmfulness,18,9602
delta_harmfulness,18,10123
delta_harmfulness,18,10461
delta_harmfulness,18,11101
delta_harmfulness,18,11215
delta_harmfulness,18,11810
delta_harmfulness,18,12631
delta_harmfulness,18,12866
delta_harmfulness,18,13885
delta_harmfulness,19,296
delta_harmfulness,19,613
delta_harmfulness,19,660
delta_harmfulness,19,1035
delta_harmfulness,19,1297
delta_harmfulness,19,1399
delta_harmfulness,19,4082
delta_harmfulness,19,4245
delta_harmfulness,19,4596
delta_harmfulness,19,4947
delta_harmfulness,19,6097
delta_harmfulness,19,6216
delta_harmfulness,19,7310
delta_harmfulness,19,7528
delta_harmfulness,19,8064
delta_harmfulness,19,8693
delta_harmfulness,19,8811
delta_harmfulness,19,8918
delta_harmfulness,19,9770
delta_harmfulness,19,9875
delta_harmfulness,19,10348
delta_harmfulness,19,10660
delta_harmfulness,19,10883
delta_harmfulness,19,10931
delta_harmfulness,19,11501
delta_harmfulness,19,11553
delta_harmfulness,19,11956
delta_harmfulness,19,12806
delta_harmfulness,19,13845
delta_harmfulness,20,569
delta_harmfulness,20,1299
delta_harmfulness,20,2367
delta_harmfulness,20,3435
delta_harmfulness,20,3579
delta_harmfulness,20,3917
delta_harmfulness,20,4436
delta_harmfulness,20,4872
delta_harmfulness,20,5237
delta_harmfulness,20,5410
delta_harmfulness,20,6289
delta_harmfulness,20,6840
delta_harmfulness,20,7453
delta_harmfulness,20,8172
delta_harmfulness,20,9059
delta_harmfulness,20,9236
delta_harmfulness,20,9238
delta_harmfulness,20,9499
delta_harmfulness,20,9623
delta_harmfulness,20,10013
delta_harmfulness,20,10083
delta_harmfulness,20,11097
delta_harmfulness,20,11710
delta_harmfulness,20,11985
delta_harmfulness,20,12291
delta_harmfulness,20,13223
delta_harmfulness,20,13875
delta_harmfulness,21,23
delta_harmfulness,21,1103
delta_harmfulness,21,1382
delta_harmfulness,21,1781
delta_harmfulness,21,1832
delta_harmfulness,21,2698
delta_harmfulness,21,2832
delta_harmfulness,21,3584
delta_harmfulness,21,4445
delta_harmfulness,21,4657
delta_harmfulness,21,4759
delta_harmfulness,21,4833
delta_harmfulness,21,5280
delta_harmfulness,21,5375
delta_harmfulness,21,6408
delta_harmfulness,21,7712
delta_harmfulness,21,7770
delta_harmfulness,21,7873
delta_harmfulness,21,8567
delta_harmfulness,21,9295
delta_harmfulness,21,9304
delta_harmfulness,21,9911
delta_harmfulness,21,9927
delta_harmfulness,21,10259
delta_harmfulness,21,11770
delta_harmfulness,21,12043
delta_harmfulness,21,12314
delta_harmfulness,21,12424
delta_harmfulness,21,13063
delta_harmfulness,21,13398
delta_harmfulness,21,14162
delta_harmfulness,21,14245
delta_harmfulness,22,370
delta_harmfulness,22,1861
delta_harmfulness,22,2181
delta_harmfulness,22,3310
delta_harmfulness,22,4382
delta_harmfulness,22,4433
delta_harmfulness,22,4964
delta_harmfulness,22,5177
delta_harmfulness,22,5523
delta_harmfulness,22,5948
delta_harmfulness,22,6524
delta_harmfulness,22,8391
delta_harmfulness,22,8507
delta_harmfulness,22,8514
delta_harmfulness,22,9766
delta_harmfulness,22,10292
delta_harmfulness,22,10310
delta_harmfulness,22,10362
delta_harmfulness,22,10573
delta_harmfulness,22,10929
delta_harmfulness,22,10952
delta_harmfulness,22,10995
delta_harmfulness,22,11071
delta_harmfulness,22,11077
delta_harmfulness,22,11442
delta_harmfulness,22,13444
delta_harmfulness,22,13494
delta_harmfulness,22,13735
delta_harmfulness,22,14052
delta_harmfulness,23,1121
delta_harmfulness,23,1573
delta_harmfulness,23,1751
delta_harmfulness,23,2116
delta_harmfulness,23,2166
delta_harmfulness,23,2444
delta_harmfulness,23,2565
delta_harmfulness,23,2572
delta_harmfulness,23,3341
delta_harmfulness,23,4250
delta_harmfulness,23,4616
delta_harmfulness,23,4774
delta_harmfulness,23,5382
delta_harmfulness,23,5473
delta_harmfulness,23,5500
delta_harmfulness,23,5770
delta_harmfulness,23,6674
delta_harmfulness,23,6839
delta_harmfulness,23,8497
delta_harmfulness,23,8592
delta_harmfulness,23,9304
delta_harmfulness,23,9416
delta_harmfulness,23,9797
delta_harmfulness,23,11004
delta_harmfulness,23,11142
delta_harmfulness,23,11396
delta_harmfulness,23,11765
delta_harmfulness,23,11948
delta_harmfulness,23,12361
delta_harmfulness,23,12485
delta_harmfulness,23,13573
delta_harmfulness,23,13591
delta_harmfulness,24,583
delta_harmfulness,24,801
delta_harmfulness,24,820
delta_harmfulness,24,1102
delta_harmfulness,24,1685
delta_harmfulness,24,2137
delta_harmfulness,24,2383
delta_harmfulness,24,2788
delta_harmfulness,24,3002
delta_harmfulness,24,3643
delta_harmfulness,24,3644
delta_harmfulness,24,3933
delta_harmfulness,24,4413
delta_harmfulness,24,4901
delta_harmfulness,24,4957
delta_harmfulness,24,5326
delta_harmfulness,24,5421
delta_harmfulness,24,6029
delta_harmfulness,24,6237
delta_harmfulness,24,6280
delta_harmfulness,24,6666
delta_harmfulness,24,7367
delta_harmfulness,24,7559
delta_harmfulness,24,9297
delta_harmfulness,24,9551
delta_harmfulness,24,9947
delta_harmfulness,24,10216
delta_harmfulness,24,10772
delta_harmfulness,24,10921
delta_harmfulness,24,11474
delta_harmfulness,24,11658
delta_harmfulness,24,12012
delta_harmfulness,24,12334
delta_harmfulness,24,12856
delta_harmfulness,24,13870
delta_harmfulness,24,13916
delta_harmfulness,25,230
delta_harmfulness,25,1237
delta_harmfulness,25,1684
delta_harmfulness,25,1877
delta_harmfulness,25,2226
delta_harmfulness,25,2815
delta_harmfulness,25,2841
delta_harmfulness,25,3634
delta_harmfulness,25,3814
delta_harmfulness,25,4515
delta_harmfulness,25,4969
delta_harmfulness,25,5183
delta_harmfulness,25,5297
delta_harmfulness,25,5503
delta_harmfulness,25,5754
delta_harmfulness,25,5821
delta_harmfulness,25,6197
delta_harmfulness,25,6434
delta_harmfulness,25,6511
delta_harmfulness,25,6892
delta_harmfulness,25,7076
delta_harmfulness,25,7611
delta_harmfulness,25,7783
delta_harmfulness,25,8171
delta_harmfulness,25,8469
delta_harmfulness,25,9220
delta_harmfulness,25,9461
delta_harmfulness,25,9659
delta_harmfulness,25,9736
delta_harmfulness,25,10384
delta_harmfulness,25,10687
delta_harmfulness,25,10968
delta_harmfulness,25,11206
delta_harmfulness,25,11313
delta_harmfulness,25,11584
delta_harmfulness,25,12155
delta_harmfulness,25,12251
delta_harmfulness,25,12308
delta_harmfulness,25,12405
delta_harmfulness,25,12458
delta_harmfulness,25,12753
delta_harmfulness,25,12813
delta_harmfulness,25,12932
delta_harmfulness,25,13062
delta_harmfulness,25,13361
delta_harmfulness,25,13508
delta_harmfulness,25,13673
delta_harmfulness,26,315
delta_harmfulness,26,1390
delta_harmfulness,26,1548
delta_harmfulness,26,1853
delta_harmfulness,26,1926
delta_harmfulness,26,2066
delta_harmfulness,26,2195
delta_harmfulness,26,2776
delta_harmfulness,26,3055
delta_harmfulness,26,3213
delta_harmfulness,26,3326
delta_harmfulness,26,3465
delta_harmfulness,26,3474
delta_harmfulness,26,3702
delta_harmfulness,26,3728
delta_harmfulness,26,3775
delta_harmfulness,26,5062
delta_harmfulness,26,5198
delta_harmfulness,26,5481
delta_harmfulness,26,5487
delta_harmfulness,26,5631
delta_harmfulness,26,5673
delta_harmfulness,26,5805
delta_harmfulness,26,5916
delta_harmfulness,26,6070
delta_harmfulness,26,6085
delta_harmfulness,26,6134
delta_harmfulness,26,6423
delta_harmfulness,26,6602
delta_harmfulness,26,6820
delta_harmfulness,26,6867
delta_harmfulness,26,7014
delta_harmfulness,26,7189
delta_harmfulness,26,7272
delta_harmfulness,26,7921
delta_harmfulness,26,8107
delta_harmfulness,26,8156
delta_harmfulness,26,8661
delta_harmfulness,26,8704
delta_harmfulness,26,8773
delta_harmfulness,26,8805
delta_harmfulness,26,8935
delta_harmfulness,26,9288
delta_harmfulness,26,9485
delta_harmfulness,26,9539
delta_harmfulness,26,9548
delta_harmfulness,26,9751
delta_harmfulness,26,9783
delta_harmfulness,26,10082
delta_harmfulness,26,10257
delta_harmfulness,26,10406
delta_harmfulness,26,10609
delta_harmfulness,26,11011
delta_harmfulness,26,11129
delta_harmfulness,26,11370
delta_harmfulness,26,11512
delta_harmfulness,26,11779
delta_harmfulness,26,11792
delta_harmfulness,26,11862
delta_harmfulness,26,12113
delta_harmfulness,26,12228
delta_harmfulness,26,12422
delta_harmfulness,26,13195
delta_harmfulness,26,13992
delta_harmfulness,26,14065
delta_harmfulness,26,14100
delta_harmfulness,27,0
delta_harmfulness,27,161
delta_harmfulness,27,445
delta_harmfulness,27,588
delta_harmfulness,27,609
delta_harmfulness,27,674
delta_harmfulness,27,702
delta_harmfulness,27,779
delta_harmfulness,27,808
delta_harmfulness,27,967
delta_harmfulness,27,997
delta_harmfulness,27,1316
delta_harmfulness,27,1449
delta_harmfulness,27,1562
delta_harmfulness,27,1569
delta_harmfulness,27,1793
delta_harmfulness,27,2143
delta_harmfulness,27,2170
delta_harmfulness,27,2176
delta_harmfulness,27,2533
delta_harmfulness,27,3101
delta_harmfulness,27,3218
delta_harmfulness,27,3231
delta_harmfulness,27,3483
delta_harmfulness,27,3529
delta_harmfulness,27,3574
delta_harmfulness,27,3653
delta_harmfulness,27,3687
delta_harmfulness,27,3960
delta_harmfulness,27,4110
delta_harmfulness,27,4757
delta_harmfulness,27,4919
delta_harmfulness,27,4968
delta_harmfulness,27,5116
delta_harmfulness,27,5147
delta_harmfulness,27,5693
delta_harmfulness,27,5835
delta_harmfulness,27,6009
delta_harmfulness,27,6015
delta_harmfulness,27,6070
delta_harmfulness,27,6103
delta_harmfulness,27,6556
delta_harmfulness,27,6575
delta_harmfulness,27,6991
delta_harmfulness,27,7015
delta_harmfulness,27,7115
delta_harmfulness,27,7197
delta_harmfulness,27,7201
delta_harmfulness,27,7224
delta_harmfulness,27,7669
delta_harmfulness,27,7784
delta_harmfulness,27,7874
delta_harmfulness,27,7902
delta_harmfulness,27,8140
delta_harmfulness,27,8331
delta_harmfulness,27,8434
delta_harmfulness,27,8442
delta_harmfulness,27,8447
delta_harmfulness,27,8573
delta_harmfulness,27,8614
delta_harmfulness,27,8728
delta_harmfulness,27,8922
delta_harmfulness,27,9089
delta_harmfulness,27,9161
delta_harmfulness,27,9176
delta_harmfulness,27,9251
delta_harmfulness,27,9359
delta_harmfulness,27,9369
delta_harmfulness,27,9439
delta_harmfulness,27,9497
delta_harmfulness,27,9590
delta_harmfulness,27,9611
delta_harmfulness,27,9670
delta_harmfulness,27,9831
delta_harmfulness,27,10102
delta_harmfulness,27,10260
delta_harmfulness,27,10273
delta_harmfulness,27,10299
delta_harmfulness,27,10693
delta_harmfulness,27,10876
delta_harmfulness,27,11037
delta_harmfulness,27,11076
delta_harmfulness,27,11291
delta_harmfulness,27,11330
delta_harmfulness,27,11469
delta_harmfulness,27,11478
delta_harmfulness,27,11539
delta_harmfulness,27,11577
delta_harmfulness,27,11661
delta_harmfulness,27,11829
delta_harmfulness,27,11991
delta_harmfulness,27,11993
delta_harmfulness,27,12006
delta_harmfulness,27,12311
delta_harmfulness,27,12367
delta_harmfulness,27,12452
delta_harmfulness,27,12584
delta_harmfulness,27,12606
delta_harmfulness,27,12660
delta_harmfulness,27,12792
delta_harmfulness,27,12833
delta_harmfulness,27,12853
delta_harmfulness,27,12865
delta_harmfulness,27,13104
delta_harmfulness,27,13135
delta_harmfulness,27,13165
delta_harmfulness,27,13299
delta_harmfulness,27,13387
delta_harmfulness,27,13710
delta_harmfulness,27,13857
delta_harmfulness,27,13988
delta_harmfulness,27,14069
delta_harmfulness,27,14219
delta_harmfulness,27,14255
delta_harmfulness,27,14264
delta_harmfulness,27,14330
delta_harmfulness,28,156
delta_harmfulness,28,167
delta_harmfulness,28,176
delta_harmfulness,28,211
delta_harmfulness,28,339
delta_harmfulness,28,482
delta_harmfulness,28,738
delta_harmfulness,28,762
delta_harmfulness,28,781
delta_harmfulness,28,859
delta_harmfulness,28,916
delta_harmfulness,28,985
delta_harmfulness,28,1030
delta_harmfulness,28,1035
delta_harmfulness,28,1039
delta_harmfulness,28,1043
delta_harmfulness,28,1118
delta_harmfulness,28,1124
delta_harmfulness,28,1348
delta_harmfulness,28,1401
delta_harmfulness,28,1588
delta_harmfulness,28,1622
delta_harmfulness,28,1634
delta_harmfulness,28,1648
delta_harmfulness,28,1736
delta_harmfulness,28,1763
delta_harmfulness,28,1782
delta_harmfulness,28,1793
delta_harmfulness,28,1827
delta_harmfulness,28,1881
delta_harmfulness,28,1882
delta_harmfulness,28,1890
delta_harmfulness,28,2069
delta_harmfulness,28,2248
delta_harmfulness,28,2366
delta_harmfulness,28,2446
delta_harmfulness,28,2464
delta_harmfulness,28,2532
delta_harmfulness,28,2744
delta_harmfulness,28,2807
delta_harmfulness,28,2953
delta_harmfulness,28,2976
delta_harmfulness,28,3170
delta_harmfulness,28,3343
delta_harmfulness,28,3424
delta_harmfulness,28,3436
delta_harmfulness,28,3574
delta_harmfulness,28,3697
delta_harmfulness,28,3819
delta_harmfulness,28,3902
delta_harmfulness,28,4074
delta_harmfulness,28,4100
delta_harmfulness,28,4283
delta_harmfulness,28,4358
delta_harmfulness,28,4489
delta_harmfulness,28,4600
delta_harmfulness,28,4672
delta_harmfulness,28,4682
delta_harmfulness,28,4876
delta_harmfulness,28,4913
delta_harmfulness,28,4938
delta_harmfulness,28,5198
delta_harmfulness,28,5220
delta_harmfulness,28,5268
delta_harmfulness,28,5336
delta_harmfulness,28,5514
delta_harmfulness,28,5633
delta_harmfulness,28,5741
delta_harmfulness,28,5882
delta_harmfulness,28,5904
delta_harmfulness,28,5934
delta_harmfulness,28,6033
delta_harmfulness,28,6075
delta_harmfulness,28,6119
delta_harmfulness,28,6129
delta_harmfulness,28,6170
delta_harmfulness,28,6199
delta_harmfulness,28,6232
delta_harmfulness,28,6378
delta_harmfulness,28,6506
delta_harmfulness,28,6665
delta_harmfulness,28,6721
delta_harmfulness,28,6749
delta_harmfulness,28,6778
delta_harmfulness,28,6829
delta_harmfulness,28,6884
delta_harmfulness,28,7341
delta_harmfulness,28,7509
delta_harmfulness,28,7517
delta_harmfulness,28,7547
delta_harmfulness,28,7615
delta_harmfulness,28,7707
delta_harmfulness,28,7837
delta_harmfulness,28,7839
delta_harmfulness,28,7890
delta_harmfulness,28,7903
delta_harmfulness,28,7913
delta_harmfulness,28,8131
delta_harmfulness,28,8268
delta_harmfulness,28,8305
delta_harmfulness,28,8417
delta_harmfulness,28,8460
delta_harmfulness,28,8579
delta_harmfulness,28,8589
delta_harmfulness,28,8643
delta_harmfulness,28,8656
delta_harmfulness,28,8733
delta_harmfulness,28,8779
delta_harmfulness,28,8787
delta_harmfulness,28,8803
delta_harmfulness,28,8911
delta_harmfulness,28,8977
delta_harmfulness,28,8979
delta_harmfulness,28,9068
delta_harmfulness,28,9158
delta_harmfulness,28,9237
delta_harmfulness,28,9261
delta_harmfulness,28,9462
delta_harmfulness,28,9503
delta_harmfulness,28,9539
delta_harmfulness,28,9771
delta_harmfulness,28,9892
delta_harmfulness,28,9928
delta_harmfulness,28,9988
delta_harmfulness,28,10047
delta_harmfulness,28,10126
delta_harmfulness,28,10127
delta_harmfulness,28,10371
delta_harmfulness,28,10470
delta_harmfulness,28,10552
delta_harmfulness,28,10575
delta_harmfulness,28,10747
delta_harmfulness,28,10957
delta_harmfulness,28,11007
delta_harmfulness,28,11067
delta_harmfulness,28,11141
delta_harmfulness,28,11163
delta_harmfulness,28,11165
delta_harmfulness,28,11178
delta_harmfulness,28,11241
delta_harmfulness,28,11293
delta_harmfulness,28,11387
delta_harmfulness,28,11478
delta_harmfulness,28,11567
delta_harmfulness,28,11628
delta_harmfulness,28,11633
delta_harmfulness,28,11647
delta_harmfulness,28,11657
delta_harmfulness,28,11722
delta_harmfulness,28,11824
delta_harmfulness,28,11964
delta_harmfulness,28,11992
delta_harmfulness,28,11996
delta_harmfulness,28,12113
delta_harmfulness,28,12167
delta_harmfulness,28,12296
delta_harmfulness,28,12317
delta_harmfulness,28,12320
delta_harmfulness,28,12346
delta_harmfulness,28,12441
delta_harmfulness,28,12476
delta_harmfulness,28,12493
delta_harmfulness,28,12579
delta_harmfulness,28,12606
delta_harmfulness,28,12673
delta_harmfulness,28,12707
delta_harmfulness,28,12739
delta_harmfulness,28,12849
delta_harmfulness,28,12851
delta_harmfulness,28,12996
delta_harmfulness,28,13044
delta_harmfulness,28,13064
delta_harmfulness,28,13104
delta_harmfulness,28,13279
delta_harmfulness,28,13377
delta_harmfulness,28,13395
delta_harmfulness,28,13408
delta_harmfulness,28,13608
delta_harmfulness,28,13681
delta_harmfulness,28,13920
delta_harmfulness,28,14087
delta_harmfulness,28,14333
delta_harmfulness,29,90
delta_harmfulness,29,142
delta_harmfulness,29,153
delta_harmfulness,29,254
delta_harmfulness,29,309
delta_harmfulness,29,334
delta_harmfulness,29,349
delta_harmfulness,29,363
delta_harmfulness,29,417
delta_harmfulness,29,437
delta_harmfulness,29,438
delta_harmfulness,29,442
delta_harmfulness,29,449
delta_harmfulness,29,457
delta_harmfulness,29,514
delta_harmfulness,29,523
delta_harmfulness,29,573
delta_harmfulness,29,578
delta_harmfulness,29,582
delta_harmfulness,29,629
delta_harmfulness,29,664
delta_harmfulness,29,706
delta_harmfulness,29,713
delta_harmfulness,29,721
delta_harmfulness,29,743
delta_harmfulness,29,841
delta_harmfulness,29,928
delta_harmfulness,29,969
delta_harmfulness,29,1173
delta_harmfulness,29,1246
delta_harmfulness,29,1251
delta_harmfulness,29,1301
delta_harmfulness,29,1320
delta_harmfulness,29,1355
delta_harmfulness,29,1362
delta_harmfulness,29,1366
delta_harmfulness,29,1368
delta_harmfulness,29,1370
delta_harmfulness,29,1372
delta_harmfulness,29,1458
delta_harmfulness,29,1471
delta_harmfulness,29,1521
delta_harmfulness,29,1527
delta_harmfulness,29,1536
delta_harmfulness,29,1550
delta_harmfulness,29,1563
delta_harmfulness,29,1566
delta_harmfulness,29,1599
delta_harmfulness,29,1905
delta_harmfulness,29,1967
delta_harmfulness,29,2118
delta_harmfulness,29,2167
delta_harmfulness,29,2214
delta_harmfulness,29,2223
delta_harmfulness,29,2233
delta_harmfulness,29,2234
delta_harmfulness,29,2239
delta_harmfulness,29,2262
delta_harmfulness,29,2313
delta_harmfulness,29,2401
delta_harmfulness,29,2410
delta_harmfulness,29,2421
delta_harmfulness,29,2461
delta_harmfulness,29,2609
delta_harmfulness,29,2630
delta_harmfulness,29,2657
delta_harmfulness,29,2728
delta_harmfulness,29,2736
delta_harmfulness,29,2790
delta_harmfulness,29,2797
delta_harmfulness,29,2810
delta_harmfulness,29,2823
delta_harmfulness,29,2827
delta_harmfulness,29,2846
delta_harmfulness,29,2920
delta_harmfulness,29,2923
delta_harmfulness,29,2924
delta_harmfulness,29,2928
delta_harmfulness,29,2947
delta_harmfulness,29,2967
delta_harmfulness,29,3051
delta_harmfulness,29,3069
delta_harmfulness,29,3076
delta_harmfulness,29,3118
delta_harmfulness,29,3136
delta_harmfulness,29,3171
delta_harmfulness,29,3188
delta_harmfulness,29,3309
delta_harmfulness,29,3436
delta_harmfulness,29,3490
delta_harmfulness,29,3493
delta_harmfulness,29,3494
delta_harmfulness,29,3576
delta_harmfulness,29,3716
delta_harmfulness,29,3725
delta_harmfulness,29,3744
delta_harmfulness,29,3746
delta_harmfulness,29,3786
delta_harmfulness,29,3859
delta_harmfulness,29,3860
delta_harmfulness,29,3925
delta_harmfulness,29,3979
delta_harmfulness,29,4048
delta_harmfulness,29,4054
delta_harmfulness,29,4145
delta_harmfulness,29,4210
delta_harmfulness,29,4295
delta_harmfulness,29,4343
delta_harmfulness,29,4375
delta_harmfulness,29,4682
delta_harmfulness,29,4721
delta_harmfulness,29,4739
delta_harmfulness,29,4747
delta_harmfulness,29,4771
delta_harmfulness,29,4790
delta_harmfulness,29,4831
delta_harmfulness,29,4843
delta_harmfulness,29,4898
delta_harmfulness,29,4918
delta_harmfulness,29,4924
delta_harmfulness,29,5101
delta_harmfulness,29,5147
delta_harmfulness,29,5154
delta_harmfulness,29,5192
delta_harmfulness,29,5198
delta_harmfulness,29,5200
delta_harmfulness,29,5209
delta_harmfulness,29,5230
delta_harmfulness,29,5419
delta_harmfulness,29,5428
delta_harmfulness,29,5474
delta_harmfulness,29,5479
delta_harmfulness,29,5567
delta_harmfulness,29,5610
delta_harmfulness,29,5653
delta_harmfulness,29,5776
delta_harmfulness,29,5785
delta_harmfulness,29,5809
delta_harmfulness,29,5994
delta_harmfulness,29,6127
delta_harmfulness,29,6156
delta_harmfulness,29,6201
delta_harmfulness,29,6227
delta_harmfulness,29,6274
delta_harmfulness,29,6284
delta_harmfulness,29,6313
delta_harmfulness,29,6332
delta_harmfulness,29,6401
delta_harmfulness,29,6421
delta_harmfulness,29,6425
delta_harmfulness,29,6435
delta_harmfulness,29,6490
delta_harmfulness,29,6561
delta_harmfulness,29,6593
delta_harmfulness,29,6601
delta_harmfulness,29,6665
delta_harmfulness,29,6693
delta_harmfulness,29,6751
delta_harmfulness,29,6790
delta_harmfulness,29,6795
delta_harmfulness,29,6800
delta_harmfulness,29,6818
delta_harmfulness,29,6830
delta_harmfulness,29,6857
delta_harmfulness,29,6859
delta_harmfulness,29,6869
delta_harmfulness,29,6885
delta_harmfulness,29,6895
delta_harmfulness,29,6974
delta_harmfulness,29,6982
delta_harmfulness,29,7009
delta_harmfulness,29,7020
delta_harmfulness,29,7025
delta_harmfulness,29,7036
delta_harmfulness,29,7039
delta_harmfulness,29,7055
delta_harmfulness,29,7067
delta_harmfulness,29,7098
delta_harmfulness,29,7139
delta_harmfulness,29,7146
delta_harmfulness,29,7162
delta_harmfulness,29,7173
delta_harmfulness,29,7237
delta_harmfulness,29,7325
delta_harmfulness,29,7328
delta_harmfulness,29,7329
delta_harmfulness,29,7338
delta_harmfulness,29,7347
delta_harmfulness,29,7349
delta_harmfulness,29,7410
delta_harmfulness,29,7453
delta_harmfulness,29,7483
delta_harmfulness,29,7509
delta_harmfulness,29,7514
delta_harmfulness,29,7519
delta_harmfulness,29,7523
delta_harmfulness,29,7527
delta_harmfulness,29,7570
delta_harmfulness,29,7591
delta_harmfulness,29,7595
delta_harmfulness,29,7633
delta_harmfulness,29,7723
delta_harmfulness,29,7777
delta_harmfulness,29,7794
delta_harmfulness,29,7812
delta_harmfulness,29,7875
delta_harmfulness,29,7906
delta_harmfulness,29,7921
delta_harmfulness,29,7975
delta_harmfulness,29,8209
delta_harmfulness,29,8326
delta_harmfulness,29,8569
delta_harmfulness,29,8590
delta_harmfulness,29,8593
delta_harmfulness,29,8615
delta_harmfulness,29,8642
delta_harmfulness,29,8656
delta_harmfulness,29,8705
delta_harmfulness,29,8764
delta_harmfulness,29,8853
delta_harmfulness,29,8909
delta_harmfulness,29,8912
delta_harmfulness,29,8946
delta_harmfulness,29,8969
delta_harmfulness,29,8993
delta_harmfulness,29,8997
delta_harmfulness,29,9026
delta_harmfulness,29,9049
delta_harmfulness,29,9053
delta_harmfulness,29,9094
delta_harmfulness,29,9117
delta_harmfulness,29,9228
delta_harmfulness,29,9241
delta_harmfulness,29,9247
delta_harmfulness,29,9262
delta_harmfulness,29,9265
delta_harmfulness,29,9316
delta_harmfulness,29,9399
delta_harmfulness,29,9467
delta_harmfulness,29,9562
delta_harmfulness,29,9595
delta_harmfulness,29,9682
delta_harmfulness,29,9750
delta_harmfulness,29,9759
delta_harmfulness,29,9790
delta_harmfulness,29,9833
delta_harmfulness,29,9848
delta_harmfulness,29,9869
delta_harmfulness,29,9884
delta_harmfulness,29,9923
delta_harmfulness,29,9954
delta_harmfulness,29,10005
delta_harmfulness,29,10049
delta_harmfulness,29,10184
delta_harmfulness,29,10242
delta_harmfulness,29,10252
delta_harmfulness,29,10308
delta_harmfulness,29,10342
delta_harmfulness,29,10358
delta_harmfulness,29,10367
delta_harmfulness,29,10407
delta_harmfulness,29,10488
delta_harmfulness,29,10537
delta_harmfulness,29,10554
delta_harmfulness,29,10703
delta_harmfulness,29,10726
delta_harmfulness,29,10833
delta_harmfulness,29,10891
delta_harmfulness,29,10899
delta_harmfulness,29,10944
delta_harmfulness,29,10966
delta_harmfulness,29,11005
delta_harmfulness,29,11059
delta_harmfulness,29,11179
delta_harmfulness,29,11191
delta_harmfulness,29,11351
delta_harmfulness,29,11372
delta_harmfulness,29,11457
delta_harmfulness,29,11462
delta_harmfulness,29,11467
delta_harmfulness,29,11490
delta_harmfulness,29,11578
delta_harmfulness,29,11620
delta_harmfulness,29,11623
delta_harmfulness,29,11642
delta_harmfulness,29,11649
delta_harmfulness,29,11650
delta_harmfulness,29,11696
delta_harmfulness,29,11794
delta_harmfulness,29,11797
delta_harmfulness,29,11819
delta_harmfulness,29,11824
delta_harmfulness,29,11835
delta_harmfulness,29,11857
delta_harmfulness,29,11909
delta_harmfulness,29,11958
delta_harmfulness,29,11969
delta_harmfulness,29,12041
delta_harmfulness,29,12141
delta_harmfulness,29,12180
delta_harmfulness,29,12322
delta_harmfulness,29,12438
delta_harmfulness,29,12561
delta_harmfulness,29,12601
delta_harmfulness,29,12631
delta_harmfulness,29,12657
delta_harmfulness,29,12671
delta_harmfulness,29,12725
delta_harmfulness,29,12782
delta_harmfulness,29,12799
delta_harmfulness,29,12939
delta_harmfulness,29,12976
delta_harmfulness,29,12983
delta_harmfulness,29,12985
delta_harmfulness,29,12988
delta_harmfulness,29,13010
delta_harmfulness,29,13050
delta_harmfulness,29,13099
delta_harmfulness,29,13179
delta_harmfulness,29,13217
delta_harmfulness,29,13254
delta_harmfulness,29,13257
delta_harmfulness,29,13328
delta_harmfulness,29,13329
delta_harmfulness,29,13350
delta_harmfulness,29,13401
delta_harmfulness,29,13413
delta_harmfulness,29,13500
delta_harmfulness,29,13555
delta_harmfulness,29,13594
delta_harmfulness,29,13686
delta_harmfulness,29,13687
delta_harmfulness,29,13745
delta_harmfulness,29,13799
delta_harmfulness,29,13807
delta_harmfulness,29,13822
delta_harmfulness,29,13826
delta_harmfulness,29,13940
delta_harmfulness,29,13979
delta_harmfulness,29,13982
delta_harmfulness,29,13997
delta_harmfulness,29,14004
delta_harmfulness,29,14025
delta_harmfulness,29,14160
delta_harmfulness,29,14165
delta_harmfulness,29,14205
delta_harmfulness,29,14223
delta_harmfulness,29,14225
delta_harmfulness,30,35
delta_harmfulness,30,66
delta_harmfulness,30,82
delta_harmfulness,30,85
delta_harmfulness,30,89
delta_harmfulness,30,106
delta_harmfulness,30,116
delta_harmfulness,30,176
delta_harmfulness,30,177
delta_harmfulness,30,206
delta_harmfulness,30,218
delta_harmfulness,30,251
delta_harmfulness,30,255
delta_harmfulness,30,269
delta_harmfulness,30,280
delta_harmfulness,30,283
delta_harmfulness,30,287
delta_harmfulness,30,298
delta_harmfulness,30,334
delta_harmfulness,30,357
delta_harmfulness,30,358
delta_harmfulness,30,367
delta_harmfulness,30,393
delta_harmfulness,30,420
delta_harmfulness,30,428
delta_harmfulness,30,458
delta_harmfulness,30,461
delta_harmfulness,30,462
delta_harmfulness,30,486
delta_harmfulness,30,525
delta_harmfulness,30,526
delta_harmfulness,30,559
delta_harmfulness,30,599
delta_harmfulness,30,602
delta_harmfulness,30,618
delta_harmfulness,30,623
delta_harmfulness,30,625
delta_harmfulness,30,631
delta_harmfulness,30,635
delta_harmfulness,30,643
delta_harmfulness,30,667
delta_harmfulness,30,682
delta_harmfulness,30,696
delta_harmfulness,30,701
delta_harmfulness,30,710
delta_harmfulness,30,715
delta_harmfulness,30,717
delta_harmfulness,30,725
delta_harmfulness,30,735
delta_harmfulness,30,742
delta_harmfulness,30,761
delta_harmfulness,30,762
delta_harmfulness,30,765
delta_harmfulness,30,779
delta_harmfulness,30,780
delta_harmfulness,30,789
delta_harmfulness,30,806
delta_harmfulness,30,810
delta_harmfulness,30,827
delta_harmfulness,30,839
delta_harmfulness,30,840
delta_harmfulness,30,856
delta_harmfulness,30,864
delta_harmfulness,30,869
delta_harmfulness,30,873
delta_harmfulness,30,903
delta_harmfulness,30,904
delta_harmfulness,30,906
delta_harmfulness,30,923
delta_harmfulness,30,929
delta_harmfulness,30,956
delta_harmfulness,30,960
delta_harmfulness,30,970
delta_harmfulness,30,978
delta_harmfulness,30,1040
delta_harmfulness,30,1053
delta_harmfulness,30,1056
delta_harmfulness,30,1058
delta_harmfulness,30,1103
delta_harmfulness,30,1130
delta_harmfulness,30,1136
delta_harmfulness,30,1152
delta_harmfulness,30,1171
delta_harmfulness,30,1200
delta_harmfulness,30,1210
delta_harmfulness,30,1235
delta_harmfulness,30,1244
delta_harmfulness,30,1246
delta_harmfulness,30,1247
delta_harmfulness,30,1250
delta_harmfulness,30,1251
delta_harmfulness,30,1252
delta_harmfulness,30,1253
delta_harmfulness,30,1261
delta_harmfulness,30,1274
delta_harmfulness,30,1296
delta_harmfulness,30,1307
delta_harmfulness,30,1310
delta_harmfulness,30,1314
delta_harmfulness,30,1326
delta_harmfulness,30,1331
delta_harmfulness,30,1334
delta_harmfulness,30,1384
delta_harmfulness,30,1416
delta_harmfulness,30,1427
delta_harmfulness,30,1455
delta_harmfulness,30,1456
delta_harmfulness,30,1457
delta_harmfulness,30,1464
delta_harmfulness,30,1472
delta_harmfulness,30,1486
delta_harmfulness,30,1521
delta_harmfulness,30,1524
delta_harmfulness,30,1528
delta_harmfulness,30,1529
delta_harmfulness,30,1530
delta_harmfulness,30,1551
delta_harmfulness,30,1557
delta_harmfulness,30,1561
delta_harmfulness,30,1562
delta_harmfulness,30,1580
delta_harmfulness,30,1589
delta_harmfulness,30,1602
delta_harmfulness,30,1650
delta_harmfulness,30,1661
delta_harmfulness,30,1680
delta_harmfulness,30,1721
delta_harmfulness,30,1732
delta_harmfulness,30,1777
delta_harmfulness,30,1785
delta_harmfulness,30,1791
delta_harmfulness,30,1793
delta_harmfulness,30,1795
delta_harmfulness,30,1797
delta_harmfulness,30,1801
delta_harmfulness,30,1814
delta_harmfulness,30,1820
delta_harmfulness,30,1824
delta_harmfulness,30,1885
delta_harmfulness,30,1909
delta_harmfulness,30,1934
delta_harmfulness,30,1943
delta_harmfulness,30,1975
delta_harmfulness,30,1994
delta_harmfulness,30,2000
delta_harmfulness,30,2005
delta_harmfulness,30,2054
delta_harmfulness,30,2072
delta_harmfulness,30,2074
delta_harmfulness,30,2085
delta_harmfulness,30,2087
delta_harmfulness,30,2120
delta_harmfulness,30,2158
delta_harmfulness,30,2176
delta_harmfulness,30,2192
delta_harmfulness,30,2220
delta_harmfulness,30,2226
delta_harmfulness,30,2233
delta_harmfulness,30,2245
delta_harmfulness,30,2248
delta_harmfulness,30,2250
delta_harmfulness,30,2273
delta_harmfulness,30,2306
delta_harmfulness,30,2310
delta_harmfulness,30,2313
delta_harmfulness,30,2319
delta_harmfulness,30,2334
delta_harmfulness,30,2343
delta_harmfulness,30,2352
delta_harmfulness,30,2361
delta_harmfulness,30,2374
delta_harmfulness,30,2403
delta_harmfulness,30,2413
delta_harmfulness,30,2420
delta_harmfulness,30,2421
delta_harmfulness,30,2425
delta_harmfulness,30,2456
delta_harmfulness,30,2458
delta_harmfulness,30,2459
delta_harmfulness,30,2474
delta_harmfulness,30,2507
delta_harmfulness,30,2513
delta_harmfulness,30,2532
delta_harmfulness,30,2539
delta_harmfulness,30,2548
delta_harmfulness,30,2549
delta_harmfulness,30,2596
delta_harmfulness,30,2627
delta_harmfulness,30,2634
delta_harmfulness,30,2648
delta_harmfulness,30,2671
delta_harmfulness,30,2676
delta_harmfulness,30,2683
delta_harmfulness,30,2694
delta_harmfulness,30,2709
delta_harmfulness,30,2724
delta_harmfulness,30,2730
delta_harmfulness,30,2753
delta_harmfulness,30,2762
delta_harmfulness,30,2764
delta_harmfulness,30,2765
delta_harmfulness,30,2782
delta_harmfulness,30,2784
delta_harmfulness,30,2792
delta_harmfulness,30,2809
delta_harmfulness,30,2815
delta_harmfulness,30,2879
delta_harmfulness,30,2932
delta_harmfulness,30,2960
delta_harmfulness,30,3000
delta_harmfulness,30,3001
delta_harmfulness,30,3015
delta_harmfulness,30,3017
delta_harmfulness,30,3033
delta_harmfulness,30,3114
delta_harmfulness,30,3133
delta_harmfulness,30,3135
delta_harmfulness,30,3141
delta_harmfulness,30,3153
delta_harmfulness,30,3154
delta_harmfulness,30,3161
delta_harmfulness,30,3183
delta_harmfulness,30,3198
delta_harmfulness,30,3242
delta_harmfulness,30,3243
delta_harmfulness,30,3271
delta_harmfulness,30,3296
delta_harmfulness,30,3309
delta_harmfulness,30,3331
delta_harmfulness,30,3341
delta_harmfulness,30,3342
delta_harmfulness,30,3346
delta_harmfulness,30,3364
delta_harmfulness,30,3382
delta_harmfulness,30,3415
delta_harmfulness,30,3423
delta_harmfulness,30,3434
delta_harmfulness,30,3436
delta_harmfulness,30,3454
delta_harmfulness,30,3460
delta_harmfulness,30,3461
delta_harmfulness,30,3498
delta_harmfulness,30,3513
delta_harmfulness,30,3521
delta_harmfulness,30,3555
delta_harmfulness,30,3557
delta_harmfulness,30,3566
delta_harmfulness,30,3583
delta_harmfulness,30,3675
delta_harmfulness,30,3695
delta_harmfulness,30,3700
delta_harmfulness,30,3727
delta_harmfulness,30,3731
delta_harmfulness,30,3736
delta_harmfulness,30,3786
delta_harmfulness,30,3794
delta_harmfulness,30,3798
delta_harmfulness,30,3809
delta_harmfulness,30,3822
delta_harmfulness,30,3837
delta_harmfulness,30,3853
delta_harmfulness,30,3856
delta_harmfulness,30,3873
delta_harmfulness,30,3898
delta_harmfulness,30,3899
delta_harmfulness,30,3903
delta_harmfulness,30,3921
delta_harmfulness,30,3930
delta_harmfulness,30,3942
delta_harmfulness,30,3961
delta_harmfulness,30,3970
delta_harmfulness,30,4011
delta_harmfulness,30,4012
delta_harmfulness,30,4014
delta_harmfulness,30,4015
delta_harmfulness,30,4028
delta_harmfulness,30,4035
delta_harmfulness,30,4059
delta_harmfulness,30,4064
delta_harmfulness,30,4077
delta_harmfulness,30,4110
delta_harmfulness,30,4131
delta_harmfulness,30,4152
delta_harmfulness,30,4182
delta_harmfulness,30,4195
delta_harmfulness,30,4255
delta_harmfulness,30,4257
delta_harmfulness,30,4261
delta_harmfulness,30,4278
delta_harmfulness,30,4293
delta_harmfulness,30,4306
delta_harmfulness,30,4314
delta_harmfulness,30,4317
delta_harmfulness,30,4318
delta_harmfulness,30,4326
delta_harmfulness,30,4341
delta_harmfulness,30,4342
delta_harmfulness,30,4381
delta_harmfulness,30,4384
delta_harmfulness,30,4389
delta_harmfulness,30,4391
delta_harmfulness,30,4393
delta_harmfulness,30,4396
delta_harmfulness,30,4398
delta_harmfulness,30,4425
delta_harmfulness,30,4431
delta_harmfulness,30,4435
delta_harmfulness,30,4438
delta_harmfulness,30,4459
delta_harmfulness,30,4472
delta_harmfulness,30,4473
delta_harmfulness,30,4488
delta_harmfulness,30,4497
delta_harmfulness,30,4525
delta_harmfulness,30,4526
delta_harmfulness,30,4530
delta_harmfulness,30,4540
delta_harmfulness,30,4560
delta_harmfulness,30,4583
delta_harmfulness,30,4592
delta_harmfulness,30,4609
delta_harmfulness,30,4624
delta_harmfulness,30,4634
delta_harmfulness,30,4652
delta_harmfulness,30,4727
delta_harmfulness,30,4737
delta_harmfulness,30,4743
delta_harmfulness,30,4762
delta_harmfulness,30,4770
delta_harmfulness,30,4803
delta_harmfulness,30,4804
delta_harmfulness,30,4820
delta_harmfulness,30,4893
delta_harmfulness,30,4936
delta_harmfulness,30,4956
delta_harmfulness,30,4961
delta_harmfulness,30,4994
delta_harmfulness,30,5024
delta_harmfulness,30,5055
delta_harmfulness,30,5068
delta_harmfulness,30,5081
delta_harmfulness,30,5087
delta_harmfulness,30,5097
delta_harmfulness,30,5140
delta_harmfulness,30,5149
delta_harmfulness,30,5168
delta_harmfulness,30,5194
delta_harmfulness,30,5226
delta_harmfulness,30,5264
delta_harmfulness,30,5320
delta_harmfulness,30,5323
delta_harmfulness,30,5329
delta_harmfulness,30,5336
delta_harmfulness,30,5341
delta_harmfulness,30,5359
delta_harmfulness,30,5380
delta_harmfulness,30,5421
delta_harmfulness,30,5428
delta_harmfulness,30,5439
delta_harmfulness,30,5472
delta_harmfulness,30,5526
delta_harmfulness,30,5542
delta_harmfulness,30,5547
delta_harmfulness,30,5549
delta_harmfulness,30,5552
delta_harmfulness,30,5560
delta_harmfulness,30,5562
delta_harmfulness,30,5581
delta_harmfulness,30,5582
delta_harmfulness,30,5628
delta_harmfulness,30,5650
delta_harmfulness,30,5671
delta_harmfulness,30,5680
delta_harmfulness,30,5707
delta_harmfulness,30,5733
delta_harmfulness,30,5741
delta_harmfulness,30,5783
delta_harmfulness,30,5789
delta_harmfulness,30,5793
delta_harmfulness,30,5794
delta_harmfulness,30,5814
delta_harmfulness,30,5825
delta_harmfulness,30,5831
delta_harmfulness,30,5860
delta_harmfulness,30,5866
delta_harmfulness,30,5892
delta_harmfulness,30,5900
delta_harmfulness,30,5901
delta_harmfulness,30,5905
delta_harmfulness,30,5908
delta_harmfulness,30,5915
delta_harmfulness,30,5933
delta_harmfulness,30,5942
delta_harmfulness,30,5946
delta_harmfulness,30,5948
delta_harmfulness,30,5951
delta_harmfulness,30,5974
delta_harmfulness,30,5983
delta_harmfulness,30,5998
delta_harmfulness,30,6001
delta_harmfulness,30,6080
delta_harmfulness,30,6083
delta_harmfulness,30,6101
delta_harmfulness,30,6156
delta_harmfulness,30,6159
delta_harmfulness,30,6168
delta_harmfulness,30,6178
delta_harmfulness,30,6181
delta_harmfulness,30,6203
delta_harmfulness,30,6225
delta_harmfulness,30,6228
delta_harmfulness,30,6233
delta_harmfulness,30,6269
delta_harmfulness,30,6275
delta_harmfulness,30,6286
delta_harmfulness,30,6293
delta_harmfulness,30,6300
delta_harmfulness,30,6320
delta_harmfulness,30,6367
delta_harmfulness,30,6372
delta_harmfulness,30,6378
delta_harmfulness,30,6383
delta_harmfulness,30,6389
delta_harmfulness,30,6396
delta_harmfulness,30,6404
delta_harmfulness,30,6420
delta_harmfulness,30,6433
delta_harmfulness,30,6450
delta_harmfulness,30,6460
delta_harmfulness,30,6462
delta_harmfulness,30,6464
delta_harmfulness,30,6466
delta_harmfulness,30,6469
delta_harmfulness,30,6481
delta_harmfulness,30,6491
delta_harmfulness,30,6539
delta_harmfulness,30,6564
delta_harmfulness,30,6592
delta_harmfulness,30,6602
delta_harmfulness,30,6609
delta_harmfulness,30,6623
delta_harmfulness,30,6632
delta_harmfulness,30,6646
delta_harmfulness,30,6661
delta_harmfulness,30,6663
delta_harmfulness,30,6669
delta_harmfulness,30,6687
delta_harmfulness,30,6705
delta_harmfulness,30,6716
delta_harmfulness,30,6718
delta_harmfulness,30,6725
delta_harmfulness,30,6750
delta_harmfulness,30,6759
delta_harmfulness,30,6774
delta_harmfulness,30,6782
delta_harmfulness,30,6812
delta_harmfulness,30,6816
delta_harmfulness,30,6829
delta_harmfulness,30,6841
delta_harmfulness,30,6853
delta_harmfulness,30,6854
delta_harmfulness,30,6860
delta_harmfulness,30,6867
delta_harmfulness,30,6871
delta_harmfulness,30,6894
delta_harmfulness,30,6897
delta_harmfulness,30,6954
delta_harmfulness,30,6959
delta_harmfulness,30,6961
delta_harmfulness,30,6970
delta_harmfulness,30,6976
delta_harmfulness,30,6989
delta_harmfulness,30,6993
delta_harmfulness,30,6999
delta_harmfulness,30,7032
delta_harmfulness,30,7062
delta_harmfulness,30,7063
delta_harmfulness,30,7097
delta_harmfulness,30,7106
delta_harmfulness,30,7127
delta_harmfulness,30,7136
delta_harmfulness,30,7146
delta_harmfulness,30,7148
delta_harmfulness,30,7176
delta_harmfulness,30,7204
delta_harmfulness,30,7209
delta_harmfulness,30,7233
delta_harmfulness,30,7253
delta_harmfulness,30,7280
delta_harmfulness,30,7293
delta_harmfulness,30,7301
delta_harmfulness,30,7304
delta_harmfulness,30,7305
delta_harmfulness,30,7311
delta_harmfulness,30,7331
delta_harmfulness,30,7388
delta_harmfulness,30,7410
delta_harmfulness,30,7460
delta_harmfulness,30,7473
delta_harmfulness,30,7506
delta_harmfulness,30,7594
delta_harmfulness,30,7612
delta_harmfulness,30,7643
delta_harmfulness,30,7656
delta_harmfulness,30,7663
delta_harmfulness,30,7672
delta_harmfulness,30,7674
delta_harmfulness,30,7675
delta_harmfulness,30,7695
delta_harmfulness,30,7697
delta_harmfulness,30,7717
delta_harmfulness,30,7727
delta_harmfulness,30,7749
delta_harmfulness,30,7813
delta_harmfulness,30,7814
delta_harmfulness,30,7819
delta_harmfulness,30,7834
delta_harmfulness,30,7866
delta_harmfulness,30,7872
delta_harmfulness,30,7908
delta_harmfulness,30,7944
delta_harmfulness,30,7953
delta_harmfulness,30,7972
delta_harmfulness,30,7985
delta_harmfulness,30,7999
delta_harmfulness,30,8028
delta_harmfulness,30,8030
delta_harmfulness,30,8076
delta_harmfulness,30,8132
delta_harmfulness,30,8135
delta_harmfulness,30,8142
delta_harmfulness,30,8143
delta_harmfulness,30,8189
delta_harmfulness,30,8213
delta_harmfulness,30,8223
delta_harmfulness,30,8227
delta_harmfulness,30,8241
delta_harmfulness,30,8242
delta_harmfulness,30,8248
delta_harmfulness,30,8278
delta_harmfulness,30,8287
delta_harmfulness,30,8309
delta_harmfulness,30,8312
delta_harmfulness,30,8321
delta_harmfulness,30,8349
delta_harmfulness,30,8364
delta_harmfulness,30,8388
delta_harmfulness,30,8392
delta_harmfulness,30,8412
delta_harmfulness,30,8418
delta_harmfulness,30,8472
delta_harmfulness,30,8491
delta_harmfulness,30,8539
delta_harmfulness,30,8562
delta_harmfulness,30,8578
delta_harmfulness,30,8589
delta_harmfulness,30,8627
delta_harmfulness,30,8631
delta_harmfulness,30,8634
delta_harmfulness,30,8639
delta_harmfulness,30,8689
delta_harmfulness,30,8711
delta_harmfulness,30,8716
delta_harmfulness,30,8717
delta_harmfulness,30,8726
delta_harmfulness,30,8729
delta_harmfulness,30,8732
delta_harmfulness,30,8734
delta_harmfulness,30,8737
delta_harmfulness,30,8751
delta_harmfulness,30,8774
delta_harmfulness,30,8784
delta_harmfulness,30,8817
delta_harmfulness,30,8905
delta_harmfulness,30,8909
delta_harmfulness,30,8911
delta_harmfulness,30,8960
delta_harmfulness,30,9027
delta_harmfulness,30,9028
delta_harmfulness,30,9043
delta_harmfulness,30,9049
delta_harmfulness,30,9075
delta_harmfulness,30,9086
delta_harmfulness,30,9090
delta_harmfulness,30,9114
delta_harmfulness,30,9116
delta_harmfulness,30,9126
delta_harmfulness,30,9136
delta_harmfulness,30,9138
delta_harmfulness,30,9143
delta_harmfulness,30,9151
delta_harmfulness,30,9156
delta_harmfulness,30,9160
delta_harmfulness,30,9170
delta_harmfulness,30,9177
delta_harmfulness,30,9208
delta_harmfulness,30,9215
delta_harmfulness,30,9232
delta_harmfulness,30,9246
delta_harmfulness,30,9247
delta_harmfulness,30,9255
delta_harmfulness,30,9264
delta_harmfulness,30,9276
delta_harmfulness,30,9286
delta_harmfulness,30,9304
delta_harmfulness,30,9314
delta_harmfulness,30,9318
delta_harmfulness,30,9324
delta_harmfulness,30,9333
delta_harmfulness,30,9346
delta_harmfulness,30,9350
delta_harmfulness,30,9358
delta_harmfulness,30,9360
delta_harmfulness,30,9373
delta_harmfulness,30,9375
delta_harmfulness,30,9377
delta_harmfulness,30,9415
delta_harmfulness,30,9433
delta_harmfulness,30,9436
delta_harmfulness,30,9457
delta_harmfulness,30,9465
delta_harmfulness,30,9499
delta_harmfulness,30,9504
delta_harmfulness,30,9540
delta_harmfulness,30,9554
delta_harmfulness,30,9567
delta_harmfulness,30,9575
delta_harmfulness,30,9591
delta_harmfulness,30,9614
delta_harmfulness,30,9621
delta_harmfulness,30,9624
delta_harmfulness,30,9634
delta_harmfulness,30,9637
delta_harmfulness,30,9644
delta_harmfulness,30,9670
delta_harmfulness,30,9683
delta_harmfulness,30,9690
delta_harmfulness,30,9691
delta_harmfulness,30,9697
delta_harmfulness,30,9713
delta_harmfulness,30,9715
delta_harmfulness,30,9719
delta_harmfulness,30,9724
delta_harmfulness,30,9725
delta_harmfulness,30,9734
delta_harmfulness,30,9737
delta_harmfulness,30,9739
delta_harmfulness,30,9755
delta_harmfulness,30,9759
delta_harmfulness,30,9769
delta_harmfulness,30,9788
delta_harmfulness,30,9804
delta_harmfulness,30,9832
delta_harmfulness,30,9842
delta_harmfulness,30,9853
delta_harmfulness,30,9894
delta_harmfulness,30,9901
delta_harmfulness,30,9908
delta_harmfulness,30,9955
delta_harmfulness,30,9965
delta_harmfulness,30,9995
delta_harmfulness,30,9999
delta_harmfulness,30,10006
delta_harmfulness,30,10010
delta_harmfulness,30,10032
delta_harmfulness,30,10044
delta_harmfulness,30,10050
delta_harmfulness,30,10062
delta_harmfulness,30,10083
delta_harmfulness,30,10094
delta_harmfulness,30,10106
delta_harmfulness,30,10111
delta_harmfulness,30,10115
delta_harmfulness,30,10116
delta_harmfulness,30,10139
delta_harmfulness,30,10156
delta_harmfulness,30,10179
delta_harmfulness,30,10196
delta_harmfulness,30,10222
delta_harmfulness,30,10287
delta_harmfulness,30,10291
delta_harmfulness,30,10302
delta_harmfulness,30,10308
delta_harmfulness,30,10312
delta_harmfulness,30,10325
delta_harmfulness,30,10330
delta_harmfulness,30,10350
delta_harmfulness,30,10386
delta_harmfulness,30,10394
delta_harmfulness,30,10408
delta_harmfulness,30,10431
delta_harmfulness,30,10440
delta_harmfulness,30,10476
delta_harmfulness,30,10493
delta_harmfulness,30,10495
delta_harmfulness,30,10497
delta_harmfulness,30,10519
delta_harmfulness,30,10522
delta_harmfulness,30,10537
delta_harmfulness,30,10548
delta_harmfulness,30,10549
delta_harmfulness,30,10551
delta_harmfulness,30,10602
delta_harmfulness,30,10634
delta_harmfulness,30,10663
delta_harmfulness,30,10672
delta_harmfulness,30,10682
delta_harmfulness,30,10709
delta_harmfulness,30,10711
delta_harmfulness,30,10725
delta_harmfulness,30,10726
delta_harmfulness,30,10732
delta_harmfulness,30,10768
delta_harmfulness,30,10783
delta_harmfulness,30,10788
delta_harmfulness,30,10793
delta_harmfulness,30,10811
delta_harmfulness,30,10830
delta_harmfulness,30,10840
delta_harmfulness,30,10849
delta_harmfulness,30,10853
delta_harmfulness,30,10855
delta_harmfulness,30,10869
delta_harmfulness,30,10879
delta_harmfulness,30,10902
delta_harmfulness,30,10933
delta_harmfulness,30,10950
delta_harmfulness,30,10963
delta_harmfulness,30,10997
delta_harmfulness,30,11027
delta_harmfulness,30,11031
delta_harmfulness,30,11050
delta_harmfulness,30,11054
delta_harmfulness,30,11086
delta_harmfulness,30,11089
delta_harmfulness,30,11104
delta_harmfulness,30,11115
delta_harmfulness,30,11188
delta_harmfulness,30,11213
delta_harmfulness,30,11234
delta_harmfulness,30,11253
delta_harmfulness,30,11268
delta_harmfulness,30,11277
delta_harmfulness,30,11303
delta_harmfulness,30,11305
delta_harmfulness,30,11311
delta_harmfulness,30,11319
delta_harmfulness,30,11340
delta_harmfulness,30,11344
delta_harmfulness,30,11345
delta_harmfulness,30,11349
delta_harmfulness,30,11369
delta_harmfulness,30,11402
delta_harmfulness,30,11430
delta_harmfulness,30,11436
delta_harmfulness,30,11441
delta_harmfulness,30,11449
delta_harmfulness,30,11471
delta_harmfulness,30,11472
delta_harmfulness,30,11504
delta_harmfulness,30,11510
delta_harmfulness,30,11531
delta_harmfulness,30,11535
delta_harmfulness,30,11547
delta_harmfulness,30,11557
delta_harmfulness,30,11569
delta_harmfulness,30,11574
delta_harmfulness,30,11587
delta_harmfulness,30,11603
delta_harmfulness,30,11619
delta_harmfulness,30,11631
delta_harmfulness,30,11660
delta_harmfulness,30,11665
delta_harmfulness,30,11674
delta_harmfulness,30,11701
delta_harmfulness,30,11725
delta_harmfulness,30,11744
delta_harmfulness,30,11831
delta_harmfulness,30,11840
delta_harmfulness,30,11848
delta_harmfulness,30,11856
delta_harmfulness,30,11864
delta_harmfulness,30,11883
delta_harmfulness,30,11888
delta_harmfulness,30,11889
delta_harmfulness,30,11911
delta_harmfulness,30,11914
delta_harmfulness,30,11920
delta_harmfulness,30,11926
delta_harmfulness,30,11965
delta_harmfulness,30,11970
delta_harmfulness,30,11976
delta_harmfulness,30,11997
delta_harmfulness,30,12011
delta_harmfulness,30,12012
delta_harmfulness,30,12016
delta_harmfulness,30,12025
delta_harmfulness,30,12035
delta_harmfulness,30,12041
delta_harmfulness,30,12043
delta_harmfulness,30,12069
delta_harmfulness,30,12094
delta_harmfulness,30,12099
delta_harmfulness,30,12108
delta_harmfulness,30,12142
delta_harmfulness,30,12150
delta_harmfulness,30,12159
delta_harmfulness,30,12161
delta_harmfulness,30,12176
delta_harmfulness,30,12185
delta_harmfulness,30,12187
delta_harmfulness,30,12196
delta_harmfulness,30,12199
delta_harmfulness,30,12202
delta_harmfulness,30,12245
delta_harmfulness,30,12246
delta_harmfulness,30,12258
delta_harmfulness,30,12263
delta_harmfulness,30,12283
delta_harmfulness,30,12294
delta_harmfulness,30,12302
delta_harmfulness,30,12371
delta_harmfulness,30,12381
delta_harmfulness,30,12387
delta_harmfulness,30,12395
delta_harmfulness,30,12406
delta_harmfulness,30,12408
delta_harmfulness,30,12413
delta_harmfulness,30,12429
delta_harmfulness,30,12435
delta_harmfulness,30,12440
delta_harmfulness,30,12446
delta_harmfulness,30,12460
delta_harmfulness,30,12484
delta_harmfulness,30,12490
delta_harmfulness,30,12495
delta_harmfulness,30,12507
delta_harmfulness,30,12508
delta_harmfulness,30,12530
delta_harmfulness,30,12543
delta_harmfulness,30,12552
delta_harmfulness,30,12568
delta_harmfulness,30,12570
delta_harmfulness,30,12586
delta_harmfulness,30,12641
delta_harmfulness,30,12645
delta_harmfulness,30,12691
delta_harmfulness,30,12772
delta_harmfulness,30,12786
delta_harmfulness,30,12805
delta_harmfulness,30,12814
delta_harmfulness,30,12836
delta_harmfulness,30,12862
delta_harmfulness,30,12903
delta_harmfulness,30,12916
delta_harmfulness,30,12951
delta_harmfulness,30,12952
delta_harmfulness,30,12964
delta_harmfulness,30,12965
delta_harmfulness,30,12988
delta_harmfulness,30,13012
delta_harmfulness,30,13029
delta_harmfulness,30,13032
delta_harmfulness,30,13047
delta_harmfulness,30,13114
delta_harmfulness,30,13146
delta_harmfulness,30,13150
delta_harmfulness,30,13178
delta_harmfulness,30,13226
delta_harmfulness,30,13227
delta_harmfulness,30,13258
delta_harmfulness,30,13260
delta_harmfulness,30,13279
delta_harmfulness,30,13301
delta_harmfulness,30,13309
delta_harmfulness,30,13342
delta_harmfulness,30,13344
delta_harmfulness,30,13350
delta_harmfulness,30,13366
delta_harmfulness,30,13414
delta_harmfulness,30,13422
delta_harmfulness,30,13450
delta_harmfulness,30,13471
delta_harmfulness,30,13487
delta_harmfulness,30,13496
delta_harmfulness,30,13497
delta_harmfulness,30,13513
delta_harmfulness,30,13546
delta_harmfulness,30,13548
delta_harmfulness,30,13571
delta_harmfulness,30,13587
delta_harmfulness,30,13607
delta_harmfulness,30,13608
delta_harmfulness,30,13623
delta_harmfulness,30,13636
delta_harmfulness,30,13638
delta_harmfulness,30,13660
delta_harmfulness,30,13670
delta_harmfulness,30,13699
delta_harmfulness,30,13710
delta_harmfulness,30,13714
delta_harmfulness,30,13719
delta_harmfulness,30,13720
delta_harmfulness,30,13737
delta_harmfulness,30,13738
delta_harmfulness,30,13759
delta_harmfulness,30,13818
delta_harmfulness,30,13822
delta_harmfulness,30,13831
delta_harmfulness,30,13840
delta_harmfulness,30,13846
delta_harmfulness,30,13848
delta_harmfulness,30,13855
delta_harmfulness,30,13882
delta_harmfulness,30,13901
delta_harmfulness,30,13913
delta_harmfulness,30,13931
delta_harmfulness,30,13939
delta_harmfulness,30,13957
delta_harmfulness,30,13972
delta_harmfulness,30,13984
delta_harmfulness,30,13995
delta_harmfulness,30,14024
delta_harmfulness,30,14049
delta_harmfulness,30,14068
delta_harmfulness,30,14091
delta_harmfulness,30,14092
delta_harmfulness,30,14109
delta_harmfulness,30,14128
delta_harmfulness,30,14130
delta_harmfulness,30,14154
delta_harmfulness,30,14173
delta_harmfulness,30,14215
delta_harmfulness,30,14228
delta_harmfulness,30,14237
delta_harmfulness,30,14240
delta_harmfulness,30,14244
delta_harmfulness,30,14257
delta_harmfulness,30,14261
delta_harmfulness,30,14276
delta_harmfulness,30,14298
delta_harmfulness,31,4
delta_harmfulness,31,7
delta_harmfulness,31,16
delta_harmfulness,31,25
delta_harmfulness,31,26
delta_harmfulness,31,29
delta_harmfulness,31,30
delta_harmfulness,31,38
delta_harmfulness,31,39
delta_harmfulness,31,41
delta_harmfulness,31,45
delta_harmfulness,31,47
delta_harmfulness,31,63
delta_harmfulness,31,66
delta_harmfulness,31,74
delta_harmfulness,31,77
delta_harmfulness,31,78
delta_harmfulness,31,95
delta_harmfulness,31,101
delta_harmfulness,31,102
delta_harmfulness,31,105
delta_harmfulness,31,106
delta_harmfulness,31,109
delta_harmfulness,31,110
delta_harmfulness,31,111
delta_harmfulness,31,116
delta_harmfulness,31,122
delta_harmfulness,31,124
delta_harmfulness,31,127
delta_harmfulness,31,147
delta_harmfulness,31,154
delta_harmfulness,31,164
delta_harmfulness,31,181
delta_harmfulness,31,184
delta_harmfulness,31,186
delta_harmfulness,31,191
delta_harmfulness,31,200
delta_harmfulness,31,210
delta_harmfulness,31,213
delta_harmfulness,31,218
delta_harmfulness,31,223
delta_harmfulness,31,233
delta_harmfulness,31,248
delta_harmfulness,31,260
delta_harmfulness,31,265
delta_harmfulness,31,267
delta_harmfulness,31,269
delta_harmfulness,31,273
delta_harmfulness,31,276
delta_harmfulness,31,280
delta_harmfulness,31,287
delta_harmfulness,31,289
delta_harmfulness,31,296
delta_harmfulness,31,310
delta_harmfulness,31,311
delta_harmfulness,31,316
delta_harmfulness,31,327
delta_harmfulness,31,338
delta_harmfulness,31,344
delta_harmfulness,31,345
delta_harmfulness,31,349
delta_harmfulness,31,350
delta_harmfulness,31,354
delta_harmfulness,31,357
delta_harmfulness,31,359
delta_harmfulness,31,374
delta_harmfulness,31,380
delta_harmfulness,31,382
delta_harmfulness,31,394
delta_harmfulness,31,402
delta_harmfulness,31,403
delta_harmfulness,31,416
delta_harmfulness,31,420
delta_harmfulness,31,427
delta_harmfulness,31,429
delta_harmfulness,31,430
delta_harmfulness,31,434
delta_harmfulness,31,437
delta_harmfulness,31,449
delta_harmfulness,31,455
delta_harmfulness,31,462
delta_harmfulness,31,483
delta_harmfulness,31,486
delta_harmfulness,31,507
delta_harmfulness,31,508
delta_harmfulness,31,516
delta_harmfulness,31,526
delta_harmfulness,31,528
delta_harmfulness,31,529
delta_harmfulness,31,531
delta_harmfulness,31,552
delta_harmfulness,31,556
delta_harmfulness,31,561
delta_harmfulness,31,565
delta_harmfulness,31,566
delta_harmfulness,31,568
delta_harmfulness,31,570
delta_harmfulness,31,574
delta_harmfulness,31,577
delta_harmfulness,31,581
delta_harmfulness,31,594
delta_harmfulness,31,595
delta_harmfulness,31,599
delta_harmfulness,31,608
delta_harmfulness,31,609
delta_harmfulness,31,610
delta_harmfulness,31,628
delta_harmfulness,31,630
delta_harmfulness,31,632
delta_harmfulness,31,635
delta_harmfulness,31,639
delta_harmfulness,31,644
delta_harmfulness,31,649
delta_harmfulness,31,651
delta_harmfulness,31,656
delta_harmfulness,31,658
delta_harmfulness,31,662
delta_harmfulness,31,674
delta_harmfulness,31,679
delta_harmfulness,31,683
delta_harmfulness,31,699
delta_harmfulness,31,703
delta_harmfulness,31,704
delta_harmfulness,31,711
delta_harmfulness,31,714
delta_harmfulness,31,730
delta_harmfulness,31,732
delta_harmfulness,31,733
delta_harmfulness,31,737
delta_harmfulness,31,740
delta_harmfulness,31,747
delta_harmfulness,31,772
delta_harmfulness,31,774
delta_harmfulness,31,789
delta_harmfulness,31,794
delta_harmfulness,31,801
delta_harmfulness,31,803
delta_harmfulness,31,830
delta_harmfulness,31,833
delta_harmfulness,31,838
delta_harmfulness,31,840
delta_harmfulness,31,844
delta_harmfulness,31,847
delta_harmfulness,31,850
delta_harmfulness,31,855
delta_harmfulness,31,866
delta_harmfulness,31,879
delta_harmfulness,31,887
delta_harmfulness,31,890
delta_harmfulness,31,893
delta_harmfulness,31,900
delta_harmfulness,31,924
delta_harmfulness,31,931
delta_harmfulness,31,933
delta_harmfulness,31,953
delta_harmfulness,31,955
delta_harmfulness,31,956
delta_harmfulness,31,963
delta_harmfulness,31,964
delta_harmfulness,31,993
delta_harmfulness,31,996
delta_harmfulness,31,997
delta_harmfulness,31,1000
delta_harmfulness,31,1008
delta_harmfulness,31,1028
delta_harmfulness,31,1032
delta_harmfulness,31,1033
delta_harmfulness,31,1046
delta_harmfulness,31,1050
delta_harmfulness,31,1057
delta_harmfulness,31,1058
delta_harmfulness,31,1070
delta_harmfulness,31,1074
delta_harmfulness,31,1076
delta_harmfulness,31,1079
delta_harmfulness,31,1084
delta_harmfulness,31,1086
delta_harmfulness,31,1090
delta_harmfulness,31,1095
delta_harmfulness,31,1101
delta_harmfulness,31,1109
delta_harmfulness,31,1117
delta_harmfulness,31,1118
delta_harmfulness,31,1119
delta_harmfulness,31,1121
delta_harmfulness,31,1128
delta_harmfulness,31,1129
delta_harmfulness,31,1136
delta_harmfulness,31,1139
delta_harmfulness,31,1149
delta_harmfulness,31,1157
delta_harmfulness,31,1159
delta_harmfulness,31,1165
delta_harmfulness,31,1166
delta_harmfulness,31,1170
delta_harmfulness,31,1176
delta_harmfulness,31,1186
delta_harmfulness,31,1190
delta_harmfulness,31,1192
delta_harmfulness,31,1199
delta_harmfulness,31,1201
delta_harmfulness,31,1202
delta_harmfulness,31,1206
delta_harmfulness,31,1209
delta_harmfulness,31,1217
delta_harmfulness,31,1218
delta_harmfulness,31,1220
delta_harmfulness,31,1226
delta_harmfulness,31,1233
delta_harmfulness,31,1236
delta_harmfulness,31,1244
delta_harmfulness,31,1253
delta_harmfulness,31,1264
delta_harmfulness,31,1269
delta_harmfulness,31,1286
delta_harmfulness,31,1288
delta_harmfulness,31,1301
delta_harmfulness,31,1306
delta_harmfulness,31,1309
delta_harmfulness,31,1313
delta_harmfulness,31,1314
delta_harmfulness,31,1324
delta_harmfulness,31,1332
delta_harmfulness,31,1343
delta_harmfulness,31,1351
delta_harmfulness,31,1380
delta_harmfulness,31,1383
delta_harmfulness,31,1386
delta_harmfulness,31,1389
delta_harmfulness,31,1395
delta_harmfulness,31,1398
delta_harmfulness,31,1405
delta_harmfulness,31,1425
delta_harmfulness,31,1429
delta_harmfulness,31,1437
delta_harmfulness,31,1447
delta_harmfulness,31,1460
delta_harmfulness,31,1487
delta_harmfulness,31,1493
delta_harmfulness,31,1506
delta_harmfulness,31,1510
delta_harmfulness,31,1511
delta_harmfulness,31,1513
delta_harmfulness,31,1516
delta_harmfulness,31,1519
delta_harmfulness,31,1532
delta_harmfulness,31,1534
delta_harmfulness,31,1543
delta_harmfulness,31,1558
delta_harmfulness,31,1559
delta_harmfulness,31,1572
delta_harmfulness,31,1576
delta_harmfulness,31,1582
delta_harmfulness,31,1584
delta_harmfulness,31,1586
delta_harmfulness,31,1594
delta_harmfulness,31,1601
delta_harmfulness,31,1609
delta_harmfulness,31,1614
delta_harmfulness,31,1625
delta_harmfulness,31,1632
delta_harmfulness,31,1637
delta_harmfulness,31,1652
delta_harmfulness,31,1654
delta_harmfulness,31,1662
delta_harmfulness,31,1668
delta_harmfulness,31,1674
delta_harmfulness,31,1677
delta_harmfulness,31,1678
delta_harmfulness,31,1681
delta_harmfulness,31,1705
delta_harmfulness,31,1712
delta_harmfulness,31,1717
delta_harmfulness,31,1728
delta_harmfulness,31,1739
delta_harmfulness,31,1755
delta_harmfulness,31,1758
delta_harmfulness,31,1781
delta_harmfulness,31,1793
delta_harmfulness,31,1798
delta_harmfulness,31,1800
delta_harmfulness,31,1802
delta_harmfulness,31,1811
delta_harmfulness,31,1813
delta_harmfulness,31,1815
delta_harmfulness,31,1816
delta_harmfulness,31,1822
delta_harmfulness,31,1831
delta_harmfulness,31,1834
delta_harmfulness,31,1852
delta_harmfulness,31,1868
delta_harmfulness,31,1876
delta_harmfulness,31,1880
delta_harmfulness,31,1881
delta_harmfulness,31,1901
delta_harmfulness,31,1915
delta_harmfulness,31,1918
delta_harmfulness,31,1919
delta_harmfulness,31,1933
delta_harmfulness,31,1934
delta_harmfulness,31,1938
delta_harmfulness,31,1940
delta_harmfulness,31,1943
delta_harmfulness,31,1946
delta_harmfulness,31,1949
delta_harmfulness,31,1955
delta_harmfulness,31,1961
delta_harmfulness,31,1967
delta_harmfulness,31,1973
delta_harmfulness,31,1978
delta_harmfulness,31,1987
delta_harmfulness,31,1991
delta_harmfulness,31,1992
delta_harmfulness,31,2000
delta_harmfulness,31,2008
delta_harmfulness,31,2009
delta_harmfulness,31,2012
delta_harmfulness,31,2014
delta_harmfulness,31,2030
delta_harmfulness,31,2036
delta_harmfulness,31,2046
delta_harmfulness,31,2051
delta_harmfulness,31,2060
delta_harmfulness,31,2063
delta_harmfulness,31,2078
delta_harmfulness,31,2080
delta_harmfulness,31,2088
delta_harmfulness,31,2098
delta_harmfulness,31,2101
delta_harmfulness,31,2105
delta_harmfulness,31,2113
delta_harmfulness,31,2114
delta_harmfulness,31,2123
delta_harmfulness,31,2131
delta_harmfulness,31,2136
delta_harmfulness,31,2147
delta_harmfulness,31,2150
delta_harmfulness,31,2153
delta_harmfulness,31,2165
delta_harmfulness,31,2188
delta_harmfulness,31,2189
delta_harmfulness,31,2192
delta_harmfulness,31,2195
delta_harmfulness,31,2199
delta_harmfulness,31,2207
delta_harmfulness,31,2211
delta_harmfulness,31,2212
delta_harmfulness,31,2213
delta_harmfulness,31,2215
delta_harmfulness,31,2221
delta_harmfulness,31,2223
delta_harmfulness,31,2224
delta_harmfulness,31,2229
delta_harmfulness,31,2233
delta_harmfulness,31,2241
delta_harmfulness,31,2242
delta_harmfulness,31,2246
delta_harmfulness,31,2248
delta_harmfulness,31,2266
delta_harmfulness,31,2268
delta_harmfulness,31,2273
delta_harmfulness,31,2275
delta_harmfulness,31,2286
delta_harmfulness,31,2288
delta_harmfulness,31,2294
delta_harmfulness,31,2295
delta_harmfulness,31,2297
delta_harmfulness,31,2298
delta_harmfulness,31,2301
delta_harmfulness,31,2304
delta_harmfulness,31,2305
delta_harmfulness,31,2311
delta_harmfulness,31,2315
delta_harmfulness,31,2329
delta_harmfulness,31,2339
delta_harmfulness,31,2344
delta_harmfulness,31,2347
delta_harmfulness,31,2349
delta_harmfulness,31,2355
delta_harmfulness,31,2368
delta_harmfulness,31,2375
delta_harmfulness,31,2376
delta_harmfulness,31,2384
delta_harmfulness,31,2398
delta_harmfulness,31,2400
delta_harmfulness,31,2406
delta_harmfulness,31,2420
delta_harmfulness,31,2428
delta_harmfulness,31,2441
delta_harmfulness,31,2449
delta_harmfulness,31,2452
delta_harmfulness,31,2463
delta_harmfulness,31,2465
delta_harmfulness,31,2467
delta_harmfulness,31,2471
delta_harmfulness,31,2474
delta_harmfulness,31,2477
delta_harmfulness,31,2485
delta_harmfulness,31,2500
delta_harmfulness,31,2511
delta_harmfulness,31,2519
delta_harmfulness,31,2528
delta_harmfulness,31,2530
delta_harmfulness,31,2549
delta_harmfulness,31,2550
delta_harmfulness,31,2564
delta_harmfulness,31,2572
delta_harmfulness,31,2583
delta_harmfulness,31,2585
delta_harmfulness,31,2589
delta_harmfulness,31,2602
delta_harmfulness,31,2604
delta_harmfulness,31,2609
delta_harmfulness,31,2611
delta_harmfulness,31,2613
delta_harmfulness,31,2622
delta_harmfulness,31,2631
delta_harmfulness,31,2636
delta_harmfulness,31,2646
delta_harmfulness,31,2649
delta_harmfulness,31,2653
delta_harmfulness,31,2657
delta_harmfulness,31,2675
delta_harmfulness,31,2678
delta_harmfulness,31,2685
delta_harmfulness,31,2687
delta_harmfulness,31,2711
delta_harmfulness,31,2722
delta_harmfulness,31,2723
delta_harmfulness,31,2730
delta_harmfulness,31,2733
delta_harmfulness,31,2743
delta_harmfulness,31,2750
delta_harmfulness,31,2754
delta_harmfulness,31,2756
delta_harmfulness,31,2765
delta_harmfulness,31,2772
delta_harmfulness,31,2775
delta_harmfulness,31,2782
delta_harmfulness,31,2788
delta_harmfulness,31,2790
delta_harmfulness,31,2796
delta_harmfulness,31,2798
delta_harmfulness,31,2799
delta_harmfulness,31,2800
delta_harmfulness,31,2819
delta_harmfulness,31,2822
delta_harmfulness,31,2824
delta_harmfulness,31,2825
delta_harmfulness,31,2836
delta_harmfulness,31,2837
delta_harmfulness,31,2839
delta_harmfulness,31,2845
delta_harmfulness,31,2847
delta_harmfulness,31,2853
delta_harmfulness,31,2866
delta_harmfulness,31,2869
delta_harmfulness,31,2874
delta_harmfulness,31,2875
delta_harmfulness,31,2878
delta_harmfulness,31,2879
delta_harmfulness,31,2885
delta_harmfulness,31,2908
delta_harmfulness,31,2912
delta_harmfulness,31,2915
delta_harmfulness,31,2925
delta_harmfulness,31,2943
delta_harmfulness,31,2944
delta_harmfulness,31,2945
delta_harmfulness,31,2948
delta_harmfulness,31,2951
delta_harmfulness,31,2953
delta_harmfulness,31,2954
delta_harmfulness,31,2958
delta_harmfulness,31,2960
delta_harmfulness,31,2974
delta_harmfulness,31,2992
delta_harmfulness,31,2993
delta_harmfulness,31,3022
delta_harmfulness,31,3023
delta_harmfulness,31,3034
delta_harmfulness,31,3043
delta_harmfulness,31,3059
delta_harmfulness,31,3061
delta_harmfulness,31,3065
delta_harmfulness,31,3078
delta_harmfulness,31,3084
delta_harmfulness,31,3085
delta_harmfulness,31,3096
delta_harmfulness,31,3104
delta_harmfulness,31,3115
delta_harmfulness,31,3121
delta_harmfulness,31,3130
delta_harmfulness,31,3134
delta_harmfulness,31,3135
delta_harmfulness,31,3137
delta_harmfulness,31,3145
delta_harmfulness,31,3148
delta_harmfulness,31,3163
delta_harmfulness,31,3166
delta_harmfulness,31,3174
delta_harmfulness,31,3175
delta_harmfulness,31,3184
delta_harmfulness,31,3195
delta_harmfulness,31,3197
delta_harmfulness,31,3210
delta_harmfulness,31,3212
delta_harmfulness,31,3216
delta_harmfulness,31,3217
delta_harmfulness,31,3226
delta_harmfulness,31,3230
delta_harmfulness,31,3237
delta_harmfulness,31,3238
delta_harmfulness,31,3243
delta_harmfulness,31,3244
delta_harmfulness,31,3246
delta_harmfulness,31,3251
delta_harmfulness,31,3252
delta_harmfulness,31,3255
delta_harmfulness,31,3261
delta_harmfulness,31,3265
delta_harmfulness,31,3267
delta_harmfulness,31,3268
delta_harmfulness,31,3277
delta_harmfulness,31,3278
delta_harmfulness,31,3285
delta_harmfulness,31,3289
delta_harmfulness,31,3300
delta_harmfulness,31,3307
delta_harmfulness,31,3312
delta_harmfulness,31,3321
delta_harmfulness,31,3323
delta_harmfulness,31,3330
delta_harmfulness,31,3349
delta_harmfulness,31,3351
delta_harmfulness,31,3356
delta_harmfulness,31,3369
delta_harmfulness,31,3379
delta_harmfulness,31,3387
delta_harmfulness,31,3390
delta_harmfulness,31,3396
delta_harmfulness,31,3397
delta_harmfulness,31,3400
delta_harmfulness,31,3409
delta_harmfulness,31,3414
delta_harmfulness,31,3418
delta_harmfulness,31,3420
delta_harmfulness,31,3428
delta_harmfulness,31,3430
delta_harmfulness,31,3439
delta_harmfulness,31,3440
delta_harmfulness,31,3443
delta_harmfulness,31,3444
delta_harmfulness,31,3461
delta_harmfulness,31,3464
delta_harmfulness,31,3469
delta_harmfulness,31,3472
delta_harmfulness,31,3474
delta_harmfulness,31,3480
delta_harmfulness,31,3484
delta_harmfulness,31,3485
delta_harmfulness,31,3486
delta_harmfulness,31,3487
delta_harmfulness,31,3492
delta_harmfulness,31,3493
delta_harmfulness,31,3505
delta_harmfulness,31,3515
delta_harmfulness,31,3521
delta_harmfulness,31,3527
delta_harmfulness,31,3540
delta_harmfulness,31,3542
delta_harmfulness,31,3543
delta_harmfulness,31,3548
delta_harmfulness,31,3557
delta_harmfulness,31,3568
delta_harmfulness,31,3578
delta_harmfulness,31,3583
delta_harmfulness,31,3589
delta_harmfulness,31,3591
delta_harmfulness,31,3599
delta_harmfulness,31,3605
delta_harmfulness,31,3607
delta_harmfulness,31,3611
delta_harmfulness,31,3616
delta_harmfulness,31,3620
delta_harmfulness,31,3628
delta_harmfulness,31,3630
delta_harmfulness,31,3640
delta_harmfulness,31,3646
delta_harmfulness,31,3648
delta_harmfulness,31,3649
delta_harmfulness,31,3672
delta_harmfulness,31,3676
delta_harmfulness,31,3685
delta_harmfulness,31,3687
delta_harmfulness,31,3690
delta_harmfulness,31,3691
delta_harmfulness,31,3694
delta_harmfulness,31,3696
delta_harmfulness,31,3700
delta_harmfulness,31,3716
delta_harmfulness,31,3718
delta_harmfulness,31,3719
delta_harmfulness,31,3721
delta_harmfulness,31,3722
delta_harmfulness,31,3736
delta_harmfulness,31,3749
delta_harmfulness,31,3750
delta_harmfulness,31,3751
delta_harmfulness,31,3759
delta_harmfulness,31,3768
delta_harmfulness,31,3769
delta_harmfulness,31,3778
delta_harmfulness,31,3780
delta_harmfulness,31,3783
delta_harmfulness,31,3801
delta_harmfulness,31,3811
delta_harmfulness,31,3824
delta_harmfulness,31,3828
delta_harmfulness,31,3830
delta_harmfulness,31,3834
delta_harmfulness,31,3840
delta_harmfulness,31,3844
delta_harmfulness,31,3848
delta_harmfulness,31,3864
delta_harmfulness,31,3871
delta_harmfulness,31,3874
delta_harmfulness,31,3876
delta_harmfulness,31,3890
delta_harmfulness,31,3900
delta_harmfulness,31,3909
delta_harmfulness,31,3910
delta_harmfulness,31,3919
delta_harmfulness,31,3930
delta_harmfulness,31,3954
delta_harmfulness,31,3959
delta_harmfulness,31,3967
delta_harmfulness,31,3974
delta_harmfulness,31,3982
delta_harmfulness,31,3989
delta_harmfulness,31,3990
delta_harmfulness,31,3993
delta_harmfulness,31,3997
delta_harmfulness,31,4001
delta_harmfulness,31,4008
delta_harmfulness,31,4015
delta_harmfulness,31,4021
delta_harmfulness,31,4022
delta_harmfulness,31,4032
delta_harmfulness,31,4037
delta_harmfulness,31,4046
delta_harmfulness,31,4053
delta_harmfulness,31,4060
delta_harmfulness,31,4062
delta_harmfulness,31,4064
delta_harmfulness,31,4071
delta_harmfulness,31,4080
delta_harmfulness,31,4083
delta_harmfulness,31,4085
delta_harmfulness,31,4097
delta_harmfulness,31,4101
delta_harmfulness,31,4120
delta_harmfulness,31,4126
delta_harmfulness,31,4128
delta_harmfulness,31,4130
delta_harmfulness,31,4147
delta_harmfulness,31,4153
delta_harmfulness,31,4160
delta_harmfulness,31,4164
delta_harmfulness,31,4173
delta_harmfulness,31,4176
delta_harmfulness,31,4179
delta_harmfulness,31,4181
delta_harmfulness,31,4186
delta_harmfulness,31,4198
delta_harmfulness,31,4199
delta_harmfulness,31,4205
delta_harmfulness,31,4206
delta_harmfulness,31,4209
delta_harmfulness,31,4213
delta_harmfulness,31,4243
delta_harmfulness,31,4246
delta_harmfulness,31,4253
delta_harmfulness,31,4254
delta_harmfulness,31,4261
delta_harmfulness,31,4262
delta_harmfulness,31,4267
delta_harmfulness,31,4270
delta_harmfulness,31,4271
delta_harmfulness,31,4277
delta_harmfulness,31,4291
delta_harmfulness,31,4299
delta_harmfulness,31,4302
delta_harmfulness,31,4312
delta_harmfulness,31,4317
delta_harmfulness,31,4333
delta_harmfulness,31,4352
delta_harmfulness,31,4358
delta_harmfulness,31,4373
delta_harmfulness,31,4374
delta_harmfulness,31,4381
delta_harmfulness,31,4393
delta_harmfulness,31,4400
delta_harmfulness,31,4401
delta_harmfulness,31,4419
delta_harmfulness,31,4424
delta_harmfulness,31,4426
delta_harmfulness,31,4436
delta_harmfulness,31,4439
delta_harmfulness,31,4464
delta_harmfulness,31,4473
delta_harmfulness,31,4487
delta_harmfulness,31,4501
delta_harmfulness,31,4503
delta_harmfulness,31,4504
delta_harmfulness,31,4510
delta_harmfulness,31,4512
delta_harmfulness,31,4518
delta_harmfulness,31,4523
delta_harmfulness,31,4525
delta_harmfulness,31,4526
delta_harmfulness,31,4537
delta_harmfulness,31,4538
delta_harmfulness,31,4540
delta_harmfulness,31,4560
delta_harmfulness,31,4563
delta_harmfulness,31,4565
delta_harmfulness,31,4575
delta_harmfulness,31,4577
delta_harmfulness,31,4581
delta_harmfulness,31,4594
delta_harmfulness,31,4598
delta_harmfulness,31,4601
delta_harmfulness,31,4604
delta_harmfulness,31,4609
delta_harmfulness,31,4622
delta_harmfulness,31,4623
delta_harmfulness,31,4625
delta_harmfulness,31,4626
delta_harmfulness,31,4627
delta_harmfulness,31,4632
delta_harmfulness,31,4639
delta_harmfulness,31,4643
delta_harmfulness,31,4645
delta_harmfulness,31,4648
delta_harmfulness,31,4652
delta_harmfulness,31,4661
delta_harmfulness,31,4662
delta_harmfulness,31,4667
delta_harmfulness,31,4672
delta_harmfulness,31,4679
delta_harmfulness,31,4688
delta_harmfulness,31,4714
delta_harmfulness,31,4723
delta_harmfulness,31,4726
delta_harmfulness,31,4738
delta_harmfulness,31,4761
delta_harmfulness,31,4762
delta_harmfulness,31,4763
delta_harmfulness,31,4767
delta_harmfulness,31,4768
delta_harmfulness,31,4778
delta_harmfulness,31,4782
delta_harmfulness,31,4786
delta_harmfulness,31,4787
delta_harmfulness,31,4788
delta_harmfulness,31,4790
delta_harmfulness,31,4791
delta_harmfulness,31,4797
delta_harmfulness,31,4805
delta_harmfulness,31,4807
delta_harmfulness,31,4810
delta_harmfulness,31,4811
delta_harmfulness,31,4820
delta_harmfulness,31,4825
delta_harmfulness,31,4840
delta_harmfulness,31,4844
delta_harmfulness,31,4851
delta_harmfulness,31,4864
delta_harmfulness,31,4866
delta_harmfulness,31,4873
delta_harmfulness,31,4903
delta_harmfulness,31,4918
delta_harmfulness,31,4920
delta_harmfulness,31,4934
delta_harmfulness,31,4951
delta_harmfulness,31,4953
delta_harmfulness,31,4983
delta_harmfulness,31,5003
delta_harmfulness,31,5015
delta_harmfulness,31,5019
delta_harmfulness,31,5021
delta_harmfulness,31,5022
delta_harmfulness,31,5041
delta_harmfulness,31,5042
delta_harmfulness,31,5044
delta_harmfulness,31,5045
delta_harmfulness,31,5053
delta_harmfulness,31,5062
delta_harmfulness,31,5074
delta_harmfulness,31,5082
delta_harmfulness,31,5084
delta_harmfulness,31,5086
delta_harmfulness,31,5088
delta_harmfulness,31,5093
delta_harmfulness,31,5099
delta_harmfulness,31,5100
delta_harmfulness,31,5104
delta_harmfulness,31,5114
delta_harmfulness,31,5115
delta_harmfulness,31,5118
delta_harmfulness,31,5136
delta_harmfulness,31,5144
delta_harmfulness,31,5146
delta_harmfulness,31,5150
delta_harmfulness,31,5159
delta_harmfulness,31,5161
delta_harmfulness,31,5168
delta_harmfulness,31,5173
delta_harmfulness,31,5178
delta_harmfulness,31,5187
delta_harmfulness,31,5201
delta_harmfulness,31,5202
delta_harmfulness,31,5203
delta_harmfulness,31,5204
delta_harmfulness,31,5206
delta_harmfulness,31,5225
delta_harmfulness,31,5230
delta_harmfulness,31,5231
delta_harmfulness,31,5248
delta_harmfulness,31,5253
delta_harmfulness,31,5276
delta_harmfulness,31,5277
delta_harmfulness,31,5283
delta_harmfulness,31,5287
delta_harmfulness,31,5288
delta_harmfulness,31,5294
delta_harmfulness,31,5305
delta_harmfulness,31,5311
delta_harmfulness,31,5315
delta_harmfulness,31,5327
delta_harmfulness,31,5333
delta_harmfulness,31,5335
delta_harmfulness,31,5340
delta_harmfulness,31,5357
delta_harmfulness,31,5358
delta_harmfulness,31,5359
delta_harmfulness,31,5369
delta_harmfulness,31,5370
delta_harmfulness,31,5371
delta_harmfulness,31,5381
delta_harmfulness,31,5391
delta_harmfulness,31,5397
delta_harmfulness,31,5400
delta_harmfulness,31,5403
delta_harmfulness,31,5407
delta_harmfulness,31,5414
delta_harmfulness,31,5419
delta_harmfulness,31,5437
delta_harmfulness,31,5448
delta_harmfulness,31,5483
delta_harmfulness,31,5484
delta_harmfulness,31,5485
delta_harmfulness,31,5489
delta_harmfulness,31,5509
delta_harmfulness,31,5513
delta_harmfulness,31,5528
delta_harmfulness,31,5532
delta_harmfulness,31,5535
delta_harmfulness,31,5540
delta_harmfulness,31,5542
delta_harmfulness,31,5546
delta_harmfulness,31,5553
delta_harmfulness,31,5562
delta_harmfulness,31,5585
delta_harmfulness,31,5593
delta_harmfulness,31,5594
delta_harmfulness,31,5604
delta_harmfulness,31,5615
delta_harmfulness,31,5616
delta_harmfulness,31,5617
delta_harmfulness,31,5619
delta_harmfulness,31,5626
delta_harmfulness,31,5630
delta_harmfulness,31,5632
delta_harmfulness,31,5636
delta_harmfulness,31,5641
delta_harmfulness,31,5648
delta_harmfulness,31,5673
delta_harmfulness,31,5692
delta_harmfulness,31,5717
delta_harmfulness,31,5720
delta_harmfulness,31,5721
delta_harmfulness,31,5722
delta_harmfulness,31,5734
delta_harmfulness,31,5748
delta_harmfulness,31,5753
delta_harmfulness,31,5766
delta_harmfulness,31,5772
delta_harmfulness,31,5777
delta_harmfulness,31,5784
delta_harmfulness,31,5785
delta_harmfulness,31,5787
delta_harmfulness,31,5804
delta_harmfulness,31,5806
delta_harmfulness,31,5808
delta_harmfulness,31,5814
delta_harmfulness,31,5828
delta_harmfulness,31,5835
delta_harmfulness,31,5847
delta_harmfulness,31,5848
delta_harmfulness,31,5850
delta_harmfulness,31,5852
delta_harmfulness,31,5855
delta_harmfulness,31,5861
delta_harmfulness,31,5864
delta_harmfulness,31,5874
delta_harmfulness,31,5883
delta_harmfulness,31,5901
delta_harmfulness,31,5906
delta_harmfulness,31,5912
delta_harmfulness,31,5919
delta_harmfulness,31,5924
delta_harmfulness,31,5927
delta_harmfulness,31,5928
delta_harmfulness,31,5932
delta_harmfulness,31,5933
delta_harmfulness,31,5941
delta_harmfulness,31,5943
delta_harmfulness,31,5953
delta_harmfulness,31,5956
delta_harmfulness,31,5965
delta_harmfulness,31,5966
delta_harmfulness,31,5968
delta_harmfulness,31,5975
delta_harmfulness,31,6003
delta_harmfulness,31,6018
delta_harmfulness,31,6038
delta_harmfulness,31,6056
delta_harmfulness,31,6058
delta_harmfulness,31,6059
delta_harmfulness,31,6069
delta_harmfulness,31,6072
delta_harmfulness,31,6074
delta_harmfulness,31,6080
delta_harmfulness,31,6082
delta_harmfulness,31,6084
delta_harmfulness,31,6096
delta_harmfulness,31,6099
delta_harmfulness,31,6109
delta_harmfulness,31,6130
delta_harmfulness,31,6143
delta_harmfulness,31,6149
delta_harmfulness,31,6151
delta_harmfulness,31,6152
delta_harmfulness,31,6155
delta_harmfulness,31,6159
delta_harmfulness,31,6169
delta_harmfulness,31,6173
delta_harmfulness,31,6177
delta_harmfulness,31,6182
delta_harmfulness,31,6186
delta_harmfulness,31,6195
delta_harmfulness,31,6201
delta_harmfulness,31,6203
delta_harmfulness,31,6221
delta_harmfulness,31,6226
delta_harmfulness,31,6227
delta_harmfulness,31,6230
delta_harmfulness,31,6234
delta_harmfulness,31,6238
delta_harmfulness,31,6239
delta_harmfulness,31,6246
delta_harmfulness,31,6247
delta_harmfulness,31,6256
delta_harmfulness,31,6266
delta_harmfulness,31,6270
delta_harmfulness,31,6275
delta_harmfulness,31,6277
delta_harmfulness,31,6278
delta_harmfulness,31,6281
delta_harmfulness,31,6306
delta_harmfulness,31,6314
delta_harmfulness,31,6330
delta_harmfulness,31,6336
delta_harmfulness,31,6337
delta_harmfulness,31,6352
delta_harmfulness,31,6357
delta_harmfulness,31,6364
delta_harmfulness,31,6368
delta_harmfulness,31,6371
delta_harmfulness,31,6377
delta_harmfulness,31,6384
delta_harmfulness,31,6389
delta_harmfulness,31,6398
delta_harmfulness,31,6403
delta_harmfulness,31,6406
delta_harmfulness,31,6410
delta_harmfulness,31,6411
delta_harmfulness,31,6428
delta_harmfulness,31,6432
delta_harmfulness,31,6439
delta_harmfulness,31,6448
delta_harmfulness,31,6458
delta_harmfulness,31,6464
delta_harmfulness,31,6466
delta_harmfulness,31,6467
delta_harmfulness,31,6472
delta_harmfulness,31,6491
delta_harmfulness,31,6494
delta_harmfulness,31,6506
delta_harmfulness,31,6511
delta_harmfulness,31,6513
delta_harmfulness,31,6520
delta_harmfulness,31,6521
delta_harmfulness,31,6525
delta_harmfulness,31,6527
delta_harmfulness,31,6556
delta_harmfulness,31,6566
delta_harmfulness,31,6575
delta_harmfulness,31,6576
delta_harmfulness,31,6579
delta_harmfulness,31,6588
delta_harmfulness,31,6598
delta_harmfulness,31,6600
delta_harmfulness,31,6606
delta_harmfulness,31,6609
delta_harmfulness,31,6614
delta_harmfulness,31,6616
delta_harmfulness,31,6626
delta_harmfulness,31,6631
delta_harmfulness,31,6636
delta_harmfulness,31,6637
delta_harmfulness,31,6650
delta_harmfulness,31,6651
delta_harmfulness,31,6657
delta_harmfulness,31,6658
delta_harmfulness,31,6665
delta_harmfulness,31,6676
delta_harmfulness,31,6691
delta_harmfulness,31,6694
delta_harmfulness,31,6696
delta_harmfulness,31,6698
delta_harmfulness,31,6700
delta_harmfulness,31,6707
delta_harmfulness,31,6720
delta_harmfulness,31,6725
delta_harmfulness,31,6734
delta_harmfulness,31,6738
delta_harmfulness,31,6744
delta_harmfulness,31,6746
delta_harmfulness,31,6761
delta_harmfulness,31,6771
delta_harmfulness,31,6772
delta_harmfulness,31,6776
delta_harmfulness,31,6800
delta_harmfulness,31,6822
delta_harmfulness,31,6829
delta_harmfulness,31,6830
delta_harmfulness,31,6860
delta_harmfulness,31,6872
delta_harmfulness,31,6877
delta_harmfulness,31,6879
delta_harmfulness,31,6880
delta_harmfulness,31,6903
delta_harmfulness,31,6908
delta_harmfulness,31,6914
delta_harmfulness,31,6926
delta_harmfulness,31,6932
delta_harmfulness,31,6950
delta_harmfulness,31,6952
delta_harmfulness,31,6955
delta_harmfulness,31,6960
delta_harmfulness,31,6974
delta_harmfulness,31,6986
delta_harmfulness,31,6995
delta_harmfulness,31,7001
delta_harmfulness,31,7017
delta_harmfulness,31,7019
delta_harmfulness,31,7038
delta_harmfulness,31,7049
delta_harmfulness,31,7068
delta_harmfulness,31,7071
delta_harmfulness,31,7075
delta_harmfulness,31,7087
delta_harmfulness,31,7093
delta_harmfulness,31,7096
delta_harmfulness,31,7103
delta_harmfulness,31,7104
delta_harmfulness,31,7106
delta_harmfulness,31,7108
delta_harmfulness,31,7113
delta_harmfulness,31,7115
delta_harmfulness,31,7117
delta_harmfulness,31,7122
delta_harmfulness,31,7124
delta_harmfulness,31,7128
delta_harmfulness,31,7146
delta_harmfulness,31,7148
delta_harmfulness,31,7155
delta_harmfulness,31,7183
delta_harmfulness,31,7185
delta_harmfulness,31,7186
delta_harmfulness,31,7189
delta_harmfulness,31,7197
delta_harmfulness,31,7213
delta_harmfulness,31,7224
delta_harmfulness,31,7228
delta_harmfulness,31,7235
delta_harmfulness,31,7245
delta_harmfulness,31,7249
delta_harmfulness,31,7253
delta_harmfulness,31,7254
delta_harmfulness,31,7262
delta_harmfulness,31,7278
delta_harmfulness,31,7285
delta_harmfulness,31,7289
delta_harmfulness,31,7293
delta_harmfulness,31,7300
delta_harmfulness,31,7303
delta_harmfulness,31,7307
delta_harmfulness,31,7309
delta_harmfulness,31,7318
delta_harmfulness,31,7327
delta_harmfulness,31,7332
delta_harmfulness,31,7342
delta_harmfulness,31,7343
delta_harmfulness,31,7361
delta_harmfulness,31,7365
delta_harmfulness,31,7390
delta_harmfulness,31,7391
delta_harmfulness,31,7416
delta_harmfulness,31,7423
delta_harmfulness,31,7429
delta_harmfulness,31,7433
delta_harmfulness,31,7437
delta_harmfulness,31,7438
delta_harmfulness,31,7450
delta_harmfulness,31,7458
delta_harmfulness,31,7465
delta_harmfulness,31,7476
delta_harmfulness,31,7482
delta_harmfulness,31,7484
delta_harmfulness,31,7485
delta_harmfulness,31,7493
delta_harmfulness,31,7506
delta_harmfulness,31,7513
delta_harmfulness,31,7514
delta_harmfulness,31,7517
delta_harmfulness,31,7520
delta_harmfulness,31,7535
delta_harmfulness,31,7538
delta_harmfulness,31,7562
delta_harmfulness,31,7565
delta_harmfulness,31,7577
delta_harmfulness,31,7580
delta_harmfulness,31,7585
delta_harmfulness,31,7592
delta_harmfulness,31,7593
delta_harmfulness,31,7595
delta_harmfulness,31,7598
delta_harmfulness,31,7607
delta_harmfulness,31,7612
delta_harmfulness,31,7615
delta_harmfulness,31,7632
delta_harmfulness,31,7638
delta_harmfulness,31,7650
delta_harmfulness,31,7669
delta_harmfulness,31,7672
delta_harmfulness,31,7673
delta_harmfulness,31,7680
delta_harmfulness,31,7687
delta_harmfulness,31,7693
delta_harmfulness,31,7695
delta_harmfulness,31,7706
delta_harmfulness,31,7710
delta_harmfulness,31,7715
delta_harmfulness,31,7735
delta_harmfulness,31,7743
delta_harmfulness,31,7749
delta_harmfulness,31,7753
delta_harmfulness,31,7758
delta_harmfulness,31,7764
delta_harmfulness,31,7765
delta_harmfulness,31,7778
delta_harmfulness,31,7783
delta_harmfulness,31,7784
delta_harmfulness,31,7802
delta_harmfulness,31,7827
delta_harmfulness,31,7831
delta_harmfulness,31,7842
delta_harmfulness,31,7844
delta_harmfulness,31,7851
delta_harmfulness,31,7859
delta_harmfulness,31,7861
delta_harmfulness,31,7866
delta_harmfulness,31,7872
delta_harmfulness,31,7873
delta_harmfulness,31,7874
delta_harmfulness,31,7885
delta_harmfulness,31,7888
delta_harmfulness,31,7890
delta_harmfulness,31,7892
delta_harmfulness,31,7893
delta_harmfulness,31,7900
delta_harmfulness,31,7906
delta_harmfulness,31,7910
delta_harmfulness,31,7912
delta_harmfulness,31,7922
delta_harmfulness,31,7932
delta_harmfulness,31,7935
delta_harmfulness,31,7936
delta_harmfulness,31,7944
delta_harmfulness,31,7950
delta_harmfulness,31,7959
delta_harmfulness,31,7961
delta_harmfulness,31,7963
delta_harmfulness,31,7964
delta_harmfulness,31,7965
delta_harmfulness,31,7966
delta_harmfulness,31,7973
delta_harmfulness,31,7974
delta_harmfulness,31,7985
delta_harmfulness,31,7987
delta_harmfulness,31,7992
delta_harmfulness,31,7994
delta_harmfulness,31,8000
delta_harmfulness,31,8005
delta_harmfulness,31,8006
delta_harmfulness,31,8044
delta_harmfulness,31,8047
delta_harmfulness,31,8049
delta_harmfulness,31,8053
delta_harmfulness,31,8058
delta_harmfulness,31,8064
delta_harmfulness,31,8075
delta_harmfulness,31,8083
delta_harmfulness,31,8086
delta_harmfulness,31,8089
delta_harmfulness,31,8094
delta_harmfulness,31,8100
delta_harmfulness,31,8101
delta_harmfulness,31,8103
delta_harmfulness,31,8112
delta_harmfulness,31,8118
delta_harmfulness,31,8120
delta_harmfulness,31,8126
delta_harmfulness,31,8133
delta_harmfulness,31,8136
delta_harmfulness,31,8140
delta_harmfulness,31,8154
delta_harmfulness,31,8156
delta_harmfulness,31,8167
delta_harmfulness,31,8170
delta_harmfulness,31,8173
delta_harmfulness,31,8190
delta_harmfulness,31,8193
delta_harmfulness,31,8200
delta_harmfulness,31,8201
delta_harmfulness,31,8203
delta_harmfulness,31,8226
delta_harmfulness,31,8227
delta_harmfulness,31,8229
delta_harmfulness,31,8240
delta_harmfulness,31,8250
delta_harmfulness,31,8258
delta_harmfulness,31,8272
delta_harmfulness,31,8285
delta_harmfulness,31,8296
delta_harmfulness,31,8297
delta_harmfulness,31,8300
delta_harmfulness,31,8310
delta_harmfulness,31,8311
delta_harmfulness,31,8314
delta_harmfulness,31,8316
delta_harmfulness,31,8324
delta_harmfulness,31,8326
delta_harmfulness,31,8331
delta_harmfulness,31,8334
delta_harmfulness,31,8340
delta_harmfulness,31,8346
delta_harmfulness,31,8350
delta_harmfulness,31,8354
delta_harmfulness,31,8359
delta_harmfulness,31,8360
delta_harmfulness,31,8366
delta_harmfulness,31,8379
delta_harmfulness,31,8382
delta_harmfulness,31,8384
delta_harmfulness,31,8392
delta_harmfulness,31,8394
delta_harmfulness,31,8401
delta_harmfulness,31,8410
delta_harmfulness,31,8415
delta_harmfulness,31,8432
delta_harmfulness,31,8445
delta_harmfulness,31,8446
delta_harmfulness,31,8449
delta_harmfulness,31,8450
delta_harmfulness,31,8453
delta_harmfulness,31,8468
delta_harmfulness,31,8484
delta_harmfulness,31,8494
delta_harmfulness,31,8499
delta_harmfulness,31,8500
delta_harmfulness,31,8503
delta_harmfulness,31,8506
delta_harmfulness,31,8517
delta_harmfulness,31,8521
delta_harmfulness,31,8537
delta_harmfulness,31,8540
delta_harmfulness,31,8544
delta_harmfulness,31,8555
delta_harmfulness,31,8557
delta_harmfulness,31,8565
delta_harmfulness,31,8577
delta_harmfulness,31,8583
delta_harmfulness,31,8591
delta_harmfulness,31,8607
delta_harmfulness,31,8609
delta_harmfulness,31,8610
delta_harmfulness,31,8613
delta_harmfulness,31,8622
delta_harmfulness,31,8626
delta_harmfulness,31,8627
delta_harmfulness,31,8631
delta_harmfulness,31,8633
delta_harmfulness,31,8638
delta_harmfulness,31,8652
delta_harmfulness,31,8653
delta_harmfulness,31,8655
delta_harmfulness,31,8664
delta_harmfulness,31,8671
delta_harmfulness,31,8680
delta_harmfulness,31,8682
delta_harmfulness,31,8698
delta_harmfulness,31,8711
delta_harmfulness,31,8714
delta_harmfulness,31,8722
delta_harmfulness,31,8724
delta_harmfulness,31,8732
delta_harmfulness,31,8735
delta_harmfulness,31,8743
delta_harmfulness,31,8747
delta_harmfulness,31,8766
delta_harmfulness,31,8771
delta_harmfulness,31,8773
delta_harmfulness,31,8786
delta_harmfulness,31,8787
delta_harmfulness,31,8788
delta_harmfulness,31,8792
delta_harmfulness,31,8812
delta_harmfulness,31,8824
delta_harmfulness,31,8825
delta_harmfulness,31,8829
delta_harmfulness,31,8861
delta_harmfulness,31,8862
delta_harmfulness,31,8867
delta_harmfulness,31,8874
delta_harmfulness,31,8879
delta_harmfulness,31,8884
delta_harmfulness,31,8907
delta_harmfulness,31,8921
delta_harmfulness,31,8923
delta_harmfulness,31,8927
delta_harmfulness,31,8934
delta_harmfulness,31,8936
delta_harmfulness,31,8937
delta_harmfulness,31,8947
delta_harmfulness,31,8950
delta_harmfulness,31,8953
delta_harmfulness,31,8954
delta_harmfulness,31,8956
delta_harmfulness,31,8959
delta_harmfulness,31,8971
delta_harmfulness,31,8978
delta_harmfulness,31,8984
delta_harmfulness,31,8990
delta_harmfulness,31,8999
delta_harmfulness,31,9009
delta_harmfulness,31,9033
delta_harmfulness,31,9047
delta_harmfulness,31,9053
delta_harmfulness,31,9057
delta_harmfulness,31,9059
delta_harmfulness,31,9061
delta_harmfulness,31,9065
delta_harmfulness,31,9071
delta_harmfulness,31,9074
delta_harmfulness,31,9081
delta_harmfulness,31,9082
delta_harmfulness,31,9085
delta_harmfulness,31,9091
delta_harmfulness,31,9114
delta_harmfulness,31,9115
delta_harmfulness,31,9119
delta_harmfulness,31,9125
delta_harmfulness,31,9127
delta_harmfulness,31,9128
delta_harmfulness,31,9130
delta_harmfulness,31,9144
delta_harmfulness,31,9145
delta_harmfulness,31,9154
delta_harmfulness,31,9155
delta_harmfulness,31,9168
delta_harmfulness,31,9175
delta_harmfulness,31,9176
delta_harmfulness,31,9187
delta_harmfulness,31,9205
delta_harmfulness,31,9222
delta_harmfulness,31,9231
delta_harmfulness,31,9239
delta_harmfulness,31,9248
delta_harmfulness,31,9256
delta_harmfulness,31,9258
delta_harmfulness,31,9261
delta_harmfulness,31,9272
delta_harmfulness,31,9278
delta_harmfulness,31,9283
delta_harmfulness,31,9289
delta_harmfulness,31,9292
delta_harmfulness,31,9299
delta_harmfulness,31,9307
delta_harmfulness,31,9311
delta_harmfulness,31,9326
delta_harmfulness,31,9341
delta_harmfulness,31,9346
delta_harmfulness,31,9355
delta_harmfulness,31,9359
delta_harmfulness,31,9371
delta_harmfulness,31,9378
delta_harmfulness,31,9387
delta_harmfulness,31,9389
delta_harmfulness,31,9396
delta_harmfulness,31,9399
delta_harmfulness,31,9410
delta_harmfulness,31,9412
delta_harmfulness,31,9416
delta_harmfulness,31,9417
delta_harmfulness,31,9426
delta_harmfulness,31,9436
delta_harmfulness,31,9445
delta_harmfulness,31,9451
delta_harmfulness,31,9455
delta_harmfulness,31,9464
delta_harmfulness,31,9465
delta_harmfulness,31,9481
delta_harmfulness,31,9495
delta_harmfulness,31,9499
delta_harmfulness,31,9501
delta_harmfulness,31,9503
delta_harmfulness,31,9507
delta_harmfulness,31,9510
delta_harmfulness,31,9511
delta_harmfulness,31,9512
delta_harmfulness,31,9519
delta_harmfulness,31,9521
delta_harmfulness,31,9528
delta_harmfulness,31,9538
delta_harmfulness,31,9544
delta_harmfulness,31,9547
delta_harmfulness,31,9553
delta_harmfulness,31,9567
delta_harmfulness,31,9569
delta_harmfulness,31,9573
delta_harmfulness,31,9575
delta_harmfulness,31,9582
delta_harmfulness,31,9587
delta_harmfulness,31,9595
delta_harmfulness,31,9598
delta_harmfulness,31,9604
delta_harmfulness,31,9614
delta_harmfulness,31,9628
delta_harmfulness,31,9631
delta_harmfulness,31,9639
delta_harmfulness,31,9653
delta_harmfulness,31,9658
delta_harmfulness,31,9661
delta_harmfulness,31,9663
delta_harmfulness,31,9664
delta_harmfulness,31,9665
delta_harmfulness,31,9674
delta_harmfulness,31,9676
delta_harmfulness,31,9690
delta_harmfulness,31,9692
delta_harmfulness,31,9696
delta_harmfulness,31,9704
delta_harmfulness,31,9716
delta_harmfulness,31,9730
delta_harmfulness,31,9734
delta_harmfulness,31,9736
delta_harmfulness,31,9744
delta_harmfulness,31,9763
delta_harmfulness,31,9769
delta_harmfulness,31,9773
delta_harmfulness,31,9790
delta_harmfulness,31,9796
delta_harmfulness,31,9802
delta_harmfulness,31,9818
delta_harmfulness,31,9825
delta_harmfulness,31,9837
delta_harmfulness,31,9843
delta_harmfulness,31,9858
delta_harmfulness,31,9866
delta_harmfulness,31,9870
delta_harmfulness,31,9882
delta_harmfulness,31,9888
delta_harmfulness,31,9891
delta_harmfulness,31,9895
delta_harmfulness,31,9902
delta_harmfulness,31,9903
delta_harmfulness,31,9911
delta_harmfulness,31,9929
delta_harmfulness,31,9936
delta_harmfulness,31,9945
delta_harmfulness,31,9947
delta_harmfulness,31,9949
delta_harmfulness,31,9955
delta_harmfulness,31,9968
delta_harmfulness,31,9974
delta_harmfulness,31,9976
delta_harmfulness,31,9995
delta_harmfulness,31,10006
delta_harmfulness,31,10014
delta_harmfulness,31,10026
delta_harmfulness,31,10027
delta_harmfulness,31,10030
delta_harmfulness,31,10036
delta_harmfulness,31,10040
delta_harmfulness,31,10050
delta_harmfulness,31,10051
delta_harmfulness,31,10068
delta_harmfulness,31,10073
delta_harmfulness,31,10077
delta_harmfulness,31,10088
delta_harmfulness,31,10100
delta_harmfulness,31,10114
delta_harmfulness,31,10115
delta_harmfulness,31,10120
delta_harmfulness,31,10126
delta_harmfulness,31,10129
delta_harmfulness,31,10131
delta_harmfulness,31,10133
delta_harmfulness,31,10136
delta_harmfulness,31,10140
delta_harmfulness,31,10153
delta_harmfulness,31,10156
delta_harmfulness,31,10158
delta_harmfulness,31,10159
delta_harmfulness,31,10165
delta_harmfulness,31,10174
delta_harmfulness,31,10175
delta_harmfulness,31,10180
delta_harmfulness,31,10183
delta_harmfulness,31,10189
delta_harmfulness,31,10191
delta_harmfulness,31,10204
delta_harmfulness,31,10210
delta_harmfulness,31,10215
delta_harmfulness,31,10218
delta_harmfulness,31,10228
delta_harmfulness,31,10233
delta_harmfulness,31,10253
delta_harmfulness,31,10272
delta_harmfulness,31,10277
delta_harmfulness,31,10305
delta_harmfulness,31,10307
delta_harmfulness,31,10308
delta_harmfulness,31,10310
delta_harmfulness,31,10315
delta_harmfulness,31,10323
delta_harmfulness,31,10324
delta_harmfulness,31,10329
delta_harmfulness,31,10333
delta_harmfulness,31,10334
delta_harmfulness,31,10335
delta_harmfulness,31,10345
delta_harmfulness,31,10346
delta_harmfulness,31,10348
delta_harmfulness,31,10355
delta_harmfulness,31,10375
delta_harmfulness,31,10379
delta_harmfulness,31,10380
delta_harmfulness,31,10392
delta_harmfulness,31,10405
delta_harmfulness,31,10406
delta_harmfulness,31,10408
delta_harmfulness,31,10410
delta_harmfulness,31,10418
delta_harmfulness,31,10439
delta_harmfulness,31,10452
delta_harmfulness,31,10456
delta_harmfulness,31,10459
delta_harmfulness,31,10461
delta_harmfulness,31,10471
delta_harmfulness,31,10479
delta_harmfulness,31,10488
delta_harmfulness,31,10492
delta_harmfulness,31,10500
delta_harmfulness,31,10504
delta_harmfulness,31,10505
delta_harmfulness,31,10513
delta_harmfulness,31,10522
delta_harmfulness,31,10529
delta_harmfulness,31,10533
delta_harmfulness,31,10548
delta_harmfulness,31,10549
delta_harmfulness,31,10555
delta_harmfulness,31,10570
delta_harmfulness,31,10581
delta_harmfulness,31,10586
delta_harmfulness,31,10605
delta_harmfulness,31,10606
delta_harmfulness,31,10607
delta_harmfulness,31,10610
delta_harmfulness,31,10618
delta_harmfulness,31,10619
delta_harmfulness,31,10620
delta_harmfulness,31,10644
delta_harmfulness,31,10650
delta_harmfulness,31,10653
delta_harmfulness,31,10662
delta_harmfulness,31,10669
delta_harmfulness,31,10674
delta_harmfulness,31,10678
delta_harmfulness,31,10693
delta_harmfulness,31,10697
delta_harmfulness,31,10698
delta_harmfulness,31,10699
delta_harmfulness,31,10703
delta_harmfulness,31,10707
delta_harmfulness,31,10712
delta_harmfulness,31,10716
delta_harmfulness,31,10725
delta_harmfulness,31,10726
delta_harmfulness,31,10736
delta_harmfulness,31,10741
delta_harmfulness,31,10758
delta_harmfulness,31,10759
delta_harmfulness,31,10761
delta_harmfulness,31,10767
delta_harmfulness,31,10770
delta_harmfulness,31,10775
delta_harmfulness,31,10776
delta_harmfulness,31,10783
delta_harmfulness,31,10788
delta_harmfulness,31,10792
delta_harmfulness,31,10797
delta_harmfulness,31,10803
delta_harmfulness,31,10806
delta_harmfulness,31,10828
delta_harmfulness,31,10830
delta_harmfulness,31,10834
delta_harmfulness,31,10842
delta_harmfulness,31,10845
delta_harmfulness,31,10847
delta_harmfulness,31,10850
delta_harmfulness,31,10866
delta_harmfulness,31,10873
delta_harmfulness,31,10883
delta_harmfulness,31,10887
delta_harmfulness,31,10897
delta_harmfulness,31,10899
delta_harmfulness,31,10902
delta_harmfulness,31,10908
delta_harmfulness,31,10915
delta_harmfulness,31,10920
delta_harmfulness,31,10922
delta_harmfulness,31,10928
delta_harmfulness,31,10946
delta_harmfulness,31,10948
delta_harmfulness,31,10952
delta_harmfulness,31,10956
delta_harmfulness,31,10969
delta_harmfulness,31,10971
delta_harmfulness,31,10973
delta_harmfulness,31,10976
delta_harmfulness,31,10979
delta_harmfulness,31,10982
delta_harmfulness,31,10989
delta_harmfulness,31,10995
delta_harmfulness,31,10996
delta_harmfulness,31,11000
delta_harmfulness,31,11006
delta_harmfulness,31,11009
delta_harmfulness,31,11010
delta_harmfulness,31,11013
delta_harmfulness,31,11018
delta_harmfulness,31,11024
delta_harmfulness,31,11059
delta_harmfulness,31,11062
delta_harmfulness,31,11070
delta_harmfulness,31,11075
delta_harmfulness,31,11079
delta_harmfulness,31,11080
delta_harmfulness,31,11084
delta_harmfulness,31,11085
delta_harmfulness,31,11089
delta_harmfulness,31,11092
delta_harmfulness,31,11108
delta_harmfulness,31,11118
delta_harmfulness,31,11120
delta_harmfulness,31,11138
delta_harmfulness,31,11141
delta_harmfulness,31,11149
delta_harmfulness,31,11160
delta_harmfulness,31,11172
delta_harmfulness,31,11175
delta_harmfulness,31,11177
delta_harmfulness,31,11178
delta_harmfulness,31,11181
delta_harmfulness,31,11194
delta_harmfulness,31,11198
delta_harmfulness,31,11202
delta_harmfulness,31,11206
delta_harmfulness,31,11208
delta_harmfulness,31,11209
delta_harmfulness,31,11222
delta_harmfulness,31,11233
delta_harmfulness,31,11234
delta_harmfulness,31,11235
delta_harmfulness,31,11239
delta_harmfulness,31,11242
delta_harmfulness,31,11243
delta_harmfulness,31,11244
delta_harmfulness,31,11250
delta_harmfulness,31,11254
delta_harmfulness,31,11256
delta_harmfulness,31,11260
delta_harmfulness,31,11272
delta_harmfulness,31,11286
delta_harmfulness,31,11291
delta_harmfulness,31,11298
delta_harmfulness,31,11305
delta_harmfulness,31,11311
delta_harmfulness,31,11314
delta_harmfulness,31,11321
delta_harmfulness,31,11326
delta_harmfulness,31,11342
delta_harmfulness,31,11344
delta_harmfulness,31,11350
delta_harmfulness,31,11361
delta_harmfulness,31,11365
delta_harmfulness,31,11371
delta_harmfulness,31,11374
delta_harmfulness,31,11386
delta_harmfulness,31,11392
delta_harmfulness,31,11405
delta_harmfulness,31,11410
delta_harmfulness,31,11414
delta_harmfulness,31,11433
delta_harmfulness,31,11434
delta_harmfulness,31,11435
delta_harmfulness,31,11445
delta_harmfulness,31,11448
delta_harmfulness,31,11452
delta_harmfulness,31,11456
delta_harmfulness,31,11463
delta_harmfulness,31,11466
delta_harmfulness,31,11482
delta_harmfulness,31,11483
delta_harmfulness,31,11488
delta_harmfulness,31,11491
delta_harmfulness,31,11494
delta_harmfulness,31,11496
delta_harmfulness,31,11504
delta_harmfulness,31,11505
delta_harmfulness,31,11512
delta_harmfulness,31,11518
delta_harmfulness,31,11541
delta_harmfulness,31,11543
delta_harmfulness,31,11551
delta_harmfulness,31,11553
delta_harmfulness,31,11571
delta_harmfulness,31,11581
delta_harmfulness,31,11598
delta_harmfulness,31,11601
delta_harmfulness,31,11605
delta_harmfulness,31,11616
delta_harmfulness,31,11620
delta_harmfulness,31,11626
delta_harmfulness,31,11633
delta_harmfulness,31,11637
delta_harmfulness,31,11638
delta_harmfulness,31,11640
delta_harmfulness,31,11652
delta_harmfulness,31,11664
delta_harmfulness,31,11668
delta_harmfulness,31,11687
delta_harmfulness,31,11688
delta_harmfulness,31,11689
delta_harmfulness,31,11690
delta_harmfulness,31,11691
delta_harmfulness,31,11692
delta_harmfulness,31,11695
delta_harmfulness,31,11696
delta_harmfulness,31,11698
delta_harmfulness,31,11707
delta_harmfulness,31,11730
delta_harmfulness,31,11740
delta_harmfulness,31,11757
delta_harmfulness,31,11762
delta_harmfulness,31,11769
delta_harmfulness,31,11781
delta_harmfulness,31,11804
delta_harmfulness,31,11807
delta_harmfulness,31,11808
delta_harmfulness,31,11811
delta_harmfulness,31,11817
delta_harmfulness,31,11818
delta_harmfulness,31,11823
delta_harmfulness,31,11827
delta_harmfulness,31,11837
delta_harmfulness,31,11840
delta_harmfulness,31,11843
delta_harmfulness,31,11854
delta_harmfulness,31,11866
delta_harmfulness,31,11870
delta_harmfulness,31,11877
delta_harmfulness,31,11878
delta_harmfulness,31,11881
delta_harmfulness,31,11885
delta_harmfulness,31,11908
delta_harmfulness,31,11913
delta_harmfulness,31,11914
delta_harmfulness,31,11919
delta_harmfulness,31,11928
delta_harmfulness,31,11929
delta_harmfulness,31,11940
delta_harmfulness,31,11942
delta_harmfulness,31,11978
delta_harmfulness,31,11985
delta_harmfulness,31,11999
delta_harmfulness,31,12004
delta_harmfulness,31,12008
delta_harmfulness,31,12015
delta_harmfulness,31,12032
delta_harmfulness,31,12035
delta_harmfulness,31,12040
delta_harmfulness,31,12053
delta_harmfulness,31,12059
delta_harmfulness,31,12061
delta_harmfulness,31,12064
delta_harmfulness,31,12069
delta_harmfulness,31,12091
delta_harmfulness,31,12101
delta_harmfulness,31,12114
delta_harmfulness,31,12119
delta_harmfulness,31,12120
delta_harmfulness,31,12121
delta_harmfulness,31,12123
delta_harmfulness,31,12130
delta_harmfulness,31,12145
delta_harmfulness,31,12156
delta_harmfulness,31,12159
delta_harmfulness,31,12165
delta_harmfulness,31,12169
delta_harmfulness,31,12172
delta_harmfulness,31,12179
delta_harmfulness,31,12182
delta_harmfulness,31,12185
delta_harmfulness,31,12193
delta_harmfulness,31,12196
delta_harmfulness,31,12203
delta_harmfulness,31,12214
delta_harmfulness,31,12218
delta_harmfulness,31,12222
delta_harmfulness,31,12224
delta_harmfulness,31,12226
delta_harmfulness,31,12252
delta_harmfulness,31,12260
delta_harmfulness,31,12266
delta_harmfulness,31,12268
delta_harmfulness,31,12277
delta_harmfulness,31,12293
delta_harmfulness,31,12296
delta_harmfulness,31,12300
delta_harmfulness,31,12303
delta_harmfulness,31,12313
delta_harmfulness,31,12323
delta_harmfulness,31,12333
delta_harmfulness,31,12340
delta_harmfulness,31,12349
delta_harmfulness,31,12356
delta_harmfulness,31,12358
delta_harmfulness,31,12362
delta_harmfulness,31,12367
delta_harmfulness,31,12368
delta_harmfulness,31,12373
delta_harmfulness,31,12383
delta_harmfulness,31,12391
delta_harmfulness,31,12393
delta_harmfulness,31,12417
delta_harmfulness,31,12423
delta_harmfulness,31,12434
delta_harmfulness,31,12439
delta_harmfulness,31,12446
delta_harmfulness,31,12492
delta_harmfulness,31,12493
delta_harmfulness,31,12522
delta_harmfulness,31,12525
delta_harmfulness,31,12529
delta_harmfulness,31,12534
delta_harmfulness,31,12548
delta_harmfulness,31,12564
delta_harmfulness,31,12566
delta_harmfulness,31,12568
delta_harmfulness,31,12575
delta_harmfulness,31,12578
delta_harmfulness,31,12582
delta_harmfulness,31,12584
delta_harmfulness,31,12591
delta_harmfulness,31,12604
delta_harmfulness,31,12614
delta_harmfulness,31,12624
delta_harmfulness,31,12638
delta_harmfulness,31,12656
delta_harmfulness,31,12668
delta_harmfulness,31,12673
delta_harmfulness,31,12677
delta_harmfulness,31,12682
delta_harmfulness,31,12692
delta_harmfulness,31,12693
delta_harmfulness,31,12705
delta_harmfulness,31,12713
delta_harmfulness,31,12730
delta_harmfulness,31,12734
delta_harmfulness,31,12745
delta_harmfulness,31,12764
delta_harmfulness,31,12768
delta_harmfulness,31,12771
delta_harmfulness,31,12773
delta_harmfulness,31,12776
delta_harmfulness,31,12780
delta_harmfulness,31,12782
delta_harmfulness,31,12784
delta_harmfulness,31,12794
delta_harmfulness,31,12800
delta_harmfulness,31,12801
delta_harmfulness,31,12806
delta_harmfulness,31,12814
delta_harmfulness,31,12815
delta_harmfulness,31,12816
delta_harmfulness,31,12818
delta_harmfulness,31,12819
delta_harmfulness,31,12839
delta_harmfulness,31,12841
delta_harmfulness,31,12845
delta_harmfulness,31,12850
delta_harmfulness,31,12861
delta_harmfulness,31,12863
delta_harmfulness,31,12883
delta_harmfulness,31,12893
delta_harmfulness,31,12904
delta_harmfulness,31,12910
delta_harmfulness,31,12913
delta_harmfulness,31,12914
delta_harmfulness,31,12915
delta_harmfulness,31,12923
delta_harmfulness,31,12930
delta_harmfulness,31,12933
delta_harmfulness,31,12950
delta_harmfulness,31,12951
delta_harmfulness,31,12959
delta_harmfulness,31,12968
delta_harmfulness,31,12973
delta_harmfulness,31,12982
delta_harmfulness,31,12995
delta_harmfulness,31,13009
delta_harmfulness,31,13019
delta_harmfulness,31,13023
delta_harmfulness,31,13024
delta_harmfulness,31,13030
delta_harmfulness,31,13031
delta_harmfulness,31,13042
delta_harmfulness,31,13045
delta_harmfulness,31,13050
delta_harmfulness,31,13054
delta_harmfulness,31,13060
delta_harmfulness,31,13062
delta_harmfulness,31,13063
delta_harmfulness,31,13066
delta_harmfulness,31,13067
delta_harmfulness,31,13071
delta_harmfulness,31,13076
delta_harmfulness,31,13082
delta_harmfulness,31,13100
delta_harmfulness,31,13102
delta_harmfulness,31,13105
delta_harmfulness,31,13113
delta_harmfulness,31,13115
delta_harmfulness,31,13122
delta_harmfulness,31,13128
delta_harmfulness,31,13132
delta_harmfulness,31,13150
delta_harmfulness,31,13160
delta_harmfulness,31,13161
delta_harmfulness,31,13179
delta_harmfulness,31,13189
delta_harmfulness,31,13193
delta_harmfulness,31,13194
delta_harmfulness,31,13217
delta_harmfulness,31,13219
delta_harmfulness,31,13228
delta_harmfulness,31,13229
delta_harmfulness,31,13231
delta_harmfulness,31,13235
delta_harmfulness,31,13236
delta_harmfulness,31,13239
delta_harmfulness,31,13248
delta_harmfulness,31,13257
delta_harmfulness,31,13269
delta_harmfulness,31,13271
delta_harmfulness,31,13273
delta_harmfulness,31,13277
delta_harmfulness,31,13293
delta_harmfulness,31,13317
delta_harmfulness,31,13319
delta_harmfulness,31,13321
delta_harmfulness,31,13324
delta_harmfulness,31,13326
delta_harmfulness,31,13328
delta_harmfulness,31,13336
delta_harmfulness,31,13344
delta_harmfulness,31,13366
delta_harmfulness,31,13369
delta_harmfulness,31,13385
delta_harmfulness,31,13389
delta_harmfulness,31,13402
delta_harmfulness,31,13405
delta_harmfulness,31,13409
delta_harmfulness,31,13414
delta_harmfulness,31,13416
delta_harmfulness,31,13422
delta_harmfulness,31,13423
delta_harmfulness,31,13425
delta_harmfulness,31,13454
delta_harmfulness,31,13456
delta_harmfulness,31,13457
delta_harmfulness,31,13465
delta_harmfulness,31,13470
delta_harmfulness,31,13472
delta_harmfulness,31,13473
delta_harmfulness,31,13501
delta_harmfulness,31,13505
delta_harmfulness,31,13507
delta_harmfulness,31,13519
delta_harmfulness,31,13523
delta_harmfulness,31,13526
delta_harmfulness,31,13527
delta_harmfulness,31,13529
delta_harmfulness,31,13536
delta_harmfulness,31,13539
delta_harmfulness,31,13542
delta_harmfulness,31,13544
delta_harmfulness,31,13548
delta_harmfulness,31,13555
delta_harmfulness,31,13564
delta_harmfulness,31,13579
delta_harmfulness,31,13583
delta_harmfulness,31,13592
delta_harmfulness,31,13596
delta_harmfulness,31,13599
delta_harmfulness,31,13605
delta_harmfulness,31,13610
delta_harmfulness,31,13620
delta_harmfulness,31,13621
delta_harmfulness,31,13622
delta_harmfulness,31,13636
delta_harmfulness,31,13642
delta_harmfulness,31,13647
delta_harmfulness,31,13654
delta_harmfulness,31,13661
delta_harmfulness,31,13670
delta_harmfulness,31,13681
delta_harmfulness,31,13691
delta_harmfulness,31,13692
delta_harmfulness,31,13698
delta_harmfulness,31,13702
delta_harmfulness,31,13703
delta_harmfulness,31,13707
delta_harmfulness,31,13710
delta_harmfulness,31,13713
delta_harmfulness,31,13717
delta_harmfulness,31,13719
delta_harmfulness,31,13725
delta_harmfulness,31,13726
delta_harmfulness,31,13733
delta_harmfulness,31,13738
delta_harmfulness,31,13739
delta_harmfulness,31,13745
delta_harmfulness,31,13752
delta_harmfulness,31,13754
delta_harmfulness,31,13763
delta_harmfulness,31,13774
delta_harmfulness,31,13778
delta_harmfulness,31,13789
delta_harmfulness,31,13801
delta_harmfulness,31,13808
delta_harmfulness,31,13813
delta_harmfulness,31,13814
delta_harmfulness,31,13823
delta_harmfulness,31,13825
delta_harmfulness,31,13827
delta_harmfulness,31,13829
delta_harmfulness,31,13833
delta_harmfulness,31,13837
delta_harmfulness,31,13849
delta_harmfulness,31,13851
delta_harmfulness,31,13854
delta_harmfulness,31,13855
delta_harmfulness,31,13858
delta_harmfulness,31,13869
delta_harmfulness,31,13872
delta_harmfulness,31,13882
delta_harmfulness,31,13888
delta_harmfulness,31,13890
delta_harmfulness,31,13909
delta_harmfulness,31,13911
delta_harmfulness,31,13917
delta_harmfulness,31,13933
delta_harmfulness,31,13967
delta_harmfulness,31,13982
delta_harmfulness,31,13995
delta_harmfulness,31,13998
delta_harmfulness,31,13999
delta_harmfulness,31,14000
delta_harmfulness,31,14002
delta_harmfulness,31,14004
delta_harmfulness,31,14010
delta_harmfulness,31,14027
delta_harmfulness,31,14057
delta_harmfulness,31,14058
delta_harmfulness,31,14060
delta_harmfulness,31,14073
delta_harmfulness,31,14077
delta_harmfulness,31,14091
delta_harmfulness,31,14094
delta_harmfulness,31,14106
delta_harmfulness,31,14107
delta_harmfulness,31,14108
delta_harmfulness,31,14110
delta_harmfulness,31,14111
delta_harmfulness,31,14113
delta_harmfulness,31,14115
delta_harmfulness,31,14123
delta_harmfulness,31,14168
delta_harmfulness,31,14175
delta_harmfulness,31,14177
delta_harmfulness,31,14191
delta_harmfulness,31,14194
delta_harmfulness,31,14195
delta_harmfulness,31,14196
delta_harmfulness,31,14200
delta_harmfulness,31,14201
delta_harmfulness,31,14203
delta_harmfulness,31,14211
delta_harmfulness,31,14214
delta_harmfulness,31,14224
delta_harmfulness,31,14239
delta_harmfulness,31,14242
delta_harmfulness,31,14264
delta_harmfulness,31,14276
delta_harmfulness,31,14289
delta_harmfulness,31,14295
delta_harmfulness,31,14299
delta_harmfulness,31,14304
delta_harmfulness,31,14306
delta_harmfulness,31,14312
delta_harmfulness,31,14321
delta_harmfulness,31,14332
