rank,neuron_id,layer,neuron_idx,score,importance
0,458617,31,14201,0.6292940974235535,0.6292940974235535
1,446814,31,2398,0.39039328694343567,0.39039328694343567
2,452775,31,8359,0.36393076181411743,0.36393076181411743
3,450848,31,6432,0.33573731780052185,0.33573731780052185
4,446356,31,1940,0.3311498165130615,0.3311498165130615
5,456420,31,12004,0.3250381648540497,0.3250381648540497
6,457752,31,13336,0.31022197008132935,0.31022197008132935
7,449925,31,5509,0.303529292345047,0.303529292345047
8,445625,31,1209,0.2953622043132782,0.2953622043132782
9,447374,31,2958,0.27854570746421814,0.27854570746421814
10,453832,31,9416,0.26029452681541443,0.26029452681541443
11,445575,31,1159,0.25337526202201843,0.25337526202201843
12,458640,31,14224,0.24691089987754822,0.24691089987754822
13,448480,31,4064,0.2397502213716507,0.2397502213716507
14,452289,31,7873,0.23809155821800232,0.23809155821800232
15,430715,30,635,0.2235105335712433,0.2235105335712433
16,449727,31,5311,0.21672825515270233,0.21672825515270233
17,447613,31,3197,0.21428531408309937,0.21428531408309937
18,457339,31,12923,0.2110089808702469,0.2110089808702469
19,451832,31,7416,0.1993194967508316,0.1993194967508316
20,450883,31,6467,0.1893010139465332,0.1893010139465332
21,444727,31,311,0.18917781114578247,0.18917781114578247
22,435622,30,5542,0.18859921395778656,0.18859921395778656
23,445416,31,1000,0.18134836852550507,0.18134836852550507
24,446684,31,2268,0.18120762705802917,0.18120762705802917
25,449437,31,5021,0.18008968234062195,0.18008968234062195
26,437893,30,7813,0.1800648272037506,0.1800648272037506
27,452534,31,8118,0.1783502995967865,0.1783502995967865
28,448852,31,4436,0.1771974265575409,0.1771974265575409
29,445740,31,1324,0.17299892008304596,0.17299892008304596
30,453530,31,9114,0.1725580245256424,0.1725580245256424
31,452389,31,7973,0.1713227778673172,0.1713227778673172
32,457230,31,12814,0.17024917900562286,0.17024917900562286
33,454080,31,9664,0.16988013684749603,0.16988013684749603
34,449978,31,5562,0.1696934849023819,0.1696934849023819
35,450391,31,5975,0.16917748749256134,0.16917748749256134
36,453935,31,9519,0.16844286024570465,0.16844286024570465
37,458612,31,14196,0.16681763529777527,0.16681763529777527
38,458411,31,13995,0.1658836007118225,0.1658836007118225
39,447890,31,3474,0.1653735190629959,0.1653735190629959
40,457329,31,12913,0.16399440169334412,0.16399440169334412
41,454241,31,9825,0.16254206001758575,0.16254206001758575
42,447825,31,3409,0.16232211887836456,0.16232211887836456
43,438306,30,8226,0.16145509481430054,0.16145509481430054
44,446893,31,2477,0.16043901443481445,0.16043901443481445
45,453603,31,9187,0.15930582582950592,0.15930582582950592
46,458692,31,14276,0.15894715487957,0.15894715487957
47,447500,31,3084,0.15815319120883942,0.15815319120883942
48,447170,31,2754,0.1570594161748886,0.1570594161748886
49,457492,31,13076,0.15651948750019073,0.15651948750019073
50,453278,31,8862,0.15595412254333496,0.15595412254333496
51,454855,31,10439,0.15497198700904846,0.15497198700904846
52,458285,31,13869,0.15449738502502441,0.15449738502502441
53,450335,31,5919,0.15429861843585968,0.15429861843585968
54,451866,31,7450,0.15391720831394196,0.15391720831394196
55,456345,31,11929,0.15024712681770325,0.15024712681770325
56,455389,31,10973,0.1496284157037735,0.1496284157037735
57,450882,31,6466,0.1496121734380722,0.1496121734380722
58,446721,31,2305,0.1478222906589508,0.1478222906589508
59,449864,31,5448,0.14625228941440582,0.14625228941440582
60,445369,31,953,0.14508476853370667,0.14508476853370667
61,454108,31,9692,0.14466778934001923,0.14466778934001923
62,449956,31,5540,0.14320935308933258,0.14320935308933258
63,447903,31,3487,0.14276185631752014,0.14276185631752014
64,444676,31,260,0.14272534847259521,0.14272534847259521
65,458443,31,14027,0.14144828915596008,0.14144828915596008
66,456601,31,12185,0.14055852591991425,0.14055852591991425
67,447172,31,2756,0.13931387662887573,0.13931387662887573
68,449534,31,5118,0.13913166522979736,0.13913166522979736
69,457257,31,12841,0.13578449189662933,0.13578449189662933
70,458522,31,14106,0.13559696078300476,0.13559696078300476
71,456233,31,11817,0.13402526080608368,0.13402526080608368
72,449498,31,5082,0.13398392498493195,0.13398392498493195
73,455219,31,10803,0.1337554156780243,0.1337554156780243
74,446070,31,1654,0.13233447074890137,0.13233447074890137
75,446097,31,1681,0.13163655996322632,0.13163655996322632
76,456535,31,12119,0.13101714849472046,0.13101714849472046
77,446250,31,1834,0.1309058964252472,0.1309058964252472
78,445412,31,996,0.13087902963161469,0.13087902963161469
79,416995,29,1251,0.13009381294250488,0.13009381294250488
80,448928,31,4512,0.12872371077537537,0.12872371077537537
81,442526,30,12446,0.12838338315486908,0.12838338315486908
82,450136,31,5720,0.12825405597686768,0.12825405597686768
83,449787,31,5371,0.12758409976959229,0.12758409976959229
84,445506,31,1090,0.12632693350315094,0.12632693350315094
85,447956,31,3540,0.12602198123931885,0.12602198123931885
86,457518,31,13102,0.12578950822353363,0.12578950822353363
87,456638,31,12222,0.12572726607322693,0.12572726607322693
88,451540,31,7124,0.12416424602270126,0.12416424602270126
89,445466,31,1050,0.1234111413359642,0.1234111413359642
90,457007,31,12591,0.12297847867012024,0.12297847867012024
91,447370,31,2954,0.12196462601423264,0.12196462601423264
92,452277,31,7861,0.12155840545892715,0.12155840545892715
93,420575,29,4831,0.12095120549201965,0.12095120549201965
94,445988,31,1572,0.12077055126428604,0.12077055126428604
95,448544,31,4128,0.12054561078548431,0.12054561078548431
96,455730,31,11314,0.12042900174856186,0.12042900174856186
97,445266,31,850,0.12038859724998474,0.12038859724998474
98,446090,31,1674,0.1202373132109642,0.1202373132109642
99,458349,31,13933,0.11997859925031662,0.11997859925031662
100,447803,31,3387,0.11951246112585068,0.11951246112585068
101,457531,31,13115,0.11950760334730148,0.11950760334730148
102,434050,30,3970,0.11869767308235168,0.11869767308235168
103,457366,31,12950,0.11850905418395996,0.11850905418395996
104,449669,31,5253,0.11822216212749481,0.11822216212749481
105,445163,31,747,0.1179230809211731,0.1179230809211731
106,449202,31,4786,0.11775312572717667,0.11775312572717667
107,454626,31,10210,0.11695824563503265,0.11695824563503265
108,449969,31,5553,0.11695804446935654,0.11695804446935654
109,454875,31,10459,0.11651649326086044,0.11651649326086044
110,458107,31,13691,0.11599388718605042,0.11599388718605042
111,448993,31,4577,0.11592930555343628,0.11592930555343628
112,445552,31,1136,0.11453502625226974,0.11453502625226974
113,453080,31,8664,0.11438636481761932,0.11438636481761932
114,445582,31,1166,0.11438173055648804,0.11438173055648804
115,446093,31,1677,0.11400880664587021,0.11400880664587021
116,452570,31,8154,0.11320565640926361,0.11320565640926361
117,453535,31,9119,0.1130850687623024,0.1130850687623024
118,410387,28,8979,0.11296173930168152,0.11296173930168152
119,450349,31,5933,0.11267729103565216,0.11267729103565216
120,452322,31,7906,0.11246368288993835,0.11246368288993835
121,455175,31,10759,0.11189781129360199,0.11189781129360199
122,448101,31,3685,0.11189776659011841,0.11189776659011841
123,456774,31,12358,0.11151329427957535,0.11151329427957535
124,453353,31,8937,0.11124555766582489,0.11124555766582489
125,449206,31,4790,0.11083374172449112,0.11083374172449112
126,445379,31,963,0.11067171394824982,0.11067171394824982
127,441805,30,11725,0.11014937609434128,0.11014937609434128
128,455576,31,11160,0.1101265475153923,0.1101265475153923
129,447361,31,2945,0.10937047749757767,0.10937047749757767
130,452766,31,8350,0.1088874340057373,0.1088874340057373
131,450485,31,6069,0.1085471585392952,0.1085471585392952
132,447591,31,3175,0.10851515829563141,0.10851515829563141
133,446428,31,2012,0.10836458951234818,0.10836458951234818
134,457830,31,13414,0.10778988897800446,0.10778988897800446
135,440910,30,10830,0.10741376131772995,0.10741376131772995
136,453991,31,9575,0.10726438462734222,0.10726438462734222
137,453591,31,9175,0.10687620937824249,0.10687620937824249
138,458038,31,13622,0.1068241149187088,0.1068241149187088
139,455957,31,11541,0.1061154380440712,0.1061154380440712
140,445130,31,714,0.10589481890201569,0.10589481890201569
141,448005,31,3589,0.10567281395196915,0.10567281395196915
142,446965,31,2549,0.10555174201726913,0.10555174201726913
143,456642,31,12226,0.1053927019238472,0.1053927019238472
144,456224,31,11808,0.10480071604251862,0.10480071604251862
145,448244,31,3828,0.10461298376321793,0.10461298376321793
146,448227,31,3811,0.10459866374731064,0.10459866374731064
147,447252,31,2836,0.10409995913505554,0.10409995913505554
148,449664,31,5248,0.1037449762225151,0.1037449762225151
149,445876,31,1460,0.1037084311246872,0.1037084311246872
150,446229,31,1813,0.10254062712192535,0.10254062712192535
151,447216,31,2800,0.1024274006485939,0.1024274006485939
152,457960,31,13544,0.1024111658334732,0.1024111658334732
153,457255,31,12839,0.10179408639669418,0.10179408639669418
154,447909,31,3493,0.1010529026389122,0.1010529026389122
155,436703,30,6623,0.10064604133367538,0.10064604133367538
156,445602,31,1186,0.10036946088075638,0.10036946088075638
157,447668,31,3252,0.10006304085254669,0.10006304085254669
158,448677,31,4261,0.09993921965360641,0.09993921965360641
159,445316,31,900,0.09979496896266937,0.09979496896266937
160,455500,31,11084,0.09965865314006805,0.09965865314006805
161,453881,31,9465,0.09937720745801926,0.09937720745801926
162,456415,31,11999,0.09908191859722137,0.09908191859722137
163,445616,31,1200,0.09892508387565613,0.09892508387565613
164,446988,31,2572,0.09891392290592194,0.09891392290592194
165,451697,31,7281,0.09884395450353622,0.09884395450353622
166,432872,30,2792,0.09874824434518814,0.09874824434518814
167,456668,31,12252,0.09815611690282822,0.09815611690282822
168,449025,31,4609,0.09813050180673599,0.09813050180673599
169,452109,31,7693,0.0980696827173233,0.0980696827173233
170,453771,31,9355,0.09766459465026855,0.09766459465026855
171,453068,31,8652,0.09762462973594666,0.09762462973594666
172,457084,31,12668,0.09755365550518036,0.09755365550518036
173,444982,31,566,0.09718833118677139,0.09718833118677139
174,455478,31,11062,0.0971735492348671,0.0971735492348671
175,456168,31,11752,0.09711667895317078,0.09711667895317078
176,445922,31,1506,0.09688756614923477,0.09688756614923477
177,458249,31,13833,0.09623591601848602,0.09623591601848602
178,448576,31,4160,0.09607448428869247,0.09607448428869247
179,447191,31,2775,0.0959746465086937,0.0959746465086937
180,456941,31,12525,0.09585297107696533,0.09585297107696533
181,447844,31,3428,0.09557773917913437,0.09557773917913437
182,454274,31,9858,0.09545577317476273,0.09545577317476273
183,458529,31,14113,0.09493498504161835,0.09493498504161835
184,448462,31,4046,0.09480448812246323,0.09480448812246323
185,455090,31,10674,0.09466701000928879,0.09466701000928879
186,455429,31,11013,0.09444169700145721,0.09444169700145721
187,445271,31,855,0.09439139813184738,0.09439139813184738
188,444518,31,102,0.09436213225126266,0.09436213225126266
189,448768,31,4352,0.09435766935348511,0.09435766935348511
190,455495,31,11079,0.0941382497549057,0.0941382497549057
191,455556,31,11140,0.09348145127296448,0.09348145127296448
192,450188,31,5772,0.09342025965452194,0.09342025965452194
193,445811,31,1395,0.09341295808553696,0.09341295808553696
194,451030,31,6614,0.0923963263630867,0.0923963263630867
195,447999,31,3583,0.09238416701555252,0.09238416701555252
196,455501,31,11085,0.09223038703203201,0.09223038703203201
197,452267,31,7851,0.09218404442071915,0.09218404442071915
198,451073,31,6657,0.09185135364532471,0.09185135364532471
199,445511,31,1095,0.09152127057313919,0.09152127057313919
200,431210,30,1130,0.09151117503643036,0.09151117503643036
201,452866,31,8450,0.09146477282047272,0.09146477282047272
202,450033,31,5617,0.09138074517250061,0.09138074517250061
203,446247,31,1831,0.09136567264795303,0.09136567264795303
204,431016,30,936,0.09096648544073105,0.09096648544073105
205,452761,31,8345,0.09061800688505173,0.09061800688505173
206,442265,30,12185,0.09061016887426376,0.09061016887426376
207,457277,31,12861,0.09049644321203232,0.09049644321203232
208,455313,31,10897,0.09043092280626297,0.09043092280626297
209,432538,30,2458,0.0903455913066864,0.0903455913066864
210,450515,31,6099,0.09032605588436127,0.09032605588436127
211,455660,31,11244,0.09013126790523529,0.09013126790523529
212,445171,31,755,0.08979086577892303,0.08979086577892303
213,458489,31,14073,0.0895613580942154,0.0895613580942154
214,450299,31,5883,0.08940934389829636,0.08940934389829636
215,438472,30,8392,0.08909077942371368,0.08909077942371368
216,455250,31,10834,0.08896388113498688,0.08896388113498688
217,446516,31,2100,0.08893903344869614,0.08893903344869614
218,454074,31,9658,0.08887194842100143,0.08887194842100143
219,449055,31,4639,0.0887230932712555,0.0887230932712555
220,445802,31,1386,0.088251493871212,0.088251493871212
221,455372,31,10956,0.08797115832567215,0.08797115832567215
222,454079,31,9663,0.08776983618736267,0.08776983618736267
223,449184,31,4768,0.08761594444513321,0.08761594444513321
224,449457,31,5041,0.08721573650836945,0.08721573650836945
225,447984,31,3568,0.08699184656143188,0.08699184656143188
226,447159,31,2743,0.0869414210319519,0.0869414210319519
227,447964,31,3548,0.08664870262145996,0.08664870262145996
228,449646,31,5230,0.0864507183432579,0.0864507183432579
229,451435,31,7019,0.0862402394413948,0.0862402394413948
230,455920,31,11504,0.08613818138837814,0.08613818138837814
231,455988,31,11572,0.08611048012971878,0.08611048012971878
232,447880,31,3464,0.08574039489030838,0.08574039489030838
233,451112,31,6696,0.08560337871313095,0.08560337871313095
234,452469,31,8053,0.08551633358001709,0.08551633358001709
235,458217,31,13801,0.0848628357052803,0.0848628357052803
236,446760,31,2344,0.08475036919116974,0.08475036919116974
237,451781,31,7365,0.08462986350059509,0.08462986350059509
238,434807,30,4727,0.0846172422170639,0.0846172422170639
239,423072,29,7328,0.08441667258739471,0.08441667258739471
240,453406,31,8990,0.08416661620140076,0.08416661620140076
241,449515,31,5099,0.08398085087537766,0.08398085087537766
242,444790,31,374,0.0839775875210762,0.0839775875210762
243,455650,31,11234,0.0838090181350708,0.0838090181350708
244,446657,31,2241,0.08376765251159668,0.08376765251159668
245,433112,30,3032,0.08370532840490341,0.08370532840490341
246,444902,31,486,0.08296730369329453,0.08296730369329453
247,428401,29,12657,0.08295872807502747,0.08295872807502747
248,450525,31,6109,0.08290477842092514,0.08290477842092514
249,456945,31,12529,0.08284047245979309,0.08284047245979309
250,457873,31,13457,0.08283840119838715,0.08283840119838715
251,458063,31,13647,0.08265756070613861,0.08265756070613861
252,453366,31,8950,0.08263672888278961,0.08263672888278961
253,446492,31,2076,0.08220724016427994,0.08220724016427994
254,433376,30,3296,0.08212018013000488,0.08212018013000488
255,444931,31,515,0.0814971849322319,0.0814971849322319
256,445413,31,997,0.08145135641098022,0.08145135641098022
257,447477,31,3061,0.08134318143129349,0.08134318143129349
258,444836,31,420,0.08105131983757019,0.08105131983757019
259,448185,31,3769,0.0809243842959404,0.0809243842959404
260,455266,31,10850,0.08063378930091858,0.08063378930091858
261,448107,31,3691,0.08057339489459991,0.08057339489459991
262,453989,31,9573,0.08056781440973282,0.08056781440973282
263,448281,31,3865,0.08047684282064438,0.08047684282064438
264,433411,30,3331,0.08045578747987747,0.08045578747987747
265,455826,31,11410,0.0804310292005539,0.0804310292005539
266,452609,31,8193,0.08033981919288635,0.08033981919288635
267,446890,31,2474,0.08022736012935638,0.08022736012935638
268,448175,31,3759,0.08009729534387589,0.08009729534387589
269,446452,31,2036,0.07997562736272812,0.07997562736272812
270,453587,31,9171,0.07980763167142868,0.07980763167142868
271,455132,31,10716,0.07972404360771179,0.07972404360771179
272,455036,31,10620,0.07927483320236206,0.07927483320236206
273,446128,31,1712,0.07900092005729675,0.07900092005729675
274,446209,31,1793,0.0786876454949379,0.0786876454949379
275,450682,31,6266,0.07858891040086746,0.07858891040086746
276,455766,31,11350,0.07854162156581879,0.07854162156581879
277,452798,31,8382,0.07853395491838455,0.07853395491838455
278,454003,31,9587,0.07849401980638504,0.07849401980638504
279,448046,31,3630,0.07848461717367172,0.07848461717367172
280,442983,30,12903,0.0783652663230896,0.0783652663230896
281,445474,31,1058,0.07827869802713394,0.07827869802713394
282,456449,31,12033,0.07823138684034348,0.07823138684034348
283,448032,31,3616,0.07815083116292953,0.07815083116292953
284,455758,31,11342,0.07781264185905457,0.07781264185905457
285,446604,31,2188,0.07638338953256607,0.07638338953256607
286,444832,31,416,0.07636871188879013,0.07636871188879013
287,455113,31,10697,0.07624757289886475,0.07624757289886475
288,452014,31,7598,0.07614386826753616,0.07614386826753616
289,453954,31,9538,0.07580261677503586,0.07580261677503586
290,451107,31,6691,0.07575201988220215,0.07575201988220215
291,449289,31,4873,0.07573272287845612,0.07573272287845612
292,431857,30,1777,0.07547907531261444,0.07547907531261444
293,416990,29,1246,0.07545951753854752,0.07545951753854752
294,455904,31,11488,0.07521088421344757,0.07521088421344757
295,454516,31,10100,0.0751107707619667,0.0751107707619667
296,443687,30,13607,0.07491780817508698,0.07491780817508698
297,443593,30,13513,0.07476072758436203,0.07476072758436203
298,453375,31,8959,0.07462594658136368,0.07462594658136368
299,447582,31,3166,0.07458141446113586,0.07458141446113586
300,451929,31,7513,0.07438239455223083,0.07438239455223083
301,451520,31,7104,0.07427073270082474,0.07427073270082474
302,451531,31,7115,0.07414162158966064,0.07414162158966064
303,458405,31,13989,0.07411496341228485,0.07411496341228485
304,445090,31,674,0.07396179437637329,0.07396179437637329
305,452199,31,7783,0.07390916347503662,0.07390916347503662
306,435104,30,5024,0.07347044348716736,0.07347044348716736
307,442096,30,12016,0.0733722373843193,0.0733722373843193
308,456588,31,12172,0.07329898327589035,0.07329898327589035
309,428732,29,12988,0.0731404647231102,0.0731404647231102
310,444689,31,273,0.07290399074554443,0.07290399074554443
311,454908,31,10492,0.07286632806062698,0.07286632806062698
312,424972,29,9228,0.07283187657594681,0.07283187657594681
313,456401,31,11985,0.07272550463676453,0.07272550463676453
314,447062,31,2646,0.07265724241733551,0.07265724241733551
315,457526,31,13110,0.07252676039934158,0.07252676039934158
316,452826,31,8410,0.07233952730894089,0.07233952730894089
317,457032,31,12616,0.07210878282785416,0.07210878282785416
318,449751,31,5335,0.07209590077400208,0.07209590077400208
319,439291,30,9211,0.07201571762561798,0.07201571762561798
320,454234,31,9818,0.07145390659570694,0.07145390659570694
321,458325,31,13909,0.07142111659049988,0.07142111659049988
322,453531,31,9115,0.07140844315290451,0.07140844315290451
323,441383,30,11303,0.0713144838809967,0.0713144838809967
324,451725,31,7309,0.0712251365184784,0.0712251365184784
325,444703,31,287,0.07107533514499664,0.07107533514499664
326,438796,30,8716,0.07098768651485443,0.07098768651485443
327,445935,31,1519,0.07097329199314117,0.07097329199314117
328,457478,31,13062,0.07074116915464401,0.07074116915464401
329,440805,30,10725,0.07069247961044312,0.07069247961044312
330,457708,31,13292,0.07058943063020706,0.07058943063020706
331,448614,31,4198,0.07047402113676071,0.07047402113676071
332,448431,31,4015,0.07040376216173172,0.07040376216173172
333,447073,31,2657,0.07018038630485535,0.07018038630485535
334,452089,31,7673,0.07013978809118271,0.07013978809118271
335,434577,30,4497,0.06990257650613785,0.06990257650613785
336,455199,31,10783,0.06982879340648651,0.06982879340648651
337,455440,31,11024,0.06959909945726395,0.06959909945726395
338,436974,30,6894,0.06942838430404663,0.06942838430404663
339,447459,31,3043,0.06924889236688614,0.06924889236688614
340,448346,31,3930,0.06922771036624908,0.06922771036624908
341,448790,31,4374,0.06918647885322571,0.06918647885322571
342,456054,31,11638,0.06857061386108398,0.06857061386108398
343,438642,30,8562,0.06774283945560455,0.06774283945560455
344,457446,31,13030,0.06771178543567657,0.06771178543567657
345,454649,31,10233,0.06722743064165115,0.06722743064165115
346,451150,31,6734,0.06700622290372849,0.06700622290372849
347,454036,31,9620,0.06685291975736618,0.06685291975736618
348,449077,31,4661,0.06644469499588013,0.06644469499588013
349,456096,31,11680,0.06639880686998367,0.06639880686998367
350,456714,31,12298,0.06629244238138199,0.06629244238138199
351,456111,31,11695,0.06623154133558273,0.06623154133558273
352,449560,31,5144,0.06584259122610092,0.06584259122610092
353,442230,30,12150,0.06570933014154434,0.06570933014154434
354,452645,31,8229,0.06534751504659653,0.06534751504659653
355,449010,31,4594,0.06531596183776855,0.06531596183776855
356,444853,31,437,0.06530013680458069,0.06530013680458069
357,449204,31,4788,0.06529463827610016,0.06529463827610016
358,454596,31,10180,0.06516436487436295,0.06516436487436295
359,453647,31,9231,0.06494195759296417,0.06494195759296417
360,446623,31,2207,0.0647621601819992,0.0647621601819992
361,457384,31,12968,0.06469739973545074,0.06469739973545074
362,450840,31,6424,0.06447438150644302,0.06447438150644302
363,445210,31,794,0.06407590955495834,0.06407590955495834
364,455849,31,11433,0.06404180079698563,0.06404180079698563
365,452008,31,7592,0.06400151550769806,0.06400151550769806
366,436026,30,5946,0.06393168121576309,0.06393168121576309
367,458230,31,13814,0.0638582706451416,0.0638582706451416
368,429864,29,14120,0.06368020921945572,0.06368020921945572
369,453208,31,8792,0.06362481415271759,0.06362481415271759
370,455496,31,11080,0.06320568919181824,0.06320568919181824
371,448062,31,3646,0.06299849599599838,0.06299849599599838
372,455426,31,11010,0.06251177936792374,0.06251177936792374
373,434850,30,4770,0.06244348734617233,0.06244348734617233
374,456862,31,12446,0.062417641282081604,0.062417641282081604
375,403056,28,1648,0.062240514904260635,0.062240514904260635
376,458224,31,13808,0.06199520081281662,0.06199520081281662
377,454430,31,10014,0.061756934970617294,0.061756934970617294
378,446155,31,1739,0.061744701117277145,0.061744701117277145
379,427394,29,11650,0.06147455424070358,0.06147455424070358
380,454390,31,9974,0.0611751526594162,0.0611751526594162
381,457991,31,13575,0.06113453954458237,0.06113453954458237
382,449038,31,4622,0.06105910241603851,0.06105910241603851
383,454750,31,10334,0.061055347323417664,0.061055347323417664
384,440920,30,10840,0.06089623272418976,0.06089623272418976
385,433983,30,3903,0.06087454780936241,0.06087454780936241
386,450488,31,6072,0.06079552695155144,0.06079552695155144
387,452999,31,8583,0.06074851006269455,0.06074851006269455
388,458523,31,14107,0.060583073645830154,0.060583073645830154
389,458064,31,13648,0.06050034612417221,0.06050034612417221
390,449958,31,5542,0.060340579599142075,0.060340579599142075
391,454887,31,10471,0.060251712799072266,0.060251712799072266
392,455610,31,11194,0.060121744871139526,0.060121744871139526
393,448774,31,4358,0.0599907711148262,0.0599907711148262
394,429909,29,14165,0.059963151812553406,0.059963151812553406
395,441654,30,11574,0.059875454753637314,0.059875454753637314
396,432306,30,2226,0.05955938622355461,0.05955938622355461
397,448595,31,4179,0.059557635337114334,0.059557635337114334
398,455853,31,11437,0.05948392674326897,0.05948392674326897
399,416878,29,1134,0.05944539234042168,0.05944539234042168
400,453200,31,8784,0.05926945433020592,0.05926945433020592
401,445909,31,1493,0.05919840931892395,0.05919840931892395
402,438033,30,7953,0.05911286175251007,0.05911286175251007
403,456056,31,11640,0.0589698851108551,0.0589698851108551
404,456329,31,11913,0.05882151052355766,0.05882151052355766
405,434262,30,4182,0.05880017578601837,0.05880017578601837
406,435985,30,5905,0.058643098920583725,0.058643098920583725
407,445573,31,1157,0.0585046224296093,0.0585046224296093
408,437755,30,7675,0.05842164158821106,0.05842164158821106
409,455651,31,11235,0.05827347934246063,0.05827347934246063
410,415998,29,254,0.05822088569402695,0.05822088569402695
411,429072,29,13328,0.05820624157786369,0.05820624157786369
412,447915,31,3499,0.058117736130952835,0.058117736130952835
413,458021,31,13605,0.05775763466954231,0.05775763466954231
414,447739,31,3323,0.05770765617489815,0.05770765617489815
415,452360,31,7944,0.057667817920446396,0.057667817920446396
416,378652,26,5916,0.057124752551317215,0.057124752551317215
417,431642,30,1562,0.057068824768066406,0.057068824768066406
418,437056,30,6976,0.05706784129142761,0.05706784129142761
419,431873,30,1793,0.05696144700050354,0.05696144700050354
420,443045,30,12965,0.05691671371459961,0.05691671371459961
421,433444,30,3364,0.056741051375865936,0.056741051375865936
422,429543,29,13799,0.05638623982667923,0.05638623982667923
423,447439,31,3023,0.05627397075295448,0.05627397075295448
424,421971,29,6227,0.056213438510894775,0.056213438510894775
425,446041,31,1625,0.05610227212309837,0.05610227212309837
426,437226,30,7146,0.056078020483255386,0.056078020483255386
427,454452,31,10036,0.055999547243118286,0.055999547243118286
428,435606,30,5526,0.05594312772154808,0.05594312772154808
429,433462,30,3382,0.055567868053913116,0.055567868053913116
430,454411,31,9995,0.055331919342279434,0.055331919342279434
431,438619,30,8539,0.0551016628742218,0.0551016628742218
432,446968,31,2552,0.05492093041539192,0.05492093041539192
433,436805,30,6725,0.054918721318244934,0.054918721318244934
434,447705,31,3289,0.05489308387041092,0.05489308387041092
435,448023,31,3607,0.05483796074986458,0.05483796074986458
436,456451,31,12035,0.05472378805279732,0.05472378805279732
437,409997,28,8589,0.05467652156949043,0.05467652156949043
438,439819,30,9739,0.05464551970362663,0.05464551970362663
439,450031,31,5615,0.05461256206035614,0.05461256206035614
440,456561,31,12145,0.05441652983427048,0.05441652983427048
441,442564,30,12484,0.05434524267911911,0.05434524267911911
442,445263,31,847,0.054188359528779984,0.054188359528779984
443,447860,31,3444,0.054008521139621735,0.054008521139621735
444,455204,31,10788,0.05364500731229782,0.05364500731229782
445,436163,30,6083,0.05363732576370239,0.05363732576370239
446,453463,31,9047,0.05335426330566406,0.05335426330566406
447,451821,31,7405,0.05323230102658272,0.05323230102658272
448,449458,31,5042,0.053001441061496735,0.053001441061496735
449,433866,30,3786,0.05283917859196663,0.05283917859196663
450,445702,31,1286,0.05280434340238571,0.05280434340238571
451,454489,31,10073,0.052784767001867294,0.052784767001867294
452,446335,31,1919,0.052548013627529144,0.052548013627529144
453,435016,30,4936,0.052484359592199326,0.052484359592199326
454,445581,31,1165,0.052474260330200195,0.052474260330200195
455,437508,30,7428,0.05242188647389412,0.05242188647389412
456,438806,30,8726,0.05239826440811157,0.05239826440811157
457,439537,30,9457,0.05226826295256615,0.05226826295256615
458,447047,31,2631,0.052036650478839874,0.052036650478839874
459,419490,29,3746,0.05173170194029808,0.05173170194029808
460,453049,31,8633,0.051685724407434464,0.051685724407434464
461,433426,30,3346,0.05164281278848648,0.05164281278848648
462,453541,31,9125,0.05159865692257881,0.05159865692257881
463,420662,29,4918,0.051536835730075836,0.051536835730075836
464,323906,22,8514,0.051476746797561646,0.051476746797561646
465,447847,31,3431,0.051337312906980515,0.051337312906980515
466,456609,31,12193,0.05116909742355347,0.05116909742355347
467,454938,31,10522,0.051102038472890854,0.051102038472890854
468,450230,31,5814,0.051084280014038086,0.051084280014038086
469,437069,30,6989,0.05101265013217926,0.05101265013217926
470,456572,31,12156,0.05097220465540886,0.05097220465540886
471,434115,30,4035,0.0509098619222641,0.0509098619222641
472,431251,30,1171,0.05084788799285889,0.05084788799285889
473,451845,31,7429,0.05080430209636688,0.05080430209636688
474,452200,31,7784,0.050792135298252106,0.050792135298252106
475,430639,30,559,0.050753165036439896,0.050753165036439896
476,450220,31,5804,0.05070611461997032,0.05070611461997032
477,446531,31,2115,0.05070006474852562,0.05070006474852562
478,439218,30,9138,0.050697628408670425,0.050697628408670425
479,439317,30,9237,0.05058979615569115,0.05058979615569115
480,453917,31,9501,0.050343673676252365,0.050343673676252365
481,457000,31,12584,0.050220053642988205,0.050220053642988205
482,436844,30,6764,0.05020613595843315,0.05020613595843315
483,446682,31,2266,0.05018376186490059,0.05018376186490059
484,445655,31,1239,0.05014558881521225,0.05014558881521225
485,446214,31,1798,0.050103481858968735,0.050103481858968735
486,445652,31,1236,0.05007642135024071,0.05007642135024071
487,432049,30,1969,0.050071731209754944,0.050071731209754944
488,446001,31,1585,0.04987258464097977,0.04987258464097977
489,444295,30,14215,0.0497862808406353,0.0497862808406353
490,447291,31,2875,0.049537088721990585,0.049537088721990585
491,447364,31,2948,0.04949876666069031,0.04949876666069031
492,453688,31,9272,0.049425650388002396,0.049425650388002396
493,432483,30,2403,0.04933418706059456,0.04933418706059456
494,437543,30,7463,0.04924308508634567,0.04924308508634567
495,433807,30,3727,0.048994529992341995,0.048994529992341995
496,429094,29,13350,0.04893050342798233,0.04893050342798233
497,448718,31,4302,0.04889032617211342,0.04889032617211342
498,450382,31,5966,0.04876222461462021,0.04876222461462021
499,450313,31,5897,0.04864858463406563,0.04864858463406563
500,436619,30,6539,0.04855502396821976,0.04855502396821976
501,458155,31,13739,0.04843379929661751,0.04843379929661751
502,443139,30,13059,0.04834403842687607,0.04834403842687607
503,417949,29,2205,0.04832034185528755,0.04832034185528755
504,437384,30,7304,0.04813554883003235,0.04813554883003235
505,423093,29,7349,0.04812122508883476,0.04812122508883476
506,431609,30,1529,0.04767942056059837,0.04767942056059837
507,452915,31,8499,0.04766176640987396,0.04766176640987396
508,433775,30,3695,0.047641318291425705,0.047641318291425705
509,436458,30,6378,0.047371722757816315,0.047371722757816315
510,453400,31,8984,0.04732139781117439,0.04732139781117439
511,457644,31,13228,0.04724061116576195,0.04724061116576195
512,440511,30,10431,0.047042734920978546,0.047042734920978546
513,455614,31,11198,0.04694390669465065,0.04694390669465065
514,446344,31,1928,0.04693599045276642,0.04693599045276642
515,448453,31,4037,0.046860840171575546,0.046860840171575546
516,452476,31,8060,0.04683016240596771,0.04683016240596771
517,442467,30,12387,0.04636620730161667,0.04636620730161667
518,442474,30,12394,0.046253107488155365,0.046253107488155365
519,449577,31,5161,0.04605191946029663,0.04605191946029663
520,458715,31,14299,0.04599674046039581,0.04599674046039581
521,437674,30,7594,0.045970119535923004,0.045970119535923004
522,454581,31,10165,0.045953646302223206,0.045953646302223206
523,451933,31,7517,0.045949824154376984,0.045949824154376984
524,438303,30,8223,0.0459279827773571,0.0459279827773571
525,431875,30,1795,0.045873649418354034,0.045873649418354034
526,455997,31,11581,0.04586630314588547,0.04586630314588547
527,455872,31,11456,0.04585697501897812,0.04585697501897812
528,451366,31,6950,0.045778535306453705,0.045778535306453705
529,450722,31,6306,0.04576883465051651,0.04576883465051651
530,430944,30,864,0.04566703364253044,0.04566703364253044
531,446053,31,1637,0.045628439635038376,0.045628439635038376
532,450780,31,6364,0.045487821102142334,0.045487821102142334
533,442092,30,12012,0.045474689453840256,0.045474689453840256
534,447633,31,3217,0.045473236590623856,0.045473236590623856
535,439513,30,9433,0.04517704248428345,0.04517704248428345
536,442540,30,12460,0.04497552663087845,0.04497552663087845
537,447520,31,3104,0.04481673240661621,0.04481673240661621
538,448138,31,3722,0.04468291997909546,0.04468291997909546
539,451538,31,7122,0.04460204765200615,0.04460204765200615
540,449337,31,4921,0.04449436441063881,0.04449436441063881
541,432276,30,2196,0.04447891563177109,0.04447891563177109
542,443306,30,13226,0.04430042952299118,0.04430042952299118
543,440045,30,9965,0.04424545168876648,0.04424545168876648
544,448917,31,4501,0.044218361377716064,0.044218361377716064
545,444705,31,289,0.044183798134326935,0.044183798134326935
546,454044,31,9628,0.04407641291618347,0.04407641291618347
547,452122,31,7706,0.04407396912574768,0.04407396912574768
548,422835,29,7091,0.04404544457793236,0.04404544457793236
549,436028,30,5948,0.04404522851109505,0.04404522851109505
550,457232,31,12816,0.04373573511838913,0.04373573511838913
551,450052,31,5636,0.0436653271317482,0.0436653271317482
552,452463,31,8047,0.04366300627589226,0.04366300627589226
553,458477,31,14061,0.043626196682453156,0.043626196682453156
554,431544,30,1464,0.04356127977371216,0.04356127977371216
555,455398,31,10982,0.04343448951840401,0.04343448951840401
556,444649,31,233,0.043160323053598404,0.043160323053598404
557,455851,31,11435,0.04315648600459099,0.04315648600459099
558,439129,30,9049,0.04315318912267685,0.04315318912267685
559,433780,30,3700,0.04312961921095848,0.04312961921095848
560,440086,30,10006,0.04309159517288208,0.04309159517288208
561,454384,31,9968,0.04296937212347984,0.04296937212347984
562,408005,28,6597,0.04294480383396149,0.04294480383396149
563,453148,31,8732,0.04291906580328941,0.04291906580328941
564,447359,31,2943,0.04281046241521835,0.04281046241521835
565,453007,31,8591,0.042735591530799866,0.042735591530799866
566,458635,31,14219,0.04273032397031784,0.04273032397031784
567,457804,31,13388,0.04268438741564751,0.04268438741564751
568,447438,31,3022,0.042642902582883835,0.042642902582883835
569,450064,31,5648,0.04262036457657814,0.04262036457657814
570,456693,31,12277,0.04261651262640953,0.04261651262640953
571,453187,31,8771,0.04259084165096283,0.04259084165096283
572,439327,30,9247,0.042477287352085114,0.042477287352085114
573,456776,31,12360,0.042441267520189285,0.042441267520189285
574,444324,30,14244,0.042425837367773056,0.042425837367773056
575,456014,31,11598,0.042376138269901276,0.042376138269901276
576,448287,31,3871,0.04227925091981888,0.04227925091981888
577,445202,31,786,0.042230963706970215,0.042230963706970215
578,433571,30,3491,0.04219441115856171,0.04219441115856171
579,456581,31,12165,0.04194192215800285,0.04194192215800285
580,431881,30,1801,0.04175504297018051,0.04175504297018051
581,446504,31,2088,0.04170002043247223,0.04170002043247223
582,452688,31,8272,0.04164654389023781,0.04164654389023781
583,449699,31,5283,0.04159973934292793,0.04159973934292793
584,412975,28,11567,0.0415395125746727,0.0415395125746727
585,435629,30,5549,0.04147297516465187,0.04147297516465187
586,450268,31,5852,0.04143437743186951,0.04143437743186951
587,400929,27,13857,0.04140421748161316,0.04140421748161316
588,443127,30,13047,0.04127487167716026,0.04127487167716026
589,446645,31,2229,0.041240300983190536,0.041240300983190536
590,435439,30,5359,0.04116585850715637,0.04116585850715637
591,446419,31,2003,0.04116109013557434,0.04116109013557434
592,450995,31,6579,0.041124917566776276,0.041124917566776276
593,438791,30,8711,0.04083888232707977,0.04083888232707977
594,455861,31,11445,0.04063611477613449,0.04063611477613449
595,458170,31,13754,0.040543083101511,0.040543083101511
596,447272,31,2856,0.04033786058425903,0.04033786058425903
597,452776,31,8360,0.04033755138516426,0.04033755138516426
598,452354,31,7938,0.04031036049127579,0.04031036049127579
599,431877,30,1797,0.040258485823869705,0.040258485823869705
600,431801,30,1721,0.04023980721831322,0.04023980721831322
601,450138,31,5722,0.040159113705158234,0.040159113705158234
602,450475,31,6059,0.04008157178759575,0.04008157178759575
603,453543,31,9127,0.04007914662361145,0.04007914662361145
604,440219,30,10139,0.040050435811281204,0.040050435811281204
605,453507,31,9091,0.03994886577129364,0.03994886577129364
606,449399,31,4983,0.0398685559630394,0.0398685559630394
607,439671,30,9591,0.03982362523674965,0.03982362523674965
608,455905,31,11489,0.039801225066185,0.039801225066185
609,422603,29,6859,0.039767488837242126,0.039767488837242126
610,446569,31,2153,0.03974291682243347,0.03974291682243347
611,454547,31,10131,0.039733272045850754,0.039733272045850754
612,444761,31,345,0.03968873247504234,0.03968873247504234
613,446729,31,2313,0.03961678966879845,0.03961678966879845
614,443839,30,13759,0.03948401287198067,0.03948401287198067
615,451141,31,6725,0.03945137560367584,0.03945137560367584
616,458737,31,14321,0.0392284132540226,0.0392284132540226
617,453023,31,8607,0.039159681648015976,0.039159681648015976
618,447626,31,3210,0.03909064829349518,0.03909064829349518
619,416161,29,417,0.039041537791490555,0.039041537791490555
620,451454,31,7038,0.03896232321858406,0.03896232321858406
621,432707,30,2627,0.03882962465286255,0.03882962465286255
622,442338,30,12258,0.03873462229967117,0.03873462229967117
623,450492,31,6076,0.03873203694820404,0.03873203694820404
624,456450,31,12034,0.0387292206287384,0.0387292206287384
625,456185,31,11769,0.03855930268764496,0.03855930268764496
626,448589,31,4173,0.0385146290063858,0.0385146290063858
627,447238,31,2822,0.03836315870285034,0.03836315870285034
628,452716,31,8300,0.03820886090397835,0.03820886090397835
629,439166,30,9086,0.03820192441344261,0.03820192441344261
630,425339,29,9595,0.038171857595443726,0.038171857595443726
631,450477,31,6061,0.038163427263498306,0.038163427263498306
632,430219,30,139,0.038149554282426834,0.038149554282426834
633,455364,31,10948,0.03803128004074097,0.03803128004074097
634,458299,31,13883,0.03795722872018814,0.03795722872018814
635,456839,31,12423,0.03778987377882004,0.03778987377882004
636,446362,31,1946,0.0376095250248909,0.0376095250248909
637,456850,31,12434,0.03753562644124031,0.03753562644124031
638,457146,31,12730,0.03741549327969551,0.03741549327969551
639,436796,30,6716,0.037374094128608704,0.037374094128608704
640,458015,31,13599,0.0373440757393837,0.0373440757393837
641,444493,31,77,0.03716782480478287,0.03716782480478287
642,437079,30,6999,0.03711612522602081,0.03711612522602081
643,436160,30,6080,0.0370621457695961,0.0370621457695961
644,438719,30,8639,0.037019260227680206,0.037019260227680206
645,448561,31,4145,0.03700544685125351,0.03700544685125351
646,456729,31,12313,0.03697895631194115,0.03697895631194115
647,445298,31,882,0.03697013482451439,0.03697013482451439
648,444189,30,14109,0.036958470940589905,0.036958470940589905
649,434157,30,4077,0.036955155432224274,0.036955155432224274
650,451705,31,7289,0.03683629259467125,0.03683629259467125
651,457595,31,13179,0.036733534187078476,0.036733534187078476
652,453300,31,8884,0.036675356328487396,0.036675356328487396
653,435874,30,5794,0.036652401089668274,0.036652401089668274
654,447046,31,2630,0.036573272198438644,0.036573272198438644
655,404215,28,2807,0.036562755703926086,0.036562755703926086
656,450546,31,6130,0.03642617166042328,0.03642617166042328
657,438991,30,8911,0.036401260644197464,0.036401260644197464
658,431537,30,1457,0.036375705152750015,0.036375705152750015
659,446350,31,1934,0.036338649690151215,0.036338649690151215
660,441649,30,11569,0.036298967897892,0.036298967897892
661,447367,31,2951,0.03628208488225937,0.03628208488225937
662,454724,31,10308,0.03616376593708992,0.03616376593708992
663,457432,31,13016,0.035979144275188446,0.035979144275188446
664,407441,28,6033,0.03594221919775009,0.03594221919775009
665,445447,31,1031,0.03592460975050926,0.03592460975050926
666,446639,31,2223,0.03582083433866501,0.03582083433866501
667,441184,30,11104,0.035810183733701706,0.035810183733701706
668,453937,31,9521,0.035800982266664505,0.035800982266664505
669,448383,31,3967,0.03577541932463646,0.03577541932463646
670,445347,31,931,0.035737358033657074,0.035737358033657074
671,446094,31,1678,0.03571435809135437,0.03571435809135437
672,446637,31,2221,0.03565364331007004,0.03565364331007004
673,427386,29,11642,0.03560078144073486,0.03560078144073486
674,452787,31,8371,0.03554825857281685,0.03554825857281685
675,452480,31,8064,0.03535383567214012,0.03535383567214012
676,436236,30,6156,0.0352477952837944,0.0352477952837944
677,426410,29,10666,0.035246603190898895,0.035246603190898895
678,439868,30,9788,0.035184748470783234,0.035184748470783234
679,447900,31,3484,0.035103749483823776,0.035103749483823776
680,444015,30,13935,0.035079676657915115,0.035079676657915115
681,450009,31,5593,0.035026971250772476,0.035026971250772476
682,454208,31,9792,0.03502603620290756,0.03502603620290756
683,450991,31,6575,0.03498782962560654,0.03498782962560654
684,441102,30,11022,0.03496764972805977,0.03496764972805977
685,435220,30,5140,0.03490947559475899,0.03490947559475899
686,429566,29,13822,0.034837931394577026,0.034837931394577026
687,455790,31,11374,0.034815769642591476,0.034815769642591476
688,427014,29,11270,0.0347033366560936,0.0347033366560936
689,434518,30,4438,0.03468381613492966,0.03468381613492966
690,456068,31,11652,0.03458167985081673,0.03458167985081673
691,453271,31,8855,0.03449373319745064,0.03449373319745064
692,427992,29,12248,0.034466229379177094,0.034466229379177094
693,457566,31,13150,0.0344611220061779,0.0344611220061779
694,448146,31,3730,0.03444590047001839,0.03444590047001839
695,456783,31,12367,0.03443816676735878,0.03443816676735878
696,337436,23,7708,0.03441213071346283,0.03441213071346283
697,449226,31,4810,0.03440472483634949,0.03440472483634949
698,449223,31,4807,0.034275077283382416,0.034275077283382416
699,439788,30,9708,0.03424529731273651,0.03424529731273651
700,458639,31,14223,0.03423604741692543,0.03423604741692543
701,447546,31,3130,0.034166544675827026,0.034166544675827026
702,457428,31,13012,0.03414931520819664,0.03414931520819664
703,446980,31,2564,0.03408107906579971,0.03408107906579971
704,426052,29,10308,0.034078486263751984,0.034078486263751984
705,453116,31,8700,0.03398386761546135,0.03398386761546135
706,431601,30,1521,0.03386827930808067,0.03386827930808067
707,446171,31,1755,0.03384789079427719,0.03384789079427719
708,455956,31,11540,0.03377096354961395,0.03377096354961395
709,455899,31,11483,0.03368872404098511,0.03368872404098511
710,456984,31,12568,0.03365931287407875,0.03365931287407875
711,455680,31,11264,0.033629193902015686,0.033629193902015686
712,441584,30,11504,0.03358732536435127,0.03358732536435127
713,446393,31,1977,0.03356321156024933,0.03356321156024933
714,450909,31,6493,0.03354784473776817,0.03354784473776817
715,390850,27,3778,0.03349381312727928,0.03349381312727928
716,444968,31,552,0.03347434848546982,0.03347434848546982
717,440037,30,9957,0.03347339108586311,0.03347339108586311
718,451509,31,7093,0.03345199301838875,0.03345199301838875
719,456232,31,11816,0.033361732959747314,0.033361732959747314
720,416002,29,258,0.03333349525928497,0.03333349525928497
721,444597,31,181,0.03331827372312546,0.03331827372312546
722,458026,31,13610,0.033288612961769104,0.033288612961769104
723,447667,31,3251,0.03324604034423828,0.03324604034423828
724,443928,30,13848,0.033241692930459976,0.033241692930459976
725,435161,30,5081,0.03324093669652939,0.03324093669652939
726,434386,30,4306,0.03323136270046234,0.03323136270046234
727,449042,31,4626,0.03314714506268501,0.03314714506268501
728,455475,31,11059,0.03314412012696266,0.03314412012696266
729,457129,31,12713,0.033045895397663116,0.033045895397663116
730,457720,31,13304,0.033041566610336304,0.033041566610336304
731,433232,30,3152,0.0330267958343029,0.0330267958343029
732,455659,31,11243,0.03299659863114357,0.03299659863114357
733,444923,31,507,0.03297806158661842,0.03297806158661842
734,426470,29,10726,0.032956551760435104,0.032956551760435104
735,457187,31,12771,0.032927751541137695,0.032927751541137695
736,446761,31,2345,0.03287912532687187,0.03287912532687187
737,423467,29,7723,0.032794076949357986,0.032794076949357986
738,438571,30,8491,0.03261208534240723,0.03261208534240723
739,444526,31,110,0.0325612835586071,0.0325612835586071
740,445545,31,1129,0.03255001828074455,0.03255001828074455
741,450253,31,5837,0.032536331564188004,0.032536331564188004
742,452919,31,8503,0.03245600312948227,0.03245600312948227
743,448976,31,4560,0.03240381181240082,0.03240381181240082
744,378806,26,6070,0.032393209636211395,0.032393209636211395
745,455969,31,11553,0.03238455578684807,0.03238455578684807
746,441169,30,11089,0.032257650047540665,0.032257650047540665
747,447684,31,3268,0.03224113956093788,0.03224113956093788
748,454510,31,10094,0.03220647573471069,0.03220647573471069
749,452260,31,7844,0.03219200670719147,0.03219200670719147
750,414999,28,13591,0.03217879310250282,0.03217879310250282
751,455934,31,11518,0.03217839077115059,0.03217839077115059
752,446389,31,1973,0.03209036961197853,0.03209036961197853
753,449647,31,5231,0.032069116830825806,0.032069116830825806
754,451324,31,6908,0.03195593133568764,0.03195593133568764
755,437952,30,7872,0.03191277012228966,0.03191277012228966
756,445246,31,830,0.031881269067525864,0.031881269067525864
757,448662,31,4246,0.03184936195611954,0.03184936195611954
758,454764,31,10348,0.03180881217122078,0.03180881217122078
759,453742,31,9326,0.03174335137009621,0.03174335137009621
760,435416,30,5336,0.031736403703689575,0.031736403703689575
761,452747,31,8331,0.03171636536717415,0.03171636536717415
762,438511,30,8431,0.03170809894800186,0.03170809894800186
763,425143,29,9399,0.03170761466026306,0.03170761466026306
764,457674,31,13258,0.03170445188879967,0.03170445188879967
765,435122,30,5042,0.03161545470356941,0.03161545470356941
766,429769,29,14025,0.0315738208591938,0.0315738208591938
767,362297,25,3897,0.031559694558382034,0.031559694558382034
768,435627,30,5547,0.03154183551669121,0.03154183551669121
769,446403,31,1987,0.0315164253115654,0.0315164253115654
770,447163,31,2747,0.03147536516189575,0.03147536516189575
771,430502,30,422,0.03146926313638687,0.03146926313638687
772,427653,29,11909,0.031396299600601196,0.031396299600601196
773,457326,31,12910,0.03139345720410347,0.03139345720410347
774,449239,31,4823,0.031368501484394073,0.031368501484394073
775,407341,28,5933,0.031364526599645615,0.031364526599645615
776,405310,28,3902,0.031330257654190063,0.031330257654190063
777,430805,30,725,0.03128994256258011,0.03128994256258011
778,410141,28,8733,0.03125239163637161,0.03125239163637161
779,455692,31,11276,0.03123684599995613,0.03123684599995613
780,455672,31,11256,0.03116477280855179,0.03116477280855179
781,451694,31,7278,0.03110961988568306,0.03110961988568306
782,454282,31,9866,0.031032204627990723,0.031032204627990723
783,449170,31,4754,0.031028399243950844,0.031028399243950844
784,439799,30,9719,0.031014414504170418,0.031014414504170418
785,448536,31,4120,0.030963459983468056,0.030963459983468056
786,449853,31,5437,0.03093484789133072,0.03093484789133072
787,444796,31,380,0.030934156849980354,0.030934156849980354
788,436380,30,6300,0.03086165152490139,0.03086165152490139
789,420690,29,4946,0.030850298702716827,0.030850298702716827
790,446629,31,2213,0.03080153465270996,0.03080153465270996
791,456243,31,11827,0.030777301639318466,0.030777301639318466
792,418154,29,2410,0.03075656108558178,0.03075656108558178
793,457184,31,12768,0.030756505206227303,0.030756505206227303
794,430953,30,873,0.03075341321527958,0.03075341321527958
795,440848,30,10768,0.03073405846953392,0.03073405846953392
796,430403,30,323,0.03070775233209133,0.03070775233209133
797,442488,30,12408,0.030672863125801086,0.030672863125801086
798,436743,30,6663,0.030633918941020966,0.030633918941020966
799,450589,31,6173,0.030627677217125893,0.030627677217125893
800,455069,31,10653,0.030626242980360985,0.030626242980360985
801,452042,31,7626,0.03059738129377365,0.03059738129377365
802,457892,31,13476,0.030564026907086372,0.030564026907086372
803,419234,29,3490,0.03053165227174759,0.03053165227174759
804,417454,29,1710,0.030530506744980812,0.030530506744980812
805,426839,29,11095,0.030494576320052147,0.030494576320052147
806,458037,31,13621,0.030479993671178818,0.030479993671178818
807,457498,31,13082,0.030426202341914177,0.030426202341914177
808,449710,31,5294,0.03042377531528473,0.03042377531528473
809,395212,27,8140,0.030368594452738762,0.030368594452738762
810,454991,31,10575,0.030368521809577942,0.030368521809577942
811,451827,31,7411,0.030344007536768913,0.030344007536768913
812,453337,31,8921,0.03033456765115261,0.03033456765115261
813,442326,30,12246,0.030310574918985367,0.030310574918985367
814,444602,31,186,0.03029949776828289,0.03029949776828289
815,434342,30,4262,0.030258191749453545,0.030258191749453545
816,456546,31,12130,0.030230963602662086,0.030230963602662086
817,458506,31,14090,0.030215686187148094,0.030215686187148094
818,453803,31,9387,0.030208786949515343,0.030208786949515343
819,451601,31,7185,0.030187658965587616,0.030187658965587616
820,430842,30,762,0.03018559329211712,0.03018559329211712
821,454918,31,10502,0.030153950676321983,0.030153950676321983
822,445048,31,632,0.030142582952976227,0.030142582952976227
823,455802,31,11386,0.030130594968795776,0.030130594968795776
824,419460,29,3716,0.030071528628468513,0.030071528628468513
825,452658,31,8242,0.030068719759583473,0.030068719759583473
826,341493,23,11765,0.02999071031808853,0.02999071031808853
827,444449,31,33,0.0299708042293787,0.0299708042293787
828,448789,31,4373,0.02993164397776127,0.02993164397776127
829,435911,30,5831,0.029928071424365044,0.029928071424365044
830,444490,31,74,0.0299025047570467,0.0299025047570467
831,443667,30,13587,0.029843639582395554,0.029843639582395554
832,452983,31,8567,0.029836319386959076,0.029836319386959076
833,450251,31,5835,0.029757440090179443,0.029757440090179443
834,458046,31,13630,0.029707133769989014,0.029707133769989014
835,431333,30,1253,0.029699428007006645,0.029699428007006645
836,453927,31,9511,0.029694614931941032,0.029694614931941032
837,454972,31,10556,0.029686253517866135,0.029686253517866135
838,447091,31,2675,0.029547883197665215,0.029547883197665215
839,450498,31,6082,0.029522376134991646,0.029522376134991646
840,436513,30,6433,0.029512304812669754,0.029512304812669754
841,458108,31,13692,0.029451344162225723,0.029451344162225723
842,454868,31,10452,0.0294412299990654,0.0294412299990654
843,445306,31,890,0.029289348050951958,0.029289348050951958
844,448151,31,3735,0.029288342222571373,0.029288342222571373
845,445821,31,1405,0.02928725816309452,0.02928725816309452
846,419792,29,4048,0.029269440099596977,0.029269440099596977
847,450643,31,6227,0.02926180511713028,0.02926180511713028
848,454935,31,10519,0.02917362190783024,0.02917362190783024
849,416731,29,987,0.029078271239995956,0.029078271239995956
850,437490,30,7410,0.02900327555835247,0.02900327555835247
851,457458,31,13042,0.028992855921387672,0.028992855921387672
852,416053,29,309,0.028959032148122787,0.028959032148122787
853,426826,29,11082,0.028919009491801262,0.028919009491801262
854,456337,31,11921,0.02891230583190918,0.02891230583190918
855,454929,31,10513,0.028906313702464104,0.028906313702464104
856,456394,31,11978,0.028880473226308823,0.028880473226308823
857,449703,31,5287,0.02885848842561245,0.02885848842561245
858,447677,31,3261,0.028849497437477112,0.028849497437477112
859,452247,31,7831,0.028817826882004738,0.028817826882004738
860,454745,31,10329,0.02880001999437809,0.02880001999437809
861,424312,29,8568,0.028790278360247612,0.028790278360247612
862,434000,30,3920,0.028789974749088287,0.028789974749088287
863,448645,31,4229,0.02878696471452713,0.02878696471452713
864,409539,28,8131,0.02874141000211239,0.02874141000211239
865,457964,31,13548,0.028722163289785385,0.028722163289785385
866,436411,30,6331,0.028711257502436638,0.028711257502436638
867,449350,31,4934,0.028688399121165276,0.028688399121165276
868,445295,31,879,0.028680410236120224,0.028680410236120224
869,432763,30,2683,0.02863672375679016,0.02863672375679016
870,449236,31,4820,0.028634266927838326,0.028634266927838326
871,455963,31,11547,0.028580959886312485,0.028580959886312485
872,454904,31,10488,0.02853229083120823,0.02853229083120823
873,456676,31,12260,0.028515085577964783,0.028515085577964783
874,448942,31,4526,0.028514010831713676,0.028514010831713676
875,455222,31,10806,0.028438372537493706,0.028438372537493706
876,451342,31,6926,0.02842661365866661,0.02842661365866661
877,453466,31,9050,0.028360016644001007,0.028360016644001007
878,380345,26,7609,0.028300173580646515,0.028300173580646515
879,458507,31,14091,0.028268909081816673,0.028268909081816673
880,456115,31,11699,0.02824375033378601,0.02824375033378601
881,449907,31,5491,0.028236305341124535,0.028236305341124535
882,384515,26,11779,0.028231779113411903,0.028231779113411903
883,436504,30,6424,0.028231576085090637,0.028231576085090637
884,436542,30,6462,0.0282216127961874,0.0282216127961874
885,449380,31,4964,0.028210213407874107,0.028210213407874107
886,454319,31,9903,0.02820632793009281,0.02820632793009281
887,454318,31,9902,0.028161171823740005,0.028161171823740005
888,431003,30,923,0.02813178487122059,0.02813178487122059
889,453415,31,8999,0.028128454461693764,0.028128454461693764
890,440103,30,10023,0.028067322447896004,0.028067322447896004
891,448387,31,3971,0.02798953279852867,0.02798953279852867
892,454150,31,9734,0.027941780164837837,0.027941780164837837
893,430165,30,85,0.02794000692665577,0.02794000692665577
894,446631,31,2215,0.027918072417378426,0.027918072417378426
895,430886,30,806,0.027911586686968803,0.027911586686968803
896,451417,31,7001,0.027910735458135605,0.027910735458135605
897,454591,31,10175,0.02787196636199951,0.02787196636199951
898,452263,31,7847,0.027871813625097275,0.027871813625097275
899,451743,31,7327,0.02784198708832264,0.02784198708832264
900,437743,30,7663,0.027836332097649574,0.027836332097649574
901,457135,31,12719,0.027802901342511177,0.027802901342511177
902,445219,31,803,0.02779959701001644,0.02779959701001644
903,458241,31,13825,0.02774796448647976,0.02774796448647976
904,458258,31,13842,0.027735909447073936,0.027735909447073936
905,455085,31,10669,0.02773127146065235,0.02773127146065235
906,435169,30,5089,0.02769727073609829,0.02769727073609829
907,451874,31,7458,0.027650248259305954,0.027650248259305954
908,432842,30,2762,0.02757950872182846,0.02757950872182846
909,409824,28,8416,0.027568161487579346,0.027568161487579346
910,449194,31,4778,0.027529720216989517,0.027529720216989517
911,426330,29,10586,0.027514228597283363,0.027514228597283363
912,415016,28,13608,0.027501167729496956,0.027501167729496956
913,449622,31,5206,0.027499111369252205,0.027499111369252205
914,433221,30,3141,0.027497664093971252,0.027497664093971252
915,446048,31,1632,0.02747459150850773,0.02747459150850773
916,452528,31,8112,0.027450283989310265,0.027450283989310265
917,452282,31,7866,0.027437040582299232,0.027437040582299232
918,452536,31,8120,0.027426723390817642,0.027426723390817642
919,453880,31,9464,0.02741687372326851,0.02741687372326851
920,432593,30,2513,0.027412615716457367,0.027412615716457367
921,448027,31,3611,0.02739591896533966,0.02739591896533966
922,442367,30,12287,0.02735900692641735,0.02735900692641735
923,448236,31,3820,0.027335969731211662,0.027335969731211662
924,458627,31,14211,0.02727379836142063,0.02727379836142063
925,453497,31,9081,0.027269529178738594,0.027269529178738594
926,439194,30,9114,0.027264729142189026,0.027264729142189026
927,458432,31,14016,0.027253728359937668,0.027253728359937668
928,441564,30,11484,0.027225762605667114,0.027225762605667114
929,451564,31,7148,0.02722238190472126,0.02722238190472126
930,439974,30,9894,0.027186844497919083,0.027186844497919083
931,455524,31,11108,0.027163147926330566,0.027163147926330566
932,443340,30,13260,0.02714957855641842,0.02714957855641842
933,439335,30,9255,0.02711479924619198,0.02711479924619198
934,447215,31,2799,0.02706337720155716,0.02706337720155716
935,455208,31,10792,0.02706078626215458,0.02706078626215458
936,458705,31,14289,0.02703947015106678,0.02703947015106678
937,433113,30,3033,0.027009766548871994,0.027009766548871994
938,448714,31,4298,0.027000991627573967,0.027000991627573967
939,427116,29,11372,0.0269898921251297,0.0269898921251297
940,441227,30,11147,0.026949657127261162,0.026949657127261162
941,458428,31,14012,0.026933422312140465,0.026933422312140465
942,452054,31,7638,0.02691487781703472,0.02691487781703472
943,446408,31,1992,0.026881469413638115,0.026881469413638115
944,455902,31,11486,0.026868881657719612,0.026868881657719612
945,430162,30,82,0.026859337463974953,0.026859337463974953
946,454631,31,10215,0.026838412508368492,0.026838412508368492
947,398901,27,11829,0.026810605078935623,0.026810605078935623
948,451092,31,6676,0.026796402409672737,0.026796402409672737
949,445025,31,609,0.02678143046796322,0.02678143046796322
950,432554,30,2474,0.02677040733397007,0.02677040733397007
951,450329,31,5913,0.026764394715428352,0.026764394715428352
952,434245,30,4165,0.026756903156638145,0.026756903156638145
953,449106,31,4690,0.02675575390458107,0.02675575390458107
954,452100,31,7684,0.026749825105071068,0.026749825105071068
955,416919,29,1175,0.026730671525001526,0.026730671525001526
956,457784,31,13368,0.02667832002043724,0.02667832002043724
957,416410,29,666,0.026668773964047432,0.026668773964047432
958,453919,31,9503,0.026660790666937828,0.026660790666937828
959,448511,31,4095,0.026653900742530823,0.026653900742530823
960,456154,31,11738,0.026652496308088303,0.026652496308088303
961,443502,30,13422,0.026638058945536613,0.026638058945536613
962,427529,29,11785,0.026618119329214096,0.026618119329214096
963,456259,31,11843,0.02660137228667736,0.02660137228667736
964,455405,31,10989,0.026595938950777054,0.026595938950777054
965,453923,31,9507,0.026578161865472794,0.026578161865472794
966,455554,31,11138,0.02657453902065754,0.02657453902065754
967,454761,31,10345,0.026513641700148582,0.026513641700148582
968,455850,31,11434,0.026487870141863823,0.026487870141863823
969,426577,29,10833,0.02647794969379902,0.02647794969379902
970,454549,31,10133,0.026412006467580795,0.026412006467580795
971,450575,31,6159,0.02637637034058571,0.02637637034058571
972,448165,31,3749,0.02636895328760147,0.02636895328760147
973,443756,30,13676,0.02636372111737728,0.02636372111737728
974,451993,31,7577,0.026350848376750946,0.026350848376750946
975,439413,30,9333,0.026250598952174187,0.026250598952174187
976,366410,25,8010,0.02621643617749214,0.02621643617749214
977,455925,31,11509,0.026206782087683678,0.026206782087683678
978,452635,31,8219,0.02614813856780529,0.02614813856780529
979,429001,29,13257,0.026131289079785347,0.026131289079785347
980,451609,31,7193,0.02609412558376789,0.02609412558376789
981,448637,31,4221,0.026086360216140747,0.026086360216140747
982,454081,31,9665,0.02607651799917221,0.02607651799917221
983,446462,31,2046,0.02606048621237278,0.02606048621237278
984,447867,31,3451,0.026046833023428917,0.026046833023428917
985,440112,30,10032,0.0260089673101902,0.0260089673101902
986,435708,30,5628,0.025998298078775406,0.025998298078775406
987,451901,31,7485,0.025979917496442795,0.025979917496442795
988,444993,31,577,0.025950293987989426,0.025950293987989426
989,448842,31,4426,0.025945384055376053,0.025945384055376053
990,437284,30,7204,0.02590177394449711,0.02590177394449711
991,452215,31,7799,0.02589515782892704,0.02589515782892704
992,454077,31,9661,0.025895103812217712,0.025895103812217712
993,442050,30,11970,0.025887181982398033,0.025887181982398033
994,452762,31,8346,0.025873316451907158,0.025873316451907158
995,454371,31,9955,0.025769680738449097,0.025769680738449097
996,448290,31,3874,0.025721127167344093,0.025721127167344093
997,420405,29,4661,0.02571442723274231,0.02571442723274231
998,455246,31,10830,0.025709234178066254,0.025709234178066254
999,446881,31,2465,0.02569770999252796,0.02569770999252796
1000,449957,31,5541,0.02569659799337387,0.02569659799337387
1001,446441,31,2025,0.02568993531167507,0.02568993531167507
1002,439107,30,9027,0.02568400464951992,0.02568400464951992
1003,455624,31,11208,0.025675693526864052,0.025675693526864052
1004,447261,31,2845,0.025630716234445572,0.025630716234445572
1005,434229,30,4149,0.02561219036579132,0.02561219036579132
1006,446517,31,2101,0.025589236989617348,0.025589236989617348
1007,441516,30,11436,0.025581497699022293,0.025581497699022293
1008,452474,31,8058,0.025533901527523994,0.025533901527523994
1009,454530,31,10114,0.02551175281405449,0.02551175281405449
1010,410353,28,8945,0.025506630539894104,0.025506630539894104
1011,453163,31,8747,0.025493236258625984,0.025493236258625984
1012,455119,31,10703,0.02545934170484543,0.02545934170484543
1013,454921,31,10505,0.025458162650465965,0.025458162650465965
1014,425935,29,10191,0.02539852075278759,0.02539852075278759
1015,455186,31,10770,0.025381356477737427,0.025381356477737427
1016,451004,31,6588,0.025379465892910957,0.025379465892910957
1017,447069,31,2653,0.02537757344543934,0.02537757344543934
1018,448649,31,4233,0.025333359837532043,0.025333359837532043
1019,454083,31,9667,0.02533053234219551,0.02533053234219551
1020,416317,29,573,0.025322139263153076,0.025322139263153076
1021,451188,31,6772,0.025314169004559517,0.025314169004559517
1022,458672,31,14256,0.025304945185780525,0.025304945185780525
1023,430385,30,305,0.025292202830314636,0.025292202830314636
1024,454145,31,9729,0.02529177814722061,0.02529177814722061
1025,457950,31,13534,0.025262005627155304,0.025262005627155304
1026,437740,30,7660,0.025227172300219536,0.025227172300219536
1027,456664,31,12248,0.025199219584465027,0.025199219584465027
1028,433495,30,3415,0.02519286423921585,0.02519286423921585
1029,454805,31,10389,0.025173036381602287,0.025173036381602287
1030,456109,31,11693,0.025170261040329933,0.025170261040329933
1031,453487,31,9071,0.025104744359850883,0.025104744359850883
1032,456739,31,12323,0.02510051615536213,0.02510051615536213
1033,447531,31,3115,0.025097690522670746,0.025097690522670746
1034,438912,30,8832,0.025056324899196625,0.025056324899196625
1035,450166,31,5750,0.025040382519364357,0.025040382519364357
1036,450266,31,5850,0.02499227412045002,0.02499227412045002
1037,433095,30,3015,0.0249914713203907,0.0249914713203907
1038,439356,30,9276,0.024984048679471016,0.024984048679471016
1039,449336,31,4920,0.024957602843642235,0.024957602843642235
1040,432143,30,2063,0.024949099868535995,0.024949099868535995
1041,452795,31,8379,0.024946007877588272,0.024946007877588272
1042,447590,31,3174,0.024935351684689522,0.024935351684689522
1043,452656,31,8240,0.02493019588291645,0.02493019588291645
1044,455411,31,10995,0.024928616359829903,0.024928616359829903
1045,429448,29,13704,0.024924246594309807,0.024924246594309807
1046,415652,28,14244,0.024898745119571686,0.024898745119571686
1047,457592,31,13176,0.024885665625333786,0.024885665625333786
1048,456536,31,12120,0.02488287165760994,0.02488287165760994
1049,429570,29,13826,0.024876302108168602,0.024876302108168602
1050,457785,31,13369,0.024864226579666138,0.024864226579666138
1051,433255,30,3175,0.024863554164767265,0.024863554164767265
1052,457886,31,13470,0.024861302226781845,0.024861302226781845
1053,452275,31,7859,0.02484610676765442,0.02484610676765442
1054,445208,31,792,0.024843649938702583,0.024843649938702583
1055,455338,31,10922,0.024795547127723694,0.024795547127723694
1056,433923,30,3843,0.024763626977801323,0.024763626977801323
1057,454620,31,10204,0.024752069264650345,0.024752069264650345
1058,434640,30,4560,0.024736866354942322,0.024736866354942322
1059,444431,31,15,0.02473214641213417,0.02473214641213417
1060,432733,30,2653,0.024717610329389572,0.024717610329389572
1061,448256,31,3840,0.024707240983843803,0.024707240983843803
1062,456234,31,11818,0.0246945321559906,0.0246945321559906
1063,447959,31,3543,0.02467961050570011,0.02467961050570011
1064,445656,31,1240,0.024669429287314415,0.024669429287314415
1065,449774,31,5358,0.02465927042067051,0.02465927042067051
1066,434318,30,4238,0.02465922012925148,0.02465922012925148
1067,449183,31,4767,0.024637140333652496,0.024637140333652496
1068,456507,31,12091,0.02462770976126194,0.02462770976126194
1069,454879,31,10463,0.024615369737148285,0.024615369737148285
1070,448196,31,3780,0.024615051224827766,0.024615051224827766
1071,419559,29,3815,0.024560723453760147,0.024560723453760147
1072,453245,31,8829,0.024555616080760956,0.024555616080760956
1073,449227,31,4811,0.024536004289984703,0.024536004289984703
1074,443638,30,13558,0.024535000324249268,0.024535000324249268
1075,458265,31,13849,0.024520467966794968,0.024520467966794968
1076,454493,31,10077,0.02451440505683422,0.02451440505683422
1077,418691,29,2947,0.024496156722307205,0.024496156722307205
1078,449609,31,5193,0.024457914754748344,0.024457914754748344
1079,454055,31,9639,0.024455314502120018,0.024455314502120018
1080,431040,30,960,0.024452541023492813,0.024452541023492813
1081,453963,31,9547,0.024445772171020508,0.024445772171020508
1082,435302,30,5222,0.024439899250864983,0.024439899250864983
1083,451064,31,6648,0.024420199915766716,0.024420199915766716
1084,449830,31,5414,0.02439296431839466,0.02439296431839466
1085,458096,31,13680,0.024348542094230652,0.024348542094230652
1086,454206,31,9790,0.02433067560195923,0.02433067560195923
1087,421830,29,6086,0.024278640747070312,0.024278640747070312
1088,436289,30,6209,0.02426590770483017,0.02426590770483017
1089,454504,31,10088,0.024251144379377365,0.024251144379377365
1090,440929,30,10849,0.024246780201792717,0.024246780201792717
1091,448542,31,4126,0.024236708879470825,0.024236708879470825
1092,447171,31,2755,0.024207010865211487,0.024207010865211487
1093,455002,31,10586,0.024190619587898254,0.024190619587898254
1094,449761,31,5345,0.024168403819203377,0.024168403819203377
1095,457709,31,13293,0.024146858602762222,0.024146858602762222
1096,455295,31,10879,0.024121394380927086,0.024121394380927086
1097,449707,31,5291,0.02411436289548874,0.02411436289548874
1098,432154,30,2074,0.024113528430461884,0.024113528430461884
1099,449617,31,5201,0.024110840633511543,0.024110840633511543
1100,413130,28,11722,0.024093881249427795,0.024093881249427795
1101,455987,31,11571,0.02408168651163578,0.02408168651163578
1102,457120,31,12704,0.02408149652183056,0.02408149652183056
1103,454523,31,10107,0.02406354248523712,0.02406354248523712
1104,453969,31,9553,0.024012358859181404,0.024012358859181404
1105,451136,31,6720,0.024001486599445343,0.024001486599445343
1106,441781,30,11701,0.023997526615858078,0.023997526615858078
1107,453985,31,9569,0.023982640355825424,0.023982640355825424
1108,438079,30,7999,0.023980004712939262,0.023980004712939262
1109,448909,31,4493,0.023976191878318787,0.023976191878318787
1110,454148,31,9732,0.02395566739141941,0.02395566739141941
1111,419527,29,3783,0.02393926866352558,0.02393926866352558
1112,450910,31,6494,0.023929664865136147,0.023929664865136147
1113,457971,31,13555,0.02390049211680889,0.02390049211680889
1114,434973,30,4893,0.023899247869849205,0.023899247869849205
1115,456686,31,12270,0.023869920521974564,0.023869920521974564
1116,456994,31,12578,0.023848766461014748,0.023848766461014748
1117,405482,28,4074,0.023847633972764015,0.023847633972764015
1118,455887,31,11471,0.023827647790312767,0.023827647790312767
1119,437302,30,7222,0.023816360160708427,0.023816360160708427
1120,445046,31,630,0.0237833671271801,0.0237833671271801
1121,431552,30,1472,0.023752989247441292,0.023752989247441292
1122,449111,31,4695,0.023744190111756325,0.023744190111756325
1123,435940,30,5860,0.023730630055069923,0.023730630055069923
1124,457935,31,13519,0.023725643754005432,0.023725643754005432
1125,447887,31,3471,0.023675983771681786,0.023675983771681786
1126,455241,31,10825,0.02367253042757511,0.02367253042757511
1127,445055,31,639,0.02365094982087612,0.02365094982087612
1128,457740,31,13324,0.023650476709008217,0.023650476709008217
1129,441130,30,11050,0.023650338873267174,0.023650338873267174
1130,450746,31,6330,0.02364361472427845,0.02364361472427845
1131,433613,30,3533,0.023629767820239067,0.023629767820239067
1132,448264,31,3848,0.023618139326572418,0.023618139326572418
1133,448265,31,3849,0.023601464927196503,0.023601464927196503
1134,458270,31,13854,0.02358347736299038,0.02358347736299038
1135,442241,30,12161,0.02358298748731613,0.02358298748731613
1136,458426,31,14010,0.023572798818349838,0.023572798818349838
1137,457125,31,12709,0.023564474657177925,0.023564474657177925
1138,446944,31,2528,0.023544782772660255,0.023544782772660255
1139,457425,31,13009,0.023536091670393944,0.023536091670393944
1140,424797,29,9053,0.023532921448349953,0.023532921448349953
1141,433510,30,3430,0.02351163700222969,0.02351163700222969
1142,457881,31,13465,0.023491263389587402,0.023491263389587402
1143,415220,28,13812,0.0234648659825325,0.0234648659825325
1144,444711,31,295,0.023454317823052406,0.023454317823052406
1145,448475,31,4059,0.023451734334230423,0.023451734334230423
1146,447716,31,3300,0.023451199755072594,0.023451199755072594
1147,449213,31,4797,0.023442555218935013,0.023442555218935013
1148,439912,30,9832,0.023436250165104866,0.023436250165104866
1149,452572,31,8156,0.023426305502653122,0.023426305502653122
1150,435952,30,5872,0.023418935015797615,0.023418935015797615
1151,455921,31,11505,0.023387711495161057,0.023387711495161057
1152,438669,30,8589,0.023347539827227592,0.023347539827227592
1153,450454,31,6038,0.02334170788526535,0.02334170788526535
1154,444686,31,270,0.02334025874733925,0.02334025874733925
1155,431697,30,1617,0.023305032402276993,0.023305032402276993
1156,445955,31,1539,0.02328086830675602,0.02328086830675602
1157,454094,31,9678,0.023258298635482788,0.023258298635482788
1158,456486,31,12070,0.023255739361047745,0.023255739361047745
1159,444947,31,531,0.023252978920936584,0.023252978920936584
1160,433936,30,3856,0.023214789107441902,0.023214789107441902
1161,453042,31,8626,0.023197824135422707,0.023197824135422707
1162,453705,31,9289,0.023192379623651505,0.023192379623651505
1163,448517,31,4101,0.023181527853012085,0.023181527853012085
1164,432390,30,2310,0.023169144988059998,0.023169144988059998
1165,449260,31,4844,0.023138616234064102,0.023138616234064102
1166,453812,31,9396,0.023126542568206787,0.023126542568206787
1167,424737,29,8993,0.023118898272514343,0.023118898272514343
1168,445254,31,838,0.02311030589044094,0.02311030589044094
1169,451533,31,7117,0.023108787834644318,0.023108787834644318
1170,450222,31,5806,0.023108506575226784,0.023108506575226784
1171,448015,31,3599,0.023097870871424675,0.023097870871424675
1172,452338,31,7922,0.023078331723809242,0.023078331723809242
1173,455908,31,11492,0.02303905598819256,0.02303905598819256
1174,448912,31,4496,0.023038238286972046,0.023038238286972046
1175,451093,31,6677,0.023037634789943695,0.023037634789943695
1176,448934,31,4518,0.023004673421382904,0.023004673421382904
1177,452736,31,8320,0.022994084283709526,0.022994084283709526
1178,438155,30,8075,0.022989481687545776,0.022989481687545776
1179,445546,31,1130,0.02298845164477825,0.02298845164477825
1180,448691,31,4275,0.02298625372350216,0.02298625372350216
1181,449477,31,5061,0.02297499030828476,0.02297499030828476
1182,441683,30,11603,0.022974306717514992,0.022974306717514992
1183,434461,30,4381,0.022964630275964737,0.022964630275964737
1184,458496,31,14080,0.02293742634356022,0.02293742634356022
1185,450512,31,6096,0.022936871275305748,0.022936871275305748
1186,455777,31,11361,0.0229234267026186,0.0229234267026186
1187,452419,31,8003,0.022914724424481392,0.022914724424481392
1188,448835,31,4419,0.022899320349097252,0.022899320349097252
1189,422601,29,6857,0.022893987596035004,0.022893987596035004
1190,446711,31,2295,0.02287672646343708,0.02287672646343708
1191,457687,31,13271,0.02286924421787262,0.02286924421787262
1192,455591,31,11175,0.022851919755339622,0.022851919755339622
1193,452304,31,7888,0.022851428017020226,0.022851428017020226
1194,449256,31,4840,0.02284395694732666,0.02284395694732666
1195,414678,28,13270,0.022843526676297188,0.022843526676297188
1196,453891,31,9475,0.02283509448170662,0.02283509448170662
1197,434331,30,4251,0.02283363789319992,0.02283363789319992
1198,452103,31,7687,0.02278721146285534,0.02278721146285534
1199,448258,31,3842,0.022774342447519302,0.022774342447519302
1200,446566,31,2150,0.022763893008232117,0.022763893008232117
1201,449390,31,4974,0.02276018261909485,0.02276018261909485
1202,417271,29,1527,0.022753065451979637,0.022753065451979637
1203,451899,31,7483,0.022744061425328255,0.022744061425328255
1204,438222,30,8142,0.022723695263266563,0.022723695263266563
1205,433031,30,2951,0.022709935903549194,0.022709935903549194
1206,440383,30,10303,0.022700536996126175,0.022700536996126175
1207,439326,30,9246,0.022687848657369614,0.022687848657369614
1208,415633,28,14225,0.022674009203910828,0.022674009203910828
1209,452048,31,7632,0.022664308547973633,0.022664308547973633
1210,443551,30,13471,0.022649670019745827,0.022649670019745827
1211,445267,31,851,0.022633813321590424,0.022633813321590424
1212,455721,31,11305,0.022599510848522186,0.022599510848522186
1213,445730,31,1314,0.022595122456550598,0.022595122456550598
1214,432256,30,2176,0.02258806861937046,0.02258806861937046
1215,431138,30,1058,0.022575128823518753,0.022575128823518753
1216,418785,29,3041,0.022567177191376686,0.022567177191376686
1217,455362,31,10946,0.022537440061569214,0.022537440061569214
1218,440474,30,10394,0.022529322654008865,0.022529322654008865
1219,434499,30,4419,0.02252108044922352,0.02252108044922352
1220,435421,30,5341,0.022520070895552635,0.022520070895552635
1221,452800,31,8384,0.022488148882985115,0.022488148882985115
1222,444378,30,14298,0.02248062752187252,0.02248062752187252
1223,452505,31,8089,0.02246898226439953,0.02246898226439953
1224,436291,30,6211,0.02246265672147274,0.02246265672147274
1225,457611,31,13195,0.022457370534539223,0.022457370534539223
1226,432612,30,2532,0.022451845929026604,0.022451845929026604
1227,389426,27,2354,0.022451523691415787,0.022451523691415787
1228,457421,31,13005,0.022446274757385254,0.022446274757385254
1229,445010,31,594,0.02243826724588871,0.02243826724588871
1230,419603,29,3859,0.022435560822486877,0.022435560822486877
1231,432536,30,2456,0.022416172549128532,0.022416172549128532
1232,456294,31,11878,0.022362401708960533,0.022362401708960533
1233,441529,30,11449,0.0223207026720047,0.0223207026720047
1234,452589,31,8173,0.022260697558522224,0.022260697558522224
1235,445958,31,1542,0.022249294444918633,0.022249294444918633
1236,410319,28,8911,0.022244226187467575,0.022244226187467575
1237,447481,31,3065,0.02224322035908699,0.02224322035908699
1238,445649,31,1233,0.022213030606508255,0.022213030606508255
1239,439624,30,9544,0.022199254482984543,0.022199254482984543
1240,457538,31,13122,0.022197727113962173,0.022197727113962173
1241,434741,30,4661,0.022193599492311478,0.022193599492311478
1242,457234,31,12818,0.022184688597917557,0.022184688597917557
1243,454574,31,10158,0.02218012325465679,0.02218012325465679
1244,449095,31,4679,0.022163473069667816,0.022163473069667816
1245,447958,31,3542,0.02215472422540188,0.02215472422540188
1246,453098,31,8682,0.022135522216558456,0.022135522216558456
1247,446662,31,2246,0.022132491692900658,0.022132491692900658
1248,449061,31,4645,0.02210712619125843,0.02210712619125843
1249,457782,31,13366,0.02208320051431656,0.02208320051431656
1250,393142,27,6070,0.022071033716201782,0.022071033716201782
1251,450800,31,6384,0.022067613899707794,0.022067613899707794
1252,416290,29,546,0.022065237164497375,0.022065237164497375
1253,455787,31,11371,0.02206418849527836,0.02206418849527836
1254,436484,30,6404,0.02203737199306488,0.02203737199306488
1255,416065,29,321,0.02203727699816227,0.02203727699816227
1256,449611,31,5195,0.022017287090420723,0.022017287090420723
1257,442416,30,12336,0.02198644168674946,0.02198644168674946
1258,455618,31,11202,0.021967541426420212,0.021967541426420212
1259,451546,31,7130,0.021954450756311417,0.021954450756311417
1260,444732,31,316,0.02194548025727272,0.02194548025727272
1261,413457,28,12049,0.021930841729044914,0.021930841729044914
1262,442056,30,11976,0.021923178806900978,0.021923178806900978
1263,452794,31,8378,0.02189536578953266,0.02189536578953266
1264,445304,31,888,0.0218771081417799,0.0218771081417799
1265,438817,30,8737,0.021871069446206093,0.021871069446206093
1266,433819,30,3739,0.02186400629580021,0.02186400629580021
1267,431204,30,1124,0.02186342142522335,0.02186342142522335
1268,346852,24,2788,0.02184620313346386,0.02184620313346386
1269,449589,31,5173,0.021839477121829987,0.021839477121829987
1270,439714,30,9634,0.02183583937585354,0.02183583937585354
1271,450091,31,5675,0.021832339465618134,0.021832339465618134
1272,454008,31,9592,0.021829567849636078,0.021829567849636078
1273,453815,31,9399,0.02182718925178051,0.02182718925178051
1274,420009,29,4265,0.02178468182682991,0.02178468182682991
1275,442457,30,12377,0.02176610752940178,0.02176610752940178
1276,345532,24,1468,0.0217617005109787,0.0217617005109787
1277,416629,29,885,0.021755516529083252,0.021755516529083252
1278,380765,26,8029,0.021744806319475174,0.021744806319475174
1279,435589,30,5509,0.021733975037932396,0.021733975037932396
1280,449819,31,5403,0.021731147542595863,0.021731147542595863
1281,457832,31,13416,0.021707234904170036,0.021707234904170036
1282,452210,31,7794,0.021705038845539093,0.021705038845539093
1283,449254,31,4838,0.02167927473783493,0.02167927473783493
1284,413575,28,12167,0.0216709915548563,0.0216709915548563
1285,446920,31,2504,0.021658573299646378,0.021658573299646378
1286,446982,31,2566,0.021651819348335266,0.021651819348335266
1287,442666,30,12586,0.02165084518492222,0.02165084518492222
1288,449490,31,5074,0.021650532260537148,0.021650532260537148
1289,427277,29,11533,0.02162218652665615,0.02162218652665615
1290,445193,31,777,0.021616831421852112,0.021616831421852112
1291,437294,30,7214,0.02161460928618908,0.02161460928618908
1292,449178,31,4762,0.02161351777613163,0.02161351777613163
1293,449041,31,4625,0.021594246849417686,0.021594246849417686
1294,454449,31,10033,0.021586807444691658,0.021586807444691658
1295,428422,29,12678,0.021582530811429024,0.021582530811429024
1296,454270,31,9854,0.02157667465507984,0.02157667465507984
1297,455959,31,11543,0.021563591435551643,0.021563591435551643
1298,451487,31,7071,0.021530000492930412,0.021530000492930412
1299,369974,25,11574,0.021505001932382584,0.021505001932382584
1300,439185,30,9105,0.021498436108231544,0.021498436108231544
1301,457454,31,13038,0.02149229310452938,0.02149229310452938
1302,413329,28,11921,0.02148800529539585,0.02148800529539585
1303,436741,30,6661,0.02148566208779812,0.02148566208779812
1304,446883,31,2467,0.021484797820448875,0.021484797820448875
1305,444421,31,5,0.021484466269612312,0.021484466269612312
1306,440959,30,10879,0.021470431238412857,0.021470431238412857
1307,447263,31,2847,0.02146320231258869,0.02146320231258869
1308,455588,31,11172,0.021463166922330856,0.021463166922330856
1309,431989,30,1909,0.021420910954475403,0.021420910954475403
1310,450020,31,5604,0.02140182815492153,0.02140182815492153
1311,445525,31,1109,0.021397819742560387,0.021397819742560387
1312,441708,30,11628,0.021394461393356323,0.021394461393356323
1313,450502,31,6086,0.021394455805420876,0.021394455805420876
1314,431387,30,1307,0.021382199600338936,0.021382199600338936
1315,453621,31,9205,0.02135471999645233,0.02135471999645233
1316,400523,27,13451,0.02133059874176979,0.02133059874176979
1317,456424,31,12008,0.021329866722226143,0.021329866722226143
1318,454286,31,9870,0.02132093720138073,0.02132093720138073
1319,448843,31,4427,0.0213057491928339,0.0213057491928339
1320,452641,31,8225,0.02130427025258541,0.02130427025258541
1321,451867,31,7451,0.021287716925144196,0.021287716925144196
1322,450172,31,5756,0.02128181792795658,0.02128181792795658
1323,411474,28,10066,0.0212753526866436,0.0212753526866436
1324,430822,30,742,0.021275343373417854,0.021275343373417854
1325,443367,30,13287,0.0212552510201931,0.0212552510201931
1326,457398,31,12982,0.021253572776913643,0.021253572776913643
1327,408237,28,6829,0.021219903603196144,0.021219903603196144
1328,388641,27,1569,0.021185366436839104,0.021185366436839104
1329,452085,31,7669,0.02118327096104622,0.02118327096104622
1330,435029,30,4949,0.021180326119065285,0.021180326119065285
1331,449460,31,5044,0.02117953822016716,0.02117953822016716
1332,457693,31,13277,0.021165482699871063,0.021165482699871063
1333,454365,31,9949,0.021151911467313766,0.021151911467313766
1334,453826,31,9410,0.02115056850016117,0.02115056850016117
1335,458722,31,14306,0.02114732936024666,0.02114732936024666
1336,451670,31,7254,0.02113247476518154,0.02113247476518154
1337,434914,30,4834,0.021079469472169876,0.021079469472169876
1338,449005,31,4589,0.021069565787911415,0.021069565787911415
1339,454636,31,10220,0.021060597151517868,0.021060597151517868
1340,422925,29,7181,0.021059753373265266,0.021059753373265266
1341,446954,31,2538,0.02103234827518463,0.02103234827518463
1342,415886,29,142,0.021028313785791397,0.021028313785791397
1343,454545,31,10129,0.021022384986281395,0.021022384986281395
1344,452379,31,7963,0.020996730774641037,0.020996730774641037
1345,444996,31,580,0.02099636383354664,0.02099636383354664
1346,450247,31,5831,0.020989324897527695,0.020989324897527695
1347,457189,31,12773,0.020969027653336525,0.020969027653336525
1348,432694,30,2614,0.020956404507160187,0.020956404507160187
1349,456042,31,11626,0.020934559404850006,0.020934559404850006
1350,454446,31,10030,0.020932210609316826,0.020932210609316826
1351,444543,31,127,0.020927999168634415,0.020927999168634415
1352,451661,31,7245,0.02092178910970688,0.02092178910970688
1353,444341,30,14261,0.020897766575217247,0.020897766575217247
1354,446597,31,2181,0.020882340148091316,0.020882340148091316
1355,444570,31,154,0.020875021815299988,0.020875021815299988
1356,338276,23,8548,0.020872116088867188,0.020872116088867188
1357,445684,31,1268,0.02084994688630104,0.02084994688630104
1358,452652,31,8236,0.020845890045166016,0.020845890045166016
1359,424824,29,9080,0.02080831117928028,0.02080831117928028
1360,455299,31,10883,0.020776474848389626,0.020776474848389626
1361,458474,31,14058,0.020773550495505333,0.020773550495505333
1362,449292,31,4876,0.020753176882863045,0.020753176882863045
1363,457357,31,12941,0.02075139805674553,0.02075139805674553
1364,450521,31,6105,0.020720621570944786,0.020720621570944786
1365,432176,30,2096,0.020717423409223557,0.020717423409223557
1366,445188,31,772,0.020714426413178444,0.020714426413178444
1367,409235,28,7827,0.020708149299025536,0.020708149299025536
1368,406744,28,5336,0.02070053480565548,0.02070053480565548
1369,436239,30,6159,0.020700249820947647,0.020700249820947647
1370,431631,30,1551,0.020696109160780907,0.020696109160780907
1371,404504,28,3096,0.02067473530769348,0.02067473530769348
1372,439152,30,9072,0.02066875249147415,0.02066875249147415
1373,419182,29,3438,0.020652955397963524,0.020652955397963524
1374,401747,28,339,0.02064063772559166,0.02064063772559166
1375,427388,29,11644,0.02062908560037613,0.02062908560037613
1376,458140,31,13724,0.0206094179302454,0.0206094179302454
1377,458527,31,14111,0.02060786448419094,0.02060786448419094
1378,457483,31,13067,0.020605241879820824,0.020605241879820824
1379,430305,30,225,0.020590877160429955,0.020590877160429955
1380,411960,28,10552,0.02059067413210869,0.02059067413210869
1381,427538,29,11794,0.02057633362710476,0.02057633362710476
1382,445047,31,631,0.02057197317481041,0.02057197317481041
1383,448167,31,3751,0.020557062700390816,0.020557062700390816
1384,446556,31,2140,0.020541468635201454,0.020541468635201454
1385,428998,29,13254,0.020521363243460655,0.020521363243460655
1386,456437,31,12021,0.02051161602139473,0.02051161602139473
1387,438714,30,8634,0.020495206117630005,0.020495206117630005
1388,448953,31,4537,0.020489893853664398,0.020489893853664398
1389,446524,31,2108,0.020488930866122246,0.020488930866122246
1390,448939,31,4523,0.020487578585743904,0.020487578585743904
1391,446102,31,1686,0.020483510568737984,0.020483510568737984
1392,440891,30,10811,0.020480742678046227,0.020480742678046227
1393,453311,31,8895,0.020454449579119682,0.020454449579119682
1394,453549,31,9133,0.02044430561363697,0.02044430561363697
1395,446691,31,2275,0.020442795008420944,0.020442795008420944
1396,452721,31,8305,0.020436590537428856,0.020436590537428856
1397,429157,29,13413,0.02043132670223713,0.02043132670223713
1398,445786,31,1370,0.020406058058142662,0.020406058058142662
1399,430699,30,619,0.020391393452882767,0.020391393452882767
1400,432167,30,2087,0.020379839465022087,0.020379839465022087
1401,457108,31,12692,0.020377546548843384,0.020377546548843384
1402,452730,31,8314,0.020360184833407402,0.020360184833407402
1403,454542,31,10126,0.020334040746092796,0.020334040746092796
1404,450768,31,6352,0.020328573882579803,0.020328573882579803
1405,456220,31,11804,0.020326675847172737,0.020326675847172737
1406,453093,31,8677,0.020322896540164948,0.020322896540164948
1407,458001,31,13585,0.020309381186962128,0.020309381186962128
1408,452831,31,8415,0.020300330594182014,0.020300330594182014
1409,418867,29,3123,0.020296433940529823,0.020296433940529823
1410,454726,31,10310,0.02029232308268547,0.02029232308268547
1411,448378,31,3962,0.020284529775381088,0.020284529775381088
1412,443128,30,13048,0.0202772319316864,0.0202772319316864
1413,450297,31,5881,0.020269015803933144,0.020269015803933144
1414,450337,31,5921,0.020264016464352608,0.020264016464352608
1415,413036,28,11628,0.020260298624634743,0.020260298624634743
1416,432539,30,2459,0.02024763636291027,0.02024763636291027
1417,402996,28,1588,0.020217454060912132,0.020217454060912132
1418,450331,31,5915,0.02020864002406597,0.02020864002406597
1419,449478,31,5062,0.02018705941736698,0.02018705941736698
1420,434621,30,4541,0.020175451412796974,0.020175451412796974
1421,451011,31,6595,0.02017415128648281,0.02017415128648281
1422,429073,29,13329,0.020167794078588486,0.020167794078588486
1423,423091,29,7347,0.02016633003950119,0.02016633003950119
1424,421107,29,5363,0.020163673907518387,0.020163673907518387
1425,447973,31,3557,0.020143607631325722,0.020143607631325722
1426,453672,31,9256,0.02013619802892208,0.02013619802892208
1427,427091,29,11347,0.020131416618824005,0.020131416618824005
1428,444696,31,280,0.020129280164837837,0.020129280164837837
1429,456431,31,12015,0.020125139504671097,0.020125139504671097
1430,439290,30,9210,0.02012365125119686,0.02012365125119686
1431,449835,31,5419,0.02012057788670063,0.02012057788670063
1432,240653,16,11277,0.020118702203035355,0.020118702203035355
1433,442267,30,12187,0.020113077014684677,0.020113077014684677
1434,453228,31,8812,0.020090576261281967,0.020090576261281967
1435,445608,31,1192,0.020077263936400414,0.020077263936400414
1436,396511,27,9439,0.02007584646344185,0.02007584646344185
1437,440239,30,10159,0.020057938992977142,0.020057938992977142
1438,436579,30,6499,0.02004133351147175,0.02004133351147175
1439,453370,31,8954,0.020033152773976326,0.020033152773976326
1440,447471,31,3055,0.02002585493028164,0.02002585493028164
1441,449474,31,5058,0.020013881847262383,0.020013881847262383
1442,454575,31,10159,0.020004255697131157,0.020004255697131157
1443,441179,30,11099,0.019987666979432106,0.019987666979432106
1444,420974,29,5230,0.019985351711511612,0.019985351711511612
1445,444210,30,14130,0.01998033933341503,0.01998033933341503
1446,417099,29,1355,0.01997615583240986,0.01997615583240986
1447,450048,31,5632,0.019971556961536407,0.019971556961536407
1448,449466,31,5050,0.019965963438153267,0.019965963438153267
1449,447816,31,3400,0.019965054467320442,0.019965054467320442
1450,450559,31,6143,0.019950632005929947,0.019950632005929947
1451,432714,30,2634,0.019949058070778847,0.019949058070778847
1452,444064,30,13984,0.019947517663240433,0.019947517663240433
1453,437736,30,7656,0.01994628645479679,0.01994628645479679
1454,446025,31,1609,0.019942505285143852,0.019942505285143852
1455,430360,30,280,0.019942155107855797,0.019942155107855797
1456,455978,31,11562,0.01991012878715992,0.01991012878715992
1457,458190,31,13774,0.019909711554646492,0.019909711554646492
1458,458699,31,14283,0.019908349961042404,0.019908349961042404
1459,452874,31,8458,0.0199072677642107,0.0199072677642107
1460,453225,31,8809,0.019903745502233505,0.019903745502233505
1461,450943,31,6527,0.019897613674402237,0.019897613674402237
1462,457999,31,13583,0.019894080236554146,0.019894080236554146
1463,450419,31,6003,0.01989118568599224,0.01989118568599224
1464,422883,29,7139,0.01988430693745613,0.01988430693745613
1465,433677,30,3597,0.01988374814391136,0.01988374814391136
1466,430859,30,779,0.019866488873958588,0.019866488873958588
1467,456123,31,11707,0.01982644945383072,0.01982644945383072
1468,296343,20,9623,0.0198246780782938,0.0198246780782938
1469,433680,30,3600,0.019810467958450317,0.019810467958450317
1470,440488,30,10408,0.01980455406010151,0.01980455406010151
1471,433086,30,3006,0.019803596660494804,0.019803596660494804
1472,448116,31,3700,0.019802065566182137,0.019802065566182137
1473,437937,30,7857,0.01980067975819111,0.01980067975819111
1474,422830,29,7086,0.01977965235710144,0.01977965235710144
1475,451854,31,7438,0.01976184919476509,0.01976184919476509
1476,451116,31,6700,0.019744357094168663,0.019744357094168663
1477,458080,31,13664,0.019739840179681778,0.019739840179681778
1478,451629,31,7213,0.01971273683011532,0.01971273683011532
1479,432905,30,2825,0.0197086650878191,0.0197086650878191
1480,446144,31,1728,0.019701195880770683,0.019701195880770683
1481,446971,31,2555,0.019694698974490166,0.019694698974490166
1482,445109,31,693,0.019680416211485863,0.019680416211485863
1483,448162,31,3746,0.019680138677358627,0.019680138677358627
1484,457320,31,12904,0.01967175118625164,0.01967175118625164
1485,447778,31,3362,0.019665878266096115,0.019665878266096115
1486,453087,31,8671,0.019657645374536514,0.019657645374536514
1487,450694,31,6278,0.019656717777252197,0.019656717777252197
1488,446078,31,1662,0.0196464154869318,0.0196464154869318
1489,355550,24,11486,0.019634682685136795,0.019634682685136795
1490,435360,30,5280,0.019628867506980896,0.019628867506980896
1491,425315,29,9571,0.019626813009381294,0.019626813009381294
1492,451976,31,7560,0.019623711705207825,0.019623711705207825
1493,433389,30,3309,0.01962219551205635,0.01962219551205635
1494,456462,31,12046,0.01961481384932995,0.01961481384932995
1495,454700,31,10284,0.019611237570643425,0.019611237570643425
1496,452543,31,8127,0.01960700750350952,0.01960700750350952
1497,453592,31,9176,0.019603930413722992,0.019603930413722992
1498,445800,31,1384,0.019597899168729782,0.019597899168729782
1499,437256,30,7176,0.01959007792174816,0.01959007792174816
1500,450249,31,5833,0.019577812403440475,0.019577812403440475
1501,446587,31,2171,0.019572949036955833,0.019572949036955833
1502,458218,31,13802,0.01956941746175289,0.01956941746175289
1503,439825,30,9745,0.019567999988794327,0.019567999988794327
1504,452869,31,8453,0.019555922597646713,0.019555922597646713
1505,409868,28,8460,0.019553497433662415,0.019553497433662415
1506,447512,31,3096,0.019546179100871086,0.019546179100871086
1507,444534,31,118,0.019533948972821236,0.019533948972821236
1508,454986,31,10570,0.01951226405799389,0.01951226405799389
1509,446555,31,2139,0.019482849165797234,0.019482849165797234
1510,453011,31,8595,0.019465753808617592,0.019465753808617592
1511,448844,31,4428,0.01946345344185829,0.01946345344185829
1512,446238,31,1822,0.019451556727290154,0.019451556727290154
1513,454106,31,9690,0.019450876861810684,0.019450876861810684
1514,454824,31,10408,0.019441070035099983,0.019441070035099983
1515,458619,31,14203,0.01943802274763584,0.01943802274763584
1516,451433,31,7017,0.019430790096521378,0.019430790096521378
1517,447761,31,3345,0.019420066848397255,0.019420066848397255
1518,397285,27,10213,0.019419215619564056,0.019419215619564056
1519,436571,30,6491,0.019416535273194313,0.019416535273194313
1520,451913,31,7497,0.019415317103266716,0.019415317103266716
1521,432252,30,2172,0.019408265128731728,0.019408265128731728
1522,446377,31,1961,0.01939922757446766,0.01939922757446766
1523,432300,30,2220,0.019376488402485847,0.019376488402485847
1524,453127,31,8711,0.0193743035197258,0.0193743035197258
1525,451253,31,6837,0.019367830827832222,0.019367830827832222
1526,448246,31,3830,0.019365062937140465,0.019365062937140465
1527,448611,31,4195,0.019351694732904434,0.019351694732904434
1528,450972,31,6556,0.019341886043548584,0.019341886043548584
1529,446640,31,2224,0.019329916685819626,0.019329916685819626
1530,457756,31,13340,0.019322264939546585,0.019322264939546585
1531,449552,31,5136,0.019312763586640358,0.019312763586640358
1532,439579,30,9499,0.019311796873807907,0.019311796873807907
1533,452031,31,7615,0.01930239610373974,0.01930239610373974
1534,422179,29,6435,0.019292833283543587,0.019292833283543587
1535,458137,31,13721,0.01928817853331566,0.01928817853331566
1536,447475,31,3059,0.019282091408967972,0.019282091408967972
1537,427836,29,12092,0.01925840973854065,0.01925840973854065
1538,401855,28,447,0.019248666241765022,0.019248666241765022
1539,449251,31,4835,0.019243093207478523,0.019243093207478523
1540,457479,31,13063,0.019228417426347733,0.019228417426347733
1541,367128,25,8728,0.019223304465413094,0.019223304465413094
1542,448580,31,4164,0.019187329337000847,0.019187329337000847
1543,419180,29,3436,0.01918042078614235,0.01918042078614235
1544,451066,31,6650,0.01917928270995617,0.01917928270995617
1545,453677,31,9261,0.01917206309735775,0.01917206309735775
1546,448709,31,4293,0.019163550809025764,0.019163550809025764
1547,454212,31,9796,0.019159266725182533,0.019159266725182533
1548,420483,29,4739,0.019145358353853226,0.019145358353853226
1549,454331,31,9915,0.019142769277095795,0.019142769277095795
1550,457888,31,13472,0.019122164696455002,0.019122164696455002
1551,401327,27,14255,0.01911281794309616,0.01911281794309616
1552,439583,30,9503,0.01909630000591278,0.01909630000591278
1553,416368,29,624,0.019094541668891907,0.019094541668891907
1554,428144,29,12400,0.019092151895165443,0.019092151895165443
1555,423583,29,7839,0.019089339300990105,0.019089339300990105
1556,430705,30,625,0.01906920038163662,0.01906920038163662
1557,443993,30,13913,0.0190680380910635,0.0190680380910635
1558,446646,31,2230,0.01905478909611702,0.01905478909611702
1559,445139,31,723,0.01904427818953991,0.01904427818953991
1560,448285,31,3869,0.0190269872546196,0.0190269872546196
1561,451002,31,6586,0.019018683582544327,0.019018683582544327
1562,455074,31,10658,0.019007941707968712,0.019007941707968712
1563,444392,30,14312,0.018998242914676666,0.018998242914676666
1564,450538,31,6122,0.018986377865076065,0.018986377865076065
1565,439860,30,9780,0.01898506097495556,0.01898506097495556
1566,450434,31,6018,0.018964698538184166,0.018964698538184166
1567,423775,29,8031,0.018953843042254448,0.018953843042254448
1568,457370,31,12954,0.01895267702639103,0.01895267702639103
1569,387072,27,0,0.018951086327433586,0.018951086327433586
1570,448812,31,4396,0.01894703134894371,0.01894703134894371
1571,444845,31,429,0.018934082239866257,0.018934082239866257
1572,457936,31,13520,0.018931128084659576,0.018931128084659576
1573,401890,28,482,0.01892608217895031,0.01892608217895031
1574,202263,14,1559,0.018915779888629913,0.018915779888629913
1575,440423,30,10343,0.018906813114881516,0.018906813114881516
1576,451922,31,7506,0.018901260569691658,0.018901260569691658
1577,446836,31,2420,0.018896955996751785,0.018896955996751785
1578,451246,31,6830,0.01889614388346672,0.01889614388346672
1579,445323,31,907,0.01889520138502121,0.01889520138502121
1580,429431,29,13687,0.018887104466557503,0.018887104466557503
1581,454112,31,9696,0.01888105273246765,0.01888105273246765
1582,436274,30,6194,0.018866246566176414,0.018866246566176414
1583,396248,27,9176,0.01884179562330246,0.01884179562330246
1584,454568,31,10152,0.01883998140692711,0.01883998140692711
1585,434663,30,4583,0.01883278228342533,0.01883278228342533
1586,446709,31,2293,0.01882469281554222,0.01882469281554222
1587,458606,31,14190,0.01881313882768154,0.01881313882768154
1588,447550,31,3134,0.018798543140292168,0.018798543140292168
1589,450948,31,6532,0.018789513036608696,0.018789513036608696
1590,437890,30,7810,0.018782667815685272,0.018782667815685272
1591,452676,31,8260,0.01877676136791706,0.01877676136791706
1592,444234,30,14154,0.01876555196940899,0.01876555196940899
1593,444440,31,24,0.01876455545425415,0.01876455545425415
1594,456640,31,12224,0.018762363120913506,0.018762363120913506
1595,440762,30,10682,0.018759142607450485,0.018759142607450485
1596,453469,31,9053,0.01875622756779194,0.01875622756779194
1597,433994,30,3914,0.018742088228464127,0.018742088228464127
1598,431332,30,1252,0.018740981817245483,0.018740981817245483
1599,454088,31,9672,0.01873965933918953,0.01873965933918953
1600,458559,31,14143,0.018732720986008644,0.018732720986008644
1601,450868,31,6452,0.01873008906841278,0.01873008906841278
1602,456330,31,11914,0.018728619441390038,0.018728619441390038
1603,450317,31,5901,0.01872744783759117,0.01872744783759117
1604,445146,31,730,0.018713470548391342,0.018713470548391342
1605,284548,19,12164,0.01870252937078476,0.01870252937078476
1606,417479,29,1735,0.01869865693151951,0.01869865693151951
1607,427205,29,11461,0.01869754120707512,0.01869754120707512
1608,452001,31,7585,0.018695272505283356,0.018695272505283356
1609,224675,15,9635,0.018680840730667114,0.018680840730667114
1610,458589,31,14173,0.018670663237571716,0.018670663237571716
1611,452701,31,8285,0.01867053285241127,0.01867053285241127
1612,452290,31,7874,0.018660033121705055,0.018660033121705055
1613,448659,31,4243,0.018656766042113304,0.018656766042113304
1614,455670,31,11254,0.018652187660336494,0.018652187660336494
1615,454022,31,9606,0.018648510798811913,0.018648510798811913
1616,447836,31,3420,0.018641235306859016,0.018641235306859016
1617,457092,31,12676,0.018628273159265518,0.018628273159265518
1618,451177,31,6761,0.01862499676644802,0.01862499676644802
1619,456807,31,12391,0.018624987453222275,0.018624987453222275
1620,439750,30,9670,0.01862124726176262,0.01862124726176262
1621,445746,31,1330,0.018618479371070862,0.018618479371070862
1622,403201,28,1793,0.018594346940517426,0.018594346940517426
1623,448991,31,4575,0.018591787666082382,0.018591787666082382
1624,436366,30,6286,0.018584635108709335,0.018584635108709335
1625,450280,31,5864,0.018580235540866852,0.018580235540866852
1626,447551,31,3135,0.018577242270112038,0.018577242270112038
1627,455737,31,11321,0.018572194501757622,0.018572194501757622
1628,456475,31,12059,0.01855766959488392,0.01855766959488392
1629,446581,31,2165,0.01854649744927883,0.01854649744927883
1630,454878,31,10462,0.018537256866693497,0.018537256866693497
1631,432676,30,2596,0.018525496125221252,0.018525496125221252
1632,441415,30,11335,0.01851317659020424,0.01851317659020424
1633,434108,30,4028,0.018512072041630745,0.018512072041630745
1634,454880,31,10464,0.018509309738874435,0.018509309738874435
1635,444527,31,111,0.01850740797817707,0.01850740797817707
1636,441007,30,10927,0.01850561425089836,0.01850561425089836
1637,436909,30,6829,0.018504498526453972,0.018504498526453972
1638,436470,30,6390,0.018500447273254395,0.018500447273254395
1639,454969,31,10553,0.018499214202165604,0.018499214202165604
1640,445473,31,1057,0.018493885174393654,0.018493885174393654
1641,453151,31,8735,0.01849221996963024,0.01849221996963024
1642,454518,31,10102,0.018488645553588867,0.018488645553588867
1643,448743,31,4327,0.018484966829419136,0.018484966829419136
1644,451216,31,6800,0.01848354935646057,0.01848354935646057
1645,450982,31,6566,0.01847471483051777,0.01847471483051777
1646,449675,31,5259,0.018467282876372337,0.018467282876372337
1647,430500,30,420,0.018460210412740707,0.018460210412740707
1648,454501,31,10085,0.018449891358613968,0.018449891358613968
1649,450182,31,5766,0.01844649761915207,0.01844649761915207
1650,441896,30,11816,0.018439460545778275,0.018439460545778275
1651,447611,31,3195,0.018426192924380302,0.018426192924380302
1652,438711,30,8631,0.0184245053678751,0.0184245053678751
1653,458168,31,13752,0.018422409892082214,0.018422409892082214
1654,454740,31,10324,0.018421752378344536,0.018421752378344536
1655,446857,31,2441,0.018415149301290512,0.018415149301290512
1656,450611,31,6195,0.018403923138976097,0.018403923138976097
1657,450591,31,6175,0.018383855000138283,0.018383855000138283
1658,457017,31,12601,0.01838008686900139,0.01838008686900139
1659,447407,31,2991,0.018374180421233177,0.018374180421233177
1660,447901,31,3485,0.018372368067502975,0.018372368067502975
1661,451214,31,6798,0.01836400106549263,0.01836400106549263
1662,436261,30,6181,0.018356584012508392,0.018356584012508392
1663,443006,30,12926,0.018353883177042007,0.018353883177042007
1664,422847,29,7103,0.018307723104953766,0.018307723104953766
1665,454020,31,9604,0.01830092817544937,0.01830092817544937
1666,444953,31,537,0.0182955265045166,0.0182955265045166
1667,445636,31,1220,0.01829534024000168,0.01829534024000168
1668,453368,31,8952,0.018286893144249916,0.018286893144249916
1669,448809,31,4393,0.018263962119817734,0.018263962119817734
1670,257808,17,14096,0.01826290600001812,0.01826290600001812
1671,445707,31,1291,0.018261458724737167,0.018261458724737167
1672,447346,31,2930,0.01826118491590023,0.01826118491590023
1673,451680,31,7264,0.018243281170725822,0.018243281170725822
1674,437904,30,7824,0.018236245959997177,0.018236245959997177
1675,424400,29,8656,0.018234526738524437,0.018234526738524437
1676,449445,31,5029,0.018228664994239807,0.018228664994239807
1677,417967,29,2223,0.018218278884887695,0.018218278884887695
1678,446763,31,2347,0.01821298338472843,0.01821298338472843
1679,445606,31,1190,0.018209291622042656,0.018209291622042656
1680,454194,31,9778,0.018202828243374825,0.018202828243374825
1681,452194,31,7778,0.018202709034085274,0.018202709034085274
1682,446382,31,1966,0.01818961650133133,0.01818961650133133
1683,456344,31,11928,0.018189214169979095,0.018189214169979095
1684,444675,31,259,0.018179334700107574,0.018179334700107574
1685,446704,31,2288,0.018164286389946938,0.018164286389946938
1686,418547,29,2803,0.018158093094825745,0.018158093094825745
1687,455676,31,11260,0.018138233572244644,0.018138233572244644
1688,376046,26,3310,0.01813618466258049,0.01813618466258049
1689,448609,31,4193,0.018132271245121956,0.018132271245121956
1690,438498,30,8418,0.0181317999958992,0.0181317999958992
1691,428598,29,12854,0.018120290711522102,0.018120290711522102
1692,435494,30,5414,0.01811060681939125,0.01811060681939125
1693,457333,31,12917,0.01810831017792225,0.01810831017792225
1694,453658,31,9242,0.018106920644640923,0.018106920644640923
1695,448110,31,3694,0.018104534596204758,0.018104534596204758
1696,410187,28,8779,0.01808793470263481,0.01808793470263481
1697,446802,31,2386,0.018071483820676804,0.018071483820676804
1698,431944,30,1864,0.018068846315145493,0.018068846315145493
1699,448335,31,3919,0.018068663775920868,0.018068663775920868
1700,439033,30,8953,0.018067600205540657,0.018067600205540657
1701,452380,31,7964,0.0180674958974123,0.0180674958974123
1702,375358,26,2622,0.01806613802909851,0.01806613802909851
1703,453861,31,9445,0.018061287701129913,0.018061287701129913
1704,441378,30,11298,0.018058504909276962,0.018058504909276962
1705,431406,30,1326,0.018042167648673058,0.018042167648673058
1706,332293,23,2565,0.018028967082500458,0.018028967082500458
1707,444491,31,75,0.018028343096375465,0.018028343096375465
1708,457235,31,12819,0.01801609806716442,0.01801609806716442
1709,434422,30,4342,0.018014591187238693,0.018014591187238693
1710,450907,31,6491,0.018013305962085724,0.018013305962085724
1711,417854,29,2110,0.01800876297056675,0.01800876297056675
1712,421184,29,5440,0.01799919269979,0.01799919269979
1713,457917,31,13501,0.017992135137319565,0.017992135137319565
1714,455259,31,10843,0.017989059910178185,0.017989059910178185
1715,455419,31,11003,0.017987821251153946,0.017987821251153946
1716,443708,30,13628,0.01798688806593418,0.01798688806593418
1717,451238,31,6822,0.01798570714890957,0.01798570714890957
1718,270111,18,12063,0.017971647903323174,0.017971647903323174
1719,458373,31,13957,0.017970172688364983,0.017970172688364983
1720,456682,31,12266,0.01796586997807026,0.01796586997807026
1721,448728,31,4312,0.01796099916100502,0.01796099916100502
1722,451330,31,6914,0.01795588806271553,0.01795588806271553
1723,448855,31,4439,0.0179525688290596,0.0179525688290596
1724,442276,30,12196,0.017947951331734657,0.017947951331734657
1725,440174,30,10094,0.017946023494005203,0.017946023494005203
1726,440163,30,10083,0.01794344373047352,0.01794344373047352
1727,423258,29,7514,0.01793772540986538,0.01793772540986538
1728,447653,31,3237,0.017936954274773598,0.017936954274773598
1729,448816,31,4400,0.017935017123818398,0.017935017123818398
1730,335407,23,5679,0.017917325720191002,0.017917325720191002
1731,407456,28,6048,0.01791663095355034,0.01791663095355034
1732,432774,30,2694,0.017910592257976532,0.017910592257976532
1733,450340,31,5924,0.01790429838001728,0.01790429838001728
1734,436712,30,6632,0.017900262027978897,0.017900262027978897
1735,447859,31,3443,0.017894688993692398,0.017894688993692398
1736,438462,30,8382,0.017880462110042572,0.017880462110042572
1737,445115,31,699,0.017879536375403404,0.017879536375403404
1738,424676,29,8932,0.01787330023944378,0.01787330023944378
1739,446231,31,1815,0.017869357019662857,0.017869357019662857
1740,454552,31,10136,0.017854422330856323,0.017854422330856323
1741,436749,30,6669,0.017851589247584343,0.017851589247584343
1742,375325,26,2589,0.01783493533730507,0.01783493533730507
1743,455600,31,11184,0.017833499237895012,0.017833499237895012
1744,447768,31,3352,0.01783313788473606,0.01783313788473606
1745,441854,30,11774,0.01782059483230114,0.01782059483230114
1746,450808,31,6392,0.017816124483942986,0.017816124483942986
1747,452308,31,7892,0.017811572179198265,0.017811572179198265
1748,448777,31,4361,0.01780974306166172,0.01780974306166172
1749,450761,31,6345,0.017802026122808456,0.017802026122808456
1750,442254,30,12174,0.01780122146010399,0.01780122146010399
1751,444726,31,310,0.017785586416721344,0.017785586416721344
1752,446596,31,2180,0.017784155905246735,0.017784155905246735
1753,450124,31,5708,0.017779216170310974,0.017779216170310974
1754,457934,31,13518,0.01776992715895176,0.01776992715895176
1755,423446,29,7702,0.01774718426167965,0.01774718426167965
1756,430845,30,765,0.017727838829159737,0.017727838829159737
1757,432550,30,2470,0.017720559611916542,0.017720559611916542
1758,456335,31,11919,0.017716992646455765,0.017716992646455765
1759,437869,30,7789,0.017714541405439377,0.017714541405439377
1760,449020,31,4604,0.01770731434226036,0.01770731434226036
1761,422386,29,6642,0.017694124951958656,0.017694124951958656
1762,457147,31,12731,0.017693674191832542,0.017693674191832542
1763,302888,21,1832,0.017693549394607544,0.017693549394607544
1764,418280,29,2536,0.017688170075416565,0.017688170075416565
1765,438024,30,7944,0.01768377423286438,0.01768377423286438
1766,408535,28,7127,0.017681298777461052,0.017681298777461052
1767,448513,31,4097,0.01766088791191578,0.01766088791191578
1768,442592,30,12512,0.017654629424214363,0.017654629424214363
1769,451192,31,6776,0.017649095505475998,0.017649095505475998
1770,416585,29,841,0.017646538093686104,0.017646538093686104
1771,421496,29,5752,0.017638439312577248,0.017638439312577248
1772,424741,29,8997,0.017636122182011604,0.017636122182011604
1773,458020,31,13604,0.017632437869906425,0.017632437869906425
1774,444442,31,26,0.017632195726037025,0.017632195726037025
1775,455084,31,10668,0.01763084903359413,0.01763084903359413
1776,435454,30,5374,0.017627637833356857,0.017627637833356857
1777,440525,30,10445,0.01762719638645649,0.01762719638645649
1778,432085,30,2005,0.017621370032429695,0.017621370032429695
1779,448798,31,4382,0.01761973649263382,0.01761973649263382
1780,418879,29,3135,0.017617156729102135,0.017617156729102135
1781,455534,31,11118,0.017612915486097336,0.017612915486097336
1782,449071,31,4655,0.017608223482966423,0.017608223482966423
1783,450693,31,6277,0.01760180853307247,0.01760180853307247
1784,436561,30,6481,0.017591029405593872,0.017591029405593872
1785,453193,31,8777,0.017587408423423767,0.017587408423423767
1786,446751,31,2335,0.01757936365902424,0.01757936365902424
1787,455708,31,11292,0.017577212303876877,0.017577212303876877
1788,449530,31,5114,0.01756477914750576,0.01756477914750576
1789,458682,31,14266,0.017559031024575233,0.017559031024575233
1790,454185,31,9769,0.017557239159941673,0.017557239159941673
1791,453182,31,8766,0.01755591109395027,0.01755591109395027
1792,457387,31,12971,0.017551254481077194,0.017551254481077194
1793,455683,31,11267,0.017544342204928398,0.017544342204928398
1794,408004,28,6596,0.017539389431476593,0.017539389431476593
1795,456915,31,12499,0.017538052052259445,0.017538052052259445
1796,453177,31,8761,0.017537986859679222,0.017537986859679222
1797,441449,30,11369,0.017529470846056938,0.017529470846056938
1798,421125,29,5381,0.017514018341898918,0.017514018341898918
1799,444898,31,482,0.017513979226350784,0.017513979226350784
1800,445617,31,1201,0.01750836707651615,0.01750836707651615
1801,450071,31,5655,0.01750377006828785,0.01750377006828785
1802,449367,31,4951,0.017503054812550545,0.017503054812550545
1803,451750,31,7334,0.01750083826482296,0.01750083826482296
1804,449415,31,4999,0.017498323693871498,0.017498323693871498
1805,452309,31,7893,0.017496177926659584,0.017496177926659584
1806,456319,31,11903,0.017495065927505493,0.017495065927505493
1807,457279,31,12863,0.01749434880912304,0.01749434880912304
1808,449605,31,5189,0.017490388825535774,0.017490388825535774
1809,433503,30,3423,0.017475124448537827,0.017475124448537827
1810,454052,31,9636,0.017474528402090073,0.017474528402090073
1811,445349,31,933,0.017469756305217743,0.017469756305217743
1812,455006,31,10590,0.017468295991420746,0.017468295991420746
1813,394314,27,7242,0.017466260120272636,0.017466260120272636
1814,444261,30,14181,0.017463399097323418,0.017463399097323418
1815,441306,30,11226,0.01746208965778351,0.01746208965778351
1816,384058,26,11322,0.01745912991464138,0.01745912991464138
1817,446416,31,2000,0.017451083287596703,0.017451083287596703
1818,458008,31,13592,0.01745063252747059,0.01745063252747059
1819,449126,31,4710,0.01743961311876774,0.01743961311876774
1820,451596,31,7180,0.017431456595659256,0.017431456595659256
1821,446710,31,2294,0.01743025705218315,0.01743025705218315
1822,409247,28,7839,0.017407264560461044,0.017407264560461044
1823,454964,31,10548,0.017387427389621735,0.017387427389621735
1824,447571,31,3155,0.01738739013671875,0.01738739013671875
1825,430820,30,740,0.017387110739946365,0.017387110739946365
1826,424985,29,9241,0.01738632097840309,0.01738632097840309
1827,411056,28,9648,0.01737900637090206,0.01737900637090206
1828,447294,31,2878,0.017376692965626717,0.017376692965626717
1829,436283,30,6203,0.017367202788591385,0.017367202788591385
1830,430815,30,735,0.0173540860414505,0.0173540860414505
1831,418145,29,2401,0.017349878326058388,0.017349878326058388
1832,439717,30,9637,0.017349377274513245,0.017349377274513245
1833,416648,29,904,0.017339857295155525,0.017339857295155525
1834,446887,31,2471,0.017337840050458908,0.017337840050458908
1835,448406,31,3990,0.01733388938009739,0.01733388938009739
1836,431324,30,1244,0.017332399263978004,0.017332399263978004
1837,427931,29,12187,0.017330942675471306,0.017330942675471306
1838,410795,28,9387,0.01732751913368702,0.01732751913368702
1839,447991,31,3575,0.01731657236814499,0.01731657236814499
1840,445256,31,840,0.01731228642165661,0.01731228642165661
1841,456186,31,11770,0.017308736220002174,0.017308736220002174
1842,451371,31,6955,0.01730750873684883,0.01730750873684883
1843,456709,31,12293,0.017307329922914505,0.017307329922914505
1844,446529,31,2113,0.017307119444012642,0.017307119444012642
1845,448504,31,4088,0.01730586588382721,0.01730586588382721
1846,435839,30,5759,0.017300255596637726,0.017300255596637726
1847,455753,31,11337,0.017295820638537407,0.017295820638537407
1848,456930,31,12514,0.017295092344284058,0.017295092344284058
1849,427579,29,11835,0.01727929525077343,0.01727929525077343
1850,430397,30,317,0.017275292426347733,0.017275292426347733
1851,449755,31,5339,0.017268624156713486,0.017268624156713486
1852,412701,28,11293,0.017266875132918358,0.017266875132918358
1853,438212,30,8132,0.01726548559963703,0.01726548559963703
1854,427242,29,11498,0.01726520247757435,0.01726520247757435
1855,433755,30,3675,0.017253337427973747,0.017253337427973747
1856,403271,28,1863,0.01724226213991642,0.01724226213991642
1857,417676,29,1932,0.017236823216080666,0.017236823216080666
1858,448902,31,4486,0.017221864312887192,0.017221864312887192
1859,450880,31,6464,0.01722150295972824,0.01722150295972824
1860,432764,30,2684,0.017208894714713097,0.017208894714713097
1861,428066,29,12322,0.017207298427820206,0.017207298427820206
1862,437274,30,7194,0.017202530056238174,0.017202530056238174
1863,439292,30,9212,0.017200900241732597,0.017200900241732597
1864,458473,31,14057,0.017200101166963577,0.017200101166963577
1865,449600,31,5184,0.017190629616379738,0.017190629616379738
1866,449786,31,5370,0.017190158367156982,0.017190158367156982
1867,395257,27,8185,0.017186516895890236,0.017186516895890236
1868,394039,27,6967,0.01718199998140335,0.01718199998140335
1869,445331,31,915,0.0171815212816,0.0171815212816
1870,450133,31,5717,0.01717984676361084,0.01717984676361084
1871,452228,31,7812,0.01717226393520832,0.01717226393520832
1872,452514,31,8098,0.017171509563922882,0.017171509563922882
1873,422287,29,6543,0.01717144437134266,0.01717144437134266
1874,456497,31,12081,0.017169995233416557,0.017169995233416557
1875,373519,26,783,0.01716974750161171,0.01716974750161171
1876,412306,28,10898,0.01716933771967888,0.01716933771967888
1877,434689,30,4609,0.01716870628297329,0.01716870628297329
1878,449951,31,5535,0.01716804690659046,0.01716804690659046
1879,457137,31,12721,0.01716296188533306,0.01716296188533306
1880,446346,31,1930,0.017162838950753212,0.017162838950753212
1881,455128,31,10712,0.01715930551290512,0.01715930551290512
1882,439701,30,9621,0.017150554805994034,0.017150554805994034
1883,454005,31,9589,0.017144422978162766,0.017144422978162766
1884,451411,31,6995,0.017143992707133293,0.017143992707133293
1885,456635,31,12219,0.017140105366706848,0.017140105366706848
1886,454739,31,10323,0.017130227759480476,0.017130227759480476
1887,446820,31,2404,0.017129193991422653,0.017129193991422653
1888,456939,31,12523,0.01712752878665924,0.01712752878665924
1889,452737,31,8321,0.017126429826021194,0.017126429826021194
1890,452585,31,8169,0.017105141654610634,0.017105141654610634
1891,451898,31,7482,0.017097540199756622,0.017097540199756622
1892,446336,31,1920,0.017096800729632378,0.017096800729632378
1893,450144,31,5728,0.01709636300802231,0.01709636300802231
1894,415974,29,230,0.017089636996388435,0.017089636996388435
1895,455022,31,10606,0.017087239772081375,0.017087239772081375
1896,458616,31,14200,0.017074164003133774,0.017074164003133774
1897,448926,31,4510,0.017071081325411797,0.017071081325411797
1898,455431,31,11015,0.017070133239030838,0.017070133239030838
1899,381509,26,8773,0.01706182211637497,0.01706182211637497
1900,446563,31,2147,0.017057176679372787,0.017057176679372787
1901,447387,31,2971,0.01705702766776085,0.01705702766776085
1902,444850,31,434,0.017052531242370605,0.017052531242370605
1903,454668,31,10252,0.01704932190477848,0.01704932190477848
1904,454124,31,9708,0.01704707182943821,0.01704707182943821
1905,448666,31,4250,0.017046116292476654,0.017046116292476654
1906,450263,31,5847,0.017045291140675545,0.017045291140675545
1907,456464,31,12048,0.01703418791294098,0.01703418791294098
1908,455060,31,10644,0.017032669857144356,0.017032669857144356
1909,454828,31,10412,0.01702740043401718,0.01702740043401718
1910,457342,31,12926,0.017023298889398575,0.017023298889398575
1911,456227,31,11811,0.017022402957081795,0.017022402957081795
1912,386739,26,14003,0.017020469531416893,0.017020469531416893
1913,456907,31,12491,0.017016032710671425,0.017016032710671425
1914,436401,30,6321,0.017013855278491974,0.017013855278491974
1915,319825,22,4433,0.017009109258651733,0.017009109258651733
1916,426915,29,11171,0.01700267754495144,0.01700267754495144
1917,437034,30,6954,0.016998959705233574,0.016998959705233574
1918,445948,31,1532,0.016996044665575027,0.016996044665575027
1919,446848,31,2432,0.016995569691061974,0.016995569691061974
1920,425045,29,9301,0.016994142904877663,0.016994142904877663
1921,458093,31,13677,0.01698925718665123,0.01698925718665123
1922,450574,31,6158,0.016987059265375137,0.016987059265375137
1923,375143,26,2407,0.016986072063446045,0.016986072063446045
1924,454627,31,10211,0.01698102429509163,0.01698102429509163
1925,446030,31,1614,0.016968803480267525,0.016968803480267525
1926,452366,31,7950,0.016952956095337868,0.016952956095337868
1927,457440,31,13024,0.016951056197285652,0.016951056197285652
1928,444521,31,105,0.016944505274295807,0.016944505274295807
1929,416459,29,715,0.01694399304687977,0.01694399304687977
1930,439196,30,9116,0.016942167654633522,0.016942167654633522
1931,438149,30,8069,0.01692594587802887,0.01692594587802887
1932,391744,27,4672,0.01692136935889721,0.01692136935889721
1933,449811,31,5395,0.016912097111344337,0.016912097111344337
1934,448873,31,4457,0.016903825104236603,0.016903825104236603
1935,444626,31,210,0.016899989917874336,0.016899989917874336
1936,456286,31,11870,0.016897214576601982,0.016897214576601982
1937,430986,30,906,0.016889415681362152,0.016889415681362152
1938,283021,19,10637,0.016886383295059204,0.016886383295059204
1939,440631,30,10551,0.016879579052329063,0.016879579052329063
1940,441259,30,11179,0.016878537833690643,0.016878537833690643
1941,450516,31,6100,0.01687712036073208,0.01687712036073208
1942,446718,31,2302,0.016869109123945236,0.016869109123945236
1943,458313,31,13897,0.016863152384757996,0.016863152384757996
1944,418577,29,2833,0.01685841754078865,0.01685841754078865
1945,450617,31,6201,0.016857987269759178,0.016857987269759178
1946,450359,31,5943,0.016839684918522835,0.016839684918522835
1947,450032,31,5616,0.016834257170557976,0.016834257170557976
1948,285190,19,12806,0.016827687621116638,0.016827687621116638
1949,449899,31,5483,0.016827119514346123,0.016827119514346123
1950,255695,17,11983,0.01681133173406124,0.01681133173406124
1951,447214,31,2798,0.016809167340397835,0.016809167340397835
1952,433080,30,3000,0.016807960346341133,0.016807960346341133
1953,453038,31,8622,0.016807254403829575,0.016807254403829575
1954,452683,31,8267,0.01680275984108448,0.01680275984108448
1955,453835,31,9419,0.016798056662082672,0.016798056662082672
1956,443405,30,13325,0.016793187707662582,0.016793187707662582
1957,392219,27,5147,0.01678730547428131,0.01678730547428131
1958,456799,31,12383,0.01678537391126156,0.01678537391126156
1959,403477,28,2069,0.016784070059657097,0.016784070059657097
1960,448665,31,4249,0.016783474013209343,0.016783474013209343
1961,453787,31,9371,0.016775690019130707,0.016775690019130707
1962,444634,31,218,0.016772642731666565,0.016772642731666565
1963,454968,31,10552,0.016763098537921906,0.016763098537921906
1964,437411,30,7331,0.01675986871123314,0.01675986871123314
1965,441740,30,11660,0.016753751784563065,0.016753751784563065
1966,315301,21,14245,0.016753198578953743,0.016753198578953743
1967,446331,31,1915,0.01674949936568737,0.01674949936568737
1968,448279,31,3863,0.016746295616030693,0.016746295616030693
1969,398402,27,11330,0.01674564741551876,0.01674564741551876
1970,445725,31,1309,0.016736093908548355,0.016736093908548355
1971,454478,31,10062,0.016734817996621132,0.016734817996621132
1972,452816,31,8400,0.016730548813939095,0.016730548813939095
1973,451920,31,7504,0.016729213297367096,0.016729213297367096
1974,409989,28,8581,0.01672905869781971,0.01672905869781971
1975,454352,31,9936,0.0167287178337574,0.0167287178337574
1976,445011,31,595,0.016728270798921585,0.016728270798921585
1977,430472,30,392,0.016727667301893234,0.016727667301893234
1978,450375,31,5959,0.01672561839222908,0.01672561839222908
1979,395994,27,8922,0.01672075130045414,0.01672075130045414
1980,450224,31,5808,0.016719436272978783,0.016719436272978783
1981,443981,30,13901,0.01671610027551651,0.01671610027551651
1982,455382,31,10966,0.016710709780454636,0.016710709780454636
1983,450814,31,6398,0.01670807972550392,0.01670807972550392
1984,455565,31,11149,0.016705481335520744,0.016705481335520744
1985,454392,31,9976,0.016705222427845,0.016705222427845
1986,420351,29,4607,0.016701169312000275,0.016701169312000275
1987,435641,30,5561,0.01670047640800476,0.01670047640800476
1988,437177,30,7097,0.016697989776730537,0.016697989776730537
1989,457417,31,13001,0.016691256314516068,0.016691256314516068
1990,458476,31,14060,0.01668543554842472,0.01668543554842472
1991,405421,28,4013,0.016684632748365402,0.016684632748365402
1992,319158,22,3766,0.01668231002986431,0.01668231002986431
1993,420287,29,4543,0.01667892560362816,0.01667892560362816
1994,454576,31,10160,0.016675032675266266,0.016675032675266266
1995,453816,31,9400,0.016667984426021576,0.016667984426021576
1996,413041,28,11633,0.016664596274495125,0.016664596274495125
1997,438742,30,8662,0.016664061695337296,0.016664061695337296
1998,448120,31,3704,0.016662105917930603,0.016662105917930603
1999,437405,30,7325,0.01665961928665638,0.01665961928665638
2000,444620,31,204,0.016649728640913963,0.016649728640913963
2001,441043,30,10963,0.016646279022097588,0.016646279022097588
2002,446425,31,2009,0.01664547249674797,0.01664547249674797
2003,266477,18,8429,0.016643675044178963,0.016643675044178963
2004,390827,27,3755,0.01664341241121292,0.01664341241121292
2005,429767,29,14023,0.01664082333445549,0.01664082333445549
2006,403190,28,1782,0.016640568152070045,0.016640568152070045
2007,417265,29,1521,0.016637763008475304,0.016637763008475304
2008,458748,31,14332,0.016632897779345512,0.016632897779345512
2009,446821,31,2405,0.016632819548249245,0.016632819548249245
2010,432587,30,2507,0.016630038619041443,0.016630038619041443
2011,455707,31,11291,0.016629673540592194,0.016629673540592194
2012,428210,29,12466,0.01662265881896019,0.01662265881896019
2013,448528,31,4112,0.016616467386484146,0.016616467386484146
2014,445622,31,1206,0.016614966094493866,0.016614966094493866
2015,451723,31,7307,0.016614219173789024,0.016614219173789024
2016,454791,31,10375,0.016610585153102875,0.016610585153102875
2017,455102,31,10686,0.016607722267508507,0.016607722267508507
2018,456368,31,11952,0.01660347357392311,0.01660347357392311
2019,439205,30,9125,0.016601186245679855,0.016601186245679855
2020,288019,20,1299,0.01660067029297352,0.01660067029297352
2021,450927,31,6511,0.01659752056002617,0.01659752056002617
2022,415749,29,5,0.01659626141190529,0.01659626141190529
2023,453690,31,9274,0.016594821587204933,0.016594821587204933
2024,432824,30,2744,0.016589311882853508,0.016589311882853508
2025,441968,30,11888,0.01658424735069275,0.01658424735069275
2026,452960,31,8544,0.016581308096647263,0.016581308096647263
2027,453071,31,8655,0.01657100021839142,0.01657100021839142
2028,454657,31,10241,0.01654364913702011,0.01654364913702011
2029,450853,31,6437,0.016540905460715294,0.016540905460715294
2030,446197,31,1781,0.01653704233467579,0.01653704233467579
2031,315868,22,476,0.01653454452753067,0.01653454452753067
2032,441385,30,11305,0.016521630808711052,0.016521630808711052
2033,447607,31,3191,0.016520768404006958,0.016520768404006958
2034,449154,31,4738,0.016518903896212578,0.016518903896212578
2035,457839,31,13423,0.016516463831067085,0.016516463831067085
2036,445849,31,1433,0.01651187799870968,0.01651187799870968
2037,405496,28,4088,0.01650473102927208,0.01650473102927208
2038,433477,30,3397,0.016501514241099358,0.016501514241099358
2039,455505,31,11089,0.0164988711476326,0.0164988711476326
2040,430367,30,287,0.016496863216161728,0.016496863216161728
2041,446284,31,1868,0.016494790092110634,0.016494790092110634
2042,443628,30,13548,0.016494544222950935,0.016494544222950935
2043,457349,31,12933,0.016492001712322235,0.016492001712322235
2044,441566,30,11486,0.016489140689373016,0.016489140689373016
2045,455808,31,11392,0.016488753259181976,0.016488753259181976
2046,447390,31,2974,0.016481023281812668,0.016481023281812668
2047,443898,30,13818,0.01647997833788395,0.01647997833788395
2048,439453,30,9373,0.0164765864610672,0.0164765864610672
2049,447301,31,2885,0.016475757583975792,0.016475757583975792
2050,457240,31,12824,0.01647086814045906,0.01647086814045906
2051,448673,31,4257,0.016466233879327774,0.016466233879327774
2052,396688,27,9616,0.016463089734315872,0.016463089734315872
2053,446301,31,1885,0.016462577506899834,0.016462577506899834
2054,446791,31,2375,0.01646009273827076,0.01646009273827076
2055,451640,31,7224,0.016456345096230507,0.016456345096230507
2056,454808,31,10392,0.016449296846985817,0.016449296846985817
2057,453277,31,8861,0.01644737273454666,0.01644737273454666
2058,454644,31,10228,0.016433637589216232,0.016433637589216232
2059,438779,30,8699,0.016431527212262154,0.016431527212262154
2060,449240,31,4824,0.016425788402557373,0.016425788402557373
2061,451032,31,6616,0.016423508524894714,0.016423508524894714
2062,448133,31,3717,0.01641663908958435,0.01641663908958435
2063,457985,31,13569,0.016412777826189995,0.016412777826189995
2064,457945,31,13529,0.01640952192246914,0.01640952192246914
2065,452137,31,7721,0.016408901661634445,0.016408901661634445
2066,438328,30,8248,0.01640503853559494,0.01640503853559494
2067,437795,30,7715,0.016404269263148308,0.016404269263148308
2068,451545,31,7129,0.016396384686231613,0.016396384686231613
2069,378821,26,6085,0.016393788158893585,0.016393788158893585
2070,414459,28,13051,0.016377152875065804,0.016377152875065804
2071,444433,31,17,0.016364164650440216,0.016364164650440216
2072,448880,31,4464,0.016362905502319336,0.016362905502319336
2073,449797,31,5381,0.016358017921447754,0.016358017921447754
2074,457852,31,13436,0.01635708473622799,0.01635708473622799
2075,458204,31,13788,0.016354035586118698,0.016354035586118698
2076,453921,31,9505,0.016353217884898186,0.016353217884898186
2077,448496,31,4080,0.016348328441381454,0.016348328441381454
2078,425060,29,9316,0.016342798247933388,0.016342798247933388
2079,451881,31,7465,0.01634235866367817,0.01634235866367817
2080,432014,30,1934,0.016341954469680786,0.016341954469680786
2081,458156,31,13740,0.01634174957871437,0.01634174957871437
2082,438897,30,8817,0.016340548172593117,0.016340548172593117
2083,446611,31,2195,0.016337042674422264,0.016337042674422264
2084,439874,30,9794,0.01633485034108162,0.01633485034108162
2085,407286,28,5878,0.01632997952401638,0.01632997952401638
2086,409311,28,7903,0.016325850039720535,0.016325850039720535
2087,458123,31,13707,0.01632184162735939,0.01632184162735939
2088,264942,18,6894,0.016318580135703087,0.016318580135703087
2089,448166,31,3750,0.016312986612319946,0.016312986612319946
2090,450936,31,6520,0.016312215477228165,0.016312215477228165
2091,420382,29,4638,0.0163100752979517,0.0163100752979517
2092,454729,31,10313,0.016303131356835365,0.016303131356835365
2093,422305,29,6561,0.016300803050398827,0.016300803050398827
2094,444811,31,395,0.016299862414598465,0.016299862414598465
2095,457367,31,12951,0.016291256994009018,0.016291256994009018
2096,449252,31,4836,0.016280198469758034,0.016280198469758034
2097,451748,31,7332,0.016270101070404053,0.016270101070404053
2098,455932,31,11516,0.01626615785062313,0.01626615785062313
2099,452276,31,7860,0.016263503581285477,0.016263503581285477
2100,456156,31,11740,0.01626300811767578,0.01626300811767578
2101,439386,30,9306,0.016256168484687805,0.016256168484687805
2102,433968,30,3888,0.016247643157839775,0.016247643157839775
2103,434593,30,4513,0.016243794932961464,0.016243794932961464
2104,445084,31,668,0.016234155744314194,0.016234155744314194
2105,433506,30,3426,0.016233839094638824,0.016233839094638824
2106,444463,31,47,0.016229664906859398,0.016229664906859398
2107,448135,31,3719,0.01622827723622322,0.01622827723622322
2108,446322,31,1906,0.01622716709971428,0.01622716709971428
2109,444553,31,137,0.01622701808810234,0.01622701808810234
2110,447856,31,3440,0.01622079126536846,0.01622079126536846
2111,431703,30,1623,0.016217216849327087,0.016217216849327087
2112,446296,31,1880,0.016217002645134926,0.016217002645134926
2113,454822,31,10406,0.016212621703743935,0.016212621703743935
2114,432441,30,2361,0.016204871237277985,0.016204871237277985
2115,455005,31,10589,0.016201267018914223,0.016201267018914223
2116,438141,30,8061,0.016192371025681496,0.016192371025681496
2117,452051,31,7635,0.0161910317838192,0.0161910317838192
2118,437158,30,7078,0.016186706721782684,0.016186706721782684
2119,434149,30,4069,0.016185898333787918,0.016185898333787918
2120,458288,31,13872,0.016182025894522667,0.016182025894522667
2121,456708,31,12292,0.01618093252182007,0.01618093252182007
2122,454424,31,10008,0.016172397881746292,0.016172397881746292
2123,458119,31,13703,0.016166163608431816,0.016166163608431816
2124,290641,20,3921,0.01616242714226246,0.01616242714226246
2125,448514,31,4098,0.016145264729857445,0.016145264729857445
2126,416196,29,452,0.016145160421729088,0.016145160421729088
2127,453894,31,9478,0.01614339090883732,0.01614339090883732
2128,437120,30,7040,0.01614297553896904,0.01614297553896904
2129,418374,29,2630,0.0161381047219038,0.0161381047219038
2130,451103,31,6687,0.01613454334437847,0.01613454334437847
2131,456927,31,12511,0.016130201518535614,0.016130201518535614
2132,445685,31,1269,0.0161292664706707,0.0161292664706707
2133,454971,31,10555,0.01612461544573307,0.01612461544573307
2134,445543,31,1127,0.016123471781611443,0.016123471781611443
2135,432789,30,2709,0.016118191182613373,0.016118191182613373
2136,422741,29,6997,0.01611742377281189,0.01611742377281189
2137,419055,29,3311,0.016115548089146614,0.016115548089146614
2138,444432,31,16,0.016111163422465324,0.016111163422465324
2139,451786,31,7370,0.016109157353639603,0.016109157353639603
2140,445537,31,1121,0.016109071671962738,0.016109071671962738
2141,395123,27,8051,0.016101956367492676,0.016101956367492676
2142,455674,31,11258,0.01610119454562664,0.01610119454562664
2143,397956,27,10884,0.01610090769827366,0.01610090769827366
2144,453678,31,9262,0.016095126047730446,0.016095126047730446
2145,438851,30,8771,0.016089770942926407,0.016089770942926407
2146,443074,30,12994,0.01608550362288952,0.01608550362288952
2147,446293,31,1877,0.016083121299743652,0.016083121299743652
2148,442571,30,12491,0.016077497974038124,0.016077497974038124
2149,456598,31,12182,0.01607701927423477,0.01607701927423477
2150,450963,31,6547,0.01607353240251541,0.01607353240251541
2151,451348,31,6932,0.016071155667304993,0.016071155667304993
2152,454694,31,10278,0.01606246642768383,0.01606246642768383
2153,438110,30,8030,0.01606101170182228,0.01606101170182228
2154,445840,31,1424,0.01605975441634655,0.01605975441634655
2155,443789,30,13709,0.01605234295129776,0.01605234295129776
2156,456229,31,11813,0.016048507764935493,0.016048507764935493
2157,447234,31,2818,0.016047008335590363,0.016047008335590363
2158,453140,31,8724,0.01604297198355198,0.01604297198355198
2159,445586,31,1170,0.01604263298213482,0.01604263298213482
2160,431280,30,1200,0.016031255945563316,0.016031255945563316
2161,443434,30,13354,0.016021015122532845,0.016021015122532845
2162,407640,28,6232,0.016020582988858223,0.016020582988858223
2163,451679,31,7263,0.01601731963455677,0.01601731963455677
2164,432629,30,2549,0.016006147488951683,0.016006147488951683
2165,451651,31,7235,0.0160023532807827,0.0160023532807827
2166,381541,26,8805,0.01600213535130024,0.01600213535130024
2167,435403,30,5323,0.015999840572476387,0.015999840572476387
2168,458083,31,13667,0.01599922962486744,0.01599922962486744
2169,456448,31,12032,0.01599179580807686,0.01599179580807686
2170,445662,31,1246,0.015991387888789177,0.015991387888789177
2171,433166,30,3086,0.015991300344467163,0.015991300344467163
2172,425430,29,9686,0.015987949445843697,0.015987949445843697
2173,446163,31,1747,0.015985265374183655,0.015985265374183655
2174,219565,15,4525,0.01597963273525238,0.01597963273525238
2175,441348,30,11268,0.015979452058672905,0.015979452058672905
2176,454877,31,10461,0.0159776508808136,0.0159776508808136
2177,444829,31,413,0.015976615250110626,0.015976615250110626
2178,437063,30,6983,0.015973303467035294,0.015973303467035294
2179,447453,31,3037,0.01597079075872898,0.01597079075872898
2180,430890,30,810,0.015970371663570404,0.015970371663570404
2181,424457,29,8713,0.015965081751346588,0.015965081751346588
2182,430674,30,594,0.015956616029143333,0.015956616029143333
2183,440829,30,10749,0.015951653942465782,0.015951653942465782
2184,438942,30,8862,0.01594948209822178,0.01594948209822178
2185,444798,31,382,0.01594371534883976,0.01594371534883976
2186,436644,30,6564,0.015940343961119652,0.015940343961119652
2187,454869,31,10453,0.015928683802485466,0.015928683802485466
2188,453047,31,8631,0.01592094823718071,0.01592094823718071
2189,419771,29,4027,0.015918521210551262,0.015918521210551262
2190,437072,30,6992,0.015901939943432808,0.015901939943432808
2191,458720,31,14304,0.01590060442686081,0.01590060442686081
2192,452950,31,8534,0.015895580872893333,0.015895580872893333
2193,449017,31,4601,0.015887970104813576,0.015887970104813576
2194,448413,31,3997,0.01587977074086666,0.01587977074086666
2195,440276,30,10196,0.015879474580287933,0.015879474580287933
2196,425180,29,9436,0.015872111544013023,0.015872111544013023
2197,445980,31,1564,0.015869690105319023,0.015869690105319023
2198,362915,25,4515,0.01586962677538395,0.01586962677538395
2199,453668,31,9252,0.01586819440126419,0.01586819440126419
2200,452341,31,7925,0.015849286690354347,0.015849286690354347
2201,445814,31,1398,0.015842977911233902,0.015842977911233902
2202,452965,31,8549,0.015839552506804466,0.015839552506804466
2203,456038,31,11622,0.01583893969655037,0.01583893969655037
2204,448250,31,3834,0.015838494524359703,0.015838494524359703
2205,457450,31,13034,0.015834413468837738,0.015834413468837738
2206,447848,31,3432,0.01582823134958744,0.01582823134958744
2207,445975,31,1559,0.015827365219593048,0.015827365219593048
2208,448021,31,3605,0.015825491398572922,0.015825491398572922
2209,452422,31,8006,0.01582481898367405,0.01582481898367405
2210,451674,31,7258,0.015823818743228912,0.015823818743228912
2211,443430,30,13350,0.01581055484712124,0.01581055484712124
2212,440714,30,10634,0.015807248651981354,0.015807248651981354
2213,458022,31,13606,0.01580457016825676,0.01580457016825676
2214,445083,31,667,0.015802890062332153,0.015802890062332153
2215,446084,31,1668,0.015799783170223236,0.015799783170223236
2216,446494,31,2078,0.015799056738615036,0.015799056738615036
2217,455812,31,11396,0.015793627128005028,0.015793627128005028
2218,420668,29,4924,0.01578536443412304,0.01578536443412304
2219,447268,31,2852,0.015784775838255882,0.015784775838255882
2220,437515,30,7435,0.015781335532665253,0.015781335532665253
2221,457605,31,13189,0.01577761210501194,0.01577761210501194
2222,457248,31,12832,0.015774182975292206,0.015774182975292206
2223,431812,30,1732,0.01577397808432579,0.01577397808432579
2224,430920,30,840,0.015767153352499008,0.015767153352499008
2225,456947,31,12531,0.01575908251106739,0.01575908251106739
2226,450006,31,5590,0.015758471563458443,0.015758471563458443
2227,445756,31,1340,0.01574699394404888,0.01574699394404888
2228,458420,31,14004,0.01573977619409561,0.01573977619409561
2229,441611,30,11531,0.015736760571599007,0.015736760571599007
2230,446176,31,1760,0.015730101615190506,0.015730101615190506
2231,425246,29,9502,0.015727439895272255,0.015727439895272255
2232,452316,31,7900,0.01572451926767826,0.01572451926767826
2233,458099,31,13683,0.01572427898645401,0.01572427898645401
2234,456036,31,11620,0.015720250084996223,0.015720250084996223
2235,457476,31,13060,0.015718836337327957,0.015718836337327957
2236,202110,14,1406,0.015713410452008247,0.015713410452008247
2237,447785,31,3369,0.0157106202095747,0.0157106202095747
2238,445609,31,1193,0.015708500519394875,0.015708500519394875
2239,452924,31,8508,0.01570666767656803,0.01570666767656803
2240,445767,31,1351,0.015703897923231125,0.015703897923231125
2241,431410,30,1330,0.01570369303226471,0.01570369303226471
2242,443832,30,13752,0.015700358897447586,0.015700358897447586
2243,420878,29,5134,0.015696119517087936,0.015696119517087936
2244,449083,31,4667,0.015696102753281593,0.015696102753281593
2245,456151,31,11735,0.015695909038186073,0.015695909038186073
2246,457089,31,12673,0.015695316717028618,0.015695316717028618
2247,457216,31,12800,0.015694543719291687,0.015694543719291687
2248,446605,31,2189,0.015687959268689156,0.015687959268689156
2249,431760,30,1680,0.015680380165576935,0.015680380165576935
2250,457844,31,13428,0.01567423902451992,0.01567423902451992
2251,442253,30,12173,0.01567203551530838,0.01567203551530838
2252,445509,31,1093,0.015670640394091606,0.015670640394091606
2253,439771,30,9691,0.01566973887383938,0.01566973887383938
2254,449771,31,5355,0.015669334679841995,0.015669334679841995
2255,440842,30,10762,0.01566793955862522,0.01566793955862522
2256,448423,31,4007,0.015667252242565155,0.015667252242565155
2257,433020,30,2940,0.015654368326067924,0.015654368326067924
2258,447689,31,3273,0.015651825815439224,0.015651825815439224
2259,450248,31,5832,0.015644950792193413,0.015644950792193413
2260,445054,31,638,0.015641536563634872,0.015641536563634872
2261,429145,29,13401,0.015636490657925606,0.015636490657925606
2262,446879,31,2463,0.015633951872587204,0.015633951872587204
2263,454253,31,9837,0.015633268281817436,0.015633268281817436
2264,375381,26,2645,0.01563139446079731,0.01563139446079731
2265,450169,31,5753,0.01563100516796112,0.01563100516796112
2266,446579,31,2163,0.01561836339533329,0.01561836339533329
2267,447672,31,3256,0.015611404553055763,0.015611404553055763
2268,445424,31,1008,0.01560860313475132,0.01560860313475132
2269,419237,29,3493,0.01560525968670845,0.01560525968670845
2270,452830,31,8414,0.015604362823069096,0.015604362823069096
2271,458078,31,13662,0.015603162348270416,0.015603162348270416
2272,444482,31,66,0.015601187013089657,0.015601187013089657
2273,410893,28,9485,0.015599900856614113,0.015599900856614113
2274,431183,30,1103,0.015583820641040802,0.015583820641040802
2275,453971,31,9555,0.01557902805507183,0.01557902805507183
2276,444037,30,13957,0.01557875145226717,0.01557875145226717
2277,457093,31,12677,0.015574931167066097,0.015574931167066097
2278,451484,31,7068,0.015565493144094944,0.015565493144094944
2279,441138,30,11058,0.015563953667879105,0.015563953667879105
2280,438392,30,8312,0.015560504049062729,0.015560504049062729
2281,375949,26,3213,0.015557680279016495,0.015557680279016495
2282,406650,28,5242,0.015553127974271774,0.015553127974271774
2283,458613,31,14197,0.01554195862263441,0.01554195862263441
2284,432389,30,2309,0.01553549338132143,0.01553549338132143
2285,373186,26,450,0.015535152517259121,0.015535152517259121
2286,441268,30,11188,0.015534071251749992,0.015534071251749992
2287,443962,30,13882,0.015532192774116993,0.015532192774116993
2288,457020,31,12604,0.01552128978073597,0.01552128978073597
2289,449775,31,5359,0.015518593601882458,0.015518593601882458
2290,444257,30,14177,0.015517989173531532,0.015517989173531532
2291,440791,30,10711,0.015511822886765003,0.015511822886765003
2292,439040,30,8960,0.01551129762083292,0.01551129762083292
2293,437625,30,7545,0.015510652214288712,0.015510652214288712
2294,453836,31,9420,0.01550962496548891,0.01550962496548891
2295,449209,31,4793,0.015507928095757961,0.015507928095757961
2296,453059,31,8643,0.015507431700825691,0.015507431700825691
2297,450887,31,6471,0.015507121570408344,0.015507121570408344
2298,450813,31,6397,0.015497214160859585,0.015497214160859585
2299,350303,24,6239,0.015496065840125084,0.015496065840125084
2300,387774,27,702,0.015494500286877155,0.015494500286877155
2301,427440,29,11696,0.015493837185204029,0.015493837185204029
2302,413337,28,11929,0.015484914183616638,0.015484914183616638
2303,435507,30,5427,0.015478009358048439,0.015478009358048439
2304,455830,31,11414,0.015477114357054234,0.015477114357054234
2305,452712,31,8296,0.015473415143787861,0.015473415143787861
2306,456017,31,11601,0.01547213178128004,0.01547213178128004
2307,368421,25,10021,0.015470891259610653,0.015470891259610653
2308,424075,29,8331,0.015459345653653145,0.015459345653653145
2309,403290,28,1882,0.015457754023373127,0.015457754023373127
2310,442780,30,12700,0.015451284125447273,0.015451284125447273
2311,451719,31,7303,0.015448499470949173,0.015448499470949173
2312,236114,16,6738,0.015447753481566906,0.015447753481566906
2313,457664,31,13248,0.015447668731212616,0.015447668731212616
2314,436447,30,6367,0.015444016084074974,0.015444016084074974
2315,450108,31,5692,0.015443808399140835,0.015443808399140835
2316,433578,30,3498,0.015441189520061016,0.015441189520061016
2317,442941,30,12861,0.015438682399690151,0.015438682399690151
2318,369771,25,11371,0.015436394140124321,0.015436394140124321
2319,450254,31,5838,0.01543635968118906,0.01543635968118906
2320,444878,31,462,0.015433726832270622,0.015433726832270622
2321,441338,30,11258,0.015431106090545654,0.015431106090545654
2322,444871,31,455,0.015423906967043877,0.015423906967043877
2323,451161,31,6745,0.015421773307025433,0.015421773307025433
2324,431050,30,970,0.015420753508806229,0.015420753508806229
2325,454130,31,9714,0.015416882932186127,0.015416882932186127
2326,427885,29,12141,0.015407956205308437,0.015407956205308437
2327,454338,31,9922,0.015403864905238152,0.015403864905238152
2328,440812,30,10732,0.015401202253997326,0.015401202253997326
2329,456712,31,12296,0.015388897620141506,0.015388897620141506
2330,417745,29,2001,0.015387161634862423,0.015387161634862423
2331,440392,30,10312,0.015386158600449562,0.015386158600449562
2332,447041,31,2625,0.01538507454097271,0.01538507454097271
2333,425494,29,9750,0.015384276397526264,0.015384276397526264
2334,455999,31,11583,0.01537740882486105,0.01537740882486105
2335,450201,31,5785,0.015376382507383823,0.015376382507383823
2336,450742,31,6326,0.015375970862805843,0.015375970862805843
2337,451578,31,7162,0.015368235297501087,0.015368235297501087
2338,402855,28,1447,0.015366142615675926,0.015366142615675926
2339,402189,28,781,0.015362636186182499,0.015362636186182499
2340,364139,25,5739,0.015360147692263126,0.015360147692263126
2341,352146,24,8082,0.015358834527432919,0.015358834527432919
2342,455625,31,11209,0.015357473865151405,0.015357473865151405
2343,449334,31,4918,0.01535710971802473,0.01535710971802473
2344,445448,31,1032,0.015347445383667946,0.015347445383667946
2345,444299,30,14219,0.015340404585003853,0.015340404585003853
2346,440315,30,10235,0.01534013357013464,0.01534013357013464
2347,446385,31,1969,0.01533740945160389,0.01533740945160389
2348,447564,31,3148,0.015330235473811626,0.015330235473811626
2349,446528,31,2112,0.015326893888413906,0.015326893888413906
2350,447328,31,2912,0.015326308086514473,0.015326308086514473
2351,432864,30,2784,0.01532343216240406,0.01532343216240406
2352,453425,31,9009,0.015322098508477211,0.015322098508477211
2353,448744,31,4328,0.015316786244511604,0.015316786244511604
2354,449516,31,5100,0.015315488912165165,0.015315488912165165
2355,416917,29,1173,0.015305735170841217,0.015305735170841217
2356,452072,31,7656,0.015304125845432281,0.015304125845432281
2357,452547,31,8131,0.015299600549042225,0.015299600549042225
2358,454592,31,10176,0.015299360267817974,0.015299360267817974
2359,436885,30,6805,0.015294471755623817,0.015294471755623817
2360,455547,31,11131,0.015290486626327038,0.015290486626327038
2361,419557,29,3813,0.015283925458788872,0.015283925458788872
2362,447515,31,3099,0.015282739885151386,0.015282739885151386
2363,450357,31,5941,0.015280932188034058,0.015280932188034058
2364,448436,31,4020,0.015274648554623127,0.015274648554623127
2365,450185,31,5769,0.015266445465385914,0.015266445465385914
2366,452294,31,7878,0.015264865010976791,0.015264865010976791
2367,369984,25,11584,0.015264377929270267,0.015264377929270267
2368,457210,31,12794,0.015254213474690914,0.015254213474690914
2369,445191,31,775,0.015245101414620876,0.015245101414620876
2370,420874,29,5130,0.015243620611727238,0.015243620611727238
2371,436093,30,6013,0.015241807326674461,0.015241807326674461
2372,445751,31,1335,0.015240062028169632,0.015240062028169632
2373,455328,31,10912,0.01523996889591217,0.01523996889591217
2374,388039,27,967,0.015235574916005135,0.015235574916005135
2375,296144,20,9424,0.015234776772558689,0.015234776772558689
2376,454499,31,10083,0.015234365127980709,0.015234365127980709
2377,403767,28,2359,0.015232491306960583,0.015232491306960583
2378,446095,31,1679,0.015222335234284401,0.015222335234284401
2379,457095,31,12679,0.015216024592518806,0.015216024592518806
2380,444772,31,356,0.015214918181300163,0.015214918181300163
2381,454779,31,10363,0.015210774727165699,0.015210774727165699
2382,451067,31,6651,0.015204387716948986,0.015204387716948986
2383,430698,30,618,0.01520373485982418,0.01520373485982418
2384,403215,28,1807,0.015197147615253925,0.015197147615253925
2385,449809,31,5393,0.015191961079835892,0.015191961079835892
2386,458306,31,13890,0.01518695056438446,0.01518695056438446
2387,445599,31,1183,0.0151817100122571,0.0151817100122571
2388,458271,31,13855,0.015181630849838257,0.015181630849838257
2389,458066,31,13650,0.015179718844592571,0.015179718844592571
2390,444129,30,14049,0.015176810324192047,0.015176810324192047
2391,366183,25,7783,0.01517579983919859,0.01517579983919859
2392,431189,30,1109,0.01517181284725666,0.01517181284725666
2393,440135,30,10055,0.015170404687523842,0.015170404687523842
2394,454947,31,10531,0.015169830992817879,0.015169830992817879
2395,445501,31,1085,0.015156304463744164,0.015156304463744164
2396,446476,31,2060,0.015155037865042686,0.015155037865042686
2397,451173,31,6757,0.015153416432440281,0.015153416432440281
2398,447759,31,3343,0.01515249628573656,0.01515249628573656
2399,445965,31,1549,0.015151441097259521,0.015151441097259521
2400,452218,31,7802,0.01514418050646782,0.01514418050646782
2401,415852,29,108,0.015140369534492493,0.015140369534492493
2402,456196,31,11780,0.015139988623559475,0.015139988623559475
2403,457848,31,13432,0.01513400487601757,0.01513400487601757
2404,439862,30,9782,0.015131319873034954,0.015131319873034954
2405,452542,31,8126,0.015123100951313972,0.015123100951313972
2406,434552,30,4472,0.015120640397071838,0.015120640397071838
2407,439375,30,9295,0.015119684860110283,0.015119684860110283
2408,457022,31,12606,0.015119225718080997,0.015119225718080997
2409,452352,31,7936,0.015116456896066666,0.015116456896066666
2410,431376,30,1296,0.015111807733774185,0.015111807733774185
2411,336132,23,6404,0.015110410749912262,0.015110410749912262
2412,456833,31,12417,0.015108911320567131,0.015108911320567131
2413,450960,31,6544,0.0151051115244627,0.0151051115244627
2414,374284,26,1548,0.015103785321116447,0.015103785321116447
2415,431072,30,992,0.01510078925639391,0.01510078925639391
2416,454605,31,10189,0.015098425559699535,0.015098425559699535
2417,448693,31,4277,0.015087108127772808,0.015087108127772808
2418,386728,26,13992,0.015086079947650433,0.015086079947650433
2419,432847,30,2767,0.015078716911375523,0.015078716911375523
2420,433663,30,3583,0.015078425407409668,0.015078425407409668
2421,445127,31,711,0.01507384330034256,0.01507384330034256
2422,431827,30,1747,0.01507249753922224,0.01507249753922224
2423,437899,30,7819,0.015065671876072884,0.015065671876072884
2424,457946,31,13530,0.01506469864398241,0.01506469864398241
2425,435508,30,5428,0.015064629726111889,0.015064629726111889
2426,458658,31,14242,0.01506067719310522,0.01506067719310522
2427,447930,31,3514,0.01505524106323719,0.01505524106323719
2428,445465,31,1049,0.015050459653139114,0.015050459653139114
2429,446156,31,1740,0.015044224448502064,0.015044224448502064
2430,434406,30,4326,0.0150360818952322,0.0150360818952322
2431,437458,30,7378,0.015036061406135559,0.015036061406135559
2432,433992,30,3912,0.015035231597721577,0.015035231597721577
2433,389219,27,2147,0.015034913085401058,0.015034913085401058
2434,431821,30,1741,0.015034005977213383,0.015034005977213383
2435,455993,31,11577,0.015029237605631351,0.015029237605631351
2436,450802,31,6386,0.015022967010736465,0.015022967010736465
2437,448686,31,4270,0.01501944474875927,0.01501944474875927
2438,434275,30,4195,0.015014167875051498,0.015014167875051498
2439,341948,23,12220,0.015008974820375443,0.015008974820375443
2440,431232,30,1152,0.01500849798321724,0.01500849798321724
2441,311345,21,10289,0.015000994317233562,0.015000994317233562
2442,444932,31,516,0.014992647804319859,0.014992647804319859
2443,458671,31,14255,0.014980563893914223,0.014980563893914223
2444,435566,30,5486,0.014977597631514072,0.014977597631514072
2445,445801,31,1385,0.01496831327676773,0.01496831327676773
2446,427792,29,12048,0.014967167750000954,0.014967167750000954
2447,449359,31,4943,0.014962192624807358,0.014962192624807358
2448,453309,31,8893,0.014959072694182396,0.014959072694182396
2449,456253,31,11837,0.01495832484215498,0.01495832484215498
2450,449142,31,4726,0.014955036342144012,0.014955036342144012
2451,446023,31,1607,0.014950155280530453,0.014950155280530453
2452,435849,30,5769,0.014946588315069675,0.014946588315069675
2453,445547,31,1131,0.014946538023650646,0.014946538023650646
2454,445207,31,791,0.014946316368877888,0.014946316368877888
2455,453432,31,9016,0.014946014620363712,0.014946014620363712
2456,419859,29,4115,0.014942646026611328,0.014942646026611328
2457,430115,30,35,0.014936622232198715,0.014936622232198715
2458,434041,30,3961,0.014933869242668152,0.014933869242668152
2459,436713,30,6633,0.014931868761777878,0.014931868761777878
2460,439805,30,9725,0.014930658973753452,0.014930658973753452
2461,453003,31,8587,0.014927673153579235,0.014927673153579235
2462,426102,29,10358,0.01492246612906456,0.01492246612906456
2463,449348,31,4932,0.014921094290912151,0.014921094290912151
2464,456477,31,12061,0.014919105917215347,0.014919105917215347
2465,437468,30,7388,0.014916361309587955,0.014916361309587955
2466,442682,30,12602,0.014916046522557735,0.014916046522557735
2467,446194,31,1778,0.0149149214848876,0.0149149214848876
2468,446816,31,2400,0.014914807863533497,0.014914807863533497
2469,442279,30,12199,0.014905882067978382,0.014905882067978382
2470,452288,31,7872,0.01489894650876522,0.01489894650876522
2471,445717,31,1301,0.014887631870806217,0.014887631870806217
2472,428816,29,13072,0.01488371379673481,0.01488371379673481
2473,417527,29,1783,0.014873422682285309,0.014873422682285309
2474,434825,30,4745,0.014873283915221691,0.014873283915221691
2475,441387,30,11307,0.014873156324028969,0.014873156324028969
2476,444272,30,14192,0.01487072091549635,0.01487072091549635
2477,442623,30,12543,0.014869948849081993,0.014869948849081993
2478,450500,31,6084,0.014866954647004604,0.014866954647004604
2479,449280,31,4864,0.014860149472951889,0.014860149472951889
2480,455567,31,11151,0.014859747141599655,0.014859747141599655
2481,432138,30,2058,0.014858612790703773,0.014858612790703773
2482,430252,30,172,0.014855007641017437,0.014855007641017437
2483,451951,31,7535,0.014847631566226482,0.014847631566226482
2484,452044,31,7628,0.01484735868871212,0.01484735868871212
2485,446668,31,2252,0.014837425202131271,0.014837425202131271
2486,436938,30,6858,0.014835747890174389,0.014835747890174389
2487,451758,31,7342,0.014830500818789005,0.014830500818789005
2488,444454,31,38,0.014824423007667065,0.014824423007667065
2489,440242,30,10162,0.014823691919445992,0.014823691919445992
2490,430851,30,771,0.014822248369455338,0.014822248369455338
2491,426668,29,10924,0.014817637391388416,0.014817637391388416
2492,457599,31,13183,0.014810464344918728,0.014810464344918728
2493,451982,31,7566,0.014808101579546928,0.014808101579546928
2494,450961,31,6545,0.0148032046854496,0.0148032046854496
2495,454421,31,10005,0.014803015626966953,0.014803015626966953
2496,453369,31,8953,0.01480073668062687,0.01480073668062687
2497,448289,31,3873,0.014797213487327099,0.014797213487327099
2498,451221,31,6805,0.01479444932192564,0.01479444932192564
2499,333069,23,3341,0.014791439287364483,0.014791439287364483
2500,426504,29,10760,0.014791290275752544,0.014791290275752544
2501,452565,31,8149,0.014790166169404984,0.014790166169404984
2502,447728,31,3312,0.014789341017603874,0.014789341017603874
2503,445030,31,614,0.014788792468607426,0.014788792468607426
2504,447902,31,3486,0.01478576473891735,0.01478576473891735
2505,456361,31,11945,0.014785426668822765,0.014785426668822765
2506,431375,30,1295,0.014784944243729115,0.014784944243729115
2507,445232,31,816,0.014781175181269646,0.014781175181269646
2508,447714,31,3298,0.014765779487788677,0.014765779487788677
2509,450767,31,6351,0.014763833954930305,0.014763833954930305
2510,213343,14,12639,0.014757294207811356,0.014757294207811356
2511,449461,31,5045,0.014754784293472767,0.014754784293472767
2512,455913,31,11497,0.014753984287381172,0.014753984287381172
2513,455968,31,11552,0.014749433845281601,0.014749433845281601
2514,457338,31,12922,0.014744926244020462,0.014744926244020462
2515,445500,31,1084,0.014738291501998901,0.014738291501998901
2516,457610,31,13194,0.014736903831362724,0.014736903831362724
2517,457217,31,12801,0.014731273055076599,0.014731273055076599
2518,454701,31,10285,0.014724803157150745,0.014724803157150745
2519,434917,30,4837,0.014718412421643734,0.014718412421643734
2520,417649,29,1905,0.014710602350533009,0.014710602350533009
2521,415897,29,153,0.014704969711601734,0.014704969711601734
2522,442662,30,12582,0.014704515226185322,0.014704515226185322
2523,445903,31,1487,0.014704057015478611,0.014704057015478611
2524,415089,28,13681,0.01470273733139038,0.01470273733139038
2525,450371,31,5955,0.014701129868626595,0.014701129868626595
2526,453096,31,8680,0.014698762446641922,0.014698762446641922
2527,455491,31,11075,0.014698038809001446,0.014698038809001446
2528,457527,31,13111,0.014696728438138962,0.014696728438138962
2529,422718,29,6974,0.014688869938254356,0.014688869938254356
2530,432718,30,2638,0.014682208187878132,0.014682208187878132
2531,456777,31,12361,0.014681375585496426,0.014681375585496426
2532,204621,14,3917,0.014680786058306694,0.014680786058306694
2533,316113,22,721,0.014679070562124252,0.014679070562124252
2534,445992,31,1576,0.014678004197776318,0.014678004197776318
2535,456590,31,12174,0.014677205123007298,0.014677205123007298
2536,432368,30,2288,0.014676257036626339,0.014676257036626339
2537,449909,31,5493,0.014670316129922867,0.014670316129922867
2538,444598,31,182,0.014665736816823483,0.014665736816823483
2539,447052,31,2636,0.014663289301097393,0.014663289301097393
2540,434288,30,4208,0.014660617336630821,0.014660617336630821
2541,454346,31,9930,0.014659756794571877,0.014659756794571877
2542,449901,31,5485,0.01465653907507658,0.01465653907507658
2543,456503,31,12087,0.01465215627104044,0.01465215627104044
2544,422811,29,7067,0.01464475691318512,0.01464475691318512
2545,420257,29,4513,0.014643882401287556,0.014643882401287556
2546,434829,30,4749,0.014642731286585331,0.014642731286585331
2547,453932,31,9516,0.014642257243394852,0.014642257243394852
2548,445362,31,946,0.014641448855400085,0.014641448855400085
2549,455487,31,11071,0.014641275629401207,0.014641275629401207
2550,421420,29,5676,0.014641129411756992,0.014641129411756992
2551,449070,31,4654,0.014638474211096764,0.014638474211096764
2552,446218,31,1802,0.014636204577982426,0.014636204577982426
2553,456173,31,11757,0.014635168015956879,0.014635168015956879
2554,445156,31,740,0.014632323756814003,0.014632323756814003
2555,441628,30,11548,0.014632266946136951,0.014632266946136951
2556,444835,31,419,0.014631837606430054,0.014631837606430054
2557,449207,31,4791,0.014628948643803596,0.014628948643803596
2558,452285,31,7869,0.014626991003751755,0.014626991003751755
2559,235897,16,6521,0.014625774696469307,0.014625774696469307
2560,449960,31,5544,0.014625766314566135,0.014625766314566135
2561,450257,31,5841,0.014623817056417465,0.014623817056417465
2562,445462,31,1046,0.014623291790485382,0.014623291790485382
2563,425779,29,10035,0.014622385613620281,0.014622385613620281
2564,431411,30,1331,0.014621767215430737,0.014621767215430737
2565,450380,31,5964,0.014618230052292347,0.014618230052292347
2566,452250,31,7834,0.01461748406291008,0.01461748406291008
2567,291957,20,5237,0.014615867286920547,0.014615867286920547
2568,440643,30,10563,0.014610100537538528,0.014610100537538528
2569,452617,31,8201,0.014609563164412975,0.014609563164412975
2570,448111,31,3695,0.01460896898061037,0.01460896898061037
2571,452723,31,8307,0.014608719386160374,0.014608719386160374
2572,414147,28,12739,0.01460482832044363,0.01460482832044363
2573,416713,29,969,0.014604275114834309,0.014604275114834309
2574,445968,31,1552,0.014603783376514912,0.014603783376514912
2575,445329,31,913,0.014603507705032825,0.014603507705032825
2576,340452,23,10724,0.014600577764213085,0.014600577764213085
2577,440267,30,10187,0.014599275775253773,0.014599275775253773
2578,436894,30,6814,0.014596600085496902,0.014596600085496902
2579,431682,30,1602,0.014591717161238194,0.014591717161238194
2580,447331,31,2915,0.014590570703148842,0.014590570703148842
2581,454556,31,10140,0.014586606994271278,0.014586606994271278
2582,295503,20,8783,0.014584862627089024,0.014584862627089024
2583,435000,30,4920,0.014580515213310719,0.014580515213310719
2584,441293,30,11213,0.014570800587534904,0.014570800587534904
2585,447737,31,3321,0.014568885788321495,0.014568885788321495
2586,450170,31,5754,0.014556901529431343,0.014556901529431343
2587,422144,29,6400,0.01455026026815176,0.01455026026815176
2588,454293,31,9877,0.01454849448055029,0.01454849448055029
2589,446352,31,1936,0.014546738006174564,0.014546738006174564
2590,451503,31,7087,0.014543014578521252,0.014543014578521252
2591,420817,29,5073,0.014539225026965141,0.014539225026965141
2592,447725,31,3309,0.014531368389725685,0.014531368389725685
2593,388851,27,1779,0.01452897023409605,0.01452897023409605
2594,439603,30,9523,0.014526082202792168,0.014526082202792168
2595,449591,31,5175,0.014521554112434387,0.014521554112434387
2596,455912,31,11496,0.01450855378061533,0.01450855378061533
2597,416812,29,1068,0.014501769095659256,0.014501769095659256
2598,432888,30,2808,0.014501146040856838,0.014501146040856838
2599,458017,31,13601,0.01449915673583746,0.01449915673583746
2600,453670,31,9254,0.014492700807750225,0.014492700807750225
2601,444743,31,327,0.014491395093500614,0.014491395093500614
2602,446146,31,1730,0.014491377398371696,0.014491377398371696
2603,451344,31,6928,0.014491208828985691,0.014491208828985691
2604,424372,29,8628,0.014488788321614265,0.014488788321614265
2605,419723,29,3979,0.014487559907138348,0.014487559907138348
2606,449079,31,4663,0.0144841019064188,0.0144841019064188
2607,428851,29,13107,0.014478313736617565,0.014478313736617565
2608,446553,31,2137,0.014477056451141834,0.014477056451141834
2609,453041,31,8625,0.014465496875345707,0.014465496875345707
2610,456789,31,12373,0.014464173465967178,0.014464173465967178
2611,447562,31,3146,0.014456427656114101,0.014456427656114101
2612,438103,30,8023,0.014456190168857574,0.014456190168857574
2613,458005,31,13589,0.014455913566052914,0.014455913566052914
2614,456459,31,12043,0.014455589465796947,0.014455589465796947
2615,452691,31,8275,0.01445371937006712,0.01445371937006712
2616,452373,31,7957,0.014451808296144009,0.014451808296144009
2617,444068,30,13988,0.014449766837060452,0.014449766837060452
2618,452752,31,8336,0.014447521418333054,0.014447521418333054
2619,454811,31,10395,0.014447477646172047,0.014447477646172047
2620,447812,31,3396,0.014442067593336105,0.014442067593336105
2621,364851,25,6451,0.014437074773013592,0.014437074773013592
2622,457663,31,13247,0.014434520155191422,0.014434520155191422
2623,441030,30,10950,0.014433860778808594,0.014433860778808594
2624,445675,31,1259,0.014423663727939129,0.014423663727939129
2625,424793,29,9049,0.014421447180211544,0.014421447180211544
2626,432886,30,2806,0.01442050002515316,0.01442050002515316
2627,342869,23,13141,0.014415621757507324,0.014415621757507324
2628,445023,31,607,0.014415087178349495,0.014415087178349495
2629,445863,31,1447,0.014411970041692257,0.014411970041692257
2630,440496,30,10416,0.014409068040549755,0.014409068040549755
2631,448889,31,4473,0.01440458744764328,0.01440458744764328
2632,453533,31,9117,0.014400819316506386,0.014400819316506386
2633,446468,31,2052,0.014400403946638107,0.014400403946638107
2634,458519,31,14103,0.014398908242583275,0.014398908242583275
2635,444843,31,427,0.014396735467016697,0.014396735467016697
2636,457872,31,13456,0.014396388083696365,0.014396388083696365
2637,446467,31,2051,0.01439339853823185,0.01439339853823185
2638,451467,31,7051,0.014389832504093647,0.014389832504093647
2639,438106,30,8026,0.014384815469384193,0.014384815469384193
2640,430400,30,320,0.014383174479007721,0.014383174479007721
2641,424144,29,8400,0.014373136684298515,0.014373136684298515
2642,453791,31,9375,0.014372837729752064,0.014372837729752064
2643,455690,31,11274,0.014366102404892445,0.014366102404892445
2644,451143,31,6727,0.014362494461238384,0.014362494461238384
2645,444766,31,350,0.014361962676048279,0.014361962676048279
2646,397276,27,10204,0.014359992928802967,0.014359992928802967
2647,447196,31,2780,0.01435559056699276,0.01435559056699276
2648,452392,31,7976,0.01435365341603756,0.01435365341603756
2649,436596,30,6516,0.014349204488098621,0.014349204488098621
2650,447305,31,2889,0.014348700642585754,0.014348700642585754
2651,422380,29,6636,0.014344890601933002,0.014344890601933002
2652,444511,31,95,0.014340760186314583,0.014340760186314583
2653,434337,30,4257,0.01433249469846487,0.01433249469846487
2654,428318,29,12574,0.014330116100609303,0.014330116100609303
2655,455324,31,10908,0.01431799866259098,0.01431799866259098
2656,218856,15,3816,0.014317036606371403,0.014317036606371403
2657,440735,30,10655,0.0143141970038414,0.0143141970038414
2658,454559,31,10143,0.014310392551124096,0.014310392551124096
2659,445253,31,837,0.01430269330739975,0.01430269330739975
2660,433887,30,3807,0.014292375184595585,0.014292375184595585
2661,421900,29,6156,0.014290820807218552,0.014290820807218552
2662,454189,31,9773,0.014286602847278118,0.014286602847278118
2663,458194,31,13778,0.014285985380411148,0.014285985380411148
2664,453240,31,8824,0.01427964586764574,0.01427964586764574
2665,456661,31,12245,0.014273453503847122,0.014273453503847122
2666,458129,31,13713,0.014269862323999405,0.014269862323999405
2667,447926,31,3510,0.014266885817050934,0.014266885817050934
2668,452770,31,8354,0.014263365417718887,0.014263365417718887
2669,447862,31,3446,0.014261421747505665,0.014261421747505665
2670,456887,31,12471,0.0142569150775671,0.0142569150775671
2671,453781,31,9365,0.014256038703024387,0.014256038703024387
2672,445729,31,1313,0.01425226405262947,0.01425226405262947
2673,383197,26,10461,0.014252261258661747,0.014252261258661747
2674,456622,31,12206,0.01425123494118452,0.01425123494118452
2675,380110,26,7374,0.014251051470637321,0.014251051470637321
2676,449726,31,5310,0.014250608161091805,0.014250608161091805
2677,418132,29,2388,0.014246392995119095,0.014246392995119095
2678,457328,31,12912,0.01424103882163763,0.01424103882163763
2679,458041,31,13625,0.014235742390155792,0.014235742390155792
2680,440069,30,9989,0.014235029928386211,0.014235029928386211
2681,436222,30,6142,0.014228679239749908,0.014228679239749908
2682,445780,31,1364,0.014228093437850475,0.014228093437850475
2683,448933,31,4517,0.014227679930627346,0.014227679930627346
2684,414935,28,13527,0.014227496460080147,0.014227496460080147
2685,457266,31,12850,0.014227249659597874,0.014227249659597874
2686,454176,31,9760,0.014225294813513756,0.014225294813513756
2687,447642,31,3226,0.014224492013454437,0.014224492013454437
2688,449620,31,5204,0.014222920872271061,0.014222920872271061
2689,451416,31,7000,0.01422280352562666,0.01422280352562666
2690,455330,31,10914,0.014218270778656006,0.014218270778656006
2691,419696,29,3952,0.014217369258403778,0.014217369258403778
2692,379159,26,6423,0.014214164577424526,0.014214164577424526
2693,446603,31,2187,0.014213013462722301,0.014213013462722301
2694,452749,31,8333,0.01421231310814619,0.01421231310814619
2695,453560,31,9144,0.014211448840796947,0.014211448840796947
2696,451512,31,7096,0.014210493303835392,0.014210493303835392
2697,446571,31,2155,0.01420600712299347,0.01420600712299347
2698,457838,31,13422,0.014198021963238716,0.014198021963238716
2699,443386,30,13306,0.014196607284247875,0.014196607284247875
2700,447579,31,3163,0.014196372590959072,0.014196372590959072
2701,445278,31,862,0.014194822870194912,0.014194822870194912
2702,445648,31,1232,0.014193644747138023,0.014193644747138023
2703,430335,30,255,0.014192214235663414,0.014192214235663414
2704,443800,30,13720,0.014188488014042377,0.014188488014042377
2705,441352,30,11272,0.014185553416609764,0.014185553416609764
2706,437300,30,7220,0.014184165745973587,0.014184165745973587
2707,374643,26,1907,0.01418351475149393,0.01418351475149393
2708,430552,30,472,0.014182068407535553,0.014182068407535553
2709,434125,30,4045,0.014178629964590073,0.014178629964590073
2710,416450,29,706,0.014177613891661167,0.014177613891661167
2711,393467,27,6395,0.014177470467984676,0.014177470467984676
2712,448137,31,3721,0.014174497686326504,0.014174497686326504
2713,435041,30,4961,0.014172310009598732,0.014172310009598732
2714,454817,31,10401,0.014172214083373547,0.014172214083373547
2715,445926,31,1510,0.014171430841088295,0.014171430841088295
2716,417911,29,2167,0.01417128462344408,0.01417128462344408
2717,436886,30,6806,0.014171083457767963,0.014171083457767963
2718,429834,29,14090,0.014161993749439716,0.014161993749439716
2719,451696,31,7280,0.014159628190100193,0.014159628190100193
2720,444664,31,248,0.014157638885080814,0.014157638885080814
2721,413482,28,12074,0.014157505705952644,0.014157505705952644
2722,405485,28,4077,0.014156379736959934,0.014156379736959934
2723,246011,17,2299,0.014153742231428623,0.014153742231428623
2724,457161,31,12745,0.014152309857308865,0.014152309857308865
2725,432023,30,1943,0.014145308174192905,0.014145308174192905
2726,435553,30,5473,0.01414302084594965,0.01414302084594965
2727,445626,31,1210,0.01414185669273138,0.01414185669273138
2728,448618,31,4202,0.01413735095411539,0.01413735095411539
2729,452434,31,8018,0.014131223782896996,0.014131223782896996
2730,446354,31,1938,0.014129522256553173,0.014129522256553173
2731,450839,31,6423,0.014128788374364376,0.014128788374364376
2732,452848,31,8432,0.014126497320830822,0.014126497320830822
2733,428961,29,13217,0.014124800451099873,0.014124800451099873
2734,417028,29,1284,0.01412474736571312,0.01412474736571312
2735,439236,30,9156,0.01411741878837347,0.01411741878837347
2736,395853,27,8781,0.014115605503320694,0.014115605503320694
2737,447809,31,3393,0.0141129270195961,0.0141129270195961
2738,408899,28,7491,0.014104816131293774,0.014104816131293774
2739,428954,29,13210,0.014104101806879044,0.014104101806879044
2740,458655,31,14239,0.014093881472945213,0.014093881472945213
2741,205188,14,4484,0.014092079363763332,0.014092079363763332
2742,233197,16,3821,0.014091827906668186,0.014091827906668186
2743,435115,30,5035,0.014089134521782398,0.014089134521782398
2744,457412,31,12996,0.014085521921515465,0.014085521921515465
2745,457576,31,13160,0.014085047878324986,0.014085047878324986
2746,450911,31,6495,0.014081038534641266,0.014081038534641266
2747,452988,31,8572,0.014073759317398071,0.014073759317398071
2748,417110,29,1366,0.014071601442992687,0.014071601442992687
2749,452278,31,7862,0.014066269621253014,0.014066269621253014
2750,445371,31,955,0.01406326424330473,0.01406326424330473
2751,453525,31,9109,0.014060381799936295,0.014060381799936295
2752,403395,28,1987,0.014059987850487232,0.014059987850487232
2753,454821,31,10405,0.01405409350991249,0.01405409350991249
2754,425828,29,10084,0.014052089303731918,0.014052089303731918
2755,424302,29,8558,0.014045113697648048,0.014045113697648048
2756,453916,31,9500,0.014043012633919716,0.014043012633919716
2757,441832,30,11752,0.01403868943452835,0.01403868943452835
2758,416190,29,446,0.0140372971072793,0.0140372971072793
2759,444972,31,556,0.014032000675797462,0.014032000675797462
2760,452616,31,8200,0.01403114479035139,0.01403114479035139
2761,446018,31,1602,0.01402886863797903,0.01402886863797903
2762,441687,30,11607,0.014026726596057415,0.014026726596057415
2763,455318,31,10902,0.014023130759596825,0.014023130759596825
2764,443422,30,13342,0.01402050256729126,0.01402050256729126
2765,453261,31,8845,0.014015343971550465,0.014015343971550465
2766,336065,23,6337,0.014014204032719135,0.014014204032719135
2767,451390,31,6974,0.01401376724243164,0.01401376724243164
2768,445074,31,658,0.014010037295520306,0.014010037295520306
2769,446407,31,1991,0.014009353704750538,0.014009353704750538
2770,453052,31,8636,0.014008750207722187,0.014008750207722187
2771,449509,31,5093,0.014008509926497936,0.014008509926497936
2772,309385,21,8329,0.014007749035954475,0.014007749035954475
2773,450119,31,5703,0.014004359021782875,0.014004359021782875
2774,456342,31,11926,0.014003421179950237,0.014003421179950237
2775,442776,30,12696,0.014001202769577503,0.014001202769577503
2776,439376,30,9296,0.013999148271977901,0.013999148271977901
2777,453394,31,8978,0.013998624868690968,0.013998624868690968
2778,449738,31,5322,0.013994370587170124,0.013994370587170124
2779,435570,30,5490,0.013991883024573326,0.013991883024573326
2780,447335,31,2919,0.013988763093948364,0.013988763093948364
2781,446333,31,1917,0.013988499529659748,0.013988499529659748
2782,452256,31,7840,0.013986775651574135,0.013986775651574135
2783,414378,28,12970,0.013986296951770782,0.013986296951770782
2784,446539,31,2123,0.013983369804918766,0.013983369804918766
2785,457617,31,13201,0.01397984940558672,0.01397984940558672
2786,437039,30,6959,0.013975950889289379,0.013975950889289379
2787,441835,30,11755,0.013972335495054722,0.013972335495054722
2788,440401,30,10321,0.013970181345939636,0.013970181345939636
2789,447067,31,2651,0.013968812301754951,0.013968812301754951
2790,453283,31,8867,0.01396709494292736,0.01396709494292736
2791,446496,31,2080,0.013958502560853958,0.013958502560853958
2792,380843,26,8107,0.013958097435534,0.013958097435534
2793,440410,30,10330,0.013958006165921688,0.013958006165921688
2794,452243,31,7827,0.013956115581095219,0.013956115581095219
2795,433935,30,3855,0.013955860398709774,0.013955860398709774
2796,449446,31,5030,0.013955820351839066,0.013955820351839066
2797,443891,30,13811,0.0139539809897542,0.0139539809897542
2798,456781,31,12365,0.013948466628789902,0.013948466628789902
2799,452742,31,8326,0.013945952989161015,0.013945952989161015
2800,455344,31,10928,0.013941311277449131,0.013941311277449131
2801,438213,30,8133,0.013937952928245068,0.013937952928245068
2802,453944,31,9528,0.013937026262283325,0.013937026262283325
2803,408439,28,7031,0.013936693780124187,0.013936693780124187
2804,431715,30,1635,0.013934364542365074,0.013934364542365074
2805,453638,31,9222,0.01391679234802723,0.01391679234802723
2806,436849,30,6769,0.013913417235016823,0.013913417235016823
2807,445776,31,1360,0.013912860304117203,0.013912860304117203
2808,430736,30,656,0.013910211622714996,0.013910211622714996
2809,449467,31,5051,0.013903297483921051,0.013903297483921051
2810,408849,28,7441,0.01389971375465393,0.01389971375465393
2811,445005,31,589,0.013897438533604145,0.013897438533604145
2812,458229,31,13813,0.01389037724584341,0.01389037724584341
2813,409325,28,7917,0.013887259177863598,0.013887259177863598
2814,454115,31,9699,0.013886388391256332,0.013886388391256332
2815,449452,31,5036,0.013879197649657726,0.013879197649657726
2816,439866,30,9786,0.013878582045435905,0.013878582045435905
2817,456001,31,11585,0.013876347802579403,0.013876347802579403
2818,453928,31,9512,0.01387165579944849,0.01387165579944849
2819,456716,31,12300,0.013870280236005783,0.013870280236005783
2820,431971,30,1891,0.01386990211904049,0.01386990211904049
2821,447530,31,3114,0.013867201283574104,0.013867201283574104
2822,453449,31,9033,0.013865310698747635,0.013865310698747635
2823,453879,31,9463,0.013862728141248226,0.013862728141248226
2824,439545,30,9465,0.013862306252121925,0.013862306252121925
2825,445961,31,1545,0.013859263621270657,0.013859263621270657
2826,240229,16,10853,0.013856354169547558,0.013856354169547558
2827,429199,29,13455,0.01385603565722704,0.01385603565722704
2828,432881,30,2801,0.013853637501597404,0.013853637501597404
2829,417983,29,2239,0.013850036077201366,0.013850036077201366
2830,254172,17,10460,0.013842884451150894,0.013842884451150894
2831,438961,30,8881,0.013842860236763954,0.013842860236763954
2832,446755,31,2339,0.013839585706591606,0.013839585706591606
2833,437073,30,6993,0.013835235498845577,0.013835235498845577
2834,455028,31,10612,0.013835013844072819,0.013835013844072819
2835,353615,24,9551,0.013833235949277878,0.013833235949277878
2836,347707,24,3643,0.013828909955918789,0.013828909955918789
2837,448129,31,3713,0.01382725965231657,0.01382725965231657
2838,449538,31,5122,0.013826709240674973,0.013826709240674973
2839,443068,30,12988,0.01382481213659048,0.01382481213659048
2840,458535,31,14119,0.013823136687278748,0.013823136687278748
2841,445148,31,732,0.013821043074131012,0.013821043074131012
2842,442431,30,12351,0.01382069755345583,0.01382069755345583
2843,455456,31,11040,0.013816053979098797,0.013816053979098797
2844,437074,30,6994,0.013814604841172695,0.013814604841172695
2845,434341,30,4261,0.013813120312988758,0.013813120312988758
2846,457604,31,13188,0.013812822289764881,0.013812822289764881
2847,454797,31,10381,0.013811667449772358,0.013811667449772358
2848,417672,29,1928,0.013810993172228336,0.013810993172228336
2849,434966,30,4886,0.013809990137815475,0.013809990137815475
2850,457669,31,13253,0.01380980759859085,0.01380980759859085
2851,452850,31,8434,0.013806844130158424,0.013806844130158424
2852,434397,30,4317,0.013805143535137177,0.013805143535137177
2853,451318,31,6902,0.013804540038108826,0.013804540038108826
2854,440949,30,10869,0.013803468085825443,0.013803468085825443
2855,416801,29,1057,0.013801719062030315,0.013801719062030315
2856,449693,31,5277,0.013797646388411522,0.013797646388411522
2857,434418,30,4338,0.013797051273286343,0.013797051273286343
2858,452782,31,8366,0.013796437531709671,0.013796437531709671
2859,448037,31,3621,0.013796243816614151,0.013796243816614151
2860,447535,31,3119,0.013794554397463799,0.013794554397463799
2861,448770,31,4354,0.013790169730782509,0.013790169730782509
2862,457203,31,12787,0.013784937560558319,0.013784937560558319
2863,421520,29,5776,0.013783663511276245,0.013783663511276245
2864,433019,30,2939,0.013779534958302975,0.013779534958302975
2865,452661,31,8245,0.013779024593532085,0.013779024593532085
2866,422917,29,7173,0.013778096996247768,0.013778096996247768
2867,447774,31,3358,0.013777169398963451,0.013777169398963451
2868,444571,31,155,0.013776870444417,0.013776870444417
2869,456411,31,11995,0.013772381469607353,0.013772381469607353
2870,458250,31,13834,0.013768495060503483,0.013768495060503483
2871,446865,31,2449,0.013767345808446407,0.013767345808446407
2872,451930,31,7514,0.01376628503203392,0.01376628503203392
2873,403289,28,1881,0.013765438459813595,0.013765438459813595
2874,448839,31,4423,0.013763371855020523,0.013763371855020523
2875,425739,29,9995,0.013759766705334187,0.013759766705334187
2876,455136,31,10720,0.013758658431470394,0.013758658431470394
2877,452403,31,7987,0.013756743632256985,0.013756743632256985
2878,447360,31,2944,0.013754406943917274,0.013754406943917274
2879,444370,30,14290,0.013753239065408707,0.013753239065408707
2880,447846,31,3430,0.01375138945877552,0.01375138945877552
2881,449623,31,5207,0.013750569894909859,0.013750569894909859
2882,452375,31,7959,0.013749849051237106,0.013749849051237106
2883,454372,31,9956,0.013747124932706356,0.013747124932706356
2884,448225,31,3809,0.013745149597525597,0.013745149597525597
2885,445542,31,1126,0.013738036155700684,0.013738036155700684
2886,416667,29,923,0.013737884350121021,0.013737884350121021
2887,446951,31,2535,0.01373722031712532,0.01373722031712532
2888,456803,31,12387,0.013736880384385586,0.013736880384385586
2889,438689,30,8609,0.013736115768551826,0.013736115768551826
2890,433516,30,3436,0.0137346675619483,0.0137346675619483
2891,429762,29,14018,0.013729119673371315,0.013729119673371315
2892,352800,24,8736,0.01372760720551014,0.01372760720551014
2893,432200,30,2120,0.013726891949772835,0.013726891949772835
2894,436977,30,6897,0.01372654177248478,0.01372654177248478
2895,334344,23,4616,0.013726259581744671,0.013726259581744671
2896,457689,31,13273,0.013725657016038895,0.013725657016038895
2897,454121,31,9705,0.013724668882787228,0.013724668882787228
2898,449584,31,5168,0.01371343620121479,0.01371343620121479
2899,450952,31,6536,0.013712354935705662,0.013712354935705662
2900,276466,19,4082,0.013707910664379597,0.013707910664379597
2901,413055,28,11647,0.013700407929718494,0.013700407929718494
2902,236377,16,7001,0.013697531074285507,0.013697531074285507
2903,373750,26,1014,0.013695691712200642,0.013695691712200642
2904,445134,31,718,0.013693835586309433,0.013693835586309433
2905,434190,30,4110,0.013692102394998074,0.013692102394998074
2906,423197,29,7453,0.013688691891729832,0.013688691891729832
2907,317272,22,1880,0.013688288629055023,0.013688288629055023
2908,447599,31,3183,0.013688190840184689,0.013688190840184689
2909,457555,31,13139,0.013686536811292171,0.013686536811292171
2910,455800,31,11384,0.013684209436178207,0.013684209436178207
2911,357139,24,13075,0.013680504634976387,0.013680504634976387
2912,457199,31,12783,0.01368019264191389,0.01368019264191389
2913,436705,30,6625,0.01367204636335373,0.01367204636335373
2914,451807,31,7391,0.013671625405550003,0.013671625405550003
2915,451511,31,7095,0.013670673593878746,0.013670673593878746
2916,446731,31,2315,0.013670305721461773,0.013670305721461773
2917,456688,31,12272,0.01366578321903944,0.01366578321903944
2918,456377,31,11961,0.013664373196661472,0.013664373196661472
2919,415049,28,13641,0.013659772463142872,0.013659772463142872
2920,442321,30,12241,0.013659361749887466,0.013659361749887466
2921,449704,31,5288,0.013652271591126919,0.013652271591126919
2922,449711,31,5295,0.013651818968355656,0.013651818968355656
2923,447282,31,2866,0.013646403327584267,0.013646403327584267
2924,440843,30,10763,0.013640249148011208,0.013640249148011208
2925,437017,30,6937,0.013635278679430485,0.013635278679430485
2926,447522,31,3106,0.013634963892400265,0.013634963892400265
2927,447758,31,3342,0.013633647002279758,0.013633647002279758
2928,397765,27,10693,0.013633192516863346,0.013633192516863346
2929,375299,26,2563,0.013631671667098999,0.013631671667098999
2930,458298,31,13882,0.013630995526909828,0.013630995526909828
2931,453870,31,9454,0.013629385270178318,0.013629385270178318
2932,452501,31,8085,0.013628613203763962,0.013628613203763962
2933,457286,31,12870,0.013627196662127972,0.013627196662127972
2934,383769,26,11033,0.013623259961605072,0.013623259961605072
2935,445458,31,1042,0.013622624799609184,0.013622624799609184
2936,456240,31,11824,0.013618869706988335,0.013618869706988335
2937,424661,29,8917,0.013611222617328167,0.013611222617328167
2938,451329,31,6913,0.0136107811704278,0.0136107811704278
2939,400207,27,13135,0.013605373911559582,0.013605373911559582
2940,431045,30,965,0.013602862134575844,0.013602862134575844
2941,445502,31,1086,0.013602708466351032,0.013602708466351032
2942,446839,31,2423,0.013599604368209839,0.013599604368209839
2943,422841,29,7097,0.013599255122244358,0.013599255122244358
2944,449522,31,5106,0.013598816469311714,0.013598816469311714
2945,450819,31,6403,0.013596354983747005,0.013596354983747005
2946,441421,30,11341,0.013596002012491226,0.013596002012491226
2947,445322,31,906,0.013593661598861217,0.013593661598861217
2948,410911,28,9503,0.01359064131975174,0.01359064131975174
2949,454127,31,9711,0.0135903125628829,0.0135903125628829
2950,445045,31,629,0.013587992638349533,0.013587992638349533
2951,443338,30,13258,0.013577621430158615,0.013577621430158615
2952,406080,28,4672,0.013572631403803825,0.013572631403803825
2953,454332,31,9916,0.01357260812073946,0.01357260812073946
2954,448975,31,4559,0.013568569906055927,0.013568569906055927
2955,403393,28,1985,0.013568206690251827,0.013568206690251827
2956,454305,31,9889,0.01356356218457222,0.01356356218457222
2957,427476,29,11732,0.013562570326030254,0.013562570326030254
2958,430813,30,733,0.013559471815824509,0.013559471815824509
2959,450140,31,5724,0.013558847829699516,0.013558847829699516
2960,430257,30,177,0.013557333499193192,0.013557333499193192
2961,455412,31,10996,0.013555455952882767,0.013555455952882767
2962,246653,17,2941,0.013552366755902767,0.013552366755902767
2963,445878,31,1462,0.013549074530601501,0.013549074530601501
2964,439963,30,9883,0.01354708056896925,0.01354708056896925
2965,431394,30,1314,0.013545106165111065,0.013545106165111065
2966,454654,31,10238,0.013535772450268269,0.013535772450268269
2967,453073,31,8657,0.013533404096961021,0.013533404096961021
2968,384849,26,12113,0.01353248581290245,0.01353248581290245
2969,445759,31,1343,0.013531613163650036,0.013531613163650036
2970,456480,31,12064,0.013529907912015915,0.013529907912015915
2971,453571,31,9155,0.013529269024729729,0.013529269024729729
2972,450187,31,5771,0.013528898358345032,0.013528898358345032
2973,418501,29,2757,0.013527870178222656,0.013527870178222656
2974,450293,31,5877,0.01352610345929861,0.01352610345929861
2975,432688,30,2608,0.013525553047657013,0.013525553047657013
2976,402146,28,738,0.013524503447115421,0.013524503447115421
2977,444616,31,200,0.01352405920624733,0.01352405920624733
2978,456827,31,12411,0.013517793267965317,0.013517793267965317
2979,442793,30,12713,0.01351174246519804,0.01351174246519804
2980,445678,31,1262,0.013511618599295616,0.013511618599295616
2981,443031,30,12951,0.013508766889572144,0.013508766889572144
2982,422938,29,7194,0.013507603667676449,0.013507603667676449
2983,446115,31,1699,0.013506975024938583,0.013506975024938583
2984,444934,31,518,0.013502281159162521,0.013502281159162521
2985,455115,31,10699,0.013498455286026001,0.013498455286026001
2986,453501,31,9085,0.013496986590325832,0.013496986590325832
2987,445065,31,649,0.013495661318302155,0.013495661318302155
2988,446204,31,1788,0.013491019606590271,0.013491019606590271
2989,446899,31,2483,0.013491005636751652,0.013491005636751652
2990,452695,31,8279,0.013490327633917332,0.013490327633917332
2991,453983,31,9567,0.013486572541296482,0.013486572541296482
2992,445158,31,742,0.013486222364008427,0.013486222364008427
2993,451376,31,6960,0.013481298461556435,0.013481298461556435
2994,447888,31,3472,0.013477502390742302,0.013477502390742302
2995,450719,31,6303,0.013473560102283955,0.013473560102283955
2996,437923,30,7843,0.013472369872033596,0.013472369872033596
2997,455702,31,11286,0.013472218066453934,0.013472218066453934
2998,427215,29,11471,0.013471197336912155,0.013471197336912155
2999,453960,31,9544,0.013469403609633446,0.013469403609633446
3000,443092,30,13012,0.013469093479216099,0.013469093479216099
3001,452381,31,7965,0.013466162607073784,0.013466162607073784
3002,448742,31,4326,0.01345761213451624,0.01345761213451624
3003,330699,23,971,0.013456064276397228,0.013456064276397228
3004,456742,31,12326,0.013455964624881744,0.013455964624881744
3005,441883,30,11803,0.013454695232212543,0.013454695232212543
3006,452015,31,7599,0.013453477062284946,0.013453477062284946
3007,395282,27,8210,0.013453297317028046,0.013453297317028046
3008,446083,31,1667,0.01345316506922245,0.01345316506922245
3009,458235,31,13819,0.013449077494442463,0.013449077494442463
3010,414596,28,13188,0.013447423465549946,0.013447423465549946
3011,451191,31,6775,0.013446761295199394,0.013446761295199394
3012,429723,29,13979,0.013446029275655746,0.013446029275655746
3013,444356,30,14276,0.013442068360745907,0.013442068360745907
3014,455449,31,11033,0.013440674170851707,0.013440674170851707
3015,396903,27,9831,0.013439777307212353,0.013439777307212353
3016,453967,31,9551,0.013439471833407879,0.013439471833407879
3017,456297,31,11881,0.013438430614769459,0.013438430614769459
3018,449922,31,5506,0.013438367284834385,0.013438367284834385
3019,456505,31,12089,0.013435123488307,0.013435123488307
3020,444945,31,529,0.013432399369776249,0.013432399369776249
3021,426749,29,11005,0.013429041020572186,0.013429041020572186
3022,435370,30,5290,0.01342162024229765,0.01342162024229765
3023,453630,31,9214,0.013421470299363136,0.013421470299363136
3024,448388,31,3972,0.013420122675597668,0.013420122675597668
3025,448365,31,3949,0.013419521041214466,0.013419521041214466
3026,266042,18,7994,0.013408229686319828,0.013408229686319828
3027,418915,29,3171,0.013405662961304188,0.013405662961304188
3028,452416,31,8000,0.013403493911027908,0.013403493911027908
3029,424526,29,8782,0.013399209827184677,0.013399209827184677
3030,445535,31,1119,0.013396927155554295,0.013396927155554295
3031,445144,31,728,0.013395929709076881,0.013395929709076881
3032,453166,31,8750,0.013394326902925968,0.013394326902925968
3033,451532,31,7116,0.013389267958700657,0.013389267958700657
3034,425419,29,9675,0.013387120328843594,0.013387120328843594
3035,449877,31,5461,0.013385267928242683,0.013385267928242683
3036,454030,31,9614,0.013382499106228352,0.013382499106228352
3037,436659,30,6579,0.013378890231251717,0.013378890231251717
3038,454660,31,10244,0.013377409428358078,0.013377409428358078
3039,416322,29,578,0.013375847600400448,0.013375847600400448
3040,444840,31,424,0.013374495320022106,0.013374495320022106
3041,454693,31,10277,0.013373623602092266,0.013373623602092266
3042,448203,31,3787,0.01337351929396391,0.01337351929396391
3043,447317,31,2901,0.013370202854275703,0.013370202854275703
3044,450595,31,6179,0.013369699940085411,0.013369699940085411
3045,456998,31,12582,0.013368116691708565,0.013368116691708565
3046,343563,23,13835,0.01336710900068283,0.01336710900068283
3047,425592,29,9848,0.013361413963139057,0.013361413963139057
3048,447640,31,3224,0.013360979966819286,0.013360979966819286
3049,406795,28,5387,0.013358687050640583,0.013358687050640583
3050,440933,30,10853,0.01335645280778408,0.01335645280778408
3051,423271,29,7527,0.013352101668715477,0.013352101668715477
3052,455007,31,10591,0.013352050445973873,0.013352050445973873
3053,457059,31,12643,0.013348735868930817,0.013348735868930817
3054,447061,31,2645,0.013347698375582695,0.013347698375582695
3055,442996,30,12916,0.013345219194889069,0.013345219194889069
3056,456108,31,11692,0.013345036655664444,0.013345036655664444
3057,449078,31,4662,0.013343819417059422,0.013343819417059422
3058,430979,30,899,0.013339947909116745,0.013339947909116745
3059,445911,31,1495,0.01333679724484682,0.01333679724484682
3060,426154,29,10410,0.013330822810530663,0.013330822810530663
3061,444663,31,247,0.01332902628928423,0.01332902628928423
3062,448058,31,3642,0.0133274607360363,0.0133274607360363
3063,457227,31,12811,0.013324923813343048,0.013324923813343048
3064,436858,30,6778,0.013321664184331894,0.013321664184331894
3065,431009,30,929,0.01331940945237875,0.01331940945237875
3066,446012,31,1596,0.013319218531250954,0.013319218531250954
3067,441991,30,11911,0.01331864483654499,0.01331864483654499
3068,455762,31,11346,0.0133174704387784,0.0133174704387784
3069,447351,31,2935,0.013310275971889496,0.013310275971889496
3070,446445,31,2029,0.013302925042808056,0.013302925042808056
3071,446747,31,2331,0.013301980681717396,0.013301980681717396
3072,435460,30,5380,0.013301164843142033,0.013301164843142033
3073,451936,31,7520,0.013301071710884571,0.013301071710884571
3074,384790,26,12054,0.013300335966050625,0.013300335966050625
3075,446633,31,2217,0.013299788348376751,0.013299788348376751
3076,436011,30,5931,0.01329821813851595,0.01329821813851595
3077,456301,31,11885,0.013295698910951614,0.013295698910951614
3078,457601,31,13185,0.013293541967868805,0.013293541967868805
3079,437357,30,7277,0.013292316347360611,0.013292316347360611
3080,451114,31,6698,0.013291480951011181,0.013291480951011181
3081,447308,31,2892,0.013289929367601871,0.013289929367601871
3082,455896,31,11480,0.013289101421833038,0.013289101421833038
3083,420057,29,4313,0.013281737454235554,0.013281737454235554
3084,447511,31,3095,0.013275112956762314,0.013275112956762314
3085,440402,30,10322,0.013270214200019836,0.013270214200019836
3086,365249,25,6849,0.01326909102499485,0.01326909102499485
3087,451938,31,7522,0.013268922455608845,0.013268922455608845
3088,455275,31,10859,0.013267265632748604,0.013267265632748604
3089,376201,26,3465,0.013264736160635948,0.013264736160635948
3090,411779,28,10371,0.013262745924293995,0.013262745924293995
3091,390290,27,3218,0.013260330073535442,0.013260330073535442
3092,413625,28,12217,0.013256093487143517,0.013256093487143517
3093,389927,27,2855,0.013255203142762184,0.013255203142762184
3094,425382,29,9638,0.01325441524386406,0.01325441524386406
3095,448448,31,4032,0.013249370269477367,0.013249370269477367
3096,409245,28,7837,0.013247557915747166,0.013247557915747166
3097,432106,30,2026,0.013245983980596066,0.013245983980596066
3098,451368,31,6952,0.013245241716504097,0.013245241716504097
3099,426406,29,10662,0.013245110400021076,0.013245110400021076
3100,452885,31,8469,0.013244367204606533,0.013244367204606533
3101,452390,31,7974,0.013240261003375053,0.013240261003375053
3102,437531,30,7451,0.013239518739283085,0.013239518739283085
3103,437050,30,6970,0.01323452964425087,0.01323452964425087
3104,453508,31,9092,0.013232182711362839,0.013232182711362839
3105,455011,31,10595,0.013231099583208561,0.013231099583208561
3106,451731,31,7315,0.013230184093117714,0.013230184093117714
3107,434494,30,4414,0.013229092583060265,0.013229092583060265
3108,444446,31,30,0.013224689289927483,0.013224689289927483
3109,452832,31,8416,0.013224323280155659,0.013224323280155659
3110,440142,30,10062,0.013214797712862492,0.013214797712862492
3111,452510,31,8094,0.013214233331382275,0.013214233331382275
3112,451081,31,6665,0.013212787918746471,0.013212787918746471
3113,436300,30,6220,0.013212645426392555,0.013212645426392555
3114,436911,30,6831,0.01321220863610506,0.01321220863610506
3115,446921,31,2505,0.013211531564593315,0.013211531564593315
3116,455000,31,10584,0.01320831198245287,0.01320831198245287
3117,399063,27,11991,0.01320541650056839,0.01320541650056839
3118,141336,9,12312,0.013205247931182384,0.013205247931182384
3119,444480,31,64,0.013200422748923302,0.013200422748923302
3120,431892,30,1812,0.013199827633798122,0.013199827633798122
3121,429408,29,13664,0.013198494911193848,0.013198494911193848
3122,458057,31,13641,0.013198030181229115,0.013198030181229115
3123,454200,31,9784,0.013197694905102253,0.013197694905102253
3124,453762,31,9346,0.013196676969528198,0.013196676969528198
3125,372028,25,13628,0.013196518644690514,0.013196518644690514
3126,423843,29,8099,0.013192477636039257,0.013192477636039257
3127,422732,29,6988,0.013189219869673252,0.013189219869673252
3128,389215,27,2143,0.013188944198191166,0.013188944198191166
3129,421149,29,5405,0.013187631033360958,0.013187631033360958
3130,458251,31,13835,0.013186653144657612,0.013186653144657612
3131,380602,26,7866,0.013186424970626831,0.013186424970626831
3132,445845,31,1429,0.013182515278458595,0.013182515278458595
3133,412155,28,10747,0.013179771602153778,0.013179771602153778
3134,457808,31,13392,0.013178505934774876,0.013178505934774876
3135,405790,28,4382,0.01317823026329279,0.01317823026329279
3136,450926,31,6510,0.013174595311284065,0.013174595311284065
3137,347797,24,3733,0.013174543157219887,0.013174543157219887
3138,450040,31,5624,0.013173623010516167,0.013173623010516167
3139,452207,31,7791,0.013173198327422142,0.013173198327422142
3140,446822,31,2406,0.013172892853617668,0.013172892853617668
3141,447654,31,3238,0.013171659782528877,0.013171659782528877
3142,454053,31,9637,0.013169152662158012,0.013169152662158012
3143,417447,29,1703,0.013168888166546822,0.013168888166546822
3144,438812,30,8732,0.01316771749407053,0.01316771749407053
3145,444997,31,581,0.013166405260562897,0.013166405260562897
3146,437314,30,7234,0.013165892101824284,0.013165892101824284
3147,452817,31,8401,0.01316414587199688,0.01316414587199688
3148,438916,30,8836,0.013162508606910706,0.013162508606910706
3149,270845,18,12797,0.013161932118237019,0.013161932118237019
3150,455823,31,11407,0.01316069532185793,0.01316069532185793
3151,442855,30,12775,0.01315903477370739,0.01315903477370739
3152,454941,31,10525,0.013158402405679226,0.013158402405679226
3153,436690,30,6610,0.013157411478459835,0.013157411478459835
3154,412163,28,10755,0.013155533000826836,0.013155533000826836
3155,454852,31,10436,0.013148193247616291,0.013148193247616291
3156,450218,31,5802,0.013147924095392227,0.013147924095392227
3157,447450,31,3034,0.01313973031938076,0.01313973031938076
3158,446359,31,1943,0.013138655573129654,0.013138655573129654
3159,436382,30,6302,0.013135400600731373,0.013135400600731373
3160,451710,31,7294,0.013131671585142612,0.013131671585142612
3161,453473,31,9057,0.013128391467034817,0.013128391467034817
3162,457503,31,13087,0.013128005899488926,0.013128005899488926
3163,452292,31,7876,0.013123143464326859,0.013123143464326859
3164,439778,30,9698,0.013122967444360256,0.013122967444360256
3165,455658,31,11242,0.013122894801199436,0.013122894801199436
3166,457942,31,13526,0.013120966963469982,0.013120966963469982
3167,437807,30,7727,0.013118283823132515,0.013118283823132515
3168,441349,30,11269,0.013114308938384056,0.013114308938384056
3169,445449,31,1033,0.013110997155308723,0.013110997155308723
3170,456569,31,12153,0.013110009022057056,0.013110009022057056
3171,453069,31,8653,0.013108944520354271,0.013108944520354271
3172,456663,31,12247,0.013106482103466988,0.013106482103466988
3173,426581,29,10837,0.013105052523314953,0.013105052523314953
3174,447122,31,2706,0.01310376264154911,0.01310376264154911
3175,369646,25,11246,0.013098067604005337,0.013098067604005337
3176,447730,31,3314,0.013094274327158928,0.013094274327158928
3177,436263,30,6183,0.013094003312289715,0.013094003312289715
3178,455094,31,10678,0.01309310644865036,0.01309310644865036
3179,448424,31,4008,0.01309103425592184,0.01309103425592184
3180,451137,31,6721,0.013085258193314075,0.013085258193314075
3181,418054,29,2310,0.013084468431770802,0.013084468431770802
3182,445490,31,1074,0.013082629069685936,0.013082629069685936
3183,454169,31,9753,0.013081816956400871,0.013081816956400871
3184,457865,31,13449,0.0130808986723423,0.0130808986723423
3185,425252,29,9508,0.013080536387860775,0.013080536387860775
3186,431505,30,1425,0.013078012503683567,0.013078012503683567
3187,351304,24,7240,0.013075776398181915,0.013075776398181915
3188,449747,31,5331,0.013073405250906944,0.013073405250906944
3189,456760,31,12344,0.013072497211396694,0.013072497211396694
3190,455781,31,11365,0.013065378181636333,0.013065378181636333
3191,428780,29,13036,0.013064478524029255,0.013064478524029255
3192,457294,31,12878,0.013058963231742382,0.013058963231742382
3193,446647,31,2231,0.013056945987045765,0.013056945987045765
3194,453057,31,8641,0.013055684044957161,0.013055684044957161
3195,452149,31,7733,0.01305512897670269,0.01305512897670269
3196,218490,15,3450,0.013055053539574146,0.013055053539574146
3197,454013,31,9597,0.013054156675934792,0.013054156675934792
3198,432386,30,2306,0.013053195551037788,0.013053195551037788
3199,450397,31,5981,0.013052902184426785,0.013052902184426785
3200,444688,31,272,0.01305190660059452,0.01305190660059452
3201,438999,30,8919,0.013046524487435818,0.013046524487435818
3202,456114,31,11698,0.01304421667009592,0.01304421667009592
3203,446203,31,1787,0.01304415799677372,0.01304415799677372
3204,453207,31,8791,0.013042553327977657,0.013042553327977657
3205,444601,31,185,0.013042143546044827,0.013042143546044827
3206,449308,31,4892,0.013041678816080093,0.013041678816080093
3207,226141,15,11101,0.013041206635534763,0.013041206635534763
3208,430690,30,610,0.013041168451309204,0.013041168451309204
3209,450501,31,6085,0.013039765879511833,0.013039765879511833
3210,395621,27,8549,0.013034950010478497,0.013034950010478497
3211,431066,30,986,0.013033316470682621,0.013033316470682621
3212,431938,30,1858,0.01303299330174923,0.01303299330174923
3213,453235,31,8819,0.013030326925218105,0.013030326925218105
3214,450425,31,6009,0.013028495945036411,0.013028495945036411
3215,448908,31,4492,0.013027787208557129,0.013027787208557129
3216,455767,31,11351,0.013026724569499493,0.013026724569499493
3217,406875,28,5467,0.013024725951254368,0.013024725951254368
3218,448103,31,3687,0.01301766186952591,0.01301766186952591
3219,456454,31,12038,0.013014830648899078,0.013014830648899078
3220,457635,31,13219,0.01301087997853756,0.01301087997853756
3221,440241,30,10161,0.013010364025831223,0.013010364025831223
3222,441799,30,11719,0.013009182177484035,0.013009182177484035
3223,437984,30,7904,0.013008475303649902,0.013008475303649902
3224,452784,31,8368,0.013007189147174358,0.013007189147174358
3225,453910,31,9494,0.013005639426410198,0.013005639426410198
3226,437775,30,7695,0.013003787957131863,0.013003787957131863
3227,453570,31,9154,0.013002792373299599,0.013002792373299599
3228,418733,29,2989,0.012996489182114601,0.012996489182114601
3229,456266,31,11850,0.012996231205761433,0.012996231205761433
3230,434909,30,4829,0.012993711978197098,0.012993711978197098
3231,420011,29,4267,0.012992202304303646,0.012992202304303646
3232,438732,30,8652,0.012990517541766167,0.012990517541766167
3233,450893,31,6477,0.012989819049835205,0.012989819049835205
3234,433632,30,3552,0.012989409267902374,0.012989409267902374
3235,432883,30,2803,0.012986104935407639,0.012986104935407639
3236,442105,30,12025,0.012978163547813892,0.012978163547813892
3237,218620,15,3580,0.01297362707555294,0.01297362707555294
3238,443109,30,13029,0.012973614037036896,0.012973614037036896
3239,410566,28,9158,0.012973387725651264,0.012973387725651264
3240,451539,31,7123,0.01297273114323616,0.01297273114323616
3241,449823,31,5407,0.012970201671123505,0.012970201671123505
3242,351042,24,6978,0.012967084534466267,0.012967084534466267
3243,438205,30,8125,0.01296511571854353,0.01296511571854353
3244,432081,30,2001,0.012963016517460346,0.012963016517460346
3245,434527,30,4447,0.012959431856870651,0.012959431856870651
3246,456144,31,11728,0.012958941049873829,0.012958941049873829
3247,449559,31,5143,0.012957321479916573,0.012957321479916573
3248,438401,30,8321,0.012956813909113407,0.012956813909113407
3249,446543,31,2127,0.012956267222762108,0.012956267222762108
3250,457572,31,13156,0.012955850921571255,0.012955850921571255
3251,458531,31,14115,0.012951659969985485,0.012951659969985485
3252,447987,31,3571,0.012949028052389622,0.012949028052389622
3253,456756,31,12340,0.012944604270160198,0.012944604270160198
3254,433533,30,3453,0.012942416593432426,0.012942416593432426
3255,445183,31,767,0.012935476377606392,0.012935476377606392
3256,455083,31,10667,0.012934420257806778,0.012934420257806778
3257,451701,31,7285,0.012933359481394291,0.012933359481394291
3258,454146,31,9730,0.012931488454341888,0.012931488454341888
3259,451052,31,6636,0.012931076809763908,0.012931076809763908
3260,430259,30,179,0.012930545024573803,0.012930545024573803
3261,453964,31,9548,0.012928366661071777,0.012928366661071777
3262,449221,31,4805,0.01292480994015932,0.01292480994015932
3263,448936,31,4520,0.012919969856739044,0.012919969856739044
3264,431453,30,1373,0.012917894870042801,0.012917894870042801
3265,446046,31,1630,0.012917844578623772,0.012917844578623772
3266,443359,30,13279,0.012917273677885532,0.012917273677885532
3267,427785,29,12041,0.012917081825435162,0.012917081825435162
3268,432533,30,2453,0.012916354462504387,0.012916354462504387
3269,455590,31,11174,0.012911238707602024,0.012911238707602024
3270,458479,31,14063,0.012908508069813251,0.012908508069813251
3271,453403,31,8987,0.012905602343380451,0.012905602343380451
3272,450350,31,5934,0.012898408807814121,0.012898408807814121
3273,451978,31,7562,0.012897458858788013,0.012897458858788013
3274,443727,30,13647,0.01289666909724474,0.01289666909724474
3275,439440,30,9360,0.012894130311906338,0.012894130311906338
3276,444337,30,14257,0.012891734018921852,0.012891734018921852
3277,441424,30,11344,0.012891505844891071,0.012891505844891071
3278,445281,31,865,0.012887815944850445,0.012887815944850445
3279,446727,31,2311,0.012887440621852875,0.012887440621852875
3280,457068,31,12652,0.012886925600469112,0.012886925600469112
3281,447537,31,3121,0.012885411269962788,0.012885411269962788
3282,438864,30,8784,0.01288389042019844,0.01288389042019844
3283,429818,29,14074,0.012882569804787636,0.012882569804787636
3284,430438,30,358,0.012881524860858917,0.012881524860858917
3285,292343,20,5623,0.012881509028375149,0.012881509028375149
3286,455353,31,10937,0.012879007495939732,0.012879007495939732
3287,454629,31,10213,0.01287867035716772,0.01287867035716772
3288,404151,28,2743,0.012878657318651676,0.012878657318651676
3289,455763,31,11347,0.012878290377557278,0.012878290377557278
3290,457201,31,12785,0.012875412590801716,0.012875412590801716
3291,446975,31,2559,0.012871846556663513,0.012871846556663513
3292,456080,31,11664,0.012864295393228531,0.012864295393228531
3293,421592,29,5848,0.012862082570791245,0.012862082570791245
3294,455035,31,10619,0.012861105613410473,0.012861105613410473
3295,442885,30,12805,0.012856360524892807,0.012856360524892807
3296,449233,31,4817,0.012855677865445614,0.012855677865445614
3297,447105,31,2689,0.012854088097810745,0.012854088097810745
3298,451110,31,6694,0.01284994650632143,0.01284994650632143
3299,398611,27,11539,0.012846960686147213,0.012846960686147213
3300,443741,30,13661,0.012846817262470722,0.012846817262470722
3301,434211,30,4131,0.012844913639128208,0.012844913639128208
3302,421473,29,5729,0.012843221426010132,0.012843221426010132
3303,406323,28,4915,0.012843110598623753,0.012843110598623753
3304,431566,30,1486,0.012835578992962837,0.012835578992962837
3305,390303,27,3231,0.012831472791731358,0.012831472791731358
3306,444345,30,14265,0.012830670922994614,0.012830670922994614
3307,452715,31,8299,0.012828445993363857,0.012828445993363857
3308,457411,31,12995,0.012824065051972866,0.012824065051972866
3309,445517,31,1101,0.012822908349335194,0.012822908349335194
3310,439480,30,9400,0.012821291573345661,0.012821291573345661
3311,439575,30,9495,0.012815269641578197,0.012815269641578197
3312,443413,30,13333,0.012811851687729359,0.012811851687729359
3313,425716,29,9972,0.01280800998210907,0.01280800998210907
3314,431637,30,1557,0.012806870974600315,0.012806870974600315
3315,458044,31,13628,0.012806019745767117,0.012806019745767117
3316,348965,24,4901,0.012802335433661938,0.012802335433661938
3317,456104,31,11688,0.01280222088098526,0.01280222088098526
3318,450783,31,6367,0.012800335884094238,0.012800335884094238
3319,446402,31,1986,0.01279930118471384,0.01279930118471384
3320,390459,27,3387,0.012798894196748734,0.012798894196748734
3321,426227,29,10483,0.012798439711332321,0.012798439711332321
3322,454584,31,10168,0.012795577757060528,0.012795577757060528
3323,312244,21,11188,0.01279416959732771,0.01279416959732771
3324,439495,30,9415,0.012792475521564484,0.012792475521564484
3325,458719,31,14303,0.012791808694601059,0.012791808694601059
3326,433785,30,3705,0.012791255488991737,0.012791255488991737
3327,418652,29,2908,0.012790233828127384,0.012790233828127384
3328,453775,31,9359,0.012788413092494011,0.012788413092494011
3329,456375,31,11959,0.012787519954144955,0.012787519954144955
3330,447681,31,3265,0.012787108309566975,0.012787108309566975
3331,448687,31,4271,0.012782089412212372,0.012782089412212372
3332,415913,29,169,0.012778530828654766,0.012778530828654766
3333,454865,31,10449,0.012771395966410637,0.012771395966410637
3334,448552,31,4136,0.012766075320541859,0.012766075320541859
3335,385471,26,12735,0.012765518389642239,0.012765518389642239
3336,453444,31,9028,0.012760506011545658,0.012760506011545658
3337,419198,29,3454,0.012758742086589336,0.012758742086589336
3338,457821,31,13405,0.012756134383380413,0.012756134383380413
3339,144444,10,1084,0.012753527611494064,0.012753527611494064
3340,441077,30,10997,0.012753321789205074,0.012753321789205074
3341,457389,31,12973,0.012744521722197533,0.012744521722197533
3342,448031,31,3615,0.012742926366627216,0.012742926366627216
3343,432711,30,2631,0.012742212042212486,0.012742212042212486
3344,458084,31,13668,0.012742172926664352,0.012742172926664352
3345,456147,31,11731,0.012739291414618492,0.012739291414618492
3346,457375,31,12959,0.012737754732370377,0.012737754732370377
3347,454586,31,10170,0.012737630866467953,0.012737630866467953
3348,442222,30,12142,0.012732785195112228,0.012732785195112228
3349,453692,31,9276,0.012731349095702171,0.012731349095702171
3350,420948,29,5204,0.012730169110000134,0.012730169110000134
3351,449504,31,5088,0.012730013579130173,0.012730013579130173
3352,443494,30,13414,0.012728439643979073,0.012728439643979073
3353,388943,27,1871,0.012725278735160828,0.012725278735160828
3354,448194,31,3778,0.012718955054879189,0.012718955054879189
3355,449419,31,5003,0.012717376463115215,0.012717376463115215
3356,437478,30,7398,0.012715063989162445,0.012715063989162445
3357,421455,29,5711,0.012713490054011345,0.012713490054011345
3358,457330,31,12914,0.012710059992969036,0.012710059992969036
3359,448036,31,3620,0.012708833441138268,0.012708833441138268
3360,447307,31,2891,0.012708408758044243,0.012708408758044243
3361,450665,31,6249,0.012708233669400215,0.012708233669400215
3362,430762,30,682,0.012707880698144436,0.012707880698144436
3363,429554,29,13810,0.012706108391284943,0.012706108391284943
3364,444464,31,48,0.012702479027211666,0.012702479027211666
3365,337540,23,7812,0.01269674301147461,0.01269674301147461
3366,370048,25,11648,0.012696088291704655,0.012696088291704655
3367,445373,31,957,0.012691421434283257,0.012691421434283257
3368,454924,31,10508,0.01268917415291071,0.01268917415291071
3369,444071,30,13991,0.012688416987657547,0.012688416987657547
3370,423314,29,7570,0.01268483605235815,0.01268483605235815
3371,452141,31,7725,0.012679502367973328,0.012679502367973328
3372,435865,30,5785,0.012676422484219074,0.012676422484219074
3373,456566,31,12150,0.012673276476562023,0.012673276476562023
3374,444524,31,108,0.012667577713727951,0.012667577713727951
3375,457735,31,13319,0.012664658948779106,0.012664658948779106
3376,452467,31,8051,0.012663018889725208,0.012663018889725208
3377,423409,29,7665,0.012662015855312347,0.012662015855312347
3378,452608,31,8192,0.012657169252634048,0.012657169252634048
3379,454165,31,9749,0.012656950391829014,0.012656950391829014
3380,399678,27,12606,0.01265689916908741,0.01265689916908741
3381,450496,31,6080,0.012656129896640778,0.012656129896640778
3382,453346,31,8930,0.012654896825551987,0.012654896825551987
3383,449109,31,4693,0.012650287710130215,0.012650287710130215
3384,445899,31,1483,0.01265009306371212,0.01265009306371212
3385,456943,31,12527,0.012649890966713428,0.012649890966713428
3386,445423,31,1007,0.012647327035665512,0.012647327035665512
3387,420794,29,5050,0.012642491608858109,0.012642491608858109
3388,447975,31,3559,0.01264126691967249,0.01264126691967249
3389,449910,31,5494,0.012641191482543945,0.012641191482543945
3390,446612,31,2196,0.012639777734875679,0.012639777734875679
3391,444838,31,422,0.012638593092560768,0.012638593092560768
3392,446227,31,1811,0.012636629864573479,0.012636629864573479
3393,457195,31,12779,0.012635868974030018,0.012635868974030018
3394,458524,31,14108,0.012634643353521824,0.012634643353521824
3395,431912,30,1832,0.01263388991355896,0.01263388991355896
3396,442382,30,12302,0.01263383124023676,0.01263383124023676
3397,451853,31,7437,0.012632590718567371,0.012632590718567371
3398,382426,26,9690,0.012631637044250965,0.012631637044250965
3399,430331,30,251,0.012631604447960854,0.012631604447960854
3400,383414,26,10678,0.012628288939595222,0.012628288939595222
3401,446991,31,2575,0.012626774609088898,0.012626774609088898
3402,415366,28,13958,0.012626712210476398,0.012626712210476398
3403,452588,31,8172,0.012626636773347855,0.012626636773347855
3404,445056,31,640,0.012625630013644695,0.012625630013644695
3405,419596,29,3852,0.012623338028788567,0.012623338028788567
3406,448065,31,3649,0.012617342174053192,0.012617342174053192
3407,448477,31,4061,0.012615224346518517,0.012615224346518517
3408,427563,29,11819,0.012612744234502316,0.012612744234502316
3409,435167,30,5087,0.012611129321157932,0.012611129321157932
3410,449441,31,5025,0.012607520446181297,0.012607520446181297
3411,448476,31,4060,0.012605494819581509,0.012605494819581509
3412,423351,29,7607,0.012605330906808376,0.012605330906808376
3413,420399,29,4655,0.012601799331605434,0.012601799331605434
3414,328380,22,12988,0.012601296417415142,0.012601296417415142
3415,445026,31,610,0.01259740348905325,0.01259740348905325
3416,452607,31,8191,0.01259608380496502,0.01259608380496502
3417,392765,27,5693,0.012593590654432774,0.012593590654432774
3418,447428,31,3012,0.01259346678853035,0.01259346678853035
3419,448199,31,3783,0.012592353858053684,0.012592353858053684
3420,390182,27,3110,0.012589232064783573,0.012589232064783573
3421,393298,27,6226,0.012588678859174252,0.012588678859174252
3422,427399,29,11655,0.012588382698595524,0.012588382698595524
3423,440728,30,10648,0.012588177807629108,0.012588177807629108
3424,452619,31,8203,0.01258493959903717,0.01258493959903717
3425,444579,31,163,0.012581806629896164,0.012581806629896164
3426,455263,31,10847,0.01258175540715456,0.01258175540715456
3427,453114,31,8698,0.012580996379256248,0.012580996379256248
3428,422243,29,6499,0.01257810927927494,0.01257810927927494
3429,434515,30,4435,0.012573502957820892,0.012573502957820892
3430,402263,28,855,0.012572528794407845,0.012572528794407845
3431,446251,31,1835,0.012572482228279114,0.012572482228279114
3432,456325,31,11909,0.012571602128446102,0.012571602128446102
3433,431701,30,1621,0.012571167200803757,0.012571167200803757
3434,445004,31,588,0.012567315250635147,0.012567315250635147
3435,379303,26,6567,0.012566744349896908,0.012566744349896908
3436,433788,30,3708,0.012566440738737583,0.012566440738737583
3437,441443,30,11363,0.01256641373038292,0.01256641373038292
3438,447851,31,3435,0.01256448682397604,0.01256448682397604
3439,413204,28,11796,0.012562832795083523,0.012562832795083523
3440,449785,31,5369,0.012560728937387466,0.012560728937387466
3441,442129,30,12049,0.012559005059301853,0.012559005059301853
3442,435501,30,5421,0.012554170563817024,0.012554170563817024
3443,445508,31,1092,0.012551340274512768,0.012551340274512768
3444,453194,31,8778,0.012550580315291882,0.012550580315291882
3445,426940,29,11196,0.012549993582069874,0.012549993582069874
3446,453920,31,9504,0.012549876235425472,0.012549876235425472
3447,445076,31,660,0.01254697423428297,0.01254697423428297
3448,458437,31,14021,0.012546330690383911,0.012546330690383911
3449,378541,26,5805,0.012545657344162464,0.012545657344162464
3450,444752,31,336,0.012543443590402603,0.012543443590402603
3451,425306,29,9562,0.012542990036308765,0.012542990036308765
3452,454345,31,9929,0.01254285965114832,0.01254285965114832
3453,445721,31,1305,0.01254268828779459,0.01254268828779459
3454,447773,31,3357,0.012541461735963821,0.012541461735963821
3455,451776,31,7360,0.012536549009382725,0.012536549009382725
3456,429761,29,14017,0.012534634210169315,0.012534634210169315
3457,453481,31,9065,0.012527651153504848,0.012527651153504848
3458,446552,31,2136,0.012527459301054478,0.012527459301054478
3459,420818,29,5074,0.012522612698376179,0.012522612698376179
3460,422076,29,6332,0.012517218478024006,0.012517218478024006
3461,454882,31,10466,0.012516002170741558,0.012516002170741558
3462,456514,31,12098,0.012514747679233551,0.012514747679233551
3463,441954,30,11874,0.012514308094978333,0.012514308094978333
3464,444317,30,14237,0.012511882930994034,0.012511882930994034
3465,425534,29,9790,0.012511572800576687,0.012511572800576687
3466,449444,31,5028,0.012510339729487896,0.012510339729487896
3467,456402,31,11986,0.012509743683040142,0.012509743683040142
3468,455825,31,11409,0.01250407099723816,0.01250407099723816
3469,451700,31,7284,0.012502191588282585,0.012502191588282585
3470,440132,30,10052,0.012501954101026058,0.012501954101026058
3471,445486,31,1070,0.012500191107392311,0.012500191107392311
3472,453462,31,9046,0.012499948963522911,0.012499948963522911
3473,420587,29,4843,0.01249615103006363,0.01249615103006363
3474,430647,30,567,0.012494407594203949,0.012494407594203949
3475,446017,31,1601,0.012494112364947796,0.012494112364947796
3476,449968,31,5552,0.012493006885051727,0.012493006885051727
3477,452451,31,8035,0.012492422014474869,0.012492422014474869
3478,362754,25,4354,0.01249130442738533,0.01249130442738533
3479,453824,31,9408,0.012490141205489635,0.012490141205489635
3480,445929,31,1513,0.01248878426849842,0.01248878426849842
3481,452024,31,7608,0.012484816834330559,0.012484816834330559
3482,443626,30,13546,0.01248360238969326,0.01248360238969326
3483,309412,21,8356,0.012482856400310993,0.012482856400310993
3484,452606,31,8190,0.012478458695113659,0.012478458695113659
3485,451975,31,7559,0.01247482094913721,0.01247482094913721
3486,422887,29,7143,0.012473475188016891,0.012473475188016891
3487,452411,31,7995,0.012472350150346756,0.012472350150346756
3488,449955,31,5539,0.01246995385736227,0.01246995385736227
3489,443761,30,13681,0.012469439767301083,0.012469439767301083
3490,454291,31,9875,0.012468657456338406,0.012468657456338406
3491,322791,22,7399,0.01246836967766285,0.01246836967766285
3492,431201,30,1121,0.012467177584767342,0.012467177584767342
3493,447931,31,3515,0.012466284446418285,0.012466284446418285
3494,267069,18,9021,0.012465319596230984,0.012465319596230984
3495,440556,30,10476,0.01246473379433155,0.01246473379433155
3496,444538,31,122,0.012463091872632504,0.012463091872632504
3497,449069,31,4653,0.012461282312870026,0.012461282312870026
3498,436322,30,6242,0.01245675329118967,0.01245675329118967
3499,375512,26,2776,0.012452881783246994,0.012452881783246994
3500,446901,31,2485,0.012450089678168297,0.012450089678168297
3501,428317,29,12573,0.012448305264115334,0.012448305264115334
3502,439891,30,9811,0.012446140870451927,0.012446140870451927
3503,457133,31,12717,0.012445898726582527,0.012445898726582527
3504,415516,28,14108,0.012442292645573616,0.012442292645573616
3505,403353,28,1945,0.012440825812518597,0.012440825812518597
3506,446365,31,1949,0.01243590097874403,0.01243590097874403
3507,399864,27,12792,0.01243071909993887,0.01243071909993887
3508,369713,25,11313,0.01242978498339653,0.01242978498339653
3509,364221,25,5821,0.012429294176399708,0.012429294176399708
3510,453315,31,8899,0.012425589375197887,0.012425589375197887
3511,419693,29,3949,0.012425011955201626,0.012425011955201626
3512,418333,29,2589,0.01242409460246563,0.01242409460246563
3513,457825,31,13409,0.012423805892467499,0.012423805892467499
3514,294803,20,8083,0.012423746287822723,0.012423746287822723
3515,444236,30,14156,0.012423264794051647,0.012423264794051647
3516,446669,31,2253,0.012422410771250725,0.012422410771250725
3517,405968,28,4560,0.012420904822647572,0.012420904822647572
3518,458745,31,14329,0.01242038793861866,0.01242038793861866
3519,406606,28,5198,0.012419229373335838,0.012419229373335838
3520,448292,31,3876,0.012417945079505444,0.012417945079505444
3521,436000,30,5920,0.012414799071848392,0.012414799071848392
3522,418940,29,3196,0.012410443276166916,0.012410443276166916
3523,423669,29,7925,0.012402038089931011,0.012402038089931011
3524,389237,27,2165,0.012401258572936058,0.012401258572936058
3525,454047,31,9631,0.01240096427500248,0.01240096427500248
3526,434001,30,3921,0.012399429455399513,0.012399429455399513
3527,444716,31,300,0.012398161925375462,0.012398161925375462
3528,424965,29,9221,0.012397506274282932,0.012397506274282932
3529,231775,16,2399,0.012396782636642456,0.012396782636642456
3530,452078,31,7662,0.012396740727126598,0.012396740727126598
3531,416155,29,411,0.012395244091749191,0.012395244091749191
3532,424151,29,8407,0.012390603311359882,0.012390603311359882
3533,427095,29,11351,0.012389492243528366,0.012389492243528366
3534,450070,31,5654,0.012387773022055626,0.012387773022055626
3535,430209,30,129,0.012386459857225418,0.012386459857225418
3536,455634,31,11218,0.012386196292936802,0.012386196292936802
3537,457633,31,13217,0.012386180460453033,0.012386180460453033
3538,458709,31,14293,0.012384893372654915,0.012384893372654915
3539,449513,31,5097,0.012384888716042042,0.012384888716042042
3540,444769,31,353,0.012384376488626003,0.012384376488626003
3541,403644,28,2236,0.012379467487335205,0.012379467487335205
3542,445950,31,1534,0.012378068640828133,0.012378068640828133
3543,451491,31,7075,0.012376000173389912,0.012376000173389912
3544,403868,28,2460,0.01237254124134779,0.01237254124134779
3545,457539,31,13123,0.01237132865935564,0.01237132865935564
3546,424238,29,8494,0.012370755895972252,0.012370755895972252
3547,426495,29,10751,0.012369966134428978,0.012369966134428978
3548,453715,31,9299,0.012369683012366295,0.012369683012366295
3549,439922,30,9842,0.01236843504011631,0.01236843504011631
3550,432738,30,2658,0.012366351671516895,0.012366351671516895
3551,451927,31,7511,0.012366024777293205,0.012366024777293205
3552,457646,31,13230,0.01236388087272644,0.01236388087272644
3553,453097,31,8681,0.012363322079181671,0.012363322079181671
3554,404278,28,2870,0.012361089698970318,0.012361089698970318
3555,446696,31,2280,0.012360594235360622,0.012360594235360622
3556,434583,30,4503,0.012357356026768684,0.012357356026768684
3557,420392,29,4648,0.012355408631265163,0.012355408631265163
3558,440679,30,10599,0.012353542260825634,0.012353542260825634
3559,443071,30,12991,0.0123534444719553,0.0123534444719553
3560,443861,30,13781,0.012353140860795975,0.012353140860795975
3561,422649,29,6905,0.01235196739435196,0.01235196739435196
3562,433284,30,3204,0.01235136017203331,0.01235136017203331
3563,370022,25,11622,0.012350906617939472,0.012350906617939472
3564,450328,31,5912,0.012346960604190826,0.012346960604190826
3565,444803,31,387,0.012339036911725998,0.012339036911725998
3566,445618,31,1202,0.012338666245341301,0.012338666245341301
3567,448126,31,3710,0.012337391264736652,0.012337391264736652
3568,420270,29,4526,0.012334422208368778,0.012334422208368778
3569,447010,31,2594,0.01233370415866375,0.01233370415866375
3570,438073,30,7993,0.01233242079615593,0.01233242079615593
3571,439930,30,9850,0.012330100871622562,0.012330100871622562
3572,439656,30,9576,0.01233007200062275,0.01233007200062275
3573,450348,31,5932,0.012329377233982086,0.012329377233982086
3574,456741,31,12325,0.012328931130468845,0.012328931130468845
3575,441994,30,11914,0.012325469404459,0.012325469404459
3576,385872,26,13136,0.01232097577303648,0.01232097577303648
3577,455713,31,11297,0.012319044210016727,0.012319044210016727
3578,240231,16,10855,0.012317377142608166,0.012317377142608166
3579,453297,31,8881,0.01231283601373434,0.01231283601373434
3580,448841,31,4425,0.012312198989093304,0.012312198989093304
3581,454682,31,10266,0.01231070514768362,0.01231070514768362
3582,246979,17,3267,0.01230549719184637,0.01230549719184637
3583,423169,29,7425,0.012304184958338737,0.012304184958338737
3584,444765,31,349,0.012299643829464912,0.012299643829464912
3585,449267,31,4851,0.012296951375901699,0.012296951375901699
3586,453632,31,9216,0.01229567639529705,0.01229567639529705
3587,456455,31,12039,0.012293855659663677,0.012293855659663677
3588,432470,30,2390,0.012288901954889297,0.012288901954889297
3589,435894,30,5814,0.012284869328141212,0.012284869328141212
3590,458142,31,13726,0.012283936142921448,0.012283936142921448
3591,434017,30,3937,0.012283477000892162,0.012283477000892162
3592,425741,29,9997,0.012282568961381912,0.012282568961381912
3593,457267,31,12851,0.012282317504286766,0.012282317504286766
3594,425365,29,9621,0.012281416915357113,0.012281416915357113
3595,400517,27,13445,0.012280701659619808,0.012280701659619808
3596,354135,24,10071,0.012279916554689407,0.012279916554689407
3597,439109,30,9029,0.012277836911380291,0.012277836911380291
3598,455216,31,10800,0.012274342589080334,0.012274342589080334
3599,437450,30,7370,0.012274159118533134,0.012274159118533134
3600,445534,31,1118,0.012273851782083511,0.012273851782083511
3601,397564,27,10492,0.012270821258425713,0.012270821258425713
3602,413606,28,12198,0.01226522121578455,0.01226522121578455
3603,414292,28,12884,0.012264330871403217,0.012264330871403217
3604,447767,31,3351,0.012264120392501354,0.012264120392501354
3605,440421,30,10341,0.012261182069778442,0.012261182069778442
3606,398763,27,11691,0.012260041199624538,0.012260041199624538
3607,457223,31,12807,0.01225939393043518,0.01225939393043518
3608,451644,31,7228,0.012259221635758877,0.012259221635758877
3609,429889,29,14145,0.012257256545126438,0.012257256545126438
3610,401060,27,13988,0.012255331501364708,0.012255331501364708
3611,449327,31,4911,0.01225307397544384,0.01225307397544384
3612,453584,31,9168,0.012252528220415115,0.012252528220415115
3613,434844,30,4764,0.012248644605278969,0.012248644605278969
3614,454433,31,10017,0.012247685343027115,0.012247685343027115
3615,377442,26,4706,0.012244042940437794,0.012244042940437794
3616,450771,31,6355,0.012243960052728653,0.012243960052728653
3617,452502,31,8086,0.012242740951478481,0.012242740951478481
3618,408186,28,6778,0.012242180295288563,0.012242180295288563
3619,445372,31,956,0.012241282500326633,0.012241282500326633
3620,444954,31,538,0.012235179543495178,0.012235179543495178
3621,448652,31,4236,0.012234348803758621,0.012234348803758621
3622,435287,30,5207,0.012233395129442215,0.012233395129442215
3623,447698,31,3282,0.012233122251927853,0.012233122251927853
3624,457299,31,12883,0.012232612818479538,0.012232612818479538
3625,441453,30,11373,0.012231589294970036,0.012231589294970036
3626,432603,30,2523,0.012230574153363705,0.012230574153363705
3627,450042,31,5626,0.012230569496750832,0.012230569496750832
3628,430936,30,856,0.012229817919433117,0.012229817919433117
3629,441978,30,11898,0.01222786121070385,0.01222786121070385
3630,435640,30,5560,0.012227704748511314,0.012227704748511314
3631,446434,31,2018,0.012226915918290615,0.012226915918290615
3632,449619,31,5203,0.01222662627696991,0.01222662627696991
3633,445249,31,833,0.01222408190369606,0.01222408190369606
3634,442187,30,12107,0.012223981320858002,0.012223981320858002
3635,332071,23,2343,0.01222176756709814,0.01222176756709814
3636,452905,31,8489,0.01221953984349966,0.01221953984349966
3637,458537,31,14121,0.012218233197927475,0.012218233197927475
3638,453396,31,8980,0.012216541916131973,0.012216541916131973
3639,439174,30,9094,0.012215628288686275,0.012215628288686275
3640,451016,31,6600,0.01221082080155611,0.01221082080155611
3641,403119,28,1711,0.012210169807076454,0.012210169807076454
3642,444682,31,266,0.012198902666568756,0.012198902666568756
3643,455995,31,11579,0.01219762023538351,0.01219762023538351
3644,433369,30,3289,0.012195611372590065,0.012195611372590065
3645,451617,31,7201,0.012192891910672188,0.012192891910672188
3646,417365,29,1621,0.012191531248390675,0.012191531248390675
3647,449603,31,5187,0.012190044857561588,0.012190044857561588
3648,449003,31,4587,0.012188665568828583,0.012188665568828583
3649,434214,30,4134,0.012187792919576168,0.012187792919576168
3650,405691,28,4283,0.012187057174742222,0.012187057174742222
3651,415425,28,14017,0.012184523977339268,0.012184523977339268
3652,390181,27,3109,0.01218431070446968,0.01218431070446968
3653,455473,31,11057,0.01218257937580347,0.01218257937580347
3654,454806,31,10390,0.012181763537228107,0.012181763537228107
3655,437876,30,7796,0.012180360965430737,0.012180360965430737
3656,370651,25,12251,0.012179539538919926,0.012179539538919926
3657,428305,29,12561,0.012179529294371605,0.012179529294371605
3658,458065,31,13649,0.012179205194115639,0.012179205194115639
3659,363213,25,4813,0.012178042903542519,0.012178042903542519
3660,451276,31,6860,0.01217591017484665,0.01217591017484665
3661,229834,16,458,0.012174444273114204,0.012174444273114204
3662,452180,31,7764,0.012172399088740349,0.012172399088740349
3663,389352,27,2280,0.012171454727649689,0.012171454727649689
3664,452021,31,7605,0.012169863097369671,0.012169863097369671
3665,456164,31,11748,0.012169735506176949,0.012169735506176949
3666,441211,30,11131,0.012164450250566006,0.012164450250566006
3667,431208,30,1128,0.012159805744886398,0.012159805744886398
3668,416465,29,721,0.012156691402196884,0.012156691402196884
3669,439409,30,9329,0.012150497175753117,0.012150497175753117
3670,453657,31,9241,0.012150050140917301,0.012150050140917301
3671,452947,31,8531,0.01214984804391861,0.01214984804391861
3672,361241,25,2841,0.012149209156632423,0.012149209156632423
3673,432959,30,2879,0.01213882863521576,0.01213882863521576
3674,450444,31,6028,0.01213573943823576,0.01213573943823576
3675,452880,31,8464,0.012135076336562634,0.012135076336562634
3676,453448,31,9032,0.01213409099727869,0.01213409099727869
3677,431897,30,1817,0.012133324518799782,0.012133324518799782
3678,411030,28,9622,0.01213325746357441,0.01213325746357441
3679,447806,31,3390,0.012131774798035622,0.012131774798035622
3680,447018,31,2602,0.0121295852586627,0.0121295852586627
3681,456107,31,11691,0.012125806882977486,0.012125806882977486
3682,420673,29,4929,0.012124027125537395,0.012124027125537395
3683,446702,31,2286,0.012123551219701767,0.012123551219701767
3684,455897,31,11481,0.012122437357902527,0.012122437357902527
3685,443164,30,13084,0.012119746766984463,0.012119746766984463
3686,360755,25,2355,0.012119735591113567,0.012119735591113567
3687,455836,31,11420,0.012118742801249027,0.012118742801249027
3688,432029,30,1949,0.012118645943701267,0.012118645943701267
3689,434939,30,4859,0.012115756049752235,0.012115756049752235
3690,437385,30,7305,0.012111024931073189,0.012111024931073189
3691,441615,30,11535,0.012106110341846943,0.012106110341846943
3692,437540,30,7460,0.012105122208595276,0.012105122208595276
3693,357980,24,13916,0.012103253975510597,0.012103253975510597
3694,447585,31,3169,0.012102308683097363,0.012102308683097363
3695,391193,27,4121,0.012101199477910995,0.012101199477910995
3696,454436,31,10020,0.01210081111639738,0.01210081111639738
3697,456190,31,11774,0.012099595740437508,0.012099595740437508
3698,447220,31,2804,0.01209663413465023,0.01209663413465023
3699,457943,31,13527,0.012096591293811798,0.012096591293811798
3700,458300,31,13884,0.012095998041331768,0.012095998041331768
3701,450474,31,6058,0.012092731893062592,0.012092731893062592
3702,388705,27,1633,0.012092008255422115,0.012092008255422115
3703,371335,25,12935,0.012091481126844883,0.012091481126844883
3704,434714,30,4634,0.012088255025446415,0.012088255025446415
3705,335309,23,5581,0.012086264789104462,0.012086264789104462
3706,435464,30,5384,0.012084487825632095,0.012084487825632095
3707,436273,30,6193,0.012083498761057854,0.012083498761057854
3708,454061,31,9645,0.01208194438368082,0.01208194438368082
3709,451704,31,7288,0.012081434950232506,0.012081434950232506
3710,437175,30,7095,0.012077354826033115,0.012077354826033115
3711,394946,27,7874,0.012077336199581623,0.012077336199581623
3712,454220,31,9804,0.012076775543391705,0.012076775543391705
3713,454300,31,9884,0.012075699865818024,0.012075699865818024
3714,320213,22,4821,0.012072314508259296,0.012072314508259296
3715,456427,31,12011,0.012071394361555576,0.012071394361555576
3716,431675,30,1595,0.012069856747984886,0.012069856747984886
3717,448932,31,4516,0.01206743810325861,0.01206743810325861
3718,448064,31,3648,0.012062092311680317,0.012062092311680317
3719,426614,29,10870,0.012059279717504978,0.012059279717504978
3720,432895,30,2815,0.012058967724442482,0.012058967724442482
3721,420571,29,4827,0.012056121602654457,0.012056121602654457
3722,450001,31,5585,0.012054653838276863,0.012054653838276863
3723,435481,30,5401,0.01205441914498806,0.01205441914498806
3724,444942,31,526,0.012051533907651901,0.012051533907651901
3725,451408,31,6992,0.012050447054207325,0.012050447054207325
3726,435730,30,5650,0.01205020397901535,0.01205020397901535
3727,412232,28,10824,0.012049980461597443,0.012049980461597443
3728,450905,31,6489,0.012048774398863316,0.012048774398863316
3729,286229,19,13845,0.012045635841786861,0.012045635841786861
3730,449756,31,5340,0.012043184600770473,0.012043184600770473
3731,447063,31,2647,0.012039733119308949,0.012039733119308949
3732,450817,31,6401,0.012038005515933037,0.012038005515933037
3733,443750,30,13670,0.012037497945129871,0.012037497945129871
3734,452420,31,8004,0.01203733030706644,0.01203733030706644
3735,426844,29,11100,0.012037043459713459,0.012037043459713459
3736,422905,29,7161,0.012036440894007683,0.012036440894007683
3737,457742,31,13326,0.012035801075398922,0.012035801075398922
3738,444423,31,7,0.012033883482217789,0.012033883482217789
3739,444621,31,205,0.012031475082039833,0.012031475082039833
3740,454451,31,10035,0.012030800804495811,0.012030800804495811
3741,439215,30,9135,0.01202805619686842,0.01202805619686842
3742,428388,29,12644,0.012027197517454624,0.012027197517454624
3743,456976,31,12560,0.012024134397506714,0.012024134397506714
3744,402785,28,1377,0.012022335082292557,0.012022335082292557
3745,447501,31,3085,0.012020121328532696,0.012020121328532696
3746,423360,29,7616,0.012019563466310501,0.012019563466310501
3747,425669,29,9925,0.01201776321977377,0.01201776321977377
3748,379337,26,6601,0.01201496459543705,0.01201496459543705
3749,404384,28,2976,0.012014791369438171,0.012014791369438171
3750,444681,31,265,0.012013613246381283,0.012013613246381283
3751,439558,30,9478,0.01201286818832159,0.01201286818832159
3752,451475,31,7059,0.012012113817036152,0.012012113817036152
3753,455192,31,10776,0.012011034414172173,0.012011034414172173
3754,440450,30,10370,0.012009498663246632,0.012009498663246632
3755,441510,30,11430,0.012009380385279655,0.012009380385279655
3756,454848,31,10432,0.012009122408926487,0.012009122408926487
3757,437559,30,7479,0.012007229961454868,0.012007229961454868
3758,449043,31,4627,0.012006456032395363,0.012006456032395363
3759,449442,31,5026,0.012004670687019825,0.012004670687019825
3760,451409,31,6993,0.012002517469227314,0.012002517469227314
3761,451839,31,7423,0.01200007926672697,0.01200007926672697
3762,445592,31,1176,0.011998181231319904,0.011998181231319904
3763,401575,28,167,0.011995487846434116,0.011995487846434116
3764,328009,22,12617,0.011992464773356915,0.011992464773356915
3765,455174,31,10758,0.011990844272077084,0.011990844272077084
3766,448181,31,3765,0.011989743448793888,0.011989743448793888
3767,421831,29,6087,0.01198458019644022,0.01198458019644022
3768,454762,31,10346,0.011982912197709084,0.011982912197709084
3769,440857,30,10777,0.01198260486125946,0.01198260486125946
3770,444494,31,78,0.011976839043200016,0.011976839043200016
3771,441065,30,10985,0.011974009685218334,0.011974009685218334
3772,451448,31,7032,0.011972438544034958,0.011972438544034958
3773,454634,31,10218,0.011970849707722664,0.011970849707722664
3774,429993,29,14249,0.011969921179115772,0.011969921179115772
3775,412407,28,10999,0.011969118379056454,0.011969118379056454
3776,455331,31,10915,0.011969010345637798,0.011969010345637798
3777,455594,31,11178,0.011968538165092468,0.011968538165092468
3778,451179,31,6763,0.011967002414166927,0.011967002414166927
3779,373265,26,529,0.011961324140429497,0.011961324140429497
3780,438416,30,8336,0.011960734613239765,0.011960734613239765
3781,415022,28,13614,0.011959606781601906,0.011959606781601906
3782,449388,31,4972,0.011959537863731384,0.011959537863731384
3783,434478,30,4398,0.011956592090427876,0.011956592090427876
3784,434320,30,4240,0.011955934576690197,0.011955934576690197
3785,442648,30,12568,0.011955193243920803,0.011955193243920803
3786,264271,18,6223,0.01195433922111988,0.01195433922111988
3787,445660,31,1244,0.011953944340348244,0.011953944340348244
3788,450585,31,6169,0.011953098699450493,0.011953098699450493
3789,435363,30,5283,0.011952086351811886,0.011952086351811886
3790,439655,30,9575,0.011949284002184868,0.011949284002184868
3791,452823,31,8407,0.011949276551604271,0.011949276551604271
3792,445590,31,1174,0.011947499588131905,0.011947499588131905
3793,436699,30,6619,0.01194610446691513,0.01194610446691513
3794,442459,30,12379,0.011945988051593304,0.011945988051593304
3795,450912,31,6496,0.011942986398935318,0.011942986398935318
3796,448501,31,4085,0.011942355893552303,0.011942355893552303
3797,458118,31,13702,0.011941924691200256,0.011941924691200256
3798,416655,29,911,0.011938364244997501,0.011938364244997501
3799,440901,30,10821,0.011935857124626637,0.011935857124626637
3800,431042,30,962,0.011935084126889706,0.011935084126889706
3801,388634,27,1562,0.01193274836987257,0.01193274836987257
3802,426618,29,10874,0.01192978210747242,0.01192978210747242
3803,453477,31,9061,0.011927732266485691,0.011927732266485691
3804,389918,27,2846,0.01192711852490902,0.01192711852490902
3805,423573,29,7829,0.011926591396331787,0.011926591396331787
3806,452405,31,7989,0.011926541104912758,0.011926541104912758
3807,456405,31,11989,0.011926447972655296,0.011926447972655296
3808,457319,31,12903,0.01192321814596653,0.01192321814596653
3809,426292,29,10548,0.011923156678676605,0.011923156678676605
3810,445598,31,1182,0.011922609992325306,0.011922609992325306
3811,445569,31,1153,0.011922597885131836,0.011922597885131836
3812,458315,31,13899,0.011919566430151463,0.011919566430151463
3813,448210,31,3794,0.011918235570192337,0.011918235570192337
3814,426493,29,10749,0.01191808469593525,0.01191808469593525
3815,447822,31,3406,0.011917892843484879,0.011917892843484879
3816,427754,29,12010,0.011917563155293465,0.011917563155293465
3817,436613,30,6533,0.011917099356651306,0.011917099356651306
3818,431659,30,1579,0.0119170518592,0.0119170518592
3819,452750,31,8334,0.011915312148630619,0.011915312148630619
3820,450352,31,5936,0.01191398873925209,0.01191398873925209
3821,442810,30,12730,0.011909316293895245,0.011909316293895245
3822,458056,31,13640,0.011903611943125725,0.011903611943125725
3823,406362,28,4954,0.011902530677616596,0.011902530677616596
3824,430138,30,58,0.0119008868932724,0.0119008868932724
3825,441590,30,11510,0.011900289915502071,0.011900289915502071
3826,439690,30,9610,0.01189980749040842,0.01189980749040842
3827,414712,28,13304,0.011899186298251152,0.011899186298251152
3828,444670,31,254,0.011898939497768879,0.011898939497768879
3829,402393,28,985,0.011898661032319069,0.011898661032319069
3830,436739,30,6659,0.011897202581167221,0.011897202581167221
3831,436792,30,6712,0.011896731331944466,0.011896731331944466
3832,432454,30,2374,0.011896726675331593,0.011896726675331593
3833,458665,31,14249,0.011891627684235573,0.011891627684235573
3834,455682,31,11266,0.011888423934578896,0.011888423934578896
3835,457807,31,13391,0.011888409033417702,0.011888409033417702
3836,447651,31,3235,0.011884425766766071,0.011884425766766071
3837,458511,31,14095,0.011882995255291462,0.011882995255291462
3838,437041,30,6961,0.011882364749908447,0.011882364749908447
3839,451499,31,7083,0.011880546808242798,0.011880546808242798
3840,455106,31,10690,0.011880391277372837,0.011880391277372837
3841,448405,31,3989,0.011879890225827694,0.011879890225827694
3842,440767,30,10687,0.011879220604896545,0.011879220604896545
3843,451430,31,7014,0.011877515353262424,0.011877515353262424
3844,430840,30,760,0.011877278797328472,0.011877278797328472
3845,439793,30,9713,0.011876906268298626,0.011876906268298626
3846,318332,22,2940,0.0118751535192132,0.0118751535192132
3847,449765,31,5349,0.011872692033648491,0.011872692033648491
3848,433049,30,2969,0.011872634291648865,0.011872634291648865
3849,453708,31,9292,0.0118726110085845,0.0118726110085845
3850,454839,31,10423,0.01186566986143589,0.01186566986143589
3851,432197,30,2117,0.011861784383654594,0.011861784383654594
3852,424713,29,8969,0.011861530132591724,0.011861530132591724
3853,432920,30,2840,0.011860901489853859,0.011860901489853859
3854,446294,31,1878,0.011860544793307781,0.011860544793307781
3855,455422,31,11006,0.011860445141792297,0.011860445141792297
3856,453364,31,8948,0.011857331730425358,0.011857331730425358
3857,436449,30,6369,0.011856012977659702,0.011856012977659702
3858,442875,30,12795,0.011854815296828747,0.011854815296828747
3859,458097,31,13681,0.011853886768221855,0.011853886768221855
3860,448419,31,4003,0.01185263879597187,0.01185263879597187
3861,416101,29,357,0.011850790120661259,0.011850790120661259
3862,433081,30,3001,0.011849851347506046,0.011849851347506046
3863,448338,31,3922,0.011849702335894108,0.011849702335894108
3864,449148,31,4732,0.011848758906126022,0.011848758906126022
3865,445883,31,1467,0.011848334223031998,0.011848334223031998
3866,454734,31,10318,0.011845864355564117,0.011845864355564117
3867,414881,28,13473,0.011844608001410961,0.011844608001410961
3868,427036,29,11292,0.011843932792544365,0.011843932792544365
3869,455638,31,11222,0.01184335071593523,0.01184335071593523
3870,447356,31,2940,0.01184293907135725,0.01184293907135725
3871,454311,31,9895,0.011841942556202412,0.011841942556202412
3872,447994,31,3578,0.011840514838695526,0.011840514838695526
3873,423227,29,7483,0.011836672201752663,0.011836672201752663
3874,419431,29,3687,0.011836078949272633,0.011836078949272633
3875,375523,26,2787,0.011834637261927128,0.011834637261927128
3876,433104,30,3024,0.01183453481644392,0.01183453481644392
3877,448641,31,4225,0.011833805590867996,0.011833805590867996
3878,446280,31,1864,0.011831136420369148,0.011831136420369148
3879,399004,27,11932,0.011830923147499561,0.011830923147499561
3880,447850,31,3434,0.011830355040729046,0.011830355040729046
3881,223737,15,8697,0.011828886345028877,0.011828886345028877
3882,440743,30,10663,0.011827982030808926,0.011827982030808926
3883,433140,30,3060,0.011824361979961395,0.011824361979961395
3884,440598,30,10518,0.01182293239980936,0.01182293239980936
3885,430866,30,786,0.011821910738945007,0.011821910738945007
3886,452625,31,8209,0.011821195483207703,0.011821195483207703
3887,406201,28,4793,0.011820017360150814,0.011820017360150814
3888,434750,30,4670,0.011819291859865189,0.011819291859865189
3889,453033,31,8617,0.011817468330264091,0.011817468330264091
3890,378889,26,6153,0.01181676797568798,0.01181676797568798
3891,449505,31,5089,0.011816393584012985,0.011816393584012985
3892,449304,31,4888,0.011811841279268265,0.011811841279268265
3893,451335,31,6919,0.011805270798504353,0.011805270798504353
3894,452674,31,8258,0.011804222129285336,0.011804222129285336
3895,430405,30,325,0.011802655644714832,0.011802655644714832
3896,435275,30,5195,0.011801761575043201,0.011801761575043201
3897,414250,28,12842,0.011799593456089497,0.011799593456089497
3898,449887,31,5471,0.01179908774793148,0.01179908774793148
3899,446717,31,2301,0.01179674081504345,0.01179674081504345
3900,453534,31,9118,0.011795829981565475,0.011795829981565475
3901,454531,31,10115,0.011795525439083576,0.011795525439083576
3902,445114,31,698,0.011793151497840881,0.011793151497840881
3903,447107,31,2691,0.011787056922912598,0.011787056922912598
3904,451367,31,6951,0.011786054819822311,0.011786054819822311
3905,443327,30,13247,0.011785986833274364,0.011785986833274364
3906,434553,30,4473,0.011785948649048805,0.011785948649048805
3907,457714,31,13298,0.01178564503788948,0.01178564503788948
3908,456829,31,12413,0.011780237779021263,0.011780237779021263
3909,453818,31,9402,0.011780070140957832,0.011780070140957832
3910,452862,31,8446,0.011779661290347576,0.011779661290347576
3911,444591,31,175,0.01177897211164236,0.01177897211164236
3912,453210,31,8794,0.011778687126934528,0.011778687126934528
3913,458239,31,13823,0.011777525767683983,0.011777525767683983
3914,449889,31,5473,0.011776439845561981,0.011776439845561981
3915,424653,29,8909,0.011775997467339039,0.011775997467339039
3916,377900,26,5164,0.011774953454732895,0.011774953454732895
3917,451291,31,6875,0.011773698963224888,0.011773698963224888
3918,445946,31,1530,0.011772098019719124,0.011772098019719124
3919,448024,31,3608,0.011769402772188187,0.011769402772188187
3920,423082,29,7338,0.01176921185106039,0.01176921185106039
3921,435949,30,5869,0.011768389493227005,0.011768389493227005
3922,448920,31,4504,0.01176524069160223,0.01176524069160223
3923,455571,31,11155,0.011765179224312305,0.011765179224312305
3924,447559,31,3143,0.011764004826545715,0.011764004826545715
3925,444685,31,269,0.011762586422264576,0.011762586422264576
3926,437156,30,7076,0.011761878617107868,0.011761878617107868
3927,455813,31,11397,0.011759292334318161,0.011759292334318161
3928,420600,29,4856,0.011757342144846916,0.011757342144846916
3929,454322,31,9906,0.011753787286579609,0.011753787286579609
3930,288330,20,1610,0.011753573082387447,0.011753573082387447
3931,238363,16,8987,0.011751886457204819,0.011751886457204819
3932,441824,30,11744,0.011749804019927979,0.011749804019927979
3933,452922,31,8506,0.011749115772545338,0.011749115772545338
3934,451180,31,6764,0.011749000288546085,0.011749000288546085
3935,400782,27,13710,0.011743477545678616,0.011743477545678616
3936,450827,31,6411,0.011740987189114094,0.011740987189114094
3937,339108,23,9380,0.011739708483219147,0.011739708483219147
3938,447344,31,2928,0.011737758293747902,0.011737758293747902
3939,453966,31,9550,0.011736342683434486,0.011736342683434486
3940,437410,30,7330,0.011736114509403706,0.011736114509403706
3941,452088,31,7672,0.01173470914363861,0.01173470914363861
3942,435869,30,5789,0.011733893305063248,0.011733893305063248
3943,452942,31,8526,0.011733443476259708,0.011733443476259708
3944,422919,29,7175,0.011732732877135277,0.011732732877135277
3945,455966,31,11550,0.011732609011232853,0.011732609011232853
3946,441796,30,11716,0.011729267425835133,0.011729267425835133
3947,454310,31,9894,0.01172733586281538,0.01172733586281538
3948,457513,31,13097,0.011725911870598793,0.011725911870598793
3949,454613,31,10197,0.011724710464477539,0.011724710464477539
3950,458434,31,14018,0.011723442003130913,0.011723442003130913
3951,456837,31,12421,0.011723179370164871,0.011723179370164871
3952,441816,30,11736,0.01172277145087719,0.01172277145087719
3953,447834,31,3418,0.011720054782927036,0.011720054782927036
3954,450267,31,5851,0.01171959564089775,0.01171959564089775
3955,435177,30,5097,0.011714398860931396,0.011714398860931396
3956,409204,28,7796,0.011713042855262756,0.011713042855262756
3957,446383,31,1967,0.011709354817867279,0.011709354817867279
3958,445544,31,1128,0.011708898469805717,0.011708898469805717
3959,430860,30,780,0.011708306148648262,0.011708306148648262
3960,371810,25,13410,0.011703512631356716,0.011703512631356716
3961,419587,29,3843,0.011702261865139008,0.011702261865139008
3962,450992,31,6576,0.01170186698436737,0.01170186698436737
3963,450046,31,5630,0.011700748465955257,0.011700748465955257
3964,454872,31,10456,0.011700587347149849,0.011700587347149849
3965,441930,30,11850,0.011700121685862541,0.011700121685862541
3966,417203,29,1459,0.011699643917381763,0.011699643917381763
3967,446551,31,2135,0.011694217100739479,0.011694217100739479
3968,402207,28,799,0.011692377738654613,0.011692377738654613
3969,438552,30,8472,0.011691362597048283,0.011691362597048283
3970,430256,30,176,0.011690359562635422,0.011690359562635422
3971,437421,30,7341,0.011688602156937122,0.011688602156937122
3972,407847,28,6439,0.011686667799949646,0.011686667799949646
3973,452351,31,7935,0.011686290614306927,0.011686290614306927
3974,451569,31,7153,0.011685245670378208,0.011685245670378208
3975,440995,30,10915,0.011684689670801163,0.011684689670801163
3976,455848,31,11432,0.011683008633553982,0.011683008633553982
3977,440087,30,10007,0.01168231200426817,0.01168231200426817
3978,440628,30,10548,0.011682123877108097,0.011682123877108097
3979,446292,31,1876,0.011679982766509056,0.011679982766509056
3980,445495,31,1079,0.011679804883897305,0.011679804883897305
3981,444683,31,267,0.011679709888994694,0.011679709888994694
3982,455741,31,11325,0.01167901698499918,0.01167901698499918
3983,456084,31,11668,0.011674963869154453,0.011674963869154453
3984,454218,31,9802,0.011674566194415092,0.011674566194415092
3985,445559,31,1143,0.011674082837998867,0.011674082837998867
3986,433179,30,3099,0.011673325672745705,0.011673325672745705
3987,400420,27,13348,0.011672534979879856,0.011672534979879856
3988,430538,30,458,0.011672399938106537,0.011672399938106537
3989,423955,29,8211,0.011670379899442196,0.011670379899442196
3990,457655,31,13239,0.011665225960314274,0.011665225960314274
3991,450387,31,5971,0.011664625257253647,0.011664625257253647
3992,446927,31,2511,0.011661428026854992,0.011661428026854992
3993,455425,31,11009,0.011660362593829632,0.011660362593829632
3994,375571,26,2835,0.011659281328320503,0.011659281328320503
3995,455776,31,11360,0.011655554175376892,0.011655554175376892
3996,407578,28,6170,0.011654308065772057,0.011654308065772057
3997,436528,30,6448,0.011653448455035686,0.011653448455035686
3998,431685,30,1605,0.01165010780096054,0.01165010780096054
3999,431058,30,978,0.01164861861616373,0.01164861861616373
4000,394276,27,7204,0.011647210456430912,0.011647210456430912
4001,451436,31,7020,0.011645269580185413,0.011645269580185413
4002,447630,31,3214,0.01164464931935072,0.01164464931935072
4003,415967,29,223,0.011644094251096249,0.011644094251096249
4004,455089,31,10673,0.011643336154520512,0.011643336154520512
4005,442461,30,12381,0.01164285745471716,0.01164285745471716
4006,419965,29,4221,0.011640778742730618,0.011640778742730618
4007,440407,30,10327,0.01163517590612173,0.01163517590612173
4008,434452,30,4372,0.01163309533149004,0.01163309533149004
4009,448105,31,3689,0.011631828732788563,0.011631828732788563
4010,408756,28,7348,0.011625860817730427,0.011625860817730427
4011,354042,24,9978,0.011625302024185658,0.011625302024185658
4012,449616,31,5200,0.011624561622738838,0.011624561622738838
4013,457661,31,13245,0.011622332967817783,0.011622332967817783
4014,252643,17,8931,0.011622246354818344,0.011622246354818344
4015,454456,31,10040,0.011620452627539635,0.011620452627539635
4016,454731,31,10315,0.011619492433965206,0.011619492433965206
4017,444428,31,12,0.0116189606487751,0.0116189606487751
4018,430618,30,538,0.011618286371231079,0.011618286371231079
4019,452242,31,7826,0.011617983691394329,0.011617983691394329
4020,438367,30,8287,0.011617891490459442,0.011617891490459442
4021,303754,21,2698,0.01161409541964531,0.01161409541964531
4022,453561,31,9145,0.01161086093634367,0.01161086093634367
4023,449578,31,5162,0.01160997711122036,0.01160997711122036
4024,434791,30,4711,0.011609041132032871,0.011609041132032871
4025,419954,29,4210,0.011600581929087639,0.011600581929087639
4026,445634,31,1218,0.011598850600421429,0.011598850600421429
4027,450211,31,5795,0.011597925797104836,0.011597925797104836
4028,450978,31,6562,0.011589452624320984,0.011589452624320984
4029,438419,30,8339,0.0115852365270257,0.0115852365270257
4030,447078,31,2662,0.011582879349589348,0.011582879349589348
4031,437756,30,7676,0.011580673046410084,0.011580673046410084
4032,411336,28,9928,0.011579942889511585,0.011579942889511585
4033,444003,30,13923,0.011578870937228203,0.011578870937228203
4034,449411,31,4995,0.011577785015106201,0.011577785015106201
4035,448088,31,3672,0.011577470228075981,0.011577470228075981
4036,421080,29,5336,0.011576704680919647,0.011576704680919647
4037,453475,31,9059,0.011574974283576012,0.011574974283576012
4038,438925,30,8845,0.011573705822229385,0.011573705822229385
4039,452269,31,7853,0.011567307636141777,0.011567307636141777
4040,438441,30,8361,0.01156606338918209,0.01156606338918209
4041,273284,19,900,0.01156576070934534,0.01156576070934534
4042,456032,31,11616,0.011565458960831165,0.011565458960831165
4043,448438,31,4022,0.011563766747713089,0.011563766747713089
4044,450506,31,6090,0.011562262661755085,0.011562262661755085
4045,447896,31,3480,0.011560071259737015,0.011560071259737015
4046,439250,30,9170,0.011556233279407024,0.011556233279407024
4047,430995,30,915,0.011554079130291939,0.011554079130291939
4048,448615,31,4199,0.011553973890841007,0.011553973890841007
4049,451815,31,7399,0.01155355479568243,0.01155355479568243
4050,434396,30,4316,0.011552254669368267,0.011552254669368267
4051,439404,30,9324,0.01154819130897522,0.01154819130897522
4052,435828,30,5748,0.011547748930752277,0.011547748930752277
4053,455191,31,10775,0.011547695845365524,0.011547695845365524
4054,453203,31,8787,0.011547623202204704,0.011547623202204704
4055,442578,30,12498,0.01154581643640995,0.01154581643640995
4056,426097,29,10353,0.011540573090314865,0.011540573090314865
4057,442607,30,12527,0.011538265272974968,0.011538265272974968
4058,418461,29,2717,0.011534858494997025,0.011534858494997025
4059,451406,31,6990,0.011533641256392002,0.011533641256392002
4060,451602,31,7186,0.011532753705978394,0.011532753705978394
4061,455463,31,11047,0.011531333439052105,0.011531333439052105
4062,437016,30,6936,0.011531217955052853,0.011531217955052853
4063,451928,31,7512,0.01153060793876648,0.01153060793876648
4064,432330,30,2250,0.01153042446821928,0.01153042446821928
4065,447970,31,3554,0.011529133655130863,0.011529133655130863
4066,448846,31,4430,0.011527585797011852,0.011527585797011852
4067,444744,31,328,0.011526044458150864,0.011526044458150864
4068,418391,29,2647,0.011523859575390816,0.011523859575390816
4069,447628,31,3212,0.011522999033331871,0.011522999033331871
4070,431455,30,1375,0.011521999724209309,0.011521999724209309
4071,458267,31,13851,0.011519081890583038,0.011519081890583038
4072,388793,27,1721,0.011516042053699493,0.011516042053699493
4073,223369,15,8329,0.011515580117702484,0.011515580117702484
4074,307618,21,6562,0.01151502225548029,0.01151502225548029
4075,357936,24,13872,0.011514819227159023,0.011514819227159023
4076,458011,31,13595,0.01151319406926632,0.01151319406926632
4077,417038,29,1294,0.011510500684380531,0.011510500684380531
4078,448598,31,4182,0.011509828269481659,0.011509828269481659
4079,450277,31,5861,0.01150917261838913,0.01150917261838913
4080,449282,31,4866,0.011508570052683353,0.011508570052683353
4081,444712,31,296,0.011505610309541225,0.011505610309541225
4082,452726,31,8310,0.011504478752613068,0.011504478752613068
4083,432597,30,2517,0.011502433568239212,0.011502433568239212
4084,423364,29,7620,0.011502372100949287,0.011502372100949287
4085,451025,31,6609,0.01150134764611721,0.01150134764611721
4086,417280,29,1536,0.011498266831040382,0.011498266831040382
4087,456181,31,11765,0.011494224891066551,0.011494224891066551
4088,445002,31,586,0.011493484489619732,0.011493484489619732
4089,436471,30,6391,0.011491500772535801,0.011491500772535801
4090,427535,29,11791,0.01149042509496212,0.01149042509496212
4091,434932,30,4852,0.01148967258632183,0.01148967258632183
4092,446463,31,2047,0.01148943230509758,0.01148943230509758
4093,439284,30,9204,0.011488903313875198,0.011488903313875198
4094,455574,31,11158,0.011488007381558418,0.011488007381558418
4095,420449,29,4705,0.011487973853945732,0.011487973853945732
4096,452824,31,8408,0.011487781070172787,0.011487781070172787
4097,422367,29,6623,0.01148777175694704,0.01148777175694704
4098,418319,29,2575,0.011486786417663097,0.011486786417663097
4099,378569,26,5833,0.011484489776194096,0.011484489776194096
4100,445825,31,1409,0.011482452042400837,0.011482452042400837
4101,454422,31,10006,0.011482295580208302,0.011482295580208302
4102,458595,31,14179,0.01148216612637043,0.01148216612637043
4103,443015,30,12935,0.011481608264148235,0.011481608264148235
4104,456723,31,12307,0.011480344459414482,0.011480344459414482
4105,419419,29,3675,0.01147957518696785,0.01147957518696785
4106,456980,31,12564,0.011478260159492493,0.011478260159492493
4107,446935,31,2519,0.011476755142211914,0.011476755142211914
4108,449815,31,5399,0.011474722065031528,0.011474722065031528
4109,434505,30,4425,0.011471373960375786,0.011471373960375786
4110,433241,30,3161,0.011471182107925415,0.011471182107925415
4111,457077,31,12661,0.011470502242445946,0.011470502242445946
4112,451289,31,6873,0.011468090116977692,0.011468090116977692
4113,449360,31,4944,0.011464150622487068,0.011464150622487068
4114,402451,28,1043,0.011462638154625893,0.011462638154625893
4115,431891,30,1811,0.011461247690021992,0.011461247690021992
4116,454017,31,9601,0.01146099716424942,0.01146099716424942
4117,423719,29,7975,0.011460407637059689,0.011460407637059689
4118,456444,31,12028,0.01145891286432743,0.01145891286432743
4119,448537,31,4121,0.011456916108727455,0.011456916108727455
4120,438854,30,8774,0.011453554965555668,0.011453554965555668
4121,428691,29,12947,0.011451032012701035,0.011451032012701035
4122,449376,31,4960,0.01144949160516262,0.01144949160516262
4123,458343,31,13927,0.01144828088581562,0.01144828088581562
4124,433208,30,3128,0.011448201723396778,0.011448201723396778
4125,447936,31,3520,0.011447113007307053,0.011447113007307053
4126,441254,30,11174,0.0114463921636343,0.0114463921636343
4127,366011,25,7611,0.011446231976151466,0.011446231976151466
4128,452598,31,8182,0.011444417759776115,0.011444417759776115
4129,458054,31,13638,0.011444278992712498,0.011444278992712498
4130,454240,31,9824,0.011440599337220192,0.011440599337220192
4131,452307,31,7891,0.01143927313387394,0.01143927313387394
4132,456636,31,12220,0.011438732966780663,0.011438732966780663
4133,445194,31,778,0.011438586749136448,0.011438586749136448
4134,435446,30,5366,0.011435741558670998,0.011435741558670998
4135,423521,29,7777,0.011435171589255333,0.011435171589255333
4136,453488,31,9072,0.011435114778578281,0.011435114778578281
4137,452193,31,7777,0.011434977874159813,0.011434977874159813
4138,454687,31,10271,0.011431634426116943,0.011431634426116943
4139,417663,29,1919,0.011429281905293465,0.011429281905293465
4140,458290,31,13874,0.01142619363963604,0.01142619363963604
4141,380769,26,8033,0.011424975469708443,0.011424975469708443
4142,446514,31,2098,0.011424203403294086,0.011424203403294086
4143,422032,29,6288,0.011424165219068527,0.011424165219068527
4144,456379,31,11963,0.011422762647271156,0.011422762647271156
4145,446267,31,1851,0.011420223861932755,0.011420223861932755
4146,447448,31,3032,0.011418239213526249,0.011418239213526249
4147,437764,30,7684,0.011418212205171585,0.011418212205171585
4148,450788,31,6372,0.01141724269837141,0.01141724269837141
4149,440320,30,10240,0.011414576321840286,0.011414576321840286
4150,404789,28,3381,0.011412025429308414,0.011412025429308414
4151,418182,29,2438,0.011411495506763458,0.011411495506763458
4152,430319,30,239,0.011409166269004345,0.011409166269004345
4153,432944,30,2864,0.01140795461833477,0.01140795461833477
4154,452235,31,7819,0.011406471952795982,0.011406471952795982
4155,434421,30,4341,0.011405419558286667,0.011405419558286667
4156,405781,28,4373,0.011404388584196568,0.011404388584196568
4157,453162,31,8746,0.011402878910303116,0.011402878910303116
4158,341909,23,12181,0.011399957351386547,0.011399957351386547
4159,424411,29,8667,0.011396223679184914,0.011396223679184914
4160,454063,31,9647,0.011393287219107151,0.011393287219107151
4161,451797,31,7381,0.01139240711927414,0.01139240711927414
4162,389342,27,2270,0.011385904625058174,0.011385904625058174
4163,316797,22,1405,0.01138394046574831,0.01138394046574831
4164,453303,31,8887,0.011381835676729679,0.011381835676729679
4165,440325,30,10245,0.011381677351891994,0.011381677351891994
4166,452731,31,8315,0.011381572112441063,0.011381572112441063
4167,457200,31,12784,0.011379679664969444,0.011379679664969444
4168,453214,31,8798,0.011377179063856602,0.011377179063856602
4169,449582,31,5166,0.011372837238013744,0.011372837238013744
4170,447198,31,2782,0.011370479129254818,0.011370479129254818
4171,365069,25,6669,0.01136934943497181,0.01136934943497181
4172,452727,31,8311,0.011369168758392334,0.011369168758392334
4173,440371,30,10291,0.011366327293217182,0.011366327293217182
4174,449871,31,5455,0.011365397833287716,0.011365397833287716
4175,331479,23,1751,0.01136418990790844,0.01136418990790844
4176,451323,31,6907,0.011364088393747807,0.011364088393747807
4177,397438,27,10366,0.011362421326339245,0.011362421326339245
4178,446658,31,2242,0.011361674405634403,0.011361674405634403
4179,445904,31,1488,0.011360294185578823,0.011360294185578823
4180,446361,31,1945,0.011358577758073807,0.011358577758073807
4181,384528,26,11792,0.011357289738953114,0.011357289738953114
4182,299514,20,12794,0.011356459930539131,0.011356459930539131
4183,449929,31,5513,0.011351942084729671,0.011351942084729671
4184,422460,29,6716,0.011351771652698517,0.011351771652698517
4185,450292,31,5876,0.011350288055837154,0.011350288055837154
4186,429296,29,13552,0.011348585598170757,0.011348585598170757
4187,439027,30,8947,0.011346457526087761,0.011346457526087761
4188,450355,31,5939,0.011345498263835907,0.011345498263835907
4189,437946,30,7866,0.01134434249252081,0.01134434249252081
4190,249012,17,5300,0.011344211176037788,0.011344211176037788
4191,445533,31,1117,0.011342250742018223,0.011342250742018223
4192,380654,26,7918,0.011340462602674961,0.011340462602674961
4193,448139,31,3723,0.011339724995195866,0.011339724995195866
4194,322161,22,6769,0.011337211355566978,0.011337211355566978
4195,448288,31,3872,0.011336281895637512,0.011336281895637512
4196,403774,28,2366,0.01133536547422409,0.01133536547422409
4197,376337,26,3601,0.011334054172039032,0.011334054172039032
4198,452429,31,8013,0.011333510279655457,0.011333510279655457
4199,454152,31,9736,0.011331453919410706,0.011331453919410706
4200,457994,31,13578,0.011329215951263905,0.011329215951263905
4201,423498,29,7754,0.011326746083796024,0.011326746083796024
4202,451255,31,6839,0.01132642850279808,0.01132642850279808
4203,453712,31,9296,0.011324888095259666,0.011324888095259666
4204,450223,31,5807,0.011323552578687668,0.011323552578687668
4205,439620,30,9540,0.011322718113660812,0.011322718113660812
4206,457305,31,12889,0.011318452656269073,0.011318452656269073
4207,396405,27,9333,0.011317192576825619,0.011317192576825619
4208,455979,31,11563,0.011316579766571522,0.011316579766571522
4209,439471,30,9391,0.011316551826894283,0.011316551826894283
4210,445111,31,695,0.011315559037029743,0.011315559037029743
4211,449268,31,4852,0.0113143902271986,0.0113143902271986
4212,450657,31,6241,0.011314007453620434,0.011314007453620434
4213,434753,30,4673,0.011313566006720066,0.011313566006720066
4214,456893,31,12477,0.011312711983919144,0.011312711983919144
4215,454096,31,9680,0.011312246322631836,0.011312246322631836
4216,434568,30,4488,0.011310380883514881,0.011310380883514881
4217,455655,31,11239,0.011310122907161713,0.011310122907161713
4218,453472,31,9056,0.0113069424405694,0.0113069424405694
4219,421888,29,6144,0.01130602415651083,0.01130602415651083
4220,417517,29,1773,0.011303888633847237,0.011303888633847237
4221,411179,28,9771,0.011303734965622425,0.011303734965622425
4222,452579,31,8163,0.011302970349788666,0.011302970349788666
4223,412795,28,11387,0.011301504448056221,0.011301504448056221
4224,453318,31,8902,0.011301176622509956,0.011301176622509956
4225,450164,31,5748,0.011301063932478428,0.011301063932478428
4226,458389,31,13973,0.011300693266093731,0.011300693266093731
4227,413362,28,11954,0.011299272067844868,0.011299272067844868
4228,453204,31,8788,0.011296813376247883,0.011296813376247883
4229,415992,29,248,0.011296759359538555,0.011296759359538555
4230,452490,31,8074,0.011295962147414684,0.011295962147414684
4231,430130,30,50,0.011295165866613388,0.011295165866613388
4232,417111,29,1367,0.011295088566839695,0.011295088566839695
4233,447235,31,2819,0.011293983086943626,0.011293983086943626
4234,453911,31,9495,0.01129391323775053,0.01129391323775053
4235,453219,31,8803,0.01129361055791378,0.01129361055791378
4236,446545,31,2129,0.011292299255728722,0.011292299255728722
4237,394121,27,7049,0.011292122304439545,0.011292122304439545
4238,429949,29,14205,0.01128935907036066,0.01128935907036066
4239,448471,31,4055,0.011288927868008614,0.011288927868008614
4240,445071,31,655,0.01128667127341032,0.01128667127341032
4241,435057,30,4977,0.011282616294920444,0.011282616294920444
4242,444084,30,14004,0.011281833052635193,0.011281833052635193
4243,444701,31,285,0.011278915219008923,0.011278915219008923
4244,451414,31,6998,0.011278148740530014,0.011278148740530014
4245,446685,31,2269,0.011275799944996834,0.011275799944996834
4246,453994,31,9578,0.011272414587438107,0.011272414587438107
4247,443880,30,13800,0.011271167546510696,0.011271167546510696
4248,443468,30,13388,0.011267290450632572,0.011267290450632572
4249,436410,30,6330,0.011267232708632946,0.011267232708632946
4250,453130,31,8714,0.01126663014292717,0.01126663014292717
4251,325841,22,10449,0.011266570538282394,0.011266570538282394
4252,449203,31,4787,0.011265724897384644,0.011265724897384644
4253,446615,31,2199,0.011263890191912651,0.011263890191912651
4254,446237,31,1821,0.011263400316238403,0.011263400316238403
4255,458150,31,13734,0.011262265965342522,0.011262265965342522
4256,452692,31,8276,0.0112608652561903,0.0112608652561903
4257,442443,30,12363,0.011258186772465706,0.011258186772465706
4258,446498,31,2082,0.011256502941250801,0.011256502941250801
4259,419158,29,3414,0.011254677549004555,0.011254677549004555
4260,438948,30,8868,0.011254356242716312,0.011254356242716312
4261,450608,31,6192,0.01124798133969307,0.01124798133969307
4262,439207,30,9127,0.011245599016547203,0.011245599016547203
4263,457524,31,13108,0.01124317105859518,0.01124317105859518
4264,447494,31,3078,0.011242661625146866,0.011242661625146866
4265,453363,31,8947,0.011241926811635494,0.011241926811635494
4266,360534,25,2134,0.011240107007324696,0.011240107007324696
4267,442236,30,12156,0.011239527724683285,0.011239527724683285
4268,439316,30,9236,0.01123789232224226,0.01123789232224226
4269,428716,29,12972,0.011237782426178455,0.011237782426178455
4270,435914,30,5834,0.011236648075282574,0.011236648075282574
4271,433710,30,3630,0.011234856210649014,0.011234856210649014
4272,450659,31,6243,0.011234689503908157,0.011234689503908157
4273,457820,31,13404,0.01123355794698,0.01123355794698
4274,455046,31,10630,0.01123305968940258,0.01123305968940258
4275,449212,31,4796,0.011228016577661037,0.011228016577661037
4276,449750,31,5334,0.01122721191495657,0.01122721191495657
4277,454997,31,10581,0.011225259862840176,0.011225259862840176
4278,446446,31,2030,0.011225119233131409,0.011225119233131409
4279,448831,31,4415,0.01122492365539074,0.01122492365539074
4280,432399,30,2319,0.011223631910979748,0.011223631910979748
4281,452011,31,7595,0.011222688481211662,0.011222688481211662
4282,435580,30,5500,0.01122147124260664,0.01122147124260664
4283,455091,31,10675,0.011215475387871265,0.011215475387871265
4284,425135,29,9391,0.011213603429496288,0.011213603429496288
4285,427255,29,11511,0.011213142424821854,0.011213142424821854
4286,444742,31,326,0.011212654411792755,0.011212654411792755
4287,453250,31,8834,0.011212517507374287,0.011212517507374287
4288,431708,30,1628,0.011212348937988281,0.011212348937988281
4289,457426,31,13010,0.011207551695406437,0.011207551695406437
4290,432756,30,2676,0.011205129325389862,0.011205129325389862
4291,424009,29,8265,0.0112007986754179,0.0112007986754179
4292,453674,31,9258,0.011200536042451859,0.011200536042451859
4293,398205,27,11133,0.011198833584785461,0.011198833584785461
4294,453867,31,9451,0.011198044754564762,0.011198044754564762
4295,390905,27,3833,0.011197678744792938,0.011197678744792938
4296,457557,31,13141,0.011197428219020367,0.011197428219020367
4297,448563,31,4147,0.011193741112947464,0.011193741112947464
4298,438921,30,8841,0.011193595826625824,0.011193595826625824
4299,411358,28,9950,0.011193270795047283,0.011193270795047283
4300,446689,31,2273,0.011191385798156261,0.011191385798156261
4301,425629,29,9885,0.011190162971615791,0.011190162971615791
4302,446413,31,1997,0.011188354343175888,0.011188354343175888
4303,444567,31,151,0.011185405775904655,0.011185405775904655
4304,440297,30,10217,0.011185231618583202,0.011185231618583202
4305,450320,31,5904,0.011185157112777233,0.011185157112777233
4306,431756,30,1676,0.011185134761035442,0.011185134761035442
4307,439808,30,9728,0.011185133829712868,0.011185133829712868
4308,453113,31,8697,0.01118145976215601,0.01118145976215601
4309,451495,31,7079,0.01118053775280714,0.01118053775280714
4310,429338,29,13594,0.011179556138813496,0.011179556138813496
4311,395026,27,7954,0.011179039254784584,0.011179039254784584
4312,344460,24,396,0.011178850196301937,0.011178850196301937
4313,441360,30,11280,0.011175687424838543,0.011175687424838543
4314,418658,29,2914,0.011175310239195824,0.011175310239195824
4315,443304,30,13224,0.011174292303621769,0.011174292303621769
4316,454710,31,10294,0.011173133738338947,0.011173133738338947
4317,445119,31,703,0.011170961894094944,0.011170961894094944
4318,446317,31,1901,0.011169560253620148,0.011169560253620148
4319,457733,31,13317,0.01116864662617445,0.01116864662617445
4320,451319,31,6903,0.011166825890541077,0.011166825890541077
4321,447246,31,2830,0.01116281095892191,0.01116281095892191
4322,400600,27,13528,0.011161074042320251,0.011161074042320251
4323,417648,29,1904,0.011160928755998611,0.011160928755998611
4324,455365,31,10949,0.011160540394484997,0.011160540394484997
4325,269263,18,11215,0.011160432361066341,0.011160432361066341
4326,451162,31,6746,0.011159845627844334,0.011159845627844334
4327,457990,31,13574,0.011157598346471786,0.011157598346471786
4328,455413,31,10997,0.011156285181641579,0.011156285181641579
4329,447186,31,2770,0.011155081912875175,0.011155081912875175
4330,430643,30,563,0.01115157175809145,0.01115157175809145
4331,450288,31,5872,0.011149972677230835,0.011149972677230835
4332,437597,30,7517,0.01114980410784483,0.01114980410784483
4333,440432,30,10352,0.011148400604724884,0.011148400604724884
4334,450179,31,5763,0.011144958436489105,0.011144958436489105
4335,419278,29,3534,0.011144505813717842,0.011144505813717842
4336,441391,30,11311,0.011144133284687996,0.011144133284687996
4337,425911,29,10167,0.011144017800688744,0.011144017800688744
4338,453498,31,9082,0.011143146082758904,0.011143146082758904
4339,442891,30,12811,0.011143121868371964,0.011143121868371964
4340,419156,29,3412,0.01114129088819027,0.01114129088819027
4341,393569,27,6497,0.011140777729451656,0.011140777729451656
4342,454672,31,10256,0.01113972719758749,0.01113972719758749
4343,416578,29,834,0.01113853044807911,0.01113853044807911
4344,451605,31,7189,0.011137395165860653,0.011137395165860653
4345,440079,30,9999,0.011137336492538452,0.011137336492538452
4346,441180,30,11100,0.011137126013636589,0.011137126013636589
4347,362016,25,3616,0.01113629899919033,0.01113629899919033
4348,458297,31,13881,0.011132653802633286,0.011132653802633286
4349,453706,31,9290,0.011132651008665562,0.011132651008665562
4350,258338,18,290,0.011131462641060352,0.011131462641060352
4351,450663,31,6247,0.011131455190479755,0.011131455190479755
4352,457175,31,12759,0.011127226985991001,0.011127226985991001
4353,404549,28,3141,0.011126439087092876,0.011126439087092876
4354,423472,29,7728,0.011126200668513775,0.011126200668513775
4355,458591,31,14175,0.011125650256872177,0.011125650256872177
4356,451482,31,7066,0.011125368997454643,0.011125368997454643
4357,393202,27,6130,0.011124850250780582,0.011124850250780582
4358,445615,31,1199,0.011123907752335072,0.011123907752335072
4359,451315,31,6899,0.01112120971083641,0.01112120971083641
4360,444253,30,14173,0.01112091913819313,0.01112091913819313
4361,431991,30,1911,0.011119849048554897,0.011119849048554897
4362,446260,31,1844,0.0111183887347579,0.0111183887347579
4363,437874,30,7794,0.01111769862473011,0.01111769862473011
4364,451595,31,7179,0.01111739780753851,0.01111739780753851
4365,444531,31,115,0.011114339344203472,0.011114339344203472
4366,458610,31,14194,0.011112510226666927,0.011112510226666927
4367,307302,21,6246,0.01111053116619587,0.01111053116619587
4368,447386,31,2970,0.011107033118605614,0.011107033118605614
4369,449690,31,5274,0.011105725541710854,0.011105725541710854
4370,418350,29,2606,0.01110544241964817,0.01110544241964817
4371,415568,28,14160,0.011104757897555828,0.011104757897555828
4372,439455,30,9375,0.011103885248303413,0.011103885248303413
4373,453054,31,8638,0.01110128778964281,0.01110128778964281
4374,451476,31,7060,0.011098903603851795,0.011098903603851795
4375,447461,31,3045,0.011096802540123463,0.011096802540123463
4376,444486,31,70,0.011096724309027195,0.011096724309027195
4377,402438,28,1030,0.011095198802649975,0.011095198802649975
4378,439344,30,9264,0.011094566434621811,0.011094566434621811
4379,449281,31,4865,0.011094006709754467,0.011094006709754467
4380,359961,25,1561,0.011092426255345345,0.011092426255345345
4381,457565,31,13149,0.01109030656516552,0.01109030656516552
4382,436286,30,6206,0.01108795776963234,0.01108795776963234
4383,445859,31,1443,0.01108388788998127,0.01108388788998127
4384,417035,29,1291,0.011083315126597881,0.011083315126597881
4385,423402,29,7658,0.011083102785050869,0.011083102785050869
4386,454767,31,10351,0.011081505566835403,0.011081505566835403
4387,411415,28,10007,0.011080669239163399,0.011080669239163399
4388,452049,31,7633,0.011080402880907059,0.011080402880907059
4389,457100,31,12684,0.011078275740146637,0.011078275740146637
4390,450059,31,5643,0.011077719740569592,0.011077719740569592
4391,435988,30,5908,0.011075255461037159,0.011075255461037159
4392,415834,29,90,0.011069883592426777,0.011069883592426777
4393,450060,31,5644,0.011067293584346771,0.011067293584346771
4394,444104,30,14024,0.011067220941185951,0.011067220941185951
4395,455757,31,11341,0.011063464917242527,0.011063464917242527
4396,443332,30,13252,0.0110634071752429,0.0110634071752429
4397,436434,30,6354,0.01106337457895279,0.01106337457895279
4398,452621,31,8205,0.011061837896704674,0.011061837896704674
4399,453323,31,8907,0.011060962453484535,0.011060962453484535
4400,447517,31,3101,0.011058091185986996,0.011058091185986996
4401,304707,21,3651,0.011056761257350445,0.011056761257350445
4402,417054,29,1310,0.011055879294872284,0.011055879294872284
4403,450828,31,6412,0.011052419431507587,0.011052419431507587
4404,450010,31,5594,0.011051983572542667,0.011051983572542667
4405,335493,23,5765,0.011050560511648655,0.011050560511648655
4406,445633,31,1217,0.01104929018765688,0.01104929018765688
4407,441170,30,11090,0.011045782826840878,0.011045782826840878
4408,452531,31,8115,0.01104438491165638,0.01104438491165638
4409,402133,28,725,0.01104349922388792,0.01104349922388792
4410,457682,31,13266,0.01104066800326109,0.01104066800326109
4411,456630,31,12214,0.011039718985557556,0.011039718985557556
4412,422225,29,6481,0.011038532480597496,0.011038532480597496
4413,409525,28,8117,0.011038199067115784,0.011038199067115784
4414,456575,31,12159,0.011036957614123821,0.011036957614123821
4415,451474,31,7058,0.011036282405257225,0.011036282405257225
4416,433978,30,3898,0.011036056093871593,0.011036056093871593
4417,447837,31,3421,0.01103562768548727,0.01103562768548727
4418,430566,30,486,0.011031510308384895,0.011031510308384895
4419,457696,31,13280,0.0110302260145545,0.0110302260145545
4420,450417,31,6001,0.011028197593986988,0.011028197593986988
4421,406008,28,4600,0.011025313287973404,0.011025313287973404
4422,436726,30,6646,0.011022405698895454,0.011022405698895454
4423,439773,30,9693,0.01102187018841505,0.01102187018841505
4424,440254,30,10174,0.011021607555449009,0.011021607555449009
4425,437779,30,7699,0.011018200777471066,0.011018200777471066
4426,454527,31,10111,0.011017913930118084,0.011017913930118084
4427,445149,31,733,0.011016006581485271,0.011016006581485271
4428,219808,15,4768,0.011013713665306568,0.011013713665306568
4429,451592,31,7176,0.011012183502316475,0.011012183502316475
4430,450107,31,5691,0.01101013831794262,0.01101013831794262
4431,455667,31,11251,0.011009758338332176,0.011009758338332176
4432,449375,31,4959,0.011008094996213913,0.011008094996213913
4433,377098,26,4362,0.01100783608853817,0.01100783608853817
4434,455024,31,10608,0.011007699184119701,0.011007699184119701
4435,446649,31,2233,0.011007500812411308,0.011007500812411308
4436,447509,31,3093,0.011007494293153286,0.011007494293153286
4437,451085,31,6669,0.011005360633134842,0.011005360633134842
4438,423923,29,8179,0.011004283092916012,0.011004283092916012
4439,436016,30,5936,0.011003517545759678,0.011003517545759678
4440,453111,31,8695,0.011002345010638237,0.011002345010638237
4441,425889,29,10145,0.011001437902450562,0.011001437902450562
4442,453728,31,9312,0.01100090704858303,0.01100090704858303
4443,368059,25,9659,0.011000383645296097,0.011000383645296097
4444,457879,31,13463,0.011000113561749458,0.011000113561749458
4445,449482,31,5066,0.010999803431332111,0.010999803431332111
4446,446853,31,2437,0.010998262092471123,0.010998262092471123
4447,430381,30,301,0.010998085141181946,0.010998085141181946
4448,408820,28,7412,0.01099802739918232,0.01099802739918232
4449,453421,31,9005,0.010997481644153595,0.010997481644153595
4450,448548,31,4132,0.010996131226420403,0.010996131226420403
4451,445242,31,826,0.010995260439813137,0.010995260439813137
4452,414803,28,13395,0.010994036681950092,0.010994036681950092
4453,452746,31,8330,0.010992344468832016,0.010992344468832016
4454,457545,31,13129,0.010989946313202381,0.010989946313202381
4455,438797,30,8717,0.010989478789269924,0.010989478789269924
4456,416456,29,712,0.01098904013633728,0.01098904013633728
4457,344121,24,57,0.010985763743519783,0.010985763743519783
4458,447726,31,3310,0.010984227992594242,0.010984227992594242
4459,452732,31,8316,0.010983878746628761,0.010983878746628761
4460,452099,31,7683,0.010983697138726711,0.010983697138726711
4461,458012,31,13596,0.010982781648635864,0.010982781648635864
4462,445385,31,969,0.010982401669025421,0.010982401669025421
4463,432795,30,2715,0.010981988161802292,0.010981988161802292
4464,446309,31,1893,0.010978941805660725,0.010978941805660725
4465,390677,27,3605,0.010978782549500465,0.010978782549500465
4466,449273,31,4857,0.01097871270030737,0.01097871270030737
4467,438223,30,8143,0.01097851525992155,0.01097851525992155
4468,447204,31,2788,0.010975855402648449,0.010975855402648449
4469,456543,31,12127,0.010973361320793629,0.010973361320793629
4470,449587,31,5171,0.010973092168569565,0.010973092168569565
4471,434625,30,4545,0.010971206240355968,0.010971206240355968
4472,449729,31,5313,0.01097075454890728,0.01097075454890728
4473,387076,27,4,0.010965933091938496,0.010965933091938496
4474,453304,31,8888,0.01096514705568552,0.01096514705568552
4475,440130,30,10050,0.010961702093482018,0.010961702093482018
4476,450805,31,6389,0.010960723273456097,0.010960723273456097
4477,446168,31,1752,0.010959908366203308,0.010959908366203308
4478,442378,30,12298,0.010959604755043983,0.010959604755043983
4479,448371,31,3955,0.010957245714962482,0.010957245714962482
4480,450264,31,5848,0.010953599587082863,0.010953599587082863
4481,419501,29,3757,0.010953105986118317,0.010953105986118317
4482,453034,31,8618,0.010952619835734367,0.010952619835734367
4483,407360,28,5952,0.010949439369142056,0.010949439369142056
4484,362665,25,4265,0.010946125723421574,0.010946125723421574
4485,441911,30,11831,0.01094249077141285,0.01094249077141285
4486,448100,31,3684,0.01094187330454588,0.01094187330454588
4487,447922,31,3506,0.010940217413008213,0.010940217413008213
4488,450250,31,5834,0.010939483530819416,0.010939483530819416
4489,449102,31,4686,0.010938987135887146,0.010938987135887146
4490,366827,25,8427,0.010938680730760098,0.010938680730760098
4491,437373,30,7293,0.010937489569187164,0.010937489569187164
4492,231808,16,2432,0.010935966856777668,0.010935966856777668
4493,415535,28,14127,0.010935756377875805,0.010935756377875805
4494,438008,30,7928,0.010933993384242058,0.010933993384242058
4495,351489,24,7425,0.010933395475149155,0.010933395475149155
4496,444301,30,14221,0.010932737030088902,0.010932737030088902
4497,437134,30,7054,0.010932323522865772,0.010932323522865772
4498,453082,31,8666,0.010931014083325863,0.010931014083325863
4499,454156,31,9740,0.010930554941296577,0.010930554941296577
4500,428482,29,12738,0.010928908362984657,0.010928908362984657
4501,457336,31,12920,0.01092732697725296,0.01092732697725296
4502,208352,14,7648,0.01092721987515688,0.01092721987515688
4503,453805,31,9389,0.010925744660198689,0.010925744660198689
4504,417468,29,1724,0.010923001915216446,0.010923001915216446
4505,412596,28,11188,0.010922080837190151,0.010922080837190151
4506,450019,31,5603,0.010920913890004158,0.010920913890004158
4507,444819,31,403,0.010918539948761463,0.010918539948761463
4508,433012,30,2932,0.010917789302766323,0.010917789302766323
4509,375524,26,2788,0.010916488245129585,0.010916488245129585
4510,442769,30,12689,0.010916249826550484,0.010916249826550484
4511,411662,28,10254,0.010915595106780529,0.010915595106780529
4512,458701,31,14285,0.010913945734500885,0.010913945734500885
4513,433594,30,3514,0.010912956669926643,0.010912956669926643
4514,435767,30,5687,0.010912655852735043,0.010912655852735043
4515,453006,31,8590,0.010911213234066963,0.010911213234066963
4516,454467,31,10051,0.01091066375374794,0.01091066375374794
4517,453871,31,9455,0.01090873684734106,0.01090873684734106
4518,309623,21,8567,0.01090426929295063,0.01090426929295063
4519,422235,29,6491,0.01090275589376688,0.01090275589376688
4520,437083,30,7003,0.010901687666773796,0.010901687666773796
4521,455875,31,11459,0.010901402682065964,0.010901402682065964
4522,454658,31,10242,0.010901009663939476,0.010901009663939476
4523,416835,29,1091,0.010900852270424366,0.010900852270424366
4524,446955,31,2539,0.010900510475039482,0.010900510475039482
4525,431535,30,1455,0.010899514891207218,0.010899514891207218
4526,437447,30,7367,0.01089613139629364,0.01089613139629364
4527,380771,26,8035,0.01089275162667036,0.01089275162667036
4528,407376,28,5968,0.010891512967646122,0.010891512967646122
4529,452910,31,8494,0.010887855663895607,0.010887855663895607
4530,433320,30,3240,0.010887308977544308,0.010887308977544308
4531,222481,15,7441,0.010886755771934986,0.010886755771934986
4532,443194,30,13114,0.01088560651987791,0.01088560651987791
4533,332685,23,2957,0.010883504524827003,0.010883504524827003
4534,437182,30,7102,0.01088333036750555,0.01088333036750555
4535,456608,31,12192,0.010881033726036549,0.010881033726036549
4536,445790,31,1374,0.010878398083150387,0.010878398083150387
4537,428862,29,13118,0.010875937528908253,0.010875937528908253
4538,436477,30,6397,0.010874226689338684,0.010874226689338684
4539,455720,31,11304,0.010873792693018913,0.010873792693018913
4540,435391,30,5311,0.010873397812247276,0.010873397812247276
4541,434484,30,4404,0.01087319664657116,0.01087319664657116
4542,409722,28,8314,0.010870293714106083,0.010870293714106083
4543,451431,31,7015,0.010869884863495827,0.010869884863495827
4544,430990,30,910,0.010869811289012432,0.010869811289012432
4545,446778,31,2362,0.010869543999433517,0.010869543999433517
4546,420024,29,4280,0.01086724828928709,0.01086724828928709
4547,450518,31,6102,0.010866710916161537,0.010866710916161537
4548,418457,29,2713,0.010866120457649231,0.010866120457649231
4549,455910,31,11494,0.010865527205169201,0.010865527205169201
4550,448232,31,3816,0.010864932090044022,0.010864932090044022
4551,401365,27,14293,0.010863025672733784,0.010863025672733784
4552,449845,31,5429,0.01086216140538454,0.01086216140538454
4553,431319,30,1239,0.01086051668971777,0.01086051668971777
4554,441333,30,11253,0.010859387926757336,0.010859387926757336
4555,455183,31,10767,0.010858227498829365,0.010858227498829365
4556,445854,31,1438,0.010856120847165585,0.010856120847165585
4557,454521,31,10105,0.010854300111532211,0.010854300111532211
4558,436111,30,6031,0.010853514075279236,0.010853514075279236
4559,452394,31,7978,0.01084686629474163,0.01084686629474163
4560,421354,29,5610,0.010846493765711784,0.010846493765711784
4561,448849,31,4433,0.010845796205103397,0.010845796205103397
4562,452982,31,8566,0.010845176875591278,0.010845176875591278
4563,446926,31,2510,0.010842237621545792,0.010842237621545792
4564,448499,31,4083,0.01084131933748722,0.01084131933748722
4565,454271,31,9855,0.01084093563258648,0.01084093563258648
4566,429574,29,13830,0.010840906761586666,0.010840906761586666
4567,455536,31,11120,0.010840015485882759,0.010840015485882759
4568,454160,31,9744,0.010838105343282223,0.010838105343282223
4569,387160,27,88,0.01083780825138092,0.01083780825138092
4570,449401,31,4985,0.010837316513061523,0.010837316513061523
4571,404057,28,2649,0.01083680521696806,0.01083680521696806
4572,451156,31,6740,0.01083484198898077,0.01083484198898077
4573,441410,30,11330,0.010834104381501675,0.010834104381501675
4574,427644,29,11900,0.010832982137799263,0.010832982137799263
4575,447431,31,3015,0.010829310864210129,0.010829310864210129
4576,426557,29,10813,0.010827409103512764,0.010827409103512764
4577,439604,30,9524,0.01082650013267994,0.01082650013267994
4578,422544,29,6800,0.010826168581843376,0.010826168581843376
4579,428752,29,13008,0.010825998149812222,0.010825998149812222
4580,435503,30,5423,0.010824690572917461,0.010824690572917461
4581,457894,31,13478,0.010823159478604794,0.010823159478604794
4582,457817,31,13401,0.010820010676980019,0.010820010676980019
4583,424973,29,9229,0.010817010886967182,0.010817010886967182
4584,449136,31,4720,0.01081617921590805,0.01081617921590805
4585,387153,27,81,0.010815867222845554,0.010815867222845554
4586,455282,31,10866,0.010814161971211433,0.010814161971211433
4587,442916,30,12836,0.010812975466251373,0.010812975466251373
4588,430142,30,62,0.010812437161803246,0.010812437161803246
4589,456007,31,11591,0.01081213727593422,0.01081213727593422
4590,457040,31,12624,0.010812032967805862,0.010812032967805862
4591,194678,13,8310,0.0108102485537529,0.0108102485537529
4592,445841,31,1425,0.01080992165952921,0.01080992165952921
4593,451722,31,7306,0.01080985926091671,0.01080985926091671
4594,425698,29,9954,0.010809390805661678,0.010809390805661678
4595,451571,31,7155,0.0108091551810503,0.0108091551810503
4596,453635,31,9219,0.010808777995407581,0.010808777995407581
4597,454129,31,9713,0.010805587284266949,0.010805587284266949
4598,400957,27,13885,0.01080554910004139,0.01080554910004139
4599,428310,29,12566,0.010805410332977772,0.010805410332977772
4600,458048,31,13632,0.010804626159369946,0.010804626159369946
4601,453655,31,9239,0.010804161429405212,0.010804161429405212
4602,452376,31,7960,0.010802967473864555,0.010802967473864555
4603,422003,29,6259,0.010797975584864616,0.010797975584864616
4604,450493,31,6077,0.010797788389027119,0.010797788389027119
4605,448047,31,3631,0.010796409100294113,0.010796409100294113
4606,457666,31,13250,0.010794447734951973,0.010794447734951973
4607,437392,30,7312,0.01079414039850235,0.01079414039850235
4608,458034,31,13618,0.010791188105940819,0.010791188105940819
4609,426645,29,10901,0.010789587162435055,0.010789587162435055
4610,396934,27,9862,0.010788589715957642,0.010788589715957642
4611,454423,31,10007,0.010787216015160084,0.010787216015160084
4612,435932,30,5852,0.010784103535115719,0.010784103535115719
4613,456542,31,12126,0.010783541947603226,0.010783541947603226
4614,451108,31,6692,0.010780693031847477,0.010780693031847477
4615,433248,30,3168,0.010779699310660362,0.010779699310660362
4616,454815,31,10399,0.010777747258543968,0.010777747258543968
4617,449573,31,5157,0.010777677409350872,0.010777677409350872
4618,379648,26,6912,0.010775415226817131,0.010775415226817131
4619,431036,30,956,0.01077357865869999,0.01077357865869999
4620,445494,31,1078,0.010773281566798687,0.010773281566798687
4621,458024,31,13608,0.01076941005885601,0.01076941005885601
4622,437423,30,7343,0.01076841726899147,0.01076841726899147
4623,445147,31,731,0.010767724364995956,0.010767724364995956
4624,445015,31,599,0.010767552070319653,0.010767552070319653
4625,446488,31,2072,0.010766941122710705,0.010766941122710705
4626,446635,31,2219,0.010765967890620232,0.010765967890620232
4627,448280,31,3864,0.010765478946268559,0.010765478946268559
4628,410493,28,9085,0.010765278711915016,0.010765278711915016
4629,450295,31,5879,0.010764014907181263,0.010764014907181263
4630,457124,31,12708,0.010763786733150482,0.010763786733150482
4631,418953,29,3209,0.010763715021312237,0.010763715021312237
4632,450325,31,5909,0.01076206099241972,0.01076206099241972
4633,444610,31,194,0.010757782496511936,0.010757782496511936
4634,421593,29,5849,0.010756285861134529,0.010756285861134529
4635,340034,23,10306,0.01075600553303957,0.01075600553303957
4636,458143,31,13727,0.010755890049040318,0.010755890049040318
4637,457619,31,13203,0.010755160823464394,0.010755160823464394
4638,451420,31,7004,0.01075445581227541,0.01075445581227541
4639,379750,26,7014,0.010754415765404701,0.010754415765404701
4640,458114,31,13698,0.01075410470366478,0.01075410470366478
4641,455508,31,11092,0.010753992944955826,0.010753992944955826
4642,452877,31,8461,0.010753334499895573,0.010753334499895573
4643,454107,31,9691,0.010751910507678986,0.010751910507678986
4644,292145,20,5425,0.010750660672783852,0.010750660672783852
4645,450202,31,5786,0.010750503279268742,0.010750503279268742
4646,435779,30,5699,0.01074869092553854,0.01074869092553854
4647,431641,30,1561,0.010748409666121006,0.010748409666121006
4648,320958,22,5566,0.010748155415058136,0.010748155415058136
4649,452475,31,8059,0.010747607797384262,0.010747607797384262
4650,440405,30,10325,0.010745508596301079,0.010745508596301079
4651,449064,31,4648,0.010745435021817684,0.010745435021817684
4652,448180,31,3764,0.010744954459369183,0.010744954459369183
4653,448332,31,3916,0.010744327679276466,0.010744327679276466
4654,439123,30,9043,0.010742654092609882,0.010742654092609882
4655,458085,31,13669,0.010742596350610256,0.010742596350610256
4656,361180,25,2780,0.010742515325546265,0.010742515325546265
4657,449464,31,5048,0.010740482248365879,0.010740482248365879
4658,448943,31,4527,0.010739676654338837,0.010739676654338837
4659,405899,28,4491,0.010739297606050968,0.010739297606050968
4660,452185,31,7769,0.010738805867731571,0.010738805867731571
4661,458648,31,14232,0.010737426578998566,0.010737426578998566
4662,424827,29,9083,0.01073659211397171,0.01073659211397171
4663,450150,31,5734,0.010732784867286682,0.010732784867286682
4664,431335,30,1255,0.010731760412454605,0.010731760412454605
4665,413087,28,11679,0.010726530104875565,0.010726530104875565
4666,454035,31,9619,0.010726026259362698,0.010726026259362698
4667,379447,26,6711,0.01072351261973381,0.01072351261973381
4668,434842,30,4762,0.010722413659095764,0.010722413659095764
4669,313962,21,12906,0.01072179526090622,0.01072179526090622
4670,445381,31,965,0.010721739381551743,0.010721739381551743
4671,457673,31,13257,0.01072118803858757,0.01072118803858757
4672,390986,27,3914,0.010720097459852695,0.010720097459852695
4673,453332,31,8916,0.01071940828114748,0.01071940828114748
4674,439835,30,9755,0.010719343088567257,0.010719343088567257
4675,454426,31,10010,0.01071682758629322,0.01071682758629322
4676,426175,29,10431,0.010715698823332787,0.010715698823332787
4677,415630,28,14222,0.010715634562075138,0.010715634562075138
4678,448473,31,4057,0.010715517215430737,0.010715517215430737
4679,450190,31,5774,0.010714178904891014,0.010714178904891014
4680,448594,31,4178,0.010713801719248295,0.010713801719248295
4681,448006,31,3590,0.010712608695030212,0.010712608695030212
4682,436041,30,5961,0.01071159541606903,0.01071159541606903
4683,447262,31,2846,0.010711407288908958,0.010711407288908958
4684,456909,31,12493,0.010707972571253777,0.010707972571253777
4685,433394,30,3314,0.010706000961363316,0.010706000961363316
4686,391213,27,4141,0.010705668479204178,0.010705668479204178
4687,407329,28,5921,0.010704337619245052,0.010704337619245052
4688,437835,30,7755,0.010704315267503262,0.010704315267503262
4689,434448,30,4368,0.01070353388786316,0.01070353388786316
4690,435605,30,5525,0.010702753439545631,0.010702753439545631
4691,454238,31,9822,0.010701741091907024,0.010701741091907024
4692,448901,31,4485,0.010701701045036316,0.010701701045036316
4693,393885,27,6813,0.010701202787458897,0.010701202787458897
4694,341884,23,12156,0.010700986720621586,0.010700986720621586
4695,436870,30,6790,0.01070088054984808,0.01070088054984808
4696,276812,19,4428,0.01069928053766489,0.01069928053766489
4697,440095,30,10015,0.010699024423956871,0.010699024423956871
4698,449842,31,5426,0.010697458870708942,0.010697458870708942
4699,450423,31,6007,0.010697302408516407,0.010697302408516407
4700,444905,31,489,0.0106969540938735,0.0106969540938735
4701,450178,31,5762,0.010694080963730812,0.010694080963730812
4702,456938,31,12522,0.010693023912608624,0.010693023912608624
4703,441212,30,11132,0.010691399686038494,0.010691399686038494
4704,448367,31,3951,0.010689251124858856,0.010689251124858856
4705,433894,30,3814,0.010686734691262245,0.010686734691262245
4706,457436,31,13020,0.010686521418392658,0.010686521418392658
4707,450356,31,5940,0.01068598497658968,0.01068598497658968
4708,433121,30,3041,0.01068411860615015,0.01068411860615015
4709,441413,30,11333,0.01068396307528019,0.01068396307528019
4710,450316,31,5900,0.010683257132768631,0.010683257132768631
4711,454826,31,10410,0.01068043615669012,0.01068043615669012
4712,413797,28,12389,0.010679853148758411,0.010679853148758411
4713,446104,31,1688,0.010678565129637718,0.010678565129637718
4714,429434,29,13690,0.010677788406610489,0.010677788406610489
4715,450509,31,6093,0.01067621074616909,0.01067621074616909
4716,433720,30,3640,0.010674789547920227,0.010674789547920227
4717,445303,31,887,0.010673490352928638,0.010673490352928638
4718,449749,31,5333,0.010672517120838165,0.010672517120838165
4719,432708,30,2628,0.010672204196453094,0.010672204196453094
4720,445300,31,884,0.010672157630324364,0.010672157630324364
4721,440007,30,9927,0.01067156158387661,0.01067156158387661
4722,424908,29,9164,0.010667877271771431,0.010667877271771431
4723,454458,31,10042,0.010667822323739529,0.010667822323739529
4724,422118,29,6374,0.010664375498890877,0.010664375498890877
4725,440602,30,10522,0.010663487017154694,0.010663487017154694
4726,453766,31,9350,0.010660920292139053,0.010660920292139053
4727,437209,30,7129,0.010660851374268532,0.010660851374268532
4728,434719,30,4639,0.010660160332918167,0.010660160332918167
4729,441249,30,11169,0.010659615509212017,0.010659615509212017
4730,427924,29,12180,0.010659520514309406,0.010659520514309406
4731,449660,31,5244,0.010659483261406422,0.010659483261406422
4732,454569,31,10153,0.010658727027475834,0.010658727027475834
4733,435400,30,5320,0.010656886734068394,0.010656886734068394
4734,431954,30,1874,0.010656693018972874,0.010656693018972874
4735,454171,31,9755,0.010656654834747314,0.010656654834747314
4736,442264,30,12184,0.010656597092747688,0.010656597092747688
4737,435301,30,5221,0.01065631303936243,0.01065631303936243
4738,454476,31,10060,0.010655964724719524,0.010655964724719524
4739,456106,31,11690,0.010655866004526615,0.010655866004526615
4740,430760,30,680,0.01065526157617569,0.01065526157617569
4741,406826,28,5418,0.010655098594725132,0.010655098594725132
4742,438294,30,8214,0.010654264129698277,0.010654264129698277
4743,450210,31,5794,0.010653533041477203,0.010653533041477203
4744,437333,30,7253,0.01064974907785654,0.01064974907785654
4745,448294,31,3878,0.010647239163517952,0.010647239163517952
4746,450269,31,5853,0.010646216571331024,0.010646216571331024
4747,456612,31,12196,0.010645565576851368,0.010645565576851368
4748,413982,28,12574,0.010645093396306038,0.010645093396306038
4749,456758,31,12342,0.010644285008311272,0.010644285008311272
4750,455907,31,11491,0.01064351201057434,0.01064351201057434
4751,448978,31,4562,0.010642152279615402,0.010642152279615402
4752,442650,30,12570,0.010641931556165218,0.010641931556165218
4753,444208,30,14128,0.010641075670719147,0.010641075670719147
4754,454443,31,10027,0.01064026728272438,0.01064026728272438
4755,455911,31,11495,0.01063995435833931,0.01063995435833931
4756,448882,31,4466,0.010639713145792484,0.010639713145792484
4757,447780,31,3364,0.010639441199600697,0.010639441199600697
4758,435078,30,4998,0.010637791827321053,0.010637791827321053
4759,410506,28,9098,0.010636894032359123,0.010636894032359123
4760,450796,31,6380,0.01063299085944891,0.01063299085944891
4761,412693,28,11285,0.010632788762450218,0.010632788762450218
4762,437012,30,6932,0.010631103068590164,0.010631103068590164
4763,423904,29,8160,0.010629219003021717,0.010629219003021717
4764,420891,29,5147,0.01062918920069933,0.01062918920069933
4765,447646,31,3230,0.010629166848957539,0.010629166848957539
4766,450864,31,6448,0.01062904205173254,0.01062904205173254
4767,442973,30,12893,0.010628275573253632,0.010628275573253632
4768,445663,31,1247,0.010627450421452522,0.010627450421452522
4769,446521,31,2105,0.010626849718391895,0.010626849718391895
4770,444585,31,169,0.010626138187944889,0.010626138187944889
4771,455416,31,11000,0.010625428520143032,0.010625428520143032
4772,450315,31,5899,0.010625069960951805,0.010625069960951805
4773,456784,31,12368,0.010624103248119354,0.010624103248119354
4774,457931,31,13515,0.010623516514897346,0.010623516514897346
4775,420068,29,4324,0.010623330250382423,0.010623330250382423
4776,447334,31,2918,0.010623243637382984,0.010623243637382984
4777,452377,31,7961,0.010622362606227398,0.010622362606227398
4778,453848,31,9432,0.01062146108597517,0.01062146108597517
4779,438466,30,8386,0.010621350258588791,0.010621350258588791
4780,453452,31,9036,0.010617504827678204,0.010617504827678204
4781,448541,31,4125,0.01061447337269783,0.01061447337269783
4782,430234,30,154,0.010614020749926567,0.010614020749926567
4783,198626,13,12258,0.01061316765844822,0.01061316765844822
4784,445666,31,1250,0.010612575337290764,0.010612575337290764
4785,433066,30,2986,0.010610520839691162,0.010610520839691162
4786,433157,30,3077,0.010609381832182407,0.010609381832182407
4787,457702,31,13286,0.010606366209685802,0.010606366209685802
4788,357550,24,13486,0.010605912655591965,0.010605912655591965
4789,456063,31,11647,0.010604038834571838,0.010604038834571838
4790,451966,31,7550,0.010603968054056168,0.010603968054056168
4791,452940,31,8524,0.010603074915707111,0.010603074915707111
4792,454217,31,9801,0.010602426715195179,0.010602426715195179
4793,435981,30,5901,0.01060166023671627,0.01060166023671627
4794,446907,31,2491,0.0106014683842659,0.0106014683842659
4795,455451,31,11035,0.010598555207252502,0.010598555207252502
4796,439933,30,9853,0.010597328655421734,0.010597328655421734
4797,424213,29,8469,0.010597110725939274,0.010597110725939274
4798,448404,31,3988,0.01059659756720066,0.01059659756720066
4799,456162,31,11746,0.010596292093396187,0.010596292093396187
4800,456489,31,12073,0.010595898143947124,0.010595898143947124
4801,453155,31,8739,0.010595601983368397,0.010595601983368397
4802,436550,30,6470,0.010594245977699757,0.010594245977699757
4803,457546,31,13130,0.010593904182314873,0.010593904182314873
4804,448016,31,3600,0.010593866929411888,0.010593866929411888
4805,450260,31,5844,0.010592382401227951,0.010592382401227951
4806,442437,30,12357,0.010592370294034481,0.010592370294034481
4807,450435,31,6019,0.010592260397970676,0.010592260397970676
4808,455665,31,11249,0.010592205449938774,0.010592205449938774
4809,279252,19,6868,0.01059142965823412,0.01059142965823412
4810,442409,30,12329,0.010590254329144955,0.010590254329144955
4811,456991,31,12575,0.010589944198727608,0.010589944198727608
4812,454793,31,10377,0.010589376091957092,0.010589376091957092
4813,451042,31,6626,0.010588581673800945,0.010588581673800945
4814,378011,26,5275,0.010587887838482857,0.010587887838482857
4815,457143,31,12727,0.010587723925709724,0.010587723925709724
4816,457787,31,13371,0.010584109462797642,0.010584109462797642
4817,453058,31,8642,0.010583341121673584,0.010583341121673584
4818,433848,30,3768,0.01058194786310196,0.01058194786310196
4819,251331,17,7619,0.010580041445791721,0.010580041445791721
4820,451955,31,7539,0.010579850524663925,0.010579850524663925
4821,444540,31,124,0.01057779137045145,0.01057779137045145
4822,202145,14,1441,0.010577755980193615,0.010577755980193615
4823,343319,23,13591,0.010577274486422539,0.010577274486422539
4824,450062,31,5646,0.010576462373137474,0.010576462373137474
4825,431705,30,1625,0.010573714040219784,0.010573714040219784
4826,442821,30,12741,0.010572753846645355,0.010572753846645355
4827,456469,31,12053,0.010572548024356365,0.010572548024356365
4828,456725,31,12309,0.010570636950433254,0.010570636950433254
4829,446136,31,1720,0.010569247417151928,0.010569247417151928
4830,168954,11,11258,0.010568409226834774,0.010568409226834774
4831,441934,30,11854,0.010567826218903065,0.010567826218903065
4832,448997,31,4581,0.010567772202193737,0.010567772202193737
4833,435209,30,5129,0.010567638091742992,0.010567638091742992
4834,443371,30,13291,0.010565562173724174,0.010565562173724174
4835,447600,31,3184,0.010564652271568775,0.010564652271568775
4836,451399,31,6983,0.010563704185187817,0.010563704185187817
4837,446471,31,2055,0.010563282296061516,0.010563282296061516
4838,437741,30,7661,0.01056300476193428,0.01056300476193428
4839,458680,31,14264,0.010560434311628342,0.010560434311628342
4840,433637,30,3557,0.010559607297182083,0.010559607297182083
4841,453191,31,8775,0.010554428212344646,0.010554428212344646
4842,434340,30,4260,0.01055398304015398,0.01055398304015398
4843,447400,31,2984,0.010553347878158092,0.010553347878158092
4844,447237,31,2821,0.01055192295461893,0.01055192295461893
4845,450681,31,6265,0.010551441460847855,0.010551441460847855
4846,426111,29,10367,0.01055106334388256,0.01055106334388256
4847,445024,31,608,0.010550640523433685,0.010550640523433685
4848,405652,28,4244,0.010549773462116718,0.010549773462116718
4849,447877,31,3461,0.010549488477408886,0.010549488477408886
4850,371146,25,12746,0.010549397207796574,0.010549397207796574
4851,422436,29,6692,0.010549059137701988,0.010549059137701988
4852,443759,30,13679,0.01054734643548727,0.01054734643548727
4853,336567,23,6839,0.010546690784394741,0.010546690784394741
4854,434022,30,3942,0.010542561300098896,0.010542561300098896
4855,419265,29,3521,0.010542523115873337,0.010542523115873337
4856,446424,31,2008,0.010541747324168682,0.010541747324168682
4857,431458,30,1378,0.010540087707340717,0.010540087707340717
4858,418532,29,2788,0.010539150796830654,0.010539150796830654
4859,455162,31,10746,0.010538631118834019,0.010538631118834019
4860,417998,29,2254,0.010537412948906422,0.010537412948906422
4861,408370,28,6962,0.010536598972976208,0.010536598972976208
4862,423141,29,7397,0.010533684864640236,0.010533684864640236
4863,414816,28,13408,0.010532578453421593,0.010532578453421593
4864,456092,31,11676,0.01053205318748951,0.01053205318748951
4865,448255,31,3839,0.010525419376790524,0.010525419376790524
4866,450568,31,6152,0.010525079444050789,0.010525079444050789
4867,453474,31,9058,0.010524795390665531,0.010524795390665531
4868,391824,27,4752,0.010523621924221516,0.010523621924221516
4869,455176,31,10760,0.010521900840103626,0.010521900840103626
4870,453945,31,9529,0.010520398616790771,0.010520398616790771
4871,452126,31,7710,0.010520385578274727,0.010520385578274727
4872,443817,30,13737,0.010520212352275848,0.010520212352275848
4873,430777,30,697,0.010518811643123627,0.010518811643123627
4874,454434,31,10018,0.010518220253288746,0.010518220253288746
4875,422783,29,7039,0.01051799114793539,0.01051799114793539
4876,455794,31,11378,0.010515770874917507,0.010515770874917507
4877,177792,12,5760,0.010515726171433926,0.010515726171433926
4878,347440,24,3376,0.010515167377889156,0.010515167377889156
4879,350105,24,6041,0.010514495894312859,0.010514495894312859
4880,428028,29,12284,0.010513478890061378,0.010513478890061378
4881,446157,31,1741,0.010512406006455421,0.010512406006455421
4882,457061,31,12645,0.010511842556297779,0.010511842556297779
4883,434462,30,4382,0.010511025786399841,0.010511025786399841
4884,458642,31,14226,0.010510241612792015,0.010510241612792015
4885,454949,31,10533,0.010507207363843918,0.010507207363843918
4886,450965,31,6549,0.010506723076105118,0.010506723076105118
4887,442502,30,12422,0.010504438541829586,0.010504438541829586
4888,444426,31,10,0.010503140278160572,0.010503140278160572
4889,450081,31,5665,0.010502378456294537,0.010502378456294537
4890,386899,26,14163,0.010500595904886723,0.010500595904886723
4891,451501,31,7085,0.01050055306404829,0.01050055306404829
4892,448715,31,4299,0.010500085540115833,0.010500085540115833
4893,447212,31,2796,0.010499902069568634,0.010499902069568634
4894,424886,29,9142,0.010499713942408562,0.010499713942408562
4895,450720,31,6304,0.010499415919184685,0.010499415919184685
4896,450476,31,6060,0.010497674345970154,0.010497674345970154
4897,444977,31,561,0.01049715280532837,0.01049715280532837
4898,431965,30,1885,0.010496394708752632,0.010496394708752632
4899,421291,29,5547,0.01049595233052969,0.01049595233052969
4900,450241,31,5825,0.010495253838598728,0.010495253838598728
4901,444707,31,291,0.01049446128308773,0.01049446128308773
4902,442897,30,12817,0.010494396090507507,0.010494396090507507
4903,454720,31,10304,0.010493716225028038,0.010493716225028038
4904,445445,31,1029,0.010491091758012772,0.010491091758012772
4905,426794,29,11050,0.010490335524082184,0.010490335524082184
4906,439726,30,9646,0.010487020947039127,0.010487020947039127
4907,429904,29,14160,0.010484511032700539,0.010484511032700539
4908,430404,30,324,0.010484307073056698,0.010484307073056698
4909,442879,30,12799,0.010483602993190289,0.010483602993190289
4910,448056,31,3640,0.010483387857675552,0.010483387857675552
4911,457941,31,13525,0.010483297519385815,0.010483297519385815
4912,427983,29,12239,0.010482597164809704,0.010482597164809704
4913,256639,17,12927,0.010481936857104301,0.010481936857104301
4914,448992,31,4576,0.010481806471943855,0.010481806471943855
4915,417590,29,1846,0.010481126606464386,0.010481126606464386
4916,395911,27,8839,0.010477462783455849,0.010477462783455849
4917,237353,16,7977,0.010477450676262379,0.010477450676262379
4918,416687,29,943,0.010476219467818737,0.010476219467818737
4919,435977,30,5897,0.010475638322532177,0.010475638322532177
4920,331118,23,1390,0.010472814552485943,0.010472814552485943
4921,458593,31,14177,0.010472630150616169,0.010472630150616169
4922,446572,31,2156,0.010471649467945099,0.010471649467945099
4923,334845,23,5117,0.010470863431692123,0.010470863431692123
4924,394087,27,7015,0.01047042477875948,0.01047042477875948
4925,453414,31,8998,0.010468918830156326,0.010468918830156326
4926,456918,31,12502,0.010468246415257454,0.010468246415257454
4927,448096,31,3680,0.010467574931681156,0.010467574931681156
4928,451402,31,6986,0.010466332547366619,0.010466332547366619
4929,449362,31,4946,0.010465845465660095,0.010465845465660095
4930,451871,31,7455,0.010463930666446686,0.010463930666446686
4931,453079,31,8663,0.010462622158229351,0.010462622158229351
4932,452460,31,8044,0.010460811667144299,0.010460811667144299
4933,444986,31,570,0.010458581149578094,0.010458581149578094
4934,450793,31,6377,0.01045829989016056,0.01045829989016056
4935,424991,29,9247,0.010458233766257763,0.010458233766257763
4936,445839,31,1423,0.010458210483193398,0.010458210483193398
4937,454155,31,9739,0.010457352735102177,0.010457352735102177
4938,383345,26,10609,0.010455734096467495,0.010455734096467495
4939,442363,30,12283,0.010454556904733181,0.010454556904733181
4940,444818,31,402,0.010454398579895496,0.010454398579895496
4941,433517,30,3437,0.010454323142766953,0.010454323142766953
4942,452444,31,8028,0.010453948751091957,0.010453948751091957
4943,447943,31,3527,0.010451190173625946,0.010451190173625946
4944,448366,31,3950,0.010450825095176697,0.010450825095176697
4945,442709,30,12629,0.010447495616972446,0.010447495616972446
4946,453202,31,8786,0.010447152890264988,0.010447152890264988
4947,437673,30,7593,0.010446343570947647,0.010446343570947647
4948,430316,30,236,0.01044599898159504,0.01044599898159504
4949,440078,30,9998,0.010444754734635353,0.010444754734635353
4950,453743,31,9327,0.010444537736475468,0.010444537736475468
4951,454965,31,10549,0.010444060899317265,0.010444060899317265
4952,447355,31,2939,0.010443883016705513,0.010443883016705513
4953,443497,30,13417,0.010442536324262619,0.010442536324262619
4954,327241,22,11849,0.01044252049177885,0.01044252049177885
4955,457856,31,13440,0.010442386381328106,0.010442386381328106
4956,452408,31,7992,0.010441222228109837,0.010441222228109837
4957,414845,28,13437,0.010440964251756668,0.010440964251756668
4958,441745,30,11665,0.010440043173730373,0.010440043173730373
4959,444800,31,384,0.010438846424221992,0.010438846424221992
4960,423339,29,7595,0.01043666061013937,0.01043666061013937
4961,390608,27,3536,0.010435906238853931,0.010435906238853931
4962,413884,28,12476,0.010434787720441818,0.010434787720441818
4963,345702,24,1638,0.010431123897433281,0.010431123897433281
4964,431596,30,1516,0.01042940467596054,0.01042940467596054
4965,444023,30,13943,0.010428943671286106,0.010428943671286106
4966,442610,30,12530,0.010427695699036121,0.010427695699036121
4967,398733,27,11661,0.010427188128232956,0.010427188128232956
4968,446847,31,2431,0.010426778346300125,0.010426778346300125
4969,419381,29,3637,0.01042666845023632,0.01042666845023632
4970,251352,17,7640,0.010426446795463562,0.010426446795463562
4971,353483,24,9419,0.01042570173740387,0.01042570173740387
4972,448356,31,3940,0.010425676591694355,0.010425676591694355
4973,430954,30,874,0.010425003245472908,0.010425003245472908
4974,457854,31,13438,0.010424218140542507,0.010424218140542507
4975,354131,24,10067,0.0104239322245121,0.0104239322245121
4976,419685,29,3941,0.010423372499644756,0.010423372499644756
4977,424511,29,8767,0.010421567596495152,0.010421567596495152
4978,447504,31,3088,0.010420260950922966,0.010420260950922966
4979,412649,28,11241,0.01041856873780489,0.01041856873780489
4980,448840,31,4424,0.010418090969324112,0.010418090969324112
4981,450823,31,6407,0.010418089106678963,0.010418089106678963
4982,435777,30,5697,0.010417083278298378,0.010417083278298378
4983,447020,31,2604,0.010416996665298939,0.010416996665298939
4984,444430,31,14,0.010416901670396328,0.010416901670396328
4985,426044,29,10300,0.010416459292173386,0.010416459292173386
4986,454491,31,10075,0.01041606068611145,0.01041606068611145
4987,417039,29,1295,0.010416043922305107,0.010416043922305107
4988,321916,22,6524,0.010415914468467236,0.010415914468467236
4989,453229,31,8813,0.010415848344564438,0.010415848344564438
4990,439065,30,8985,0.010415582917630672,0.010415582917630672
4991,422859,29,7115,0.010413824580609798,0.010413824580609798
4992,414473,28,13065,0.01041317917406559,0.01041317917406559
4993,413065,28,11657,0.010412166826426983,0.010412166826426983
4994,435726,30,5646,0.010411120019853115,0.010411120019853115
4995,429360,29,13616,0.010411099530756474,0.010411099530756474
4996,437367,30,7287,0.010410748422145844,0.010410748422145844
4997,414496,28,13088,0.010410269722342491,0.010410269722342491
4998,453902,31,9486,0.01040958147495985,0.01040958147495985
4999,446714,31,2298,0.010409094393253326,0.010409094393253326
5000,448573,31,4157,0.010408899746835232,0.010408899746835232
5001,455164,31,10748,0.010408362373709679,0.010408362373709679
5002,458332,31,13916,0.010406523011624813,0.010406523011624813
5003,451529,31,7113,0.010402998887002468,0.010402998887002468
5004,453298,31,8882,0.010402541607618332,0.010402541607618332
5005,453380,31,8964,0.010402252897620201,0.010402252897620201
5006,431354,30,1274,0.010400391183793545,0.010400391183793545
5007,454614,31,10198,0.010400176979601383,0.010400176979601383
5008,422166,29,6422,0.010399687103927135,0.010399687103927135
5009,435024,30,4944,0.010399204678833485,0.010399204678833485
5010,434360,30,4280,0.010397923178970814,0.010397923178970814
5011,430548,30,468,0.010397166945040226,0.010397166945040226
5012,445815,31,1399,0.010393740609288216,0.010393740609288216
5013,436859,30,6779,0.010392850264906883,0.010392850264906883
5014,416373,29,629,0.010388882830739021,0.010388882830739021
5015,449299,31,4883,0.010387017391622066,0.010387017391622066
5016,432334,30,2254,0.010385027155280113,0.010385027155280113
5017,428170,29,12426,0.010384109802544117,0.010384109802544117
5018,453729,31,9313,0.010384095832705498,0.010384095832705498
5019,448621,31,4205,0.010383758693933487,0.010383758693933487
5020,456726,31,12310,0.0103836664929986,0.0103836664929986
5021,451984,31,7568,0.010382755659520626,0.010382755659520626
5022,443567,30,13487,0.010382230393588543,0.010382230393588543
5023,450985,31,6569,0.010382137261331081,0.010382137261331081
5024,453138,31,8722,0.010380980558693409,0.010380980558693409
5025,447502,31,3086,0.010380543768405914,0.010380543768405914
5026,445507,31,1091,0.010378621518611908,0.010378621518611908
5027,405710,28,4302,0.01037802267819643,0.01037802267819643
5028,325341,22,9949,0.010373583063483238,0.010373583063483238
5029,387294,27,222,0.010372770950198174,0.010372770950198174
5030,346227,24,2163,0.010372267104685307,0.010372267104685307
5031,458491,31,14075,0.01036924123764038,0.01036924123764038
5032,457443,31,13027,0.010368816554546356,0.010368816554546356
5033,439565,30,9485,0.010368473827838898,0.010368473827838898
5034,430946,30,866,0.010368402116000652,0.010368402116000652
5035,405574,28,4166,0.010368067771196365,0.010368067771196365
5036,444760,31,344,0.010366624221205711,0.010366624221205711
5037,424334,29,8590,0.010363953188061714,0.010363953188061714
5038,457142,31,12726,0.010363155044615269,0.010363155044615269
5039,445529,31,1113,0.010362728498876095,0.010362728498876095
5040,448276,31,3860,0.010361628606915474,0.010361628606915474
5041,446967,31,2551,0.010361261665821075,0.010361261665821075
5042,457909,31,13493,0.010360652580857277,0.010360652580857277
5043,363763,25,5363,0.010358113795518875,0.010358113795518875
5044,417294,29,1550,0.010358050465583801,0.010358050465583801
5045,450686,31,6270,0.010354818776249886,0.010354818776249886
5046,437833,30,7753,0.01035239640623331,0.01035239640623331
5047,448643,31,4227,0.010352001525461674,0.010352001525461674
5048,428441,29,12697,0.010351688601076603,0.010351688601076603
5049,455157,31,10741,0.010351109318435192,0.010351109318435192
5050,418534,29,2790,0.010348505340516567,0.010348505340516567
5051,456293,31,11877,0.010347639210522175,0.010347639210522175
5052,451047,31,6631,0.010347380302846432,0.010347380302846432
5053,399656,27,12584,0.010345892049372196,0.010345892049372196
5054,436854,30,6774,0.010345532558858395,0.010345532558858395
5055,438236,30,8156,0.010339624248445034,0.010339624248445034
5056,437462,30,7382,0.010339394211769104,0.010339394211769104
5057,444239,30,14159,0.010339361615478992,0.010339361615478992
5058,445432,31,1016,0.010339334607124329,0.010339334607124329
5059,452666,31,8250,0.010338502004742622,0.010338502004742622
5060,367861,25,9461,0.01033319253474474,0.01033319253474474
5061,446182,31,1766,0.010331975296139717,0.010331975296139717
5062,433941,30,3861,0.01033147145062685,0.01033147145062685
5063,458554,31,14138,0.010329452343285084,0.010329452343285084
5064,456958,31,12542,0.010325898416340351,0.010325898416340351
5065,455664,31,11248,0.010325346142053604,0.010325346142053604
5066,442642,30,12562,0.010324793867766857,0.010324793867766857
5067,445013,31,597,0.010324261151254177,0.010324261151254177
5068,436332,30,6252,0.010322464630007744,0.010322464630007744
5069,447554,31,3138,0.010317269712686539,0.010317269712686539
5070,456889,31,12473,0.01031163427978754,0.01031163427978754
5071,306889,21,5833,0.010311473160982132,0.010311473160982132
5072,439896,30,9816,0.01031025592237711,0.01031025592237711
5073,458287,31,13871,0.010307572782039642,0.010307572782039642
5074,458685,31,14269,0.010307502001523972,0.010307502001523972
5075,445823,31,1407,0.010306439362466335,0.010306439362466335
5076,448607,31,4191,0.010305468924343586,0.010305468924343586
5077,458275,31,13859,0.010302412323653698,0.010302412323653698
5078,412506,28,11098,0.010301993228495121,0.010301993228495121
5079,433406,30,3326,0.010300739668309689,0.010300739668309689
5080,456387,31,11971,0.01029985025525093,0.01029985025525093
5081,446039,31,1623,0.010298364795744419,0.010298364795744419
5082,436862,30,6782,0.010297260247170925,0.010297260247170925
5083,447111,31,2695,0.010296221822500229,0.010296221822500229
5084,455930,31,11514,0.010295695625245571,0.010295695625245571
5085,402344,28,936,0.010293192230165005,0.010293192230165005
5086,455764,31,11348,0.010292481631040573,0.010292481631040573
5087,448416,31,4000,0.0102922348305583,0.0102922348305583
5088,364535,25,6135,0.010292105376720428,0.010292105376720428
5089,454751,31,10335,0.010291683487594128,0.010291683487594128
5090,435930,30,5850,0.010290196165442467,0.010290196165442467
5091,434126,30,4046,0.010288639925420284,0.010288639925420284
5092,443400,30,13320,0.010288331657648087,0.010288331657648087
5093,236326,16,6950,0.010288150981068611,0.010288150981068611
5094,446469,31,2053,0.010288040153682232,0.010288040153682232
5095,437190,30,7110,0.010286938399076462,0.010286938399076462
5096,417971,29,2227,0.010286473669111729,0.010286473669111729
5097,438936,30,8856,0.010285992175340652,0.010285992175340652
5098,362214,25,3814,0.010285033844411373,0.010285033844411373
5099,431315,30,1235,0.010283350013196468,0.010283350013196468
5100,431250,30,1170,0.010282807983458042,0.010282807983458042
5101,433520,30,3440,0.010282762348651886,0.010282762348651886
5102,435497,30,5417,0.01028159074485302,0.01028159074485302
5103,422124,29,6380,0.010274920612573624,0.010274920612573624
5104,454237,31,9821,0.010274087078869343,0.010274087078869343
5105,414226,28,12818,0.010273482650518417,0.010273482650518417
5106,457250,31,12834,0.010273473337292671,0.010273473337292671
5107,346868,24,2804,0.010273079387843609,0.010273079387843609
5108,438184,30,8104,0.010270506143569946,0.010270506143569946
5109,432660,30,2580,0.010270334780216217,0.010270334780216217
5110,452359,31,7943,0.010270324535667896,0.010270324535667896
5111,458324,31,13908,0.01027002651244402,0.01027002651244402
5112,429404,29,13660,0.01026875339448452,0.01026875339448452
5113,451492,31,7076,0.010267022997140884,0.010267022997140884
5114,455601,31,11185,0.010264980606734753,0.010264980606734753
5115,421206,29,5462,0.010262689553201199,0.010262689553201199
5116,448683,31,4267,0.010262255556881428,0.010262255556881428
5117,448145,31,3729,0.010260624811053276,0.010260624811053276
5118,455821,31,11405,0.010259771719574928,0.010259771719574928
5119,448333,31,3917,0.010259111411869526,0.010259111411869526
5120,413704,28,12296,0.010258999653160572,0.010258999653160572
5121,404250,28,2842,0.010258284397423267,0.010258284397423267
5122,439394,30,9314,0.010257826186716557,0.010257826186716557
5123,407290,28,5882,0.010253936052322388,0.010253936052322388
5124,449462,31,5046,0.010252389125525951,0.010252389125525951
5125,447800,31,3384,0.010251082479953766,0.010251082479953766
5126,455926,31,11510,0.010251015424728394,0.010251015424728394
5127,431064,30,984,0.010250220075249672,0.010250220075249672
5128,414083,28,12675,0.010250171646475792,0.010250171646475792
5129,386855,26,14119,0.010249306447803974,0.010249306447803974
5130,423858,29,8114,0.010248665697872639,0.010248665697872639
5131,418682,29,2938,0.010248563252389431,0.010248563252389431
5132,456091,31,11675,0.010248331353068352,0.010248331353068352
5133,318763,22,3371,0.010248173028230667,0.010248173028230667
5134,451154,31,6738,0.010247601196169853,0.010247601196169853
5135,455859,31,11443,0.0102455485612154,0.0102455485612154
5136,453453,31,9037,0.01024448312819004,0.01024448312819004
5137,408293,28,6885,0.010242439806461334,0.010242439806461334
5138,455312,31,10896,0.010241965763270855,0.010241965763270855
5139,443597,30,13517,0.010239998809993267,0.010239998809993267
5140,442728,30,12648,0.010239200666546822,0.010239200666546822
5141,448045,31,3629,0.010238757357001305,0.010238757357001305
5142,358791,25,391,0.010236533358693123,0.010236533358693123
5143,455296,31,10880,0.010236503556370735,0.010236503556370735
5144,438164,30,8084,0.010233970358967781,0.010233970358967781
5145,433555,30,3475,0.010233392007648945,0.010233392007648945
5146,389409,27,2337,0.010232605040073395,0.010232605040073395
5147,392695,27,5623,0.010232537053525448,0.010232537053525448
5148,419144,29,3400,0.010231700725853443,0.010231700725853443
5149,433673,30,3593,0.010230747051537037,0.010230747051537037
5150,449319,31,4903,0.01022888533771038,0.01022888533771038
5151,436611,30,6531,0.010228014551103115,0.010228014551103115
5152,436355,30,6275,0.010227742604911327,0.010227742604911327
5153,403030,28,1622,0.010225789621472359,0.010225789621472359
5154,417120,29,1376,0.010225558653473854,0.010225558653473854
5155,449058,31,4642,0.010224999859929085,0.010224999859929085
5156,417977,29,2233,0.01022255513817072,0.01022255513817072
5157,450838,31,6422,0.010220405645668507,0.010220405645668507
5158,432343,30,2263,0.010220248252153397,0.010220248252153397
5159,452293,31,7877,0.010218771174550056,0.010218771174550056
5160,455879,31,11463,0.010218222625553608,0.010218222625553608
5161,455573,31,11157,0.010217460803687572,0.010217460803687572
5162,438690,30,8610,0.010216549038887024,0.010216549038887024
5163,457923,31,13507,0.010215848684310913,0.010215848684310913
5164,271613,18,13565,0.010215569287538528,0.010215569287538528
5165,444551,31,135,0.01021543238312006,0.01021543238312006
5166,421397,29,5653,0.010213050059974194,0.010213050059974194
5167,455334,31,10918,0.010211990214884281,0.010211990214884281
5168,386561,26,13825,0.010211542248725891,0.010211542248725891
5169,450834,31,6418,0.010210605338215828,0.010210605338215828
5170,442932,30,12852,0.01020849496126175,0.01020849496126175
5171,434717,30,4637,0.01020772848278284,0.01020772848278284
5172,454211,31,9795,0.010206119157373905,0.010206119157373905
5173,416858,29,1114,0.010203886777162552,0.010203886777162552
5174,254882,17,11170,0.010202222503721714,0.010202222503721714
5175,438444,30,8364,0.010200437158346176,0.010200437158346176
5176,448345,31,3929,0.010198652744293213,0.010198652744293213
5177,458711,31,14295,0.010198431089520454,0.010198431089520454
5178,287445,20,725,0.010198009200394154,0.010198009200394154
5179,441647,30,11567,0.01019481010735035,0.01019481010735035
5180,424829,29,9085,0.010194472968578339,0.010194472968578339
5181,433816,30,3736,0.010193482972681522,0.010193482972681522
5182,433893,30,3813,0.010190645232796669,0.010190645232796669
5183,268483,18,10435,0.010190512984991074,0.010190512984991074
5184,443616,30,13536,0.010190396569669247,0.010190396569669247
5185,438034,30,7954,0.010189887136220932,0.010189887136220932
5186,419258,29,3514,0.0101880868896842,0.0101880868896842
5187,453490,31,9074,0.01018470898270607,0.01018470898270607
5188,452884,31,8468,0.010184080339968204,0.010184080339968204
5189,458431,31,14015,0.010182706639170647,0.010182706639170647
5190,440976,30,10896,0.010179903358221054,0.010179903358221054
5191,451288,31,6872,0.01017889566719532,0.01017889566719532
5192,395968,27,8896,0.01017765048891306,0.01017765048891306
5193,451094,31,6678,0.010176449082791805,0.010176449082791805
5194,431778,30,1698,0.010175756178796291,0.010175756178796291
5195,436915,30,6835,0.010175185278058052,0.010175185278058052
5196,441320,30,11240,0.010173388756811619,0.010173388756811619
5197,439482,30,9402,0.01017227116972208,0.01017227116972208
5198,446628,31,2212,0.010171507485210896,0.010171507485210896
5199,382519,26,9783,0.010170960798859596,0.010170960798859596
5200,363382,25,4982,0.010170668363571167,0.010170668363571167
5201,432592,30,2512,0.01017049327492714,0.01017049327492714
5202,351889,24,7825,0.01016722247004509,0.01016722247004509
5203,450765,31,6349,0.01016714982688427,0.01016714982688427
5204,446232,31,1816,0.010166376829147339,0.010166376829147339
5205,440191,30,10111,0.01016569696366787,0.01016569696366787
5206,453186,31,8770,0.010165359824895859,0.010165359824895859
5207,450104,31,5688,0.01016499474644661,0.01016499474644661
5208,416824,29,1080,0.01016467809677124,0.01016467809677124
5209,435863,30,5783,0.010162371210753918,0.010162371210753918
5210,432693,30,2613,0.01016041450202465,0.01016041450202465
5211,441705,30,11625,0.0101594477891922,0.0101594477891922
5212,447103,31,2687,0.010159185156226158,0.010159185156226158
5213,447452,31,3036,0.010158644989132881,0.010158644989132881
5214,450122,31,5706,0.010158421471714973,0.010158421471714973
5215,395378,27,8306,0.010156067088246346,0.010156067088246346
5216,420119,29,4375,0.01015572901815176,0.01015572901815176
5217,456616,31,12200,0.010154608637094498,0.010154608637094498
5218,402431,28,1023,0.010153829120099545,0.010153829120099545
5219,434324,30,4244,0.010153103619813919,0.010153103619813919
5220,452953,31,8537,0.010152910836040974,0.010152910836040974
5221,445260,31,844,0.01015227660536766,0.01015227660536766
5222,457680,31,13264,0.010152241215109825,0.010152241215109825
5223,442089,30,12009,0.01015058346092701,0.01015058346092701
5224,454890,31,10474,0.010149257257580757,0.010149257257580757
5225,452092,31,7676,0.010148249566555023,0.010148249566555023
5226,458577,31,14161,0.010146023705601692,0.010146023705601692
5227,386559,26,13823,0.010145210660994053,0.010145210660994053
5228,450810,31,6394,0.010144074447453022,0.010144074447453022
5229,437514,30,7434,0.010143588297069073,0.010143588297069073
5230,423310,29,7566,0.010141104459762573,0.010141104459762573
5231,418932,29,3188,0.010140062309801579,0.010140062309801579
5232,449541,31,5125,0.010139494203031063,0.010139494203031063
5233,458534,31,14118,0.010138778947293758,0.010138778947293758
5234,404368,28,2960,0.0101381940767169,0.0101381940767169
5235,457435,31,13019,0.010138139128684998,0.010138139128684998
5236,449636,31,5220,0.010138051584362984,0.010138051584362984
5237,431710,30,1630,0.010135957971215248,0.010135957971215248
5238,441576,30,11496,0.010133747011423111,0.010133747011423111
5239,391214,27,4142,0.01013265736401081,0.01013265736401081
5240,428980,29,13236,0.010130208916962147,0.010130208916962147
5241,403547,28,2139,0.010130117647349834,0.010130117647349834
5242,391374,27,4302,0.01012975163757801,0.01012975163757801
5243,439740,30,9660,0.010128787718713284,0.010128787718713284
5244,436896,30,6816,0.010128635913133621,0.010128635913133621
5245,441231,30,11151,0.010128624737262726,0.010128624737262726
5246,437512,30,7432,0.010127805173397064,0.010127805173397064
5247,441440,30,11360,0.010127518326044083,0.010127518326044083
5248,448370,31,3954,0.010127201676368713,0.010127201676368713
5249,454308,31,9892,0.010126001201570034,0.010126001201570034
5250,448303,31,3887,0.010123482905328274,0.010123482905328274
5251,454283,31,9867,0.0101213613525033,0.0101213613525033
5252,349382,24,5318,0.010120951570570469,0.010120951570570469
5253,407120,28,5712,0.010120316408574581,0.010120316408574581
5254,443436,30,13356,0.010119818150997162,0.010119818150997162
5255,316955,22,1563,0.010119740851223469,0.010119740851223469
5256,429756,29,14012,0.010116674937307835,0.010116674937307835
5257,433623,30,3543,0.010116520337760448,0.010116520337760448
5258,424861,29,9117,0.010115152224898338,0.010115152224898338
5259,445978,31,1562,0.010114834643900394,0.010114834643900394
5260,451109,31,6693,0.010114717297255993,0.010114717297255993
5261,441969,30,11889,0.010113604366779327,0.010113604366779327
5262,457104,31,12688,0.010113442316651344,0.010113442316651344
5263,451477,31,7061,0.010111247189342976,0.010111247189342976
5264,317203,22,1811,0.010110856033861637,0.010110856033861637
5265,421676,29,5932,0.010110238566994667,0.010110238566994667
5266,327155,22,11763,0.010105131193995476,0.010105131193995476
5267,455681,31,11265,0.010104821063578129,0.010104821063578129
5268,438177,30,8097,0.010104202665388584,0.010104202665388584
5269,452754,31,8338,0.010104195214807987,0.010104195214807987
5270,441425,30,11345,0.01010314840823412,0.01010314840823412
5271,441189,30,11109,0.010102956555783749,0.010102956555783749
5272,454577,31,10161,0.010100852698087692,0.010100852698087692
5273,432353,30,2273,0.010099103674292564,0.010099103674292564
5274,446410,31,1994,0.010097957216203213,0.010097957216203213
5275,429343,29,13599,0.010097039863467216,0.010097039863467216
5276,430984,30,904,0.010096751153469086,0.010096751153469086
5277,454464,31,10048,0.010096223093569279,0.010096223093569279
5278,451735,31,7319,0.010093837045133114,0.010093837045133114
5279,449936,31,5520,0.010092202574014664,0.010092202574014664
5280,443651,30,13571,0.010089571587741375,0.010089571587741375
5281,432573,30,2493,0.010089128278195858,0.010089128278195858
5282,367635,25,9235,0.010087103582918644,0.010087103582918644
5283,440951,30,10871,0.010086849331855774,0.010086849331855774
5284,438780,30,8700,0.01008631195873022,0.01008631195873022
5285,400481,27,13409,0.010086270049214363,0.010086270049214363
5286,432449,30,2369,0.010085204616189003,0.010085204616189003
5287,360135,25,1735,0.010082953609526157,0.010082953609526157
5288,452511,31,8095,0.010082471184432507,0.010082471184432507
5289,434823,30,4743,0.01008144486695528,0.01008144486695528
5290,444238,30,14158,0.01008138433098793,0.01008138433098793
5291,422731,29,6987,0.010078049264848232,0.010078049264848232
5292,428157,29,12413,0.010076351463794708,0.010076351463794708
5293,432245,30,2165,0.010075733065605164,0.010075733065605164
5294,455760,31,11344,0.010075186379253864,0.010075186379253864
5295,450044,31,5628,0.010074516758322716,0.010074516758322716
5296,453965,31,9549,0.010073249228298664,0.010073249228298664
5297,457001,31,12585,0.010071481578052044,0.010071481578052044
5298,442632,30,12552,0.01007097028195858,0.01007097028195858
5299,250888,17,7176,0.01007073000073433,0.01007073000073433
5300,425846,29,10102,0.010070383548736572,0.010070383548736572
5301,443013,30,12933,0.01006875280290842,0.01006875280290842
5302,395014,27,7942,0.010068750940263271,0.010068750940263271
5303,456933,31,12517,0.010068295523524284,0.010068295523524284
5304,451145,31,6729,0.01006653904914856,0.01006653904914856
5305,417698,29,1954,0.010066114366054535,0.010066114366054535
5306,456430,31,12014,0.010064289905130863,0.010064289905130863
5307,421997,29,6253,0.01006386335939169,0.01006386335939169
5308,439876,30,9796,0.010063430294394493,0.010063430294394493
5309,436460,30,6380,0.010061793960630894,0.010061793960630894
5310,445514,31,1098,0.010059940628707409,0.010059940628707409
5311,363369,25,4969,0.010059891268610954,0.010059891268610954
5312,456990,31,12574,0.010057295672595501,0.010057295672595501
5313,450242,31,5826,0.010057036764919758,0.010057036764919758
5314,424786,29,9042,0.010056556202471256,0.010056556202471256
5315,229396,16,20,0.010056272149085999,0.010056272149085999
5316,452023,31,7607,0.010055799968540668,0.010055799968540668
5317,456621,31,12205,0.01005549170076847,0.01005549170076847
5318,373840,26,1104,0.010054833255708218,0.010054833255708218
5319,445453,31,1037,0.01005435548722744,0.01005435548722744
5320,440352,30,10272,0.010054247453808784,0.010054247453808784
5321,432492,30,2412,0.010051635093986988,0.010051635093986988
5322,456672,31,12256,0.010051473043859005,0.010051473043859005
5323,448275,31,3859,0.010051436722278595,0.010051436722278595
5324,409987,28,8579,0.010050270706415176,0.010050270706415176
5325,415870,29,126,0.010050171054899693,0.010050171054899693
5326,402630,28,1222,0.010049565695226192,0.010049565695226192
5327,454796,31,10380,0.010048147290945053,0.010048147290945053
5328,358407,25,7,0.010047764517366886,0.010047764517366886
5329,451660,31,7244,0.010045240633189678,0.010045240633189678
5330,401438,28,30,0.01004383247345686,0.01004383247345686
5331,377410,26,4674,0.01004382036626339,0.01004382036626339
5332,452055,31,7639,0.010043319314718246,0.010043319314718246
5333,394104,27,7032,0.01004312839359045,0.01004312839359045
5334,452532,31,8116,0.010043075308203697,0.010043075308203697
5335,426169,29,10425,0.010042023845016956,0.010042023845016956
5336,447798,31,3382,0.0100409472361207,0.0100409472361207
5337,446963,31,2547,0.01004069484770298,0.01004069484770298
5338,390595,27,3523,0.010040383785963058,0.010040383785963058
5339,446310,31,1894,0.010040282271802425,0.010040282271802425
5340,447038,31,2622,0.01003950834274292,0.01003950834274292
5341,436173,30,6093,0.010039370507001877,0.010039370507001877
5342,439355,30,9275,0.010039369575679302,0.010039369575679302
5343,449520,31,5104,0.010038056410849094,0.010038056410849094
5344,426864,29,11120,0.010036620311439037,0.010036620311439037
5345,444648,31,232,0.010036512278020382,0.010036512278020382
5346,423841,29,8097,0.010034136474132538,0.010034136474132538
5347,450822,31,6406,0.010033632628619671,0.010033632628619671
5348,443933,30,13853,0.010032732971012592,0.010032732971012592
5349,448313,31,3897,0.01003244984894991,0.01003244984894991
5350,458584,31,14168,0.010031910613179207,0.010031910613179207
5351,455974,31,11558,0.010029791854321957,0.010029791854321957
5352,433341,30,3261,0.010029565542936325,0.010029565542936325
5353,435992,30,5912,0.010027872398495674,0.010027872398495674
5354,452806,31,8390,0.010027075186371803,0.010027075186371803
5355,409619,28,8211,0.010027013719081879,0.010027013719081879
5356,436188,30,6108,0.010026829317212105,0.010026829317212105
5357,447116,31,2700,0.010026535950601101,0.010026535950601101
5358,454273,31,9857,0.010026095435023308,0.010026095435023308
5359,452808,31,8392,0.010025834664702415,0.010025834664702415
5360,457474,31,13058,0.010025735944509506,0.010025735944509506
5361,444566,31,150,0.01002559158951044,0.01002559158951044
5362,443239,30,13159,0.010025344789028168,0.010025344789028168
5363,443742,30,13662,0.010024749673902988,0.010024749673902988
5364,435832,30,5752,0.010024727322161198,0.010024727322161198
5365,447784,31,3368,0.010024180635809898,0.010024180635809898
5366,450644,31,6228,0.010022619739174843,0.010022619739174843
5367,444462,31,46,0.010020251385867596,0.010020251385867596
5368,454953,31,10537,0.010018554516136646,0.010018554516136646
5369,447281,31,2865,0.010018321685492992,0.010018321685492992
5370,439295,30,9215,0.010016927495598793,0.010016927495598793
5371,410393,28,8985,0.010016719810664654,0.010016719810664654
5372,334497,23,4769,0.010016178712248802,0.010016178712248802
5373,426895,29,11151,0.010015194304287434,0.010015194304287434
5374,422534,29,6790,0.01001470535993576,0.01001470535993576
5375,335450,23,5722,0.010014385916292667,0.010014385916292667
5376,424237,29,8493,0.010014246217906475,0.010014246217906475
5377,448207,31,3791,0.01001395657658577,0.01001395657658577
5378,449344,31,4928,0.010013800114393234,0.010013800114393234
5379,389242,27,2170,0.010013625025749207,0.010013625025749207
5380,445464,31,1048,0.010013576596975327,0.010013576596975327
5381,454356,31,9940,0.010012234561145306,0.010012234561145306
5382,447741,31,3325,0.010012157261371613,0.010012157261371613
5383,389229,27,2157,0.010011102072894573,0.010011102072894573
5384,452516,31,8100,0.010007084347307682,0.010007084347307682
5385,455283,31,10867,0.010004119016230106,0.010004119016230106
5386,446998,31,2582,0.010003596544265747,0.010003596544265747
5387,456816,31,12400,0.010002026334404945,0.010002026334404945
5388,448729,31,4313,0.010000890120863914,0.010000890120863914
5389,408955,28,7547,0.010000229813158512,0.010000229813158512
5390,399091,27,12019,0.00999967660754919,0.00999967660754919
5391,448132,31,3716,0.009999291971325874,0.009999291971325874
5392,407219,28,5811,0.00999887753278017,0.00999887753278017
5393,394288,27,7216,0.009996816515922546,0.009996816515922546
5394,448954,31,4538,0.00999675877392292,0.00999675877392292
5395,405744,28,4336,0.009996107779443264,0.009996107779443264
5396,426931,29,11187,0.00999569334089756,0.00999569334089756
5397,435738,30,5658,0.00999561045318842,0.00999561045318842
5398,449322,31,4906,0.009994668886065483,0.009994668886065483
5399,454299,31,9883,0.00999363325536251,0.00999363325536251
5400,443917,30,13837,0.009991401806473732,0.009991401806473732
5401,451683,31,7267,0.009991238825023174,0.009991238825023174
5402,456674,31,12258,0.0099899647757411,0.0099899647757411
5403,445805,31,1389,0.009989180602133274,0.009989180602133274
5404,435315,30,5235,0.009985247626900673,0.009985247626900673
5405,456146,31,11730,0.009985052049160004,0.009985052049160004
5406,300968,20,14248,0.009983115829527378,0.009983115829527378
5407,452208,31,7792,0.009981654584407806,0.009981654584407806
5408,435229,30,5149,0.009979785420000553,0.009979785420000553
5409,449980,31,5564,0.009979227557778358,0.009979227557778358
5410,441844,30,11764,0.009978429414331913,0.009978429414331913
5411,455381,31,10965,0.009978235699236393,0.009978235699236393
5412,428248,29,12504,0.009977752342820168,0.009977752342820168
5413,404695,28,3287,0.009977121837437153,0.009977121837437153
5414,381233,26,8497,0.009976791217923164,0.009976791217923164
5415,395416,27,8344,0.009976675733923912,0.009976675733923912
5416,411945,28,10537,0.009975401684641838,0.009975401684641838
5417,444801,31,385,0.009974176995456219,0.009974176995456219
5418,447340,31,2924,0.00997329130768776,0.00997329130768776
5419,455213,31,10797,0.009973122738301754,0.009973122738301754
5420,451585,31,7169,0.00997279305011034,0.00997279305011034
5421,440475,30,10395,0.009970603510737419,0.009970603510737419
5422,389767,27,2695,0.009970436803996563,0.009970436803996563
5423,375745,26,3009,0.009970374405384064,0.009970374405384064
5424,417493,29,1749,0.00996552687138319,0.00996552687138319
5425,424744,29,9000,0.009965365752577782,0.009965365752577782
5426,437265,30,7185,0.0099648954346776,0.0099648954346776
5427,449880,31,5464,0.009963752701878548,0.009963752701878548
5428,371551,25,13151,0.009963268414139748,0.009963268414139748
5429,446420,31,2004,0.00996251031756401,0.00996251031756401
5430,455402,31,10986,0.009961068630218506,0.009961068630218506
5431,430088,30,8,0.009959107264876366,0.009959107264876366
5432,430613,30,533,0.009958198294043541,0.009958198294043541
5433,452296,31,7880,0.009957308880984783,0.009957308880984783
5434,445642,31,1226,0.009956332854926586,0.009956332854926586
5435,449535,31,5119,0.009954691864550114,0.009954691864550114
5436,418880,29,3136,0.009954455308616161,0.009954455308616161
5437,381590,26,8854,0.009952140972018242,0.009952140972018242
5438,394853,27,7781,0.009951427578926086,0.009951427578926086
5439,458178,31,13762,0.009951109066605568,0.009951109066605568
5440,265992,18,7944,0.009948444552719593,0.009948444552719593
5441,446713,31,2297,0.009948075748980045,0.009948075748980045
5442,438231,30,8151,0.009946762584149837,0.009946762584149837
5443,456956,31,12540,0.009946269914507866,0.009946269914507866
5444,442032,30,11952,0.009945862926542759,0.009945862926542759
5445,405552,28,4144,0.00994530413299799,0.00994530413299799
5446,313429,21,12373,0.009945002384483814,0.009945002384483814
5447,389500,27,2428,0.009944033809006214,0.009944033809006214
5448,445557,31,1141,0.00994301587343216,0.00994301587343216
5449,453486,31,9070,0.009942814707756042,0.009942814707756042
5450,458383,31,13967,0.009941641241312027,0.009941641241312027
5451,448670,31,4254,0.009939843788743019,0.009939843788743019
5452,232548,16,3172,0.009938027709722519,0.009938027709722519
5453,379181,26,6445,0.00993793923407793,0.00993793923407793
5454,449262,31,4846,0.00993654876947403,0.00993654876947403
5455,255545,17,11833,0.009935964830219746,0.009935964830219746
5456,452551,31,8135,0.009934929199516773,0.009934929199516773
5457,386992,26,14256,0.009933331981301308,0.009933331981301308
5458,441963,30,11883,0.00993194617331028,0.00993194617331028
5459,446733,31,2317,0.009931526146829128,0.009931526146829128
5460,280503,19,8119,0.009930651634931564,0.009930651634931564
5461,457392,31,12976,0.009930078871548176,0.009930078871548176
5462,447236,31,2820,0.009929794818162918,0.009929794818162918
5463,427460,29,11716,0.009929354302585125,0.009929354302585125
5464,352829,24,8765,0.009928935207426548,0.009928935207426548
5465,409667,28,8259,0.009928161278367043,0.009928161278367043
5466,241647,16,12271,0.009928043000400066,0.009928043000400066
5467,424375,29,8631,0.00992732122540474,0.00992732122540474
5468,446338,31,1922,0.009926999919116497,0.009926999919116497
5469,446627,31,2211,0.009926104918122292,0.009926104918122292
5470,436248,30,6168,0.00992473866790533,0.00992473866790533
5471,449661,31,5245,0.009924652054905891,0.009924652054905891
5472,436112,30,6032,0.009924497455358505,0.009924497455358505
5473,454618,31,10202,0.009923269040882587,0.009923269040882587
5474,371033,25,12633,0.009922552853822708,0.009922552853822708
5475,429633,29,13889,0.009922515600919724,0.009922515600919724
5476,438930,30,8850,0.009921398013830185,0.009921398013830185
5477,447027,31,2611,0.009919770061969757,0.009919770061969757
5478,408874,28,7466,0.009919455274939537,0.009919455274939537
5479,450951,31,6535,0.009918849915266037,0.009918849915266037
5480,438358,30,8278,0.009918791241943836,0.009918791241943836
5481,277728,19,5344,0.009917749091982841,0.009917749091982841
5482,451782,31,7366,0.009917601943016052,0.009917601943016052
5483,450229,31,5813,0.009917248971760273,0.009917248971760273
5484,440309,30,10229,0.009911087341606617,0.009911087341606617
5485,448707,31,4291,0.009911035187542439,0.009911035187542439
5486,449866,31,5450,0.009910782799124718,0.009910782799124718
5487,447623,31,3207,0.00990944541990757,0.00990944541990757
5488,420168,29,4424,0.009909362532198429,0.009909362532198429
5489,449199,31,4783,0.009908595122396946,0.009908595122396946
5490,452655,31,8239,0.009907698258757591,0.009907698258757591
5491,456539,31,12123,0.00990623515099287,0.00990623515099287
5492,421289,29,5545,0.009906051680445671,0.009906051680445671
5493,376062,26,3326,0.009904696606099606,0.009904696606099606
5494,441429,30,11349,0.009904623962938786,0.009904623962938786
5495,443118,30,13038,0.009904475882649422,0.009904475882649422
5496,450161,31,5745,0.009904468432068825,0.009904468432068825
5497,455953,31,11537,0.009902806021273136,0.009902806021273136
5498,438321,30,8241,0.00990269798785448,0.00990269798785448
5499,417343,29,1599,0.009902461431920528,0.009902461431920528
5500,454181,31,9765,0.009901339188218117,0.009901339188218117
5501,431766,30,1686,0.009900755248963833,0.009900755248963833
5502,441627,30,11547,0.009900202974677086,0.009900202974677086
5503,438399,30,8319,0.00990014523267746,0.00990014523267746
5504,450552,31,6136,0.009899867698550224,0.009899867698550224
5505,418670,29,2926,0.009898851625621319,0.009898851625621319
5506,455242,31,10826,0.00989866815507412,0.00989866815507412
5507,428540,29,12796,0.00989761296659708,0.00989761296659708
5508,323268,22,7876,0.009896648116409779,0.009896648116409779
5509,451659,31,7243,0.009896425530314445,0.009896425530314445
5510,432074,30,1994,0.009895558468997478,0.009895558468997478
5511,266640,18,8592,0.00989538710564375,0.00989538710564375
5512,419668,29,3924,0.00989402737468481,0.00989402737468481
5513,424359,29,8615,0.00989377312362194,0.00989377312362194
5514,453956,31,9540,0.009893759153783321,0.009893759153783321
5515,436076,30,5996,0.009893238544464111,0.009893238544464111
5516,439368,30,9288,0.00989091768860817,0.00989091768860817
5517,448417,31,4001,0.009890909306704998,0.009890909306704998
5518,438956,30,8876,0.009890385903418064,0.009890385903418064
5519,349518,24,5454,0.009889810346066952,0.009889810346066952
5520,441218,30,11138,0.009887313470244408,0.009887313470244408
5521,413661,28,12253,0.009886751882731915,0.009886751882731915
5522,447290,31,2874,0.009886454790830612,0.009886454790830612
5523,408793,28,7385,0.009884779341518879,0.009884779341518879
5524,449741,31,5325,0.00988282635807991,0.00988282635807991
5525,458418,31,14002,0.009882550686597824,0.009882550686597824
5526,439584,30,9504,0.009879606775939465,0.009879606775939465
5527,453236,31,8820,0.009879539720714092,0.009879539720714092
5528,458052,31,13636,0.009877299889922142,0.009877299889922142
5529,452735,31,8319,0.009876337833702564,0.009876337833702564
5530,450852,31,6436,0.009875652380287647,0.009875652380287647
5531,380228,26,7492,0.009875229559838772,0.009875229559838772
5532,442325,30,12245,0.00987496692687273,0.00987496692687273
5533,355568,24,11504,0.009873583912849426,0.009873583912849426
5534,457500,31,13084,0.00987042672932148,0.00987042672932148
5535,431729,30,1649,0.009870278649032116,0.009870278649032116
5536,455171,31,10755,0.009870016016066074,0.009870016016066074
5537,449967,31,5551,0.009869789704680443,0.009869789704680443
5538,427899,29,12155,0.00986746046692133,0.00986746046692133
5539,452852,31,8436,0.009864931926131248,0.009864931926131248
5540,438429,30,8349,0.009862643666565418,0.009862643666565418
5541,446785,31,2369,0.009862433187663555,0.009862433187663555
5542,445190,31,774,0.009861734695732594,0.009861734695732594
5543,290637,20,3917,0.009860037826001644,0.009860037826001644
5544,433692,30,3612,0.009859789162874222,0.009859789162874222
5545,457741,31,13325,0.009856595657765865,0.009856595657765865
5546,447440,31,3024,0.009853444993495941,0.009853444993495941
5547,409752,28,8344,0.009853099472820759,0.009853099472820759
5548,336478,23,6750,0.00985232274979353,0.00985232274979353
5549,426800,29,11056,0.009851465933024883,0.009851465933024883
5550,454453,31,10037,0.00985134206712246,0.00985134206712246
5551,434927,30,4847,0.009851168841123581,0.009851168841123581
5552,455719,31,11303,0.009850891306996346,0.009850891306996346
5553,453939,31,9523,0.00985031109303236,0.00985031109303236
5554,447298,31,2882,0.00984854344278574,0.00984854344278574
5555,448903,31,4487,0.009847828187048435,0.009847828187048435
5556,456338,31,11922,0.009846959263086319,0.009846959263086319
5557,458614,31,14198,0.009846813976764679,0.009846813976764679
5558,448583,31,4167,0.009846189059317112,0.009846189059317112
5559,429189,29,13445,0.009845403023064137,0.009845403023064137
5560,451423,31,7007,0.009844799526035786,0.009844799526035786
5561,425298,29,9554,0.009844557382166386,0.009844557382166386
5562,448177,31,3761,0.009844261221587658,0.009844261221587658
5563,453557,31,9141,0.009843786247074604,0.009843786247074604
5564,456299,31,11883,0.009841937571763992,0.009841937571763992
5565,422869,29,7125,0.009841672144830227,0.009841672144830227
5566,449435,31,5019,0.009841402061283588,0.009841402061283588
5567,450637,31,6221,0.00984055083245039,0.00984055083245039
5568,443030,30,12950,0.009836148470640182,0.009836148470640182
5569,457304,31,12888,0.009834405034780502,0.009834405034780502
5570,387532,27,460,0.009833719581365585,0.009833719581365585
5571,430244,30,164,0.009833009913563728,0.009833009913563728
5572,442149,30,12069,0.009832119569182396,0.009832119569182396
5573,438278,30,8198,0.00983115378767252,0.00983115378767252
5574,343731,23,14003,0.009831052273511887,0.009831052273511887
5575,240411,16,11035,0.009829268790781498,0.009829268790781498
5576,457126,31,12710,0.00982836727052927,0.00982836727052927
5577,421144,29,5400,0.009827806614339352,0.009827806614339352
5578,451549,31,7133,0.009827579371631145,0.009827579371631145
5579,454335,31,9919,0.00982718076556921,0.00982718076556921
5580,449540,31,5124,0.009826413355767727,0.009826413355767727
5581,425455,29,9711,0.009826029650866985,0.009826029650866985
5582,457082,31,12666,0.009824398905038834,0.009824398905038834
5583,444638,31,222,0.00982413999736309,0.00982413999736309
5584,422433,29,6689,0.009823434986174107,0.009823434986174107
5585,458397,31,13981,0.009822217747569084,0.009822217747569084
5586,393269,27,6197,0.009821557439863682,0.009821557439863682
5587,456654,31,12238,0.009820366278290749,0.009820366278290749
5588,457860,31,13444,0.00981824193149805,0.00981824193149805
5589,436388,30,6308,0.009814350865781307,0.009814350865781307
5590,450100,31,5684,0.009813790209591389,0.009813790209591389
5591,446585,31,2169,0.009812126867473125,0.009812126867473125
5592,446079,31,1663,0.009811597876250744,0.009811597876250744
5593,451664,31,7248,0.009809987619519234,0.009809987619519234
5594,451555,31,7139,0.009809859097003937,0.009809859097003937
5595,434378,30,4298,0.00980957131832838,0.00980957131832838
5596,452916,31,8500,0.009807062335312366,0.009807062335312366
5597,439005,30,8925,0.009805342182517052,0.009805342182517052
5598,452769,31,8353,0.009803663939237595,0.009803663939237595
5599,426298,29,10554,0.00980321317911148,0.00980321317911148
5600,457014,31,12598,0.009803146123886108,0.009803146123886108
5601,408506,28,7098,0.009802192449569702,0.009802192449569702
5602,441849,30,11769,0.009799455292522907,0.009799455292522907
5603,421081,29,5337,0.009799119085073471,0.009799119085073471
5604,440121,30,10041,0.009798700921237469,0.009798700921237469
5605,448823,31,4407,0.009796671569347382,0.009796671569347382
5606,403676,28,2268,0.009795096702873707,0.009795096702873707
5607,382490,26,9754,0.00979312602430582,0.00979312602430582
5608,449049,31,4633,0.009789865463972092,0.009789865463972092
5609,431157,30,1077,0.009789642877876759,0.009789642877876759
5610,444900,31,484,0.00978860817849636,0.00978860817849636
5611,450809,31,6393,0.009787697345018387,0.009787697345018387
5612,417455,29,1711,0.00978458859026432,0.00978458859026432
5613,380931,26,8195,0.009784223511815071,0.009784223511815071
5614,446395,31,1979,0.009782863780856133,0.009782863780856133
5615,445936,31,1520,0.009782637469470501,0.009782637469470501
5616,356846,24,12782,0.009781986474990845,0.009781986474990845
5617,441893,30,11813,0.009781464003026485,0.009781464003026485
5618,446217,31,1801,0.009781393222510815,0.009781393222510815
5619,457657,31,13241,0.009779868647456169,0.009779868647456169
5620,444145,30,14065,0.00977697130292654,0.00977697130292654
5621,424246,29,8502,0.009776514023542404,0.009776514023542404
5622,409825,28,8417,0.00977330096065998,0.00977330096065998
5623,456900,31,12484,0.009773146361112595,0.009773146361112595
5624,435267,30,5187,0.00977256428450346,0.00977256428450346
5625,438971,30,8891,0.009771106764674187,0.009771106764674187
5626,446320,31,1904,0.009769502095878124,0.009769502095878124
5627,432283,30,2203,0.00976856704801321,0.00976856704801321
5628,393129,27,6057,0.009766906499862671,0.009766906499862671
5629,451599,31,7183,0.009766302071511745,0.009766302071511745
5630,447443,31,3027,0.00976481568068266,0.00976481568068266
5631,412114,28,10706,0.009762565605342388,0.009762565605342388
5632,448340,31,3924,0.00976256188005209,0.00976256188005209
5633,457618,31,13202,0.009761596098542213,0.009761596098542213
5634,450971,31,6555,0.0097611453384161,0.0097611453384161
5635,371115,25,12715,0.009760265238583088,0.009760265238583088
5636,451952,31,7536,0.00975876860320568,0.00975876860320568
5637,457726,31,13310,0.009758427739143372,0.009758427739143372
5638,436626,30,6546,0.009758115746080875,0.009758115746080875
5639,416457,29,713,0.00975710991770029,0.00975710991770029
5640,390077,27,3005,0.009756537154316902,0.009756537154316902
5641,412563,28,11155,0.009755917824804783,0.009755917824804783
5642,454393,31,9977,0.009755906648933887,0.009755906648933887
5643,451678,31,7262,0.009755807928740978,0.009755807928740978
5644,455360,31,10944,0.009755059145390987,0.009755059145390987
5645,368231,25,9831,0.009753795340657234,0.009753795340657234
5646,446993,31,2577,0.00975378230214119,0.00975378230214119
5647,323860,22,8468,0.009753300808370113,0.009753300808370113
5648,449894,31,5478,0.009753219783306122,0.009753219783306122
5649,452395,31,7979,0.009751942940056324,0.009751942940056324
5650,443870,30,13790,0.00975178461521864,0.00975178461521864
5651,422653,29,6909,0.00975100789219141,0.00975100789219141
5652,432823,30,2743,0.009750917553901672,0.009750917553901672
5653,408892,28,7484,0.00975075177848339,0.00975075177848339
5654,447664,31,3248,0.009749562479555607,0.009749562479555607
5655,456809,31,12393,0.009749338030815125,0.009749338030815125
5656,363583,25,5183,0.00974840298295021,0.00974840298295021
5657,456298,31,11882,0.009746544994413853,0.009746544994413853
5658,430897,30,817,0.00974457710981369,0.00974457710981369
5659,451718,31,7302,0.009744418784976006,0.009744418784976006
5660,444435,31,19,0.00974415335804224,0.00974415335804224
5661,453330,31,8914,0.00974260177463293,0.00974260177463293
5662,452630,31,8214,0.00974167138338089,0.00974167138338089
5663,444308,30,14228,0.009740734472870827,0.009740734472870827
5664,427322,29,11578,0.009740633890032768,0.009740633890032768
5665,435455,30,5375,0.00973941944539547,0.00973941944539547
5666,447306,31,2890,0.009739288128912449,0.009739288128912449
5667,427444,29,11700,0.00973900593817234,0.00973900593817234
5668,384054,26,11318,0.009738792665302753,0.009738792665302753
5669,451926,31,7510,0.009738604538142681,0.009738604538142681
5670,453296,31,8880,0.009738177061080933,0.009738177061080933
5671,428640,29,12896,0.009737570770084858,0.009737570770084858
5672,457827,31,13411,0.009737437590956688,0.009737437590956688
5673,451494,31,7078,0.00973683875054121,0.00973683875054121
5674,457198,31,12782,0.00973644107580185,0.00973644107580185
5675,309872,21,8816,0.009735493920743465,0.009735493920743465
5676,456530,31,12114,0.009735405445098877,0.009735405445098877
5677,445099,31,683,0.009734502993524075,0.009734502993524075
5678,444226,30,14146,0.009734313003718853,0.009734313003718853
5679,450381,31,5965,0.009733643382787704,0.009733643382787704
5680,454307,31,9891,0.009733438491821289,0.009733438491821289
5681,433144,30,3064,0.009730485267937183,0.009730485267937183
5682,442374,30,12294,0.009730313904583454,0.009730313904583454
5683,454827,31,10411,0.009729867801070213,0.009729867801070213
5684,430682,30,602,0.009729644283652306,0.009729644283652306
5685,434159,30,4079,0.009729274548590183,0.009729274548590183
5686,451554,31,7138,0.009729042649269104,0.009729042649269104
5687,412376,28,10968,0.009728506207466125,0.009728506207466125
5688,438831,30,8751,0.00972768384963274,0.00972768384963274
5689,458009,31,13593,0.009726754389703274,0.009726754389703274
5690,455481,31,11065,0.009725545533001423,0.009725545533001423
5691,457634,31,13218,0.009722811169922352,0.009722811169922352
5692,452519,31,8103,0.009722511284053326,0.009722511284053326
5693,450271,31,5855,0.009722059592604637,0.009722059592604637
5694,405805,28,4397,0.009721711277961731,0.009721711277961731
5695,454713,31,10297,0.009719589725136757,0.009719589725136757
5696,458210,31,13794,0.009719094261527061,0.009719094261527061
5697,450566,31,6150,0.009718571789562702,0.009718571789562702
5698,457771,31,13355,0.009717851877212524,0.009717851877212524
5699,457734,31,13318,0.009717070497572422,0.009717070497572422
5700,431331,30,1251,0.009716728702187538,0.009716728702187538
5701,449893,31,5477,0.009716372936964035,0.009716372936964035
5702,441990,30,11910,0.009716257452964783,0.009716257452964783
5703,438180,30,8100,0.009715685620903969,0.009715685620903969
5704,445561,31,1145,0.00971450936049223,0.00971450936049223
5705,404749,28,3341,0.00971408374607563,0.00971408374607563
5706,454560,31,10144,0.009712901897728443,0.009712901897728443
5707,453651,31,9235,0.009712600149214268,0.009712600149214268
5708,452118,31,7702,0.00971132516860962,0.00971132516860962
5709,447343,31,2927,0.009711289778351784,0.009711289778351784
5710,439544,30,9464,0.009710594080388546,0.009710594080388546
5711,454090,31,9674,0.009709472768008709,0.009709472768008709
5712,453753,31,9337,0.00970904715359211,0.00970904715359211
5713,415635,28,14227,0.009707851335406303,0.009707851335406303
5714,434086,30,4006,0.00970700103789568,0.00970700103789568
5715,449944,31,5528,0.009706650860607624,0.009706650860607624
5716,437513,30,7433,0.009706639684736729,0.009706639684736729
5717,444438,31,22,0.009705686010420322,0.009705686010420322
5718,446765,31,2349,0.009704169817268848,0.009704169817268848
5719,443098,30,13018,0.009704063646495342,0.009704063646495342
5720,456841,31,12425,0.009703468531370163,0.009703468531370163
5721,454376,31,9960,0.009702891111373901,0.009702891111373901
5722,436191,30,6111,0.009702800773084164,0.009702800773084164
5723,455584,31,11168,0.009701772592961788,0.009701772592961788
5724,450457,31,6041,0.009700204245746136,0.009700204245746136
5725,365476,25,7076,0.009699749760329723,0.009699749760329723
5726,443473,30,13393,0.009698321111500263,0.009698321111500263
5727,455738,31,11322,0.009695323184132576,0.009695323184132576
5728,441478,30,11398,0.009695110842585564,0.009695110842585564
5729,451969,31,7553,0.009693840518593788,0.009693840518593788
5730,455399,31,10983,0.009693766012787819,0.009693766012787819
5731,435862,30,5782,0.009693430736660957,0.009693430736660957
5732,283044,19,10660,0.009693127125501633,0.009693127125501633
5733,448754,31,4338,0.009692337363958359,0.009692337363958359
5734,452972,31,8556,0.009691409766674042,0.009691409766674042
5735,399439,27,12367,0.009690938517451286,0.009690938517451286
5736,404225,28,2817,0.009690449573099613,0.009690449573099613
5737,405105,28,3697,0.009687318466603756,0.009687318466603756
5738,451522,31,7106,0.009685817174613476,0.009685817174613476
5739,458329,31,13913,0.009685340337455273,0.009685340337455273
5740,455783,31,11367,0.009685316123068333,0.009685316123068333
5741,393079,27,6007,0.00968528725206852,0.00968528725206852
5742,438363,30,8283,0.009683290496468544,0.009683290496468544
5743,455542,31,11126,0.009683198295533657,0.009683198295533657
5744,453161,31,8745,0.009680950082838535,0.009680950082838535
5745,454945,31,10529,0.009680724702775478,0.009680724702775478
5746,427955,29,12211,0.009680192917585373,0.009680192917585373
5747,261309,18,3261,0.009679149836301804,0.009679149836301804
5748,443926,30,13846,0.009678180329501629,0.009678180329501629
5749,440505,30,10425,0.009677420370280743,0.009677420370280743
5750,454633,31,10217,0.009676861576735973,0.009676861576735973
5751,424838,29,9094,0.009676133282482624,0.009676133282482624
5752,457273,31,12857,0.009676109999418259,0.009676109999418259
5753,456518,31,12102,0.009675571694970131,0.009675571694970131
5754,444922,31,506,0.00967448204755783,0.00967448204755783
5755,458126,31,13710,0.00967398565262556,0.00967398565262556
5756,451507,31,7091,0.009673082269728184,0.009673082269728184
5757,447101,31,2685,0.009672978892922401,0.009672978892922401
5758,452994,31,8578,0.009672950953245163,0.009672950953245163
5759,451468,31,7052,0.009672227315604687,0.009672227315604687
5760,451397,31,6981,0.009672203101217747,0.009672203101217747
5761,448512,31,4096,0.00967162661254406,0.00967162661254406
5762,439795,30,9715,0.009671210311353207,0.009671210311353207
5763,452673,31,8257,0.009670456871390343,0.009670456871390343
5764,451949,31,7533,0.009669600054621696,0.009669600054621696
5765,445643,31,1227,0.009668744169175625,0.009668744169175625
5766,451184,31,6768,0.009668352082371712,0.009668352082371712
5767,454621,31,10205,0.009668201208114624,0.009668201208114624
5768,402829,28,1421,0.009666431695222855,0.009666431695222855
5769,446394,31,1978,0.009666357189416885,0.009666357189416885
5770,429850,29,14106,0.00966469757258892,0.00966469757258892
5771,267467,18,9419,0.009664641693234444,0.009664641693234444
5772,444783,31,367,0.009663598611950874,0.009663598611950874
5773,430235,30,155,0.009663260541856289,0.009663260541856289
5774,425324,29,9580,0.00965924933552742,0.00965924933552742
5775,449561,31,5145,0.009657032787799835,0.009657032787799835
5776,433097,30,3017,0.009655658155679703,0.009655658155679703
5777,457976,31,13560,0.009654670022428036,0.009654670022428036
5778,415956,29,212,0.009654414840042591,0.009654414840042591
5779,376264,26,3528,0.009653354994952679,0.009653354994952679
5780,447415,31,2999,0.009651776403188705,0.009651776403188705
5781,451321,31,6905,0.00964901503175497,0.00964901503175497
5782,446432,31,2016,0.00964684784412384,0.00964684784412384
5783,449905,31,5489,0.009644591249525547,0.009644591249525547
5784,430606,30,526,0.00964259635657072,0.00964259635657072
5785,446503,31,2087,0.009642454795539379,0.009642454795539379
5786,431091,30,1011,0.009641970507800579,0.009641970507800579
5787,457225,31,12809,0.009641775861382484,0.009641775861382484
5788,442753,30,12673,0.009639979340136051,0.009639979340136051
5789,451809,31,7393,0.00963993463665247,0.00963993463665247
5790,338868,23,9140,0.009638763964176178,0.009638763964176178
5791,447405,31,2989,0.00963748712092638,0.00963748712092638
5792,435771,30,5691,0.009636928327381611,0.009636928327381611
5793,455249,31,10833,0.009636527858674526,0.009636527858674526
5794,437498,30,7418,0.00963643379509449,0.00963643379509449
5795,450931,31,6515,0.009635022841393948,0.009635022841393948
5796,402618,28,1210,0.009634425863623619,0.009634425863623619
5797,451077,31,6661,0.009634178131818771,0.009634178131818771
5798,444927,31,511,0.009633922018110752,0.009633922018110752
5799,289546,20,2826,0.009632645174860954,0.009632645174860954
5800,441369,30,11289,0.009631921537220478,0.009631921537220478
5801,444804,31,388,0.009631612338125706,0.009631612338125706
5802,451879,31,7463,0.00963154248893261,0.00963154248893261
5803,432325,30,2245,0.00963103212416172,0.00963103212416172
5804,453223,31,8807,0.009629875421524048,0.009629875421524048
5805,386750,26,14014,0.009629611857235432,0.009629611857235432
5806,419944,29,4200,0.009626690298318863,0.009626690298318863
5807,446222,31,1806,0.009626591578125954,0.009626591578125954
5808,452053,31,7637,0.009625188075006008,0.009625188075006008
5809,317394,22,2002,0.009624947793781757,0.009624947793781757
5810,453170,31,8754,0.009623484686017036,0.009623484686017036
5811,431526,30,1446,0.009622938930988312,0.009622938930988312
5812,443920,30,13840,0.009622782468795776,0.009622782468795776
5813,448029,31,3613,0.009622071869671345,0.009622071869671345
5814,416867,29,1123,0.00962075311690569,0.00962075311690569
5815,433856,30,3776,0.009620224125683308,0.009620224125683308
5816,456198,31,11782,0.009619340300559998,0.009619340300559998
5817,450578,31,6162,0.009618525393307209,0.009618525393307209
5818,445912,31,1496,0.009617392905056477,0.009617392905056477
5819,445170,31,754,0.009616142138838768,0.009616142138838768
5820,325370,22,9978,0.009615694172680378,0.009615694172680378
5821,451903,31,7487,0.009615683928132057,0.009615683928132057
5822,457864,31,13448,0.009615633636713028,0.009615633636713028
5823,458394,31,13978,0.009615493007004261,0.009615493007004261
5824,431828,30,1748,0.009615332819521427,0.009615332819521427
5825,455004,31,10588,0.009615144692361355,0.009615144692361355
5826,447153,31,2737,0.009614883922040462,0.009614883922040462
5827,447188,31,2772,0.009614575654268265,0.009614575654268265
5828,387885,27,813,0.009613871574401855,0.009613871574401855
5829,449278,31,4862,0.00961375143378973,0.00961375143378973
5830,446436,31,2020,0.009613350965082645,0.009613350965082645
5831,310617,21,9561,0.00961313210427761,0.00961313210427761
5832,380053,26,7317,0.00961258914321661,0.00961258914321661
5833,439330,30,9250,0.009611336514353752,0.009611336514353752
5834,411069,28,9661,0.009610186330974102,0.009610186330974102
5835,342213,23,12485,0.009609750472009182,0.009609750472009182
5836,449101,31,4685,0.009609464555978775,0.009609464555978775
5837,435522,30,5442,0.009608681313693523,0.009608681313693523
5838,420672,29,4928,0.009606748819351196,0.009606748819351196
5839,420871,29,5127,0.009606365114450455,0.009606365114450455
5840,267712,18,9664,0.009606116451323032,0.009606116451323032
5841,453828,31,9412,0.009604793973267078,0.009604793973267078
5842,417116,29,1372,0.009602904319763184,0.009602904319763184
5843,429857,29,14113,0.009602556936442852,0.009602556936442852
5844,448330,31,3914,0.009601721540093422,0.009601721540093422
5845,436308,30,6228,0.009601089172065258,0.009601089172065258
5846,408062,28,6654,0.009600958786904812,0.009600958786904812
5847,421324,29,5580,0.009600421413779259,0.009600421413779259
5848,455502,31,11086,0.009600406512618065,0.009600406512618065
5849,454846,31,10430,0.009596702642738819,0.009596702642738819
5850,416334,29,590,0.009596346877515316,0.009596346877515316
5851,434416,30,4336,0.00959449727088213,0.00959449727088213
5852,451687,31,7271,0.00959341786801815,0.00959341786801815
5853,451900,31,7484,0.00959301833063364,0.00959301833063364
5854,404152,28,2744,0.00959255825728178,0.00959255825728178
5855,363043,25,4643,0.009592344984412193,0.009592344984412193
5856,448469,31,4053,0.009591570124030113,0.009591570124030113
5857,456350,31,11934,0.009591183625161648,0.009591183625161648
5858,449735,31,5319,0.00958958175033331,0.00958958175033331
5859,452981,31,8565,0.009589502587914467,0.009589502587914467
5860,446426,31,2010,0.00958865787833929,0.00958865787833929
5861,438207,30,8127,0.009588448330760002,0.009588448330760002
5862,283315,19,10931,0.00958749745041132,0.00958749745041132
5863,388112,27,1040,0.00958740059286356,0.00958740059286356
5864,446172,31,1756,0.009587064385414124,0.009587064385414124
5865,452987,31,8571,0.009586873464286327,0.009586873464286327
5866,397174,27,10102,0.009586481377482414,0.009586481377482414
5867,443576,30,13496,0.009586465544998646,0.009586465544998646
5868,387117,27,45,0.009586306288838387,0.009586306288838387
5869,453856,31,9440,0.009585794061422348,0.009585794061422348
5870,451842,31,7426,0.009585632011294365,0.009585632011294365
5871,438083,30,8003,0.009585597552359104,0.009585597552359104
5872,442950,30,12870,0.009585111401975155,0.009585111401975155
5873,445082,31,666,0.009585019201040268,0.009585019201040268
5874,457685,31,13269,0.009584169834852219,0.009584169834852219
5875,452825,31,8409,0.009583882056176662,0.009583882056176662
5876,382445,26,9709,0.009583662264049053,0.009583662264049053
5877,427336,29,11592,0.009582414291799068,0.009582414291799068
5878,432599,30,2519,0.009582270868122578,0.009582270868122578
5879,456599,31,12183,0.00958194024860859,0.00958194024860859
5880,435934,30,5854,0.009580989368259907,0.009580989368259907
5881,445984,31,1568,0.00958016887307167,0.00958016887307167
5882,403527,28,2119,0.009579316712915897,0.009579316712915897
5883,457613,31,13197,0.009579101577401161,0.009579101577401161
5884,453572,31,9156,0.0095790084451437,0.0095790084451437
5885,449627,31,5211,0.009578699246048927,0.009578699246048927
5886,423880,29,8136,0.00957866758108139,0.00957866758108139
5887,445503,31,1087,0.009577111341059208,0.009577111341059208
5888,449139,31,4723,0.009577024728059769,0.009577024728059769
5889,448112,31,3696,0.009574519470334053,0.009574519470334053
5890,454016,31,9600,0.009573754854500294,0.009573754854500294
5891,430395,30,315,0.009573742747306824,0.009573742747306824
5892,301079,21,23,0.009573495015501976,0.009573495015501976
5893,456517,31,12101,0.00957261398434639,0.00957261398434639
5894,424271,29,8527,0.009570978581905365,0.009570978581905365
5895,457431,31,13015,0.009570730850100517,0.009570730850100517
5896,426755,29,11011,0.009569919668138027,0.009569919668138027
5897,452648,31,8232,0.009569507092237473,0.009569507092237473
5898,456920,31,12504,0.009564879350364208,0.009564879350364208
5899,442205,30,12125,0.009563344530761242,0.009563344530761242
5900,456276,31,11860,0.009562677703797817,0.009562677703797817
5901,430776,30,696,0.00955924391746521,0.00955924391746521
5902,448148,31,3732,0.009558606892824173,0.009558606892824173
5903,450672,31,6256,0.009557907469570637,0.009557907469570637
5904,445310,31,894,0.009557205252349377,0.009557205252349377
5905,450846,31,6430,0.009556829929351807,0.009556829929351807
5906,455351,31,10935,0.009555596858263016,0.009555596858263016
5907,410396,28,8988,0.00955460499972105,0.00955460499972105
5908,351623,24,7559,0.009551073424518108,0.009551073424518108
5909,458670,31,14254,0.00954891461879015,0.00954891461879015
5910,431562,30,1482,0.009547646157443523,0.009547646157443523
5911,402055,28,647,0.009545461274683475,0.009545461274683475
5912,455864,31,11448,0.009545078501105309,0.009545078501105309
5913,407780,28,6372,0.009544268250465393,0.009544268250465393
5914,452249,31,7833,0.009543768130242825,0.009543768130242825
5915,455577,31,11161,0.009542781859636307,0.009542781859636307
5916,449670,31,5254,0.009542460553348064,0.009542460553348064
5917,443685,30,13605,0.009541713632643223,0.009541713632643223
5918,458553,31,14137,0.009541613981127739,0.009541613981127739
5919,420578,29,4834,0.009538634680211544,0.009538634680211544
5920,422169,29,6425,0.00953861977905035,0.00953861977905035
5921,433527,30,3447,0.009538184851408005,0.009538184851408005
5922,443003,30,12923,0.009537997655570507,0.009537997655570507
5923,421767,29,6023,0.009537040255963802,0.009537040255963802
5924,329109,22,13717,0.009536786936223507,0.009536786936223507
5925,447804,31,3388,0.009536137804389,0.009536137804389
5926,450012,31,5596,0.009535198099911213,0.009535198099911213
5927,456881,31,12465,0.009535117074847221,0.009535117074847221
5928,397357,27,10285,0.009535103105008602,0.009535103105008602
5929,454688,31,10272,0.00953487865626812,0.00953487865626812
5930,442741,30,12661,0.009532492607831955,0.009532492607831955
5931,448815,31,4399,0.00953194685280323,0.00953194685280323
5932,427387,29,11643,0.009529748000204563,0.009529748000204563
5933,455637,31,11221,0.009527790360152721,0.009527790360152721
5934,455538,31,11122,0.009527788497507572,0.009527788497507572
5935,428602,29,12858,0.009525842033326626,0.009525842033326626
5936,222401,15,7361,0.009524460881948471,0.009524460881948471
5937,448150,31,3734,0.009523737244307995,0.009523737244307995
5938,439137,30,9057,0.009523306041955948,0.009523306041955948
5939,431668,30,1588,0.009523162618279457,0.009523162618279457
5940,453752,31,9336,0.00952246505767107,0.00952246505767107
5941,453934,31,9518,0.009521991945803165,0.009521991945803165
5942,434143,30,4063,0.009521430358290672,0.009521430358290672
5943,444583,31,167,0.00952041894197464,0.00952041894197464
5944,426225,29,10481,0.009517972357571125,0.009517972357571125
5945,424589,29,8845,0.009517314843833447,0.009517314843833447
5946,447295,31,2879,0.009517299942672253,0.009517299942672253
5947,431663,30,1583,0.009517296217381954,0.009517296217381954
5948,447309,31,2893,0.009516124613583088,0.009516124613583088
5949,354968,24,10904,0.009513044729828835,0.009513044729828835
5950,447108,31,2692,0.009512190707027912,0.009512190707027912
5951,455649,31,11233,0.009512093849480152,0.009512093849480152
5952,365469,25,7069,0.009512070566415787,0.009512070566415787
5953,442503,30,12423,0.009512033313512802,0.009512033313512802
5954,434506,30,4426,0.009511948563158512,0.009511948563158512
5955,452025,31,7609,0.00951134692877531,0.00951134692877531
5956,457632,31,13216,0.009509331546723843,0.009509331546723843
5957,458278,31,13862,0.009509329684078693,0.009509329684078693
5958,411118,28,9710,0.009507622569799423,0.009507622569799423
5959,449090,31,4674,0.009507546201348305,0.009507546201348305
5960,450924,31,6508,0.009506294503808022,0.009506294503808022
5961,450114,31,5698,0.009505336172878742,0.009505336172878742
5962,437586,30,7506,0.009504728019237518,0.009504728019237518
5963,450923,31,6507,0.009504040703177452,0.009504040703177452
5964,425265,29,9521,0.009502299129962921,0.009502299129962921
5965,442223,30,12143,0.009501012973487377,0.009501012973487377
5966,449349,31,4933,0.009499783627688885,0.009499783627688885
5967,387681,27,609,0.009498459286987782,0.009498459286987782
5968,287549,20,829,0.009497829712927341,0.009497829712927341
5969,454193,31,9777,0.00949750654399395,0.00949750654399395
5970,457754,31,13338,0.009496365673840046,0.009496365673840046
5971,448758,31,4342,0.009494754485785961,0.009494754485785961
5972,448305,31,3889,0.009494604542851448,0.009494604542851448
5973,424345,29,8601,0.009494478814303875,0.009494478814303875
5974,448900,31,4484,0.009494440630078316,0.009494440630078316
5975,430153,30,73,0.009494083933532238,0.009494083933532238
5976,438144,30,8064,0.009493473917245865,0.009493473917245865
5977,402126,28,718,0.009493174031376839,0.009493174031376839
5978,457598,31,13182,0.009492704644799232,0.009492704644799232
5979,384720,26,11984,0.009490150026977062,0.009490150026977062
5980,456157,31,11741,0.009489120915532112,0.009489120915532112
5981,438989,30,8909,0.00948886014521122,0.00948886014521122
5982,451101,31,6685,0.009488724172115326,0.009488724172115326
5983,407012,28,5604,0.009488416835665703,0.009488416835665703
5984,435352,30,5272,0.009488079696893692,0.009488079696893692
5985,440289,30,10209,0.009487684816122055,0.009487684816122055
5986,378584,26,5848,0.009487463161349297,0.009487463161349297
5987,438263,30,8183,0.009486495517194271,0.009486495517194271
5988,435168,30,5088,0.009483509697020054,0.009483509697020054
5989,449531,31,5115,0.009483282454311848,0.009483282454311848
5990,440957,30,10877,0.009479592554271221,0.009479592554271221
5991,445867,31,1451,0.009479082189500332,0.009479082189500332
5992,418871,29,3127,0.00947856716811657,0.00947856716811657
5993,451945,31,7529,0.00947853084653616,0.00947853084653616
5994,442803,30,12723,0.009478517808020115,0.009478517808020115
5995,456385,31,11969,0.009474456310272217,0.009474456310272217
5996,450610,31,6194,0.009473727084696293,0.009473727084696293
5997,435406,30,5326,0.00947316363453865,0.00947316363453865
5998,432398,30,2318,0.00947132520377636,0.00947132520377636
5999,435063,30,4983,0.009470119141042233,0.009470119141042233
6000,445159,31,743,0.009469312615692616,0.009469312615692616
6001,358343,24,14279,0.009469214826822281,0.009469214826822281
6002,438215,30,8135,0.009468834847211838,0.009468834847211838
6003,452107,31,7691,0.009468271397054195,0.009468271397054195
6004,455387,31,10971,0.009466493502259254,0.009466493502259254
6005,432337,30,2257,0.009462052024900913,0.009462052024900913
6006,328351,22,12959,0.009461624547839165,0.009461624547839165
6007,413259,28,11851,0.009461612440645695,0.009461612440645695
6008,445682,31,1266,0.009461276233196259,0.009461276233196259
6009,422343,29,6599,0.009460448287427425,0.009460448287427425
6010,427118,29,11374,0.009459618479013443,0.009459618479013443
6011,449067,31,4651,0.00945949461311102,0.00945949461311102
6012,444885,31,469,0.009459144435822964,0.009459144435822964
6013,352110,24,8046,0.009458860382437706,0.009458860382437706
6014,439947,30,9867,0.009458663873374462,0.009458663873374462
6015,449773,31,5357,0.0094580864533782,0.0094580864533782
6016,298982,20,12262,0.009457992389798164,0.009457992389798164
6017,404246,28,2838,0.009457867592573166,0.009457867592573166
6018,418798,29,3054,0.009457437321543694,0.009457437321543694
6019,380218,26,7482,0.00945646408945322,0.00945646408945322
6020,446929,31,2513,0.009455086663365364,0.009455086663365364
6021,452112,31,7696,0.009453964419662952,0.009453964419662952
6022,427630,29,11886,0.00945385079830885,0.00945385079830885
6023,457180,31,12764,0.009450900368392467,0.009450900368392467
6024,423391,29,7647,0.009450492449104786,0.009450492449104786
6025,449641,31,5225,0.009447920136153698,0.009447920136153698
6026,402973,28,1565,0.009446398355066776,0.009446398355066776
6027,456069,31,11653,0.009445331990718842,0.009445331990718842
6028,441967,30,11887,0.00944504328072071,0.00944504328072071
6029,437677,30,7597,0.009444682858884335,0.009444682858884335
6030,445222,31,806,0.009444182738661766,0.009444182738661766
6031,323434,22,8042,0.009443763643503189,0.009443763643503189
6032,413728,28,12320,0.009443705901503563,0.009443705901503563
6033,447868,31,3452,0.009443485178053379,0.009443485178053379
6034,427349,29,11605,0.009442945010960102,0.009442945010960102
6035,446000,31,1584,0.009442182257771492,0.009442182257771492
6036,451056,31,6640,0.009442132897675037,0.009442132897675037
6037,417861,29,2117,0.009440366178750992,0.009440366178750992
6038,243561,16,14185,0.00944009143859148,0.00944009143859148
6039,445651,31,1235,0.009439890272915363,0.009439890272915363
6040,452539,31,8123,0.009438648819923401,0.009438648819923401
6041,437718,30,7638,0.009438413195312023,0.009438413195312023
6042,447065,31,2649,0.0094382269307971,0.0094382269307971
6043,405488,28,4080,0.009437337517738342,0.009437337517738342
6044,296354,20,9634,0.009436674416065216,0.009436674416065216
6045,425577,29,9833,0.009436484426259995,0.009436484426259995
6046,456050,31,11634,0.009436051361262798,0.009436051361262798
6047,447348,31,2932,0.009435211308300495,0.009435211308300495
6048,400925,27,13853,0.00943436287343502,0.00943436287343502
6049,427691,29,11947,0.009433520957827568,0.009433520957827568
6050,413438,28,12030,0.009433255530893803,0.009433255530893803
6051,426963,29,11219,0.00943292398005724,0.00943292398005724
6052,450567,31,6151,0.00943195354193449,0.00943195354193449
6053,458573,31,14157,0.009431842714548111,0.009431842714548111
6054,442520,30,12440,0.00943172350525856,0.00943172350525856
6055,429016,29,13272,0.009430766105651855,0.009430766105651855
6056,439387,30,9307,0.009430631063878536,0.009430631063878536
6057,402331,28,923,0.00942993350327015,0.00942993350327015
6058,454662,31,10246,0.00942913442850113,0.00942913442850113
6059,446357,31,1941,0.009428677149116993,0.009428677149116993
6060,457645,31,13229,0.009426115080714226,0.009426115080714226
6061,456537,31,12121,0.009424811229109764,0.009424811229109764
6062,322924,22,7532,0.009424707852303982,0.009424707852303982
6063,430185,30,105,0.009423998184502125,0.009423998184502125
6064,359616,25,1216,0.009423362091183662,0.009423362091183662
6065,427750,29,12006,0.009422941133379936,0.009422941133379936
6066,441392,30,11312,0.009422419592738152,0.009422419592738152
6067,456256,31,11840,0.009421005845069885,0.009421005845069885
6068,441313,30,11233,0.009420127607882023,0.009420127607882023
6069,449133,31,4717,0.009419180452823639,0.009419180452823639
6070,449640,31,5224,0.00941825844347477,0.00941825844347477
6071,443183,30,13103,0.00941781047731638,0.00941781047731638
6072,440192,30,10112,0.009417271241545677,0.009417271241545677
6073,418830,29,3086,0.009417100809514523,0.009417100809514523
6074,398639,27,11567,0.009417061693966389,0.009417061693966389
6075,451624,31,7208,0.00941699743270874,0.00941699743270874
6076,433744,30,3664,0.009416784159839153,0.009416784159839153
6077,431475,30,1395,0.009415745735168457,0.009415745735168457
6078,416309,29,565,0.009415051899850368,0.009415051899850368
6079,403538,28,2130,0.009414785541594028,0.009414785541594028
6080,435842,30,5762,0.00941410567611456,0.00941410567611456
6081,432056,30,1976,0.009413708001375198,0.009413708001375198
6082,444351,30,14271,0.009411212056875229,0.009411212056875229
6083,439836,30,9756,0.00941111333668232,0.00941111333668232
6084,442282,30,12202,0.009410460479557514,0.009410460479557514
6085,449975,31,5559,0.009409109130501747,0.009409109130501747
6086,450130,31,5714,0.009408900514245033,0.009408900514245033
6087,452541,31,8125,0.009408842772245407,0.009408842772245407
6088,427184,29,11440,0.009408297017216682,0.009408297017216682
6089,456902,31,12486,0.009406785480678082,0.009406785480678082
6090,398569,27,11497,0.009406696073710918,0.009406696073710918
6091,229498,16,122,0.009406620636582375,0.009406620636582375
6092,442029,30,11949,0.009406613186001778,0.009406613186001778
6093,435345,30,5265,0.009405289776623249,0.009405289776623249
6094,423221,29,7477,0.009404845535755157,0.009404845535755157
6095,456691,31,12275,0.009404095821082592,0.009404095821082592
6096,430169,30,89,0.009401635266840458,0.009401635266840458
6097,447671,31,3255,0.0094002028927207,0.0094002028927207
6098,433110,30,3030,0.00939969252794981,0.00939969252794981
6099,422282,29,6538,0.009399074129760265,0.009399074129760265
6100,451044,31,6628,0.009398567490279675,0.009398567490279675
6101,455695,31,11279,0.009398281574249268,0.009398281574249268
6102,449014,31,4598,0.009396630339324474,0.009396630339324474
6103,296986,20,10266,0.009396386332809925,0.009396386332809925
6104,418097,29,2353,0.009393397718667984,0.009393397718667984
6105,456632,31,12216,0.009392847307026386,0.009392847307026386
6106,310064,21,9008,0.009391700848937035,0.009391700848937035
6107,456924,31,12508,0.009391146712005138,0.009391146712005138
6108,452751,31,8335,0.00939113274216652,0.00939113274216652
6109,454524,31,10108,0.009390236809849739,0.009390236809849739
6110,422780,29,7036,0.009390170685946941,0.009390170685946941
6111,434620,30,4540,0.0093891192227602,0.0093891192227602
6112,434362,30,4282,0.009389100596308708,0.009389100596308708
6113,449527,31,5111,0.00938891340047121,0.00938891340047121
6114,454789,31,10373,0.009388257749378681,0.009388257749378681
6115,458310,31,13894,0.009387776255607605,0.009387776255607605
6116,447525,31,3109,0.00938764214515686,0.00938764214515686
6117,435339,30,5259,0.009385723620653152,0.009385723620653152
6118,445960,31,1544,0.009385643526911736,0.009385643526911736
6119,440601,30,10521,0.009384564124047756,0.009384564124047756
6120,458185,31,13769,0.009384562261402607,0.009384562261402607
6121,430410,30,330,0.009384320117533207,0.009384320117533207
6122,437004,30,6924,0.009384109638631344,0.009384109638631344
6123,437277,30,7197,0.00938406027853489,0.00938406027853489
6124,437375,30,7295,0.009383290074765682,0.009383290074765682
6125,436049,30,5969,0.009379101917147636,0.009379101917147636
6126,350532,24,6468,0.009378966875374317,0.009378966875374317
6127,366344,25,7944,0.009373804554343224,0.009373804554343224
6128,447857,31,3441,0.009373275563120842,0.009373275563120842
6129,435138,30,5058,0.00937323272228241,0.00937323272228241
6130,456381,31,11965,0.009372780099511147,0.009372780099511147
6131,446663,31,2247,0.00937215331941843,0.00937215331941843
6132,395315,27,8243,0.009371603839099407,0.009371603839099407
6133,456105,31,11689,0.009371095336973667,0.009371095336973667
6134,450829,31,6413,0.009370828047394753,0.009370828047394753
6135,371153,25,12753,0.009370041079819202,0.009370041079819202
6136,398267,27,11195,0.00936918705701828,0.00936918705701828
6137,428757,29,13013,0.00936884805560112,0.00936884805560112
6138,419390,29,3646,0.009367318823933601,0.009367318823933601
6139,442740,30,12660,0.009365448728203773,0.009365448728203773
6140,434674,30,4594,0.009364662691950798,0.009364662691950798
6141,433591,30,3511,0.009364254772663116,0.009364254772663116
6142,262563,18,4515,0.009363665245473385,0.009363665245473385
6143,442767,30,12687,0.009362502954900265,0.009362502954900265
6144,411050,28,9642,0.009361145086586475,0.009361145086586475
6145,457365,31,12949,0.009358938783407211,0.009358938783407211
6146,433646,30,3566,0.009358614683151245,0.009358614683151245
6147,448458,31,4042,0.009358233772218227,0.009358233772218227
6148,418827,29,3083,0.009357836097478867,0.009357836097478867
6149,411891,28,10483,0.009356935508549213,0.009356935508549213
6150,453975,31,9559,0.009356021881103516,0.009356021881103516
6151,428198,29,12454,0.009355741553008556,0.009355741553008556
6152,457150,31,12734,0.00935522373765707,0.00935522373765707
6153,438736,30,8656,0.009352482855319977,0.009352482855319977
6154,410554,28,9146,0.009352084249258041,0.009352084249258041
6155,452861,31,8445,0.009351647458970547,0.009351647458970547
6156,454795,31,10379,0.00935148075222969,0.00935148075222969
6157,456736,31,12320,0.009350938722491264,0.009350938722491264
6158,390601,27,3529,0.009348494932055473,0.009348494932055473
6159,453740,31,9324,0.009348299354314804,0.009348299354314804
6160,448385,31,3969,0.009347055107355118,0.009347055107355118
6161,421773,29,6029,0.00934698898345232,0.00934698898345232
6162,433504,30,3424,0.009345992468297482,0.009345992468297482
6163,448796,31,4380,0.009345142170786858,0.009345142170786858
6164,455034,31,10618,0.009345047175884247,0.009345047175884247
6165,342924,23,13196,0.009344814345240593,0.009344814345240593
6166,445949,31,1533,0.009340212680399418,0.009340212680399418
6167,453384,31,8968,0.009339924901723862,0.009339924901723862
6168,360277,25,1877,0.009339370764791965,0.009339370764791965
6169,456878,31,12462,0.009338230825960636,0.009338230825960636
6170,430646,30,566,0.009336291812360287,0.009336291812360287
6171,456917,31,12501,0.009336286224424839,0.009336286224424839
6172,428081,29,12337,0.009336024522781372,0.009336024522781372
6173,423915,29,8171,0.009335670620203018,0.009335670620203018
6174,390425,27,3353,0.009335380978882313,0.009335380978882313
6175,448613,31,4197,0.009334365837275982,0.009334365837275982
6176,458751,31,14335,0.009333654306828976,0.009333654306828976
6177,444422,31,6,0.009333068504929543,0.009333068504929543
6178,451005,31,6589,0.009333060123026371,0.009333060123026371
6179,431067,30,987,0.009332398883998394,0.009332398883998394
6180,317253,22,1861,0.009331956505775452,0.009331956505775452
6181,445747,31,1331,0.009329468011856079,0.009329468011856079
6182,381192,26,8456,0.009328003041446209,0.009328003041446209
6183,438749,30,8669,0.009327604435384274,0.009327604435384274
6184,434879,30,4799,0.009327439591288567,0.009327439591288567
6185,446303,31,1887,0.009326338768005371,0.009326338768005371
6186,410654,28,9246,0.009324836544692516,0.009324836544692516
6187,368673,25,10273,0.009324833750724792,0.009324833750724792
6188,418095,29,2351,0.009324495680630207,0.009324495680630207
6189,316350,22,958,0.009323637932538986,0.009323637932538986
6190,438129,30,8049,0.00932272244244814,0.00932272244244814
6191,371059,25,12659,0.009322158060967922,0.009322158060967922
6192,446114,31,1698,0.009321729652583599,0.009321729652583599
6193,454184,31,9768,0.00931999646127224,0.00931999646127224
6194,422030,29,6286,0.0093196677044034,0.0093196677044034
6195,457009,31,12593,0.009319175034761429,0.009319175034761429
6196,448956,31,4540,0.009317944757640362,0.009317944757640362
6197,449886,31,5470,0.009317368268966675,0.009317368268966675
6198,407003,28,5595,0.009317010641098022,0.009317010641098022
6199,417536,29,1792,0.009315703064203262,0.009315703064203262
6200,427403,29,11659,0.009315541945397854,0.009315541945397854
6201,391992,27,4920,0.009315461851656437,0.009315461851656437
6202,276712,19,4328,0.009315108880400658,0.009315108880400658
6203,427972,29,12228,0.009311899542808533,0.009311899542808533
6204,449093,31,4677,0.009310844354331493,0.009310844354331493
6205,448970,31,4554,0.009309178218245506,0.009309178218245506
6206,434953,30,4873,0.009309040382504463,0.009309040382504463
6207,431471,30,1391,0.009308652020990849,0.009308652020990849
6208,379797,26,7061,0.009307014755904675,0.009307014755904675
6209,446977,31,2561,0.009306349791586399,0.009306349791586399
6210,436165,30,6085,0.009305675514042377,0.009305675514042377
6211,451334,31,6918,0.009304617531597614,0.009304617531597614
6212,412800,28,11392,0.00930237676948309,0.00930237676948309
6213,445383,31,967,0.009299146011471748,0.009299146011471748
6214,446978,31,2562,0.009298840537667274,0.009298840537667274
6215,451894,31,7478,0.009298023767769337,0.009298023767769337
6216,437402,30,7322,0.009297301061451435,0.009297301061451435
6217,437630,30,7550,0.009297146461904049,0.009297146461904049
6218,428727,29,12983,0.009295877069234848,0.009295877069234848
6219,417619,29,1875,0.009294914081692696,0.009294914081692696
6220,454320,31,9904,0.009293753653764725,0.009293753653764725
6221,450572,31,6156,0.009293671697378159,0.009293671697378159
6222,414336,28,12928,0.009293651208281517,0.009293651208281517
6223,411953,28,10545,0.009293194860219955,0.009293194860219955
6224,448117,31,3701,0.009291961789131165,0.009291961789131165
6225,433021,30,2941,0.009291848167777061,0.009291848167777061
6226,449484,31,5068,0.009291065856814384,0.009291065856814384
6227,457577,31,13161,0.00928964652121067,0.00928964652121067
6228,429149,29,13405,0.009289458394050598,0.009289458394050598
6229,430884,30,804,0.009289256297051907,0.009289256297051907
6230,434445,30,4365,0.009288846515119076,0.009288846515119076
6231,443160,30,13080,0.009288209490478039,0.009288209490478039
6232,431130,30,1050,0.009287917986512184,0.009287917986512184
6233,445312,31,896,0.009287291206419468,0.009287291206419468
6234,448325,31,3909,0.009286168031394482,0.009286168031394482
6235,446781,31,2365,0.00928555242717266,0.00928555242717266
6236,457252,31,12836,0.00928520318120718,0.00928520318120718
6237,448213,31,3797,0.009285038337111473,0.009285038337111473
6238,448008,31,3592,0.00928476918488741,0.00928476918488741
6239,385931,26,13195,0.009284457191824913,0.009284457191824913
6240,449525,31,5109,0.009283175691962242,0.009283175691962242
6241,430710,30,630,0.00928301177918911,0.00928301177918911
6242,455131,31,10715,0.00928077194839716,0.00928077194839716
6243,359578,25,1178,0.009280109778046608,0.009280109778046608
6244,362402,25,4002,0.009280001744627953,0.009280001744627953
6245,436727,30,6647,0.00927989836782217,0.00927989836782217
6246,447232,31,2816,0.009279533289372921,0.009279533289372921
6247,438667,30,8587,0.009278238750994205,0.009278238750994205
6248,458392,31,13976,0.009278147481381893,0.009278147481381893
6249,430597,30,517,0.009277674369513988,0.009277674369513988
6250,448091,31,3675,0.009277306497097015,0.009277306497097015
6251,320356,22,4964,0.00927607249468565,0.00927607249468565
6252,458144,31,13728,0.009275713935494423,0.009275713935494423
6253,421190,29,5446,0.00927478726953268,0.00927478726953268
6254,440380,30,10300,0.00927387923002243,0.00927387923002243
6255,438955,30,8875,0.00927361287176609,0.00927361287176609
6256,440382,30,10302,0.009272933006286621,0.009272933006286621
6257,451428,31,7012,0.009272642433643341,0.009272642433643341
6258,449575,31,5159,0.009270886890590191,0.009270886890590191
6259,443718,30,13638,0.009270417504012585,0.009270417504012585
6260,425843,29,10099,0.009269029833376408,0.009269029833376408
6261,425749,29,10005,0.00926830805838108,0.00926830805838108
6262,405641,28,4233,0.009268226101994514,0.009268226101994514
6263,449659,31,5243,0.009267437271773815,0.009267437271773815
6264,404413,28,3005,0.009267164394259453,0.009267164394259453
6265,394162,27,7090,0.009265990927815437,0.009265990927815437
6266,428729,29,12985,0.009264521300792694,0.009264521300792694
6267,422454,29,6710,0.009264489635825157,0.009264489635825157
6268,405031,28,3623,0.00926442351192236,0.00926442351192236
6269,456855,31,12439,0.009264308959245682,0.009264308959245682
6270,445748,31,1332,0.009264283813536167,0.009264283813536167
6271,445067,31,651,0.009264138527214527,0.009264138527214527
6272,438389,30,8309,0.00926371943205595,0.00926371943205595
6273,327548,22,12156,0.00926300324499607,0.00926300324499607
6274,457300,31,12884,0.009262962266802788,0.009262962266802788
6275,400503,27,13431,0.009261080995202065,0.009261080995202065
6276,450054,31,5638,0.0092608742415905,0.0092608742415905
6277,452714,31,8298,0.009260707534849644,0.009260707534849644
6278,387233,27,161,0.009259366430342197,0.009259366430342197
6279,453868,31,9452,0.009259031154215336,0.009259031154215336
6280,441667,30,11587,0.009258488193154335,0.009258488193154335
6281,454930,31,10514,0.009256215766072273,0.009256215766072273
6282,449683,31,5267,0.009255173616111279,0.009255173616111279
6283,432520,30,2440,0.009254979901015759,0.009254979901015759
6284,425211,29,9467,0.00925391260534525,0.00925391260534525
6285,340031,23,10303,0.0092520946636796,0.0092520946636796
6286,446275,31,1859,0.009251930750906467,0.009251930750906467
6287,441482,30,11402,0.009251163341104984,0.009251163341104984
6288,374723,26,1987,0.009251097217202187,0.009251097217202187
6289,449134,31,4718,0.009250588715076447,0.009250588715076447
6290,449851,31,5435,0.009250082075595856,0.009250082075595856
6291,433933,30,3853,0.00924842618405819,0.00924842618405819
6292,396146,27,9074,0.009248260408639908,0.009248260408639908
6293,444821,31,405,0.009247781708836555,0.009247781708836555
6294,437399,30,7319,0.009246309287846088,0.009246309287846088
6295,450286,31,5870,0.009246107190847397,0.009246107190847397
6296,392962,27,5890,0.009244992397725582,0.009244992397725582
6297,454957,31,10541,0.00924463476985693,0.00924463476985693
6298,432810,30,2730,0.009243905544281006,0.009243905544281006
6299,439686,30,9606,0.009242366999387741,0.009242366999387741
6300,401727,28,319,0.00924097839742899,0.00924097839742899
6301,447223,31,2807,0.009240183047950268,0.009240183047950268
6302,401955,28,547,0.009238759987056255,0.009238759987056255
6303,419214,29,3470,0.009238709695637226,0.009238709695637226
6304,436830,30,6750,0.009236590005457401,0.009236590005457401
6305,454894,31,10478,0.009236113168299198,0.009236113168299198
6306,454677,31,10261,0.009235029108822346,0.009235029108822346
6307,448983,31,4567,0.009234585799276829,0.009234585799276829
6308,426200,29,10456,0.00923372246325016,0.00923372246325016
6309,432844,30,2764,0.009232447482645512,0.009232447482645512
6310,458427,31,14011,0.009232213720679283,0.009232213720679283
6311,446750,31,2334,0.009230663999915123,0.009230663999915123
6312,439700,30,9620,0.009229958988726139,0.009229958988726139
6313,435036,30,4956,0.009228335693478584,0.009228335693478584
6314,440288,30,10208,0.009227451868355274,0.009227451868355274
6315,292838,20,6118,0.009227050468325615,0.009227050468325615
6316,422483,29,6739,0.009226834401488304,0.009226834401488304
6317,456795,31,12379,0.00922600831836462,0.00922600831836462
6318,457600,31,13184,0.009225821122527122,0.009225821122527122
6319,444866,31,450,0.009224731475114822,0.009224731475114822
6320,343571,23,13843,0.009222820401191711,0.009222820401191711
6321,441420,30,11340,0.009221921674907207,0.009221921674907207
6322,444019,30,13939,0.009221850894391537,0.009221850894391537
6323,436153,30,6073,0.009220456704497337,0.009220456704497337
6324,450411,31,5995,0.009220021776854992,0.009220021776854992
6325,444484,31,68,0.009219620376825333,0.009219620376825333
6326,437511,30,7431,0.009218718856573105,0.009218718856573105
6327,454102,31,9686,0.009218563325703144,0.009218563325703144
6328,198209,13,11841,0.009218554943799973,0.009218554943799973
6329,398806,27,11734,0.009215213358402252,0.009215213358402252
6330,454536,31,10120,0.009214553982019424,0.009214553982019424
6331,432478,30,2398,0.009214472025632858,0.009214472025632858
6332,437473,30,7393,0.009214187040925026,0.009214187040925026
6333,400631,27,13559,0.009213428944349289,0.009213428944349289
6334,413283,28,11875,0.009211982600390911,0.009211982600390911
6335,448164,31,3748,0.009211313910782337,0.009211313910782337
6336,439534,30,9454,0.009211231954395771,0.009211231954395771
6337,456346,31,11930,0.009210913442075253,0.009210913442075253
6338,386609,26,13873,0.009210819378495216,0.009210819378495216
6339,439357,30,9277,0.009209295734763145,0.009209295734763145
6340,389620,27,2548,0.009208866395056248,0.009208866395056248
6341,427128,29,11384,0.009208629839122295,0.009208629839122295
6342,425351,29,9607,0.009206031449139118,0.009206031449139118
6343,458704,31,14288,0.009205957874655724,0.009205957874655724
6344,405904,28,4496,0.009203314781188965,0.009203314781188965
6345,435966,30,5886,0.009202824905514717,0.009202824905514717
6346,454607,31,10191,0.009202174842357635,0.009202174842357635
6347,434425,30,4345,0.009201183915138245,0.009201183915138245
6348,276897,19,4513,0.009201010689139366,0.009201010689139366
6349,449372,31,4956,0.009200763888657093,0.009200763888657093
6350,449716,31,5300,0.009199731983244419,0.009199731983244419
6351,448672,31,4256,0.009199229069054127,0.009199229069054127
6352,445321,31,905,0.009196980856359005,0.009196980856359005
6353,439557,30,9477,0.00919583160430193,0.00919583160430193
6354,428982,29,13238,0.009195258840918541,0.009195258840918541
6355,421143,29,5399,0.009194736368954182,0.009194736368954182
6356,447382,31,2966,0.009194586426019669,0.009194586426019669
6357,444759,31,343,0.00919387023895979,0.00919387023895979
6358,443195,30,13115,0.009193679317831993,0.009193679317831993
6359,449085,31,4669,0.009193549863994122,0.009193549863994122
6360,457675,31,13259,0.00919315218925476,0.00919315218925476
6361,386398,26,13662,0.009192397817969322,0.009192397817969322
6362,442475,30,12395,0.009191340766847134,0.009191340766847134
6363,451176,31,6760,0.00918941106647253,0.00918941106647253
6364,449614,31,5198,0.009189214557409286,0.009189214557409286
6365,453843,31,9427,0.009188571944832802,0.009188571944832802
6366,433868,30,3788,0.009187444113194942,0.009187444113194942
6367,458540,31,14124,0.009187434799969196,0.009187434799969196
6368,405787,28,4379,0.009186928160488605,0.009186928160488605
6369,451677,31,7261,0.009186744689941406,0.009186744689941406
6370,363776,25,5376,0.009185593575239182,0.009185593575239182
6371,433658,30,3578,0.009185576811432838,0.009185576811432838
6372,416267,29,523,0.009185239672660828,0.009185239672660828
6373,456254,31,11838,0.009184910915791988,0.009184910915791988
6374,455727,31,11311,0.009183866903185844,0.009183866903185844
6375,418484,29,2740,0.009183496236801147,0.009183496236801147
6376,200262,13,13894,0.009183429181575775,0.009183429181575775
6377,434595,30,4515,0.009181096218526363,0.009181096218526363
6378,430738,30,658,0.009180176071822643,0.009180176071822643
6379,447128,31,2712,0.009179884567856789,0.009179884567856789
6380,422014,29,6270,0.009178441017866135,0.009178441017866135
6381,456252,31,11836,0.009178170934319496,0.009178170934319496
6382,446548,31,2132,0.00917770341038704,0.00917770341038704
6383,445057,31,641,0.009175318293273449,0.009175318293273449
6384,449088,31,4672,0.009174828417599201,0.009174828417599201
6385,449028,31,4612,0.009174284525215626,0.009174284525215626
6386,443250,30,13170,0.009173601865768433,0.009173601865768433
6387,437634,30,7554,0.009172883816063404,0.009172883816063404
6388,452805,31,8389,0.009172199293971062,0.009172199293971062
6389,434058,30,3978,0.009171525947749615,0.009171525947749615
6390,434748,30,4668,0.009171389043331146,0.009171389043331146
6391,447447,31,3031,0.009171338751912117,0.009171338751912117
6392,346252,24,2188,0.009170443750917912,0.009170443750917912
6393,414606,28,13198,0.009168817661702633,0.009168817661702633
6394,423103,29,7359,0.009167893789708614,0.009167893789708614
6395,453029,31,8613,0.009165999479591846,0.009165999479591846
6396,451453,31,7037,0.009165678173303604,0.009165678173303604
6397,451544,31,7128,0.009163766168057919,0.009163766168057919
6398,447285,31,2869,0.009163657203316689,0.009163657203316689
6399,451637,31,7221,0.009161729365587234,0.009161729365587234
6400,441013,30,10933,0.009161286056041718,0.009161286056041718
6401,411097,28,9689,0.009161111898720264,0.009161111898720264
6402,436123,30,6043,0.009160912595689297,0.009160912595689297
6403,407104,28,5696,0.009159707464277744,0.009159707464277744
6404,445394,31,978,0.009158458560705185,0.009158458560705185
6405,456701,31,12285,0.009158125147223473,0.009158125147223473
6406,435787,30,5707,0.009157165884971619,0.009157165884971619
6407,456730,31,12314,0.009157157503068447,0.009157157503068447
6408,417494,29,1750,0.009156592190265656,0.009156592190265656
6409,347472,24,3408,0.009154900908470154,0.009154900908470154
6410,420256,29,4512,0.009154297411441803,0.009154297411441803
6411,449475,31,5059,0.009153913706541061,0.009153913706541061
6412,450704,31,6288,0.009152792394161224,0.009152792394161224
6413,439809,30,9729,0.009152351878583431,0.009152351878583431
6414,445624,31,1208,0.009151834063231945,0.009151834063231945
6415,387507,27,435,0.009150905534625053,0.009150905534625053
6416,457701,31,13285,0.009150807745754719,0.009150807745754719
6417,391814,27,4742,0.009150500409305096,0.009150500409305096
6418,456187,31,11771,0.00915041845291853,0.00915041845291853
6419,449816,31,5400,0.009149563498795033,0.009149563498795033
6420,451968,31,7552,0.00914879608899355,0.00914879608899355
6421,443797,30,13717,0.009147748351097107,0.009147748351097107
6422,442193,30,12113,0.009146418422460556,0.009146418422460556
6423,440548,30,10468,0.009146411903202534,0.009146411903202534
6424,446101,31,1685,0.009145829826593399,0.009145829826593399
6425,425345,29,9601,0.00914554949849844,0.00914554949849844
6426,458179,31,13763,0.009144334122538567,0.009144334122538567
6427,377059,26,4323,0.009143723174929619,0.009143723174929619
6428,451251,31,6835,0.009142476134002209,0.009142476134002209
6429,423106,29,7362,0.009141873568296432,0.009141873568296432
6430,436701,30,6621,0.009140498004853725,0.009140498004853725
6431,248413,17,4701,0.009140050038695335,0.009140050038695335
6432,456689,31,12273,0.009139643982052803,0.009139643982052803
6433,302055,21,999,0.009138709865510464,0.009138709865510464
6434,457196,31,12780,0.009138650260865688,0.009138650260865688
6435,446884,31,2468,0.00913854967802763,0.00913854967802763
6436,446193,31,1777,0.009137842804193497,0.009137842804193497
6437,420712,29,4968,0.00913743581622839,0.00913743581622839
6438,429444,29,13700,0.009137099608778954,0.009137099608778954
6439,453696,31,9280,0.009136711247265339,0.009136711247265339
6440,453372,31,8956,0.009136601351201534,0.009136601351201534
6441,437409,30,7329,0.009133545681834221,0.009133545681834221
6442,446037,31,1621,0.009132166393101215,0.009132166393101215
6443,436476,30,6396,0.00913017988204956,0.00913017988204956
6444,455557,31,11141,0.009129824116826057,0.009129824116826057
6445,448539,31,4123,0.009128269739449024,0.009128269739449024
6446,438840,30,8760,0.009127255529165268,0.009127255529165268
6447,451558,31,7142,0.009127046912908554,0.009127046912908554
6448,445220,31,804,0.009126845747232437,0.009126845747232437
6449,446911,31,2495,0.009126730263233185,0.009126730263233185
6450,456957,31,12541,0.00912486296147108,0.00912486296147108
6451,445150,31,734,0.00912465900182724,0.00912465900182724
6452,430755,30,675,0.009124185889959335,0.009124185889959335
6453,250059,17,6347,0.009124095551669598,0.009124095551669598
6454,451981,31,7565,0.009121065959334373,0.009121065959334373
6455,452552,31,8136,0.009120415896177292,0.009120415896177292
6456,447938,31,3522,0.009119474329054356,0.009119474329054356
6457,442771,30,12691,0.009118982590734959,0.009118982590734959
6458,449045,31,4629,0.009118382818996906,0.009118382818996906
6459,445215,31,799,0.009117263369262218,0.009117263369262218
6460,434032,30,3952,0.009116476401686668,0.009116476401686668
6461,445217,31,801,0.009116452187299728,0.009116452187299728
6462,457166,31,12750,0.00911643821746111,0.00911643821746111
6463,448018,31,3602,0.009115730412304401,0.009115730412304401
6464,414674,28,13266,0.009113985113799572,0.009113985113799572
6465,458145,31,13729,0.009113606996834278,0.009113606996834278
6466,439821,30,9741,0.009113075211644173,0.009113075211644173
6467,446661,31,2245,0.00911184586584568,0.00911184586584568
6468,458242,31,13826,0.009111459366977215,0.009111459366977215
6469,446465,31,2049,0.009111071936786175,0.009111071936786175
6470,446792,31,2376,0.009110983461141586,0.009110983461141586
6471,440168,30,10088,0.00910891592502594,0.00910891592502594
6472,447751,31,3335,0.009108276106417179,0.009108276106417179
6473,443149,30,13069,0.009107704274356365,0.009107704274356365
6474,393724,27,6652,0.00910660345107317,0.00910660345107317
6475,383364,26,10628,0.009104187600314617,0.009104187600314617
6476,288877,20,2157,0.009101565927267075,0.009101565927267075
6477,443220,30,13140,0.009100212715566158,0.009100212715566158
6478,402320,28,912,0.009100041352212429,0.009100041352212429
6479,451892,31,7476,0.009100029245018959,0.009100029245018959
6480,432058,30,1978,0.009099645540118217,0.009099645540118217
6481,449159,31,4743,0.009098777547478676,0.009098777547478676
6482,444833,31,417,0.009097103960812092,0.009097103960812092
6483,450174,31,5758,0.009096923284232616,0.009096923284232616
6484,433667,30,3587,0.009094398468732834,0.009094398468732834
6485,441616,30,11536,0.009093907661736012,0.009093907661736012
6486,420704,29,4960,0.00909286830574274,0.00909286830574274
6487,454280,31,9864,0.00909251719713211,0.00909251719713211
6488,406879,28,5471,0.009091200307011604,0.009091200307011604
6489,437420,30,7340,0.009090941399335861,0.009090941399335861
6490,457871,31,13455,0.009087416343390942,0.009087416343390942
6491,443902,30,13822,0.009085547178983688,0.009085547178983688
6492,443779,30,13699,0.009085237048566341,0.009085237048566341
6493,434704,30,4624,0.009084388613700867,0.009084388613700867
6494,430143,30,63,0.009084057062864304,0.009084057062864304
6495,445391,31,975,0.009083756245672703,0.009083756245672703
6496,451473,31,7057,0.00908371526747942,0.00908371526747942
6497,434410,30,4330,0.009083646349608898,0.009083646349608898
6498,448478,31,4062,0.00908324122428894,0.00908324122428894
6499,452391,31,7975,0.009082275442779064,0.009082275442779064
6500,392670,27,5598,0.00908210501074791,0.00908210501074791
6501,442742,30,12662,0.009082094766199589,0.009082094766199589
6502,450215,31,5799,0.009081938304007053,0.009081938304007053
6503,455865,31,11449,0.009079904295504093,0.009079904295504093
6504,433218,30,3138,0.009079779498279095,0.009079779498279095
6505,458359,31,13943,0.009079206734895706,0.009079206734895706
6506,451183,31,6767,0.00907846912741661,0.00907846912741661
6507,445803,31,1387,0.009078188799321651,0.009078188799321651
6508,363621,25,5221,0.009077099151909351,0.009077099151909351
6509,437645,30,7565,0.009074699133634567,0.009074699133634567
6510,428533,29,12789,0.009072202257812023,0.009072202257812023
6511,448298,31,3882,0.009071758948266506,0.009071758948266506
6512,447516,31,3100,0.00907091423869133,0.00907091423869133
6513,452889,31,8473,0.009069617837667465,0.009069617837667465
6514,402926,28,1518,0.009068943560123444,0.009068943560123444
6515,423741,29,7997,0.009068855084478855,0.009068855084478855
6516,443702,30,13622,0.009068367071449757,0.009068367071449757
6517,315551,22,159,0.009068312123417854,0.009068312123417854
6518,385543,26,12807,0.009068085812032223,0.009068085812032223
6519,450619,31,6203,0.009068036451935768,0.009068036451935768
6520,446010,31,1594,0.009067026898264885,0.009067026898264885
6521,439746,30,9666,0.009066983126103878,0.009066983126103878
6522,440301,30,10221,0.009065872058272362,0.009065872058272362
6523,408819,28,7411,0.009064961224794388,0.009064961224794388
6524,408090,28,6682,0.009063854813575745,0.009063854813575745
6525,452678,31,8262,0.009063719771802425,0.009063719771802425
6526,440697,30,10617,0.009061411023139954,0.009061411023139954
6527,390219,27,3147,0.009061232209205627,0.009061232209205627
6528,438868,30,8788,0.009061177261173725,0.009061177261173725
6529,411702,28,10294,0.00906115397810936,0.00906115397810936
6530,445110,31,694,0.009060964919626713,0.009060964919626713
6531,429419,29,13675,0.009060089476406574,0.009060089476406574
6532,453273,31,8857,0.009059354662895203,0.009059354662895203
6533,445900,31,1484,0.00905822217464447,0.00905822217464447
6534,417695,29,1951,0.009058122523128986,0.009058122523128986
6535,446852,31,2436,0.009056574665009975,0.009056574665009975
6536,455643,31,11227,0.00905587337911129,0.00905587337911129
6537,457475,31,13059,0.00905581470578909,0.00905581470578909
6538,394242,27,7170,0.0090555464848876,0.0090555464848876
6539,424449,29,8705,0.009054797701537609,0.009054797701537609
6540,446495,31,2079,0.009053985588252544,0.009053985588252544
6541,450787,31,6371,0.009053497575223446,0.009053497575223446
6542,439692,30,9612,0.009052466601133347,0.009052466601133347
6543,444606,31,190,0.009050799533724785,0.009050799533724785
6544,446279,31,1863,0.009050297550857067,0.009050297550857067
6545,401590,28,182,0.009050123393535614,0.009050123393535614
6546,442559,30,12479,0.009046528488397598,0.009046528488397598
6547,446459,31,2043,0.009045674465596676,0.009045674465596676
6548,433878,30,3798,0.009045257233083248,0.009045257233083248
6549,377633,26,4897,0.009044429287314415,0.009044429287314415
6550,444172,30,14092,0.009042415767908096,0.009042415767908096
6551,429603,29,13859,0.009042033925652504,0.009042033925652504
6552,423419,29,7675,0.009041927754878998,0.009041927754878998
6553,445128,31,712,0.009041795507073402,0.009041795507073402
6554,435592,30,5512,0.009041780605912209,0.009041780605912209
6555,451622,31,7206,0.009041274897754192,0.009041274897754192
6556,427071,29,11327,0.009037074632942677,0.009037074632942677
6557,455699,31,11283,0.009036997333168983,0.009036997333168983
6558,426925,29,11181,0.009036230854690075,0.009036230854690075
6559,432601,30,2521,0.009035766124725342,0.009035766124725342
6560,445796,31,1380,0.009035542607307434,0.009035542607307434
6561,406663,28,5255,0.009035400114953518,0.009035400114953518
6562,455434,31,11018,0.009034798480570316,0.009034798480570316
6563,393311,27,6239,0.009034277871251106,0.009034277871251106
6564,437638,30,7558,0.009033656679093838,0.009033656679093838
6565,446806,31,2390,0.009033344686031342,0.009033344686031342
6566,428293,29,12549,0.009032533504068851,0.009032533504068851
6567,414647,28,13239,0.00903200265020132,0.00903200265020132
6568,430712,30,632,0.009031511843204498,0.009031511843204498
6569,440428,30,10348,0.009030988439917564,0.009030988439917564
6570,448828,31,4412,0.009030921384692192,0.009030921384692192
6571,407551,28,6143,0.009030894376337528,0.009030894376337528
6572,438065,30,7985,0.009030825458467007,0.009030825458467007
6573,430922,30,842,0.009028873406350613,0.009028873406350613
6574,433484,30,3404,0.00902880821377039,0.00902880821377039
6575,457490,31,13074,0.009028367698192596,0.009028367698192596
6576,409076,28,7668,0.009027579799294472,0.009027579799294472
6577,396380,27,9308,0.009026707150042057,0.009026707150042057
6578,446565,31,2149,0.009026222862303257,0.009026222862303257
6579,449351,31,4935,0.009025640785694122,0.009025640785694122
6580,331828,23,2100,0.009025405161082745,0.009025405161082745
6581,428003,29,12259,0.009024561382830143,0.009024561382830143
6582,417965,29,2221,0.009024521335959435,0.009024521335959435
6583,432860,30,2780,0.009024417959153652,0.009024417959153652
6584,379338,26,6602,0.009024178609251976,0.009024178609251976
6585,451506,31,7090,0.009024028666317463,0.009024028666317463
6586,457109,31,12693,0.009023900143802166,0.009023900143802166
6587,421760,29,6016,0.009023700840771198,0.009023700840771198
6588,407413,28,6005,0.009023119695484638,0.009023119695484638
6589,453842,31,9426,0.009022187441587448,0.009022187441587448
6590,448669,31,4253,0.00902125146239996,0.00902125146239996
6591,418167,29,2423,0.009021153673529625,0.009021153673529625
6592,444247,30,14167,0.00902012549340725,0.00902012549340725
6593,443181,30,13101,0.009019183926284313,0.009019183926284313
6594,454928,31,10512,0.0090190963819623,0.0090190963819623
6595,457624,31,13208,0.009017198346555233,0.009017198346555233
6596,449810,31,5394,0.009014842100441456,0.009014842100441456
6597,452258,31,7842,0.009014257229864597,0.009014257229864597
6598,444978,31,562,0.009013154543936253,0.009013154543936253
6599,229121,15,14081,0.009012795053422451,0.009012795053422451
6600,457430,31,13014,0.009011493995785713,0.009011493995785713
6601,419550,29,3806,0.00901072472333908,0.00901072472333908
6602,458538,31,14122,0.009010709822177887,0.009010709822177887
6603,449736,31,5320,0.009010706096887589,0.009010706096887589
6604,457773,31,13357,0.00900982040911913,0.00900982040911913
6605,437096,30,7016,0.00900939665734768,0.00900939665734768
6606,455811,31,11395,0.009009113535284996,0.009009113535284996
6607,450857,31,6441,0.00900760293006897,0.00900760293006897
6608,407701,28,6293,0.009007111191749573,0.009007111191749573
6609,430447,30,367,0.009007051587104797,0.009007051587104797
6610,433897,30,3817,0.009004182182252407,0.009004182182252407
6611,453863,31,9447,0.009002985432744026,0.009002985432744026
6612,413682,28,12274,0.009002904407680035,0.009002904407680035
6613,453500,31,9084,0.009001877158880234,0.009001877158880234
6614,365186,25,6786,0.009001756086945534,0.009001756086945534
6615,457113,31,12697,0.009001651778817177,0.009001651778817177
6616,282259,19,9875,0.009001335129141808,0.009001335129141808
6617,442569,30,12489,0.009000740945339203,0.009000740945339203
6618,458462,31,14046,0.009000487625598907,0.009000487625598907
6619,401919,28,511,0.00899931974709034,0.00899931974709034
6620,435618,30,5538,0.008998490869998932,0.008998490869998932
6621,421945,29,6201,0.008997817523777485,0.008997817523777485
6622,437038,30,6958,0.008997323922812939,0.008997323922812939
6623,369087,25,10687,0.008996416814625263,0.008996416814625263
6624,449913,31,5497,0.008996301330626011,0.008996301330626011
6625,455107,31,10691,0.008993636816740036,0.008993636816740036
6626,456490,31,12074,0.008992944844067097,0.008992944844067097
6627,449059,31,4643,0.008992725051939487,0.008992725051939487
6628,393908,27,6836,0.008991273120045662,0.008991273120045662
6629,439636,30,9556,0.008991175331175327,0.008991175331175327
6630,454417,31,10001,0.008989036083221436,0.008989036083221436
6631,450640,31,6224,0.00898661743849516,0.00898661743849516
6632,439124,30,9044,0.008986162953078747,0.008986162953078747
6633,436305,30,6225,0.008985945954918861,0.008985945954918861
6634,456197,31,11781,0.008985863998532295,0.008985863998532295
6635,246107,17,2395,0.008985597640275955,0.008985597640275955
6636,444784,31,368,0.008983446285128593,0.008983446285128593
6637,440752,30,10672,0.008983413688838482,0.008983413688838482
6638,420680,29,4936,0.008983214385807514,0.008983214385807514
6639,447638,31,3222,0.008983057923614979,0.008983057923614979
6640,437397,30,7317,0.008983010426163673,0.008983010426163673
6641,436594,30,6514,0.008982906118035316,0.008982906118035316
6642,448629,31,4213,0.008982428349554539,0.008982428349554539
6643,424823,29,9079,0.008981665596365929,0.008981665596365929
6644,423767,29,8023,0.008980276063084602,0.008980276063084602
6645,448066,31,3650,0.00897994264960289,0.00897994264960289
6646,421529,29,5785,0.008979610167443752,0.008979610167443752
6647,382757,26,10021,0.008979608304798603,0.008979608304798603
6648,417711,29,1967,0.008979588747024536,0.008979588747024536
6649,449318,31,4902,0.008979357779026031,0.008979357779026031
6650,438018,30,7938,0.00897796917706728,0.00897796917706728
6651,441876,30,11796,0.00897709745913744,0.00897709745913744
6652,374132,26,1396,0.008976816199719906,0.008976816199719906
6653,425056,29,9312,0.008975611068308353,0.008975611068308353
6654,451784,31,7368,0.00897518265992403,0.00897518265992403
6655,404654,28,3246,0.008974861353635788,0.008974861353635788
6656,421213,29,5469,0.008974551223218441,0.008974551223218441
6657,421016,29,5272,0.008974368683993816,0.008974368683993816
6658,406628,28,5220,0.008974364958703518,0.008974364958703518
6659,440444,30,10364,0.008973708376288414,0.008973708376288414
6660,401867,28,459,0.008972312323749065,0.008972312323749065
6661,447921,31,3505,0.008970473892986774,0.008970473892986774
6662,457075,31,12659,0.008970245718955994,0.008970245718955994
6663,383884,26,11148,0.0089701097458601,0.0089701097458601
6664,407689,28,6281,0.008969723246991634,0.008969723246991634
6665,431416,30,1336,0.008969173766672611,0.008969173766672611
6666,268884,18,10836,0.008969079703092575,0.008969079703092575
6667,454771,31,10355,0.008969050832092762,0.008969050832092762
6668,458677,31,14261,0.008968658745288849,0.008968658745288849
6669,454466,31,10050,0.008968365378677845,0.008968365378677845
6670,403978,28,2570,0.008967284113168716,0.008967284113168716
6671,454653,31,10237,0.008967166766524315,0.008967166766524315
6672,452067,31,7651,0.008967088535428047,0.008967088535428047
6673,438546,30,8466,0.008966461755335331,0.008966461755335331
6674,439639,30,9559,0.00896439328789711,0.00896439328789711
6675,426859,29,11115,0.008964157663285732,0.008964157663285732
6676,344939,24,875,0.008963358588516712,0.008963358588516712
6677,431377,30,1297,0.008963344618678093,0.008963344618678093
6678,453738,31,9322,0.008963310159742832,0.008963310159742832
6679,456348,31,11932,0.008962689898908138,0.008962689898908138
6680,422894,29,7150,0.008962222374975681,0.008962222374975681
6681,357669,24,13605,0.008961793035268784,0.008961793035268784
6682,450593,31,6177,0.008961716666817665,0.008961716666817665
6683,457528,31,13112,0.008959997445344925,0.008959997445344925
6684,457160,31,12744,0.008959900587797165,0.008959900587797165
6685,454888,31,10472,0.008959795348346233,0.008959795348346233
6686,435148,30,5068,0.00895965937525034,0.00895965937525034
6687,431147,30,1067,0.008958982303738594,0.008958982303738594
6688,455045,31,10629,0.008957906626164913,0.008957906626164913
6689,449179,31,4763,0.008957602083683014,0.008957602083683014
6690,451296,31,6880,0.00895756110548973,0.00895756110548973
6691,437389,30,7309,0.008957498706877232,0.008957498706877232
6692,451778,31,7362,0.00895728450268507,0.00895728450268507
6693,415475,28,14067,0.008955452591180801,0.008955452591180801
6694,457760,31,13344,0.00895314197987318,0.00895314197987318
6695,449201,31,4785,0.008952852338552475,0.008952852338552475
6696,402792,28,1384,0.008952666074037552,0.008952666074037552
6697,456513,31,12097,0.008952665142714977,0.008952665142714977
6698,438509,30,8429,0.00895252451300621,0.00895252451300621
6699,450101,31,5685,0.008951360359787941,0.008951360359787941
6700,417354,29,1610,0.008950993418693542,0.008950993418693542
6701,455114,31,10698,0.008950642310082912,0.008950642310082912
6702,450014,31,5598,0.008950522169470787,0.008950522169470787
6703,420465,29,4721,0.008950416930019855,0.008950416930019855
6704,432926,30,2846,0.008949953131377697,0.008949953131377697
6705,429852,29,14108,0.008949892595410347,0.008949892595410347
6706,458091,31,13675,0.008949852548539639,0.008949852548539639
6707,454635,31,10219,0.00894741527736187,0.00894741527736187
6708,446081,31,1665,0.008947156369686127,0.008947156369686127
6709,445180,31,764,0.008946838788688183,0.008946838788688183
6710,432953,30,2873,0.00894660223275423,0.00894660223275423
6711,444445,31,29,0.008945459499955177,0.008945459499955177
6712,452473,31,8057,0.008945436216890812,0.008945436216890812
6713,400229,27,13157,0.00894438847899437,0.00894438847899437
6714,431847,30,1767,0.008943088352680206,0.008943088352680206
6715,449697,31,5281,0.008941533975303173,0.008941533975303173
6716,452622,31,8206,0.008940376341342926,0.008940376341342926
6717,432724,30,2644,0.008938330225646496,0.008938330225646496
6718,408078,28,6670,0.008938261307775974,0.008938261307775974
6719,438049,30,7969,0.008937236852943897,0.008937236852943897
6720,435152,30,5072,0.008936835452914238,0.008936835452914238
6721,420385,29,4641,0.008936251513659954,0.008936251513659954
6722,456793,31,12377,0.00893451552838087,0.00893451552838087
6723,426688,29,10944,0.008934343233704567,0.008934343233704567
6724,449852,31,5436,0.008934137411415577,0.008934137411415577
6725,451178,31,6762,0.008931204676628113,0.008931204676628113
6726,416540,29,796,0.008931190706789494,0.008931190706789494
6727,407263,28,5855,0.008930940181016922,0.008930940181016922
6728,451055,31,6639,0.008930740877985954,0.008930740877985954
6729,443267,30,13187,0.008930572308599949,0.008930572308599949
6730,457116,31,12700,0.008930410258471966,0.008930410258471966
6731,449400,31,4984,0.008929599076509476,0.008929599076509476
6732,457265,31,12849,0.00892765074968338,0.00892765074968338
6733,452533,31,8117,0.008926746435463428,0.008926746435463428
6734,396601,27,9529,0.008926590904593468,0.008926590904593468
6735,435676,30,5596,0.008925354108214378,0.008925354108214378
6736,454900,31,10484,0.008925165049731731,0.008925165049731731
6737,442188,30,12108,0.008924046531319618,0.008924046531319618
6738,447249,31,2833,0.008923296816647053,0.008923296816647053
6739,453720,31,9304,0.008922255598008633,0.008922255598008633
6740,435194,30,5114,0.0089218495413661,0.0089218495413661
6741,455417,31,11001,0.008920985274016857,0.008920985274016857
6742,451249,31,6833,0.008920847438275814,0.008920847438275814
6743,415676,28,14268,0.008920789696276188,0.008920789696276188
6744,424954,29,9210,0.008920292370021343,0.008920292370021343
6745,359717,25,1317,0.008919323794543743,0.008919323794543743
6746,454363,31,9947,0.008919061161577702,0.008919061161577702
6747,449145,31,4729,0.008918879553675652,0.008918879553675652
6748,452147,31,7731,0.00891848560422659,0.00891848560422659
6749,421695,29,5951,0.008918436244130135,0.008918436244130135
6750,450655,31,6239,0.008917178027331829,0.008917178027331829
6751,393613,27,6541,0.008916898630559444,0.008916898630559444
6752,438415,30,8335,0.008916830644011497,0.008916830644011497
6753,419715,29,3971,0.008916539140045643,0.008916539140045643
6754,435588,30,5508,0.00891608651727438,0.00891608651727438
6755,283409,19,11025,0.008915802463889122,0.008915802463889122
6756,454699,31,10283,0.008915715850889683,0.008915715850889683
6757,437692,30,7612,0.008915421552956104,0.008915421552956104
6758,449104,31,4688,0.008914894424378872,0.008914894424378872
6759,452662,31,8246,0.008914335630834103,0.008914335630834103
6760,430298,30,218,0.00891196820884943,0.00891196820884943
6761,458429,31,14013,0.008910969831049442,0.008910969831049442
6762,393533,27,6461,0.008910954929888248,0.008910954929888248
6763,279750,19,7366,0.00890645757317543,0.00890645757317543
6764,448212,31,3796,0.008905913680791855,0.008905913680791855
6765,435884,30,5804,0.008905760943889618,0.008905760943889618
6766,387562,27,490,0.008904731832444668,0.008904731832444668
6767,458231,31,13815,0.008903312496840954,0.008903312496840954
6768,365282,25,6882,0.008902925997972488,0.008902925997972488
6769,418727,29,2983,0.008902600966393948,0.008902600966393948
6770,448427,31,4011,0.008901841938495636,0.008901841938495636
6771,366736,25,8336,0.00889833178371191,0.00889833178371191
6772,456910,31,12494,0.008898168802261353,0.008898168802261353
6773,450573,31,6157,0.008897636085748672,0.008897636085748672
6774,450835,31,6419,0.008897382766008377,0.008897382766008377
6775,443931,30,13851,0.008897361345589161,0.008897361345589161
6776,441521,30,11441,0.008897287771105766,0.008897287771105766
6777,458702,31,14286,0.008897158317267895,0.008897158317267895
6778,191786,13,5418,0.008896599523723125,0.008896599523723125
6779,410057,28,8649,0.008896246552467346,0.008896246552467346
6780,432728,30,2648,0.008895459584891796,0.008895459584891796
6781,442942,30,12862,0.008894829079508781,0.008894829079508781
6782,455103,31,10687,0.00889464933425188,0.00889464933425188
6783,434091,30,4011,0.008893411606550217,0.008893411606550217
6784,429641,29,13897,0.008893161080777645,0.008893161080777645
6785,450745,31,6329,0.0088929682970047,0.0088929682970047
6786,452948,31,8532,0.008892500773072243,0.008892500773072243
6787,455675,31,11259,0.008891827426850796,0.008891827426850796
6788,327186,22,11794,0.008891654200851917,0.008891654200851917
6789,416947,29,1203,0.00889060739427805,0.00889060739427805
6790,437905,30,7825,0.00889052264392376,0.00889052264392376
6791,434606,30,4526,0.008890099823474884,0.008890099823474884
6792,431861,30,1781,0.008889525197446346,0.008889525197446346
6793,443875,30,13795,0.008888766169548035,0.008888766169548035
6794,451505,31,7089,0.00888786930590868,0.00888786930590868
6795,455454,31,11038,0.008886574767529964,0.008886574767529964
6796,438935,30,8855,0.008886003866791725,0.008886003866791725
6797,448851,31,4435,0.00888444110751152,0.00888444110751152
6798,435330,30,5250,0.008883321657776833,0.008883321657776833
6799,458528,31,14112,0.008882389403879642,0.008882389403879642
6800,395686,27,8614,0.008881666697561741,0.008881666697561741
6801,454114,31,9698,0.008881190791726112,0.008881190791726112
6802,407312,28,5904,0.008881181478500366,0.008881181478500366
6803,458447,31,14031,0.00887983851134777,0.00887983851134777
6804,419854,29,4110,0.00887981429696083,0.00887981429696083
6805,441204,30,11124,0.00887974165380001,0.00887974165380001
6806,455723,31,11307,0.008879114873707294,0.008879114873707294
6807,436731,30,6651,0.008879010565578938,0.008879010565578938
6808,402698,28,1290,0.008878772146999836,0.008878772146999836
6809,449933,31,5517,0.008877979591488838,0.008877979591488838
6810,456753,31,12337,0.00887721125036478,0.00887721125036478
6811,454825,31,10409,0.008877177722752094,0.008877177722752094
6812,455320,31,10904,0.008877064101397991,0.008877064101397991
6813,415525,28,14117,0.008876672014594078,0.008876672014594078
6814,432709,30,2629,0.008875721134245396,0.008875721134245396
6815,453470,31,9054,0.008875461295247078,0.008875461295247078
6816,435292,30,5212,0.008874159306287766,0.008874159306287766
6817,446334,31,1918,0.008873939514160156,0.008873939514160156
6818,424642,29,8898,0.008873500861227512,0.008873500861227512
6819,458598,31,14182,0.008873057551681995,0.008873057551681995
6820,453707,31,9291,0.008872192353010178,0.008872192353010178
6821,316866,22,1474,0.00887142401188612,0.00887142401188612
6822,447055,31,2639,0.00886883307248354,0.00886883307248354
6823,434567,30,4487,0.008868783712387085,0.008868783712387085
6824,455580,31,11164,0.008868712931871414,0.008868712931871414
6825,416338,29,594,0.008868375793099403,0.008868375793099403
6826,446458,31,2042,0.008867361582815647,0.008867361582815647
6827,417112,29,1368,0.008866856805980206,0.008866856805980206
6828,421619,29,5875,0.008866674266755581,0.008866674266755581
6829,450345,31,5929,0.008864945732057095,0.008864945732057095
6830,423139,29,7395,0.00886437576264143,0.00886437576264143
6831,425085,29,9341,0.00886381696909666,0.00886381696909666
6832,426989,29,11245,0.008863025344908237,0.008863025344908237
6833,432915,30,2835,0.008862164802849293,0.008862164802849293
6834,396742,27,9670,0.008861669339239597,0.008861669339239597
6835,381083,26,8347,0.008861270733177662,0.008861270733177662
6836,451418,31,7002,0.008860299363732338,0.008860299363732338
6837,442800,30,12720,0.008857665583491325,0.008857665583491325
6838,454250,31,9834,0.008857070468366146,0.008857070468366146
6839,445619,31,1203,0.008854382671415806,0.008854382671415806
6840,403929,28,2521,0.008853744715452194,0.008853744715452194
6841,298634,20,11914,0.008852737955749035,0.008852737955749035
6842,443835,30,13755,0.008851902559399605,0.008851902559399605
6843,434651,30,4571,0.008850529789924622,0.008850529789924622
6844,454296,31,9880,0.008850147016346455,0.008850147016346455
6845,454716,31,10300,0.008850024081766605,0.008850024081766605
6846,458303,31,13887,0.008849825710058212,0.008849825710058212
6847,432453,30,2373,0.008848371915519238,0.008848371915519238
6848,371215,25,12815,0.008848272264003754,0.008848272264003754
6849,453000,31,8584,0.008846962824463844,0.008846962824463844
6850,414228,28,12820,0.008846551179885864,0.008846551179885864
6851,427705,29,11961,0.008846397511661053,0.008846397511661053
6852,382284,26,9548,0.008844778873026371,0.008844778873026371
6853,415741,28,14333,0.008844604715704918,0.008844604715704918
6854,424597,29,8853,0.008844130672514439,0.008844130672514439
6855,447945,31,3529,0.008843167684972286,0.008843167684972286
6856,434694,30,4614,0.008842865005135536,0.008842865005135536
6857,414489,28,13081,0.008842838928103447,0.008842838928103447
6858,450565,31,6149,0.008841516450047493,0.008841516450047493
6859,340730,23,11002,0.008841056376695633,0.008841056376695633
6860,434463,30,4383,0.008841008879244328,0.008841008879244328
6861,456999,31,12583,0.008840776048600674,0.008840776048600674
6862,454261,31,9845,0.008838968351483345,0.008838968351483345
6863,434743,30,4663,0.008838438428938389,0.008838438428938389
6864,449110,31,4694,0.008836952038109303,0.008836952038109303
6865,406950,28,5542,0.00883670337498188,0.00883670337498188
6866,446332,31,1916,0.008835628628730774,0.008835628628730774
6867,407639,28,6231,0.00883424561470747,0.00883424561470747
6868,452162,31,7746,0.008833716623485088,0.008833716623485088
6869,456208,31,11792,0.008833469823002815,0.008833469823002815
6870,416897,29,1153,0.008832228370010853,0.008832228370010853
6871,455212,31,10796,0.008832045830786228,0.008832045830786228
6872,430569,30,489,0.008831470273435116,0.008831470273435116
6873,457046,31,12630,0.008830775506794453,0.008830775506794453
6874,443559,30,13479,0.008830074220895767,0.008830074220895767
6875,434319,30,4239,0.008827933110296726,0.008827933110296726
6876,448240,31,3824,0.008827196434140205,0.008827196434140205
6877,433733,30,3653,0.00882711261510849,0.00882711261510849
6878,372552,25,14152,0.008826223202049732,0.008826223202049732
6879,457862,31,13446,0.008825520984828472,0.008825520984828472
6880,418388,29,2644,0.008825421333312988,0.008825421333312988
6881,444164,30,14084,0.008824720047414303,0.008824720047414303
6882,428770,29,13026,0.008824440650641918,0.008824440650641918
6883,421969,29,6225,0.00882435031235218,0.00882435031235218
6884,448451,31,4035,0.008823851123452187,0.008823851123452187
6885,410863,28,9455,0.008823641575872898,0.008823641575872898
6886,443847,30,13767,0.00882256031036377,0.00882256031036377
6887,451121,31,6705,0.008822518400847912,0.008822518400847912
6888,441402,30,11322,0.00882198940962553,0.00882198940962553
6889,456425,31,12009,0.008821581490337849,0.008821581490337849
6890,416426,29,682,0.008820746093988419,0.008820746093988419
6891,440144,30,10064,0.008820144459605217,0.008820144459605217
6892,448067,31,3651,0.008818610571324825,0.008818610571324825
6893,444612,31,196,0.008818079717457294,0.008818079717457294
6894,455985,31,11569,0.008817853406071663,0.008817853406071663
6895,437363,30,7283,0.008816753514111042,0.008816753514111042
6896,427738,29,11994,0.008815937675535679,0.008815937675535679
6897,434114,30,4034,0.008814860135316849,0.008814860135316849
6898,392808,27,5736,0.008814546279609203,0.008814546279609203
6899,420122,29,4378,0.008814049884676933,0.008814049884676933
6900,314286,21,13230,0.008812918327748775,0.008812918327748775
6901,408817,28,7409,0.008812349289655685,0.008812349289655685
6902,439012,30,8932,0.00881161168217659,0.00881161168217659
6903,420598,29,4854,0.008810765109956264,0.008810765109956264
6904,447875,31,3459,0.008809237740933895,0.008809237740933895
6905,240935,16,11559,0.0088086212053895,0.0088086212053895
6906,455197,31,10781,0.008808511309325695,0.008808511309325695
6907,443176,30,13096,0.008808343671262264,0.008808343671262264
6908,443472,30,13392,0.008807669393718243,0.008807669393718243
6909,397266,27,10194,0.008807248435914516,0.008807248435914516
6910,232371,16,2995,0.008805803023278713,0.008805803023278713
6911,457258,31,12842,0.008805755525827408,0.008805755525827408
6912,448797,31,4381,0.008805601857602596,0.008805601857602596
6913,437910,30,7830,0.008803747594356537,0.008803747594356537
6914,452973,31,8557,0.00880320556461811,0.00880320556461811
6915,422215,29,6471,0.008800973184406757,0.008800973184406757
6916,441229,30,11149,0.008800389245152473,0.008800389245152473
6917,276035,19,3651,0.008800039067864418,0.008800039067864418
6918,418567,29,2823,0.00879882276058197,0.00879882276058197
6919,436672,30,6592,0.008798640221357346,0.008798640221357346
6920,449438,31,5022,0.008798384107649326,0.008798384107649326
6921,433422,30,3342,0.008798050694167614,0.008798050694167614
6922,444812,31,396,0.008795324712991714,0.008795324712991714
6923,431909,30,1829,0.008795204572379589,0.008795204572379589
6924,323950,22,8558,0.008793861605226994,0.008793861605226994
6925,418325,29,2581,0.008792933076620102,0.008792933076620102
6926,432851,30,2771,0.008792123757302761,0.008792123757302761
6927,429043,29,13299,0.008792064152657986,0.008792064152657986
6928,451277,31,6861,0.008791211061179638,0.008791211061179638
6929,440344,30,10264,0.008790085092186928,0.008790085092186928
6930,441739,30,11659,0.008790061809122562,0.008790061809122562
6931,451707,31,7291,0.008789313025772572,0.008789313025772572
6932,429879,29,14135,0.008788436651229858,0.008788436651229858
6933,454207,31,9791,0.00878757145255804,0.00878757145255804
6934,424705,29,8961,0.008787278085947037,0.008787278085947037
6935,443490,30,13410,0.008787219412624836,0.008787219412624836
6936,332268,23,2540,0.008787058293819427,0.008787058293819427
6937,445925,31,1509,0.008786476217210293,0.008786476217210293
6938,444148,30,14068,0.008786085061728954,0.008786085061728954
6939,214035,14,13331,0.008785679936408997,0.008785679936408997
6940,437307,30,7227,0.00878535769879818,0.00878535769879818
6941,447353,31,2937,0.00878245197236538,0.00878245197236538
6942,332872,23,3144,0.00878152996301651,0.00878152996301651
6943,413049,28,11641,0.008780463598668575,0.008780463598668575
6944,455063,31,10647,0.008780247531831264,0.008780247531831264
6945,451957,31,7541,0.008779846131801605,0.008779846131801605
6946,403558,28,2150,0.008779577910900116,0.008779577910900116
6947,452016,31,7600,0.00877769012004137,0.00877769012004137
6948,452650,31,8234,0.008777568116784096,0.008777568116784096
6949,440508,30,10428,0.008776823990046978,0.008776823990046978
6950,435467,30,5387,0.008775589056313038,0.008775589056313038
6951,431343,30,1263,0.008774325251579285,0.008774325251579285
6952,445095,31,679,0.008774145506322384,0.008774145506322384
6953,430363,30,283,0.00877378974109888,0.00877378974109888
6954,425667,29,9923,0.008773518726229668,0.008773518726229668
6955,454843,31,10427,0.0087699880823493,0.0087699880823493
6956,451633,31,7217,0.008769686333835125,0.008769686333835125
6957,454427,31,10011,0.008769680745899677,0.008769680745899677
6958,452066,31,7650,0.008766981773078442,0.008766981773078442
6959,456719,31,12303,0.008766638115048409,0.008766638115048409
6960,456879,31,12463,0.00876599457114935,0.00876599457114935
6961,453885,31,9469,0.00876561924815178,0.00876561924815178
6962,456456,31,12040,0.008765027858316898,0.008765027858316898
6963,431422,30,1342,0.00876498594880104,0.00876498594880104
6964,442215,30,12135,0.00876464694738388,0.00876464694738388
6965,432734,30,2654,0.008764158003032207,0.008764158003032207
6966,445204,31,788,0.008763330057263374,0.008763330057263374
6967,444702,31,286,0.008762856014072895,0.008762856014072895
6968,295958,20,9238,0.008762364275753498,0.008762364275753498
6969,437393,30,7313,0.008760388940572739,0.008760388940572739
6970,287763,20,1043,0.008759690448641777,0.008759690448641777
6971,422005,29,6261,0.008758975192904472,0.008758975192904472
6972,379055,26,6319,0.008758744224905968,0.008758744224905968
6973,453196,31,8780,0.008758718147873878,0.008758718147873878
6974,313610,21,12554,0.008758227340877056,0.008758227340877056
6975,451189,31,6773,0.00875792559236288,0.00875792559236288
6976,365105,25,6705,0.008757155388593674,0.008757155388593674
6977,436438,30,6358,0.008757136762142181,0.008757136762142181
6978,447660,31,3244,0.008755838498473167,0.008755838498473167
6979,436784,30,6704,0.008755060844123363,0.008755060844123363
6980,432558,30,2478,0.008754921145737171,0.008754921145737171
6981,444376,30,14296,0.008753531612455845,0.008753531612455845
6982,368587,25,10187,0.008753491565585136,0.008753491565585136
6983,424181,29,8437,0.008753237314522266,0.008753237314522266
6984,435798,30,5718,0.008752708323299885,0.008752708323299885
6985,431522,30,1442,0.008751736022531986,0.008751736022531986
6986,436539,30,6459,0.008750421926379204,0.008750421926379204
6987,398300,27,11228,0.008749784901738167,0.008749784901738167
6988,442146,30,12066,0.008749439381062984,0.008749439381062984
6989,450597,31,6181,0.008749119006097317,0.008749119006097317
6990,420581,29,4837,0.008748800493776798,0.008748800493776798
6991,391098,27,4026,0.008748441003262997,0.008748441003262997
6992,434144,30,4064,0.008747863583266735,0.008747863583266735
6993,433340,30,3260,0.008747518993914127,0.008747518993914127
6994,458133,31,13717,0.008747070096433163,0.008747070096433163
6995,435273,30,5193,0.008746773935854435,0.008746773935854435
6996,457041,31,12625,0.008746424689888954,0.008746424689888954
6997,455423,31,11007,0.008746311999857426,0.008746311999857426
6998,241103,16,11727,0.008745277300477028,0.008745277300477028
6999,447818,31,3402,0.008744670078158379,0.008744670078158379
7000,455492,31,11076,0.008744441904127598,0.008744441904127598
7001,455120,31,10704,0.008743914775550365,0.008743914775550365
7002,420377,29,4633,0.008743337355554104,0.008743337355554104
7003,435049,30,4969,0.008743058890104294,0.008743058890104294
7004,362359,25,3959,0.008742441423237324,0.008742441423237324
7005,453142,31,8726,0.00874189380556345,0.00874189380556345
7006,451258,31,6842,0.008740808814764023,0.008740808814764023
7007,433206,30,3126,0.008739680983126163,0.008739680983126163
7008,423253,29,7509,0.008739471435546875,0.008739471435546875
7009,450903,31,6487,0.008738278411328793,0.008738278411328793
7010,437622,30,7542,0.00873761810362339,0.00873761810362339
7011,452175,31,7759,0.00873683113604784,0.00873683113604784
7012,444536,31,120,0.008736497722566128,0.008736497722566128
7013,442604,30,12524,0.008734304457902908,0.008734304457902908
7014,453723,31,9307,0.008733853697776794,0.008733853697776794
7015,451562,31,7146,0.008733025752007961,0.008733025752007961
7016,410692,28,9284,0.008729330264031887,0.008729330264031887
7017,263638,18,5590,0.008726859465241432,0.008726859465241432
7018,449926,31,5510,0.008726696483790874,0.008726696483790874
7019,397169,27,10097,0.008726056665182114,0.008726056665182114
7020,422212,29,6468,0.008725607767701149,0.008725607767701149
7021,431915,30,1835,0.008724482730031013,0.008724482730031013
7022,444176,30,14096,0.00872430857270956,0.00872430857270956
7023,445409,31,993,0.008723948150873184,0.008723948150873184
7024,330666,23,938,0.008723324164748192,0.008723324164748192
7025,454397,31,9981,0.0087223956361413,0.0087223956361413
7026,337777,23,8049,0.008722127415239811,0.008722127415239811
7027,437374,30,7294,0.008721317164599895,0.008721317164599895
7028,437252,30,7172,0.008721197955310345,0.008721197955310345
7029,422463,29,6719,0.008720855228602886,0.008720855228602886
7030,458734,31,14318,0.008720595389604568,0.008720595389604568
7031,451086,31,6670,0.008720067329704762,0.008720067329704762
7032,438479,30,8399,0.008719747886061668,0.008719747886061668
7033,377349,26,4613,0.008718487806618214,0.008718487806618214
7034,443776,30,13696,0.00871842447668314,0.00871842447668314
7035,446720,31,2304,0.008718211203813553,0.008718211203813553
7036,444576,31,160,0.00871596671640873,0.00871596671640873
7037,446768,31,2352,0.008714022114872932,0.008714022114872932
7038,407264,28,5856,0.008713487535715103,0.008713487535715103
7039,428289,29,12545,0.008712777867913246,0.008712777867913246
7040,452670,31,8254,0.008712769486010075,0.008712769486010075
7041,444908,31,492,0.00871275644749403,0.00871275644749403
7042,332857,23,3129,0.008712513372302055,0.008712513372302055
7043,431751,30,1671,0.00871175155043602,0.00871175155043602
7044,445526,31,1110,0.008710933849215508,0.008710933849215508
7045,452428,31,8012,0.008710447698831558,0.008710447698831558
7046,439593,30,9513,0.008710101246833801,0.008710101246833801
7047,443113,30,13033,0.00870903953909874,0.00870903953909874
7048,433601,30,3521,0.008708049543201923,0.008708049543201923
7049,455029,31,10613,0.008707255125045776,0.008707255125045776
7050,456216,31,11800,0.008707116357982159,0.008707116357982159
7051,438383,30,8303,0.008705820888280869,0.008705820888280869
7052,449846,31,5430,0.008705643936991692,0.008705643936991692
7053,439704,30,9624,0.008705497719347477,0.008705497719347477
7054,447566,31,3150,0.00870541576296091,0.00870541576296091
7055,378037,26,5301,0.008705283515155315,0.008705283515155315
7056,455172,31,10756,0.0087036844342947,0.0087036844342947
7057,431632,30,1552,0.008703622967004776,0.008703622967004776
7058,437777,30,7697,0.008703174069523811,0.008703174069523811
7059,439958,30,9878,0.00870232842862606,0.00870232842862606
7060,451791,31,7375,0.00870057474821806,0.00870057474821806
7061,417313,29,1569,0.008699876256287098,0.008699876256287098
7062,445771,31,1355,0.008699771016836166,0.008699771016836166
7063,438071,30,7991,0.00869971327483654,0.00869971327483654
7064,457509,31,13093,0.008698854595422745,0.008698854595422745
7065,451124,31,6708,0.008698437362909317,0.008698437362909317
7066,426400,29,10656,0.008697927929461002,0.008697927929461002
7067,288706,20,1986,0.008697721175849438,0.008697721175849438
7068,416698,29,954,0.008697548881173134,0.008697548881173134
7069,456908,31,12492,0.008696645498275757,0.008696645498275757
7070,396281,27,9209,0.008695862255990505,0.008695862255990505
7071,450057,31,5641,0.008695383556187153,0.008695383556187153
7072,456564,31,12148,0.008695088326931,0.008695088326931
7073,419082,29,3338,0.008693412877619267,0.008693412877619267
7074,443044,30,12964,0.008693123236298561,0.008693123236298561
7075,417154,29,1410,0.008691714145243168,0.008691714145243168
7076,435564,30,5484,0.008690658025443554,0.008690658025443554
7077,454326,31,9910,0.008690208196640015,0.008690208196640015
7078,458382,31,13966,0.008690043352544308,0.008690043352544308
7079,382467,26,9731,0.00869002565741539,0.00869002565741539
7080,453610,31,9194,0.008689592592418194,0.008689592592418194
7081,375217,26,2481,0.008688966743648052,0.008688966743648052
7082,435331,30,5251,0.008688943460583687,0.008688943460583687
7083,442417,30,12337,0.008688663132488728,0.008688663132488728
7084,427903,29,12159,0.008688157424330711,0.008688157424330711
7085,453241,31,8825,0.00868797954171896,0.00868797954171896
7086,444863,31,447,0.008687839843332767,0.008687839843332767
7087,447240,31,2824,0.008687542751431465,0.008687542751431465
7088,437160,30,7080,0.008687454275786877,0.008687454275786877
7089,447479,31,3063,0.008687054738402367,0.008687054738402367
7090,446370,31,1954,0.008687006309628487,0.008687006309628487
7091,446810,31,2394,0.008685226552188396,0.008685226552188396
7092,452202,31,7786,0.008684475906193256,0.008684475906193256
7093,234819,16,5443,0.00868359673768282,0.00868359673768282
7094,442075,30,11995,0.008682183921337128,0.008682183921337128
7095,423730,29,7986,0.00868197251111269,0.00868197251111269
7096,350785,24,6721,0.00868193805217743,0.00868193805217743
7097,437771,30,7691,0.008681012317538261,0.008681012317538261
7098,441518,30,11438,0.008680594153702259,0.008680594153702259
7099,457912,31,13496,0.00867956317961216,0.00867956317961216
7100,438427,30,8347,0.008678735233843327,0.008678735233843327
7101,441637,30,11557,0.00867796316742897,0.00867796316742897
7102,443618,30,13538,0.008676886558532715,0.008676886558532715
7103,447821,31,3405,0.008676654659211636,0.008676654659211636
7104,431879,30,1799,0.008676134049892426,0.008676134049892426
7105,401229,27,14157,0.008676040917634964,0.008676040917634964
7106,455612,31,11196,0.00867573544383049,0.00867573544383049
7107,417996,29,2252,0.008675038814544678,0.008675038814544678
7108,426731,29,10987,0.008674893528223038,0.008674893528223038
7109,435307,30,5227,0.008674254640936852,0.008674254640936852
7110,421209,29,5465,0.008674056269228458,0.008674056269228458
7111,419437,29,3693,0.008673773147165775,0.008673773147165775
7112,436719,30,6639,0.008673653937876225,0.008673653937876225
7113,431136,30,1056,0.008673029951751232,0.008673029951751232
7114,452388,31,7972,0.008672774769365788,0.008672774769365788
7115,434880,30,4800,0.008672364056110382,0.008672364056110382
7116,453619,31,9203,0.008670722134411335,0.008670722134411335
7117,437379,30,7299,0.008670310489833355,0.008670310489833355
7118,340920,23,11192,0.00866950023919344,0.00866950023919344
7119,452465,31,8049,0.008669049479067326,0.008669049479067326
7120,455142,31,10726,0.008666773326694965,0.008666773326694965
7121,430093,30,13,0.008666657842695713,0.008666657842695713
7122,447399,31,2983,0.008666654117405415,0.008666654117405415
7123,432610,30,2530,0.00866648554801941,0.00866648554801941
7124,415981,29,237,0.008666171692311764,0.008666171692311764
7125,450801,31,6385,0.008662756532430649,0.008662756532430649
7126,447769,31,3353,0.008661198429763317,0.008661198429763317
7127,456764,31,12348,0.008661075495183468,0.008661075495183468
7128,438757,30,8677,0.008660449646413326,0.008660449646413326
7129,448793,31,4377,0.008659870363771915,0.008659870363771915
7130,455976,31,11560,0.008659754879772663,0.008659754879772663
7131,458246,31,13830,0.008658141829073429,0.008658141829073429
7132,384357,26,11621,0.008658094331622124,0.008658094331622124
7133,447497,31,3081,0.008657730184495449,0.008657730184495449
7134,332659,23,2931,0.008657002821564674,0.008657002821564674
7135,363877,25,5477,0.008656229823827744,0.008656229823827744
7136,430750,30,670,0.00865485891699791,0.00865485891699791
7137,456397,31,11981,0.008654260076582432,0.008654260076582432
7138,402562,28,1154,0.008653848432004452,0.008653848432004452
7139,450671,31,6255,0.008652478456497192,0.008652478456497192
7140,430583,30,503,0.008651738055050373,0.008651738055050373
7141,456541,31,12125,0.008651248179376125,0.008651248179376125
7142,431826,30,1746,0.00865123886615038,0.00865123886615038
7143,453844,31,9428,0.008651183918118477,0.008651183918118477
7144,410307,28,8899,0.008650252595543861,0.008650252595543861
7145,440039,30,9959,0.00864928588271141,0.00864928588271141
7146,405472,28,4064,0.0086491284891963,0.0086491284891963
7147,435244,30,5164,0.008649038150906563,0.008649038150906563
7148,452847,31,8431,0.008648810908198357,0.008648810908198357
7149,380069,26,7333,0.008648427203297615,0.008648427203297615
7150,449598,31,5182,0.008648385293781757,0.008648385293781757
7151,452038,31,7622,0.0086474334821105,0.0086474334821105
7152,438506,30,8426,0.008646481670439243,0.008646481670439243
7153,370414,25,12014,0.008645741268992424,0.008645741268992424
7154,421064,29,5320,0.008645479567348957,0.008645479567348957
7155,448944,31,4528,0.008645016700029373,0.008645016700029373
7156,445482,31,1066,0.008644777350127697,0.008644777350127697
7157,433762,30,3682,0.008644167333841324,0.008644167333841324
7158,432555,30,2475,0.008643151260912418,0.008643151260912418
7159,453383,31,8967,0.008642970584332943,0.008642970584332943
7160,446999,31,2583,0.008642862550914288,0.008642862550914288
7161,331095,23,1367,0.008642422035336494,0.008642422035336494
7162,432598,30,2518,0.008642083965241909,0.008642083965241909
7163,422165,29,6421,0.008641338907182217,0.008641338907182217
7164,457439,31,13023,0.00864113587886095,0.00864113587886095
7165,448699,31,4283,0.00864061526954174,0.00864061526954174
7166,452763,31,8347,0.008640112355351448,0.008640112355351448
7167,445326,31,910,0.008639764040708542,0.008639764040708542
7168,452412,31,7996,0.008638721890747547,0.008638721890747547
7169,444773,31,357,0.008636772632598877,0.008636772632598877
7170,436735,30,6655,0.00863675493746996,0.00863675493746996
7171,391583,27,4511,0.008634954690933228,0.008634954690933228
7172,391334,27,4262,0.008633512072265148,0.008633512072265148
7173,431931,30,1851,0.008631647564470768,0.008631647564470768
7174,449113,31,4697,0.008631227537989616,0.008631227537989616
7175,435632,30,5552,0.008629408665001392,0.008629408665001392
7176,457362,31,12946,0.008629180490970612,0.008629180490970612
7177,424064,29,8320,0.008629119955003262,0.008629119955003262
7178,394097,27,7025,0.0086290892213583,0.0086290892213583
7179,432312,30,2232,0.008628016337752342,0.008628016337752342
7180,444687,31,271,0.008627932518720627,0.008627932518720627
7181,427070,29,11326,0.008627780713140965,0.008627780713140965
7182,452487,31,8071,0.008626801893115044,0.008626801893115044
7183,433753,30,3673,0.008626394905149937,0.008626394905149937
7184,413400,28,11992,0.008625967428088188,0.008625967428088188
7185,451320,31,6904,0.008625876158475876,0.008625876158475876
7186,450324,31,5908,0.008624069392681122,0.008624069392681122
7187,253694,17,9982,0.008623478934168816,0.008623478934168816
7188,402232,28,824,0.008623220026493073,0.008623220026493073
7189,281048,19,8664,0.008622539229691029,0.008622539229691029
7190,446934,31,2518,0.00862226914614439,0.00862226914614439
7191,436998,30,6918,0.008621462620794773,0.008621462620794773
7192,451996,31,7580,0.008621313609182835,0.008621313609182835
7193,445895,31,1479,0.008621261455118656,0.008621261455118656
7194,429079,29,13335,0.008621054701507092,0.008621054701507092
7195,417047,29,1303,0.008620735257863998,0.008620735257863998
7196,390361,27,3289,0.008619813248515129,0.008619813248515129
7197,446590,31,2174,0.008618335239589214,0.008618335239589214
7198,421021,29,5277,0.008618240244686604,0.008618240244686604
7199,457695,31,13279,0.008618232794106007,0.008618232794106007
7200,435539,30,5459,0.00861787237226963,0.00861787237226963
7201,408560,28,7152,0.00861747283488512,0.00861747283488512
7202,441041,30,10961,0.0086162518709898,0.0086162518709898
7203,420123,29,4379,0.008614970371127129,0.008614970371127129
7204,445460,31,1044,0.00861479714512825,0.00861479714512825
7205,449250,31,4834,0.008614725433290005,0.008614725433290005
7206,444889,31,473,0.008613990619778633,0.008613990619778633
7207,444485,31,69,0.00861397571861744,0.00861397571861744
7208,395459,27,8387,0.008613932877779007,0.008613932877779007
7209,451287,31,6871,0.00861381832510233,0.00861381832510233
7210,456952,31,12536,0.008612750098109245,0.008612750098109245
7211,448152,31,3736,0.008611949160695076,0.008611949160695076
7212,434975,30,4895,0.0086106201633811,0.0086106201633811
7213,448104,31,3688,0.008607846684753895,0.008607846684753895
7214,451608,31,7192,0.00860773865133524,0.00860773865133524
7215,448913,31,4497,0.008606594987213612,0.008606594987213612
7216,445860,31,1444,0.008605384267866611,0.008605384267866611
7217,441522,30,11442,0.00860295258462429,0.00860295258462429
7218,429046,29,13302,0.008602196350693703,0.008602196350693703
7219,444121,30,14041,0.008600936271250248,0.008600936271250248
7220,440720,30,10640,0.008599366992712021,0.008599366992712021
7221,432003,30,1923,0.008599262684583664,0.008599262684583664
7222,406548,28,5140,0.008598853833973408,0.008598853833973408
7223,452224,31,7808,0.008598837070167065,0.008598837070167065
7224,444323,30,14243,0.008597951382398605,0.008597951382398605
7225,350863,24,6799,0.008597614243626595,0.008597614243626595
7226,447465,31,3049,0.00859710294753313,0.00859710294753313
7227,452777,31,8361,0.008597067557275295,0.008597067557275295
7228,397780,27,10708,0.008596221916377544,0.008596221916377544
7229,418571,29,2827,0.008595678955316544,0.008595678955316544
7230,441495,30,11415,0.008595231920480728,0.008595231920480728
7231,454914,31,10498,0.00859345868229866,0.00859345868229866
7232,442846,30,12766,0.008593423292040825,0.008593423292040825
7233,360559,25,2159,0.00859297625720501,0.00859297625720501
7234,445184,31,768,0.008592898026108742,0.008592898026108742
7235,445386,31,970,0.008592776022851467,0.008592776022851467
7236,442715,30,12635,0.008592565543949604,0.008592565543949604
7237,384667,26,11931,0.00859189685434103,0.00859189685434103
7238,400273,27,13201,0.00859172735363245,0.00859172735363245
7239,436113,30,6033,0.008591635152697563,0.008591635152697563
7240,415413,28,14005,0.00859116856008768,0.00859116856008768
7241,428637,29,12893,0.008591130375862122,0.008591130375862122
7242,441121,30,11041,0.008590616285800934,0.008590616285800934
7243,434799,30,4719,0.008589309640228748,0.008589309640228748
7244,448800,31,4384,0.00858917273581028,0.00858917273581028
7245,454298,31,9882,0.00858857948333025,0.00858857948333025
7246,416961,29,1217,0.008586847223341465,0.008586847223341465
7247,448398,31,3982,0.008586844429373741,0.008586844429373741
7248,439634,30,9554,0.00858680997043848,0.00858680997043848
7249,438468,30,8388,0.00858563557267189,0.00858563557267189
7250,432882,30,2802,0.008585203438997269,0.008585203438997269
7251,444280,30,14200,0.008584940806031227,0.008584940806031227
7252,451727,31,7311,0.00858458224684,0.00858458224684
7253,446938,31,2522,0.008583877235651016,0.008583877235651016
7254,447659,31,3243,0.00858378317207098,0.00858378317207098
7255,432582,30,2502,0.008583024144172668,0.008583024144172668
7256,431507,30,1427,0.008582726120948792,0.008582726120948792
7257,409947,28,8539,0.00858234241604805,0.00858234241604805
7258,429326,29,13582,0.008581732399761677,0.008581732399761677
7259,401917,28,509,0.008581656031310558,0.008581656031310558
7260,429364,29,13620,0.008581530302762985,0.008581530302762985
7261,445335,31,919,0.008581089787185192,0.008581089787185192
7262,451973,31,7557,0.008580991998314857,0.008580991998314857
7263,406237,28,4829,0.008580047637224197,0.008580047637224197
7264,426831,29,11087,0.008579300716519356,0.008579300716519356
7265,208440,14,7736,0.00857817754149437,0.00857817754149437
7266,449196,31,4780,0.008577054366469383,0.008577054366469383
7267,449724,31,5308,0.00857542920857668,0.00857542920857668
7268,448014,31,3598,0.008574300445616245,0.008574300445616245
7269,450332,31,5916,0.008573725819587708,0.008573725819587708
7270,412420,28,11012,0.008573263883590698,0.008573263883590698
7271,446749,31,2333,0.008572936058044434,0.008572936058044434
7272,432836,30,2756,0.008572916500270367,0.008572916500270367
7273,405162,28,3754,0.008571838028728962,0.008571838028728962
7274,454259,31,9843,0.00857121404260397,0.00857121404260397
7275,449723,31,5307,0.008570999838411808,0.008570999838411808
7276,444747,31,331,0.008570265956223011,0.008570265956223011
7277,439322,30,9242,0.008568806573748589,0.008568806573748589
7278,438009,30,7929,0.008568488992750645,0.008568488992750645
7279,380958,26,8222,0.00856795534491539,0.00856795534491539
7280,414110,28,12702,0.008567431010305882,0.008567431010305882
7281,452865,31,8449,0.008566626347601414,0.008566626347601414
7282,445973,31,1557,0.008564576506614685,0.008564576506614685
7283,456055,31,11639,0.008563915267586708,0.008563915267586708
7284,443665,30,13585,0.008563864044845104,0.008563864044845104
7285,436247,30,6167,0.008560972288250923,0.008560972288250923
7286,368715,25,10315,0.008560849353671074,0.008560849353671074
7287,348657,24,4593,0.00856040045619011,0.00856040045619011
7288,456744,31,12328,0.008560160174965858,0.008560160174965858
7289,448432,31,4016,0.008559942245483398,0.008559942245483398
7290,444666,31,250,0.008559038862586021,0.008559038862586021
7291,457134,31,12718,0.008558785542845726,0.008558785542845726
7292,445927,31,1511,0.008558684028685093,0.008558684028685093
7293,435942,30,5862,0.008558527566492558,0.008558527566492558
7294,423479,29,7735,0.008558172732591629,0.008558172732591629
7295,404264,28,2856,0.008557744324207306,0.008557744324207306
7296,415896,29,152,0.008557724766433239,0.008557724766433239
7297,452174,31,7758,0.008555703796446323,0.008555703796446323
7298,410597,28,9189,0.00855294894427061,0.00855294894427061
7299,439951,30,9871,0.008552398532629013,0.008552398532629013
7300,453350,31,8934,0.008551714941859245,0.008551714941859245
7301,447283,31,2867,0.008551562204957008,0.008551562204957008
7302,444544,31,128,0.008550523780286312,0.008550523780286312
7303,438375,30,8295,0.008548484183847904,0.008548484183847904
7304,451579,31,7163,0.008546636439859867,0.008546636439859867
7305,406631,28,5223,0.008546607568860054,0.008546607568860054
7306,442637,30,12557,0.008546323515474796,0.008546323515474796
7307,430292,30,212,0.008544988930225372,0.008544988930225372
7308,456861,31,12445,0.008544446900486946,0.008544446900486946
7309,437010,30,6930,0.008544155396521091,0.008544155396521091
7310,454187,31,9771,0.008543899282813072,0.008543899282813072
7311,441239,30,11159,0.008543197996914387,0.008543197996914387
7312,445476,31,1060,0.008542798459529877,0.008542798459529877
7313,447160,31,2744,0.008542535826563835,0.008542535826563835
7314,414141,28,12733,0.00854220986366272,0.00854220986366272
7315,404138,28,2730,0.008541027083992958,0.008541027083992958
7316,441054,30,10974,0.008540937677025795,0.008540937677025795
7317,401075,27,14003,0.008540419861674309,0.008540419861674309
7318,447019,31,2603,0.008539761416614056,0.008539761416614056
7319,438481,30,8401,0.008537787944078445,0.008537787944078445
7320,256062,17,12350,0.008537031710147858,0.008537031710147858
7321,445434,31,1018,0.008536722511053085,0.008536722511053085
7322,454232,31,9816,0.008536509238183498,0.008536509238183498
7323,454590,31,10174,0.008536356501281261,0.008536356501281261
7324,434024,30,3944,0.008535914123058319,0.008535914123058319
7325,412415,28,11007,0.00853538978844881,0.00853538978844881
7326,450938,31,6522,0.00853497814387083,0.00853497814387083
7327,446900,31,2484,0.008533895015716553,0.008533895015716553
7328,450061,31,5645,0.008532310836017132,0.008532310836017132
7329,437785,30,7705,0.008532137610018253,0.008532137610018253
7330,451525,31,7109,0.008531427010893822,0.008531427010893822
7331,443744,30,13664,0.008529658429324627,0.008529658429324627
7332,393591,27,6519,0.008529260754585266,0.008529260754585266
7333,418968,29,3224,0.008528383448719978,0.008528383448719978
7334,380089,26,7353,0.008526837453246117,0.008526837453246117
7335,445851,31,1435,0.00852655153721571,0.00852655153721571
7336,438390,30,8310,0.00852624885737896,0.00852624885737896
7337,440984,30,10904,0.008525008335709572,0.008525008335709572
7338,317864,22,2472,0.008523468859493732,0.008523468859493732
7339,450155,31,5739,0.008523231372237206,0.008523231372237206
7340,436895,30,6815,0.008522248826920986,0.008522248826920986
7341,440725,30,10645,0.00852197129279375,0.00852197129279375
7342,423854,29,8110,0.008521526120603085,0.008521526120603085
7343,407087,28,5679,0.008520734496414661,0.008520734496414661
7344,456223,31,11807,0.008520025759935379,0.008520025759935379
7345,409024,28,7616,0.008519451133906841,0.008519451133906841
7346,417959,29,2215,0.008519288152456284,0.008519288152456284
7347,423723,29,7979,0.008518815971910954,0.008518815971910954
7348,422018,29,6274,0.008518010377883911,0.008518010377883911
7349,448848,31,4432,0.00851787906140089,0.00851787906140089
7350,455513,31,11097,0.00851626880466938,0.00851626880466938
7351,442946,30,12866,0.008515973575413227,0.008515973575413227
7352,447384,31,2968,0.008515710011124611,0.008515710011124611
7353,439457,30,9377,0.008515662513673306,0.008515662513673306
7354,442667,30,12587,0.008515245281159878,0.008515245281159878
7355,457834,31,13418,0.008515064604580402,0.008515064604580402
7356,457222,31,12806,0.00851455144584179,0.00851455144584179
7357,444387,30,14307,0.008513153530657291,0.008513153530657291
7358,450697,31,6281,0.008513132110238075,0.008513132110238075
7359,435377,30,5297,0.008512967266142368,0.008512967266142368
7360,402407,28,999,0.008512548170983791,0.008512548170983791
7361,421271,29,5527,0.008512253873050213,0.008512253873050213
7362,349568,24,5504,0.008511897176504135,0.008511897176504135
7363,454513,31,10097,0.008510025218129158,0.008510025218129158
7364,437121,30,7041,0.008509053848683834,0.008509053848683834
7365,416042,29,298,0.008508985862135887,0.008508985862135887
7366,445459,31,1043,0.008507771417498589,0.008507771417498589
7367,451803,31,7387,0.00850694626569748,0.00850694626569748
7368,312634,21,11578,0.008506382815539837,0.008506382815539837
7369,445181,31,765,0.008505771867930889,0.008505771867930889
7370,445639,31,1223,0.008505263365805149,0.008505263365805149
7371,457487,31,13071,0.008504994213581085,0.008504994213581085
7372,430622,30,542,0.008504739962518215,0.008504739962518215
7373,416966,29,1222,0.008504664525389671,0.008504664525389671
7374,441111,30,11031,0.008504434488713741,0.008504434488713741
7375,434817,30,4737,0.008504125289618969,0.008504125289618969
7376,363953,25,5553,0.008503546006977558,0.008503546006977558
7377,448820,31,4404,0.008503376506268978,0.008503376506268978
7378,435706,30,5626,0.008502786047756672,0.008502786047756672
7379,430025,29,14281,0.008502560667693615,0.008502560667693615
7380,291315,20,4595,0.008501234464347363,0.008501234464347363
7381,437689,30,7609,0.008500526659190655,0.008500526659190655
7382,427204,29,11460,0.008500050753355026,0.008500050753355026
7383,456562,31,12146,0.008499784395098686,0.008499784395098686
7384,450322,31,5906,0.008499236777424812,0.008499236777424812
7385,355697,24,11633,0.008499103598296642,0.008499103598296642
7386,451709,31,7293,0.00849877204746008,0.00849877204746008
7387,456964,31,12548,0.008498476818203926,0.008498476818203926
7388,454425,31,10009,0.008498100563883781,0.008498100563883781
7389,416164,29,420,0.008497189730405807,0.008497189730405807
7390,417472,29,1728,0.008497128263115883,0.008497128263115883
7391,447889,31,3473,0.008496765978634357,0.008496765978634357
7392,457521,31,13105,0.008496535941958427,0.008496535941958427
7393,408309,28,6901,0.008495925925672054,0.008495925925672054
7394,429513,29,13769,0.008495548740029335,0.008495548740029335
7395,434354,30,4274,0.008493918925523758,0.008493918925523758
7396,433244,30,3164,0.008492773398756981,0.008492773398756981
7397,367101,25,8701,0.008492295630276203,0.008492295630276203
7398,270914,18,12866,0.008492219261825085,0.008492219261825085
7399,457955,31,13539,0.00849167536944151,0.00849167536944151
7400,426717,29,10973,0.008490991778671741,0.008490991778671741
7401,449081,31,4665,0.008490663021802902,0.008490663021802902
7402,433881,30,3801,0.008490575477480888,0.008490575477480888
7403,452336,31,7920,0.008488131687045097,0.008488131687045097
7404,457447,31,13031,0.008487991988658905,0.008487991988658905
7405,453339,31,8923,0.008487241342663765,0.008487241342663765
7406,433507,30,3427,0.00848678033798933,0.00848678033798933
7407,422066,29,6322,0.008486592210829258,0.008486592210829258
7408,434473,30,4393,0.008486420847475529,0.008486420847475529
7409,450790,31,6374,0.008486327715218067,0.008486327715218067
7410,443384,30,13304,0.008485143072903156,0.008485143072903156
7411,451022,31,6606,0.008484802208840847,0.008484802208840847
7412,384282,26,11546,0.008484689518809319,0.008484689518809319
7413,454032,31,9616,0.008483339101076126,0.008483339101076126
7414,415290,28,13882,0.008483321405947208,0.008483321405947208
7415,456578,31,12162,0.008483147248625755,0.008483147248625755
7416,389606,27,2534,0.00848311185836792,0.00848311185836792
7417,452741,31,8325,0.008482241071760654,0.008482241071760654
7418,435692,30,5612,0.008481983095407486,0.008481983095407486
7419,424273,29,8529,0.008481300435960293,0.008481300435960293
7420,427407,29,11663,0.008481173776090145,0.008481173776090145
7421,448555,31,4139,0.00848059169948101,0.00848059169948101
7422,450782,31,6366,0.008480304852128029,0.008480304852128029
7423,438788,30,8708,0.008479537442326546,0.008479537442326546
7424,398394,27,11322,0.00847931019961834,0.00847931019961834
7425,435742,30,5662,0.008478030562400818,0.008478030562400818
7426,446367,31,1951,0.008477918803691864,0.008477918803691864
7427,236277,16,6901,0.00847739726305008,0.00847739726305008
7428,454179,31,9763,0.00847693532705307,0.00847693532705307
7429,372358,25,13958,0.008476694114506245,0.008476694114506245
7430,440866,30,10786,0.00847653765231371,0.00847653765231371
7431,432971,30,2891,0.00847546011209488,0.00847546011209488
7432,431871,30,1791,0.008475384674966335,0.008475384674966335
7433,443553,30,13473,0.008475078269839287,0.008475078269839287
7434,404595,28,3187,0.008475073613226414,0.008475073613226414
7435,443707,30,13627,0.00847470760345459,0.00847470760345459
7436,374100,26,1364,0.008474172092974186,0.008474172092974186
7437,254424,17,10712,0.008474118076264858,0.008474118076264858
7438,433390,30,3310,0.008473748341202736,0.008473748341202736
7439,425616,29,9872,0.008473317138850689,0.008473317138850689
7440,439019,30,8939,0.008472070097923279,0.008472070097923279
7441,448403,31,3987,0.00847094040364027,0.00847094040364027
7442,432777,30,2697,0.008470864035189152,0.008470864035189152
7443,452785,31,8369,0.00846969336271286,0.00846969336271286
7444,437051,30,6971,0.008469341322779655,0.008469341322779655
7445,446540,31,2124,0.00846925750374794,0.00846925750374794
7446,432134,30,2054,0.00846871268004179,0.00846871268004179
7447,212633,14,11929,0.008468173444271088,0.008468173444271088
7448,457449,31,13033,0.008468045853078365,0.008468045853078365
7449,434381,30,4301,0.008467849344015121,0.008467849344015121
7450,449841,31,5425,0.008465257473289967,0.008465257473289967
7451,457620,31,13204,0.008465089835226536,0.008465089835226536
7452,444959,31,543,0.008465060964226723,0.008465060964226723
7453,442214,30,12134,0.008462798781692982,0.008462798781692982
7454,405794,28,4386,0.008461352437734604,0.008461352437734604
7455,443749,30,13669,0.008460414595901966,0.008460414595901966
7456,407607,28,6199,0.008459960110485554,0.008459960110485554
7457,231181,16,1805,0.008458866737782955,0.008458866737782955
7458,454442,31,10026,0.008458539843559265,0.008458539843559265
7459,416093,29,349,0.008458142168819904,0.008458142168819904
7460,439698,30,9618,0.008456910029053688,0.008456910029053688
7461,430466,30,386,0.008455789647996426,0.008455789647996426
7462,274785,19,2401,0.008455696515738964,0.008455696515738964
7463,442558,30,12478,0.008454986847937107,0.008454986847937107
7464,257244,17,13532,0.008453047834336758,0.008453047834336758
7465,370321,25,11921,0.00845156330615282,0.00845156330615282
7466,450342,31,5926,0.008450080640614033,0.008450080640614033
7467,455309,31,10893,0.008449419401586056,0.008449419401586056
7468,445051,31,635,0.008448464795947075,0.008448464795947075
7469,394187,27,7115,0.008447789587080479,0.008447789587080479
7470,455745,31,11329,0.008447111584246159,0.008447111584246159
7471,444771,31,355,0.008446683175861835,0.008446683175861835
7472,441183,30,11103,0.008446067571640015,0.008446067571640015
7473,458274,31,13858,0.008446021005511284,0.008446021005511284
7474,454706,31,10290,0.00844512227922678,0.00844512227922678
7475,446272,31,1856,0.008444774895906448,0.008444774895906448
7476,444737,31,321,0.008444494567811489,0.008444494567811489
7477,448522,31,4106,0.008443682454526424,0.008443682454526424
7478,446737,31,2321,0.008443646132946014,0.008443646132946014
7479,447210,31,2794,0.008443530648946762,0.008443530648946762
7480,433760,30,3680,0.008443282917141914,0.008443282917141914
7481,452633,31,8217,0.008442853577435017,0.008442853577435017
7482,456174,31,11758,0.008441907353699207,0.008441907353699207
7483,441134,30,11054,0.008441620506346226,0.008441620506346226
7484,458654,31,14238,0.00844037439674139,0.00844037439674139
7485,427119,29,11375,0.008440356701612473,0.008440356701612473
7486,434627,30,4547,0.008440245874226093,0.008440245874226093
7487,450000,31,5584,0.008439344353973866,0.008439344353973866
7488,422420,29,6676,0.008439197205007076,0.008439197205007076
7489,458214,31,13798,0.008439172990620136,0.008439172990620136
7490,453326,31,8910,0.00843719206750393,0.00843719206750393
7491,453025,31,8609,0.0084365950897336,0.0084365950897336
7492,358627,25,227,0.008436123840510845,0.008436123840510845
7493,436850,30,6770,0.008435635827481747,0.008435635827481747
7494,429836,29,14092,0.008435533381998539,0.008435533381998539
7495,455691,31,11275,0.008435334078967571,0.008435334078967571
7496,419593,29,3849,0.00843511801213026,0.00843511801213026
7497,447025,31,2609,0.008434382267296314,0.008434382267296314
7498,458662,31,14246,0.008434363640844822,0.008434363640844822
7499,414404,28,12996,0.0084343571215868,0.0084343571215868
7500,423983,29,8239,0.008433958515524864,0.008433958515524864
7501,448916,31,4500,0.008433563634753227,0.008433563634753227
7502,436907,30,6827,0.008433383889496326,0.008433383889496326
7503,418820,29,3076,0.00843336246907711,0.00843336246907711
7504,438507,30,8427,0.008433287031948566,0.008433287031948566
7505,440578,30,10498,0.00843263790011406,0.00843263790011406
7506,453360,31,8944,0.008432221598923206,0.008432221598923206
7507,444723,31,307,0.00843032170087099,0.00843032170087099
7508,441003,30,10923,0.008429832756519318,0.008429832756519318
7509,454290,31,9874,0.008429789915680885,0.008429789915680885
7510,436836,30,6756,0.008429679088294506,0.008429679088294506
7511,452859,31,8443,0.008429612964391708,0.008429612964391708
7512,447830,31,3414,0.008427748456597328,0.008427748456597328
7513,402987,28,1579,0.008425058797001839,0.008425058797001839
7514,447790,31,3374,0.008424447849392891,0.008424447849392891
7515,420972,29,5228,0.008423414081335068,0.008423414081335068
7516,357458,24,13394,0.008422940969467163,0.008422940969467163
7517,441677,30,11597,0.00842245202511549,0.00842245202511549
7518,435186,30,5106,0.008421903476119041,0.008421903476119041
7519,458552,31,14136,0.008421587757766247,0.008421587757766247
7520,457903,31,13487,0.008421378210186958,0.008421378210186958
7521,450429,31,6013,0.008419830352067947,0.008419830352067947
7522,455828,31,11412,0.008419758640229702,0.008419758640229702
7523,447675,31,3259,0.008419100195169449,0.008419100195169449
7524,389516,27,2444,0.008418898098170757,0.008418898098170757
7525,431608,30,1528,0.008417904376983643,0.008417904376983643
7526,450205,31,5789,0.008417613804340363,0.008417613804340363
7527,458307,31,13891,0.008417462930083275,0.008417462930083275
7528,457112,31,12696,0.008417069911956787,0.008417069911956787
7529,426025,29,10281,0.008416634984314442,0.008416634984314442
7530,425482,29,9738,0.008416395634412766,0.008416395634412766
7531,453341,31,8925,0.00841538980603218,0.00841538980603218
7532,416010,29,266,0.008413954637944698,0.008413954637944698
7533,319614,22,4222,0.008412136696279049,0.008412136696279049
7534,427624,29,11880,0.00841062143445015,0.00841062143445015
7535,450646,31,6230,0.008409172296524048,0.008409172296524048
7536,422106,29,6362,0.008408010005950928,0.008408010005950928
7537,445722,31,1306,0.008407809771597385,0.008407809771597385
7538,455518,31,11102,0.008407221175730228,0.008407221175730228
7539,421060,29,5316,0.008407111279666424,0.008407111279666424
7540,456856,31,12440,0.008405717089772224,0.008405717089772224
7541,376679,26,3943,0.008403562940657139,0.008403562940657139
7542,456046,31,11630,0.008402290754020214,0.008402290754020214
7543,445953,31,1537,0.008401391096413136,0.008401391096413136
7544,443752,30,13672,0.008401106111705303,0.008401106111705303
7545,458676,31,14260,0.008401060476899147,0.008401060476899147
7546,421704,29,5960,0.008400696329772472,0.008400696329772472
7547,451759,31,7343,0.008399805054068565,0.008399805054068565
7548,453440,31,9024,0.00839963834732771,0.00839963834732771
7549,429489,29,13745,0.00839900877326727,0.00839900877326727
7550,430265,30,185,0.008398857899010181,0.008398857899010181
7551,442852,30,12772,0.008397787809371948,0.008397787809371948
7552,430196,30,116,0.008397692814469337,0.008397692814469337
7553,431329,30,1249,0.008397562429308891,0.008397562429308891
7554,434961,30,4881,0.008397040888667107,0.008397040888667107
7555,425673,29,9929,0.008396993391215801,0.008396993391215801
7556,411281,28,9873,0.00839691236615181,0.00839691236615181
7557,334539,23,4811,0.00839634146541357,0.00839634146541357
7558,378023,26,5287,0.008395927958190441,0.008395927958190441
7559,385073,26,12337,0.00839422270655632,0.00839422270655632
7560,443019,30,12939,0.008392436429858208,0.008392436429858208
7561,443483,30,13403,0.008392061106860638,0.008392061106860638
7562,434398,30,4318,0.008391921408474445,0.008391921408474445
7563,453553,31,9137,0.008391247130930424,0.008391247130930424
7564,439041,30,8961,0.008390749804675579,0.008390749804675579
7565,429921,29,14177,0.008390595205128193,0.008390595205128193
7566,452046,31,7630,0.008390395902097225,0.008390395902097225
7567,428547,29,12803,0.008388856425881386,0.008388856425881386
7568,442622,30,12542,0.00838843360543251,0.00838843360543251
7569,420320,29,4576,0.008387410081923008,0.008387410081923008
7570,404361,28,2953,0.008387281559407711,0.008387281559407711
7571,456750,31,12334,0.008387084119021893,0.008387084119021893
7572,421531,29,5787,0.008386965841054916,0.008386965841054916
7573,430783,30,703,0.008386336266994476,0.008386336266994476
7574,449997,31,5581,0.008385959081351757,0.008385959081351757
7575,438406,30,8326,0.008385770954191685,0.008385770954191685
7576,438102,30,8022,0.00838465616106987,0.00838465616106987
7577,433769,30,3689,0.008384023793041706,0.008384023793041706
7578,451692,31,7276,0.008382400497794151,0.008382400497794151
7579,448235,31,3819,0.008380966261029243,0.008380966261029243
7580,317573,22,2181,0.008380223996937275,0.008380223996937275
7581,420394,29,4650,0.008379577659070492,0.008379577659070492
7582,441060,30,10980,0.008379069156944752,0.008379069156944752
7583,449036,31,4620,0.008378281258046627,0.008378281258046627
7584,426061,29,10317,0.008377471007406712,0.008377471007406712
7585,448396,31,3980,0.008376024663448334,0.008376024663448334
7586,434848,30,4768,0.00837589893490076,0.00837589893490076
7587,451837,31,7421,0.008375375531613827,0.008375375531613827
7588,431234,30,1154,0.00837435107678175,0.00837435107678175
7589,417153,29,1409,0.008374162949621677,0.008374162949621677
7590,438465,30,8385,0.008374093100428581,0.008374093100428581
7591,437797,30,7717,0.008373393677175045,0.008373393677175045
7592,447024,31,2608,0.008372988551855087,0.008372988551855087
7593,412685,28,11277,0.008371898904442787,0.008371898904442787
7594,458422,31,14006,0.008371765725314617,0.008371765725314617
7595,440780,30,10700,0.00837167538702488,0.00837167538702488
7596,425042,29,9298,0.00836880598217249,0.00836880598217249
7597,448401,31,3985,0.00836813636124134,0.00836813636124134
7598,452281,31,7865,0.008367964997887611,0.008367964997887611
7599,444816,31,400,0.00836724229156971,0.00836724229156971
7600,453606,31,9190,0.008366693742573261,0.008366693742573261
7601,452887,31,8471,0.008366517722606659,0.008366517722606659
7602,451924,31,7508,0.008366516791284084,0.008366516791284084
7603,376632,26,3896,0.008366399444639683,0.008366399444639683
7604,445290,31,874,0.008365300484001637,0.008365300484001637
7605,414176,28,12768,0.00836477242410183,0.00836477242410183
7606,286390,19,14006,0.008363182656466961,0.008363182656466961
7607,445567,31,1151,0.008362434804439545,0.008362434804439545
7608,421495,29,5751,0.008361748419702053,0.008361748419702053
7609,448523,31,4107,0.008360868319869041,0.008360868319869041
7610,401827,28,419,0.008360631763935089,0.008360631763935089
7611,430102,30,22,0.008360492996871471,0.008360492996871471
7612,387880,27,808,0.008360309526324272,0.008360309526324272
7613,450282,31,5866,0.008359632454812527,0.008359632454812527
7614,340754,23,11026,0.008359307423233986,0.008359307423233986
7615,418813,29,3069,0.008358360268175602,0.008358360268175602
7616,452740,31,8324,0.008358203805983067,0.008358203805983067
7617,407963,28,6555,0.008354746736586094,0.008354746736586094
7618,455455,31,11039,0.008354627527296543,0.008354627527296543
7619,454597,31,10181,0.008353992365300655,0.008353992365300655
7620,453275,31,8859,0.008353810757398605,0.008353810757398605
7621,450385,31,5969,0.008353508077561855,0.008353508077561855
7622,423140,29,7396,0.008353461511433125,0.008353461511433125
7623,452561,31,8145,0.008352475240826607,0.008352475240826607
7624,448470,31,4054,0.008351829834282398,0.008351829834282398
7625,408234,28,6826,0.008351454511284828,0.008351454511284828
7626,442060,30,11980,0.008349471725523472,0.008349471725523472
7627,400028,27,12956,0.008349280804395676,0.008349280804395676
7628,453556,31,9140,0.008349258452653885,0.008349258452653885
7629,306170,21,5114,0.008349154144525528,0.008349154144525528
7630,407481,28,6073,0.00834889616817236,0.00834889616817236
7631,427673,29,11929,0.008348875679075718,0.008348875679075718
7632,402756,28,1348,0.008348730392754078,0.008348730392754078
7633,311226,21,10170,0.00834837555885315,0.00834837555885315
7634,370446,25,12046,0.008347827941179276,0.008347827941179276
7635,454711,31,10295,0.008347444236278534,0.008347444236278534
7636,356778,24,12714,0.008347400464117527,0.008347400464117527
7637,408681,28,7273,0.00834738276898861,0.00834738276898861
7638,290564,20,3844,0.008347234688699245,0.008347234688699245
7639,433715,30,3635,0.0083468584343791,0.0083468584343791
7640,438985,30,8905,0.008346401154994965,0.008346401154994965
7641,455001,31,10585,0.008344326168298721,0.008344326168298721
7642,429386,29,13642,0.008342549204826355,0.008342549204826355
7643,452034,31,7618,0.008342251181602478,0.008342251181602478
7644,419320,29,3576,0.008341995999217033,0.008341995999217033
7645,455010,31,10594,0.008341656066477299,0.008341656066477299
7646,435695,30,5615,0.008341471664607525,0.008341471664607525
7647,433804,30,3724,0.00834114383906126,0.00834114383906126
7648,455833,31,11417,0.008341138251125813,0.008341138251125813
7649,439678,30,9598,0.008340814150869846,0.008340814150869846
7650,457975,31,13559,0.008339980617165565,0.008339980617165565
7651,451756,31,7340,0.0083397775888443,0.0083397775888443
7652,436815,30,6735,0.008338884450495243,0.008338884450495243
7653,282732,19,10348,0.008338626474142075,0.008338626474142075
7654,442433,30,12353,0.00833845604211092,0.00833845604211092
7655,413490,28,12082,0.00833803415298462,0.00833803415298462
7656,415597,28,14189,0.00833776406943798,0.00833776406943798
7657,319682,22,4290,0.008337062783539295,0.008337062783539295
7658,383142,26,10406,0.00833645649254322,0.00833645649254322
7659,438270,30,8190,0.008335663005709648,0.008335663005709648
7660,442406,30,12326,0.008335405960679054,0.008335405960679054
7661,457050,31,12634,0.008335054852068424,0.008335054852068424
7662,429365,29,13621,0.008335026912391186,0.008335026912391186
7663,431451,30,1371,0.008334368467330933,0.008334368467330933
7664,458632,31,14216,0.008334205485880375,0.008334205485880375
7665,453703,31,9287,0.008334007114171982,0.008334007114171982
7666,455575,31,11159,0.008332982659339905,0.008332982659339905
7667,311845,21,10789,0.008332879282534122,0.008332879282534122
7668,447081,31,2665,0.008332307450473309,0.008332307450473309
7669,450946,31,6530,0.008332200348377228,0.008332200348377228
7670,458205,31,13789,0.00833134725689888,0.00833134725689888
7671,457496,31,13080,0.008329729549586773,0.008329729549586773
7672,449008,31,4592,0.00832879077643156,0.00832879077643156
7673,440313,30,10233,0.008328648284077644,0.008328648284077644
7674,406530,28,5122,0.008328468538820744,0.008328468538820744
7675,378644,26,5908,0.008327987045049667,0.008327987045049667
7676,419170,29,3426,0.008327456191182137,0.008327456191182137
7677,440856,30,10776,0.008326355367898941,0.008326355367898941
7678,432806,30,2726,0.008326158858835697,0.008326158858835697
7679,432328,30,2248,0.008324182592332363,0.008324182592332363
7680,422985,29,7241,0.008324094116687775,0.008324094116687775
7681,436276,30,6196,0.008324000984430313,0.008324000984430313
7682,446449,31,2033,0.008322907611727715,0.008322907611727715
7683,442556,30,12476,0.008321630768477917,0.008321630768477917
7684,428786,29,13042,0.008321031928062439,0.008321031928062439
7685,454517,31,10101,0.008320698514580727,0.008320698514580727
7686,453252,31,8836,0.008320370689034462,0.008320370689034462
7687,445136,31,720,0.008319618180394173,0.008319618180394173
7688,444964,31,548,0.008319570682942867,0.008319570682942867
7689,437620,30,7540,0.008319318294525146,0.008319318294525146
7690,435107,30,5027,0.008318894542753696,0.008318894542753696
7691,338984,23,9256,0.008318174630403519,0.008318174630403519
7692,323583,22,8191,0.008316176943480968,0.008316176943480968
7693,440105,30,10025,0.008315940387547016,0.008315940387547016
7694,425773,29,10029,0.008315098471939564,0.008315098471939564
7695,444198,30,14118,0.008314991369843483,0.008314991369843483
7696,293641,20,6921,0.008313719183206558,0.008313719183206558
7697,448359,31,3943,0.008312391117215157,0.008312391117215157
7698,432665,30,2585,0.008311993442475796,0.008311993442475796
7699,452409,31,7993,0.008311422541737556,0.008311422541737556
7700,456309,31,11893,0.008310943841934204,0.008310943841934204
7701,433858,30,3778,0.008310691453516483,0.008310691453516483
7702,454195,31,9779,0.00830991379916668,0.00830991379916668
7703,444270,30,14190,0.008309527300298214,0.008309527300298214
7704,448395,31,3979,0.008309392258524895,0.008309392258524895
7705,437889,30,7809,0.008307846263051033,0.008307846263051033
7706,414376,28,12968,0.00830777082592249,0.00830777082592249
7707,417305,29,1561,0.008307109586894512,0.008307109586894512
7708,415462,28,14054,0.008307027630507946,0.008307027630507946
7709,448979,31,4563,0.008306912146508694,0.008306912146508694
7710,449300,31,4884,0.008305998519062996,0.008305998519062996
7711,325754,22,10362,0.008305204100906849,0.008305204100906849
7712,430754,30,674,0.008304540999233723,0.008304540999233723
7713,295673,20,8953,0.008304374292492867,0.008304374292492867
7714,451359,31,6943,0.008303370326757431,0.008303370326757431
7715,437827,30,7747,0.008303197100758553,0.008303197100758553
7716,457123,31,12707,0.008303100243210793,0.008303100243210793
7717,430177,30,97,0.008302670903503895,0.008302670903503895
7718,413810,28,12402,0.008301487192511559,0.008301487192511559
7719,446058,31,1642,0.008300701156258583,0.008300701156258583
7720,413110,28,11702,0.00830018986016512,0.00830018986016512
7721,454054,31,9638,0.008299772627651691,0.008299772627651691
7722,444865,31,449,0.008299721404910088,0.008299721404910088
7723,456357,31,11941,0.008298508822917938,0.008298508822917938
7724,436798,30,6718,0.008298223838210106,0.008298223838210106
7725,442137,30,12057,0.008298181928694248,0.008298181928694248
7726,386912,26,14176,0.008297683671116829,0.008297683671116829
7727,450445,31,6029,0.008297339081764221,0.008297339081764221
7728,426028,29,10284,0.008297013118863106,0.008297013118863106
7729,432360,30,2280,0.008295304141938686,0.008295304141938686
7730,380447,26,7711,0.008294417522847652,0.008294417522847652
7731,435136,30,5056,0.00829382985830307,0.00829382985830307
7732,387694,27,622,0.008292563259601593,0.008292563259601593
7733,419040,29,3296,0.008291846141219139,0.008291846141219139
7734,444175,30,14095,0.008291095495223999,0.008291095495223999
7735,440675,30,10595,0.008290545083582401,0.008290545083582401
7736,406647,28,5239,0.00829006265848875,0.00829006265848875
7737,435852,30,5772,0.008288984186947346,0.008288984186947346
7738,455450,31,11034,0.008287915028631687,0.008287915028631687
7739,457758,31,13342,0.00828626099973917,0.00828626099973917
7740,439973,30,9893,0.008286125026643276,0.008286125026643276
7741,456191,31,11775,0.008285925723612309,0.008285925723612309
7742,444420,31,4,0.008284997195005417,0.008284997195005417
7743,447402,31,2986,0.008284743875265121,0.008284743875265121
7744,437028,30,6948,0.008284668438136578,0.008284668438136578
7745,431866,30,1786,0.008283719420433044,0.008283719420433044
7746,423584,29,7840,0.008283596485853195,0.008283596485853195
7747,422804,29,7060,0.00828355923295021,0.00828355923295021
7748,225695,15,10655,0.008283098228275776,0.008283098228275776
7749,455104,31,10688,0.008282640017569065,0.008282640017569065
7750,445738,31,1322,0.008282419294118881,0.008282419294118881
7751,425376,29,9632,0.008282358758151531,0.008282358758151531
7752,451669,31,7253,0.008281432092189789,0.008281432092189789
7753,435781,30,5701,0.008281135931611061,0.008281135931611061
7754,446014,31,1598,0.00828050822019577,0.00828050822019577
7755,449039,31,4623,0.008280291222035885,0.008280291222035885
7756,449673,31,5257,0.008280069567263126,0.008280069567263126
7757,440184,30,10104,0.008279703557491302,0.008279703557491302
7758,453972,31,9556,0.008278687484562397,0.008278687484562397
7759,456660,31,12244,0.008277098648250103,0.008277098648250103
7760,452626,31,8210,0.008276338689029217,0.008276338689029217
7761,337417,23,7689,0.008276279084384441,0.008276279084384441
7762,424768,29,9024,0.008276200853288174,0.008276200853288174
7763,452781,31,8365,0.008276025764644146,0.008276025764644146
7764,411197,28,9789,0.00827515684068203,0.00827515684068203
7765,447937,31,3521,0.008275032043457031,0.008275032043457031
7766,238076,16,8700,0.0082734739407897,0.0082734739407897
7767,424354,29,8610,0.008273421786725521,0.008273421786725521
7768,447702,31,3286,0.008273321203887463,0.008273321203887463
7769,418987,29,3243,0.008273188024759293,0.008273188024759293
7770,452140,31,7724,0.008272637613117695,0.008272637613117695
7771,433412,30,3332,0.008272554725408554,0.008272554725408554
7772,400040,27,12968,0.008272506296634674,0.008272506296634674
7773,447341,31,2925,0.008271357975900173,0.008271357975900173
7774,390058,27,2986,0.00826961174607277,0.00826961174607277
7775,453794,31,9378,0.008269554004073143,0.008269554004073143
7776,451314,31,6898,0.008268551900982857,0.008268551900982857
7777,422023,29,6279,0.008268347010016441,0.008268347010016441
7778,443429,30,13349,0.008266403339803219,0.008266403339803219
7779,422574,29,6830,0.00826629251241684,0.00826629251241684
7780,432822,30,2742,0.008266096003353596,0.008266096003353596
7781,449091,31,4675,0.008266079239547253,0.008266079239547253
7782,451098,31,6682,0.008265738375484943,0.008265738375484943
7783,431281,30,1201,0.008265499956905842,0.008265499956905842
7784,345749,24,1685,0.008265221491456032,0.008265221491456032
7785,449416,31,5000,0.008263912983238697,0.008263912983238697
7786,450855,31,6439,0.008263692259788513,0.008263692259788513
7787,274478,19,2094,0.008263352327048779,0.008263352327048779
7788,444011,30,13931,0.008261801674962044,0.008261801674962044
7789,443762,30,13682,0.0082609998062253,0.0082609998062253
7790,452963,31,8547,0.00826084241271019,0.00826084241271019
7791,443575,30,13495,0.008260219357907772,0.008260219357907772
7792,455928,31,11512,0.008260165341198444,0.008260165341198444
7793,356920,24,12856,0.008260045200586319,0.008260045200586319
7794,451717,31,7301,0.008259376510977745,0.008259376510977745
7795,430328,30,248,0.00825860258191824,0.00825860258191824
7796,447127,31,2711,0.008258567191660404,0.008258567191660404
7797,378402,26,5666,0.00825832411646843,0.00825832411646843
7798,442624,30,12544,0.008256584405899048,0.008256584405899048
7799,433060,30,2980,0.008256434462964535,0.008256434462964535
7800,369897,25,11497,0.008256223984062672,0.008256223984062672
7801,339178,23,9450,0.008255979977548122,0.008255979977548122
7802,446594,31,2178,0.00825595948845148,0.00825595948845148
7803,437131,30,7051,0.00825535599142313,0.00825535599142313
7804,456757,31,12341,0.008255185559391975,0.008255185559391975
7805,447345,31,2929,0.00825517438352108,0.00825517438352108
7806,455778,31,11362,0.008254650980234146,0.008254650980234146
7807,444407,30,14327,0.00825459323823452,0.00825459323823452
7808,350145,24,6081,0.008253972977399826,0.008253972977399826
7809,440181,30,10101,0.008253920823335648,0.008253920823335648
7810,381036,26,8300,0.00825390126556158,0.00825390126556158
7811,441938,30,11858,0.008253710344433784,0.008253710344433784
7812,185503,12,13471,0.008253291249275208,0.008253291249275208
7813,333410,23,3682,0.008253180421888828,0.008253180421888828
7814,422151,29,6407,0.008253175765275955,0.008253175765275955
7815,303385,21,2329,0.008252912200987339,0.008252912200987339
7816,451890,31,7474,0.008252586238086224,0.008252586238086224
7817,378295,26,5559,0.008252359926700592,0.008252359926700592
7818,417146,29,1402,0.008252243511378765,0.008252243511378765
7819,367935,25,9535,0.008252114057540894,0.008252114057540894
7820,433323,30,3243,0.008252103812992573,0.008252103812992573
7821,448682,31,4266,0.008252022787928581,0.008252022787928581
7822,400405,27,13333,0.008251706138253212,0.008251706138253212
7823,454630,31,10214,0.008251311257481575,0.008251311257481575
7824,430148,30,68,0.008250182494521141,0.008250182494521141
7825,451363,31,6947,0.008249945938587189,0.008249945938587189
7826,433956,30,3876,0.00824953056871891,0.00824953056871891
7827,447243,31,2827,0.008249420672655106,0.008249420672655106
7828,344251,24,187,0.008248576894402504,0.008248576894402504
7829,453095,31,8679,0.008247772231698036,0.008247772231698036
7830,445942,31,1526,0.008247443474829197,0.008247443474829197
7831,296864,20,10144,0.008247172459959984,0.008247172459959984
7832,453973,31,9557,0.00824651587754488,0.00824651587754488
7833,446619,31,2203,0.008246391080319881,0.008246391080319881
7834,415336,28,13928,0.008246094919741154,0.008246094919741154
7835,431506,30,1426,0.008245263248682022,0.008245263248682022
7836,451902,31,7486,0.008244951255619526,0.008244951255619526
7837,365572,25,7172,0.008244275115430355,0.008244275115430355
7838,447495,31,3079,0.008243953809142113,0.008243953809142113
7839,423199,29,7455,0.008243062533438206,0.008243062533438206
7840,437608,30,7528,0.008242915384471416,0.008242915384471416
7841,456721,31,12305,0.008242866024374962,0.008242866024374962
7842,446071,31,1655,0.008242369629442692,0.008242369629442692
7843,443191,30,13111,0.008242304436862469,0.008242304436862469
7844,444899,31,483,0.008241930045187473,0.008241930045187473
7845,407483,28,6075,0.008241423405706882,0.008241423405706882
7846,453980,31,9564,0.008241306059062481,0.008241306059062481
7847,359403,25,1003,0.008241117931902409,0.008241117931902409
7848,441574,30,11494,0.008240108378231525,0.008240108378231525
7849,300435,20,13715,0.008239983581006527,0.008239983581006527
7850,452139,31,7723,0.008239580318331718,0.008239580318331718
7851,451734,31,7318,0.00823710672557354,0.00823710672557354
7852,445212,31,796,0.008236605674028397,0.008236605674028397
7853,437189,30,7109,0.008236578665673733,0.008236578665673733
7854,445770,31,1354,0.008236538618803024,0.008236538618803024
7855,457377,31,12961,0.008235258981585503,0.008235258981585503
7856,453634,31,9218,0.008234983310103416,0.008234983310103416
7857,442606,30,12526,0.008234959095716476,0.008234959095716476
7858,414972,28,13564,0.008234569802880287,0.008234569802880287
7859,419857,29,4113,0.008234218694269657,0.008234218694269657
7860,457647,31,13231,0.008233960717916489,0.008233960717916489
7861,445042,31,626,0.008233348838984966,0.008233348838984966
7862,454132,31,9716,0.00823286734521389,0.00823286734521389
7863,430983,30,903,0.008232491090893745,0.008232491090893745
7864,453348,31,8932,0.008231977000832558,0.008231977000832558
7865,442673,30,12593,0.00823190063238144,0.00823190063238144
7866,439170,30,9090,0.008231818675994873,0.008231818675994873
7867,430245,30,165,0.00823094230145216,0.00823094230145216
7868,406749,28,5341,0.008230788633227348,0.008230788633227348
7869,422252,29,6508,0.00823078490793705,0.00823078490793705
7870,383211,26,10475,0.008229370228946209,0.008229370228946209
7871,457728,31,13312,0.008228885941207409,0.008228885941207409
7872,446846,31,2430,0.008228511549532413,0.008228511549532413
7873,431914,30,1834,0.008228398859500885,0.008228398859500885
7874,455340,31,10924,0.008227195590734482,0.008227195590734482
7875,455906,31,11490,0.00822475552558899,0.00822475552558899
7876,450431,31,6015,0.008224405348300934,0.008224405348300934
7877,447255,31,2839,0.00822397880256176,0.00822397880256176
7878,456263,31,11847,0.008223366923630238,0.008223366923630238
7879,431725,30,1645,0.008223176933825016,0.008223176933825016
7880,405205,28,3797,0.008223014883697033,0.008223014883697033
7881,402813,28,1405,0.008222784847021103,0.008222784847021103
7882,338700,23,8972,0.008222303353250027,0.008222303353250027
7883,410296,28,8888,0.008221056312322617,0.008221056312322617
7884,434679,30,4599,0.008220849558711052,0.008220849558711052
7885,350395,24,6331,0.00822044163942337,0.00822044163942337
7886,458630,31,14214,0.008220159448683262,0.008220159448683262
7887,450186,31,5770,0.008218233473598957,0.008218233473598957
7888,338072,23,8344,0.008217175491154194,0.008217175491154194
7889,453576,31,9160,0.008216850459575653,0.008216850459575653
7890,359021,25,621,0.008216792717576027,0.008216792717576027
7891,425032,29,9288,0.00821608304977417,0.00821608304977417
7892,440568,30,10488,0.008215597830712795,0.008215597830712795
7893,391807,27,4735,0.008215515874326229,0.008215515874326229
7894,413241,28,11833,0.008215040899813175,0.008215040899813175
7895,450433,31,6017,0.008214214816689491,0.008214214816689491
7896,446530,31,2114,0.008213336579501629,0.008213336579501629
7897,400246,27,13174,0.008212875574827194,0.008212875574827194
7898,454931,31,10515,0.008212288841605186,0.008212288841605186
7899,452764,31,8348,0.008212080225348473,0.008212080225348473
7900,435510,30,5430,0.008211730979382992,0.008211730979382992
7901,364965,25,6565,0.008211638778448105,0.008211638778448105
7902,448124,31,3708,0.008210896514356136,0.008210896514356136
7903,452431,31,8015,0.008210670202970505,0.008210670202970505
7904,457074,31,12658,0.008210460655391216,0.008210460655391216
7905,435682,30,5602,0.008209939114749432,0.008209939114749432
7906,454297,31,9881,0.008207759819924831,0.008207759819924831
7907,399879,27,12807,0.008207748644053936,0.008207748644053936
7908,446608,31,2192,0.008207368664443493,0.008207368664443493
7909,434213,30,4133,0.008206882514059544,0.008206882514059544
7910,443206,30,13126,0.008206791244447231,0.008206791244447231
7911,419264,29,3520,0.008206565864384174,0.008206565864384174
7912,351949,24,7885,0.008204352110624313,0.008204352110624313
7913,392543,27,5471,0.008204234763979912,0.008204234763979912
7914,363848,25,5448,0.00820417795330286,0.00820417795330286
7915,435290,30,5210,0.00820386502891779,0.00820386502891779
7916,424328,29,8584,0.008203785866498947,0.008203785866498947
7917,456360,31,11944,0.008203591220080853,0.008203591220080853
7918,435668,30,5588,0.008203455246984959,0.008203455246984959
7919,454640,31,10224,0.008203335106372833,0.008203335106372833
7920,420362,29,4618,0.00820313673466444,0.00820313673466444
7921,453837,31,9421,0.008202970959246159,0.008202970959246159
7922,362277,25,3877,0.008202924393117428,0.008202924393117428
7923,453961,31,9545,0.008201352320611477,0.008201352320611477
7924,411888,28,10480,0.008200488053262234,0.008200488053262234
7925,444810,31,394,0.008200384676456451,0.008200384676456451
7926,242886,16,13510,0.008200116455554962,0.008200116455554962
7927,442040,30,11960,0.008200079202651978,0.008200079202651978
7928,456754,31,12338,0.008199786767363548,0.008199786767363548
7929,406106,28,4698,0.008199411444365978,0.008199411444365978
7930,432275,30,2195,0.008199308067560196,0.008199308067560196
7931,453376,31,8960,0.008199263364076614,0.008199263364076614
7932,431220,30,1140,0.008199142292141914,0.008199142292141914
7933,443444,30,13364,0.008198902942240238,0.008198902942240238
7934,457110,31,12694,0.008198725990951061,0.008198725990951061
7935,431511,30,1431,0.008198610506951809,0.008198610506951809
7936,366354,25,7954,0.008198199793696404,0.008198199793696404
7937,457360,31,12944,0.008197568356990814,0.008197568356990814
7938,375170,26,2434,0.008197027258574963,0.008197027258574963
7939,299943,20,13223,0.008195072412490845,0.008195072412490845
7940,446130,31,1714,0.008194861002266407,0.008194861002266407
7941,447149,31,2733,0.00819476693868637,0.00819476693868637
7942,449347,31,4931,0.00819426029920578,0.00819426029920578
7943,438475,30,8395,0.008194198831915855,0.008194198831915855
7944,405474,28,4066,0.008193661458790302,0.008193661458790302
7945,430341,30,261,0.008192837238311768,0.008192837238311768
7946,341079,23,11351,0.008192567154765129,0.008192567154765129
7947,452371,31,7955,0.008191941305994987,0.008191941305994987
7948,422087,29,6343,0.008191698230803013,0.008191698230803013
7949,433934,30,3854,0.00819166749715805,0.00819166749715805
7950,430740,30,660,0.008191372267901897,0.008191372267901897
7951,438855,30,8775,0.008191135711967945,0.008191135711967945
7952,309919,21,8863,0.00819044467061758,0.00819044467061758
7953,430747,30,667,0.008190023712813854,0.008190023712813854
7954,420542,29,4798,0.008189956657588482,0.008189956657588482
7955,221266,15,6226,0.008188300766050816,0.008188300766050816
7956,421278,29,5534,0.008187892846763134,0.008187892846763134
7957,432184,30,2104,0.008187850937247276,0.008187850937247276
7958,362863,25,4463,0.008187555707991123,0.008187555707991123
7959,433424,30,3344,0.008187055587768555,0.008187055587768555
7960,444643,31,227,0.00818670354783535,0.00818670354783535
7961,349228,24,5164,0.008185358718037605,0.008185358718037605
7962,453248,31,8832,0.00818476639688015,0.00818476639688015
7963,431536,30,1456,0.008183706551790237,0.008183706551790237
7964,436757,30,6677,0.008183343335986137,0.008183343335986137
7965,430529,30,449,0.008182728663086891,0.008182728663086891
7966,415758,29,14,0.008182205259799957,0.008182205259799957
7967,435679,30,5599,0.008181181736290455,0.008181181736290455
7968,435023,30,4943,0.008180318400263786,0.008180318400263786
7969,449618,31,5202,0.008180147968232632,0.008180147968232632
7970,452230,31,7814,0.008178516291081905,0.008178516291081905
7971,445360,31,944,0.008178400807082653,0.008178400807082653
7972,458669,31,14253,0.008178340271115303,0.008178340271115303
7973,450543,31,6127,0.008177777752280235,0.008177777752280235
7974,446055,31,1639,0.008176595903933048,0.008176595903933048
7975,437600,30,7520,0.008176552131772041,0.008176552131772041
7976,447146,31,2730,0.008175129070878029,0.008175129070878029
7977,407796,28,6388,0.00817512720823288,0.00817512720823288
7978,433593,30,3513,0.008174609392881393,0.008174609392881393
7979,403198,28,1790,0.0081737469881773,0.0081737469881773
7980,447961,31,3545,0.008173472248017788,0.008173472248017788
7981,438545,30,8465,0.008173428475856781,0.008173428475856781
7982,452459,31,8043,0.008173417299985886,0.008173417299985886
7983,425762,29,10018,0.008173343725502491,0.008173343725502491
7984,411815,28,10407,0.008172886446118355,0.008172886446118355
7985,430372,30,292,0.008172571659088135,0.008172571659088135
7986,359385,25,985,0.008171764202415943,0.008171764202415943
7987,455844,31,11428,0.008171644061803818,0.008171644061803818
7988,450416,31,6000,0.008171478286385536,0.008171478286385536
7989,453361,31,8945,0.008171326480805874,0.008171326480805874
7990,439435,30,9355,0.0081711420789361,0.0081711420789361
7991,456061,31,11645,0.008170533925294876,0.008170533925294876
7992,394588,27,7516,0.008170372806489468,0.008170372806489468
7993,390945,27,3873,0.00817000400274992,0.00817000400274992
7994,451885,31,7469,0.008169678971171379,0.008169678971171379
7995,433882,30,3802,0.008169625885784626,0.008169625885784626
7996,447817,31,3401,0.008169618435204029,0.008169618435204029
7997,426394,29,10650,0.008169421926140785,0.008169421926140785
7998,431580,30,1500,0.008169203996658325,0.008169203996658325
7999,418478,29,2734,0.008168209344148636,0.008168209344148636
8000,453942,31,9526,0.008165386505424976,0.008165386505424976
8001,377101,26,4365,0.008165290579199791,0.008165290579199791
8002,446479,31,2063,0.008164801634848118,0.008164801634848118
8003,430293,30,213,0.008164680562913418,0.008164680562913418
8004,429684,29,13940,0.008164611645042896,0.008164611645042896
8005,432342,30,2262,0.008164391852915287,0.008164391852915287
8006,442234,30,12154,0.008163976483047009,0.008163976483047009
8007,452013,31,7597,0.008163725957274437,0.008163725957274437
8008,395603,27,8531,0.008163528516888618,0.008163528516888618
8009,414448,28,13040,0.008163390681147575,0.008163390681147575
8010,430749,30,669,0.00816278625279665,0.00816278625279665
8011,435113,30,5033,0.008161797188222408,0.008161797188222408
8012,441469,30,11389,0.008161661215126514,0.008161661215126514
8013,406396,28,4988,0.008161097764968872,0.008161097764968872
8014,455173,31,10757,0.008160950616002083,0.008160950616002083
8015,423899,29,8155,0.008160695433616638,0.008160695433616638
8016,424255,29,8511,0.008160615339875221,0.008160615339875221
8017,411600,28,10192,0.00815929938107729,0.00815929938107729
8018,326593,22,11201,0.008159144781529903,0.008159144781529903
8019,397931,27,10859,0.008159046992659569,0.008159046992659569
8020,446941,31,2525,0.008159039542078972,0.008159039542078972
8021,407342,28,5934,0.008158423937857151,0.008158423937857151
8022,441937,30,11857,0.00815819576382637,0.00815819576382637
8023,454014,31,9598,0.00815786886960268,0.00815786886960268
8024,446688,31,2272,0.008156681433320045,0.008156681433320045
8025,452279,31,7863,0.008156359195709229,0.008156359195709229
8026,439619,30,9539,0.008154962211847305,0.008154962211847305
8027,453727,31,9311,0.0081534618511796,0.0081534618511796
8028,439437,30,9357,0.008153275586664677,0.008153275586664677
8029,455882,31,11466,0.008153248578310013,0.008153248578310013
8030,287732,20,1012,0.008151001296937466,0.008151001296937466
8031,456595,31,12179,0.008150170557200909,0.008150170557200909
8032,422844,29,7100,0.008149939589202404,0.008149939589202404
8033,449772,31,5356,0.008149649947881699,0.008149649947881699
8034,443260,30,13180,0.008149457164108753,0.008149457164108753
8035,415900,29,156,0.008148882538080215,0.008148882538080215
8036,454704,31,10288,0.008146862499415874,0.008146862499415874
8037,458646,31,14230,0.008146751672029495,0.008146751672029495
8038,354836,24,10772,0.008145767264068127,0.008145767264068127
8039,384452,26,11716,0.008144501596689224,0.008144501596689224
8040,434174,30,4094,0.008143961429595947,0.008143961429595947
8041,375273,26,2537,0.008142668753862381,0.008142668753862381
8042,455616,31,11200,0.008142029866576195,0.008142029866576195
8043,413074,28,11666,0.008141701109707355,0.008141701109707355
8044,407931,28,6523,0.008141513913869858,0.008141513913869858
8045,435900,30,5820,0.008139429613947868,0.008139429613947868
8046,449897,31,5481,0.008138800971210003,0.008138800971210003
8047,446983,31,2567,0.008137430995702744,0.008137430995702744
8048,451828,31,7412,0.008136682212352753,0.008136682212352753
8049,449857,31,5441,0.008136461488902569,0.008136461488902569
8050,447032,31,2616,0.008136400021612644,0.008136400021612644
8051,421636,29,5892,0.008136261254549026,0.008136261254549026
8052,455714,31,11298,0.00813592504709959,0.00813592504709959
8053,445827,31,1411,0.008135669864714146,0.008135669864714146
8054,313374,21,12318,0.008135398849844933,0.008135398849844933
8055,425039,29,9295,0.00813529547303915,0.00813529547303915
8056,443791,30,13711,0.008134881965816021,0.008134881965816021
8057,458228,31,13812,0.008133473806083202,0.008133473806083202
8058,453154,31,8738,0.008133288472890854,0.008133288472890854
8059,223377,15,8337,0.00813221000134945,0.00813221000134945
8060,455923,31,11507,0.008131418377161026,0.008131418377161026
8061,448832,31,4416,0.008130723610520363,0.008130723610520363
8062,458141,31,13725,0.008130689151585102,0.008130689151585102
8063,305334,21,4278,0.008129800669848919,0.008129800669848919
8064,450729,31,6313,0.008129567839205265,0.008129567839205265
8065,435105,30,5025,0.008129479363560677,0.008129479363560677
8066,416784,29,1040,0.008129372261464596,0.008129372261464596
8067,452172,31,7756,0.008128929883241653,0.008128929883241653
8068,458740,31,14324,0.008128322660923004,0.008128322660923004
8069,420407,29,4663,0.008126666769385338,0.008126666769385338
8070,452466,31,8050,0.008126633241772652,0.008126633241772652
8071,458058,31,13642,0.00812587607651949,0.00812587607651949
8072,454609,31,10193,0.008125660009682178,0.008125660009682178
8073,425713,29,9969,0.00812498852610588,0.00812498852610588
8074,309535,21,8479,0.008123381994664669,0.008123381994664669
8075,447362,31,2946,0.008122657425701618,0.008122657425701618
8076,450894,31,6478,0.00812243577092886,0.00812243577092886
8077,441915,30,11835,0.008122418075799942,0.008122418075799942
8078,445733,31,1317,0.008122378028929234,0.008122378028929234
8079,456796,31,12380,0.008122282102704048,0.008122282102704048
8080,422786,29,7042,0.008121653459966183,0.008121653459966183
8081,436121,30,6041,0.008120748214423656,0.008120748214423656
8082,436335,30,6255,0.008120615035295486,0.008120615035295486
8083,453532,31,9116,0.008119512349367142,0.008119512349367142
8084,435672,30,5592,0.008118665777146816,0.008118665777146816
8085,447605,31,3189,0.008117836900055408,0.008117836900055408
8086,445318,31,902,0.008116896264255047,0.008116896264255047
8087,457369,31,12953,0.008115761913359165,0.008115761913359165
8088,416189,29,445,0.008115452714264393,0.008115452714264393
8089,435935,30,5855,0.008115379139780998,0.008115379139780998
8090,446507,31,2091,0.008114299736917019,0.008114299736917019
8091,247617,17,3905,0.00811423733830452,0.00811423733830452
8092,448638,31,4222,0.008114214986562729,0.008114214986562729
8093,453118,31,8702,0.00811405573040247,0.00811405573040247
8094,442798,30,12718,0.008113881573081017,0.008113881573081017
8095,446560,31,2144,0.008113590069115162,0.008113590069115162
8096,455535,31,11119,0.008112924173474312,0.008112924173474312
8097,450353,31,5937,0.008111963048577309,0.008111963048577309
8098,449076,31,4660,0.008111934177577496,0.008111934177577496
8099,433953,30,3873,0.008111244067549706,0.008111244067549706
8100,306711,21,5655,0.00811096839606762,0.00811096839606762
8101,450679,31,6263,0.008110441267490387,0.008110441267490387
8102,274146,19,1762,0.008110391907393932,0.008110391907393932
8103,431380,30,1300,0.008109910413622856,0.008109910413622856
8104,432185,30,2105,0.008108275942504406,0.008108275942504406
8105,232367,16,2991,0.008105644024908543,0.008105644024908543
8106,455474,31,11058,0.008105569519102573,0.008105569519102573
8107,452990,31,8574,0.008104676380753517,0.008104676380753517
8108,394273,27,7201,0.008104159496724606,0.008104159496724606
8109,436400,30,6320,0.0081041119992733,0.0081041119992733
8110,453078,31,8662,0.008104028180241585,0.008104028180241585
8111,418555,29,2811,0.008103320375084877,0.008103320375084877
8112,357039,24,12975,0.008102630265057087,0.008102630265057087
8113,307846,21,6790,0.008102604188024998,0.008102604188024998
8114,451297,31,6881,0.008102577179670334,0.008102577179670334
8115,422966,29,7222,0.00810195878148079,0.00810195878148079
8116,413931,28,12523,0.008101651445031166,0.008101651445031166
8117,435703,30,5623,0.008101280778646469,0.008101280778646469
8118,416302,29,558,0.008100372739136219,0.008100372739136219
8119,350978,24,6914,0.008099084720015526,0.008099084720015526
8120,449692,31,5276,0.008098762482404709,0.008098762482404709
8121,328886,22,13494,0.008098321035504341,0.008098321035504341
8122,447957,31,3541,0.008098184131085873,0.008098184131085873
8123,445243,31,827,0.008098047226667404,0.008098047226667404
8124,458219,31,13803,0.00809767097234726,0.00809767097234726
8125,433233,30,3153,0.008097454905509949,0.008097454905509949
8126,446832,31,2416,0.008096456527709961,0.008096456527709961
8127,454002,31,9586,0.008095843717455864,0.008095843717455864
8128,443677,30,13597,0.00809543952345848,0.00809543952345848
8129,436670,30,6590,0.008095163851976395,0.008095163851976395
8130,382024,26,9288,0.008093982003629208,0.008093982003629208
8131,456193,31,11777,0.008093515411019325,0.008093515411019325
8132,429140,29,13396,0.008093498647212982,0.008093498647212982
8133,457422,31,13006,0.008093363605439663,0.008093363605439663
8134,423853,29,8109,0.008093303069472313,0.008093303069472313
8135,455261,31,10845,0.008090169169008732,0.008090169169008732
8136,399098,27,12026,0.008089304901659489,0.008089304901659489
8137,393888,27,6816,0.008088801987469196,0.008088801987469196
8138,455441,31,11025,0.008088444359600544,0.008088444359600544
8139,452687,31,8271,0.008087514899671078,0.008087514899671078
8140,403298,28,1890,0.008087503723800182,0.008087503723800182
8141,413766,28,12358,0.008085550740361214,0.008085550740361214
8142,417289,29,1545,0.008085319772362709,0.008085319772362709
8143,404685,28,3277,0.008085166104137897,0.008085166104137897
8144,439017,30,8937,0.00808498915284872,0.00808498915284872
8145,457470,31,13054,0.008084692992269993,0.008084692992269993
8146,410211,28,8803,0.008084352128207684,0.008084352128207684
8147,458652,31,14236,0.008083628490567207,0.008083628490567207
8148,430199,30,119,0.008081558160483837,0.008081558160483837
8149,389523,27,2451,0.008079555816948414,0.008079555816948414
8150,437243,30,7163,0.008079450577497482,0.008079450577497482
8151,434208,30,4128,0.008078365586698055,0.008078365586698055
8152,441848,30,11768,0.008078135550022125,0.008078135550022125
8153,442824,30,12744,0.008078096434473991,0.008078096434473991
8154,455160,31,10744,0.008077739737927914,0.008077739737927914
8155,452904,31,8488,0.008077355101704597,0.008077355101704597
8156,449068,31,4652,0.008076758123934269,0.008076758123934269
8157,451628,31,7212,0.008076165802776814,0.008076165802776814
8158,430231,30,151,0.008075995370745659,0.008075995370745659
8159,434633,30,4553,0.00807525310665369,0.00807525310665369
8160,416182,29,438,0.008073127828538418,0.008073127828538418
8161,409023,28,7615,0.008073105476796627,0.008073105476796627
8162,418394,29,2650,0.008072780445218086,0.008072780445218086
8163,410243,28,8835,0.008071367628872395,0.008071367628872395
8164,445932,31,1516,0.008070948533713818,0.008070948533713818
8165,445819,31,1403,0.008070563897490501,0.008070563897490501
8166,430599,30,519,0.00807033758610487,0.00807033758610487
8167,458345,31,13929,0.008070307783782482,0.008070307783782482
8168,445359,31,943,0.008070231415331364,0.008070231415331364
8169,418994,29,3250,0.008067885413765907,0.008067885413765907
8170,430907,30,827,0.008067849092185497,0.008067849092185497
8171,451026,31,6610,0.00806756503880024,0.00806756503880024
8172,326458,22,11066,0.00806737132370472,0.00806737132370472
8173,277631,19,5247,0.008067183196544647,0.008067183196544647
8174,449369,31,4953,0.008066213689744473,0.008066213689744473
8175,432139,30,2059,0.00806553103029728,0.00806553103029728
8176,448658,31,4242,0.00806521251797676,0.00806521251797676
8177,414452,28,13044,0.008065208792686462,0.008065208792686462
8178,273419,19,1035,0.00806422345340252,0.00806422345340252
8179,423579,29,7835,0.008063951507210732,0.008063951507210732
8180,401485,28,77,0.008063917979598045,0.008063917979598045
8181,456285,31,11869,0.008062527514994144,0.008062527514994144
8182,354989,24,10925,0.008062485605478287,0.008062485605478287
8183,427861,29,12117,0.008060965687036514,0.008060965687036514
8184,441236,30,11156,0.008060121908783913,0.008060121908783913
8185,453307,31,8891,0.00805907603353262,0.00805907603353262
8186,431248,30,1168,0.008059032261371613,0.008059032261371613
8187,433797,30,3717,0.008058723993599415,0.008058723993599415
8188,422000,29,6256,0.008057909086346626,0.008057909086346626
8189,356412,24,12348,0.008057067170739174,0.008057067170739174
8190,453995,31,9579,0.00805677566677332,0.00805677566677332
8191,447289,31,2873,0.00805672537535429,0.00805672537535429
8192,448969,31,4553,0.008056025952100754,0.008056025952100754
8193,439398,30,9318,0.008055606856942177,0.008055606856942177
8194,376206,26,3470,0.008055180311203003,0.008055180311203003
8195,454876,31,10460,0.008054917678236961,0.008054917678236961
8196,437573,30,7493,0.008054906502366066,0.008054906502366066
8197,430663,30,583,0.008054705336689949,0.008054705336689949
8198,351061,24,6997,0.008054299280047417,0.008054299280047417
8199,426215,29,10471,0.008053676225244999,0.008053676225244999
8200,453433,31,9017,0.008053392171859741,0.008053392171859741
8201,450415,31,5999,0.008051572367548943,0.008051572367548943
8202,358471,25,71,0.00805121473968029,0.00805121473968029
8203,455037,31,10621,0.008051211014389992,0.008051211014389992
8204,424277,29,8533,0.008050953038036823,0.008050953038036823
8205,410195,28,8787,0.008050922304391861,0.008050922304391861
8206,453262,31,8846,0.008050695061683655,0.008050695061683655
8207,344489,24,425,0.008049989119172096,0.008049989119172096
8208,435737,30,5657,0.008049300871789455,0.008049300871789455
8209,440075,30,9995,0.008048986084759235,0.008048986084759235
8210,446774,31,2358,0.008048328571021557,0.008048328571021557
8211,432652,30,2572,0.008047927170991898,0.008047927170991898
8212,236427,16,7051,0.00804700143635273,0.00804700143635273
8213,392644,27,5572,0.008046617731451988,0.008046617731451988
8214,451785,31,7369,0.008046434260904789,0.008046434260904789
8215,398361,27,11289,0.008045582100749016,0.008045582100749016
8216,436720,30,6640,0.0080454396083951,0.0080454396083951
8217,442498,30,12418,0.008045155555009842,0.008045155555009842
8218,456239,31,11823,0.00804438628256321,0.00804438628256321
8219,390725,27,3653,0.008044280111789703,0.008044280111789703
8220,436973,30,6893,0.00804409570991993,0.00804409570991993
8221,419255,29,3511,0.008043733425438404,0.008043733425438404
8222,418837,29,3093,0.008041627705097198,0.008041627705097198
8223,241214,16,11838,0.008041441440582275,0.008041441440582275
8224,322287,22,6895,0.008041168563067913,0.008041168563067913
8225,433558,30,3478,0.008039494976401329,0.008039494976401329
8226,437446,30,7366,0.00803904514759779,0.00803904514759779
8227,390155,27,3083,0.008038640022277832,0.008038640022277832
8228,388433,27,1361,0.008038434199988842,0.008038434199988842
8229,453465,31,9049,0.008037758059799671,0.008037758059799671
8230,424402,29,8658,0.008037022314965725,0.008037022314965725
8231,425999,29,10255,0.008034909144043922,0.008034909144043922
8232,440668,30,10588,0.008034474216401577,0.008034474216401577
8233,455268,31,10852,0.008032530546188354,0.008032530546188354
8234,436662,30,6582,0.008032489567995071,0.008032489567995071
8235,448762,31,4346,0.00803198479115963,0.00803198479115963
8236,438050,30,7970,0.008031518198549747,0.008031518198549747
8237,454304,31,9888,0.008030839264392853,0.008030839264392853
8238,449557,31,5141,0.008030509576201439,0.008030509576201439
8239,399391,27,12319,0.008030341006815434,0.008030341006815434
8240,385191,26,12455,0.008028853684663773,0.008028853684663773
8241,432537,30,2457,0.008028686977922916,0.008028686977922916
8242,455289,31,10873,0.008028218522667885,0.008028218522667885
8243,406493,28,5085,0.008028206415474415,0.008028206415474415
8244,384715,26,11979,0.008027646690607071,0.008027646690607071
8245,450650,31,6234,0.008027316071093082,0.008027316071093082
8246,444558,31,142,0.008025038987398148,0.008025038987398148
8247,416262,29,518,0.008024750277400017,0.008024750277400017
8248,455597,31,11181,0.008024046197533607,0.008024046197533607
8249,436031,30,5951,0.008023930713534355,0.008023930713534355
8250,378900,26,6164,0.008023347705602646,0.008023347705602646
8251,443809,30,13729,0.008023141883313656,0.008023141883313656
8252,410634,28,9226,0.00802281592041254,0.00802281592041254
8253,456596,31,12180,0.008022134192287922,0.008022134192287922
8254,453542,31,9126,0.008021477609872818,0.008021477609872818
8255,358546,25,146,0.008020599372684956,0.008020599372684956
8256,440606,30,10526,0.008020580746233463,0.008020580746233463
8257,450219,31,5803,0.008019975386559963,0.008019975386559963
8258,431677,30,1597,0.008019661530852318,0.008019661530852318
8259,450290,31,5874,0.0080178864300251,0.0080178864300251
8260,414701,28,13293,0.00801752507686615,0.00801752507686615
8261,453757,31,9341,0.00801751296967268,0.00801751296967268
8262,452029,31,7613,0.00801646988838911,0.00801646988838911
8263,443944,30,13864,0.008016269654035568,0.008016269654035568
8264,435499,30,5419,0.008016133680939674,0.008016133680939674
8265,426388,29,10644,0.00801585428416729,0.00801585428416729
8266,449277,31,4861,0.00801557395607233,0.00801557395607233
8267,437163,30,7083,0.008014699444174767,0.008014699444174767
8268,454691,31,10275,0.00801456905901432,0.00801456905901432
8269,411332,28,9924,0.008013601414859295,0.008013601414859295
8270,346764,24,2700,0.008013470098376274,0.008013470098376274
8271,416201,29,457,0.008013402111828327,0.008013402111828327
8272,426650,29,10906,0.008013219572603703,0.008013219572603703
8273,363903,25,5503,0.008012822829186916,0.008012822829186916
8274,431348,30,1268,0.008010403253138065,0.008010403253138065
8275,417108,29,1364,0.008010044693946838,0.008010044693946838
8276,422366,29,6622,0.008009065873920918,0.008009065873920918
8277,412344,28,10936,0.008007470518350601,0.008007470518350601
8278,437382,30,7302,0.008007267490029335,0.008007267490029335
8279,421222,29,5478,0.008007247000932693,0.008007247000932693
8280,432521,30,2441,0.008007216267287731,0.008007216267287731
8281,456937,31,12521,0.00800709705799818,0.00800709705799818
8282,453909,31,9493,0.008006048388779163,0.008006048388779163
8283,432825,30,2745,0.008005525916814804,0.008005525916814804
8284,445487,31,1071,0.008005243726074696,0.008005243726074696
8285,457297,31,12881,0.008004921488463879,0.008004921488463879
8286,389155,27,2083,0.008004650473594666,0.008004650473594666
8287,430558,30,478,0.008004524745047092,0.008004524745047092
8288,421951,29,6207,0.008004122413694859,0.008004122413694859
8289,354650,24,10586,0.008003905415534973,0.008003905415534973
8290,435729,30,5649,0.008003704249858856,0.008003704249858856
8291,436931,30,6851,0.008003311231732368,0.008003311231732368
8292,441693,30,11613,0.00800282135605812,0.00800282135605812
8293,456129,31,11713,0.008002614602446556,0.008002614602446556
8294,447202,31,2786,0.00800233706831932,0.00800233706831932
8295,377509,26,4773,0.008002064190804958,0.008002064190804958
8296,424243,29,8499,0.008001833222806454,0.008001833222806454
8297,441857,30,11777,0.00800101924687624,0.00800101924687624
8298,226553,15,11513,0.008000988513231277,0.008000988513231277
8299,364279,25,5879,0.00800096895545721,0.00800096895545721
8300,446021,31,1605,0.008000618778169155,0.008000618778169155
8301,409821,28,8413,0.008000129833817482,0.008000129833817482
8302,432447,30,2367,0.007999328896403313,0.007999328896403313
8303,437587,30,7507,0.007997947745025158,0.007997947745025158
8304,452165,31,7749,0.00799790769815445,0.00799790769815445
8305,455271,31,10855,0.00799785740673542,0.00799785740673542
8306,426281,29,10537,0.007997019216418266,0.007997019216418266
8307,437650,30,7570,0.007996959611773491,0.007996959611773491
8308,430627,30,547,0.007996812462806702,0.007996812462806702
8309,435704,30,5624,0.007996059022843838,0.007996059022843838
8310,444920,31,504,0.007995538413524628,0.007995538413524628
8311,450112,31,5696,0.007995362393558025,0.007995362393558025
8312,414183,28,12775,0.007994181476533413,0.007994181476533413
8313,447552,31,3136,0.00799414049834013,0.00799414049834013
8314,456968,31,12552,0.007994080893695354,0.007994080893695354
8315,446411,31,1995,0.007993383333086967,0.007993383333086967
8316,437688,30,7608,0.007992767728865147,0.007992767728865147
8317,458225,31,13809,0.007992642000317574,0.007992642000317574
8318,436373,30,6293,0.007992474362254143,0.007992474362254143
8319,425829,29,10085,0.00799244549125433,0.00799244549125433
8320,448411,31,3995,0.007991642691195011,0.007991642691195011
8321,433263,30,3183,0.007991455495357513,0.007991455495357513
8322,323066,22,7674,0.007991267368197441,0.007991267368197441
8323,437832,30,7752,0.007990867830812931,0.007990867830812931
8324,423124,29,7380,0.00799078494310379,0.00799078494310379
8325,431225,30,1145,0.007990635000169277,0.007990635000169277
8326,327025,22,11633,0.007988977245986462,0.007988977245986462
8327,437550,30,7470,0.007988891564309597,0.007988891564309597
8328,426360,29,10616,0.007988815195858479,0.007988815195858479
8329,444775,31,359,0.007988803088665009,0.007988803088665009
8330,453926,31,9510,0.007988423109054565,0.007988423109054565
8331,446969,31,2553,0.007988310419023037,0.007988310419023037
8332,357318,24,13254,0.007988148368895054,0.007988148368895054
8333,336207,23,6479,0.007987279444932938,0.007987279444932938
8334,339072,23,9344,0.00798695720732212,0.00798695720732212
8335,426978,29,11234,0.00798680167645216,0.00798680167645216
8336,452975,31,8559,0.00798642449080944,0.00798642449080944
8337,389605,27,2533,0.007986251264810562,0.007986251264810562
8338,450820,31,6404,0.00798619445413351,0.00798619445413351
8339,448442,31,4026,0.007986114360392094,0.007986114360392094
8340,431688,30,1608,0.007985640317201614,0.007985640317201614
8341,364763,25,6363,0.007985608652234077,0.007985608652234077
8342,450275,31,5859,0.007985333912074566,0.007985333912074566
8343,453476,31,9060,0.00798527617007494,0.00798527617007494
8344,391884,27,4812,0.007984848693013191,0.007984848693013191
8345,433703,30,3623,0.007984473370015621,0.007984473370015621
8346,427320,29,11576,0.007984140887856483,0.007984140887856483
8347,433546,30,3466,0.00798270758241415,0.00798270758241415
8348,448782,31,4366,0.007981742732226849,0.007981742732226849
8349,373381,26,645,0.007981415838003159,0.007981415838003159
8350,319558,22,4166,0.0079805301502347,0.0079805301502347
8351,278501,19,6117,0.007979977875947952,0.007979977875947952
8352,456479,31,12063,0.00797988846898079,0.00797988846898079
8353,336619,23,6891,0.007979050278663635,0.007979050278663635
8354,284078,19,11694,0.007979017682373524,0.007979017682373524
8355,439754,30,9674,0.007978774607181549,0.007978774607181549
8356,458189,31,13773,0.007978435605764389,0.007978435605764389
8357,431557,30,1477,0.007978424429893494,0.007978424429893494
8358,408682,28,7274,0.007978345267474651,0.007978345267474651
8359,419950,29,4206,0.007977604866027832,0.007977604866027832
8360,417310,29,1566,0.007975004613399506,0.007975004613399506
8361,439337,30,9257,0.007974566891789436,0.007974566891789436
8362,445986,31,1570,0.007973916828632355,0.007973916828632355
8363,431780,30,1700,0.007972813211381435,0.007972813211381435
8364,436679,30,6599,0.007972640916705132,0.007972640916705132
8365,310967,21,9911,0.00797252543270588,0.00797252543270588
8366,431065,30,985,0.007972369901835918,0.007972369901835918
8367,447648,31,3232,0.007971536368131638,0.007971536368131638
8368,454539,31,10123,0.007971234619617462,0.007971234619617462
8369,206422,14,5718,0.007970924489200115,0.007970924489200115
8370,448080,31,3664,0.007970483973622322,0.007970483973622322
8371,398708,27,11636,0.00797034427523613,0.00797034427523613
8372,452822,31,8406,0.007968886755406857,0.007968886755406857
8373,447908,31,3492,0.007967881858348846,0.007967881858348846
8374,452356,31,7940,0.007967699319124222,0.007967699319124222
8375,447164,31,2748,0.007967215031385422,0.007967215031385422
8376,431814,30,1734,0.007966780103743076,0.007966780103743076
8377,446712,31,2296,0.007965651340782642,0.007965651340782642
8378,432152,30,2072,0.007965516299009323,0.007965516299009323
8379,450441,31,6025,0.00796528346836567,0.00796528346836567
8380,451733,31,7317,0.007964996621012688,0.007964996621012688
8381,445943,31,1527,0.007964469492435455,0.007964469492435455
8382,422057,29,6313,0.007964149117469788,0.007964149117469788
8383,396431,27,9359,0.00796333234757185,0.00796333234757185
8384,452383,31,7967,0.007962372153997421,0.007962372153997421
8385,447732,31,3316,0.007962081581354141,0.007962081581354141
8386,430224,30,144,0.007961422204971313,0.007961422204971313
8387,430869,30,789,0.007961124181747437,0.007961124181747437
8388,406560,28,5152,0.00796098168939352,0.00796098168939352
8389,447823,31,3407,0.007960637100040913,0.007960637100040913
8390,447408,31,2992,0.007960505783557892,0.007960505783557892
8391,448597,31,4181,0.007960420101881027,0.007960420101881027
8392,421001,29,5257,0.007959336042404175,0.007959336042404175
8393,442425,30,12345,0.007958403788506985,0.007958403788506985
8394,364450,25,6050,0.007958298549056053,0.007958298549056053
8395,457512,31,13096,0.007956907153129578,0.007956907153129578
8396,444413,30,14333,0.007956876419484615,0.007956876419484615
8397,442006,30,11926,0.00795632041990757,0.00795632041990757
8398,425562,29,9818,0.007955825887620449,0.007955825887620449
8399,448684,31,4268,0.007955598644912243,0.007955598644912243
8400,427877,29,12133,0.007955334149301052,0.007955334149301052
8401,378413,26,5677,0.00795531552284956,0.00795531552284956
8402,457415,31,12999,0.007955193519592285,0.007955193519592285
8403,339866,23,10138,0.00795507151633501,0.00795507151633501
8404,307152,21,6096,0.007954559288918972,0.007954559288918972
8405,378371,26,5635,0.007953749038279057,0.007953749038279057
8406,455193,31,10777,0.007953745312988758,0.007953745312988758
8407,383732,26,10996,0.007953356020152569,0.007953356020152569
8408,421148,29,5404,0.007952935062348843,0.007952935062348843
8409,441573,30,11493,0.007952876389026642,0.007952876389026642
8410,430090,30,10,0.007952816784381866,0.007952816784381866
8411,433917,30,3837,0.007952703163027763,0.007952703163027763
8412,343477,23,13749,0.007952640764415264,0.007952640764415264
8413,444115,30,14035,0.007952379994094372,0.007952379994094372
8414,458317,31,13901,0.00795093271881342,0.00795093271881342
8415,435554,30,5474,0.007949492894113064,0.007949492894113064
8416,457231,31,12815,0.007947535254061222,0.007947535254061222
8417,408117,28,6709,0.007946697063744068,0.007946697063744068
8418,454174,31,9758,0.007945968769490719,0.007945968769490719
8419,458162,31,13746,0.007945637218654156,0.007945637218654156
8420,352777,24,8713,0.007945390418171883,0.007945390418171883
8421,431113,30,1033,0.007945248857140541,0.007945248857140541
8422,452136,31,7720,0.007945219054818153,0.007945219054818153
8423,443307,30,13227,0.007944525219500065,0.007944525219500065
8424,225608,15,10568,0.007944460958242416,0.007944460958242416
8425,361766,25,3366,0.007944184355437756,0.007944184355437756
8426,389106,27,2034,0.00794300064444542,0.00794300064444542
8427,407109,28,5701,0.007942402735352516,0.007942402735352516
8428,367792,25,9392,0.00794205255806446,0.00794205255806446
8429,440269,30,10189,0.00794190727174282,0.00794190727174282
8430,440776,30,10696,0.007941659539937973,0.007941659539937973
8431,241854,16,12478,0.0079411705955863,0.0079411705955863
8432,421318,29,5574,0.007940699346363544,0.007940699346363544
8433,453732,31,9316,0.007940521463751793,0.007940521463751793
8434,450189,31,5773,0.007940123789012432,0.007940123789012432
8435,440846,30,10766,0.007938955910503864,0.007938955910503864
8436,336668,23,6940,0.007937679067254066,0.007937679067254066
8437,444603,31,187,0.007937383837997913,0.007937383837997913
8438,454359,31,9943,0.007936791516840458,0.007936791516840458
8439,426646,29,10902,0.007936383597552776,0.007936383597552776
8440,441675,30,11595,0.007935555651783943,0.007935555651783943
8441,414823,28,13415,0.007934369146823883,0.007934369146823883
8442,409921,28,8513,0.00793388020247221,0.00793388020247221
8443,419270,29,3526,0.007933764718472958,0.007933764718472958
8444,363205,25,4805,0.007932696491479874,0.007932696491479874
8445,458121,31,13705,0.007932621985673904,0.007932621985673904
8446,418676,29,2932,0.007931927219033241,0.007931927219033241
8447,453897,31,9481,0.007931763306260109,0.007931763306260109
8448,445479,31,1063,0.007931682281196117,0.007931682281196117
8449,446258,31,1842,0.007931241765618324,0.007931241765618324
8450,443735,30,13655,0.007930789142847061,0.007930789142847061
8451,427878,29,12134,0.007930777966976166,0.007930777966976166
8452,455622,31,11206,0.007929161190986633,0.007929161190986633
8453,423154,29,7410,0.007928972132503986,0.007928972132503986
8454,458292,31,13876,0.007928822189569473,0.007928822189569473
8455,384776,26,12040,0.007928721606731415,0.007928721606731415
8456,202475,14,1771,0.007928634062409401,0.007928634062409401
8457,458515,31,14099,0.007927590049803257,0.007927590049803257
8458,444582,31,166,0.007927018217742443,0.007927018217742443
8459,449185,31,4769,0.007926966063678265,0.007926966063678265
8460,387534,27,462,0.00792569201439619,0.00792569201439619
8461,383021,26,10285,0.007924913428723812,0.007924913428723812
8462,435873,30,5793,0.00792432390153408,0.00792432390153408
8463,438332,30,8252,0.007924037985503674,0.007924037985503674
8464,338716,23,8988,0.007924015633761883,0.007924015633761883
8465,431429,30,1349,0.007923806086182594,0.007923806086182594
8466,305713,21,4657,0.00792303029447794,0.00792303029447794
8467,456577,31,12161,0.007922910153865814,0.007922910153865814
8468,408474,28,7066,0.007920738309621811,0.007920738309621811
8469,400250,27,13178,0.007920517586171627,0.007920517586171627
8470,419488,29,3744,0.007920252159237862,0.007920252159237862
8471,436698,30,6618,0.007920105010271072,0.007920105010271072
8472,388365,27,1293,0.00791978556662798,0.00791978556662798
8473,437704,30,7624,0.00791962817311287,0.00791962817311287
8474,446533,31,2117,0.00791944470256567,0.00791944470256567
8475,431327,30,1247,0.00791926309466362,0.00791926309466362
8476,432627,30,2547,0.007919088937342167,0.007919088937342167
8477,449766,31,5350,0.007918345741927624,0.007918345741927624
8478,458077,31,13661,0.007917739450931549,0.007917739450931549
8479,270354,18,12306,0.00791751965880394,0.00791751965880394
8480,449788,31,5372,0.007917089387774467,0.007917089387774467
8481,423650,29,7906,0.007917005568742752,0.007917005568742752
8482,427505,29,11761,0.007915986701846123,0.007915986701846123
8483,425864,29,10120,0.007915572263300419,0.007915572263300419
8484,373851,26,1115,0.007915464229881763,0.007915464229881763
8485,404666,28,3258,0.007915451191365719,0.007915451191365719
8486,443115,30,13035,0.007915227673947811,0.007915227673947811
8487,455368,31,10952,0.007914615795016289,0.007914615795016289
8488,429116,29,13372,0.007914070971310139,0.007914070971310139
8489,436095,30,6015,0.00791385117918253,0.00791385117918253
8490,378469,26,5733,0.007913695648312569,0.007913695648312569
8491,401110,27,14038,0.007912992499768734,0.007912992499768734
8492,452548,31,8132,0.007912884466350079,0.007912884466350079
8493,425587,29,9843,0.007912051863968372,0.007912051863968372
8494,383600,26,10864,0.007911757566034794,0.007911757566034794
8495,454585,31,10169,0.007910864427685738,0.007910864427685738
8496,422691,29,6947,0.007910246029496193,0.007910246029496193
8497,457704,31,13288,0.007908772677183151,0.007908772677183151
8498,434260,30,4180,0.007908373139798641,0.007908373139798641
8499,458622,31,14206,0.007907695136964321,0.007907695136964321
8500,336747,23,7019,0.007907108403742313,0.007907108403742313
8501,406356,28,4948,0.007906598970293999,0.007906598970293999
8502,456673,31,12257,0.007906205020844936,0.007906205020844936
8503,415631,28,14223,0.007905815728008747,0.007905815728008747
8504,419215,29,3471,0.007905510254204273,0.007905510254204273
8505,445831,31,1415,0.00790530163794756,0.00790530163794756
8506,455418,31,11002,0.007904717698693275,0.007904717698693275
8507,254684,17,10972,0.007904276251792908,0.007904276251792908
8508,391973,27,4901,0.007903875783085823,0.007903875783085823
8509,418715,29,2971,0.007903695106506348,0.007903695106506348
8510,458415,31,13999,0.00790341105312109,0.00790341105312109
8511,423839,29,8095,0.00790262222290039,0.00790262222290039
8512,411351,28,9943,0.007902542129158974,0.007902542129158974
8513,428686,29,12942,0.007902458310127258,0.007902458310127258
8514,457078,31,12662,0.007902332581579685,0.007902332581579685
8515,448251,31,3835,0.007901318371295929,0.007901318371295929
8516,444287,30,14207,0.007901283912360668,0.007901283912360668
8517,450453,31,6037,0.007900604978203773,0.007900604978203773
8518,452931,31,8515,0.007900513708591461,0.007900513708591461
8519,330482,23,754,0.007899874821305275,0.007899874821305275
8520,451625,31,7209,0.007899807766079903,0.007899807766079903
8521,252931,17,9219,0.007899579592049122,0.007899579592049122
8522,455206,31,10790,0.007898429408669472,0.007898429408669472
8523,457315,31,12899,0.007897808216512203,0.007897808216512203
8524,439399,30,9319,0.00789761170744896,0.00789761170744896
8525,449237,31,4821,0.007897586561739445,0.007897586561739445
8526,402815,28,1407,0.007896780967712402,0.007896780967712402
8527,446042,31,1626,0.007896538823843002,0.007896538823843002
8528,300057,20,13337,0.007896529510617256,0.007896529510617256
8529,391370,27,4298,0.007896434515714645,0.007896434515714645
8530,457749,31,13333,0.007896380499005318,0.007896380499005318
8531,322541,22,7149,0.007894625887274742,0.007894625887274742
8532,445132,31,716,0.007894618436694145,0.007894618436694145
8533,450735,31,6319,0.0078946053981781,0.0078946053981781
8534,384155,26,11419,0.007893494330346584,0.007893494330346584
8535,452526,31,8110,0.007893107831478119,0.007893107831478119
8536,430919,30,839,0.007893022149801254,0.007893022149801254
8537,444730,31,314,0.007892677560448647,0.007892677560448647
8538,428282,29,12538,0.007892531342804432,0.007892531342804432
8539,449833,31,5417,0.00789213553071022,0.00789213553071022
8540,449114,31,4698,0.007890958338975906,0.007890958338975906
8541,354354,24,10290,0.00789081770926714,0.00789081770926714
8542,425932,29,10188,0.007890523411333561,0.007890523411333561
8543,435804,30,5724,0.00789050292223692,0.00789050292223692
8544,456702,31,12286,0.007889971137046814,0.007889971137046814
8545,458159,31,13743,0.00788937509059906,0.00788937509059906
8546,449192,31,4776,0.007889218628406525,0.007889218628406525
8547,453765,31,9349,0.007888910360634327,0.007888910360634327
8548,455369,31,10953,0.007888484746217728,0.007888484746217728
8549,447929,31,3513,0.007888389751315117,0.007888389751315117
8550,403768,28,2360,0.007888074032962322,0.007888074032962322
8551,453694,31,9278,0.007887640036642551,0.007887640036642551
8552,411391,28,9983,0.007886836305260658,0.007886836305260658
8553,457192,31,12776,0.007886543869972229,0.007886543869972229
8554,427026,29,11282,0.00788645539432764,0.00788645539432764
8555,451049,31,6633,0.007886244915425777,0.007886244915425777
8556,388472,27,1400,0.007885884493589401,0.007885884493589401
8557,448456,31,4040,0.007885091006755829,0.007885091006755829
8558,356527,24,12463,0.007885078899562359,0.007885078899562359
8559,457730,31,13314,0.007884979248046875,0.007884979248046875
8560,387146,27,74,0.007884898222982883,0.007884898222982883
8561,455933,31,11517,0.007884209975600243,0.007884209975600243
8562,451524,31,7108,0.007883960381150246,0.007883960381150246
8563,446105,31,1689,0.007883746176958084,0.007883746176958084
8564,361912,25,3512,0.007883092388510704,0.007883092388510704
8565,407938,28,6530,0.007882404141128063,0.007882404141128063
8566,454800,31,10384,0.007880404591560364,0.007880404591560364
8567,351992,24,7928,0.007880371995270252,0.007880371995270252
8568,454105,31,9689,0.007879874669015408,0.007879874669015408
8569,452189,31,7773,0.007879448123276234,0.007879448123276234
8570,452523,31,8107,0.0078791668638587,0.0078791668638587
8571,456646,31,12230,0.007879149168729782,0.007879149168729782
8572,458138,31,13722,0.007879110984504223,0.007879110984504223
8573,448698,31,4282,0.007878477685153484,0.007878477685153484
8574,427731,29,11987,0.007877800613641739,0.007877800613641739
8575,435751,30,5671,0.007877683266997337,0.007877683266997337
8576,424006,29,8262,0.007877680473029613,0.007877680473029613
8577,446451,31,2035,0.007876275107264519,0.007876275107264519
8578,355266,24,11202,0.00787532888352871,0.00787532888352871
8579,387517,27,445,0.007874802686274052,0.007874802686274052
8580,437323,30,7243,0.007874630391597748,0.007874630391597748
8581,428809,29,13065,0.00787434633821249,0.00787434633821249
8582,446790,31,2374,0.007874318398535252,0.007874318398535252
8583,446694,31,2278,0.00787370465695858,0.00787370465695858
8584,401256,27,14184,0.007872892543673515,0.007872892543673515
8585,438553,30,8473,0.00787279848009348,0.00787279848009348
8586,444846,31,430,0.007872248999774456,0.007872248999774456
8587,450571,31,6155,0.007872207090258598,0.007872207090258598
8588,410024,28,8616,0.007871882990002632,0.007871882990002632
8589,445078,31,662,0.007870156317949295,0.007870156317949295
8590,444876,31,460,0.00786989089101553,0.00786989089101553
8591,451031,31,6615,0.00786936841905117,0.00786936841905117
8592,447409,31,2993,0.007868572138249874,0.007868572138249874
8593,371455,25,13055,0.007867956534028053,0.007867956534028053
8594,343415,23,13687,0.007867787964642048,0.007867787964642048
8595,395950,27,8878,0.007867413572967052,0.007867413572967052
8596,417498,29,1754,0.007867395877838135,0.007867395877838135
8597,339211,23,9483,0.007867193780839443,0.007867193780839443
8598,445555,31,1139,0.007866987027227879,0.007866987027227879
8599,439111,30,9031,0.007866653613746166,0.007866653613746166
8600,452694,31,8278,0.00786622241139412,0.00786622241139412
8601,445683,31,1267,0.00786610972136259,0.00786610972136259
8602,452179,31,7763,0.007865572348237038,0.007865572348237038
8603,419609,29,3865,0.007865536026656628,0.007865536026656628
8604,444360,30,14280,0.007862805388867855,0.007862805388867855
8605,448134,31,3718,0.007862454280257225,0.007862454280257225
8606,374126,26,1390,0.00786179956048727,0.00786179956048727
8607,275789,19,3405,0.007861480116844177,0.007861480116844177
8608,453724,31,9308,0.007861400954425335,0.007861400954425335
8609,457698,31,13282,0.007860729470849037,0.007860729470849037
8610,439438,30,9358,0.007860354147851467,0.007860354147851467
8611,388452,27,1380,0.007860290817916393,0.007860290817916393
8612,436190,30,6110,0.007860195823013783,0.007860195823013783
8613,455845,31,11429,0.007859686389565468,0.007859686389565468
8614,440406,30,10326,0.007859669625759125,0.007859669625759125
8615,441515,30,11435,0.007859038189053535,0.007859038189053535
8616,449737,31,5321,0.00785886775702238,0.00785886775702238
8617,449594,31,5178,0.007858721539378166,0.007858721539378166
8618,433130,30,3050,0.007858270779252052,0.007858270779252052
8619,424728,29,8984,0.007856404408812523,0.007856404408812523
8620,403528,28,2120,0.007855920121073723,0.007855920121073723
8621,384517,26,11781,0.0078551284968853,0.0078551284968853
8622,433642,30,3562,0.007855099625885487,0.007855099625885487
8623,419346,29,3602,0.007854667492210865,0.007854667492210865
8624,456692,31,12276,0.00785447284579277,0.00785447284579277
8625,457533,31,13117,0.007854403927922249,0.007854403927922249
8626,445296,31,880,0.007854382507503033,0.007854382507503033
8627,451760,31,7344,0.007854185067117214,0.007854185067117214
8628,448113,31,3697,0.007853497751057148,0.007853497751057148
8629,349501,24,5437,0.007853306829929352,0.007853306829929352
8630,434900,30,4820,0.007853271439671516,0.007853271439671516
8631,379278,26,6542,0.007852612063288689,0.007852612063288689
8632,431904,30,1824,0.007851974107325077,0.007851974107325077
8633,455539,31,11123,0.007851525209844112,0.007851525209844112
8634,450711,31,6295,0.007850594818592072,0.007850594818592072
8635,436200,30,6120,0.007849710062146187,0.007849710062146187
8636,452498,31,8082,0.007847794331610203,0.007847794331610203
8637,310983,21,9927,0.007847467437386513,0.007847467437386513
8638,457098,31,12682,0.007846943102777004,0.007846943102777004
8639,451823,31,7407,0.007846463471651077,0.007846463471651077
8640,410394,28,8986,0.007846198976039886,0.007846198976039886
8641,438540,30,8460,0.007845653221011162,0.007845653221011162
8642,445016,31,600,0.007844686508178711,0.007844686508178711
8643,424799,29,9055,0.007844469510018826,0.007844469510018826
8644,436667,30,6587,0.0078443493694067,0.0078443493694067
8645,439278,30,9198,0.007844162173569202,0.007844162173569202
8646,433789,30,3709,0.00784400012344122,0.00784400012344122
8647,358751,25,351,0.007843820378184319,0.007843820378184319
8648,358013,24,13949,0.007843217812478542,0.007843217812478542
8649,448660,31,4244,0.007843057624995708,0.007843057624995708
8650,380173,26,7437,0.007842032238841057,0.007842032238841057
8651,445540,31,1124,0.007841956801712513,0.007841956801712513
8652,454302,31,9886,0.007841427810490131,0.007841427810490131
8653,458683,31,14267,0.007840879261493683,0.007840879261493683
8654,458018,31,13602,0.007840415462851524,0.007840415462851524
8655,447051,31,2635,0.007839851081371307,0.007839851081371307
8656,430511,30,431,0.007839702069759369,0.007839702069759369
8657,409914,28,8506,0.007839272730052471,0.007839272730052471
8658,428821,29,13077,0.007838575169444084,0.007838575169444084
8659,413228,28,11820,0.007838313467800617,0.007838313467800617
8660,285107,19,12723,0.007837713696062565,0.007837713696062565
8661,439940,30,9860,0.00783768855035305,0.00783768855035305
8662,306336,21,5280,0.007836042903363705,0.007836042903363705
8663,404927,28,3519,0.007835602387785912,0.007835602387785912
8664,444924,31,508,0.007835387252271175,0.007835387252271175
8665,444671,31,255,0.007835161872208118,0.007835161872208118
8666,427574,29,11830,0.00783494208008051,0.00783494208008051
8667,345878,24,1814,0.007834820076823235,0.007834820076823235
8668,454937,31,10521,0.007834291085600853,0.007834291085600853
8669,441277,30,11197,0.00783156231045723,0.00783156231045723
8670,230460,16,1084,0.007831546477973461,0.007831546477973461
8671,366267,25,7867,0.007830681279301643,0.007830681279301643
8672,443907,30,13827,0.007829941809177399,0.007829941809177399
8673,453901,31,9485,0.007829522714018822,0.007829522714018822
8674,412313,28,10905,0.007829493843019009,0.007829493843019009
8675,258972,18,924,0.007829359732568264,0.007829359732568264
8676,327948,22,12556,0.007829181849956512,0.007829181849956512
8677,452401,31,7985,0.007829070091247559,0.007829070091247559
8678,221204,15,6164,0.00782826542854309,0.00782826542854309
8679,434093,30,4013,0.007827221415936947,0.007827221415936947
8680,438269,30,8189,0.007826851680874825,0.007826851680874825
8681,436186,30,6106,0.007826762273907661,0.007826762273907661
8682,456321,31,11905,0.007825668901205063,0.007825668901205063
8683,374079,26,1343,0.007825079374015331,0.007825079374015331
8684,429662,29,13918,0.007824952714145184,0.007824952714145184
8685,440030,30,9950,0.00782463327050209,0.00782463327050209
8686,314454,21,13398,0.0078244898468256,0.0078244898468256
8687,437944,30,7864,0.007823705673217773,0.007823705673217773
8688,446192,31,1776,0.007823691703379154,0.007823691703379154
8689,447129,31,2713,0.007823219522833824,0.007823219522833824
8690,456192,31,11776,0.007823077030479908,0.007823077030479908
8691,458607,31,14191,0.007822807878255844,0.007822807878255844
8692,418066,29,2322,0.00782257691025734,0.00782257691025734
8693,444006,30,13926,0.007822489365935326,0.007822489365935326
8694,398048,27,10976,0.007821567356586456,0.007821567356586456
8695,441037,30,10957,0.007821285165846348,0.007821285165846348
8696,447820,31,3404,0.007820368744432926,0.007820368744432926
8697,419337,29,3593,0.007820039987564087,0.007820039987564087
8698,438371,30,8291,0.00781984906643629,0.00781984906643629
8699,431813,30,1733,0.007819115184247494,0.007819115184247494
8700,428277,29,12533,0.007817361503839493,0.007817361503839493
8701,384677,26,11941,0.00781725812703371,0.00781725812703371
8702,435800,30,5720,0.007816370576620102,0.007816370576620102
8703,398596,27,11524,0.007816024124622345,0.007816024124622345
8704,458413,31,13997,0.00781541783362627,0.00781541783362627
8705,375024,26,2288,0.007814806886017323,0.007814806886017323
8706,457105,31,12689,0.007814179174602032,0.007814179174602032
8707,414651,28,13243,0.007813867181539536,0.007813867181539536
8708,455619,31,11203,0.007813867181539536,0.007813867181539536
8709,449149,31,4733,0.007813828065991402,0.007813828065991402
8710,426568,29,10824,0.00781373493373394,0.00781373493373394
8711,411214,28,9806,0.007813547737896442,0.007813547737896442
8712,433259,30,3179,0.007813535630702972,0.007813535630702972
8713,419277,29,3533,0.007812944240868092,0.007812944240868092
8714,454380,31,9964,0.007811307907104492,0.007811307907104492
8715,363381,25,4981,0.007810965646058321,0.007810965646058321
8716,455754,31,11338,0.00781072024255991,0.00781072024255991
8717,371201,25,12801,0.00781055586412549,0.00781055586412549
8718,449177,31,4761,0.007810553535819054,0.007810553535819054
8719,455829,31,11413,0.007810540962964296,0.007810540962964296
8720,421024,29,5280,0.007810215000063181,0.007810215000063181
8721,360975,25,2575,0.007809738628566265,0.007809738628566265
8722,436937,30,6857,0.007809574715793133,0.007809574715793133
8723,390745,27,3673,0.007809395436197519,0.007809395436197519
8724,449198,31,4782,0.0078091006726026535,0.0078091006726026535
8725,442013,30,11933,0.007809058763086796,0.007809058763086796
8726,447782,31,3366,0.007808759808540344,0.007808759808540344
8727,440012,30,9932,0.007808728609234095,0.007808728609234095
8728,435661,30,5581,0.0078086513094604015,0.0078086513094604015
8729,367238,25,8838,0.007807901594787836,0.007807901594787836
8730,443241,30,13161,0.007807251997292042,0.007807251997292042
8731,444281,30,14201,0.007805835455656052,0.007805835455656052
8732,430356,30,276,0.007805635686963797,0.007805635686963797
8733,458416,31,14000,0.007805595640093088,0.007805595640093088
8734,259502,18,1454,0.007805554661899805,0.007805554661899805
8735,430872,30,792,0.0078054796904325485,0.0078054796904325485
8736,450937,31,6521,0.007805150933563709,0.007805150933563709
8737,434326,30,4246,0.007804224267601967,0.007804224267601967
8738,423520,29,7776,0.007803755812346935,0.007803755812346935
8739,453699,31,9283,0.007803267799317837,0.007803267799317837
8740,443021,30,12941,0.007802906446158886,0.007802906446158886
8741,455983,31,11567,0.007802839390933514,0.007802839390933514
8742,432001,30,1921,0.007801934145390987,0.007801934145390987
8743,450463,31,6047,0.0078017981722950935,0.0078017981722950935
8744,418311,29,2567,0.0078017436899244785,0.0078017436899244785
8745,437520,30,7440,0.007801125757396221,0.007801125757396221
8746,422717,29,6973,0.007800659164786339,0.007800659164786339
8747,412595,28,11187,0.007800442632287741,0.007800442632287741
8748,405046,28,3638,0.007800215855240822,0.007800215855240822
8749,452920,31,8504,0.007799115497618914,0.007799115497618914
8750,415197,28,13789,0.007799077313393354,0.007799077313393354
8751,247061,17,3349,0.007799074985086918,0.007799074985086918
8752,418590,29,2846,0.007798476610332727,0.007798476610332727
8753,448524,31,4108,0.007798264734447002,0.007798264734447002
8754,409296,28,7888,0.00779825821518898,0.00779825821518898
8755,436496,30,6416,0.007797150406986475,0.007797150406986475
8756,263894,18,5846,0.007796606980264187,0.007796606980264187
8757,437146,30,7066,0.0077963885851204395,0.0077963885851204395
8758,352508,24,8444,0.0077962069772183895,0.0077962069772183895
8759,430970,30,890,0.007795669604092836,0.007795669604092836
8760,338194,23,8466,0.0077956244349479675,0.0077956244349479675
8761,442085,30,12005,0.0077955275774002075,0.0077955275774002075
8762,421063,29,5319,0.0077954004518687725,0.0077954004518687725
8763,457958,31,13542,0.007794985547661781,0.007794985547661781
8764,412849,28,11441,0.0077942367643117905,0.0077942367643117905
8765,420965,29,5221,0.0077940840274095535,0.0077940840274095535
8766,414760,28,13352,0.007793630473315716,0.007793630473315716
8767,425011,29,9267,0.007793478202074766,0.007793478202074766
8768,445276,31,860,0.007793065160512924,0.007793065160512924
8769,232692,16,3316,0.007792305666953325,0.007792305666953325
8770,434682,30,4602,0.007792161777615547,0.007792161777615547
8771,433918,30,3838,0.0077921487390995026,0.0077921487390995026
8772,441920,30,11840,0.007791757583618164,0.007791757583618164
8773,429527,29,13783,0.007791451178491116,0.007791451178491116
8774,342089,23,12361,0.007790557574480772,0.007790557574480772
8775,361791,25,3391,0.007790470030158758,0.007790470030158758
8776,438857,30,8777,0.0077904281206429005,0.0077904281206429005
8777,444659,31,243,0.007790193427354097,0.007790193427354097
8778,440990,30,10910,0.00778874522075057,0.00778874522075057
8779,409964,28,8556,0.007788318209350109,0.007788318209350109
8780,450494,31,6078,0.007787877693772316,0.007787877693772316
8781,447967,31,3551,0.0077875456772744656,0.0077875456772744656
8782,451755,31,7339,0.007786874193698168,0.007786874193698168
8783,362286,25,3886,0.007786848116666079,0.007786848116666079
8784,458161,31,13745,0.0077847884967923164,0.0077847884967923164
8785,452407,31,7991,0.007783874869346619,0.007783874869346619
8786,414275,28,12867,0.0077835009433329105,0.0077835009433329105
8787,281974,19,9590,0.007782868109643459,0.007782868109643459
8788,435997,30,5917,0.007780328392982483,0.007780328392982483
8789,415161,28,13753,0.0077798557467758656,0.0077798557467758656
8790,436452,30,6372,0.007779839914292097,0.007779839914292097
8791,434793,30,4713,0.007779164705425501,0.007779164705425501
8792,443427,30,13347,0.007777940947562456,0.007777940947562456
8793,409305,28,7897,0.007777748163789511,0.007777748163789511
8794,456445,31,12029,0.007777720224112272,0.007777720224112272
8795,440052,30,9972,0.007776835933327675,0.007776835933327675
8796,432099,30,2019,0.0077764797024428844,0.0077764797024428844
8797,447777,31,3361,0.0077763209119439125,0.0077763209119439125
8798,432609,30,2529,0.007776001002639532,0.007776001002639532
8799,431618,30,1538,0.007775626610964537,0.007775626610964537
8800,453698,31,9282,0.0077754841186106205,0.0077754841186106205
8801,455269,31,10853,0.007775261998176575,0.007775261998176575
8802,432432,30,2352,0.007774447090923786,0.007774447090923786
8803,409922,28,8514,0.007774078752845526,0.007774078752845526
8804,450147,31,5731,0.007774026598781347,0.007774026598781347
8805,417457,29,1713,0.007772934623062611,0.007772934623062611
8806,434280,30,4200,0.0077722640708088875,0.0077722640708088875
8807,444229,30,14149,0.007771520875394344,0.007771520875394344
8808,264411,18,6363,0.0077708568423986435,0.0077708568423986435
8809,457544,31,13128,0.007770240306854248,0.007770240306854248
8810,429609,29,13865,0.007770183030515909,0.007770183030515909
8811,435437,30,5357,0.0077696070075035095,0.0077696070075035095
8812,449007,31,4591,0.007769464049488306,0.007769464049488306
8813,450330,31,5914,0.0077689276076853275,0.0077689276076853275
8814,431075,30,995,0.007768412586301565,0.007768412586301565
8815,306365,21,5309,0.007766970433294773,0.007766970433294773
8816,409713,28,8305,0.007766017224639654,0.007766017224639654
8817,326199,22,10807,0.007765599060803652,0.007765599060803652
8818,425184,29,9440,0.007765534799546003,0.007765534799546003
8819,450481,31,6065,0.007764862850308418,0.007764862850308418
8820,431370,30,1290,0.007764721754938364,0.007764721754938364
8821,384588,26,11852,0.007764696609228849,0.007764696609228849
8822,457829,31,13413,0.0077644893899559975,0.0077644893899559975
8823,443208,30,13128,0.007764439098536968,0.007764439098536968
8824,434876,30,4796,0.007763151079416275,0.007763151079416275
8825,365682,25,7282,0.007762137800455093,0.007762137800455093
8826,414027,28,12619,0.007762102875858545,0.007762102875858545
8827,425774,29,10030,0.007761589717119932,0.007761589717119932
8828,440388,30,10308,0.007761114742606878,0.007761114742606878
8829,442724,30,12644,0.007760271430015564,0.007760271430015564
8830,408670,28,7262,0.007759987376630306,0.007759987376630306
8831,242798,16,13422,0.007759963162243366,0.007759963162243366
8832,441595,30,11515,0.007759864442050457,0.007759864442050457
8833,418268,29,2524,0.007759655825793743,0.007759655825793743
8834,406867,28,5459,0.007759008090943098,0.007759008090943098
8835,449720,31,5304,0.007758882828056812,0.007758882828056812
8836,398098,27,11026,0.007758405990898609,0.007758405990898609
8837,435153,30,5073,0.007758404593914747,0.007758404593914747
8838,450669,31,6253,0.007758010178804398,0.007758010178804398
8839,454329,31,9913,0.007756802719086409,0.007756802719086409
8840,450957,31,6541,0.007756453473120928,0.007756453473120928
8841,402773,28,1365,0.0077562336809933186,0.0077562336809933186
8842,456683,31,12267,0.007755001541227102,0.007755001541227102
8843,444188,30,14108,0.0077549731358885765,0.0077549731358885765
8844,443325,30,13245,0.007754780817776918,0.007754780817776918
8845,442083,30,12003,0.007754767779260874,0.007754767779260874
8846,418169,29,2425,0.007754168473184109,0.007754168473184109
8847,452178,31,7762,0.007754009682685137,0.007754009682685137
8848,431014,30,934,0.007753700949251652,0.007753700949251652
8849,440823,30,10743,0.007753695361316204,0.007753695361316204
8850,220719,15,5679,0.00775334844365716,0.00775334844365716
8851,444793,31,377,0.007753309328109026,0.007753309328109026
8852,436622,30,6542,0.007753259968012571,0.007753259968012571
8853,432384,30,2304,0.0077516124583780766,0.0077516124583780766
8854,408073,28,6665,0.00775152537971735,0.00775152537971735
8855,448876,31,4460,0.007751180324703455,0.007751180324703455
8856,422539,29,6795,0.007751099299639463,0.007751099299639463
8857,403474,28,2066,0.007749621756374836,0.007749621756374836
8858,421960,29,6216,0.007749506738036871,0.007749506738036871
8859,450656,31,6240,0.007749093230813742,0.007749093230813742
8860,452530,31,8114,0.007748629432171583,0.007748629432171583
8861,456070,31,11654,0.0077481637708842754,0.0077481637708842754
8862,419122,29,3378,0.0077476524747908115,0.0077476524747908115
8863,453423,31,9007,0.007745970040559769,0.007745970040559769
8864,446800,31,2384,0.007745598908513784,0.007745598908513784
8865,443255,30,13175,0.007745462004095316,0.007745462004095316
8866,456657,31,12241,0.007745194714516401,0.007745194714516401
8867,294272,20,7552,0.007744880858808756,0.007744880858808756
8868,432183,30,2103,0.0077447970397770405,0.0077447970397770405
8869,453019,31,8603,0.00774452555924654,0.00774452555924654
8870,424054,29,8310,0.007744282018393278,0.007744282018393278
8871,449635,31,5219,0.007744001690298319,0.007744001690298319
8872,429748,29,14004,0.007743902038782835,0.007743902038782835
8873,442531,30,12451,0.007743010763078928,0.007743010763078928
8874,446442,31,2026,0.007742870599031448,0.007742870599031448
8875,415989,29,245,0.007742858026176691,0.007742858026176691
8876,421218,29,5474,0.007742756977677345,0.007742756977677345
8877,431445,30,1365,0.007742730434983969,0.007742730434983969
8878,443673,30,13593,0.007741469424217939,0.007741469424217939
8879,458191,31,13775,0.007740844041109085,0.007740844041109085
8880,443248,30,13168,0.007740537170320749,0.007740537170320749
8881,448087,31,3671,0.007739298511296511,0.007739298511296511
8882,405909,28,4501,0.007739212363958359,0.007739212363958359
8883,451009,31,6593,0.007737879175692797,0.007737879175692797
8884,457989,31,13573,0.0077378712594509125,0.0077378712594509125
8885,455026,31,10610,0.007737628184258938,0.007737628184258938
8886,432021,30,1941,0.007737553212791681,0.007737553212791681
8887,435648,30,5568,0.007736844941973686,0.007736844941973686
8888,435770,30,5690,0.007736116647720337,0.007736116647720337
8889,454276,31,9860,0.0077354940585792065,0.0077354940585792065
8890,425503,29,9759,0.007734893821179867,0.007734893821179867
8891,453401,31,8985,0.0077346935868263245,0.0077346935868263245
8892,443034,30,12954,0.007734650280326605,0.007734650280326605
8893,412259,28,10851,0.007734441664069891,0.007734441664069891
8894,450636,31,6220,0.007733247242867947,0.007733247242867947
8895,439303,30,9223,0.007732730824500322,0.007732730824500322
8896,423340,29,7596,0.00773211196064949,0.00773211196064949
8897,449885,31,5469,0.007731285411864519,0.007731285411864519
8898,457683,31,13267,0.0077310586348176,0.0077310586348176
8899,437895,30,7815,0.007729831617325544,0.007729831617325544
8900,450906,31,6490,0.007728910073637962,0.007728910073637962
8901,380614,26,7878,0.007728906814008951,0.007728906814008951
8902,411951,28,10543,0.007728592026978731,0.007728592026978731
8903,429586,29,13842,0.007727768272161484,0.007727768272161484
8904,438580,30,8500,0.007727698422968388,0.007727698422968388
8905,441004,30,10924,0.00772714102640748,0.00772714102640748
8906,446817,31,2401,0.0077270884066820145,0.0077270884066820145
8907,454830,31,10414,0.007726044859737158,0.007726044859737158
8908,437173,30,7093,0.007725841831415892,0.007725841831415892
8909,321798,22,6406,0.007724871393293142,0.007724871393293142
8910,435074,30,4994,0.007724303286522627,0.007724303286522627
8911,345683,24,1619,0.00772384088486433,0.00772384088486433
8912,437188,30,7108,0.007723556365817785,0.007723556365817785
8913,410344,28,8936,0.007721703965216875,0.007721703965216875
8914,444398,30,14318,0.007721227593719959,0.007721227593719959
8915,332441,23,2713,0.007721148431301117,0.007721148431301117
8916,421428,29,5684,0.007721073925495148,0.007721073925495148
8917,415611,28,14203,0.007718762848526239,0.007718762848526239
8918,443482,30,13402,0.007718231063336134,0.007718231063336134
8919,458532,31,14116,0.0077181593514978886,0.0077181593514978886
8920,241904,16,12528,0.007718037813901901,0.007718037813901901
8921,288124,20,1404,0.007717931643128395,0.007717931643128395
8922,416408,29,664,0.007716774474829435,0.007716774474829435
8923,436119,30,6039,0.007715500891208649,0.007715500891208649
8924,436933,30,6853,0.007715338375419378,0.007715338375419378
8925,436475,30,6395,0.007715312298387289,0.007715312298387289
8926,401584,28,176,0.007715105079114437,0.007715105079114437
8927,439708,30,9628,0.007714895531535149,0.007714895531535149
8928,404721,28,3313,0.007714630104601383,0.007714630104601383
8929,451794,31,7378,0.007714603096246719,0.007714603096246719
8930,445736,31,1320,0.007714587729424238,0.007714587729424238
8931,409680,28,8272,0.007714244071394205,0.007714244071394205
8932,439195,30,9115,0.007713134400546551,0.007713134400546551
8933,458166,31,13750,0.0077128163538873196,0.0077128163538873196
8934,433810,30,3730,0.007712376769632101,0.007712376769632101
8935,457413,31,12997,0.007712374906986952,0.007712374906986952
8936,456331,31,11915,0.0077115437015891075,0.0077115437015891075
8937,452083,31,7667,0.007711346726864576,0.007711346726864576
8938,410568,28,9160,0.0077112093567848206,0.0077112093567848206
8939,452045,31,7629,0.0077109672129154205,0.0077109672129154205
8940,177053,12,5021,0.007710867095738649,0.007710867095738649
8941,446363,31,1947,0.007710735313594341,0.007710735313594341
8942,371091,25,12691,0.007709919009357691,0.007709919009357691
8943,453189,31,8773,0.00770920654758811,0.00770920654758811
8944,426936,29,11192,0.007708409335464239,0.007708409335464239
8945,443697,30,13617,0.007708349730819464,0.007708349730819464
8946,448747,31,4331,0.007708255667239428,0.007708255667239428
8947,433861,30,3781,0.0077077727764844894,0.0077077727764844894
8948,350456,24,6392,0.007707362528890371,0.007707362528890371
8949,420246,29,4502,0.007706571836024523,0.007706571836024523
8950,405006,28,3598,0.007706406991928816,0.007706406991928816
8951,398629,27,11557,0.00770631292834878,0.00770631292834878
8952,428499,29,12755,0.007706002332270145,0.007706002332270145
8953,436416,30,6336,0.0077059390023350716,0.0077059390023350716
8954,436178,30,6098,0.007705863565206528,0.007705863565206528
8955,427414,29,11670,0.007705290801823139,0.007705290801823139
8956,438327,30,8247,0.007705111987888813,0.007705111987888813
8957,418372,29,2628,0.007705077528953552,0.007705077528953552
8958,444033,30,13953,0.00770485820248723,0.00770485820248723
8959,403838,28,2430,0.007704011630266905,0.007704011630266905
8960,432488,30,2408,0.007703900337219238,0.007703900337219238
8961,424136,29,8392,0.0077037690207362175,0.0077037690207362175
8962,453504,31,9088,0.007702944800257683,0.007702944800257683
8963,433668,30,3588,0.007702934090048075,0.007702934090048075
8964,453434,31,9018,0.007702843751758337,0.007702843751758337
8965,441791,30,11711,0.007701783441007137,0.007701783441007137
8966,431575,30,1495,0.007701534312218428,0.007701534312218428
8967,458113,31,13697,0.007701519876718521,0.007701519876718521
8968,455770,31,11354,0.0077014039270579815,0.0077014039270579815
8969,424632,29,8888,0.007700797636061907,0.007700797636061907
8970,387374,27,302,0.0077007729560136795,0.0077007729560136795
8971,378248,26,5512,0.007700593210756779,0.007700593210756779
8972,456940,31,12524,0.007700019516050816,0.007700019516050816
8973,417886,29,2142,0.007698222994804382,0.007698222994804382
8974,429054,29,13310,0.007697896100580692,0.007697896100580692
8975,412192,28,10784,0.007697283755987883,0.007697283755987883
8976,443507,30,13427,0.007696063723415136,0.007696063723415136
8977,415449,28,14041,0.007695328909903765,0.007695328909903765
8978,447314,31,2898,0.0076952422969043255,0.0076952422969043255
8979,452814,31,8398,0.007694904692471027,0.007694904692471027
8980,353053,24,8989,0.00769456010311842,0.00769456010311842
8981,454170,31,9754,0.007693666033446789,0.007693666033446789
8982,443022,30,12942,0.007693400606513023,0.007693400606513023
8983,452454,31,8038,0.0076929195784032345,0.0076929195784032345
8984,406846,28,5438,0.007692907936871052,0.007692907936871052
8985,446942,31,2526,0.007692817132920027,0.007692817132920027
8986,403918,28,2510,0.007692128419876099,0.007692128419876099
8987,397145,27,10073,0.007691949140280485,0.007691949140280485
8988,433641,30,3561,0.007691548205912113,0.007691548205912113
8989,430297,30,217,0.007691200822591782,0.007691200822591782
8990,431290,30,1210,0.007691137958317995,0.007691137958317995
8991,358968,25,568,0.007691104430705309,0.007691104430705309
8992,352994,24,8930,0.007690947502851486,0.007690947502851486
8993,432487,30,2407,0.007690854836255312,0.007690854836255312
8994,456832,31,12416,0.007689798250794411,0.007689798250794411
8995,452810,31,8394,0.007689547725021839,0.007689547725021839
8996,458067,31,13651,0.00768929161131382,0.00768929161131382
8997,449634,31,5218,0.007688276469707489,0.007688276469707489
8998,447473,31,3057,0.007688222452998161,0.007688222452998161
8999,435792,30,5712,0.0076879593543708324,0.0076879593543708324
9000,435775,30,5695,0.0076879095286130905,0.0076879095286130905
9001,453290,31,8874,0.007687479257583618,0.007687479257583618
9002,452722,31,8306,0.007687155622988939,0.007687155622988939
9003,449648,31,5232,0.007687093690037727,0.007687093690037727
9004,441498,30,11418,0.007687065750360489,0.007687065750360489
9005,442239,30,12159,0.00768496748059988,0.00768496748059988
9006,303040,21,1984,0.007684815209358931,0.007684815209358931
9007,458564,31,14148,0.007684644311666489,0.007684644311666489
9008,406600,28,5192,0.007684357464313507,0.007684357464313507
9009,336178,23,6450,0.007683608680963516,0.007683608680963516
9010,410064,28,8656,0.007683517877012491,0.007683517877012491
9011,433942,30,3862,0.007683408446609974,0.007683408446609974
9012,252634,17,8922,0.007683378178626299,0.007683378178626299
9013,394847,27,7775,0.0076827481389045715,0.0076827481389045715
9014,430764,30,684,0.007682419382035732,0.007682419382035732
9015,449764,31,5348,0.007681984454393387,0.007681984454393387
9016,438216,30,8136,0.007681895978748798,0.007681895978748798
9017,435813,30,5733,0.007681232411414385,0.007681232411414385
9018,380684,26,7948,0.007680952548980713,0.007680952548980713
9019,451946,31,7530,0.007680893409997225,0.007680893409997225
9020,402988,28,1580,0.007680889219045639,0.007680889219045639
9021,456748,31,12332,0.007680746726691723,0.007680746726691723
9022,456892,31,12476,0.007679442409425974,0.007679442409425974
9023,444592,31,176,0.007678391877561808,0.007678391877561808
9024,458103,31,13687,0.0076782796531915665,0.0076782796531915665
9025,366163,25,7763,0.007677115499973297,0.007677115499973297
9026,391733,27,4661,0.0076759145595133305,0.0076759145595133305
9027,434165,30,4085,0.007674592547118664,0.007674592547118664
9028,453439,31,9023,0.007674298249185085,0.007674298249185085
9029,432174,30,2094,0.007674227003008127,0.007674227003008127
9030,445585,31,1169,0.007673545274883509,0.007673545274883509
9031,422393,29,6649,0.007673532702028751,0.007673532702028751
9032,447813,31,3397,0.007673273328691721,0.007673273328691721
9033,449972,31,5556,0.0076731727458536625,0.0076731727458536625
9034,454116,31,9700,0.007672976236790419,0.007672976236790419
9035,348521,24,4457,0.007672965060919523,0.007672965060919523
9036,458305,31,13889,0.007672713603824377,0.007672713603824377
9037,457907,31,13491,0.007672341074794531,0.007672341074794531
9038,382653,26,9917,0.00767138646915555,0.00767138646915555
9039,442603,30,12523,0.007670973427593708,0.007670973427593708
9040,402928,28,1520,0.007670600898563862,0.007670600898563862
9041,428740,29,12996,0.007670562248677015,0.007670562248677015
9042,450479,31,6063,0.007670433260500431,0.007670433260500431
9043,455898,31,11482,0.007670138962566853,0.007670138962566853
9044,455522,31,11106,0.007669356185942888,0.007669356185942888
9045,368248,25,9848,0.007669351063668728,0.007669351063668728
9046,423757,29,8013,0.007668786682188511,0.007668786682188511
9047,421242,29,5498,0.007668545003980398,0.007668545003980398
9048,457765,31,13349,0.00766849284991622,0.00766849284991622
9049,431728,30,1648,0.00766783719882369,0.00766783719882369
9050,409110,28,7702,0.0076677314937114716,0.0076677314937114716
9051,365773,25,7373,0.007667530328035355,0.007667530328035355
9052,404837,28,3429,0.007667293772101402,0.007667293772101402
9053,359141,25,741,0.00766728026792407,0.00766728026792407
9054,457594,31,13178,0.007666965015232563,0.007666965015232563
9055,191938,13,5570,0.007666603662073612,0.007666603662073612
9056,441892,30,11812,0.007666056510061026,0.007666056510061026
9057,283786,19,11402,0.007665857207030058,0.007665857207030058
9058,370934,25,12534,0.007665501441806555,0.007665501441806555
9059,455992,31,11576,0.007665041368454695,0.007665041368454695
9060,430655,30,575,0.007665032986551523,0.007665032986551523
9061,439231,30,9151,0.007664204575121403,0.007664204575121403
9062,447396,31,2980,0.0076638744212687016,0.0076638744212687016
9063,345189,24,1125,0.007662238087505102,0.007662238087505102
9064,339710,23,9982,0.0076622008346021175,0.0076622008346021175
9065,431900,30,1820,0.007661174051463604,0.007661174051463604
9066,457883,31,13467,0.0076607451774179935,0.0076607451774179935
9067,452995,31,8579,0.0076604741625487804,0.0076604741625487804
9068,394006,27,6934,0.007658705115318298,0.007658705115318298
9069,414968,28,13560,0.007658563554286957,0.007658563554286957
9070,423697,29,7953,0.0076581561006605625,0.0076581561006605625
9071,456761,31,12345,0.007658027112483978,0.007658027112483978
9072,440106,30,10026,0.00765772070735693,0.00765772070735693
9073,329533,22,14141,0.007657363545149565,0.007657363545149565
9074,441688,30,11608,0.007657169830054045,0.007657169830054045
9075,406031,28,4623,0.0076568215154111385,0.0076568215154111385
9076,446300,31,1884,0.007656268775463104,0.007656268775463104
9077,275495,19,3111,0.007656124420464039,0.007656124420464039
9078,436785,30,6705,0.007655793335288763,0.007655793335288763
9079,438873,30,8793,0.007655722089111805,0.007655722089111805
9080,451869,31,7453,0.007655424065887928,0.007655424065887928
9081,436843,30,6763,0.007655243389308453,0.007655243389308453
9082,391890,27,4818,0.00765507947653532,0.00765507947653532
9083,458718,31,14302,0.007654605433344841,0.007654605433344841
9084,458549,31,14133,0.007653484120965004,0.007653484120965004
9085,458154,31,13738,0.007653172593563795,0.007653172593563795
9086,450984,31,6568,0.007652156986296177,0.007652156986296177
9087,420695,29,4951,0.007651905529201031,0.007651905529201031
9088,458280,31,13864,0.0076515888795256615,0.0076515888795256615
9089,432046,30,1966,0.00765097513794899,0.00765097513794899
9090,450748,31,6332,0.007650915998965502,0.007650915998965502
9091,429969,29,14225,0.007650332525372505,0.007650332525372505
9092,433460,30,3380,0.007649773731827736,0.007649773731827736
9093,458134,31,13718,0.0076495870016515255,0.0076495870016515255
9094,409691,28,8283,0.007649404928088188,0.007649404928088188
9095,438592,30,8512,0.007648910861462355,0.007648910861462355
9096,456618,31,12202,0.0076481676660478115,0.0076481676660478115
9097,445711,31,1295,0.007648050785064697,0.007648050785064697
9098,449046,31,4630,0.007647682446986437,0.007647682446986437
9099,434095,30,4015,0.0076476032845675945,0.0076476032845675945
9100,451076,31,6660,0.007647290360182524,0.007647290360182524
9101,441865,30,11785,0.007647166959941387,0.007647166959941387
9102,430965,30,885,0.007645841687917709,0.007645841687917709
9103,398337,27,11265,0.007645573001354933,0.007645573001354933
9104,442894,30,12814,0.007645146921277046,0.007645146921277046
9105,444562,31,146,0.0076446630991995335,0.0076446630991995335
9106,437305,30,7225,0.00764459976926446,0.00764459976926446
9107,413101,28,11693,0.007643988821655512,0.007643988821655512
9108,442958,30,12878,0.0076434616930782795,0.0076434616930782795
9109,397481,27,10409,0.007642117794603109,0.007642117794603109
9110,401263,27,14191,0.007642008829861879,0.007642008829861879
9111,404551,28,3143,0.007641379255801439,0.007641379255801439
9112,347262,24,3198,0.0076413508504629135,0.0076413508504629135
9113,346777,24,2713,0.007640664931386709,0.007640664931386709
9114,421686,29,5942,0.007640154100954533,0.007640154100954533
9115,433229,30,3149,0.007639724761247635,0.007639724761247635
9116,446952,31,2536,0.0076392884366214275,0.0076392884366214275
9117,455980,31,11564,0.007639286108314991,0.007639286108314991
9118,375826,26,3090,0.00763880368322134,0.00763880368322134
9119,447148,31,2732,0.007637412752956152,0.007637412752956152
9120,444549,31,133,0.007636858616024256,0.007636858616024256
9121,457629,31,13213,0.007636697962880135,0.007636697962880135
9122,420588,29,4844,0.007635979447513819,0.007635979447513819
9123,449423,31,5007,0.007635786663740873,0.007635786663740873
9124,420661,29,4917,0.007635293062776327,0.007635293062776327
9125,417071,29,1327,0.007635228335857391,0.007635228335857391
9126,410429,28,9021,0.007635048124939203,0.007635048124939203
9127,418952,29,3208,0.007634231820702553,0.007634231820702553
9128,455779,31,11363,0.0076339044608175755,0.0076339044608175755
9129,417317,29,1573,0.007633767556399107,0.007633767556399107
9130,415166,28,13758,0.007633693981915712,0.007633693981915712
9131,458656,31,14240,0.007632973603904247,0.007632973603904247
9132,315361,21,14305,0.007632408756762743,0.007632408756762743
9133,439490,30,9410,0.007632079999893904,0.007632079999893904
9134,449861,31,5445,0.007632048334926367,0.007632048334926367
9135,413525,28,12117,0.007631806191056967,0.007631806191056967
9136,428122,29,12378,0.00763049628585577,0.00763049628585577
9137,409933,28,8525,0.007629286032170057,0.007629286032170057
9138,448590,31,4174,0.007629107218235731,0.007629107218235731
9139,410060,28,8652,0.00762908486649394,0.00762908486649394
9140,421099,29,5355,0.007628954015672207,0.007628954015672207
9141,440904,30,10824,0.007628946099430323,0.007628946099430323
9142,241251,16,11875,0.007628772873431444,0.007628772873431444
9143,440464,30,10384,0.007628096267580986,0.007628096267580986
9144,453929,31,9513,0.007627672515809536,0.007627672515809536
9145,420368,29,4624,0.007627230137586594,0.007627230137586594
9146,251503,17,7791,0.007627061568200588,0.007627061568200588
9147,458444,31,14028,0.007626147475093603,0.007626147475093603
9148,442615,30,12535,0.007625700905919075,0.007625700905919075
9149,418616,29,2872,0.007625569589436054,0.007625569589436054
9150,430514,30,434,0.007624667603522539,0.007624667603522539
9151,433512,30,3432,0.007623955141752958,0.007623955141752958
9152,445101,31,685,0.007623792160302401,0.007623792160302401
9153,411646,28,10238,0.007623737212270498,0.007623737212270498
9154,440874,30,10794,0.007622080389410257,0.007622080389410257
9155,430921,30,841,0.007621425203979015,0.007621425203979015
9156,447275,31,2859,0.007621229160577059,0.007621229160577059
9157,448604,31,4188,0.007620631251484156,0.007620631251484156
9158,390301,27,3229,0.007619907148182392,0.007619907148182392
9159,265049,18,7001,0.0076196519657969475,0.0076196519657969475
9160,447553,31,3137,0.007617802359163761,0.007617802359163761
9161,433655,30,3575,0.007617391180247068,0.007617391180247068
9162,430167,30,87,0.007616649381816387,0.007616649381816387
9163,386465,26,13729,0.007616549264639616,0.007616549264639616
9164,405480,28,4072,0.007616146467626095,0.007616146467626095
9165,299761,20,13041,0.007615691050887108,0.007615691050887108
9166,453234,31,8818,0.007613895460963249,0.007613895460963249
9167,431853,30,1773,0.007612866349518299,0.007612866349518299
9168,449982,31,5566,0.007612795569002628,0.007612795569002628
9169,394252,27,7180,0.007612546440213919,0.007612546440213919
9170,445593,31,1177,0.007611446548253298,0.007611446548253298
9171,440133,30,10053,0.007610221393406391,0.007610221393406391
9172,434614,30,4534,0.007610146887600422,0.007610146887600422
9173,411355,28,9947,0.007610115688294172,0.007610115688294172
9174,441408,30,11328,0.0076100025326013565,0.0076100025326013565
9175,451983,31,7567,0.007609806954860687,0.007609806954860687
9176,343097,23,13369,0.007609690073877573,0.007609690073877573
9177,423113,29,7369,0.007609339896589518,0.007609339896589518
9178,359617,25,1217,0.007609126158058643,0.007609126158058643
9179,436939,30,6859,0.007609103340655565,0.007609103340655565
9180,449514,31,5098,0.007608840242028236,0.007608840242028236
9181,451269,31,6853,0.007608832325786352,0.007608832325786352
9182,447006,31,2590,0.0076087042689323425,0.0076087042689323425
9183,416390,29,646,0.007608394138514996,0.007608394138514996
9184,430735,30,655,0.00760778458788991,0.00760778458788991
9185,442212,30,12132,0.007607723120599985,0.007607723120599985
9186,440591,30,10511,0.007606436498463154,0.007606436498463154
9187,444131,30,14051,0.007606159429997206,0.007606159429997206
9188,422739,29,6995,0.007605415768921375,0.007605415768921375
9189,420844,29,5100,0.007605414371937513,0.007605414371937513
9190,444822,31,406,0.007605072110891342,0.007605072110891342
9191,421988,29,6244,0.007604771759361029,0.007604771759361029
9192,315218,21,14162,0.007604665122926235,0.007604665122926235
9193,425902,29,10158,0.007604196202009916,0.007604196202009916
9194,443822,30,13742,0.007603709120303392,0.007603709120303392
9195,435183,30,5103,0.007603075355291367,0.007603075355291367
9196,415797,29,53,0.007603073958307505,0.007603073958307505
9197,433895,30,3815,0.007602982223033905,0.007602982223033905
9198,449283,31,4867,0.007602812256664038,0.007602812256664038
9199,420534,29,4790,0.0076027256436645985,0.0076027256436645985
9200,411362,28,9954,0.007602696307003498,0.007602696307003498
9201,435995,30,5915,0.007602268364280462,0.007602268364280462
9202,434076,30,3996,0.007601956836879253,0.007601956836879253
9203,455159,31,10743,0.00760189862921834,0.00760189862921834
9204,437186,30,7106,0.007601863704621792,0.007601863704621792
9205,411329,28,9921,0.007601693272590637,0.007601693272590637
9206,444974,31,558,0.00760166859254241,0.00760166859254241
9207,422275,29,6531,0.007601667195558548,0.007601667195558548
9208,444627,31,211,0.007601333316415548,0.007601333316415548
9209,458068,31,13652,0.007601289078593254,0.007601289078593254
9210,450421,31,6005,0.007600952871143818,0.007600952871143818
9211,393081,27,6009,0.007600097917020321,0.007600097917020321
9212,451140,31,6724,0.007599718403071165,0.007599718403071165
9213,458481,31,14065,0.007599106524139643,0.007599106524139643
9214,185900,12,13868,0.007598769385367632,0.007598769385367632
9215,451307,31,6891,0.0075987158343195915,0.0075987158343195915
9216,445864,31,1448,0.0075986082665622234,0.0075986082665622234
9217,433177,30,3097,0.007597499527037144,0.007597499527037144
9218,406072,28,4664,0.007596540730446577,0.007596540730446577
9219,441299,30,11219,0.007596224080771208,0.007596224080771208
9220,345031,24,967,0.007595953531563282,0.007595953531563282
9221,334574,23,4846,0.007595490198582411,0.007595490198582411
9222,412777,28,11369,0.0075946347787976265,0.0075946347787976265
9223,341733,23,12005,0.007593571674078703,0.007593571674078703
9224,441196,30,11116,0.007593397982418537,0.007593397982418537
9225,456182,31,11766,0.007592572830617428,0.007592572830617428
9226,405341,28,3933,0.00759249459952116,0.00759249459952116
9227,445226,31,810,0.007592117413878441,0.007592117413878441
9228,328006,22,12614,0.00759192043915391,0.00759192043915391
9229,413000,28,11592,0.007590846158564091,0.007590846158564091
9230,401523,28,115,0.007590669207274914,0.007590669207274914
9231,456619,31,12203,0.0075906021520495415,0.0075906021520495415
9232,434511,30,4431,0.007590575143694878,0.007590575143694878
9233,444971,31,555,0.007590475492179394,0.007590475492179394
9234,441129,30,11049,0.007590068969875574,0.007590068969875574
9235,445072,31,656,0.007589729968458414,0.007589729968458414
9236,437171,30,7091,0.007589672226458788,0.007589672226458788
9237,452138,31,7722,0.007588749285787344,0.007588749285787344
9238,442324,30,12244,0.0075886910781264305,0.0075886910781264305
9239,398776,27,11704,0.007588309235870838,0.007588309235870838
9240,452986,31,8570,0.007588223088532686,0.007588223088532686
9241,431449,30,1369,0.007588215172290802,0.007588215172290802
9242,447139,31,2723,0.007588145323097706,0.007588145323097706
9243,452575,31,8159,0.007588065695017576,0.007588065695017576
9244,409142,28,7734,0.007587669882923365,0.007587669882923365
9245,354811,24,10747,0.00758760143071413,0.00758760143071413
9246,434292,30,4212,0.007587459869682789,0.007587459869682789
9247,453398,31,8982,0.00758708082139492,0.00758708082139492
9248,446236,31,1820,0.007586403284221888,0.007586403284221888
9249,401898,28,490,0.007586347404867411,0.007586347404867411
9250,445940,31,1524,0.007586115971207619,0.007586115971207619
9251,443104,30,13024,0.0075860279612243176,0.0075860279612243176
9252,423172,29,7428,0.0075857024639844894,0.0075857024639844894
9253,440074,30,9994,0.007585656829178333,0.007585656829178333
9254,425805,29,10061,0.007584891282021999,0.007584891282021999
9255,456264,31,11848,0.007584617473185062,0.007584617473185062
9256,421573,29,5829,0.007584272883832455,0.007584272883832455
9257,411873,28,10465,0.00758404890075326,0.00758404890075326
9258,327749,22,12357,0.007583983708173037,0.007583983708173037
9259,443235,30,13155,0.0075839608907699585,0.0075839608907699585
9260,454940,31,10524,0.007583945989608765,0.007583945989608765
9261,423762,29,8018,0.00758376345038414,0.00758376345038414
9262,445898,31,1482,0.007583575788885355,0.007583575788885355
9263,433215,30,3135,0.007583521772176027,0.007583521772176027
9264,456679,31,12263,0.0075832842849195,0.0075832842849195
9265,260662,18,2614,0.007583247032016516,0.007583247032016516
9266,446715,31,2299,0.007582520134747028,0.007582520134747028
9267,457828,31,13412,0.00758215319365263,0.00758215319365263
9268,372172,25,13772,0.007582009769976139,0.007582009769976139
9269,433100,30,3020,0.007581294979900122,0.007581294979900122
9270,442751,30,12671,0.007581139914691448,0.007581139914691448
9271,436182,30,6102,0.007581131067126989,0.007581131067126989
9272,435109,30,5029,0.00758082652464509,0.00758082652464509
9273,448810,31,4394,0.007580526638776064,0.007580526638776064
9274,443315,30,13235,0.007580394856631756,0.007580394856631756
9275,418593,29,2849,0.0075793578289449215,0.0075793578289449215
9276,428825,29,13081,0.007578065153211355,0.007578065153211355
9277,451463,31,7047,0.007577939424663782,0.007577939424663782
9278,456093,31,11677,0.007576721254736185,0.007576721254736185
9279,454295,31,9879,0.007576495409011841,0.007576495409011841
9280,422652,29,6908,0.007576273288577795,0.007576273288577795
9281,450747,31,6331,0.0075759985484182835,0.0075759985484182835
9282,445928,31,1512,0.007575808092951775,0.007575808092951775
9283,437015,30,6935,0.007575714960694313,0.007575714960694313
9284,333532,23,3804,0.007575316820293665,0.007575316820293665
9285,432150,30,2070,0.007574127521365881,0.007574127521365881
9286,428151,29,12407,0.0075739179737865925,0.0075739179737865925
9287,433622,30,3542,0.0075736078433692455,0.0075736078433692455
9288,456921,31,12505,0.0075719826854765415,0.0075719826854765415
9289,439323,30,9243,0.007571033202111721,0.007571033202111721
9290,454182,31,9766,0.007570438552647829,0.007570438552647829
9291,442614,30,12534,0.007570303976535797,0.007570303976535797
9292,442147,30,12067,0.0075701517052948475,0.0075701517052948475
9293,435950,30,5870,0.007570080924779177,0.007570080924779177
9294,450369,31,5953,0.0075697824358940125,0.0075697824358940125
9295,438176,30,8096,0.007569542154669762,0.007569542154669762
9296,417162,29,1418,0.007569458335638046,0.007569458335638046
9297,418600,29,2856,0.007568588014692068,0.007568588014692068
9298,448775,31,4359,0.007568110711872578,0.007568110711872578
9299,428435,29,12691,0.007567939814180136,0.007567939814180136
9300,436279,30,6199,0.007567874621599913,0.007567874621599913
9301,455817,31,11401,0.0075670029036700726,0.0075670029036700726
9302,447324,31,2908,0.007566746789962053,0.007566746789962053
9303,441591,30,11511,0.007566476706415415,0.007566476706415415
9304,452334,31,7918,0.007566316053271294,0.007566316053271294
9305,404169,28,2761,0.007565984036773443,0.007565984036773443
9306,342101,23,12373,0.007565957028418779,0.007565957028418779
9307,452331,31,7915,0.007565920706838369,0.007565920706838369
9308,417368,29,1624,0.007565807085484266,0.007565807085484266
9309,429010,29,13266,0.007564685307443142,0.007564685307443142
9310,445749,31,1333,0.007564622443169355,0.007564622443169355
9311,453624,31,9208,0.007564371917396784,0.007564371917396784
9312,360626,25,2226,0.007564329542219639,0.007564329542219639
9313,415828,29,84,0.007562577724456787,0.007562577724456787
9314,422355,29,6611,0.007562335580587387,0.007562335580587387
9315,433612,30,3532,0.007562258746474981,0.007562258746474981
9316,389795,27,2723,0.0075622377917170525,0.0075622377917170525
9317,144213,10,853,0.007561965379863977,0.007561965379863977
9318,365667,25,7267,0.007561709266155958,0.007561709266155958
9319,432171,30,2091,0.007560666650533676,0.007560666650533676
9320,443579,30,13499,0.007560598663985729,0.007560598663985729
9321,416073,29,329,0.0075603355653584,0.0075603355653584
9322,449022,31,4606,0.007560255937278271,0.007560255937278271
9323,408713,28,7305,0.0075602238066494465,0.0075602238066494465
9324,444479,31,63,0.007559983991086483,0.007559983991086483
9325,415910,29,166,0.007559966761618853,0.007559966761618853
9326,440412,30,10332,0.00755978561937809,0.00755978561937809
9327,451992,31,7576,0.007558912504464388,0.007558912504464388
9328,437200,30,7120,0.007558545563369989,0.007558545563369989
9329,450942,31,6526,0.007558331824839115,0.007558331824839115
9330,435754,30,5674,0.007557138800621033,0.007557138800621033
9331,440155,30,10075,0.007557068485766649,0.007557068485766649
9332,446107,31,1691,0.0075569236651062965,0.0075569236651062965
9333,292130,20,5410,0.007556105963885784,0.007556105963885784
9334,457494,31,13078,0.007555939722806215,0.007555939722806215
9335,408618,28,7210,0.007555623073130846,0.007555623073130846
9336,429152,29,13408,0.007555299438536167,0.007555299438536167
9337,457775,31,13359,0.007554627489298582,0.007554627489298582
9338,310002,21,8946,0.007554624695330858,0.007554624695330858
9339,448352,31,3936,0.007554545998573303,0.007554545998573303
9340,450941,31,6525,0.007553232833743095,0.007553232833743095
9341,456584,31,12168,0.007552891504019499,0.007552891504019499
9342,439216,30,9136,0.007552729453891516,0.007552729453891516
9343,457529,31,13113,0.0075522540137171745,0.0075522540137171745
9344,423119,29,7375,0.007552113849669695,0.007552113849669695
9345,281155,19,8771,0.007551916409283876,0.007551916409283876
9346,452370,31,7954,0.0075519029051065445,0.0075519029051065445
9347,444013,30,13933,0.007551563438028097,0.007551563438028097
9348,421968,29,6224,0.007551532704383135,0.007551532704383135
9349,431649,30,1569,0.007551151793450117,0.007551151793450117
9350,445000,31,584,0.007548353634774685,0.007548353634774685
9351,334022,23,4294,0.007547508925199509,0.007547508925199509
9352,432153,30,2073,0.007547159679234028,0.007547159679234028
9353,455355,31,10939,0.007546905893832445,0.007546905893832445
9354,360484,25,2084,0.007546858862042427,0.007546858862042427
9355,392496,27,5424,0.007546740118414164,0.007546740118414164
9356,444512,31,96,0.007545475382357836,0.007545475382357836
9357,423849,29,8105,0.007544450927525759,0.007544450927525759
9358,452183,31,7767,0.007544307969510555,0.007544307969510555
9359,200779,14,75,0.0075440360233187675,0.0075440360233187675
9360,455967,31,11551,0.007543636951595545,0.007543636951595545
9361,422001,29,6257,0.007543269079178572,0.007543269079178572
9362,445173,31,757,0.007542923558503389,0.007542923558503389
9363,424128,29,8384,0.007542809471487999,0.007542809471487999
9364,449834,31,5418,0.007541862782090902,0.007541862782090902
9365,394176,27,7104,0.0075414120219647884,0.0075414120219647884
9366,445820,31,1404,0.007541146129369736,0.007541146129369736
9367,400795,27,13723,0.0075400290079414845,0.0075400290079414845
9368,451466,31,7050,0.007539829704910517,0.007539829704910517
9369,430938,30,858,0.007538992911577225,0.007538992911577225
9370,449988,31,5572,0.00753892632201314,0.00753892632201314
9371,451072,31,6656,0.007538835052400827,0.007538835052400827
9372,448344,31,3928,0.007538794539868832,0.007538794539868832
9373,438660,30,8580,0.007538689766079187,0.007538689766079187
9374,453811,31,9395,0.007538443431258202,0.007538443431258202
9375,404963,28,3555,0.007538324687629938,0.007538324687629938
9376,397743,27,10671,0.00753812538459897,0.00753812538459897
9377,452596,31,8180,0.0075381058268249035,0.0075381058268249035
9378,421694,29,5950,0.007538051810115576,0.007538051810115576
9379,421867,29,6123,0.00753796985372901,0.00753796985372901
9380,401845,28,437,0.007537588942795992,0.007537588942795992
9381,434459,30,4379,0.007536649238318205,0.007536649238318205
9382,430408,30,328,0.007536578923463821,0.007536578923463821
9383,418657,29,2913,0.007536401506513357,0.007536401506513357
9384,448179,31,3763,0.007535293698310852,0.007535293698310852
9385,437732,30,7652,0.007535258773714304,0.007535258773714304
9386,390761,27,3689,0.007534971460700035,0.007534971460700035
9387,453662,31,9246,0.007534827571362257,0.007534827571362257
9388,429581,29,13837,0.00753389997407794,0.00753389997407794
9389,432635,30,2555,0.007533542346209288,0.007533542346209288
9390,433316,30,3236,0.00753351766616106,0.00753351766616106
9391,437499,30,7419,0.007533110212534666,0.007533110212534666
9392,451653,31,7237,0.007532656192779541,0.007532656192779541
9393,429631,29,13887,0.007532008923590183,0.007532008923590183
9394,435976,30,5896,0.007532005663961172,0.007532005663961172
9395,449551,31,5135,0.007530172821134329,0.007530172821134329
9396,454948,31,10532,0.007529600523412228,0.007529600523412228
9397,457974,31,13558,0.007528949528932571,0.007528949528932571
9398,331844,23,2116,0.007528765592724085,0.007528765592724085
9399,326498,22,11106,0.007528042420744896,0.007528042420744896
9400,435362,30,5282,0.007527702488005161,0.007527702488005161
9401,439155,30,9075,0.007527205161750317,0.007527205161750317
9402,445438,31,1022,0.007526588626205921,0.007526588626205921
9403,374292,26,1556,0.007526004686951637,0.007526004686951637
9404,400201,27,13129,0.007524831220507622,0.007524831220507622
9405,455960,31,11544,0.007524595130234957,0.007524595130234957
9406,454676,31,10260,0.007524374406784773,0.007524374406784773
9407,442548,30,12468,0.0075240121223032475,0.0075240121223032475
9408,447575,31,3159,0.0075238426215946674,0.0075238426215946674
9409,452559,31,8143,0.007523623760789633,0.007523623760789633
9410,448364,31,3948,0.007523464970290661,0.007523464970290661
9411,453852,31,9436,0.007523453328758478,0.007523453328758478
9412,451283,31,6867,0.007523444015532732,0.007523444015532732
9413,442834,30,12754,0.007523165550082922,0.007523165550082922
9414,379580,26,6844,0.007522506173700094,0.007522506173700094
9415,408072,28,6664,0.007522504311054945,0.007522504311054945
9416,424058,29,8314,0.007521054707467556,0.007521054707467556
9417,453016,31,8600,0.007520543877035379,0.007520543877035379
9418,430205,30,125,0.007519955281168222,0.007519955281168222
9419,441342,30,11262,0.00751974293962121,0.00751974293962121
9420,428202,29,12458,0.007519406732171774,0.007519406732171774
9421,412571,28,11163,0.007518939208239317,0.007518939208239317
9422,437988,30,7908,0.00751877948641777,0.00751877948641777
9423,333864,23,4136,0.0075187380425632,0.0075187380425632
9424,438373,30,8293,0.007518662139773369,0.007518662139773369
9425,426852,29,11108,0.007518555968999863,0.007518555968999863
9426,446573,31,2157,0.0075183045119047165,0.0075183045119047165
9427,446092,31,1676,0.007517598103731871,0.007517598103731871
9428,439206,30,9126,0.007517283316701651,0.007517283316701651
9429,447347,31,2931,0.00751709146425128,0.00751709146425128
9430,180229,12,8197,0.007517057005316019,0.007517057005316019
9431,319593,22,4201,0.007516972720623016,0.007516972720623016
9432,333251,23,3523,0.007516840007156134,0.007516840007156134
9433,361484,25,3084,0.007516371551901102,0.007516371551901102
9434,444455,31,39,0.007516371086239815,0.007516371086239815
9435,441716,30,11636,0.007516202051192522,0.007516202051192522
9436,422651,29,6907,0.007515305187553167,0.007515305187553167
9437,416507,29,763,0.007512202486395836,0.007512202486395836
9438,458451,31,14035,0.0075114453211426735,0.0075114453211426735
9439,458623,31,14207,0.007511373143643141,0.007511373143643141
9440,444395,30,14315,0.007511039264500141,0.007511039264500141
9441,432158,30,2078,0.007510230876505375,0.007510230876505375
9442,446916,31,2500,0.007509719114750624,0.007509719114750624
9443,452477,31,8061,0.0075093600898981094,0.0075093600898981094
9444,443560,30,13480,0.007508624345064163,0.007508624345064163
9445,421866,29,6122,0.007508519105613232,0.007508519105613232
9446,411372,28,9964,0.007508071139454842,0.007508071139454842
9447,445201,31,785,0.0075072720646858215,0.0075072720646858215
9448,425909,29,10165,0.00750722037628293,0.00750722037628293
9449,447771,31,3355,0.007507004775106907,0.007507004775106907
9450,417355,29,1611,0.0075065139681100845,0.0075065139681100845
9451,422211,29,6467,0.007506119552999735,0.007506119552999735
9452,445706,31,1290,0.007504910696297884,0.007504910696297884
9453,444609,31,193,0.007504709530621767,0.007504709530621767
9454,408270,28,6862,0.007503901608288288,0.007503901608288288
9455,458512,31,14096,0.007503899745643139,0.007503899745643139
9456,350730,24,6666,0.0075036040507256985,0.0075036040507256985
9457,457502,31,13086,0.007503228262066841,0.007503228262066841
9458,424510,29,8766,0.007503216620534658,0.007503216620534658
9459,443247,30,13167,0.007503161206841469,0.007503161206841469
9460,452306,31,7890,0.007502937223762274,0.007502937223762274
9461,435912,30,5832,0.007502635475248098,0.007502635475248098
9462,399905,27,12833,0.00750192254781723,0.00750192254781723
9463,410560,28,9152,0.007501551415771246,0.007501551415771246
9464,312818,21,11762,0.007501355838030577,0.007501355838030577
9465,444160,30,14080,0.007501272018998861,0.007501272018998861
9466,430952,30,872,0.007501034531742334,0.007501034531742334
9467,448487,31,4071,0.007501021958887577,0.007501021958887577
9468,452385,31,7969,0.007500963285565376,0.007500963285565376
9469,448468,31,4052,0.00750089343637228,0.00750089343637228
9470,408043,28,6635,0.007500453852117062,0.007500453852117062
9471,447115,31,2699,0.007500450126826763,0.007500450126826763
9472,453585,31,9169,0.007499764673411846,0.007499764673411846
9473,448409,31,3993,0.007498832885175943,0.007498832885175943
9474,399900,27,12828,0.00749867781996727,0.00749867781996727
9475,428436,29,12692,0.007498203311115503,0.007498203311115503
9476,451337,31,6921,0.007496566977351904,0.007496566977351904
9477,373770,26,1034,0.007495709229260683,0.007495709229260683
9478,453958,31,9542,0.007495436351746321,0.007495436351746321
9479,420472,29,4728,0.0074949124827980995,0.0074949124827980995
9480,373161,26,425,0.0074942875653505325,0.0074942875653505325
9481,423642,29,7898,0.007494162768125534,0.007494162768125534
9482,422950,29,7206,0.00749390572309494,0.00749390572309494
9483,448176,31,3760,0.007493499666452408,0.007493499666452408
9484,458203,31,13787,0.007493040524423122,0.007493040524423122
9485,444573,31,157,0.0074925473891198635,0.0074925473891198635
9486,356537,24,12473,0.007491342723369598,0.007491342723369598
9487,449123,31,4707,0.007491323631256819,0.007491323631256819
9488,307299,21,6243,0.0074910447001457214,0.0074910447001457214
9489,416313,29,569,0.007490299642086029,0.007490299642086029
9490,444018,30,13938,0.007490092888474464,0.007490092888474464
9491,445697,31,1281,0.007489991839975119,0.007489991839975119
9492,433125,30,3045,0.007489586248993874,0.007489586248993874
9493,414991,28,13583,0.007489403244107962,0.007489403244107962
9494,202291,14,1587,0.0074891080148518085,0.0074891080148518085
9495,451878,31,7462,0.0074883452616631985,0.0074883452616631985
9496,454665,31,10249,0.007487858645617962,0.007487858645617962
9497,449245,31,4829,0.00748769287019968,0.00748769287019968
9498,454011,31,9595,0.007487399969249964,0.007487399969249964
9499,161954,11,4258,0.007487364578992128,0.007487364578992128
9500,451814,31,7398,0.007487331051379442,0.007487331051379442
9501,433496,30,3416,0.0074863736517727375,0.0074863736517727375
9502,452685,31,8269,0.007486298214644194,0.007486298214644194
9503,424433,29,8689,0.007486110553145409,0.007486110553145409
9504,438029,30,7949,0.007485334295779467,0.007485334295779467
9505,420734,29,4990,0.007484879344701767,0.007484879344701767
9506,456277,31,11861,0.007484843023121357,0.007484843023121357
9507,440954,30,10874,0.007484641391783953,0.007484641391783953
9508,451819,31,7403,0.0074844942428171635,0.0074844942428171635
9509,431206,30,1126,0.007484269328415394,0.007484269328415394
9510,307464,21,6408,0.007483989000320435,0.007483989000320435
9511,446068,31,1652,0.007483497727662325,0.007483497727662325
9512,451152,31,6736,0.007483220659196377,0.007483220659196377
9513,456948,31,12532,0.007483149878680706,0.007483149878680706
9514,422519,29,6775,0.007483057212084532,0.007483057212084532
9515,450598,31,6182,0.007482495624572039,0.007482495624572039
9516,442036,30,11956,0.007481946609914303,0.007481946609914303
9517,444901,31,485,0.0074811470694839954,0.0074811470694839954
9518,435987,30,5907,0.0074808355420827866,0.0074808355420827866
9519,431404,30,1324,0.007480754517018795,0.007480754517018795
9520,425105,29,9361,0.007480598986148834,0.007480598986148834
9521,436924,30,6844,0.007480165455490351,0.007480165455490351
9522,395149,27,8077,0.007478692568838596,0.007478692568838596
9523,382346,26,9610,0.0074774338863790035,0.0074774338863790035
9524,455604,31,11188,0.007477035280317068,0.007477035280317068
9525,298705,20,11985,0.007476893253624439,0.007476893253624439
9526,417021,29,1277,0.007476680912077427,0.007476680912077427
9527,456521,31,12105,0.0074766287580132484,0.0074766287580132484
9528,404832,28,3424,0.007475529797375202,0.007475529797375202
9529,440760,30,10680,0.0074754804372787476,0.0074754804372787476
9530,432566,30,2486,0.0074751353822648525,0.0074751353822648525
9531,455744,31,11328,0.007475028280168772,0.007475028280168772
9532,411878,28,10470,0.007474852725863457,0.007474852725863457
9533,416231,29,487,0.007473174482584,0.007473174482584
9534,444588,31,172,0.0074730003252625465,0.0074730003252625465
9535,412786,28,11378,0.007472893688827753,0.007472893688827753
9536,443539,30,13459,0.007472652476280928,0.007472652476280928
9537,437391,30,7311,0.007472170516848564,0.007472170516848564
9538,442045,30,11965,0.007472135126590729,0.007472135126590729
9539,377723,26,4987,0.007471110671758652,0.007471110671758652
9540,385537,26,12801,0.007470536511391401,0.007470536511391401
9541,378223,26,5487,0.007470481097698212,0.007470481097698212
9542,445512,31,1096,0.0074696410447359085,0.0074696410447359085
9543,244907,17,1195,0.007469437550753355,0.007469437550753355
9544,436329,30,6249,0.007469312287867069,0.007469312287867069
9545,405410,28,4002,0.0074691022746264935,0.0074691022746264935
9546,452095,31,7679,0.0074681611731648445,0.0074681611731648445
9547,448141,31,3725,0.007468005642294884,0.007468005642294884
9548,444444,31,28,0.0074678934179246426,0.0074678934179246426
9549,453840,31,9424,0.0074670929461717606,0.0074670929461717606
9550,373028,26,292,0.007466505281627178,0.007466505281627178
9551,439849,30,9769,0.007466205395758152,0.007466205395758152
9552,384085,26,11349,0.007465896662324667,0.007465896662324667
9553,289246,20,2526,0.007465861272066832,0.007465861272066832
9554,447506,31,3090,0.007465704344213009,0.007465704344213009
9555,457485,31,13069,0.00746541004627943,0.00746541004627943
9556,445686,31,1270,0.007465183734893799,0.007465183734893799
9557,325586,22,10194,0.007464895024895668,0.007464895024895668
9558,375112,26,2376,0.0074646673165261745,0.0074646673165261745
9559,327803,22,12411,0.007464522961527109,0.007464522961527109
9560,420484,29,4740,0.007464034948498011,0.007464034948498011
9561,425108,29,9364,0.007463858928531408,0.007463858928531408
9562,438354,30,8274,0.007463125512003899,0.007463125512003899
9563,425308,29,9564,0.007462277077138424,0.007462277077138424
9564,425460,29,9716,0.007461953908205032,0.007461953908205032
9565,391461,27,4389,0.007461304776370525,0.007461304776370525
9566,375663,26,2927,0.007461107335984707,0.007461107335984707
9567,443745,30,13665,0.007460520137101412,0.007460520137101412
9568,425987,29,10243,0.0074601490050554276,0.0074601490050554276
9569,428115,29,12371,0.0074599976651370525,0.0074599976651370525
9570,439176,30,9096,0.007459078915417194,0.007459078915417194
9571,392583,27,5511,0.0074580335058271885,0.0074580335058271885
9572,436551,30,6471,0.007457283325493336,0.007457283325493336
9573,445269,31,853,0.007457223255187273,0.007457223255187273
9574,456222,31,11806,0.0074570560827851295,0.0074570560827851295
9575,457049,31,12633,0.007456695660948753,0.007456695660948753
9576,334019,23,4291,0.007455478888005018,0.007455478888005018
9577,424419,29,8675,0.007455447688698769,0.007455447688698769
9578,450635,31,6219,0.007455202750861645,0.007455202750861645
9579,437426,30,7346,0.007455175276845694,0.007455175276845694
9580,420184,29,4440,0.007455121725797653,0.007455121725797653
9581,456885,31,12469,0.007455111481249332,0.007455111481249332
9582,422530,29,6786,0.007454531732946634,0.007454531732946634
9583,348749,24,4685,0.00745415361598134,0.00745415361598134
9584,453665,31,9249,0.0074540781788527966,0.0074540781788527966
9585,390064,27,2992,0.00745377829298377,0.00745377829298377
9586,450030,31,5614,0.0074534029699862,0.0074534029699862
9587,440057,30,9977,0.007453127298504114,0.007453127298504114
9588,445914,31,1498,0.007452638819813728,0.007452638819813728
9589,450856,31,6440,0.007452609017491341,0.007452609017491341
9590,417473,29,1729,0.007452297955751419,0.007452297955751419
9591,384964,26,12228,0.007451837416738272,0.007451837416738272
9592,434079,30,3999,0.007451487239450216,0.007451487239450216
9593,440046,30,9966,0.007450566627085209,0.007450566627085209
9594,409087,28,7679,0.007450564298778772,0.007450564298778772
9595,439525,30,9445,0.007449982687830925,0.007449982687830925
9596,429622,29,13878,0.007449938915669918,0.007449938915669918
9597,450929,31,6513,0.007449856493622065,0.007449856493622065
9598,274443,19,2059,0.007449687924236059,0.007449687924236059
9599,454113,31,9697,0.007449563592672348,0.007449563592672348
9600,439921,30,9841,0.007449262775480747,0.007449262775480747
9601,373825,26,1089,0.007448793854564428,0.007448793854564428
9602,433774,30,3694,0.007447855547070503,0.007447855547070503
9603,439594,30,9514,0.0074477484449744225,0.0074477484449744225
9604,452789,31,8373,0.0074476501904428005,0.0074476501904428005
9605,449378,31,4962,0.007447563577443361,0.007447563577443361
9606,445853,31,1437,0.007447011303156614,0.007447011303156614
9607,425334,29,9590,0.007446033880114555,0.007446033880114555
9608,444644,31,228,0.007445795461535454,0.007445795461535454
9609,368456,25,10056,0.00744557986035943,0.00744557986035943
9610,417650,29,1906,0.007445164956152439,0.007445164956152439
9611,398121,27,11049,0.007444904185831547,0.007444904185831547
9612,360482,25,2082,0.007444822229444981,0.007444822229444981
9613,457141,31,12725,0.007444051560014486,0.007444051560014486
9614,410671,28,9263,0.007443998008966446,0.007443998008966446
9615,446771,31,2355,0.0074439747259020805,0.0074439747259020805
9616,454725,31,10309,0.0074438052251935005,0.0074438052251935005
9617,409809,28,8401,0.0074432953260838985,0.0074432953260838985
9618,427208,29,11464,0.007442119065672159,0.007442119065672159
9619,437268,30,7188,0.007442000322043896,0.007442000322043896
9620,454685,31,10269,0.0074406759813427925,0.0074406759813427925
9621,455951,31,11535,0.007439794484525919,0.007439794484525919
9622,410135,28,8727,0.0074395607225596905,0.0074395607225596905
9623,425332,29,9588,0.0074384319595992565,0.0074384319595992565
9624,451015,31,6599,0.007437142077833414,0.007437142077833414
9625,422504,29,6760,0.007436680607497692,0.007436680607497692
9626,369736,25,11336,0.0074365888722240925,0.0074365888722240925
9627,432507,30,2427,0.007436125539243221,0.007436125539243221
9628,434765,30,4685,0.00743600819259882,0.00743600819259882
9629,450832,31,6416,0.007434948347508907,0.007434948347508907
9630,407737,28,6329,0.007434936240315437,0.007434936240315437
9631,446307,31,1891,0.007434483151882887,0.007434483151882887
9632,429531,29,13787,0.00743415392935276,0.00743415392935276
9633,427621,29,11877,0.007432946469634771,0.007432946469634771
9634,457086,31,12670,0.007432364393025637,0.007432364393025637
9635,398516,27,11444,0.007431909441947937,0.007431909441947937
9636,425337,29,9593,0.0074316044338047504,0.0074316044338047504
9637,422112,29,6368,0.007430743891745806,0.007430743891745806
9638,442621,30,12541,0.007430338766425848,0.007430338766425848
9639,430200,30,120,0.007429162971675396,0.007429162971675396
9640,442514,30,12434,0.007428646087646484,0.007428646087646484
9641,435653,30,5573,0.007428604643791914,0.007428604643791914
9642,300275,20,13555,0.007428522687405348,0.007428522687405348
9643,440539,30,10459,0.007428169250488281,0.007428169250488281
9644,441712,30,11632,0.007428005337715149,0.007428005337715149
9645,415506,28,14098,0.0074278926476836205,0.0074278926476836205
9646,428184,29,12440,0.007427773904055357,0.007427773904055357
9647,283367,19,10983,0.007427716162055731,0.007427716162055731
9648,446392,31,1976,0.007427664007991552,0.007427664007991552
9649,302438,21,1382,0.0074274055659770966,0.0074274055659770966
9650,419227,29,3483,0.0074273766949772835,0.0074273766949772835
9651,458414,31,13998,0.0074272314086556435,0.0074272314086556435
9652,431967,30,1887,0.00742692593485117,0.00742692593485117
9653,250030,17,6318,0.007426448632031679,0.007426448632031679
9654,451104,31,6688,0.007425788324326277,0.007425788324326277
9655,437861,30,7781,0.007425295654684305,0.007425295654684305
9656,409932,28,8524,0.007425154093652964,0.007425154093652964
9657,457374,31,12958,0.0074251433834433556,0.0074251433834433556
9658,435986,30,5906,0.007424698676913977,0.007424698676913977
9659,439445,30,9365,0.007424551993608475,0.007424551993608475
9660,426601,29,10857,0.007424290291965008,0.007424290291965008
9661,434430,30,4350,0.007424233015626669,0.007424233015626669
9662,426038,29,10294,0.007424159441143274,0.007424159441143274
9663,440963,30,10883,0.00742378830909729,0.00742378830909729
9664,455392,31,10976,0.007423584349453449,0.007423584349453449
9665,442207,30,12127,0.007423121482133865,0.007423121482133865
9666,416849,29,1105,0.00742298411205411,0.00742298411205411
9667,286676,19,14292,0.007421163376420736,0.007421163376420736
9668,423405,29,7661,0.007420995272696018,0.007420995272696018
9669,451897,31,7481,0.007420071400702,0.007420071400702
9670,434161,30,4081,0.007418651133775711,0.007418651133775711
9671,442588,30,12508,0.007417873479425907,0.007417873479425907
9672,450535,31,6119,0.007417797110974789,0.007417797110974789
9673,379258,26,6522,0.007417399436235428,0.007417399436235428
9674,455141,31,10725,0.007417282555252314,0.007417282555252314
9675,433754,30,3674,0.007416763808578253,0.007416763808578253
9676,454482,31,10066,0.007416068576276302,0.007416068576276302
9677,447892,31,3476,0.007415820378810167,0.007415820378810167
9678,413401,28,11993,0.007415114436298609,0.007415114436298609
9679,381827,26,9091,0.007414776366204023,0.007414776366204023
9680,415226,28,13818,0.007414532825350761,0.007414532825350761
9681,445238,31,822,0.007414447609335184,0.007414447609335184
9682,435964,30,5884,0.007414276711642742,0.007414276711642742
9683,400233,27,13161,0.007413457613438368,0.007413457613438368
9684,454089,31,9673,0.007413255516439676,0.007413255516439676
9685,242369,16,12993,0.007412284146994352,0.007412284146994352
9686,456485,31,12069,0.007411620579659939,0.007411620579659939
9687,419022,29,3278,0.007410562597215176,0.007410562597215176
9688,314721,21,13665,0.007410250138491392,0.007410250138491392
9689,353290,24,9226,0.007409989833831787,0.007409989833831787
9690,406034,28,4626,0.007409929763525724,0.007409929763525724
9691,438120,30,8040,0.007409566082060337,0.007409566082060337
9692,452768,31,8352,0.007408828474581242,0.007408828474581242
9693,448931,31,4515,0.007408647798001766,0.007408647798001766
9694,341101,23,11373,0.007408508099615574,0.007408508099615574
9695,429211,29,13467,0.007408034522086382,0.007408034522086382
9696,436340,30,6260,0.00740800378844142,0.00740800378844142
9697,425212,29,9468,0.007407626137137413,0.007407626137137413
9698,387147,27,75,0.007407311350107193,0.007407311350107193
9699,441754,30,11674,0.007407227531075478,0.007407227531075478
9700,451489,31,7073,0.00740659236907959,0.00740659236907959
9701,362050,25,3650,0.007406415417790413,0.007406415417790413
9702,382009,26,9273,0.00740623427554965,0.00740623427554965
9703,218123,15,3083,0.007405660580843687,0.007405660580843687
9704,402088,28,680,0.007405556738376617,0.007405556738376617
9705,453968,31,9552,0.0074054403230547905,0.0074054403230547905
9706,426884,29,11140,0.007405433338135481,0.007405433338135481
9707,432682,30,2602,0.007405266631394625,0.007405266631394625
9708,441221,30,11141,0.007405019365251064,0.007405019365251064
9709,438241,30,8161,0.007403995841741562,0.007403995841741562
9710,450200,31,5784,0.007403769064694643,0.007403769064694643
9711,435337,30,5257,0.007403688970953226,0.007403688970953226
9712,416912,29,1168,0.007403646595776081,0.007403646595776081
9713,384143,26,11407,0.007403344381600618,0.007403344381600618
9714,148149,10,4789,0.00740324892103672,0.00740324892103672
9715,457491,31,13075,0.007403111085295677,0.007403111085295677
9716,445959,31,1543,0.007402765564620495,0.007402765564620495
9717,395720,27,8648,0.00740269897505641,0.00740269897505641
9718,457237,31,12821,0.00740254670381546,0.00740254670381546
9719,450274,31,5858,0.007402507122606039,0.007402507122606039
9720,445667,31,1251,0.007401884067803621,0.007401884067803621
9721,451865,31,7449,0.007401824463158846,0.007401824463158846
9722,331226,23,1498,0.007401385344564915,0.007401385344564915
9723,458110,31,13694,0.007401378825306892,0.007401378825306892
9724,404284,28,2876,0.007401107810437679,0.007401107810437679
9725,396727,27,9655,0.007400302682071924,0.007400302682071924
9726,405509,28,4101,0.007399586029350758,0.007399586029350758
9727,451655,31,7239,0.007399533409625292,0.007399533409625292
9728,449962,31,5546,0.007399261463433504,0.007399261463433504
9729,455424,31,11008,0.007399112451821566,0.007399112451821566
9730,438487,30,8407,0.007398497778922319,0.007398497778922319
9731,434385,30,4305,0.007398182526230812,0.007398182526230812
9732,452399,31,7983,0.007397735491394997,0.007397735491394997
9733,397286,27,10214,0.007397390902042389,0.007397390902042389
9734,432395,30,2315,0.0073972539976239204,0.0073972539976239204
9735,418525,29,2781,0.007396546192467213,0.007396546192467213
9736,447752,31,3336,0.007396310567855835,0.007396310567855835
9737,436873,30,6793,0.007396279368549585,0.007396279368549585
9738,449752,31,5336,0.007395337801426649,0.007395337801426649
9739,405684,28,4276,0.007395035121589899,0.007395035121589899
9740,428584,29,12840,0.007394622545689344,0.007394622545689344
9741,452096,31,7680,0.007393813692033291,0.007393813692033291
9742,408488,28,7080,0.0073937708511948586,0.0073937708511948586
9743,440663,30,10583,0.007392128463834524,0.007392128463834524
9744,456932,31,12516,0.0073916371911764145,0.0073916371911764145
9745,454060,31,9644,0.0073913405649363995,0.0073913405649363995
9746,392932,27,5860,0.007391069550067186,0.007391069550067186
9747,438724,30,8644,0.007390828803181648,0.007390828803181648
9748,280580,19,8196,0.007390492130070925,0.007390492130070925
9749,452125,31,7709,0.007390141952782869,0.007390141952782869
9750,454812,31,10396,0.0073899333365261555,0.0073899333365261555
9751,433387,30,3307,0.007389904465526342,0.007389904465526342
9752,403779,28,2371,0.007389666512608528,0.007389666512608528
9753,425850,29,10106,0.007389605510979891,0.007389605510979891
9754,304027,21,2971,0.007389461155980825,0.007389461155980825
9755,349594,24,5530,0.007389443460851908,0.007389443460851908
9756,456213,31,11797,0.007389198988676071,0.007389198988676071
9757,436969,30,6889,0.007389121223241091,0.007389121223241091
9758,452583,31,8167,0.007389066740870476,0.007389066740870476
9759,396391,27,9319,0.007388800382614136,0.007388800382614136
9760,446253,31,1837,0.007388416677713394,0.007388416677713394
9761,430757,30,677,0.007387669291347265,0.007387669291347265
9762,437502,30,7422,0.007387234829366207,0.007387234829366207
9763,257967,17,14255,0.007386359851807356,0.007386359851807356
9764,404856,28,3448,0.0073860869742929935,0.0073860869742929935
9765,433544,30,3464,0.007385841105133295,0.007385841105133295
9766,399334,27,12262,0.007385583594441414,0.007385583594441414
9767,458586,31,14170,0.0073847416788339615,0.0073847416788339615
9768,439549,30,9469,0.0073845344595611095,0.0073845344595611095
9769,444714,31,298,0.007384376134723425,0.007384376134723425
9770,436281,30,6201,0.007384291850030422,0.007384291850030422
9771,441922,30,11842,0.0073838792741298676,0.0073838792741298676
9772,431212,30,1132,0.007383841089904308,0.007383841089904308
9773,402857,28,1449,0.007383729796856642,0.007383729796856642
9774,388169,27,1097,0.007383680436760187,0.007383680436760187
9775,454598,31,10182,0.007383579388260841,0.007383579388260841
9776,437076,30,6996,0.007383364252746105,0.007383364252746105
9777,436861,30,6781,0.007383324671536684,0.007383324671536684
9778,453907,31,9491,0.0073820860125124454,0.0073820860125124454
9779,445938,31,1522,0.007382006384432316,0.007382006384432316
9780,358604,25,204,0.00738179124891758,0.00738179124891758
9781,436079,30,5999,0.007380796130746603,0.007380796130746603
9782,426854,29,11110,0.007380116265267134,0.007380116265267134
9783,447207,31,2791,0.007379073183983564,0.007379073183983564
9784,439770,30,9690,0.007378700654953718,0.007378700654953718
9785,447412,31,2996,0.007378605660051107,0.007378605660051107
9786,437589,30,7509,0.007377177011221647,0.007377177011221647
9787,441165,30,11085,0.007376966532319784,0.007376966532319784
9788,456550,31,12134,0.007376713212579489,0.007376713212579489
9789,280639,19,8255,0.0073765977285802364,0.0073765977285802364
9790,441903,30,11823,0.007376433815807104,0.007376433815807104
9791,442206,30,12126,0.00737641891464591,0.00737641891464591
9792,433061,30,2981,0.007376215420663357,0.007376215420663357
9793,440081,30,10001,0.007375060115009546,0.007375060115009546
9794,413981,28,12573,0.007374917156994343,0.007374917156994343
9795,440119,30,10039,0.007374867331236601,0.007374867331236601
9796,433842,30,3762,0.0073745036497712135,0.0073745036497712135
9797,273438,19,1054,0.007373805157840252,0.007373805157840252
9798,420006,29,4262,0.007373021915555,0.007373021915555
9799,457276,31,12860,0.007372464053332806,0.007372464053332806
9800,419115,29,3371,0.007372135762125254,0.007372135762125254
9801,436587,30,6507,0.007371289189904928,0.007371289189904928
9802,443481,30,13401,0.007371264509856701,0.007371264509856701
9803,454564,31,10148,0.007370724808424711,0.007370724808424711
9804,419018,29,3274,0.00737071642652154,0.00737071642652154
9805,345602,24,1538,0.007370691280812025,0.007370691280812025
9806,432952,30,2872,0.007370598614215851,0.007370598614215851
9807,408463,28,7055,0.007370275910943747,0.007370275910943747
9808,404032,28,2624,0.007369928527623415,0.007369928527623415
9809,374716,26,1980,0.007369795814156532,0.007369795814156532
9810,451528,31,7112,0.00736740417778492,0.00736740417778492
9811,370208,25,11808,0.00736718624830246,0.00736718624830246
9812,376504,26,3768,0.007366493344306946,0.007366493344306946
9813,444673,31,257,0.007366233505308628,0.007366233505308628
9814,440863,30,10783,0.007365953177213669,0.007365953177213669
9815,323867,22,8475,0.00736520579084754,0.00736520579084754
9816,457584,31,13168,0.007363949902355671,0.007363949902355671
9817,448260,31,3844,0.007363783661276102,0.007363783661276102
9818,435920,30,5840,0.007363689597696066,0.007363689597696066
9819,455244,31,10828,0.007362975738942623,0.007362975738942623
9820,457511,31,13095,0.007362809497863054,0.007362809497863054
9821,417327,29,1583,0.007362743373960257,0.007362743373960257
9822,397701,27,10629,0.00736255943775177,0.00736255943775177
9823,440750,30,10670,0.007362368516623974,0.007362368516623974
9824,430284,30,204,0.007361779920756817,0.007361779920756817
9825,385070,26,12334,0.007361663971096277,0.007361663971096277
9826,437719,30,7639,0.007361419964581728,0.007361419964581728
9827,457636,31,13220,0.00736118433997035,0.00736118433997035
9828,422239,29,6495,0.007361117750406265,0.007361117750406265
9829,448628,31,4212,0.007360971067100763,0.007360971067100763
9830,435576,30,5496,0.0073602101765573025,0.0073602101765573025
9831,279694,19,7310,0.0073601724579930305,0.0073601724579930305
9832,456538,31,12122,0.007360110525041819,0.007360110525041819
9833,443449,30,13369,0.007359866518527269,0.007359866518527269
9834,428530,29,12786,0.007359549403190613,0.007359549403190613
9835,301055,20,14335,0.007358738221228123,0.007358738221228123
9836,449503,31,5087,0.007358010858297348,0.007358010858297348
9837,456166,31,11750,0.007357953116297722,0.007357953116297722
9838,434528,30,4448,0.007357907947152853,0.007357907947152853
9839,437877,30,7797,0.007357863709330559,0.007357863709330559
9840,436342,30,6262,0.007357647642493248,0.007357647642493248
9841,384100,26,11364,0.007357617374509573,0.007357617374509573
9842,457272,31,12856,0.007357319351285696,0.007357319351285696
9843,248086,17,4374,0.00735641410574317,0.00735641410574317
9844,433442,30,3362,0.007356319110840559,0.007356319110840559
9845,447001,31,2585,0.007355756126344204,0.007355756126344204
9846,421356,29,5612,0.007355022244155407,0.007355022244155407
9847,412383,28,10975,0.007354267872869968,0.007354267872869968
9848,444036,30,13956,0.007353995461016893,0.007353995461016893
9849,445822,31,1406,0.0073539381846785545,0.0073539381846785545
9850,456778,31,12362,0.007353778462857008,0.007353778462857008
9851,296526,20,9806,0.007353204768151045,0.007353204768151045
9852,421404,29,5660,0.007352838758379221,0.007352838758379221
9853,445096,31,680,0.00735178217291832,0.00735178217291832
9854,273681,19,1297,0.0073508089408278465,0.0073508089408278465
9855,456311,31,11895,0.007350503467023373,0.007350503467023373
9856,451074,31,6658,0.0073496634140610695,0.0073496634140610695
9857,431030,30,950,0.007349449675530195,0.007349449675530195
9858,442000,30,11920,0.007349384017288685,0.007349384017288685
9859,431083,30,1003,0.00734912883490324,0.00734912883490324
9860,458047,31,13631,0.00734892999753356,0.00734892999753356
9861,454624,31,10208,0.007348876446485519,0.007348876446485519
9862,432135,30,2055,0.007348765153437853,0.007348765153437853
9863,449284,31,4868,0.007348763756453991,0.007348763756453991
9864,241706,16,12330,0.007348156068474054,0.007348156068474054
9865,453896,31,9480,0.00734792510047555,0.00734792510047555
9866,440120,30,10040,0.0073477234691381454,0.0073477234691381454
9867,451958,31,7542,0.00734766386449337,0.00734766386449337
9868,437030,30,6950,0.007347365841269493,0.007347365841269493
9869,452797,31,8381,0.007346685975790024,0.007346685975790024
9870,447012,31,2596,0.007346132770180702,0.007346132770180702
9871,417400,29,1656,0.007345895748585463,0.007345895748585463
9872,419282,29,3538,0.007345810066908598,0.007345810066908598
9873,416402,29,658,0.007345459423959255,0.007345459423959255
9874,455111,31,10695,0.007344708777964115,0.007344708777964115
9875,451496,31,7080,0.007344488985836506,0.007344488985836506
9876,433043,30,2963,0.007344440091401339,0.007344440091401339
9877,455561,31,11145,0.0073438300751149654,0.0073438300751149654
9878,417307,29,1563,0.007342772092670202,0.007342772092670202
9879,453643,31,9227,0.007342399563640356,0.007342399563640356
9880,449381,31,4965,0.007342298049479723,0.007342298049479723
9881,402865,28,1457,0.007342096418142319,0.007342096418142319
9882,434304,30,4224,0.007341749966144562,0.007341749966144562
9883,457270,31,12854,0.007341749034821987,0.007341749034821987
9884,384014,26,11278,0.007341525983065367,0.007341525983065367
9885,433540,30,3460,0.00734094949439168,0.00734094949439168
9886,439638,30,9558,0.007340830750763416,0.007340830750763416
9887,446547,31,2131,0.007340716663748026,0.007340716663748026
9888,448562,31,4146,0.00734022306278348,0.00734022306278348
9889,441470,30,11390,0.00733934948220849,0.00733934948220849
9890,446716,31,2300,0.007338725961744785,0.007338725961744785
9891,443810,30,13730,0.007337247487157583,0.007337247487157583
9892,443314,30,13234,0.0073372009210288525,0.0073372009210288525
9893,408976,28,7568,0.007336967624723911,0.007336967624723911
9894,415296,28,13888,0.007336864713579416,0.007336864713579416
9895,447133,31,2717,0.007336333394050598,0.007336333394050598
9896,457567,31,13151,0.007335940841585398,0.007335940841585398
9897,430123,30,43,0.007333970628678799,0.007333970628678799
9898,439505,30,9425,0.007333770394325256,0.007333770394325256
9899,441164,30,11084,0.007333732210099697,0.007333732210099697
9900,456018,31,11602,0.00733317993581295,0.00733317993581295
9901,416147,29,403,0.007333140820264816,0.007333140820264816
9902,453827,31,9411,0.007333077490329742,0.007333077490329742
9903,444779,31,363,0.007332925219088793,0.007332925219088793
9904,442472,30,12392,0.00733238784596324,0.00733238784596324
9905,403396,28,1988,0.007332267239689827,0.007332267239689827
9906,450311,31,5895,0.007331661880016327,0.007331661880016327
9907,430545,30,465,0.007331494707614183,0.007331494707614183
9908,344291,24,227,0.007331463508307934,0.007331463508307934
9909,415390,28,13982,0.007331459317356348,0.007331459317356348
9910,440390,30,10310,0.007331244647502899,0.007331244647502899
9911,420235,29,4491,0.007330731023102999,0.007330731023102999
9912,446252,31,1836,0.007330711465328932,0.007330711465328932
9913,270199,18,12151,0.007330194115638733,0.007330194115638733
9914,311223,21,10167,0.0073301359079778194,0.0073301359079778194
9915,432757,30,2677,0.007329141721129417,0.007329141721129417
9916,431173,30,1093,0.007328677456825972,0.007328677456825972
9917,454097,31,9681,0.007328653242439032,0.007328653242439032
9918,454268,31,9852,0.007328302599489689,0.007328302599489689
9919,335201,23,5473,0.00732694286853075,0.00732694286853075
9920,400546,27,13474,0.0073262108489871025,0.0073262108489871025
9921,408601,28,7193,0.007325398735702038,0.007325398735702038
9922,439900,30,9820,0.007324920501559973,0.007324920501559973
9923,390811,27,3739,0.007324363104999065,0.007324363104999065
9924,456049,31,11633,0.007324140053242445,0.007324140053242445
9925,457588,31,13172,0.007323577534407377,0.007323577534407377
9926,369651,25,11251,0.007323300000280142,0.007323300000280142
9927,260796,18,2748,0.007322789169847965,0.007322789169847965
9928,441177,30,11097,0.007322646211832762,0.007322646211832762
9929,451465,31,7049,0.007322578225284815,0.007322578225284815
9930,417831,29,2087,0.007321726065129042,0.007321726065129042
9931,416178,29,434,0.007321543525904417,0.007321543525904417
9932,444713,31,297,0.007321354001760483,0.007321354001760483
9933,361999,25,3599,0.0073213037103414536,0.0073213037103414536
9934,429534,29,13790,0.007320882752537727,0.007320882752537727
9935,438694,30,8614,0.007320188917219639,0.007320188917219639
9936,449963,31,5547,0.007319923490285873,0.007319923490285873
9937,200247,13,13879,0.007319615222513676,0.007319615222513676
9938,434112,30,4032,0.007319367956370115,0.007319367956370115
9939,446484,31,2068,0.00731912674382329,0.00731912674382329
9940,453065,31,8649,0.007318226154893637,0.007318226154893637
9941,442097,30,12017,0.007317584473639727,0.007317584473639727
9942,432126,30,2046,0.007317311130464077,0.007317311130464077
9943,451504,31,7088,0.007317302282899618,0.007317302282899618
9944,434695,30,4615,0.007315926719456911,0.007315926719456911
9945,393661,27,6589,0.0073152389377355576,0.0073152389377355576
9946,454703,31,10287,0.007315099239349365,0.007315099239349365
9947,457400,31,12984,0.007315062452107668,0.007315062452107668
9948,445196,31,780,0.007315010763704777,0.007315010763704777
9949,447376,31,2960,0.0073147243820130825,0.0073147243820130825
9950,430496,30,416,0.0073142447508871555,0.0073142447508871555
9951,444424,31,8,0.0073139844462275505,0.0073139844462275505
9952,400846,27,13774,0.007313626818358898,0.007313626818358898
9953,449073,31,4657,0.007312408648431301,0.007312408648431301
9954,430881,30,801,0.0073121762834489346,0.0073121762834489346
9955,285189,19,12805,0.0073119476437568665,0.0073119476437568665
9956,440587,30,10507,0.007311699446290731,0.007311699446290731
9957,449663,31,5247,0.007311481051146984,0.007311481051146984
9958,455892,31,11476,0.007311223540455103,0.007311223540455103
9959,431503,30,1423,0.007311036344617605,0.007311036344617605
9960,295119,20,8399,0.007310399319976568,0.007310399319976568
9961,332145,23,2417,0.007310304790735245,0.007310304790735245
9962,457995,31,13579,0.007310215849429369,0.007310215849429369
9963,449420,31,5004,0.007310087792575359,0.007310087792575359
9964,452912,31,8496,0.007308564148843288,0.007308564148843288
9965,451728,31,7312,0.007307905238121748,0.007307905238121748
9966,453639,31,9223,0.007307691965252161,0.007307691965252161
9967,443739,30,13659,0.007306812331080437,0.007306812331080437
9968,422299,29,6555,0.0073057739064097404,0.0073057739064097404
9969,454562,31,10146,0.007305549923330545,0.007305549923330545
9970,446455,31,2039,0.007305169478058815,0.007305169478058815
9971,431958,30,1878,0.007304491009563208,0.007304491009563208
9972,370993,25,12593,0.007304198108613491,0.007304198108613491
9973,339647,23,9919,0.007303208112716675,0.007303208112716675
9974,447154,31,2738,0.0073031592182815075,0.0073031592182815075
9975,172475,12,443,0.007302503567188978,0.007302503567188978
9976,451190,31,6774,0.007302286569029093,0.007302286569029093
9977,422981,29,7237,0.007302022073417902,0.007302022073417902
9978,457904,31,13488,0.007301962003111839,0.007301962003111839
9979,421578,29,5834,0.007301680278033018,0.007301680278033018
9980,371462,25,13062,0.0073012360371649265,0.0073012360371649265
9981,458198,31,13782,0.007301017176359892,0.007301017176359892
9982,433759,30,3679,0.007300413679331541,0.007300413679331541
9983,397220,27,10148,0.007299881428480148,0.007299881428480148
9984,456975,31,12559,0.007299605756998062,0.007299605756998062
9985,298834,20,12114,0.007298892829567194,0.007298892829567194
9986,402547,28,1139,0.007298761047422886,0.007298761047422886
9987,405111,28,3703,0.007298378739506006,0.007298378739506006
9988,440827,30,10747,0.0072974893264472485,0.0072974893264472485
9989,430794,30,714,0.007297175470739603,0.007297175470739603
9990,444631,31,215,0.007296872790902853,0.007296872790902853
9991,445302,31,886,0.007296520750969648,0.007296520750969648
9992,436063,30,5983,0.007296317722648382,0.007296317722648382
9993,424063,29,8319,0.007296309806406498,0.007296309806406498
9994,435087,30,5007,0.007296239957213402,0.007296239957213402
9995,407127,28,5719,0.007295962423086166,0.007295962423086166
9996,323330,22,7938,0.0072959004901349545,0.0072959004901349545
9997,395786,27,8714,0.007295713759958744,0.007295713759958744
9998,434373,30,4293,0.007295462768524885,0.007295462768524885
9999,448861,31,4445,0.007295307703316212,0.007295307703316212
