rank,neuron_id,layer,neuron_idx,score,importance
0,458617,31,14201,0.6292940974235535,0.6292940974235535
1,446814,31,2398,0.39039328694343567,0.39039328694343567
2,452775,31,8359,0.36393076181411743,0.36393076181411743
3,450848,31,6432,0.33573731780052185,0.33573731780052185
4,446356,31,1940,0.3311498165130615,0.3311498165130615
5,456420,31,12004,0.3250381648540497,0.3250381648540497
6,457752,31,13336,0.31022197008132935,0.31022197008132935
7,449925,31,5509,0.303529292345047,0.303529292345047
8,445625,31,1209,0.2953622043132782,0.2953622043132782
9,447374,31,2958,0.27854570746421814,0.27854570746421814
10,453832,31,9416,0.26029452681541443,0.26029452681541443
11,445575,31,1159,0.25337526202201843,0.25337526202201843
12,458640,31,14224,0.24691089987754822,0.24691089987754822
13,448480,31,4064,0.2397502213716507,0.2397502213716507
14,452289,31,7873,0.23809155821800232,0.23809155821800232
15,430715,30,635,0.2235105335712433,0.2235105335712433
16,449727,31,5311,0.21672825515270233,0.21672825515270233
17,447613,31,3197,0.21428531408309937,0.21428531408309937
18,457339,31,12923,0.2110089808702469,0.2110089808702469
19,451832,31,7416,0.1993194967508316,0.1993194967508316
20,450883,31,6467,0.1893010139465332,0.1893010139465332
21,444727,31,311,0.18917781114578247,0.18917781114578247
22,435622,30,5542,0.18859921395778656,0.18859921395778656
23,445416,31,1000,0.18134836852550507,0.18134836852550507
24,446684,31,2268,0.18120762705802917,0.18120762705802917
25,449437,31,5021,0.18008968234062195,0.18008968234062195
26,437893,30,7813,0.1800648272037506,0.1800648272037506
27,452534,31,8118,0.1783502995967865,0.1783502995967865
28,448852,31,4436,0.1771974265575409,0.1771974265575409
29,445740,31,1324,0.17299892008304596,0.17299892008304596
30,453530,31,9114,0.1725580245256424,0.1725580245256424
31,452389,31,7973,0.1713227778673172,0.1713227778673172
32,457230,31,12814,0.17024917900562286,0.17024917900562286
33,454080,31,9664,0.16988013684749603,0.16988013684749603
34,449978,31,5562,0.1696934849023819,0.1696934849023819
35,450391,31,5975,0.16917748749256134,0.16917748749256134
36,453935,31,9519,0.16844286024570465,0.16844286024570465
37,458612,31,14196,0.16681763529777527,0.16681763529777527
38,458411,31,13995,0.1658836007118225,0.1658836007118225
39,447890,31,3474,0.1653735190629959,0.1653735190629959
40,457329,31,12913,0.16399440169334412,0.16399440169334412
41,454241,31,9825,0.16254206001758575,0.16254206001758575
42,447825,31,3409,0.16232211887836456,0.16232211887836456
43,438306,30,8226,0.16145509481430054,0.16145509481430054
44,446893,31,2477,0.16043901443481445,0.16043901443481445
45,453603,31,9187,0.15930582582950592,0.15930582582950592
46,458692,31,14276,0.15894715487957,0.15894715487957
47,447500,31,3084,0.15815319120883942,0.15815319120883942
48,447170,31,2754,0.1570594161748886,0.1570594161748886
49,457492,31,13076,0.15651948750019073,0.15651948750019073
50,453278,31,8862,0.15595412254333496,0.15595412254333496
51,454855,31,10439,0.15497198700904846,0.15497198700904846
52,458285,31,13869,0.15449738502502441,0.15449738502502441
53,450335,31,5919,0.15429861843585968,0.15429861843585968
54,451866,31,7450,0.15391720831394196,0.15391720831394196
55,456345,31,11929,0.15024712681770325,0.15024712681770325
56,455389,31,10973,0.1496284157037735,0.1496284157037735
57,450882,31,6466,0.1496121734380722,0.1496121734380722
58,446721,31,2305,0.1478222906589508,0.1478222906589508
59,449864,31,5448,0.14625228941440582,0.14625228941440582
60,445369,31,953,0.14508476853370667,0.14508476853370667
61,454108,31,9692,0.14466778934001923,0.14466778934001923
62,449956,31,5540,0.14320935308933258,0.14320935308933258
63,447903,31,3487,0.14276185631752014,0.14276185631752014
64,444676,31,260,0.14272534847259521,0.14272534847259521
65,458443,31,14027,0.14144828915596008,0.14144828915596008
66,456601,31,12185,0.14055852591991425,0.14055852591991425
67,447172,31,2756,0.13931387662887573,0.13931387662887573
68,449534,31,5118,0.13913166522979736,0.13913166522979736
69,457257,31,12841,0.13578449189662933,0.13578449189662933
70,458522,31,14106,0.13559696078300476,0.13559696078300476
71,456233,31,11817,0.13402526080608368,0.13402526080608368
72,449498,31,5082,0.13398392498493195,0.13398392498493195
73,455219,31,10803,0.1337554156780243,0.1337554156780243
74,446070,31,1654,0.13233447074890137,0.13233447074890137
75,446097,31,1681,0.13163655996322632,0.13163655996322632
76,456535,31,12119,0.13101714849472046,0.13101714849472046
77,446250,31,1834,0.1309058964252472,0.1309058964252472
78,445412,31,996,0.13087902963161469,0.13087902963161469
79,416995,29,1251,0.13009381294250488,0.13009381294250488
80,448928,31,4512,0.12872371077537537,0.12872371077537537
81,442526,30,12446,0.12838338315486908,0.12838338315486908
82,450136,31,5720,0.12825405597686768,0.12825405597686768
83,449787,31,5371,0.12758409976959229,0.12758409976959229
84,445506,31,1090,0.12632693350315094,0.12632693350315094
85,447956,31,3540,0.12602198123931885,0.12602198123931885
86,457518,31,13102,0.12578950822353363,0.12578950822353363
87,456638,31,12222,0.12572726607322693,0.12572726607322693
88,451540,31,7124,0.12416424602270126,0.12416424602270126
89,445466,31,1050,0.1234111413359642,0.1234111413359642
90,457007,31,12591,0.12297847867012024,0.12297847867012024
91,447370,31,2954,0.12196462601423264,0.12196462601423264
92,452277,31,7861,0.12155840545892715,0.12155840545892715
93,420575,29,4831,0.12095120549201965,0.12095120549201965
94,445988,31,1572,0.12077055126428604,0.12077055126428604
95,448544,31,4128,0.12054561078548431,0.12054561078548431
96,455730,31,11314,0.12042900174856186,0.12042900174856186
97,445266,31,850,0.12038859724998474,0.12038859724998474
98,446090,31,1674,0.1202373132109642,0.1202373132109642
99,458349,31,13933,0.11997859925031662,0.11997859925031662
100,447803,31,3387,0.11951246112585068,0.11951246112585068
101,457531,31,13115,0.11950760334730148,0.11950760334730148
102,434050,30,3970,0.11869767308235168,0.11869767308235168
103,457366,31,12950,0.11850905418395996,0.11850905418395996
104,449669,31,5253,0.11822216212749481,0.11822216212749481
105,445163,31,747,0.1179230809211731,0.1179230809211731
106,449202,31,4786,0.11775312572717667,0.11775312572717667
107,454626,31,10210,0.11695824563503265,0.11695824563503265
108,449969,31,5553,0.11695804446935654,0.11695804446935654
109,454875,31,10459,0.11651649326086044,0.11651649326086044
110,458107,31,13691,0.11599388718605042,0.11599388718605042
111,448993,31,4577,0.11592930555343628,0.11592930555343628
112,445552,31,1136,0.11453502625226974,0.11453502625226974
113,453080,31,8664,0.11438636481761932,0.11438636481761932
114,445582,31,1166,0.11438173055648804,0.11438173055648804
115,446093,31,1677,0.11400880664587021,0.11400880664587021
116,452570,31,8154,0.11320565640926361,0.11320565640926361
117,453535,31,9119,0.1130850687623024,0.1130850687623024
118,410387,28,8979,0.11296173930168152,0.11296173930168152
119,450349,31,5933,0.11267729103565216,0.11267729103565216
120,452322,31,7906,0.11246368288993835,0.11246368288993835
121,455175,31,10759,0.11189781129360199,0.11189781129360199
122,448101,31,3685,0.11189776659011841,0.11189776659011841
123,456774,31,12358,0.11151329427957535,0.11151329427957535
124,453353,31,8937,0.11124555766582489,0.11124555766582489
125,449206,31,4790,0.11083374172449112,0.11083374172449112
126,445379,31,963,0.11067171394824982,0.11067171394824982
127,441805,30,11725,0.11014937609434128,0.11014937609434128
128,455576,31,11160,0.1101265475153923,0.1101265475153923
129,447361,31,2945,0.10937047749757767,0.10937047749757767
130,452766,31,8350,0.1088874340057373,0.1088874340057373
131,450485,31,6069,0.1085471585392952,0.1085471585392952
132,447591,31,3175,0.10851515829563141,0.10851515829563141
133,446428,31,2012,0.10836458951234818,0.10836458951234818
134,457830,31,13414,0.10778988897800446,0.10778988897800446
135,440910,30,10830,0.10741376131772995,0.10741376131772995
136,453991,31,9575,0.10726438462734222,0.10726438462734222
137,453591,31,9175,0.10687620937824249,0.10687620937824249
138,458038,31,13622,0.1068241149187088,0.1068241149187088
139,455957,31,11541,0.1061154380440712,0.1061154380440712
140,445130,31,714,0.10589481890201569,0.10589481890201569
141,448005,31,3589,0.10567281395196915,0.10567281395196915
142,446965,31,2549,0.10555174201726913,0.10555174201726913
143,456642,31,12226,0.1053927019238472,0.1053927019238472
144,456224,31,11808,0.10480071604251862,0.10480071604251862
145,448244,31,3828,0.10461298376321793,0.10461298376321793
146,448227,31,3811,0.10459866374731064,0.10459866374731064
147,447252,31,2836,0.10409995913505554,0.10409995913505554
148,449664,31,5248,0.1037449762225151,0.1037449762225151
149,445876,31,1460,0.1037084311246872,0.1037084311246872
150,446229,31,1813,0.10254062712192535,0.10254062712192535
151,447216,31,2800,0.1024274006485939,0.1024274006485939
152,457960,31,13544,0.1024111658334732,0.1024111658334732
153,457255,31,12839,0.10179408639669418,0.10179408639669418
154,447909,31,3493,0.1010529026389122,0.1010529026389122
155,436703,30,6623,0.10064604133367538,0.10064604133367538
156,445602,31,1186,0.10036946088075638,0.10036946088075638
157,447668,31,3252,0.10006304085254669,0.10006304085254669
158,448677,31,4261,0.09993921965360641,0.09993921965360641
159,445316,31,900,0.09979496896266937,0.09979496896266937
160,455500,31,11084,0.09965865314006805,0.09965865314006805
161,453881,31,9465,0.09937720745801926,0.09937720745801926
162,456415,31,11999,0.09908191859722137,0.09908191859722137
163,445616,31,1200,0.09892508387565613,0.09892508387565613
164,446988,31,2572,0.09891392290592194,0.09891392290592194
165,451697,31,7281,0.09884395450353622,0.09884395450353622
166,432872,30,2792,0.09874824434518814,0.09874824434518814
167,456668,31,12252,0.09815611690282822,0.09815611690282822
168,449025,31,4609,0.09813050180673599,0.09813050180673599
169,452109,31,7693,0.0980696827173233,0.0980696827173233
170,453771,31,9355,0.09766459465026855,0.09766459465026855
171,453068,31,8652,0.09762462973594666,0.09762462973594666
172,457084,31,12668,0.09755365550518036,0.09755365550518036
173,444982,31,566,0.09718833118677139,0.09718833118677139
174,455478,31,11062,0.0971735492348671,0.0971735492348671
175,456168,31,11752,0.09711667895317078,0.09711667895317078
176,445922,31,1506,0.09688756614923477,0.09688756614923477
177,458249,31,13833,0.09623591601848602,0.09623591601848602
178,448576,31,4160,0.09607448428869247,0.09607448428869247
179,447191,31,2775,0.0959746465086937,0.0959746465086937
180,456941,31,12525,0.09585297107696533,0.09585297107696533
181,447844,31,3428,0.09557773917913437,0.09557773917913437
182,454274,31,9858,0.09545577317476273,0.09545577317476273
183,458529,31,14113,0.09493498504161835,0.09493498504161835
184,448462,31,4046,0.09480448812246323,0.09480448812246323
185,455090,31,10674,0.09466701000928879,0.09466701000928879
186,455429,31,11013,0.09444169700145721,0.09444169700145721
187,445271,31,855,0.09439139813184738,0.09439139813184738
188,444518,31,102,0.09436213225126266,0.09436213225126266
189,448768,31,4352,0.09435766935348511,0.09435766935348511
190,455495,31,11079,0.0941382497549057,0.0941382497549057
191,455556,31,11140,0.09348145127296448,0.09348145127296448
192,450188,31,5772,0.09342025965452194,0.09342025965452194
193,445811,31,1395,0.09341295808553696,0.09341295808553696
194,451030,31,6614,0.0923963263630867,0.0923963263630867
195,447999,31,3583,0.09238416701555252,0.09238416701555252
196,455501,31,11085,0.09223038703203201,0.09223038703203201
197,452267,31,7851,0.09218404442071915,0.09218404442071915
198,451073,31,6657,0.09185135364532471,0.09185135364532471
199,445511,31,1095,0.09152127057313919,0.09152127057313919
200,431210,30,1130,0.09151117503643036,0.09151117503643036
201,452866,31,8450,0.09146477282047272,0.09146477282047272
202,450033,31,5617,0.09138074517250061,0.09138074517250061
203,446247,31,1831,0.09136567264795303,0.09136567264795303
204,431016,30,936,0.09096648544073105,0.09096648544073105
205,452761,31,8345,0.09061800688505173,0.09061800688505173
206,442265,30,12185,0.09061016887426376,0.09061016887426376
207,457277,31,12861,0.09049644321203232,0.09049644321203232
208,455313,31,10897,0.09043092280626297,0.09043092280626297
209,432538,30,2458,0.0903455913066864,0.0903455913066864
210,450515,31,6099,0.09032605588436127,0.09032605588436127
211,455660,31,11244,0.09013126790523529,0.09013126790523529
212,445171,31,755,0.08979086577892303,0.08979086577892303
213,458489,31,14073,0.0895613580942154,0.0895613580942154
214,450299,31,5883,0.08940934389829636,0.08940934389829636
215,438472,30,8392,0.08909077942371368,0.08909077942371368
216,455250,31,10834,0.08896388113498688,0.08896388113498688
217,446516,31,2100,0.08893903344869614,0.08893903344869614
218,454074,31,9658,0.08887194842100143,0.08887194842100143
219,449055,31,4639,0.0887230932712555,0.0887230932712555
220,445802,31,1386,0.088251493871212,0.088251493871212
221,455372,31,10956,0.08797115832567215,0.08797115832567215
222,454079,31,9663,0.08776983618736267,0.08776983618736267
223,449184,31,4768,0.08761594444513321,0.08761594444513321
224,449457,31,5041,0.08721573650836945,0.08721573650836945
225,447984,31,3568,0.08699184656143188,0.08699184656143188
226,447159,31,2743,0.0869414210319519,0.0869414210319519
227,447964,31,3548,0.08664870262145996,0.08664870262145996
228,449646,31,5230,0.0864507183432579,0.0864507183432579
229,451435,31,7019,0.0862402394413948,0.0862402394413948
230,455920,31,11504,0.08613818138837814,0.08613818138837814
231,455988,31,11572,0.08611048012971878,0.08611048012971878
232,447880,31,3464,0.08574039489030838,0.08574039489030838
233,451112,31,6696,0.08560337871313095,0.08560337871313095
234,452469,31,8053,0.08551633358001709,0.08551633358001709
235,458217,31,13801,0.0848628357052803,0.0848628357052803
236,446760,31,2344,0.08475036919116974,0.08475036919116974
237,451781,31,7365,0.08462986350059509,0.08462986350059509
238,434807,30,4727,0.0846172422170639,0.0846172422170639
239,423072,29,7328,0.08441667258739471,0.08441667258739471
240,453406,31,8990,0.08416661620140076,0.08416661620140076
241,449515,31,5099,0.08398085087537766,0.08398085087537766
242,444790,31,374,0.0839775875210762,0.0839775875210762
243,455650,31,11234,0.0838090181350708,0.0838090181350708
244,446657,31,2241,0.08376765251159668,0.08376765251159668
245,433112,30,3032,0.08370532840490341,0.08370532840490341
246,444902,31,486,0.08296730369329453,0.08296730369329453
247,428401,29,12657,0.08295872807502747,0.08295872807502747
248,450525,31,6109,0.08290477842092514,0.08290477842092514
249,456945,31,12529,0.08284047245979309,0.08284047245979309
250,457873,31,13457,0.08283840119838715,0.08283840119838715
251,458063,31,13647,0.08265756070613861,0.08265756070613861
252,453366,31,8950,0.08263672888278961,0.08263672888278961
253,446492,31,2076,0.08220724016427994,0.08220724016427994
254,433376,30,3296,0.08212018013000488,0.08212018013000488
255,444931,31,515,0.0814971849322319,0.0814971849322319
256,445413,31,997,0.08145135641098022,0.08145135641098022
257,447477,31,3061,0.08134318143129349,0.08134318143129349
258,444836,31,420,0.08105131983757019,0.08105131983757019
259,448185,31,3769,0.0809243842959404,0.0809243842959404
260,455266,31,10850,0.08063378930091858,0.08063378930091858
261,448107,31,3691,0.08057339489459991,0.08057339489459991
262,453989,31,9573,0.08056781440973282,0.08056781440973282
263,448281,31,3865,0.08047684282064438,0.08047684282064438
264,433411,30,3331,0.08045578747987747,0.08045578747987747
265,455826,31,11410,0.0804310292005539,0.0804310292005539
266,452609,31,8193,0.08033981919288635,0.08033981919288635
267,446890,31,2474,0.08022736012935638,0.08022736012935638
268,448175,31,3759,0.08009729534387589,0.08009729534387589
269,446452,31,2036,0.07997562736272812,0.07997562736272812
270,453587,31,9171,0.07980763167142868,0.07980763167142868
271,455132,31,10716,0.07972404360771179,0.07972404360771179
272,455036,31,10620,0.07927483320236206,0.07927483320236206
273,446128,31,1712,0.07900092005729675,0.07900092005729675
274,446209,31,1793,0.0786876454949379,0.0786876454949379
275,450682,31,6266,0.07858891040086746,0.07858891040086746
276,455766,31,11350,0.07854162156581879,0.07854162156581879
277,452798,31,8382,0.07853395491838455,0.07853395491838455
278,454003,31,9587,0.07849401980638504,0.07849401980638504
279,448046,31,3630,0.07848461717367172,0.07848461717367172
280,442983,30,12903,0.0783652663230896,0.0783652663230896
281,445474,31,1058,0.07827869802713394,0.07827869802713394
282,456449,31,12033,0.07823138684034348,0.07823138684034348
283,448032,31,3616,0.07815083116292953,0.07815083116292953
284,455758,31,11342,0.07781264185905457,0.07781264185905457
285,446604,31,2188,0.07638338953256607,0.07638338953256607
286,444832,31,416,0.07636871188879013,0.07636871188879013
287,455113,31,10697,0.07624757289886475,0.07624757289886475
288,452014,31,7598,0.07614386826753616,0.07614386826753616
289,453954,31,9538,0.07580261677503586,0.07580261677503586
290,451107,31,6691,0.07575201988220215,0.07575201988220215
291,449289,31,4873,0.07573272287845612,0.07573272287845612
292,431857,30,1777,0.07547907531261444,0.07547907531261444
293,416990,29,1246,0.07545951753854752,0.07545951753854752
294,455904,31,11488,0.07521088421344757,0.07521088421344757
295,454516,31,10100,0.0751107707619667,0.0751107707619667
296,443687,30,13607,0.07491780817508698,0.07491780817508698
297,443593,30,13513,0.07476072758436203,0.07476072758436203
298,453375,31,8959,0.07462594658136368,0.07462594658136368
299,447582,31,3166,0.07458141446113586,0.07458141446113586
300,451929,31,7513,0.07438239455223083,0.07438239455223083
301,451520,31,7104,0.07427073270082474,0.07427073270082474
302,451531,31,7115,0.07414162158966064,0.07414162158966064
303,458405,31,13989,0.07411496341228485,0.07411496341228485
304,445090,31,674,0.07396179437637329,0.07396179437637329
305,452199,31,7783,0.07390916347503662,0.07390916347503662
306,435104,30,5024,0.07347044348716736,0.07347044348716736
307,442096,30,12016,0.0733722373843193,0.0733722373843193
308,456588,31,12172,0.07329898327589035,0.07329898327589035
309,428732,29,12988,0.0731404647231102,0.0731404647231102
310,444689,31,273,0.07290399074554443,0.07290399074554443
311,454908,31,10492,0.07286632806062698,0.07286632806062698
312,424972,29,9228,0.07283187657594681,0.07283187657594681
313,456401,31,11985,0.07272550463676453,0.07272550463676453
314,447062,31,2646,0.07265724241733551,0.07265724241733551
315,457526,31,13110,0.07252676039934158,0.07252676039934158
316,452826,31,8410,0.07233952730894089,0.07233952730894089
317,457032,31,12616,0.07210878282785416,0.07210878282785416
318,449751,31,5335,0.07209590077400208,0.07209590077400208
319,439291,30,9211,0.07201571762561798,0.07201571762561798
320,454234,31,9818,0.07145390659570694,0.07145390659570694
321,458325,31,13909,0.07142111659049988,0.07142111659049988
322,453531,31,9115,0.07140844315290451,0.07140844315290451
323,441383,30,11303,0.0713144838809967,0.0713144838809967
324,451725,31,7309,0.0712251365184784,0.0712251365184784
325,444703,31,287,0.07107533514499664,0.07107533514499664
326,438796,30,8716,0.07098768651485443,0.07098768651485443
327,445935,31,1519,0.07097329199314117,0.07097329199314117
328,457478,31,13062,0.07074116915464401,0.07074116915464401
329,440805,30,10725,0.07069247961044312,0.07069247961044312
330,457708,31,13292,0.07058943063020706,0.07058943063020706
331,448614,31,4198,0.07047402113676071,0.07047402113676071
332,448431,31,4015,0.07040376216173172,0.07040376216173172
333,447073,31,2657,0.07018038630485535,0.07018038630485535
334,452089,31,7673,0.07013978809118271,0.07013978809118271
335,434577,30,4497,0.06990257650613785,0.06990257650613785
336,455199,31,10783,0.06982879340648651,0.06982879340648651
337,455440,31,11024,0.06959909945726395,0.06959909945726395
338,436974,30,6894,0.06942838430404663,0.06942838430404663
339,447459,31,3043,0.06924889236688614,0.06924889236688614
340,448346,31,3930,0.06922771036624908,0.06922771036624908
341,448790,31,4374,0.06918647885322571,0.06918647885322571
342,456054,31,11638,0.06857061386108398,0.06857061386108398
343,438642,30,8562,0.06774283945560455,0.06774283945560455
344,457446,31,13030,0.06771178543567657,0.06771178543567657
345,454649,31,10233,0.06722743064165115,0.06722743064165115
346,451150,31,6734,0.06700622290372849,0.06700622290372849
347,454036,31,9620,0.06685291975736618,0.06685291975736618
348,449077,31,4661,0.06644469499588013,0.06644469499588013
349,456096,31,11680,0.06639880686998367,0.06639880686998367
350,456714,31,12298,0.06629244238138199,0.06629244238138199
351,456111,31,11695,0.06623154133558273,0.06623154133558273
352,449560,31,5144,0.06584259122610092,0.06584259122610092
353,442230,30,12150,0.06570933014154434,0.06570933014154434
354,452645,31,8229,0.06534751504659653,0.06534751504659653
355,449010,31,4594,0.06531596183776855,0.06531596183776855
356,444853,31,437,0.06530013680458069,0.06530013680458069
357,449204,31,4788,0.06529463827610016,0.06529463827610016
358,454596,31,10180,0.06516436487436295,0.06516436487436295
359,453647,31,9231,0.06494195759296417,0.06494195759296417
360,446623,31,2207,0.0647621601819992,0.0647621601819992
361,457384,31,12968,0.06469739973545074,0.06469739973545074
362,450840,31,6424,0.06447438150644302,0.06447438150644302
363,445210,31,794,0.06407590955495834,0.06407590955495834
364,455849,31,11433,0.06404180079698563,0.06404180079698563
365,452008,31,7592,0.06400151550769806,0.06400151550769806
366,436026,30,5946,0.06393168121576309,0.06393168121576309
367,458230,31,13814,0.0638582706451416,0.0638582706451416
368,429864,29,14120,0.06368020921945572,0.06368020921945572
369,453208,31,8792,0.06362481415271759,0.06362481415271759
370,455496,31,11080,0.06320568919181824,0.06320568919181824
371,448062,31,3646,0.06299849599599838,0.06299849599599838
372,455426,31,11010,0.06251177936792374,0.06251177936792374
373,434850,30,4770,0.06244348734617233,0.06244348734617233
374,456862,31,12446,0.062417641282081604,0.062417641282081604
375,403056,28,1648,0.062240514904260635,0.062240514904260635
376,458224,31,13808,0.06199520081281662,0.06199520081281662
377,454430,31,10014,0.061756934970617294,0.061756934970617294
378,446155,31,1739,0.061744701117277145,0.061744701117277145
379,427394,29,11650,0.06147455424070358,0.06147455424070358
380,454390,31,9974,0.0611751526594162,0.0611751526594162
381,457991,31,13575,0.06113453954458237,0.06113453954458237
382,449038,31,4622,0.06105910241603851,0.06105910241603851
383,454750,31,10334,0.061055347323417664,0.061055347323417664
384,440920,30,10840,0.06089623272418976,0.06089623272418976
385,433983,30,3903,0.06087454780936241,0.06087454780936241
386,450488,31,6072,0.06079552695155144,0.06079552695155144
387,452999,31,8583,0.06074851006269455,0.06074851006269455
388,458523,31,14107,0.060583073645830154,0.060583073645830154
389,458064,31,13648,0.06050034612417221,0.06050034612417221
390,449958,31,5542,0.060340579599142075,0.060340579599142075
391,454887,31,10471,0.060251712799072266,0.060251712799072266
392,455610,31,11194,0.060121744871139526,0.060121744871139526
393,448774,31,4358,0.0599907711148262,0.0599907711148262
394,429909,29,14165,0.059963151812553406,0.059963151812553406
395,441654,30,11574,0.059875454753637314,0.059875454753637314
396,432306,30,2226,0.05955938622355461,0.05955938622355461
397,448595,31,4179,0.059557635337114334,0.059557635337114334
398,455853,31,11437,0.05948392674326897,0.05948392674326897
399,416878,29,1134,0.05944539234042168,0.05944539234042168
400,453200,31,8784,0.05926945433020592,0.05926945433020592
401,445909,31,1493,0.05919840931892395,0.05919840931892395
402,438033,30,7953,0.05911286175251007,0.05911286175251007
403,456056,31,11640,0.0589698851108551,0.0589698851108551
404,456329,31,11913,0.05882151052355766,0.05882151052355766
405,434262,30,4182,0.05880017578601837,0.05880017578601837
406,435985,30,5905,0.058643098920583725,0.058643098920583725
407,445573,31,1157,0.0585046224296093,0.0585046224296093
408,437755,30,7675,0.05842164158821106,0.05842164158821106
409,455651,31,11235,0.05827347934246063,0.05827347934246063
410,415998,29,254,0.05822088569402695,0.05822088569402695
411,429072,29,13328,0.05820624157786369,0.05820624157786369
412,447915,31,3499,0.058117736130952835,0.058117736130952835
413,458021,31,13605,0.05775763466954231,0.05775763466954231
414,447739,31,3323,0.05770765617489815,0.05770765617489815
415,452360,31,7944,0.057667817920446396,0.057667817920446396
416,378652,26,5916,0.057124752551317215,0.057124752551317215
417,431642,30,1562,0.057068824768066406,0.057068824768066406
418,437056,30,6976,0.05706784129142761,0.05706784129142761
419,431873,30,1793,0.05696144700050354,0.05696144700050354
420,443045,30,12965,0.05691671371459961,0.05691671371459961
421,433444,30,3364,0.056741051375865936,0.056741051375865936
422,429543,29,13799,0.05638623982667923,0.05638623982667923
423,447439,31,3023,0.05627397075295448,0.05627397075295448
424,421971,29,6227,0.056213438510894775,0.056213438510894775
425,446041,31,1625,0.05610227212309837,0.05610227212309837
426,437226,30,7146,0.056078020483255386,0.056078020483255386
427,454452,31,10036,0.055999547243118286,0.055999547243118286
428,435606,30,5526,0.05594312772154808,0.05594312772154808
429,433462,30,3382,0.055567868053913116,0.055567868053913116
430,454411,31,9995,0.055331919342279434,0.055331919342279434
431,438619,30,8539,0.0551016628742218,0.0551016628742218
432,446968,31,2552,0.05492093041539192,0.05492093041539192
433,436805,30,6725,0.054918721318244934,0.054918721318244934
434,447705,31,3289,0.05489308387041092,0.05489308387041092
435,448023,31,3607,0.05483796074986458,0.05483796074986458
436,456451,31,12035,0.05472378805279732,0.05472378805279732
437,409997,28,8589,0.05467652156949043,0.05467652156949043
438,439819,30,9739,0.05464551970362663,0.05464551970362663
439,450031,31,5615,0.05461256206035614,0.05461256206035614
440,456561,31,12145,0.05441652983427048,0.05441652983427048
441,442564,30,12484,0.05434524267911911,0.05434524267911911
442,445263,31,847,0.054188359528779984,0.054188359528779984
443,447860,31,3444,0.054008521139621735,0.054008521139621735
444,455204,31,10788,0.05364500731229782,0.05364500731229782
445,436163,30,6083,0.05363732576370239,0.05363732576370239
446,453463,31,9047,0.05335426330566406,0.05335426330566406
447,451821,31,7405,0.05323230102658272,0.05323230102658272
448,449458,31,5042,0.053001441061496735,0.053001441061496735
449,433866,30,3786,0.05283917859196663,0.05283917859196663
450,445702,31,1286,0.05280434340238571,0.05280434340238571
451,454489,31,10073,0.052784767001867294,0.052784767001867294
452,446335,31,1919,0.052548013627529144,0.052548013627529144
453,435016,30,4936,0.052484359592199326,0.052484359592199326
454,445581,31,1165,0.052474260330200195,0.052474260330200195
455,437508,30,7428,0.05242188647389412,0.05242188647389412
456,438806,30,8726,0.05239826440811157,0.05239826440811157
457,439537,30,9457,0.05226826295256615,0.05226826295256615
458,447047,31,2631,0.052036650478839874,0.052036650478839874
459,419490,29,3746,0.05173170194029808,0.05173170194029808
460,453049,31,8633,0.051685724407434464,0.051685724407434464
461,433426,30,3346,0.05164281278848648,0.05164281278848648
462,453541,31,9125,0.05159865692257881,0.05159865692257881
463,420662,29,4918,0.051536835730075836,0.051536835730075836
464,323906,22,8514,0.051476746797561646,0.051476746797561646
465,447847,31,3431,0.051337312906980515,0.051337312906980515
466,456609,31,12193,0.05116909742355347,0.05116909742355347
467,454938,31,10522,0.051102038472890854,0.051102038472890854
468,450230,31,5814,0.051084280014038086,0.051084280014038086
469,437069,30,6989,0.05101265013217926,0.05101265013217926
470,456572,31,12156,0.05097220465540886,0.05097220465540886
471,434115,30,4035,0.0509098619222641,0.0509098619222641
472,431251,30,1171,0.05084788799285889,0.05084788799285889
473,451845,31,7429,0.05080430209636688,0.05080430209636688
474,452200,31,7784,0.050792135298252106,0.050792135298252106
475,430639,30,559,0.050753165036439896,0.050753165036439896
476,450220,31,5804,0.05070611461997032,0.05070611461997032
477,446531,31,2115,0.05070006474852562,0.05070006474852562
478,439218,30,9138,0.050697628408670425,0.050697628408670425
479,439317,30,9237,0.05058979615569115,0.05058979615569115
480,453917,31,9501,0.050343673676252365,0.050343673676252365
481,457000,31,12584,0.050220053642988205,0.050220053642988205
482,436844,30,6764,0.05020613595843315,0.05020613595843315
483,446682,31,2266,0.05018376186490059,0.05018376186490059
484,445655,31,1239,0.05014558881521225,0.05014558881521225
485,446214,31,1798,0.050103481858968735,0.050103481858968735
486,445652,31,1236,0.05007642135024071,0.05007642135024071
487,432049,30,1969,0.050071731209754944,0.050071731209754944
488,446001,31,1585,0.04987258464097977,0.04987258464097977
489,444295,30,14215,0.0497862808406353,0.0497862808406353
490,447291,31,2875,0.049537088721990585,0.049537088721990585
491,447364,31,2948,0.04949876666069031,0.04949876666069031
492,453688,31,9272,0.049425650388002396,0.049425650388002396
493,432483,30,2403,0.04933418706059456,0.04933418706059456
494,437543,30,7463,0.04924308508634567,0.04924308508634567
495,433807,30,3727,0.048994529992341995,0.048994529992341995
496,429094,29,13350,0.04893050342798233,0.04893050342798233
497,448718,31,4302,0.04889032617211342,0.04889032617211342
498,450382,31,5966,0.04876222461462021,0.04876222461462021
499,450313,31,5897,0.04864858463406563,0.04864858463406563
500,436619,30,6539,0.04855502396821976,0.04855502396821976
501,458155,31,13739,0.04843379929661751,0.04843379929661751
502,443139,30,13059,0.04834403842687607,0.04834403842687607
503,417949,29,2205,0.04832034185528755,0.04832034185528755
504,437384,30,7304,0.04813554883003235,0.04813554883003235
505,423093,29,7349,0.04812122508883476,0.04812122508883476
506,431609,30,1529,0.04767942056059837,0.04767942056059837
507,452915,31,8499,0.04766176640987396,0.04766176640987396
508,433775,30,3695,0.047641318291425705,0.047641318291425705
509,436458,30,6378,0.047371722757816315,0.047371722757816315
510,453400,31,8984,0.04732139781117439,0.04732139781117439
511,457644,31,13228,0.04724061116576195,0.04724061116576195
512,440511,30,10431,0.047042734920978546,0.047042734920978546
513,455614,31,11198,0.04694390669465065,0.04694390669465065
514,446344,31,1928,0.04693599045276642,0.04693599045276642
515,448453,31,4037,0.046860840171575546,0.046860840171575546
516,452476,31,8060,0.04683016240596771,0.04683016240596771
517,442467,30,12387,0.04636620730161667,0.04636620730161667
518,442474,30,12394,0.046253107488155365,0.046253107488155365
519,449577,31,5161,0.04605191946029663,0.04605191946029663
520,458715,31,14299,0.04599674046039581,0.04599674046039581
521,437674,30,7594,0.045970119535923004,0.045970119535923004
522,454581,31,10165,0.045953646302223206,0.045953646302223206
523,451933,31,7517,0.045949824154376984,0.045949824154376984
524,438303,30,8223,0.0459279827773571,0.0459279827773571
525,431875,30,1795,0.045873649418354034,0.045873649418354034
526,455997,31,11581,0.04586630314588547,0.04586630314588547
527,455872,31,11456,0.04585697501897812,0.04585697501897812
528,451366,31,6950,0.045778535306453705,0.045778535306453705
529,450722,31,6306,0.04576883465051651,0.04576883465051651
530,430944,30,864,0.04566703364253044,0.04566703364253044
531,446053,31,1637,0.045628439635038376,0.045628439635038376
532,450780,31,6364,0.045487821102142334,0.045487821102142334
533,442092,30,12012,0.045474689453840256,0.045474689453840256
534,447633,31,3217,0.045473236590623856,0.045473236590623856
535,439513,30,9433,0.04517704248428345,0.04517704248428345
536,442540,30,12460,0.04497552663087845,0.04497552663087845
537,447520,31,3104,0.04481673240661621,0.04481673240661621
538,448138,31,3722,0.04468291997909546,0.04468291997909546
539,451538,31,7122,0.04460204765200615,0.04460204765200615
540,449337,31,4921,0.04449436441063881,0.04449436441063881
541,432276,30,2196,0.04447891563177109,0.04447891563177109
542,443306,30,13226,0.04430042952299118,0.04430042952299118
543,440045,30,9965,0.04424545168876648,0.04424545168876648
544,448917,31,4501,0.044218361377716064,0.044218361377716064
545,444705,31,289,0.044183798134326935,0.044183798134326935
546,454044,31,9628,0.04407641291618347,0.04407641291618347
547,452122,31,7706,0.04407396912574768,0.04407396912574768
548,422835,29,7091,0.04404544457793236,0.04404544457793236
549,436028,30,5948,0.04404522851109505,0.04404522851109505
550,457232,31,12816,0.04373573511838913,0.04373573511838913
551,450052,31,5636,0.0436653271317482,0.0436653271317482
552,452463,31,8047,0.04366300627589226,0.04366300627589226
553,458477,31,14061,0.043626196682453156,0.043626196682453156
554,431544,30,1464,0.04356127977371216,0.04356127977371216
555,455398,31,10982,0.04343448951840401,0.04343448951840401
556,444649,31,233,0.043160323053598404,0.043160323053598404
557,455851,31,11435,0.04315648600459099,0.04315648600459099
558,439129,30,9049,0.04315318912267685,0.04315318912267685
559,433780,30,3700,0.04312961921095848,0.04312961921095848
560,440086,30,10006,0.04309159517288208,0.04309159517288208
561,454384,31,9968,0.04296937212347984,0.04296937212347984
562,408005,28,6597,0.04294480383396149,0.04294480383396149
563,453148,31,8732,0.04291906580328941,0.04291906580328941
564,447359,31,2943,0.04281046241521835,0.04281046241521835
565,453007,31,8591,0.042735591530799866,0.042735591530799866
566,458635,31,14219,0.04273032397031784,0.04273032397031784
567,457804,31,13388,0.04268438741564751,0.04268438741564751
568,447438,31,3022,0.042642902582883835,0.042642902582883835
569,450064,31,5648,0.04262036457657814,0.04262036457657814
570,456693,31,12277,0.04261651262640953,0.04261651262640953
571,453187,31,8771,0.04259084165096283,0.04259084165096283
572,439327,30,9247,0.042477287352085114,0.042477287352085114
573,456776,31,12360,0.042441267520189285,0.042441267520189285
574,444324,30,14244,0.042425837367773056,0.042425837367773056
575,456014,31,11598,0.042376138269901276,0.042376138269901276
576,448287,31,3871,0.04227925091981888,0.04227925091981888
577,445202,31,786,0.042230963706970215,0.042230963706970215
578,433571,30,3491,0.04219441115856171,0.04219441115856171
579,456581,31,12165,0.04194192215800285,0.04194192215800285
580,431881,30,1801,0.04175504297018051,0.04175504297018051
581,446504,31,2088,0.04170002043247223,0.04170002043247223
582,452688,31,8272,0.04164654389023781,0.04164654389023781
583,449699,31,5283,0.04159973934292793,0.04159973934292793
584,412975,28,11567,0.0415395125746727,0.0415395125746727
585,435629,30,5549,0.04147297516465187,0.04147297516465187
586,450268,31,5852,0.04143437743186951,0.04143437743186951
587,400929,27,13857,0.04140421748161316,0.04140421748161316
588,443127,30,13047,0.04127487167716026,0.04127487167716026
589,446645,31,2229,0.041240300983190536,0.041240300983190536
590,435439,30,5359,0.04116585850715637,0.04116585850715637
591,446419,31,2003,0.04116109013557434,0.04116109013557434
592,450995,31,6579,0.041124917566776276,0.041124917566776276
593,438791,30,8711,0.04083888232707977,0.04083888232707977
594,455861,31,11445,0.04063611477613449,0.04063611477613449
595,458170,31,13754,0.040543083101511,0.040543083101511
596,447272,31,2856,0.04033786058425903,0.04033786058425903
597,452776,31,8360,0.04033755138516426,0.04033755138516426
598,452354,31,7938,0.04031036049127579,0.04031036049127579
599,431877,30,1797,0.040258485823869705,0.040258485823869705
600,431801,30,1721,0.04023980721831322,0.04023980721831322
601,450138,31,5722,0.040159113705158234,0.040159113705158234
602,450475,31,6059,0.04008157178759575,0.04008157178759575
603,453543,31,9127,0.04007914662361145,0.04007914662361145
604,440219,30,10139,0.040050435811281204,0.040050435811281204
605,453507,31,9091,0.03994886577129364,0.03994886577129364
606,449399,31,4983,0.0398685559630394,0.0398685559630394
607,439671,30,9591,0.03982362523674965,0.03982362523674965
608,455905,31,11489,0.039801225066185,0.039801225066185
609,422603,29,6859,0.039767488837242126,0.039767488837242126
610,446569,31,2153,0.03974291682243347,0.03974291682243347
611,454547,31,10131,0.039733272045850754,0.039733272045850754
612,444761,31,345,0.03968873247504234,0.03968873247504234
613,446729,31,2313,0.03961678966879845,0.03961678966879845
614,443839,30,13759,0.03948401287198067,0.03948401287198067
615,451141,31,6725,0.03945137560367584,0.03945137560367584
616,458737,31,14321,0.0392284132540226,0.0392284132540226
617,453023,31,8607,0.039159681648015976,0.039159681648015976
618,447626,31,3210,0.03909064829349518,0.03909064829349518
619,416161,29,417,0.039041537791490555,0.039041537791490555
620,451454,31,7038,0.03896232321858406,0.03896232321858406
621,432707,30,2627,0.03882962465286255,0.03882962465286255
622,442338,30,12258,0.03873462229967117,0.03873462229967117
623,450492,31,6076,0.03873203694820404,0.03873203694820404
624,456450,31,12034,0.0387292206287384,0.0387292206287384
625,456185,31,11769,0.03855930268764496,0.03855930268764496
626,448589,31,4173,0.0385146290063858,0.0385146290063858
627,447238,31,2822,0.03836315870285034,0.03836315870285034
628,452716,31,8300,0.03820886090397835,0.03820886090397835
629,439166,30,9086,0.03820192441344261,0.03820192441344261
630,425339,29,9595,0.038171857595443726,0.038171857595443726
631,450477,31,6061,0.038163427263498306,0.038163427263498306
632,430219,30,139,0.038149554282426834,0.038149554282426834
633,455364,31,10948,0.03803128004074097,0.03803128004074097
634,458299,31,13883,0.03795722872018814,0.03795722872018814
635,456839,31,12423,0.03778987377882004,0.03778987377882004
636,446362,31,1946,0.0376095250248909,0.0376095250248909
637,456850,31,12434,0.03753562644124031,0.03753562644124031
638,457146,31,12730,0.03741549327969551,0.03741549327969551
639,436796,30,6716,0.037374094128608704,0.037374094128608704
640,458015,31,13599,0.0373440757393837,0.0373440757393837
641,444493,31,77,0.03716782480478287,0.03716782480478287
642,437079,30,6999,0.03711612522602081,0.03711612522602081
643,436160,30,6080,0.0370621457695961,0.0370621457695961
644,438719,30,8639,0.037019260227680206,0.037019260227680206
645,448561,31,4145,0.03700544685125351,0.03700544685125351
646,456729,31,12313,0.03697895631194115,0.03697895631194115
647,445298,31,882,0.03697013482451439,0.03697013482451439
648,444189,30,14109,0.036958470940589905,0.036958470940589905
649,434157,30,4077,0.036955155432224274,0.036955155432224274
650,451705,31,7289,0.03683629259467125,0.03683629259467125
651,457595,31,13179,0.036733534187078476,0.036733534187078476
652,453300,31,8884,0.036675356328487396,0.036675356328487396
653,435874,30,5794,0.036652401089668274,0.036652401089668274
654,447046,31,2630,0.036573272198438644,0.036573272198438644
655,404215,28,2807,0.036562755703926086,0.036562755703926086
656,450546,31,6130,0.03642617166042328,0.03642617166042328
657,438991,30,8911,0.036401260644197464,0.036401260644197464
658,431537,30,1457,0.036375705152750015,0.036375705152750015
659,446350,31,1934,0.036338649690151215,0.036338649690151215
660,441649,30,11569,0.036298967897892,0.036298967897892
661,447367,31,2951,0.03628208488225937,0.03628208488225937
662,454724,31,10308,0.03616376593708992,0.03616376593708992
663,457432,31,13016,0.035979144275188446,0.035979144275188446
664,407441,28,6033,0.03594221919775009,0.03594221919775009
665,445447,31,1031,0.03592460975050926,0.03592460975050926
666,446639,31,2223,0.03582083433866501,0.03582083433866501
667,441184,30,11104,0.035810183733701706,0.035810183733701706
668,453937,31,9521,0.035800982266664505,0.035800982266664505
669,448383,31,3967,0.03577541932463646,0.03577541932463646
670,445347,31,931,0.035737358033657074,0.035737358033657074
671,446094,31,1678,0.03571435809135437,0.03571435809135437
672,446637,31,2221,0.03565364331007004,0.03565364331007004
673,427386,29,11642,0.03560078144073486,0.03560078144073486
674,452787,31,8371,0.03554825857281685,0.03554825857281685
675,452480,31,8064,0.03535383567214012,0.03535383567214012
676,436236,30,6156,0.0352477952837944,0.0352477952837944
677,426410,29,10666,0.035246603190898895,0.035246603190898895
678,439868,30,9788,0.035184748470783234,0.035184748470783234
679,447900,31,3484,0.035103749483823776,0.035103749483823776
680,444015,30,13935,0.035079676657915115,0.035079676657915115
681,450009,31,5593,0.035026971250772476,0.035026971250772476
682,454208,31,9792,0.03502603620290756,0.03502603620290756
683,450991,31,6575,0.03498782962560654,0.03498782962560654
684,441102,30,11022,0.03496764972805977,0.03496764972805977
685,435220,30,5140,0.03490947559475899,0.03490947559475899
686,429566,29,13822,0.034837931394577026,0.034837931394577026
687,455790,31,11374,0.034815769642591476,0.034815769642591476
688,427014,29,11270,0.0347033366560936,0.0347033366560936
689,434518,30,4438,0.03468381613492966,0.03468381613492966
690,456068,31,11652,0.03458167985081673,0.03458167985081673
691,453271,31,8855,0.03449373319745064,0.03449373319745064
692,427992,29,12248,0.034466229379177094,0.034466229379177094
693,457566,31,13150,0.0344611220061779,0.0344611220061779
694,448146,31,3730,0.03444590047001839,0.03444590047001839
695,456783,31,12367,0.03443816676735878,0.03443816676735878
696,337436,23,7708,0.03441213071346283,0.03441213071346283
697,449226,31,4810,0.03440472483634949,0.03440472483634949
698,449223,31,4807,0.034275077283382416,0.034275077283382416
699,439788,30,9708,0.03424529731273651,0.03424529731273651
700,458639,31,14223,0.03423604741692543,0.03423604741692543
701,447546,31,3130,0.034166544675827026,0.034166544675827026
702,457428,31,13012,0.03414931520819664,0.03414931520819664
703,446980,31,2564,0.03408107906579971,0.03408107906579971
704,426052,29,10308,0.034078486263751984,0.034078486263751984
705,453116,31,8700,0.03398386761546135,0.03398386761546135
706,431601,30,1521,0.03386827930808067,0.03386827930808067
707,446171,31,1755,0.03384789079427719,0.03384789079427719
708,455956,31,11540,0.03377096354961395,0.03377096354961395
709,455899,31,11483,0.03368872404098511,0.03368872404098511
710,456984,31,12568,0.03365931287407875,0.03365931287407875
711,455680,31,11264,0.033629193902015686,0.033629193902015686
712,441584,30,11504,0.03358732536435127,0.03358732536435127
713,446393,31,1977,0.03356321156024933,0.03356321156024933
714,450909,31,6493,0.03354784473776817,0.03354784473776817
715,390850,27,3778,0.03349381312727928,0.03349381312727928
716,444968,31,552,0.03347434848546982,0.03347434848546982
717,440037,30,9957,0.03347339108586311,0.03347339108586311
718,451509,31,7093,0.03345199301838875,0.03345199301838875
719,456232,31,11816,0.033361732959747314,0.033361732959747314
720,416002,29,258,0.03333349525928497,0.03333349525928497
721,444597,31,181,0.03331827372312546,0.03331827372312546
722,458026,31,13610,0.033288612961769104,0.033288612961769104
723,447667,31,3251,0.03324604034423828,0.03324604034423828
724,443928,30,13848,0.033241692930459976,0.033241692930459976
725,435161,30,5081,0.03324093669652939,0.03324093669652939
726,434386,30,4306,0.03323136270046234,0.03323136270046234
727,449042,31,4626,0.03314714506268501,0.03314714506268501
728,455475,31,11059,0.03314412012696266,0.03314412012696266
729,457129,31,12713,0.033045895397663116,0.033045895397663116
730,457720,31,13304,0.033041566610336304,0.033041566610336304
731,433232,30,3152,0.0330267958343029,0.0330267958343029
732,455659,31,11243,0.03299659863114357,0.03299659863114357
733,444923,31,507,0.03297806158661842,0.03297806158661842
734,426470,29,10726,0.032956551760435104,0.032956551760435104
735,457187,31,12771,0.032927751541137695,0.032927751541137695
736,446761,31,2345,0.03287912532687187,0.03287912532687187
737,423467,29,7723,0.032794076949357986,0.032794076949357986
738,438571,30,8491,0.03261208534240723,0.03261208534240723
739,444526,31,110,0.0325612835586071,0.0325612835586071
740,445545,31,1129,0.03255001828074455,0.03255001828074455
741,450253,31,5837,0.032536331564188004,0.032536331564188004
742,452919,31,8503,0.03245600312948227,0.03245600312948227
743,448976,31,4560,0.03240381181240082,0.03240381181240082
744,378806,26,6070,0.032393209636211395,0.032393209636211395
745,455969,31,11553,0.03238455578684807,0.03238455578684807
746,441169,30,11089,0.032257650047540665,0.032257650047540665
747,447684,31,3268,0.03224113956093788,0.03224113956093788
748,454510,31,10094,0.03220647573471069,0.03220647573471069
749,452260,31,7844,0.03219200670719147,0.03219200670719147
750,414999,28,13591,0.03217879310250282,0.03217879310250282
751,455934,31,11518,0.03217839077115059,0.03217839077115059
752,446389,31,1973,0.03209036961197853,0.03209036961197853
753,449647,31,5231,0.032069116830825806,0.032069116830825806
754,451324,31,6908,0.03195593133568764,0.03195593133568764
755,437952,30,7872,0.03191277012228966,0.03191277012228966
756,445246,31,830,0.031881269067525864,0.031881269067525864
757,448662,31,4246,0.03184936195611954,0.03184936195611954
758,454764,31,10348,0.03180881217122078,0.03180881217122078
759,453742,31,9326,0.03174335137009621,0.03174335137009621
760,435416,30,5336,0.031736403703689575,0.031736403703689575
761,452747,31,8331,0.03171636536717415,0.03171636536717415
762,438511,30,8431,0.03170809894800186,0.03170809894800186
763,425143,29,9399,0.03170761466026306,0.03170761466026306
764,457674,31,13258,0.03170445188879967,0.03170445188879967
765,435122,30,5042,0.03161545470356941,0.03161545470356941
766,429769,29,14025,0.0315738208591938,0.0315738208591938
767,362297,25,3897,0.031559694558382034,0.031559694558382034
768,435627,30,5547,0.03154183551669121,0.03154183551669121
769,446403,31,1987,0.0315164253115654,0.0315164253115654
770,447163,31,2747,0.03147536516189575,0.03147536516189575
771,430502,30,422,0.03146926313638687,0.03146926313638687
772,427653,29,11909,0.031396299600601196,0.031396299600601196
773,457326,31,12910,0.03139345720410347,0.03139345720410347
774,449239,31,4823,0.031368501484394073,0.031368501484394073
775,407341,28,5933,0.031364526599645615,0.031364526599645615
776,405310,28,3902,0.031330257654190063,0.031330257654190063
777,430805,30,725,0.03128994256258011,0.03128994256258011
778,410141,28,8733,0.03125239163637161,0.03125239163637161
779,455692,31,11276,0.03123684599995613,0.03123684599995613
780,455672,31,11256,0.03116477280855179,0.03116477280855179
781,451694,31,7278,0.03110961988568306,0.03110961988568306
782,454282,31,9866,0.031032204627990723,0.031032204627990723
783,449170,31,4754,0.031028399243950844,0.031028399243950844
784,439799,30,9719,0.031014414504170418,0.031014414504170418
785,448536,31,4120,0.030963459983468056,0.030963459983468056
786,449853,31,5437,0.03093484789133072,0.03093484789133072
787,444796,31,380,0.030934156849980354,0.030934156849980354
788,436380,30,6300,0.03086165152490139,0.03086165152490139
789,420690,29,4946,0.030850298702716827,0.030850298702716827
790,446629,31,2213,0.03080153465270996,0.03080153465270996
791,456243,31,11827,0.030777301639318466,0.030777301639318466
792,418154,29,2410,0.03075656108558178,0.03075656108558178
793,457184,31,12768,0.030756505206227303,0.030756505206227303
794,430953,30,873,0.03075341321527958,0.03075341321527958
795,440848,30,10768,0.03073405846953392,0.03073405846953392
796,430403,30,323,0.03070775233209133,0.03070775233209133
797,442488,30,12408,0.030672863125801086,0.030672863125801086
798,436743,30,6663,0.030633918941020966,0.030633918941020966
799,450589,31,6173,0.030627677217125893,0.030627677217125893
800,455069,31,10653,0.030626242980360985,0.030626242980360985
801,452042,31,7626,0.03059738129377365,0.03059738129377365
802,457892,31,13476,0.030564026907086372,0.030564026907086372
803,419234,29,3490,0.03053165227174759,0.03053165227174759
804,417454,29,1710,0.030530506744980812,0.030530506744980812
805,426839,29,11095,0.030494576320052147,0.030494576320052147
806,458037,31,13621,0.030479993671178818,0.030479993671178818
807,457498,31,13082,0.030426202341914177,0.030426202341914177
808,449710,31,5294,0.03042377531528473,0.03042377531528473
809,395212,27,8140,0.030368594452738762,0.030368594452738762
810,454991,31,10575,0.030368521809577942,0.030368521809577942
811,451827,31,7411,0.030344007536768913,0.030344007536768913
812,453337,31,8921,0.03033456765115261,0.03033456765115261
813,442326,30,12246,0.030310574918985367,0.030310574918985367
814,444602,31,186,0.03029949776828289,0.03029949776828289
815,434342,30,4262,0.030258191749453545,0.030258191749453545
816,456546,31,12130,0.030230963602662086,0.030230963602662086
817,458506,31,14090,0.030215686187148094,0.030215686187148094
818,453803,31,9387,0.030208786949515343,0.030208786949515343
819,451601,31,7185,0.030187658965587616,0.030187658965587616
820,430842,30,762,0.03018559329211712,0.03018559329211712
821,454918,31,10502,0.030153950676321983,0.030153950676321983
822,445048,31,632,0.030142582952976227,0.030142582952976227
823,455802,31,11386,0.030130594968795776,0.030130594968795776
824,419460,29,3716,0.030071528628468513,0.030071528628468513
825,452658,31,8242,0.030068719759583473,0.030068719759583473
826,341493,23,11765,0.02999071031808853,0.02999071031808853
827,444449,31,33,0.0299708042293787,0.0299708042293787
828,448789,31,4373,0.02993164397776127,0.02993164397776127
829,435911,30,5831,0.029928071424365044,0.029928071424365044
830,444490,31,74,0.0299025047570467,0.0299025047570467
831,443667,30,13587,0.029843639582395554,0.029843639582395554
832,452983,31,8567,0.029836319386959076,0.029836319386959076
833,450251,31,5835,0.029757440090179443,0.029757440090179443
834,458046,31,13630,0.029707133769989014,0.029707133769989014
835,431333,30,1253,0.029699428007006645,0.029699428007006645
836,453927,31,9511,0.029694614931941032,0.029694614931941032
837,454972,31,10556,0.029686253517866135,0.029686253517866135
838,447091,31,2675,0.029547883197665215,0.029547883197665215
839,450498,31,6082,0.029522376134991646,0.029522376134991646
840,436513,30,6433,0.029512304812669754,0.029512304812669754
841,458108,31,13692,0.029451344162225723,0.029451344162225723
842,454868,31,10452,0.0294412299990654,0.0294412299990654
843,445306,31,890,0.029289348050951958,0.029289348050951958
844,448151,31,3735,0.029288342222571373,0.029288342222571373
845,445821,31,1405,0.02928725816309452,0.02928725816309452
846,419792,29,4048,0.029269440099596977,0.029269440099596977
847,450643,31,6227,0.02926180511713028,0.02926180511713028
848,454935,31,10519,0.02917362190783024,0.02917362190783024
849,416731,29,987,0.029078271239995956,0.029078271239995956
850,437490,30,7410,0.02900327555835247,0.02900327555835247
851,457458,31,13042,0.028992855921387672,0.028992855921387672
852,416053,29,309,0.028959032148122787,0.028959032148122787
853,426826,29,11082,0.028919009491801262,0.028919009491801262
854,456337,31,11921,0.02891230583190918,0.02891230583190918
855,454929,31,10513,0.028906313702464104,0.028906313702464104
856,456394,31,11978,0.028880473226308823,0.028880473226308823
857,449703,31,5287,0.02885848842561245,0.02885848842561245
858,447677,31,3261,0.028849497437477112,0.028849497437477112
859,452247,31,7831,0.028817826882004738,0.028817826882004738
860,454745,31,10329,0.02880001999437809,0.02880001999437809
861,424312,29,8568,0.028790278360247612,0.028790278360247612
862,434000,30,3920,0.028789974749088287,0.028789974749088287
863,448645,31,4229,0.02878696471452713,0.02878696471452713
864,409539,28,8131,0.02874141000211239,0.02874141000211239
865,457964,31,13548,0.028722163289785385,0.028722163289785385
866,436411,30,6331,0.028711257502436638,0.028711257502436638
867,449350,31,4934,0.028688399121165276,0.028688399121165276
868,445295,31,879,0.028680410236120224,0.028680410236120224
869,432763,30,2683,0.02863672375679016,0.02863672375679016
870,449236,31,4820,0.028634266927838326,0.028634266927838326
871,455963,31,11547,0.028580959886312485,0.028580959886312485
872,454904,31,10488,0.02853229083120823,0.02853229083120823
873,456676,31,12260,0.028515085577964783,0.028515085577964783
874,448942,31,4526,0.028514010831713676,0.028514010831713676
875,455222,31,10806,0.028438372537493706,0.028438372537493706
876,451342,31,6926,0.02842661365866661,0.02842661365866661
877,453466,31,9050,0.028360016644001007,0.028360016644001007
878,380345,26,7609,0.028300173580646515,0.028300173580646515
879,458507,31,14091,0.028268909081816673,0.028268909081816673
880,456115,31,11699,0.02824375033378601,0.02824375033378601
881,449907,31,5491,0.028236305341124535,0.028236305341124535
882,384515,26,11779,0.028231779113411903,0.028231779113411903
883,436504,30,6424,0.028231576085090637,0.028231576085090637
884,436542,30,6462,0.0282216127961874,0.0282216127961874
885,449380,31,4964,0.028210213407874107,0.028210213407874107
886,454319,31,9903,0.02820632793009281,0.02820632793009281
887,454318,31,9902,0.028161171823740005,0.028161171823740005
888,431003,30,923,0.02813178487122059,0.02813178487122059
889,453415,31,8999,0.028128454461693764,0.028128454461693764
890,440103,30,10023,0.028067322447896004,0.028067322447896004
891,448387,31,3971,0.02798953279852867,0.02798953279852867
892,454150,31,9734,0.027941780164837837,0.027941780164837837
893,430165,30,85,0.02794000692665577,0.02794000692665577
894,446631,31,2215,0.027918072417378426,0.027918072417378426
895,430886,30,806,0.027911586686968803,0.027911586686968803
896,451417,31,7001,0.027910735458135605,0.027910735458135605
897,454591,31,10175,0.02787196636199951,0.02787196636199951
898,452263,31,7847,0.027871813625097275,0.027871813625097275
899,451743,31,7327,0.02784198708832264,0.02784198708832264
900,437743,30,7663,0.027836332097649574,0.027836332097649574
901,457135,31,12719,0.027802901342511177,0.027802901342511177
902,445219,31,803,0.02779959701001644,0.02779959701001644
903,458241,31,13825,0.02774796448647976,0.02774796448647976
904,458258,31,13842,0.027735909447073936,0.027735909447073936
905,455085,31,10669,0.02773127146065235,0.02773127146065235
906,435169,30,5089,0.02769727073609829,0.02769727073609829
907,451874,31,7458,0.027650248259305954,0.027650248259305954
908,432842,30,2762,0.02757950872182846,0.02757950872182846
909,409824,28,8416,0.027568161487579346,0.027568161487579346
910,449194,31,4778,0.027529720216989517,0.027529720216989517
911,426330,29,10586,0.027514228597283363,0.027514228597283363
912,415016,28,13608,0.027501167729496956,0.027501167729496956
913,449622,31,5206,0.027499111369252205,0.027499111369252205
914,433221,30,3141,0.027497664093971252,0.027497664093971252
915,446048,31,1632,0.02747459150850773,0.02747459150850773
916,452528,31,8112,0.027450283989310265,0.027450283989310265
917,452282,31,7866,0.027437040582299232,0.027437040582299232
918,452536,31,8120,0.027426723390817642,0.027426723390817642
919,453880,31,9464,0.02741687372326851,0.02741687372326851
920,432593,30,2513,0.027412615716457367,0.027412615716457367
921,448027,31,3611,0.02739591896533966,0.02739591896533966
922,442367,30,12287,0.02735900692641735,0.02735900692641735
923,448236,31,3820,0.027335969731211662,0.027335969731211662
924,458627,31,14211,0.02727379836142063,0.02727379836142063
925,453497,31,9081,0.027269529178738594,0.027269529178738594
926,439194,30,9114,0.027264729142189026,0.027264729142189026
927,458432,31,14016,0.027253728359937668,0.027253728359937668
928,441564,30,11484,0.027225762605667114,0.027225762605667114
929,451564,31,7148,0.02722238190472126,0.02722238190472126
930,439974,30,9894,0.027186844497919083,0.027186844497919083
931,455524,31,11108,0.027163147926330566,0.027163147926330566
932,443340,30,13260,0.02714957855641842,0.02714957855641842
933,439335,30,9255,0.02711479924619198,0.02711479924619198
934,447215,31,2799,0.02706337720155716,0.02706337720155716
935,455208,31,10792,0.02706078626215458,0.02706078626215458
936,458705,31,14289,0.02703947015106678,0.02703947015106678
937,433113,30,3033,0.027009766548871994,0.027009766548871994
938,448714,31,4298,0.027000991627573967,0.027000991627573967
939,427116,29,11372,0.0269898921251297,0.0269898921251297
940,441227,30,11147,0.026949657127261162,0.026949657127261162
941,458428,31,14012,0.026933422312140465,0.026933422312140465
942,452054,31,7638,0.02691487781703472,0.02691487781703472
943,446408,31,1992,0.026881469413638115,0.026881469413638115
944,455902,31,11486,0.026868881657719612,0.026868881657719612
945,430162,30,82,0.026859337463974953,0.026859337463974953
946,454631,31,10215,0.026838412508368492,0.026838412508368492
947,398901,27,11829,0.026810605078935623,0.026810605078935623
948,451092,31,6676,0.026796402409672737,0.026796402409672737
949,445025,31,609,0.02678143046796322,0.02678143046796322
950,432554,30,2474,0.02677040733397007,0.02677040733397007
951,450329,31,5913,0.026764394715428352,0.026764394715428352
952,434245,30,4165,0.026756903156638145,0.026756903156638145
953,449106,31,4690,0.02675575390458107,0.02675575390458107
954,452100,31,7684,0.026749825105071068,0.026749825105071068
955,416919,29,1175,0.026730671525001526,0.026730671525001526
956,457784,31,13368,0.02667832002043724,0.02667832002043724
957,416410,29,666,0.026668773964047432,0.026668773964047432
958,453919,31,9503,0.026660790666937828,0.026660790666937828
959,448511,31,4095,0.026653900742530823,0.026653900742530823
960,456154,31,11738,0.026652496308088303,0.026652496308088303
961,443502,30,13422,0.026638058945536613,0.026638058945536613
962,427529,29,11785,0.026618119329214096,0.026618119329214096
963,456259,31,11843,0.02660137228667736,0.02660137228667736
964,455405,31,10989,0.026595938950777054,0.026595938950777054
965,453923,31,9507,0.026578161865472794,0.026578161865472794
966,455554,31,11138,0.02657453902065754,0.02657453902065754
967,454761,31,10345,0.026513641700148582,0.026513641700148582
968,455850,31,11434,0.026487870141863823,0.026487870141863823
969,426577,29,10833,0.02647794969379902,0.02647794969379902
970,454549,31,10133,0.026412006467580795,0.026412006467580795
971,450575,31,6159,0.02637637034058571,0.02637637034058571
972,448165,31,3749,0.02636895328760147,0.02636895328760147
973,443756,30,13676,0.02636372111737728,0.02636372111737728
974,451993,31,7577,0.026350848376750946,0.026350848376750946
975,439413,30,9333,0.026250598952174187,0.026250598952174187
976,366410,25,8010,0.02621643617749214,0.02621643617749214
977,455925,31,11509,0.026206782087683678,0.026206782087683678
978,452635,31,8219,0.02614813856780529,0.02614813856780529
979,429001,29,13257,0.026131289079785347,0.026131289079785347
980,451609,31,7193,0.02609412558376789,0.02609412558376789
981,448637,31,4221,0.026086360216140747,0.026086360216140747
982,454081,31,9665,0.02607651799917221,0.02607651799917221
983,446462,31,2046,0.02606048621237278,0.02606048621237278
984,447867,31,3451,0.026046833023428917,0.026046833023428917
985,440112,30,10032,0.0260089673101902,0.0260089673101902
986,435708,30,5628,0.025998298078775406,0.025998298078775406
987,451901,31,7485,0.025979917496442795,0.025979917496442795
988,444993,31,577,0.025950293987989426,0.025950293987989426
989,448842,31,4426,0.025945384055376053,0.025945384055376053
990,437284,30,7204,0.02590177394449711,0.02590177394449711
991,452215,31,7799,0.02589515782892704,0.02589515782892704
992,454077,31,9661,0.025895103812217712,0.025895103812217712
993,442050,30,11970,0.025887181982398033,0.025887181982398033
994,452762,31,8346,0.025873316451907158,0.025873316451907158
995,454371,31,9955,0.025769680738449097,0.025769680738449097
996,448290,31,3874,0.025721127167344093,0.025721127167344093
997,420405,29,4661,0.02571442723274231,0.02571442723274231
998,455246,31,10830,0.025709234178066254,0.025709234178066254
999,446881,31,2465,0.02569770999252796,0.02569770999252796
1000,449957,31,5541,0.02569659799337387,0.02569659799337387
1001,446441,31,2025,0.02568993531167507,0.02568993531167507
1002,439107,30,9027,0.02568400464951992,0.02568400464951992
1003,455624,31,11208,0.025675693526864052,0.025675693526864052
1004,447261,31,2845,0.025630716234445572,0.025630716234445572
1005,434229,30,4149,0.02561219036579132,0.02561219036579132
1006,446517,31,2101,0.025589236989617348,0.025589236989617348
1007,441516,30,11436,0.025581497699022293,0.025581497699022293
1008,452474,31,8058,0.025533901527523994,0.025533901527523994
1009,454530,31,10114,0.02551175281405449,0.02551175281405449
1010,410353,28,8945,0.025506630539894104,0.025506630539894104
1011,453163,31,8747,0.025493236258625984,0.025493236258625984
1012,455119,31,10703,0.02545934170484543,0.02545934170484543
1013,454921,31,10505,0.025458162650465965,0.025458162650465965
1014,425935,29,10191,0.02539852075278759,0.02539852075278759
1015,455186,31,10770,0.025381356477737427,0.025381356477737427
1016,451004,31,6588,0.025379465892910957,0.025379465892910957
1017,447069,31,2653,0.02537757344543934,0.02537757344543934
1018,448649,31,4233,0.025333359837532043,0.025333359837532043
1019,454083,31,9667,0.02533053234219551,0.02533053234219551
1020,416317,29,573,0.025322139263153076,0.025322139263153076
1021,451188,31,6772,0.025314169004559517,0.025314169004559517
1022,458672,31,14256,0.025304945185780525,0.025304945185780525
1023,430385,30,305,0.025292202830314636,0.025292202830314636
1024,454145,31,9729,0.02529177814722061,0.02529177814722061
1025,457950,31,13534,0.025262005627155304,0.025262005627155304
1026,437740,30,7660,0.025227172300219536,0.025227172300219536
1027,456664,31,12248,0.025199219584465027,0.025199219584465027
1028,433495,30,3415,0.02519286423921585,0.02519286423921585
1029,454805,31,10389,0.025173036381602287,0.025173036381602287
1030,456109,31,11693,0.025170261040329933,0.025170261040329933
1031,453487,31,9071,0.025104744359850883,0.025104744359850883
1032,456739,31,12323,0.02510051615536213,0.02510051615536213
1033,447531,31,3115,0.025097690522670746,0.025097690522670746
1034,438912,30,8832,0.025056324899196625,0.025056324899196625
1035,450166,31,5750,0.025040382519364357,0.025040382519364357
1036,450266,31,5850,0.02499227412045002,0.02499227412045002
1037,433095,30,3015,0.0249914713203907,0.0249914713203907
1038,439356,30,9276,0.024984048679471016,0.024984048679471016
1039,449336,31,4920,0.024957602843642235,0.024957602843642235
1040,432143,30,2063,0.024949099868535995,0.024949099868535995
1041,452795,31,8379,0.024946007877588272,0.024946007877588272
1042,447590,31,3174,0.024935351684689522,0.024935351684689522
1043,452656,31,8240,0.02493019588291645,0.02493019588291645
1044,455411,31,10995,0.024928616359829903,0.024928616359829903
1045,429448,29,13704,0.024924246594309807,0.024924246594309807
1046,415652,28,14244,0.024898745119571686,0.024898745119571686
1047,457592,31,13176,0.024885665625333786,0.024885665625333786
1048,456536,31,12120,0.02488287165760994,0.02488287165760994
1049,429570,29,13826,0.024876302108168602,0.024876302108168602
1050,457785,31,13369,0.024864226579666138,0.024864226579666138
1051,433255,30,3175,0.024863554164767265,0.024863554164767265
1052,457886,31,13470,0.024861302226781845,0.024861302226781845
1053,452275,31,7859,0.02484610676765442,0.02484610676765442
1054,445208,31,792,0.024843649938702583,0.024843649938702583
1055,455338,31,10922,0.024795547127723694,0.024795547127723694
1056,433923,30,3843,0.024763626977801323,0.024763626977801323
1057,454620,31,10204,0.024752069264650345,0.024752069264650345
1058,434640,30,4560,0.024736866354942322,0.024736866354942322
1059,444431,31,15,0.02473214641213417,0.02473214641213417
1060,432733,30,2653,0.024717610329389572,0.024717610329389572
1061,448256,31,3840,0.024707240983843803,0.024707240983843803
1062,456234,31,11818,0.0246945321559906,0.0246945321559906
1063,447959,31,3543,0.02467961050570011,0.02467961050570011
1064,445656,31,1240,0.024669429287314415,0.024669429287314415
1065,449774,31,5358,0.02465927042067051,0.02465927042067051
1066,434318,30,4238,0.02465922012925148,0.02465922012925148
1067,449183,31,4767,0.024637140333652496,0.024637140333652496
1068,456507,31,12091,0.02462770976126194,0.02462770976126194
1069,454879,31,10463,0.024615369737148285,0.024615369737148285
1070,448196,31,3780,0.024615051224827766,0.024615051224827766
1071,419559,29,3815,0.024560723453760147,0.024560723453760147
1072,453245,31,8829,0.024555616080760956,0.024555616080760956
1073,449227,31,4811,0.024536004289984703,0.024536004289984703
1074,443638,30,13558,0.024535000324249268,0.024535000324249268
1075,458265,31,13849,0.024520467966794968,0.024520467966794968
1076,454493,31,10077,0.02451440505683422,0.02451440505683422
1077,418691,29,2947,0.024496156722307205,0.024496156722307205
1078,449609,31,5193,0.024457914754748344,0.024457914754748344
1079,454055,31,9639,0.024455314502120018,0.024455314502120018
1080,431040,30,960,0.024452541023492813,0.024452541023492813
1081,453963,31,9547,0.024445772171020508,0.024445772171020508
1082,435302,30,5222,0.024439899250864983,0.024439899250864983
1083,451064,31,6648,0.024420199915766716,0.024420199915766716
1084,449830,31,5414,0.02439296431839466,0.02439296431839466
1085,458096,31,13680,0.024348542094230652,0.024348542094230652
1086,454206,31,9790,0.02433067560195923,0.02433067560195923
1087,421830,29,6086,0.024278640747070312,0.024278640747070312
1088,436289,30,6209,0.02426590770483017,0.02426590770483017
1089,454504,31,10088,0.024251144379377365,0.024251144379377365
1090,440929,30,10849,0.024246780201792717,0.024246780201792717
1091,448542,31,4126,0.024236708879470825,0.024236708879470825
1092,447171,31,2755,0.024207010865211487,0.024207010865211487
1093,455002,31,10586,0.024190619587898254,0.024190619587898254
1094,449761,31,5345,0.024168403819203377,0.024168403819203377
1095,457709,31,13293,0.024146858602762222,0.024146858602762222
1096,455295,31,10879,0.024121394380927086,0.024121394380927086
1097,449707,31,5291,0.02411436289548874,0.02411436289548874
1098,432154,30,2074,0.024113528430461884,0.024113528430461884
1099,449617,31,5201,0.024110840633511543,0.024110840633511543
1100,413130,28,11722,0.024093881249427795,0.024093881249427795
1101,455987,31,11571,0.02408168651163578,0.02408168651163578
1102,457120,31,12704,0.02408149652183056,0.02408149652183056
1103,454523,31,10107,0.02406354248523712,0.02406354248523712
1104,453969,31,9553,0.024012358859181404,0.024012358859181404
1105,451136,31,6720,0.024001486599445343,0.024001486599445343
1106,441781,30,11701,0.023997526615858078,0.023997526615858078
1107,453985,31,9569,0.023982640355825424,0.023982640355825424
1108,438079,30,7999,0.023980004712939262,0.023980004712939262
1109,448909,31,4493,0.023976191878318787,0.023976191878318787
1110,454148,31,9732,0.02395566739141941,0.02395566739141941
1111,419527,29,3783,0.02393926866352558,0.02393926866352558
1112,450910,31,6494,0.023929664865136147,0.023929664865136147
1113,457971,31,13555,0.02390049211680889,0.02390049211680889
1114,434973,30,4893,0.023899247869849205,0.023899247869849205
1115,456686,31,12270,0.023869920521974564,0.023869920521974564
1116,456994,31,12578,0.023848766461014748,0.023848766461014748
1117,405482,28,4074,0.023847633972764015,0.023847633972764015
1118,455887,31,11471,0.023827647790312767,0.023827647790312767
1119,437302,30,7222,0.023816360160708427,0.023816360160708427
1120,445046,31,630,0.0237833671271801,0.0237833671271801
1121,431552,30,1472,0.023752989247441292,0.023752989247441292
1122,449111,31,4695,0.023744190111756325,0.023744190111756325
1123,435940,30,5860,0.023730630055069923,0.023730630055069923
1124,457935,31,13519,0.023725643754005432,0.023725643754005432
1125,447887,31,3471,0.023675983771681786,0.023675983771681786
1126,455241,31,10825,0.02367253042757511,0.02367253042757511
1127,445055,31,639,0.02365094982087612,0.02365094982087612
1128,457740,31,13324,0.023650476709008217,0.023650476709008217
1129,441130,30,11050,0.023650338873267174,0.023650338873267174
1130,450746,31,6330,0.02364361472427845,0.02364361472427845
1131,433613,30,3533,0.023629767820239067,0.023629767820239067
1132,448264,31,3848,0.023618139326572418,0.023618139326572418
1133,448265,31,3849,0.023601464927196503,0.023601464927196503
1134,458270,31,13854,0.02358347736299038,0.02358347736299038
1135,442241,30,12161,0.02358298748731613,0.02358298748731613
1136,458426,31,14010,0.023572798818349838,0.023572798818349838
1137,457125,31,12709,0.023564474657177925,0.023564474657177925
1138,446944,31,2528,0.023544782772660255,0.023544782772660255
1139,457425,31,13009,0.023536091670393944,0.023536091670393944
1140,424797,29,9053,0.023532921448349953,0.023532921448349953
1141,433510,30,3430,0.02351163700222969,0.02351163700222969
1142,457881,31,13465,0.023491263389587402,0.023491263389587402
1143,415220,28,13812,0.0234648659825325,0.0234648659825325
1144,444711,31,295,0.023454317823052406,0.023454317823052406
1145,448475,31,4059,0.023451734334230423,0.023451734334230423
1146,447716,31,3300,0.023451199755072594,0.023451199755072594
1147,449213,31,4797,0.023442555218935013,0.023442555218935013
1148,439912,30,9832,0.023436250165104866,0.023436250165104866
1149,452572,31,8156,0.023426305502653122,0.023426305502653122
1150,435952,30,5872,0.023418935015797615,0.023418935015797615
1151,455921,31,11505,0.023387711495161057,0.023387711495161057
1152,438669,30,8589,0.023347539827227592,0.023347539827227592
1153,450454,31,6038,0.02334170788526535,0.02334170788526535
1154,444686,31,270,0.02334025874733925,0.02334025874733925
1155,431697,30,1617,0.023305032402276993,0.023305032402276993
1156,445955,31,1539,0.02328086830675602,0.02328086830675602
1157,454094,31,9678,0.023258298635482788,0.023258298635482788
1158,456486,31,12070,0.023255739361047745,0.023255739361047745
1159,444947,31,531,0.023252978920936584,0.023252978920936584
1160,433936,30,3856,0.023214789107441902,0.023214789107441902
1161,453042,31,8626,0.023197824135422707,0.023197824135422707
1162,453705,31,9289,0.023192379623651505,0.023192379623651505
1163,448517,31,4101,0.023181527853012085,0.023181527853012085
1164,432390,30,2310,0.023169144988059998,0.023169144988059998
1165,449260,31,4844,0.023138616234064102,0.023138616234064102
1166,453812,31,9396,0.023126542568206787,0.023126542568206787
1167,424737,29,8993,0.023118898272514343,0.023118898272514343
1168,445254,31,838,0.02311030589044094,0.02311030589044094
1169,451533,31,7117,0.023108787834644318,0.023108787834644318
1170,450222,31,5806,0.023108506575226784,0.023108506575226784
1171,448015,31,3599,0.023097870871424675,0.023097870871424675
1172,452338,31,7922,0.023078331723809242,0.023078331723809242
1173,455908,31,11492,0.02303905598819256,0.02303905598819256
1174,448912,31,4496,0.023038238286972046,0.023038238286972046
1175,451093,31,6677,0.023037634789943695,0.023037634789943695
1176,448934,31,4518,0.023004673421382904,0.023004673421382904
1177,452736,31,8320,0.022994084283709526,0.022994084283709526
1178,438155,30,8075,0.022989481687545776,0.022989481687545776
1179,445546,31,1130,0.02298845164477825,0.02298845164477825
1180,448691,31,4275,0.02298625372350216,0.02298625372350216
1181,449477,31,5061,0.02297499030828476,0.02297499030828476
1182,441683,30,11603,0.022974306717514992,0.022974306717514992
1183,434461,30,4381,0.022964630275964737,0.022964630275964737
1184,458496,31,14080,0.02293742634356022,0.02293742634356022
1185,450512,31,6096,0.022936871275305748,0.022936871275305748
1186,455777,31,11361,0.0229234267026186,0.0229234267026186
1187,452419,31,8003,0.022914724424481392,0.022914724424481392
1188,448835,31,4419,0.022899320349097252,0.022899320349097252
1189,422601,29,6857,0.022893987596035004,0.022893987596035004
1190,446711,31,2295,0.02287672646343708,0.02287672646343708
1191,457687,31,13271,0.02286924421787262,0.02286924421787262
1192,455591,31,11175,0.022851919755339622,0.022851919755339622
1193,452304,31,7888,0.022851428017020226,0.022851428017020226
1194,449256,31,4840,0.02284395694732666,0.02284395694732666
1195,414678,28,13270,0.022843526676297188,0.022843526676297188
1196,453891,31,9475,0.02283509448170662,0.02283509448170662
1197,434331,30,4251,0.02283363789319992,0.02283363789319992
1198,452103,31,7687,0.02278721146285534,0.02278721146285534
1199,448258,31,3842,0.022774342447519302,0.022774342447519302
1200,446566,31,2150,0.022763893008232117,0.022763893008232117
1201,449390,31,4974,0.02276018261909485,0.02276018261909485
1202,417271,29,1527,0.022753065451979637,0.022753065451979637
1203,451899,31,7483,0.022744061425328255,0.022744061425328255
1204,438222,30,8142,0.022723695263266563,0.022723695263266563
1205,433031,30,2951,0.022709935903549194,0.022709935903549194
1206,440383,30,10303,0.022700536996126175,0.022700536996126175
1207,439326,30,9246,0.022687848657369614,0.022687848657369614
1208,415633,28,14225,0.022674009203910828,0.022674009203910828
1209,452048,31,7632,0.022664308547973633,0.022664308547973633
1210,443551,30,13471,0.022649670019745827,0.022649670019745827
1211,445267,31,851,0.022633813321590424,0.022633813321590424
1212,455721,31,11305,0.022599510848522186,0.022599510848522186
1213,445730,31,1314,0.022595122456550598,0.022595122456550598
1214,432256,30,2176,0.02258806861937046,0.02258806861937046
1215,431138,30,1058,0.022575128823518753,0.022575128823518753
1216,418785,29,3041,0.022567177191376686,0.022567177191376686
1217,455362,31,10946,0.022537440061569214,0.022537440061569214
1218,440474,30,10394,0.022529322654008865,0.022529322654008865
1219,434499,30,4419,0.02252108044922352,0.02252108044922352
1220,435421,30,5341,0.022520070895552635,0.022520070895552635
1221,452800,31,8384,0.022488148882985115,0.022488148882985115
1222,444378,30,14298,0.02248062752187252,0.02248062752187252
1223,452505,31,8089,0.02246898226439953,0.02246898226439953
1224,436291,30,6211,0.02246265672147274,0.02246265672147274
1225,457611,31,13195,0.022457370534539223,0.022457370534539223
1226,432612,30,2532,0.022451845929026604,0.022451845929026604
1227,389426,27,2354,0.022451523691415787,0.022451523691415787
1228,457421,31,13005,0.022446274757385254,0.022446274757385254
1229,445010,31,594,0.02243826724588871,0.02243826724588871
1230,419603,29,3859,0.022435560822486877,0.022435560822486877
1231,432536,30,2456,0.022416172549128532,0.022416172549128532
1232,456294,31,11878,0.022362401708960533,0.022362401708960533
1233,441529,30,11449,0.0223207026720047,0.0223207026720047
1234,452589,31,8173,0.022260697558522224,0.022260697558522224
1235,445958,31,1542,0.022249294444918633,0.022249294444918633
1236,410319,28,8911,0.022244226187467575,0.022244226187467575
1237,447481,31,3065,0.02224322035908699,0.02224322035908699
1238,445649,31,1233,0.022213030606508255,0.022213030606508255
1239,439624,30,9544,0.022199254482984543,0.022199254482984543
1240,457538,31,13122,0.022197727113962173,0.022197727113962173
1241,434741,30,4661,0.022193599492311478,0.022193599492311478
1242,457234,31,12818,0.022184688597917557,0.022184688597917557
1243,454574,31,10158,0.02218012325465679,0.02218012325465679
1244,449095,31,4679,0.022163473069667816,0.022163473069667816
1245,447958,31,3542,0.02215472422540188,0.02215472422540188
1246,453098,31,8682,0.022135522216558456,0.022135522216558456
1247,446662,31,2246,0.022132491692900658,0.022132491692900658
1248,449061,31,4645,0.02210712619125843,0.02210712619125843
1249,457782,31,13366,0.02208320051431656,0.02208320051431656
1250,393142,27,6070,0.022071033716201782,0.022071033716201782
1251,450800,31,6384,0.022067613899707794,0.022067613899707794
1252,416290,29,546,0.022065237164497375,0.022065237164497375
1253,455787,31,11371,0.02206418849527836,0.02206418849527836
1254,436484,30,6404,0.02203737199306488,0.02203737199306488
1255,416065,29,321,0.02203727699816227,0.02203727699816227
1256,449611,31,5195,0.022017287090420723,0.022017287090420723
1257,442416,30,12336,0.02198644168674946,0.02198644168674946
1258,455618,31,11202,0.021967541426420212,0.021967541426420212
1259,451546,31,7130,0.021954450756311417,0.021954450756311417
1260,444732,31,316,0.02194548025727272,0.02194548025727272
1261,413457,28,12049,0.021930841729044914,0.021930841729044914
1262,442056,30,11976,0.021923178806900978,0.021923178806900978
1263,452794,31,8378,0.02189536578953266,0.02189536578953266
1264,445304,31,888,0.0218771081417799,0.0218771081417799
1265,438817,30,8737,0.021871069446206093,0.021871069446206093
1266,433819,30,3739,0.02186400629580021,0.02186400629580021
1267,431204,30,1124,0.02186342142522335,0.02186342142522335
1268,346852,24,2788,0.02184620313346386,0.02184620313346386
1269,449589,31,5173,0.021839477121829987,0.021839477121829987
1270,439714,30,9634,0.02183583937585354,0.02183583937585354
1271,450091,31,5675,0.021832339465618134,0.021832339465618134
1272,454008,31,9592,0.021829567849636078,0.021829567849636078
1273,453815,31,9399,0.02182718925178051,0.02182718925178051
1274,420009,29,4265,0.02178468182682991,0.02178468182682991
1275,442457,30,12377,0.02176610752940178,0.02176610752940178
1276,345532,24,1468,0.0217617005109787,0.0217617005109787
1277,416629,29,885,0.021755516529083252,0.021755516529083252
1278,380765,26,8029,0.021744806319475174,0.021744806319475174
1279,435589,30,5509,0.021733975037932396,0.021733975037932396
1280,449819,31,5403,0.021731147542595863,0.021731147542595863
1281,457832,31,13416,0.021707234904170036,0.021707234904170036
1282,452210,31,7794,0.021705038845539093,0.021705038845539093
1283,449254,31,4838,0.02167927473783493,0.02167927473783493
1284,413575,28,12167,0.0216709915548563,0.0216709915548563
1285,446920,31,2504,0.021658573299646378,0.021658573299646378
1286,446982,31,2566,0.021651819348335266,0.021651819348335266
1287,442666,30,12586,0.02165084518492222,0.02165084518492222
1288,449490,31,5074,0.021650532260537148,0.021650532260537148
1289,427277,29,11533,0.02162218652665615,0.02162218652665615
1290,445193,31,777,0.021616831421852112,0.021616831421852112
1291,437294,30,7214,0.02161460928618908,0.02161460928618908
1292,449178,31,4762,0.02161351777613163,0.02161351777613163
1293,449041,31,4625,0.021594246849417686,0.021594246849417686
1294,454449,31,10033,0.021586807444691658,0.021586807444691658
1295,428422,29,12678,0.021582530811429024,0.021582530811429024
1296,454270,31,9854,0.02157667465507984,0.02157667465507984
1297,455959,31,11543,0.021563591435551643,0.021563591435551643
1298,451487,31,7071,0.021530000492930412,0.021530000492930412
1299,369974,25,11574,0.021505001932382584,0.021505001932382584
1300,439185,30,9105,0.021498436108231544,0.021498436108231544
1301,457454,31,13038,0.02149229310452938,0.02149229310452938
1302,413329,28,11921,0.02148800529539585,0.02148800529539585
1303,436741,30,6661,0.02148566208779812,0.02148566208779812
1304,446883,31,2467,0.021484797820448875,0.021484797820448875
1305,444421,31,5,0.021484466269612312,0.021484466269612312
1306,440959,30,10879,0.021470431238412857,0.021470431238412857
1307,447263,31,2847,0.02146320231258869,0.02146320231258869
1308,455588,31,11172,0.021463166922330856,0.021463166922330856
1309,431989,30,1909,0.021420910954475403,0.021420910954475403
1310,450020,31,5604,0.02140182815492153,0.02140182815492153
1311,445525,31,1109,0.021397819742560387,0.021397819742560387
1312,441708,30,11628,0.021394461393356323,0.021394461393356323
1313,450502,31,6086,0.021394455805420876,0.021394455805420876
1314,431387,30,1307,0.021382199600338936,0.021382199600338936
1315,453621,31,9205,0.02135471999645233,0.02135471999645233
1316,400523,27,13451,0.02133059874176979,0.02133059874176979
1317,456424,31,12008,0.021329866722226143,0.021329866722226143
1318,454286,31,9870,0.02132093720138073,0.02132093720138073
1319,448843,31,4427,0.0213057491928339,0.0213057491928339
1320,452641,31,8225,0.02130427025258541,0.02130427025258541
1321,451867,31,7451,0.021287716925144196,0.021287716925144196
1322,450172,31,5756,0.02128181792795658,0.02128181792795658
1323,411474,28,10066,0.0212753526866436,0.0212753526866436
1324,430822,30,742,0.021275343373417854,0.021275343373417854
1325,443367,30,13287,0.0212552510201931,0.0212552510201931
1326,457398,31,12982,0.021253572776913643,0.021253572776913643
1327,408237,28,6829,0.021219903603196144,0.021219903603196144
1328,388641,27,1569,0.021185366436839104,0.021185366436839104
1329,452085,31,7669,0.02118327096104622,0.02118327096104622
1330,435029,30,4949,0.021180326119065285,0.021180326119065285
1331,449460,31,5044,0.02117953822016716,0.02117953822016716
1332,457693,31,13277,0.021165482699871063,0.021165482699871063
1333,454365,31,9949,0.021151911467313766,0.021151911467313766
1334,453826,31,9410,0.02115056850016117,0.02115056850016117
1335,458722,31,14306,0.02114732936024666,0.02114732936024666
1336,451670,31,7254,0.02113247476518154,0.02113247476518154
1337,434914,30,4834,0.021079469472169876,0.021079469472169876
1338,449005,31,4589,0.021069565787911415,0.021069565787911415
1339,454636,31,10220,0.021060597151517868,0.021060597151517868
1340,422925,29,7181,0.021059753373265266,0.021059753373265266
1341,446954,31,2538,0.02103234827518463,0.02103234827518463
1342,415886,29,142,0.021028313785791397,0.021028313785791397
1343,454545,31,10129,0.021022384986281395,0.021022384986281395
1344,452379,31,7963,0.020996730774641037,0.020996730774641037
1345,444996,31,580,0.02099636383354664,0.02099636383354664
1346,450247,31,5831,0.020989324897527695,0.020989324897527695
1347,457189,31,12773,0.020969027653336525,0.020969027653336525
1348,432694,30,2614,0.020956404507160187,0.020956404507160187
1349,456042,31,11626,0.020934559404850006,0.020934559404850006
1350,454446,31,10030,0.020932210609316826,0.020932210609316826
1351,444543,31,127,0.020927999168634415,0.020927999168634415
1352,451661,31,7245,0.02092178910970688,0.02092178910970688
1353,444341,30,14261,0.020897766575217247,0.020897766575217247
1354,446597,31,2181,0.020882340148091316,0.020882340148091316
1355,444570,31,154,0.020875021815299988,0.020875021815299988
1356,338276,23,8548,0.020872116088867188,0.020872116088867188
1357,445684,31,1268,0.02084994688630104,0.02084994688630104
1358,452652,31,8236,0.020845890045166016,0.020845890045166016
1359,424824,29,9080,0.02080831117928028,0.02080831117928028
1360,455299,31,10883,0.020776474848389626,0.020776474848389626
1361,458474,31,14058,0.020773550495505333,0.020773550495505333
1362,449292,31,4876,0.020753176882863045,0.020753176882863045
1363,457357,31,12941,0.02075139805674553,0.02075139805674553
1364,450521,31,6105,0.020720621570944786,0.020720621570944786
1365,432176,30,2096,0.020717423409223557,0.020717423409223557
1366,445188,31,772,0.020714426413178444,0.020714426413178444
1367,409235,28,7827,0.020708149299025536,0.020708149299025536
1368,406744,28,5336,0.02070053480565548,0.02070053480565548
1369,436239,30,6159,0.020700249820947647,0.020700249820947647
1370,431631,30,1551,0.020696109160780907,0.020696109160780907
1371,404504,28,3096,0.02067473530769348,0.02067473530769348
1372,439152,30,9072,0.02066875249147415,0.02066875249147415
1373,419182,29,3438,0.020652955397963524,0.020652955397963524
1374,401747,28,339,0.02064063772559166,0.02064063772559166
1375,427388,29,11644,0.02062908560037613,0.02062908560037613
1376,458140,31,13724,0.0206094179302454,0.0206094179302454
1377,458527,31,14111,0.02060786448419094,0.02060786448419094
1378,457483,31,13067,0.020605241879820824,0.020605241879820824
1379,430305,30,225,0.020590877160429955,0.020590877160429955
1380,411960,28,10552,0.02059067413210869,0.02059067413210869
1381,427538,29,11794,0.02057633362710476,0.02057633362710476
1382,445047,31,631,0.02057197317481041,0.02057197317481041
1383,448167,31,3751,0.020557062700390816,0.020557062700390816
1384,446556,31,2140,0.020541468635201454,0.020541468635201454
1385,428998,29,13254,0.020521363243460655,0.020521363243460655
1386,456437,31,12021,0.02051161602139473,0.02051161602139473
1387,438714,30,8634,0.020495206117630005,0.020495206117630005
1388,448953,31,4537,0.020489893853664398,0.020489893853664398
1389,446524,31,2108,0.020488930866122246,0.020488930866122246
1390,448939,31,4523,0.020487578585743904,0.020487578585743904
1391,446102,31,1686,0.020483510568737984,0.020483510568737984
1392,440891,30,10811,0.020480742678046227,0.020480742678046227
1393,453311,31,8895,0.020454449579119682,0.020454449579119682
1394,453549,31,9133,0.02044430561363697,0.02044430561363697
1395,446691,31,2275,0.020442795008420944,0.020442795008420944
1396,452721,31,8305,0.020436590537428856,0.020436590537428856
1397,429157,29,13413,0.02043132670223713,0.02043132670223713
1398,445786,31,1370,0.020406058058142662,0.020406058058142662
1399,430699,30,619,0.020391393452882767,0.020391393452882767
1400,432167,30,2087,0.020379839465022087,0.020379839465022087
1401,457108,31,12692,0.020377546548843384,0.020377546548843384
1402,452730,31,8314,0.020360184833407402,0.020360184833407402
1403,454542,31,10126,0.020334040746092796,0.020334040746092796
1404,450768,31,6352,0.020328573882579803,0.020328573882579803
1405,456220,31,11804,0.020326675847172737,0.020326675847172737
1406,453093,31,8677,0.020322896540164948,0.020322896540164948
1407,458001,31,13585,0.020309381186962128,0.020309381186962128
1408,452831,31,8415,0.020300330594182014,0.020300330594182014
1409,418867,29,3123,0.020296433940529823,0.020296433940529823
1410,454726,31,10310,0.02029232308268547,0.02029232308268547
1411,448378,31,3962,0.020284529775381088,0.020284529775381088
1412,443128,30,13048,0.0202772319316864,0.0202772319316864
1413,450297,31,5881,0.020269015803933144,0.020269015803933144
1414,450337,31,5921,0.020264016464352608,0.020264016464352608
1415,413036,28,11628,0.020260298624634743,0.020260298624634743
1416,432539,30,2459,0.02024763636291027,0.02024763636291027
1417,402996,28,1588,0.020217454060912132,0.020217454060912132
1418,450331,31,5915,0.02020864002406597,0.02020864002406597
1419,449478,31,5062,0.02018705941736698,0.02018705941736698
1420,434621,30,4541,0.020175451412796974,0.020175451412796974
1421,451011,31,6595,0.02017415128648281,0.02017415128648281
1422,429073,29,13329,0.020167794078588486,0.020167794078588486
1423,423091,29,7347,0.02016633003950119,0.02016633003950119
1424,421107,29,5363,0.020163673907518387,0.020163673907518387
1425,447973,31,3557,0.020143607631325722,0.020143607631325722
1426,453672,31,9256,0.02013619802892208,0.02013619802892208
1427,427091,29,11347,0.020131416618824005,0.020131416618824005
1428,444696,31,280,0.020129280164837837,0.020129280164837837
1429,456431,31,12015,0.020125139504671097,0.020125139504671097
1430,439290,30,9210,0.02012365125119686,0.02012365125119686
1431,449835,31,5419,0.02012057788670063,0.02012057788670063
1432,240653,16,11277,0.020118702203035355,0.020118702203035355
1433,442267,30,12187,0.020113077014684677,0.020113077014684677
1434,453228,31,8812,0.020090576261281967,0.020090576261281967
1435,445608,31,1192,0.020077263936400414,0.020077263936400414
1436,396511,27,9439,0.02007584646344185,0.02007584646344185
1437,440239,30,10159,0.020057938992977142,0.020057938992977142
1438,436579,30,6499,0.02004133351147175,0.02004133351147175
1439,453370,31,8954,0.020033152773976326,0.020033152773976326
1440,447471,31,3055,0.02002585493028164,0.02002585493028164
1441,449474,31,5058,0.020013881847262383,0.020013881847262383
1442,454575,31,10159,0.020004255697131157,0.020004255697131157
1443,441179,30,11099,0.019987666979432106,0.019987666979432106
1444,420974,29,5230,0.019985351711511612,0.019985351711511612
1445,444210,30,14130,0.01998033933341503,0.01998033933341503
1446,417099,29,1355,0.01997615583240986,0.01997615583240986
1447,450048,31,5632,0.019971556961536407,0.019971556961536407
1448,449466,31,5050,0.019965963438153267,0.019965963438153267
1449,447816,31,3400,0.019965054467320442,0.019965054467320442
1450,450559,31,6143,0.019950632005929947,0.019950632005929947
1451,432714,30,2634,0.019949058070778847,0.019949058070778847
1452,444064,30,13984,0.019947517663240433,0.019947517663240433
1453,437736,30,7656,0.01994628645479679,0.01994628645479679
1454,446025,31,1609,0.019942505285143852,0.019942505285143852
1455,430360,30,280,0.019942155107855797,0.019942155107855797
1456,455978,31,11562,0.01991012878715992,0.01991012878715992
1457,458190,31,13774,0.019909711554646492,0.019909711554646492
1458,458699,31,14283,0.019908349961042404,0.019908349961042404
1459,452874,31,8458,0.0199072677642107,0.0199072677642107
1460,453225,31,8809,0.019903745502233505,0.019903745502233505
1461,450943,31,6527,0.019897613674402237,0.019897613674402237
1462,457999,31,13583,0.019894080236554146,0.019894080236554146
1463,450419,31,6003,0.01989118568599224,0.01989118568599224
1464,422883,29,7139,0.01988430693745613,0.01988430693745613
1465,433677,30,3597,0.01988374814391136,0.01988374814391136
1466,430859,30,779,0.019866488873958588,0.019866488873958588
1467,456123,31,11707,0.01982644945383072,0.01982644945383072
1468,296343,20,9623,0.0198246780782938,0.0198246780782938
1469,433680,30,3600,0.019810467958450317,0.019810467958450317
1470,440488,30,10408,0.01980455406010151,0.01980455406010151
1471,433086,30,3006,0.019803596660494804,0.019803596660494804
1472,448116,31,3700,0.019802065566182137,0.019802065566182137
1473,437937,30,7857,0.01980067975819111,0.01980067975819111
1474,422830,29,7086,0.01977965235710144,0.01977965235710144
1475,451854,31,7438,0.01976184919476509,0.01976184919476509
1476,451116,31,6700,0.019744357094168663,0.019744357094168663
1477,458080,31,13664,0.019739840179681778,0.019739840179681778
1478,451629,31,7213,0.01971273683011532,0.01971273683011532
1479,432905,30,2825,0.0197086650878191,0.0197086650878191
1480,446144,31,1728,0.019701195880770683,0.019701195880770683
1481,446971,31,2555,0.019694698974490166,0.019694698974490166
1482,445109,31,693,0.019680416211485863,0.019680416211485863
1483,448162,31,3746,0.019680138677358627,0.019680138677358627
1484,457320,31,12904,0.01967175118625164,0.01967175118625164
1485,447778,31,3362,0.019665878266096115,0.019665878266096115
1486,453087,31,8671,0.019657645374536514,0.019657645374536514
1487,450694,31,6278,0.019656717777252197,0.019656717777252197
1488,446078,31,1662,0.0196464154869318,0.0196464154869318
1489,355550,24,11486,0.019634682685136795,0.019634682685136795
1490,435360,30,5280,0.019628867506980896,0.019628867506980896
1491,425315,29,9571,0.019626813009381294,0.019626813009381294
1492,451976,31,7560,0.019623711705207825,0.019623711705207825
1493,433389,30,3309,0.01962219551205635,0.01962219551205635
1494,456462,31,12046,0.01961481384932995,0.01961481384932995
1495,454700,31,10284,0.019611237570643425,0.019611237570643425
1496,452543,31,8127,0.01960700750350952,0.01960700750350952
1497,453592,31,9176,0.019603930413722992,0.019603930413722992
1498,445800,31,1384,0.019597899168729782,0.019597899168729782
1499,437256,30,7176,0.01959007792174816,0.01959007792174816
1500,450249,31,5833,0.019577812403440475,0.019577812403440475
1501,446587,31,2171,0.019572949036955833,0.019572949036955833
1502,458218,31,13802,0.01956941746175289,0.01956941746175289
1503,439825,30,9745,0.019567999988794327,0.019567999988794327
1504,452869,31,8453,0.019555922597646713,0.019555922597646713
1505,409868,28,8460,0.019553497433662415,0.019553497433662415
1506,447512,31,3096,0.019546179100871086,0.019546179100871086
1507,444534,31,118,0.019533948972821236,0.019533948972821236
1508,454986,31,10570,0.01951226405799389,0.01951226405799389
1509,446555,31,2139,0.019482849165797234,0.019482849165797234
1510,453011,31,8595,0.019465753808617592,0.019465753808617592
1511,448844,31,4428,0.01946345344185829,0.01946345344185829
1512,446238,31,1822,0.019451556727290154,0.019451556727290154
1513,454106,31,9690,0.019450876861810684,0.019450876861810684
1514,454824,31,10408,0.019441070035099983,0.019441070035099983
1515,458619,31,14203,0.01943802274763584,0.01943802274763584
1516,451433,31,7017,0.019430790096521378,0.019430790096521378
1517,447761,31,3345,0.019420066848397255,0.019420066848397255
1518,397285,27,10213,0.019419215619564056,0.019419215619564056
1519,436571,30,6491,0.019416535273194313,0.019416535273194313
1520,451913,31,7497,0.019415317103266716,0.019415317103266716
1521,432252,30,2172,0.019408265128731728,0.019408265128731728
1522,446377,31,1961,0.01939922757446766,0.01939922757446766
1523,432300,30,2220,0.019376488402485847,0.019376488402485847
1524,453127,31,8711,0.0193743035197258,0.0193743035197258
1525,451253,31,6837,0.019367830827832222,0.019367830827832222
1526,448246,31,3830,0.019365062937140465,0.019365062937140465
1527,448611,31,4195,0.019351694732904434,0.019351694732904434
1528,450972,31,6556,0.019341886043548584,0.019341886043548584
1529,446640,31,2224,0.019329916685819626,0.019329916685819626
1530,457756,31,13340,0.019322264939546585,0.019322264939546585
1531,449552,31,5136,0.019312763586640358,0.019312763586640358
1532,439579,30,9499,0.019311796873807907,0.019311796873807907
1533,452031,31,7615,0.01930239610373974,0.01930239610373974
1534,422179,29,6435,0.019292833283543587,0.019292833283543587
1535,458137,31,13721,0.01928817853331566,0.01928817853331566
1536,447475,31,3059,0.019282091408967972,0.019282091408967972
1537,427836,29,12092,0.01925840973854065,0.01925840973854065
1538,401855,28,447,0.019248666241765022,0.019248666241765022
1539,449251,31,4835,0.019243093207478523,0.019243093207478523
1540,457479,31,13063,0.019228417426347733,0.019228417426347733
1541,367128,25,8728,0.019223304465413094,0.019223304465413094
1542,448580,31,4164,0.019187329337000847,0.019187329337000847
1543,419180,29,3436,0.01918042078614235,0.01918042078614235
1544,451066,31,6650,0.01917928270995617,0.01917928270995617
1545,453677,31,9261,0.01917206309735775,0.01917206309735775
1546,448709,31,4293,0.019163550809025764,0.019163550809025764
1547,454212,31,9796,0.019159266725182533,0.019159266725182533
1548,420483,29,4739,0.019145358353853226,0.019145358353853226
1549,454331,31,9915,0.019142769277095795,0.019142769277095795
1550,457888,31,13472,0.019122164696455002,0.019122164696455002
1551,401327,27,14255,0.01911281794309616,0.01911281794309616
1552,439583,30,9503,0.01909630000591278,0.01909630000591278
1553,416368,29,624,0.019094541668891907,0.019094541668891907
1554,428144,29,12400,0.019092151895165443,0.019092151895165443
1555,423583,29,7839,0.019089339300990105,0.019089339300990105
1556,430705,30,625,0.01906920038163662,0.01906920038163662
1557,443993,30,13913,0.0190680380910635,0.0190680380910635
1558,446646,31,2230,0.01905478909611702,0.01905478909611702
1559,445139,31,723,0.01904427818953991,0.01904427818953991
1560,448285,31,3869,0.0190269872546196,0.0190269872546196
1561,451002,31,6586,0.019018683582544327,0.019018683582544327
1562,455074,31,10658,0.019007941707968712,0.019007941707968712
1563,444392,30,14312,0.018998242914676666,0.018998242914676666
1564,450538,31,6122,0.018986377865076065,0.018986377865076065
1565,439860,30,9780,0.01898506097495556,0.01898506097495556
1566,450434,31,6018,0.018964698538184166,0.018964698538184166
1567,423775,29,8031,0.018953843042254448,0.018953843042254448
1568,457370,31,12954,0.01895267702639103,0.01895267702639103
1569,387072,27,0,0.018951086327433586,0.018951086327433586
1570,448812,31,4396,0.01894703134894371,0.01894703134894371
1571,444845,31,429,0.018934082239866257,0.018934082239866257
1572,457936,31,13520,0.018931128084659576,0.018931128084659576
1573,401890,28,482,0.01892608217895031,0.01892608217895031
1574,202263,14,1559,0.018915779888629913,0.018915779888629913
1575,440423,30,10343,0.018906813114881516,0.018906813114881516
1576,451922,31,7506,0.018901260569691658,0.018901260569691658
1577,446836,31,2420,0.018896955996751785,0.018896955996751785
1578,451246,31,6830,0.01889614388346672,0.01889614388346672
1579,445323,31,907,0.01889520138502121,0.01889520138502121
1580,429431,29,13687,0.018887104466557503,0.018887104466557503
1581,454112,31,9696,0.01888105273246765,0.01888105273246765
1582,436274,30,6194,0.018866246566176414,0.018866246566176414
1583,396248,27,9176,0.01884179562330246,0.01884179562330246
1584,454568,31,10152,0.01883998140692711,0.01883998140692711
1585,434663,30,4583,0.01883278228342533,0.01883278228342533
1586,446709,31,2293,0.01882469281554222,0.01882469281554222
1587,458606,31,14190,0.01881313882768154,0.01881313882768154
1588,447550,31,3134,0.018798543140292168,0.018798543140292168
1589,450948,31,6532,0.018789513036608696,0.018789513036608696
1590,437890,30,7810,0.018782667815685272,0.018782667815685272
1591,452676,31,8260,0.01877676136791706,0.01877676136791706
1592,444234,30,14154,0.01876555196940899,0.01876555196940899
1593,444440,31,24,0.01876455545425415,0.01876455545425415
1594,456640,31,12224,0.018762363120913506,0.018762363120913506
1595,440762,30,10682,0.018759142607450485,0.018759142607450485
1596,453469,31,9053,0.01875622756779194,0.01875622756779194
1597,433994,30,3914,0.018742088228464127,0.018742088228464127
1598,431332,30,1252,0.018740981817245483,0.018740981817245483
1599,454088,31,9672,0.01873965933918953,0.01873965933918953
1600,458559,31,14143,0.018732720986008644,0.018732720986008644
1601,450868,31,6452,0.01873008906841278,0.01873008906841278
1602,456330,31,11914,0.018728619441390038,0.018728619441390038
1603,450317,31,5901,0.01872744783759117,0.01872744783759117
1604,445146,31,730,0.018713470548391342,0.018713470548391342
1605,284548,19,12164,0.01870252937078476,0.01870252937078476
1606,417479,29,1735,0.01869865693151951,0.01869865693151951
1607,427205,29,11461,0.01869754120707512,0.01869754120707512
1608,452001,31,7585,0.018695272505283356,0.018695272505283356
1609,224675,15,9635,0.018680840730667114,0.018680840730667114
1610,458589,31,14173,0.018670663237571716,0.018670663237571716
1611,452701,31,8285,0.01867053285241127,0.01867053285241127
1612,452290,31,7874,0.018660033121705055,0.018660033121705055
1613,448659,31,4243,0.018656766042113304,0.018656766042113304
1614,455670,31,11254,0.018652187660336494,0.018652187660336494
1615,454022,31,9606,0.018648510798811913,0.018648510798811913
1616,447836,31,3420,0.018641235306859016,0.018641235306859016
1617,457092,31,12676,0.018628273159265518,0.018628273159265518
1618,451177,31,6761,0.01862499676644802,0.01862499676644802
1619,456807,31,12391,0.018624987453222275,0.018624987453222275
1620,439750,30,9670,0.01862124726176262,0.01862124726176262
1621,445746,31,1330,0.018618479371070862,0.018618479371070862
1622,403201,28,1793,0.018594346940517426,0.018594346940517426
1623,448991,31,4575,0.018591787666082382,0.018591787666082382
1624,436366,30,6286,0.018584635108709335,0.018584635108709335
1625,450280,31,5864,0.018580235540866852,0.018580235540866852
1626,447551,31,3135,0.018577242270112038,0.018577242270112038
1627,455737,31,11321,0.018572194501757622,0.018572194501757622
1628,456475,31,12059,0.01855766959488392,0.01855766959488392
1629,446581,31,2165,0.01854649744927883,0.01854649744927883
1630,454878,31,10462,0.018537256866693497,0.018537256866693497
1631,432676,30,2596,0.018525496125221252,0.018525496125221252
1632,441415,30,11335,0.01851317659020424,0.01851317659020424
1633,434108,30,4028,0.018512072041630745,0.018512072041630745
1634,454880,31,10464,0.018509309738874435,0.018509309738874435
1635,444527,31,111,0.01850740797817707,0.01850740797817707
1636,441007,30,10927,0.01850561425089836,0.01850561425089836
1637,436909,30,6829,0.018504498526453972,0.018504498526453972
1638,436470,30,6390,0.018500447273254395,0.018500447273254395
1639,454969,31,10553,0.018499214202165604,0.018499214202165604
1640,445473,31,1057,0.018493885174393654,0.018493885174393654
1641,453151,31,8735,0.01849221996963024,0.01849221996963024
1642,454518,31,10102,0.018488645553588867,0.018488645553588867
1643,448743,31,4327,0.018484966829419136,0.018484966829419136
1644,451216,31,6800,0.01848354935646057,0.01848354935646057
1645,450982,31,6566,0.01847471483051777,0.01847471483051777
1646,449675,31,5259,0.018467282876372337,0.018467282876372337
1647,430500,30,420,0.018460210412740707,0.018460210412740707
1648,454501,31,10085,0.018449891358613968,0.018449891358613968
1649,450182,31,5766,0.01844649761915207,0.01844649761915207
1650,441896,30,11816,0.018439460545778275,0.018439460545778275
1651,447611,31,3195,0.018426192924380302,0.018426192924380302
1652,438711,30,8631,0.0184245053678751,0.0184245053678751
1653,458168,31,13752,0.018422409892082214,0.018422409892082214
1654,454740,31,10324,0.018421752378344536,0.018421752378344536
1655,446857,31,2441,0.018415149301290512,0.018415149301290512
1656,450611,31,6195,0.018403923138976097,0.018403923138976097
1657,450591,31,6175,0.018383855000138283,0.018383855000138283
1658,457017,31,12601,0.01838008686900139,0.01838008686900139
1659,447407,31,2991,0.018374180421233177,0.018374180421233177
1660,447901,31,3485,0.018372368067502975,0.018372368067502975
1661,451214,31,6798,0.01836400106549263,0.01836400106549263
1662,436261,30,6181,0.018356584012508392,0.018356584012508392
1663,443006,30,12926,0.018353883177042007,0.018353883177042007
1664,422847,29,7103,0.018307723104953766,0.018307723104953766
1665,454020,31,9604,0.01830092817544937,0.01830092817544937
1666,444953,31,537,0.0182955265045166,0.0182955265045166
1667,445636,31,1220,0.01829534024000168,0.01829534024000168
1668,453368,31,8952,0.018286893144249916,0.018286893144249916
1669,448809,31,4393,0.018263962119817734,0.018263962119817734
1670,257808,17,14096,0.01826290600001812,0.01826290600001812
1671,445707,31,1291,0.018261458724737167,0.018261458724737167
1672,447346,31,2930,0.01826118491590023,0.01826118491590023
1673,451680,31,7264,0.018243281170725822,0.018243281170725822
1674,437904,30,7824,0.018236245959997177,0.018236245959997177
1675,424400,29,8656,0.018234526738524437,0.018234526738524437
1676,449445,31,5029,0.018228664994239807,0.018228664994239807
1677,417967,29,2223,0.018218278884887695,0.018218278884887695
1678,446763,31,2347,0.01821298338472843,0.01821298338472843
1679,445606,31,1190,0.018209291622042656,0.018209291622042656
1680,454194,31,9778,0.018202828243374825,0.018202828243374825
1681,452194,31,7778,0.018202709034085274,0.018202709034085274
1682,446382,31,1966,0.01818961650133133,0.01818961650133133
1683,456344,31,11928,0.018189214169979095,0.018189214169979095
1684,444675,31,259,0.018179334700107574,0.018179334700107574
1685,446704,31,2288,0.018164286389946938,0.018164286389946938
1686,418547,29,2803,0.018158093094825745,0.018158093094825745
1687,455676,31,11260,0.018138233572244644,0.018138233572244644
1688,376046,26,3310,0.01813618466258049,0.01813618466258049
1689,448609,31,4193,0.018132271245121956,0.018132271245121956
1690,438498,30,8418,0.0181317999958992,0.0181317999958992
1691,428598,29,12854,0.018120290711522102,0.018120290711522102
1692,435494,30,5414,0.01811060681939125,0.01811060681939125
1693,457333,31,12917,0.01810831017792225,0.01810831017792225
1694,453658,31,9242,0.018106920644640923,0.018106920644640923
1695,448110,31,3694,0.018104534596204758,0.018104534596204758
1696,410187,28,8779,0.01808793470263481,0.01808793470263481
1697,446802,31,2386,0.018071483820676804,0.018071483820676804
1698,431944,30,1864,0.018068846315145493,0.018068846315145493
1699,448335,31,3919,0.018068663775920868,0.018068663775920868
1700,439033,30,8953,0.018067600205540657,0.018067600205540657
1701,452380,31,7964,0.0180674958974123,0.0180674958974123
1702,375358,26,2622,0.01806613802909851,0.01806613802909851
1703,453861,31,9445,0.018061287701129913,0.018061287701129913
1704,441378,30,11298,0.018058504909276962,0.018058504909276962
1705,431406,30,1326,0.018042167648673058,0.018042167648673058
1706,332293,23,2565,0.018028967082500458,0.018028967082500458
1707,444491,31,75,0.018028343096375465,0.018028343096375465
1708,457235,31,12819,0.01801609806716442,0.01801609806716442
1709,434422,30,4342,0.018014591187238693,0.018014591187238693
1710,450907,31,6491,0.018013305962085724,0.018013305962085724
1711,417854,29,2110,0.01800876297056675,0.01800876297056675
1712,421184,29,5440,0.01799919269979,0.01799919269979
1713,457917,31,13501,0.017992135137319565,0.017992135137319565
1714,455259,31,10843,0.017989059910178185,0.017989059910178185
1715,455419,31,11003,0.017987821251153946,0.017987821251153946
1716,443708,30,13628,0.01798688806593418,0.01798688806593418
1717,451238,31,6822,0.01798570714890957,0.01798570714890957
1718,270111,18,12063,0.017971647903323174,0.017971647903323174
1719,458373,31,13957,0.017970172688364983,0.017970172688364983
1720,456682,31,12266,0.01796586997807026,0.01796586997807026
1721,448728,31,4312,0.01796099916100502,0.01796099916100502
1722,451330,31,6914,0.01795588806271553,0.01795588806271553
1723,448855,31,4439,0.0179525688290596,0.0179525688290596
1724,442276,30,12196,0.017947951331734657,0.017947951331734657
1725,440174,30,10094,0.017946023494005203,0.017946023494005203
1726,440163,30,10083,0.01794344373047352,0.01794344373047352
1727,423258,29,7514,0.01793772540986538,0.01793772540986538
1728,447653,31,3237,0.017936954274773598,0.017936954274773598
1729,448816,31,4400,0.017935017123818398,0.017935017123818398
1730,335407,23,5679,0.017917325720191002,0.017917325720191002
1731,407456,28,6048,0.01791663095355034,0.01791663095355034
1732,432774,30,2694,0.017910592257976532,0.017910592257976532
1733,450340,31,5924,0.01790429838001728,0.01790429838001728
1734,436712,30,6632,0.017900262027978897,0.017900262027978897
1735,447859,31,3443,0.017894688993692398,0.017894688993692398
1736,438462,30,8382,0.017880462110042572,0.017880462110042572
1737,445115,31,699,0.017879536375403404,0.017879536375403404
1738,424676,29,8932,0.01787330023944378,0.01787330023944378
1739,446231,31,1815,0.017869357019662857,0.017869357019662857
1740,454552,31,10136,0.017854422330856323,0.017854422330856323
1741,436749,30,6669,0.017851589247584343,0.017851589247584343
1742,375325,26,2589,0.01783493533730507,0.01783493533730507
1743,455600,31,11184,0.017833499237895012,0.017833499237895012
1744,447768,31,3352,0.01783313788473606,0.01783313788473606
1745,441854,30,11774,0.01782059483230114,0.01782059483230114
1746,450808,31,6392,0.017816124483942986,0.017816124483942986
1747,452308,31,7892,0.017811572179198265,0.017811572179198265
1748,448777,31,4361,0.01780974306166172,0.01780974306166172
1749,450761,31,6345,0.017802026122808456,0.017802026122808456
1750,442254,30,12174,0.01780122146010399,0.01780122146010399
1751,444726,31,310,0.017785586416721344,0.017785586416721344
1752,446596,31,2180,0.017784155905246735,0.017784155905246735
1753,450124,31,5708,0.017779216170310974,0.017779216170310974
1754,457934,31,13518,0.01776992715895176,0.01776992715895176
1755,423446,29,7702,0.01774718426167965,0.01774718426167965
1756,430845,30,765,0.017727838829159737,0.017727838829159737
1757,432550,30,2470,0.017720559611916542,0.017720559611916542
1758,456335,31,11919,0.017716992646455765,0.017716992646455765
1759,437869,30,7789,0.017714541405439377,0.017714541405439377
1760,449020,31,4604,0.01770731434226036,0.01770731434226036
1761,422386,29,6642,0.017694124951958656,0.017694124951958656
1762,457147,31,12731,0.017693674191832542,0.017693674191832542
1763,302888,21,1832,0.017693549394607544,0.017693549394607544
1764,418280,29,2536,0.017688170075416565,0.017688170075416565
1765,438024,30,7944,0.01768377423286438,0.01768377423286438
1766,408535,28,7127,0.017681298777461052,0.017681298777461052
1767,448513,31,4097,0.01766088791191578,0.01766088791191578
1768,442592,30,12512,0.017654629424214363,0.017654629424214363
1769,451192,31,6776,0.017649095505475998,0.017649095505475998
1770,416585,29,841,0.017646538093686104,0.017646538093686104
1771,421496,29,5752,0.017638439312577248,0.017638439312577248
1772,424741,29,8997,0.017636122182011604,0.017636122182011604
1773,458020,31,13604,0.017632437869906425,0.017632437869906425
1774,444442,31,26,0.017632195726037025,0.017632195726037025
1775,455084,31,10668,0.01763084903359413,0.01763084903359413
1776,435454,30,5374,0.017627637833356857,0.017627637833356857
1777,440525,30,10445,0.01762719638645649,0.01762719638645649
1778,432085,30,2005,0.017621370032429695,0.017621370032429695
1779,448798,31,4382,0.01761973649263382,0.01761973649263382
1780,418879,29,3135,0.017617156729102135,0.017617156729102135
1781,455534,31,11118,0.017612915486097336,0.017612915486097336
1782,449071,31,4655,0.017608223482966423,0.017608223482966423
1783,450693,31,6277,0.01760180853307247,0.01760180853307247
1784,436561,30,6481,0.017591029405593872,0.017591029405593872
1785,453193,31,8777,0.017587408423423767,0.017587408423423767
1786,446751,31,2335,0.01757936365902424,0.01757936365902424
1787,455708,31,11292,0.017577212303876877,0.017577212303876877
1788,449530,31,5114,0.01756477914750576,0.01756477914750576
1789,458682,31,14266,0.017559031024575233,0.017559031024575233
1790,454185,31,9769,0.017557239159941673,0.017557239159941673
1791,453182,31,8766,0.01755591109395027,0.01755591109395027
1792,457387,31,12971,0.017551254481077194,0.017551254481077194
1793,455683,31,11267,0.017544342204928398,0.017544342204928398
1794,408004,28,6596,0.017539389431476593,0.017539389431476593
1795,456915,31,12499,0.017538052052259445,0.017538052052259445
1796,453177,31,8761,0.017537986859679222,0.017537986859679222
1797,441449,30,11369,0.017529470846056938,0.017529470846056938
1798,421125,29,5381,0.017514018341898918,0.017514018341898918
1799,444898,31,482,0.017513979226350784,0.017513979226350784
1800,445617,31,1201,0.01750836707651615,0.01750836707651615
1801,450071,31,5655,0.01750377006828785,0.01750377006828785
1802,449367,31,4951,0.017503054812550545,0.017503054812550545
1803,451750,31,7334,0.01750083826482296,0.01750083826482296
1804,449415,31,4999,0.017498323693871498,0.017498323693871498
1805,452309,31,7893,0.017496177926659584,0.017496177926659584
1806,456319,31,11903,0.017495065927505493,0.017495065927505493
1807,457279,31,12863,0.01749434880912304,0.01749434880912304
1808,449605,31,5189,0.017490388825535774,0.017490388825535774
1809,433503,30,3423,0.017475124448537827,0.017475124448537827
1810,454052,31,9636,0.017474528402090073,0.017474528402090073
1811,445349,31,933,0.017469756305217743,0.017469756305217743
1812,455006,31,10590,0.017468295991420746,0.017468295991420746
1813,394314,27,7242,0.017466260120272636,0.017466260120272636
1814,444261,30,14181,0.017463399097323418,0.017463399097323418
1815,441306,30,11226,0.01746208965778351,0.01746208965778351
1816,384058,26,11322,0.01745912991464138,0.01745912991464138
1817,446416,31,2000,0.017451083287596703,0.017451083287596703
1818,458008,31,13592,0.01745063252747059,0.01745063252747059
1819,449126,31,4710,0.01743961311876774,0.01743961311876774
1820,451596,31,7180,0.017431456595659256,0.017431456595659256
1821,446710,31,2294,0.01743025705218315,0.01743025705218315
1822,409247,28,7839,0.017407264560461044,0.017407264560461044
1823,454964,31,10548,0.017387427389621735,0.017387427389621735
1824,447571,31,3155,0.01738739013671875,0.01738739013671875
1825,430820,30,740,0.017387110739946365,0.017387110739946365
1826,424985,29,9241,0.01738632097840309,0.01738632097840309
1827,411056,28,9648,0.01737900637090206,0.01737900637090206
1828,447294,31,2878,0.017376692965626717,0.017376692965626717
1829,436283,30,6203,0.017367202788591385,0.017367202788591385
1830,430815,30,735,0.0173540860414505,0.0173540860414505
1831,418145,29,2401,0.017349878326058388,0.017349878326058388
1832,439717,30,9637,0.017349377274513245,0.017349377274513245
1833,416648,29,904,0.017339857295155525,0.017339857295155525
1834,446887,31,2471,0.017337840050458908,0.017337840050458908
1835,448406,31,3990,0.01733388938009739,0.01733388938009739
1836,431324,30,1244,0.017332399263978004,0.017332399263978004
1837,427931,29,12187,0.017330942675471306,0.017330942675471306
1838,410795,28,9387,0.01732751913368702,0.01732751913368702
1839,447991,31,3575,0.01731657236814499,0.01731657236814499
1840,445256,31,840,0.01731228642165661,0.01731228642165661
1841,456186,31,11770,0.017308736220002174,0.017308736220002174
1842,451371,31,6955,0.01730750873684883,0.01730750873684883
1843,456709,31,12293,0.017307329922914505,0.017307329922914505
1844,446529,31,2113,0.017307119444012642,0.017307119444012642
1845,448504,31,4088,0.01730586588382721,0.01730586588382721
1846,435839,30,5759,0.017300255596637726,0.017300255596637726
1847,455753,31,11337,0.017295820638537407,0.017295820638537407
1848,456930,31,12514,0.017295092344284058,0.017295092344284058
1849,427579,29,11835,0.01727929525077343,0.01727929525077343
1850,430397,30,317,0.017275292426347733,0.017275292426347733
1851,449755,31,5339,0.017268624156713486,0.017268624156713486
1852,412701,28,11293,0.017266875132918358,0.017266875132918358
1853,438212,30,8132,0.01726548559963703,0.01726548559963703
1854,427242,29,11498,0.01726520247757435,0.01726520247757435
1855,433755,30,3675,0.017253337427973747,0.017253337427973747
1856,403271,28,1863,0.01724226213991642,0.01724226213991642
1857,417676,29,1932,0.017236823216080666,0.017236823216080666
1858,448902,31,4486,0.017221864312887192,0.017221864312887192
1859,450880,31,6464,0.01722150295972824,0.01722150295972824
1860,432764,30,2684,0.017208894714713097,0.017208894714713097
1861,428066,29,12322,0.017207298427820206,0.017207298427820206
1862,437274,30,7194,0.017202530056238174,0.017202530056238174
1863,439292,30,9212,0.017200900241732597,0.017200900241732597
1864,458473,31,14057,0.017200101166963577,0.017200101166963577
1865,449600,31,5184,0.017190629616379738,0.017190629616379738
1866,449786,31,5370,0.017190158367156982,0.017190158367156982
1867,395257,27,8185,0.017186516895890236,0.017186516895890236
1868,394039,27,6967,0.01718199998140335,0.01718199998140335
1869,445331,31,915,0.0171815212816,0.0171815212816
1870,450133,31,5717,0.01717984676361084,0.01717984676361084
1871,452228,31,7812,0.01717226393520832,0.01717226393520832
1872,452514,31,8098,0.017171509563922882,0.017171509563922882
1873,422287,29,6543,0.01717144437134266,0.01717144437134266
1874,456497,31,12081,0.017169995233416557,0.017169995233416557
1875,373519,26,783,0.01716974750161171,0.01716974750161171
1876,412306,28,10898,0.01716933771967888,0.01716933771967888
1877,434689,30,4609,0.01716870628297329,0.01716870628297329
1878,449951,31,5535,0.01716804690659046,0.01716804690659046
1879,457137,31,12721,0.01716296188533306,0.01716296188533306
1880,446346,31,1930,0.017162838950753212,0.017162838950753212
1881,455128,31,10712,0.01715930551290512,0.01715930551290512
1882,439701,30,9621,0.017150554805994034,0.017150554805994034
1883,454005,31,9589,0.017144422978162766,0.017144422978162766
1884,451411,31,6995,0.017143992707133293,0.017143992707133293
1885,456635,31,12219,0.017140105366706848,0.017140105366706848
1886,454739,31,10323,0.017130227759480476,0.017130227759480476
1887,446820,31,2404,0.017129193991422653,0.017129193991422653
1888,456939,31,12523,0.01712752878665924,0.01712752878665924
1889,452737,31,8321,0.017126429826021194,0.017126429826021194
1890,452585,31,8169,0.017105141654610634,0.017105141654610634
1891,451898,31,7482,0.017097540199756622,0.017097540199756622
1892,446336,31,1920,0.017096800729632378,0.017096800729632378
1893,450144,31,5728,0.01709636300802231,0.01709636300802231
1894,415974,29,230,0.017089636996388435,0.017089636996388435
1895,455022,31,10606,0.017087239772081375,0.017087239772081375
1896,458616,31,14200,0.017074164003133774,0.017074164003133774
1897,448926,31,4510,0.017071081325411797,0.017071081325411797
1898,455431,31,11015,0.017070133239030838,0.017070133239030838
1899,381509,26,8773,0.01706182211637497,0.01706182211637497
1900,446563,31,2147,0.017057176679372787,0.017057176679372787
1901,447387,31,2971,0.01705702766776085,0.01705702766776085
1902,444850,31,434,0.017052531242370605,0.017052531242370605
1903,454668,31,10252,0.01704932190477848,0.01704932190477848
1904,454124,31,9708,0.01704707182943821,0.01704707182943821
1905,448666,31,4250,0.017046116292476654,0.017046116292476654
1906,450263,31,5847,0.017045291140675545,0.017045291140675545
1907,456464,31,12048,0.01703418791294098,0.01703418791294098
1908,455060,31,10644,0.017032669857144356,0.017032669857144356
1909,454828,31,10412,0.01702740043401718,0.01702740043401718
1910,457342,31,12926,0.017023298889398575,0.017023298889398575
1911,456227,31,11811,0.017022402957081795,0.017022402957081795
1912,386739,26,14003,0.017020469531416893,0.017020469531416893
1913,456907,31,12491,0.017016032710671425,0.017016032710671425
1914,436401,30,6321,0.017013855278491974,0.017013855278491974
1915,319825,22,4433,0.017009109258651733,0.017009109258651733
1916,426915,29,11171,0.01700267754495144,0.01700267754495144
1917,437034,30,6954,0.016998959705233574,0.016998959705233574
1918,445948,31,1532,0.016996044665575027,0.016996044665575027
1919,446848,31,2432,0.016995569691061974,0.016995569691061974
1920,425045,29,9301,0.016994142904877663,0.016994142904877663
1921,458093,31,13677,0.01698925718665123,0.01698925718665123
1922,450574,31,6158,0.016987059265375137,0.016987059265375137
1923,375143,26,2407,0.016986072063446045,0.016986072063446045
1924,454627,31,10211,0.01698102429509163,0.01698102429509163
1925,446030,31,1614,0.016968803480267525,0.016968803480267525
1926,452366,31,7950,0.016952956095337868,0.016952956095337868
1927,457440,31,13024,0.016951056197285652,0.016951056197285652
1928,444521,31,105,0.016944505274295807,0.016944505274295807
1929,416459,29,715,0.01694399304687977,0.01694399304687977
1930,439196,30,9116,0.016942167654633522,0.016942167654633522
1931,438149,30,8069,0.01692594587802887,0.01692594587802887
1932,391744,27,4672,0.01692136935889721,0.01692136935889721
1933,449811,31,5395,0.016912097111344337,0.016912097111344337
1934,448873,31,4457,0.016903825104236603,0.016903825104236603
1935,444626,31,210,0.016899989917874336,0.016899989917874336
1936,456286,31,11870,0.016897214576601982,0.016897214576601982
1937,430986,30,906,0.016889415681362152,0.016889415681362152
1938,283021,19,10637,0.016886383295059204,0.016886383295059204
1939,440631,30,10551,0.016879579052329063,0.016879579052329063
1940,441259,30,11179,0.016878537833690643,0.016878537833690643
1941,450516,31,6100,0.01687712036073208,0.01687712036073208
1942,446718,31,2302,0.016869109123945236,0.016869109123945236
1943,458313,31,13897,0.016863152384757996,0.016863152384757996
1944,418577,29,2833,0.01685841754078865,0.01685841754078865
1945,450617,31,6201,0.016857987269759178,0.016857987269759178
1946,450359,31,5943,0.016839684918522835,0.016839684918522835
1947,450032,31,5616,0.016834257170557976,0.016834257170557976
1948,285190,19,12806,0.016827687621116638,0.016827687621116638
1949,449899,31,5483,0.016827119514346123,0.016827119514346123
1950,255695,17,11983,0.01681133173406124,0.01681133173406124
1951,447214,31,2798,0.016809167340397835,0.016809167340397835
1952,433080,30,3000,0.016807960346341133,0.016807960346341133
1953,453038,31,8622,0.016807254403829575,0.016807254403829575
1954,452683,31,8267,0.01680275984108448,0.01680275984108448
1955,453835,31,9419,0.016798056662082672,0.016798056662082672
1956,443405,30,13325,0.016793187707662582,0.016793187707662582
1957,392219,27,5147,0.01678730547428131,0.01678730547428131
1958,456799,31,12383,0.01678537391126156,0.01678537391126156
1959,403477,28,2069,0.016784070059657097,0.016784070059657097
1960,448665,31,4249,0.016783474013209343,0.016783474013209343
1961,453787,31,9371,0.016775690019130707,0.016775690019130707
1962,444634,31,218,0.016772642731666565,0.016772642731666565
1963,454968,31,10552,0.016763098537921906,0.016763098537921906
1964,437411,30,7331,0.01675986871123314,0.01675986871123314
1965,441740,30,11660,0.016753751784563065,0.016753751784563065
1966,315301,21,14245,0.016753198578953743,0.016753198578953743
1967,446331,31,1915,0.01674949936568737,0.01674949936568737
1968,448279,31,3863,0.016746295616030693,0.016746295616030693
1969,398402,27,11330,0.01674564741551876,0.01674564741551876
1970,445725,31,1309,0.016736093908548355,0.016736093908548355
1971,454478,31,10062,0.016734817996621132,0.016734817996621132
1972,452816,31,8400,0.016730548813939095,0.016730548813939095
1973,451920,31,7504,0.016729213297367096,0.016729213297367096
1974,409989,28,8581,0.01672905869781971,0.01672905869781971
1975,454352,31,9936,0.0167287178337574,0.0167287178337574
1976,445011,31,595,0.016728270798921585,0.016728270798921585
1977,430472,30,392,0.016727667301893234,0.016727667301893234
1978,450375,31,5959,0.01672561839222908,0.01672561839222908
1979,395994,27,8922,0.01672075130045414,0.01672075130045414
1980,450224,31,5808,0.016719436272978783,0.016719436272978783
1981,443981,30,13901,0.01671610027551651,0.01671610027551651
1982,455382,31,10966,0.016710709780454636,0.016710709780454636
1983,450814,31,6398,0.01670807972550392,0.01670807972550392
1984,455565,31,11149,0.016705481335520744,0.016705481335520744
1985,454392,31,9976,0.016705222427845,0.016705222427845
1986,420351,29,4607,0.016701169312000275,0.016701169312000275
1987,435641,30,5561,0.01670047640800476,0.01670047640800476
1988,437177,30,7097,0.016697989776730537,0.016697989776730537
1989,457417,31,13001,0.016691256314516068,0.016691256314516068
1990,458476,31,14060,0.01668543554842472,0.01668543554842472
1991,405421,28,4013,0.016684632748365402,0.016684632748365402
1992,319158,22,3766,0.01668231002986431,0.01668231002986431
1993,420287,29,4543,0.01667892560362816,0.01667892560362816
1994,454576,31,10160,0.016675032675266266,0.016675032675266266
1995,453816,31,9400,0.016667984426021576,0.016667984426021576
1996,413041,28,11633,0.016664596274495125,0.016664596274495125
1997,438742,30,8662,0.016664061695337296,0.016664061695337296
1998,448120,31,3704,0.016662105917930603,0.016662105917930603
1999,437405,30,7325,0.01665961928665638,0.01665961928665638
2000,444620,31,204,0.016649728640913963,0.016649728640913963
2001,441043,30,10963,0.016646279022097588,0.016646279022097588
2002,446425,31,2009,0.01664547249674797,0.01664547249674797
2003,266477,18,8429,0.016643675044178963,0.016643675044178963
2004,390827,27,3755,0.01664341241121292,0.01664341241121292
2005,429767,29,14023,0.01664082333445549,0.01664082333445549
2006,403190,28,1782,0.016640568152070045,0.016640568152070045
2007,417265,29,1521,0.016637763008475304,0.016637763008475304
2008,458748,31,14332,0.016632897779345512,0.016632897779345512
2009,446821,31,2405,0.016632819548249245,0.016632819548249245
2010,432587,30,2507,0.016630038619041443,0.016630038619041443
2011,455707,31,11291,0.016629673540592194,0.016629673540592194
2012,428210,29,12466,0.01662265881896019,0.01662265881896019
2013,448528,31,4112,0.016616467386484146,0.016616467386484146
2014,445622,31,1206,0.016614966094493866,0.016614966094493866
2015,451723,31,7307,0.016614219173789024,0.016614219173789024
2016,454791,31,10375,0.016610585153102875,0.016610585153102875
2017,455102,31,10686,0.016607722267508507,0.016607722267508507
2018,456368,31,11952,0.01660347357392311,0.01660347357392311
2019,439205,30,9125,0.016601186245679855,0.016601186245679855
2020,288019,20,1299,0.01660067029297352,0.01660067029297352
2021,450927,31,6511,0.01659752056002617,0.01659752056002617
2022,415749,29,5,0.01659626141190529,0.01659626141190529
2023,453690,31,9274,0.016594821587204933,0.016594821587204933
2024,432824,30,2744,0.016589311882853508,0.016589311882853508
2025,441968,30,11888,0.01658424735069275,0.01658424735069275
2026,452960,31,8544,0.016581308096647263,0.016581308096647263
2027,453071,31,8655,0.01657100021839142,0.01657100021839142
2028,454657,31,10241,0.01654364913702011,0.01654364913702011
2029,450853,31,6437,0.016540905460715294,0.016540905460715294
2030,446197,31,1781,0.01653704233467579,0.01653704233467579
2031,315868,22,476,0.01653454452753067,0.01653454452753067
2032,441385,30,11305,0.016521630808711052,0.016521630808711052
2033,447607,31,3191,0.016520768404006958,0.016520768404006958
2034,449154,31,4738,0.016518903896212578,0.016518903896212578
2035,457839,31,13423,0.016516463831067085,0.016516463831067085
2036,445849,31,1433,0.01651187799870968,0.01651187799870968
2037,405496,28,4088,0.01650473102927208,0.01650473102927208
2038,433477,30,3397,0.016501514241099358,0.016501514241099358
2039,455505,31,11089,0.0164988711476326,0.0164988711476326
2040,430367,30,287,0.016496863216161728,0.016496863216161728
2041,446284,31,1868,0.016494790092110634,0.016494790092110634
2042,443628,30,13548,0.016494544222950935,0.016494544222950935
2043,457349,31,12933,0.016492001712322235,0.016492001712322235
2044,441566,30,11486,0.016489140689373016,0.016489140689373016
2045,455808,31,11392,0.016488753259181976,0.016488753259181976
2046,447390,31,2974,0.016481023281812668,0.016481023281812668
2047,443898,30,13818,0.01647997833788395,0.01647997833788395
2048,439453,30,9373,0.0164765864610672,0.0164765864610672
2049,447301,31,2885,0.016475757583975792,0.016475757583975792
2050,457240,31,12824,0.01647086814045906,0.01647086814045906
2051,448673,31,4257,0.016466233879327774,0.016466233879327774
2052,396688,27,9616,0.016463089734315872,0.016463089734315872
2053,446301,31,1885,0.016462577506899834,0.016462577506899834
2054,446791,31,2375,0.01646009273827076,0.01646009273827076
2055,451640,31,7224,0.016456345096230507,0.016456345096230507
2056,454808,31,10392,0.016449296846985817,0.016449296846985817
2057,453277,31,8861,0.01644737273454666,0.01644737273454666
2058,454644,31,10228,0.016433637589216232,0.016433637589216232
2059,438779,30,8699,0.016431527212262154,0.016431527212262154
2060,449240,31,4824,0.016425788402557373,0.016425788402557373
2061,451032,31,6616,0.016423508524894714,0.016423508524894714
2062,448133,31,3717,0.01641663908958435,0.01641663908958435
2063,457985,31,13569,0.016412777826189995,0.016412777826189995
2064,457945,31,13529,0.01640952192246914,0.01640952192246914
2065,452137,31,7721,0.016408901661634445,0.016408901661634445
2066,438328,30,8248,0.01640503853559494,0.01640503853559494
2067,437795,30,7715,0.016404269263148308,0.016404269263148308
2068,451545,31,7129,0.016396384686231613,0.016396384686231613
2069,378821,26,6085,0.016393788158893585,0.016393788158893585
2070,414459,28,13051,0.016377152875065804,0.016377152875065804
2071,444433,31,17,0.016364164650440216,0.016364164650440216
2072,448880,31,4464,0.016362905502319336,0.016362905502319336
2073,449797,31,5381,0.016358017921447754,0.016358017921447754
2074,457852,31,13436,0.01635708473622799,0.01635708473622799
2075,458204,31,13788,0.016354035586118698,0.016354035586118698
2076,453921,31,9505,0.016353217884898186,0.016353217884898186
2077,448496,31,4080,0.016348328441381454,0.016348328441381454
2078,425060,29,9316,0.016342798247933388,0.016342798247933388
2079,451881,31,7465,0.01634235866367817,0.01634235866367817
2080,432014,30,1934,0.016341954469680786,0.016341954469680786
2081,458156,31,13740,0.01634174957871437,0.01634174957871437
2082,438897,30,8817,0.016340548172593117,0.016340548172593117
2083,446611,31,2195,0.016337042674422264,0.016337042674422264
2084,439874,30,9794,0.01633485034108162,0.01633485034108162
2085,407286,28,5878,0.01632997952401638,0.01632997952401638
2086,409311,28,7903,0.016325850039720535,0.016325850039720535
2087,458123,31,13707,0.01632184162735939,0.01632184162735939
2088,264942,18,6894,0.016318580135703087,0.016318580135703087
2089,448166,31,3750,0.016312986612319946,0.016312986612319946
2090,450936,31,6520,0.016312215477228165,0.016312215477228165
2091,420382,29,4638,0.0163100752979517,0.0163100752979517
2092,454729,31,10313,0.016303131356835365,0.016303131356835365
2093,422305,29,6561,0.016300803050398827,0.016300803050398827
2094,444811,31,395,0.016299862414598465,0.016299862414598465
2095,457367,31,12951,0.016291256994009018,0.016291256994009018
2096,449252,31,4836,0.016280198469758034,0.016280198469758034
2097,451748,31,7332,0.016270101070404053,0.016270101070404053
2098,455932,31,11516,0.01626615785062313,0.01626615785062313
2099,452276,31,7860,0.016263503581285477,0.016263503581285477
2100,456156,31,11740,0.01626300811767578,0.01626300811767578
2101,439386,30,9306,0.016256168484687805,0.016256168484687805
2102,433968,30,3888,0.016247643157839775,0.016247643157839775
2103,434593,30,4513,0.016243794932961464,0.016243794932961464
2104,445084,31,668,0.016234155744314194,0.016234155744314194
2105,433506,30,3426,0.016233839094638824,0.016233839094638824
2106,444463,31,47,0.016229664906859398,0.016229664906859398
2107,448135,31,3719,0.01622827723622322,0.01622827723622322
2108,446322,31,1906,0.01622716709971428,0.01622716709971428
2109,444553,31,137,0.01622701808810234,0.01622701808810234
2110,447856,31,3440,0.01622079126536846,0.01622079126536846
2111,431703,30,1623,0.016217216849327087,0.016217216849327087
2112,446296,31,1880,0.016217002645134926,0.016217002645134926
2113,454822,31,10406,0.016212621703743935,0.016212621703743935
2114,432441,30,2361,0.016204871237277985,0.016204871237277985
2115,455005,31,10589,0.016201267018914223,0.016201267018914223
2116,438141,30,8061,0.016192371025681496,0.016192371025681496
2117,452051,31,7635,0.0161910317838192,0.0161910317838192
2118,437158,30,7078,0.016186706721782684,0.016186706721782684
2119,434149,30,4069,0.016185898333787918,0.016185898333787918
2120,458288,31,13872,0.016182025894522667,0.016182025894522667
2121,456708,31,12292,0.01618093252182007,0.01618093252182007
2122,454424,31,10008,0.016172397881746292,0.016172397881746292
2123,458119,31,13703,0.016166163608431816,0.016166163608431816
2124,290641,20,3921,0.01616242714226246,0.01616242714226246
2125,448514,31,4098,0.016145264729857445,0.016145264729857445
2126,416196,29,452,0.016145160421729088,0.016145160421729088
2127,453894,31,9478,0.01614339090883732,0.01614339090883732
2128,437120,30,7040,0.01614297553896904,0.01614297553896904
2129,418374,29,2630,0.0161381047219038,0.0161381047219038
2130,451103,31,6687,0.01613454334437847,0.01613454334437847
2131,456927,31,12511,0.016130201518535614,0.016130201518535614
2132,445685,31,1269,0.0161292664706707,0.0161292664706707
2133,454971,31,10555,0.01612461544573307,0.01612461544573307
2134,445543,31,1127,0.016123471781611443,0.016123471781611443
2135,432789,30,2709,0.016118191182613373,0.016118191182613373
2136,422741,29,6997,0.01611742377281189,0.01611742377281189
2137,419055,29,3311,0.016115548089146614,0.016115548089146614
2138,444432,31,16,0.016111163422465324,0.016111163422465324
2139,451786,31,7370,0.016109157353639603,0.016109157353639603
2140,445537,31,1121,0.016109071671962738,0.016109071671962738
2141,395123,27,8051,0.016101956367492676,0.016101956367492676
2142,455674,31,11258,0.01610119454562664,0.01610119454562664
2143,397956,27,10884,0.01610090769827366,0.01610090769827366
2144,453678,31,9262,0.016095126047730446,0.016095126047730446
2145,438851,30,8771,0.016089770942926407,0.016089770942926407
2146,443074,30,12994,0.01608550362288952,0.01608550362288952
2147,446293,31,1877,0.016083121299743652,0.016083121299743652
2148,442571,30,12491,0.016077497974038124,0.016077497974038124
2149,456598,31,12182,0.01607701927423477,0.01607701927423477
2150,450963,31,6547,0.01607353240251541,0.01607353240251541
2151,451348,31,6932,0.016071155667304993,0.016071155667304993
2152,454694,31,10278,0.01606246642768383,0.01606246642768383
2153,438110,30,8030,0.01606101170182228,0.01606101170182228
2154,445840,31,1424,0.01605975441634655,0.01605975441634655
2155,443789,30,13709,0.01605234295129776,0.01605234295129776
2156,456229,31,11813,0.016048507764935493,0.016048507764935493
2157,447234,31,2818,0.016047008335590363,0.016047008335590363
2158,453140,31,8724,0.01604297198355198,0.01604297198355198
2159,445586,31,1170,0.01604263298213482,0.01604263298213482
2160,431280,30,1200,0.016031255945563316,0.016031255945563316
2161,443434,30,13354,0.016021015122532845,0.016021015122532845
2162,407640,28,6232,0.016020582988858223,0.016020582988858223
2163,451679,31,7263,0.01601731963455677,0.01601731963455677
2164,432629,30,2549,0.016006147488951683,0.016006147488951683
2165,451651,31,7235,0.0160023532807827,0.0160023532807827
2166,381541,26,8805,0.01600213535130024,0.01600213535130024
2167,435403,30,5323,0.015999840572476387,0.015999840572476387
2168,458083,31,13667,0.01599922962486744,0.01599922962486744
2169,456448,31,12032,0.01599179580807686,0.01599179580807686
2170,445662,31,1246,0.015991387888789177,0.015991387888789177
2171,433166,30,3086,0.015991300344467163,0.015991300344467163
2172,425430,29,9686,0.015987949445843697,0.015987949445843697
2173,446163,31,1747,0.015985265374183655,0.015985265374183655
2174,219565,15,4525,0.01597963273525238,0.01597963273525238
2175,441348,30,11268,0.015979452058672905,0.015979452058672905
2176,454877,31,10461,0.0159776508808136,0.0159776508808136
2177,444829,31,413,0.015976615250110626,0.015976615250110626
2178,437063,30,6983,0.015973303467035294,0.015973303467035294
2179,447453,31,3037,0.01597079075872898,0.01597079075872898
2180,430890,30,810,0.015970371663570404,0.015970371663570404
2181,424457,29,8713,0.015965081751346588,0.015965081751346588
2182,430674,30,594,0.015956616029143333,0.015956616029143333
2183,440829,30,10749,0.015951653942465782,0.015951653942465782
2184,438942,30,8862,0.01594948209822178,0.01594948209822178
2185,444798,31,382,0.01594371534883976,0.01594371534883976
2186,436644,30,6564,0.015940343961119652,0.015940343961119652
2187,454869,31,10453,0.015928683802485466,0.015928683802485466
2188,453047,31,8631,0.01592094823718071,0.01592094823718071
2189,419771,29,4027,0.015918521210551262,0.015918521210551262
2190,437072,30,6992,0.015901939943432808,0.015901939943432808
2191,458720,31,14304,0.01590060442686081,0.01590060442686081
2192,452950,31,8534,0.015895580872893333,0.015895580872893333
2193,449017,31,4601,0.015887970104813576,0.015887970104813576
2194,448413,31,3997,0.01587977074086666,0.01587977074086666
2195,440276,30,10196,0.015879474580287933,0.015879474580287933
2196,425180,29,9436,0.015872111544013023,0.015872111544013023
2197,445980,31,1564,0.015869690105319023,0.015869690105319023
2198,362915,25,4515,0.01586962677538395,0.01586962677538395
2199,453668,31,9252,0.01586819440126419,0.01586819440126419
2200,452341,31,7925,0.015849286690354347,0.015849286690354347
2201,445814,31,1398,0.015842977911233902,0.015842977911233902
2202,452965,31,8549,0.015839552506804466,0.015839552506804466
2203,456038,31,11622,0.01583893969655037,0.01583893969655037
2204,448250,31,3834,0.015838494524359703,0.015838494524359703
2205,457450,31,13034,0.015834413468837738,0.015834413468837738
2206,447848,31,3432,0.01582823134958744,0.01582823134958744
2207,445975,31,1559,0.015827365219593048,0.015827365219593048
2208,448021,31,3605,0.015825491398572922,0.015825491398572922
2209,452422,31,8006,0.01582481898367405,0.01582481898367405
2210,451674,31,7258,0.015823818743228912,0.015823818743228912
2211,443430,30,13350,0.01581055484712124,0.01581055484712124
2212,440714,30,10634,0.015807248651981354,0.015807248651981354
2213,458022,31,13606,0.01580457016825676,0.01580457016825676
2214,445083,31,667,0.015802890062332153,0.015802890062332153
2215,446084,31,1668,0.015799783170223236,0.015799783170223236
2216,446494,31,2078,0.015799056738615036,0.015799056738615036
2217,455812,31,11396,0.015793627128005028,0.015793627128005028
2218,420668,29,4924,0.01578536443412304,0.01578536443412304
2219,447268,31,2852,0.015784775838255882,0.015784775838255882
2220,437515,30,7435,0.015781335532665253,0.015781335532665253
2221,457605,31,13189,0.01577761210501194,0.01577761210501194
2222,457248,31,12832,0.015774182975292206,0.015774182975292206
2223,431812,30,1732,0.01577397808432579,0.01577397808432579
2224,430920,30,840,0.015767153352499008,0.015767153352499008
2225,456947,31,12531,0.01575908251106739,0.01575908251106739
2226,450006,31,5590,0.015758471563458443,0.015758471563458443
2227,445756,31,1340,0.01574699394404888,0.01574699394404888
2228,458420,31,14004,0.01573977619409561,0.01573977619409561
2229,441611,30,11531,0.015736760571599007,0.015736760571599007
2230,446176,31,1760,0.015730101615190506,0.015730101615190506
2231,425246,29,9502,0.015727439895272255,0.015727439895272255
2232,452316,31,7900,0.01572451926767826,0.01572451926767826
2233,458099,31,13683,0.01572427898645401,0.01572427898645401
2234,456036,31,11620,0.015720250084996223,0.015720250084996223
2235,457476,31,13060,0.015718836337327957,0.015718836337327957
2236,202110,14,1406,0.015713410452008247,0.015713410452008247
2237,447785,31,3369,0.0157106202095747,0.0157106202095747
2238,445609,31,1193,0.015708500519394875,0.015708500519394875
2239,452924,31,8508,0.01570666767656803,0.01570666767656803
2240,445767,31,1351,0.015703897923231125,0.015703897923231125
2241,431410,30,1330,0.01570369303226471,0.01570369303226471
2242,443832,30,13752,0.015700358897447586,0.015700358897447586
2243,420878,29,5134,0.015696119517087936,0.015696119517087936
2244,449083,31,4667,0.015696102753281593,0.015696102753281593
2245,456151,31,11735,0.015695909038186073,0.015695909038186073
2246,457089,31,12673,0.015695316717028618,0.015695316717028618
2247,457216,31,12800,0.015694543719291687,0.015694543719291687
2248,446605,31,2189,0.015687959268689156,0.015687959268689156
2249,431760,30,1680,0.015680380165576935,0.015680380165576935
2250,457844,31,13428,0.01567423902451992,0.01567423902451992
2251,442253,30,12173,0.01567203551530838,0.01567203551530838
2252,445509,31,1093,0.015670640394091606,0.015670640394091606
2253,439771,30,9691,0.01566973887383938,0.01566973887383938
2254,449771,31,5355,0.015669334679841995,0.015669334679841995
2255,440842,30,10762,0.01566793955862522,0.01566793955862522
2256,448423,31,4007,0.015667252242565155,0.015667252242565155
2257,433020,30,2940,0.015654368326067924,0.015654368326067924
2258,447689,31,3273,0.015651825815439224,0.015651825815439224
2259,450248,31,5832,0.015644950792193413,0.015644950792193413
2260,445054,31,638,0.015641536563634872,0.015641536563634872
2261,429145,29,13401,0.015636490657925606,0.015636490657925606
2262,446879,31,2463,0.015633951872587204,0.015633951872587204
2263,454253,31,9837,0.015633268281817436,0.015633268281817436
2264,375381,26,2645,0.01563139446079731,0.01563139446079731
2265,450169,31,5753,0.01563100516796112,0.01563100516796112
2266,446579,31,2163,0.01561836339533329,0.01561836339533329
2267,447672,31,3256,0.015611404553055763,0.015611404553055763
2268,445424,31,1008,0.01560860313475132,0.01560860313475132
2269,419237,29,3493,0.01560525968670845,0.01560525968670845
2270,452830,31,8414,0.015604362823069096,0.015604362823069096
2271,458078,31,13662,0.015603162348270416,0.015603162348270416
2272,444482,31,66,0.015601187013089657,0.015601187013089657
2273,410893,28,9485,0.015599900856614113,0.015599900856614113
2274,431183,30,1103,0.015583820641040802,0.015583820641040802
2275,453971,31,9555,0.01557902805507183,0.01557902805507183
2276,444037,30,13957,0.01557875145226717,0.01557875145226717
2277,457093,31,12677,0.015574931167066097,0.015574931167066097
2278,451484,31,7068,0.015565493144094944,0.015565493144094944
2279,441138,30,11058,0.015563953667879105,0.015563953667879105
2280,438392,30,8312,0.015560504049062729,0.015560504049062729
2281,375949,26,3213,0.015557680279016495,0.015557680279016495
2282,406650,28,5242,0.015553127974271774,0.015553127974271774
2283,458613,31,14197,0.01554195862263441,0.01554195862263441
2284,432389,30,2309,0.01553549338132143,0.01553549338132143
2285,373186,26,450,0.015535152517259121,0.015535152517259121
2286,441268,30,11188,0.015534071251749992,0.015534071251749992
2287,443962,30,13882,0.015532192774116993,0.015532192774116993
2288,457020,31,12604,0.01552128978073597,0.01552128978073597
2289,449775,31,5359,0.015518593601882458,0.015518593601882458
2290,444257,30,14177,0.015517989173531532,0.015517989173531532
2291,440791,30,10711,0.015511822886765003,0.015511822886765003
2292,439040,30,8960,0.01551129762083292,0.01551129762083292
2293,437625,30,7545,0.015510652214288712,0.015510652214288712
2294,453836,31,9420,0.01550962496548891,0.01550962496548891
2295,449209,31,4793,0.015507928095757961,0.015507928095757961
2296,453059,31,8643,0.015507431700825691,0.015507431700825691
2297,450887,31,6471,0.015507121570408344,0.015507121570408344
2298,450813,31,6397,0.015497214160859585,0.015497214160859585
2299,350303,24,6239,0.015496065840125084,0.015496065840125084
2300,387774,27,702,0.015494500286877155,0.015494500286877155
2301,427440,29,11696,0.015493837185204029,0.015493837185204029
2302,413337,28,11929,0.015484914183616638,0.015484914183616638
2303,435507,30,5427,0.015478009358048439,0.015478009358048439
2304,455830,31,11414,0.015477114357054234,0.015477114357054234
2305,452712,31,8296,0.015473415143787861,0.015473415143787861
2306,456017,31,11601,0.01547213178128004,0.01547213178128004
2307,368421,25,10021,0.015470891259610653,0.015470891259610653
2308,424075,29,8331,0.015459345653653145,0.015459345653653145
2309,403290,28,1882,0.015457754023373127,0.015457754023373127
2310,442780,30,12700,0.015451284125447273,0.015451284125447273
2311,451719,31,7303,0.015448499470949173,0.015448499470949173
2312,236114,16,6738,0.015447753481566906,0.015447753481566906
2313,457664,31,13248,0.015447668731212616,0.015447668731212616
2314,436447,30,6367,0.015444016084074974,0.015444016084074974
2315,450108,31,5692,0.015443808399140835,0.015443808399140835
2316,433578,30,3498,0.015441189520061016,0.015441189520061016
2317,442941,30,12861,0.015438682399690151,0.015438682399690151
2318,369771,25,11371,0.015436394140124321,0.015436394140124321
2319,450254,31,5838,0.01543635968118906,0.01543635968118906
2320,444878,31,462,0.015433726832270622,0.015433726832270622
2321,441338,30,11258,0.015431106090545654,0.015431106090545654
2322,444871,31,455,0.015423906967043877,0.015423906967043877
2323,451161,31,6745,0.015421773307025433,0.015421773307025433
2324,431050,30,970,0.015420753508806229,0.015420753508806229
2325,454130,31,9714,0.015416882932186127,0.015416882932186127
2326,427885,29,12141,0.015407956205308437,0.015407956205308437
2327,454338,31,9922,0.015403864905238152,0.015403864905238152
2328,440812,30,10732,0.015401202253997326,0.015401202253997326
2329,456712,31,12296,0.015388897620141506,0.015388897620141506
2330,417745,29,2001,0.015387161634862423,0.015387161634862423
2331,440392,30,10312,0.015386158600449562,0.015386158600449562
2332,447041,31,2625,0.01538507454097271,0.01538507454097271
2333,425494,29,9750,0.015384276397526264,0.015384276397526264
2334,455999,31,11583,0.01537740882486105,0.01537740882486105
2335,450201,31,5785,0.015376382507383823,0.015376382507383823
2336,450742,31,6326,0.015375970862805843,0.015375970862805843
2337,451578,31,7162,0.015368235297501087,0.015368235297501087
2338,402855,28,1447,0.015366142615675926,0.015366142615675926
2339,402189,28,781,0.015362636186182499,0.015362636186182499
2340,364139,25,5739,0.015360147692263126,0.015360147692263126
2341,352146,24,8082,0.015358834527432919,0.015358834527432919
2342,455625,31,11209,0.015357473865151405,0.015357473865151405
2343,449334,31,4918,0.01535710971802473,0.01535710971802473
2344,445448,31,1032,0.015347445383667946,0.015347445383667946
2345,444299,30,14219,0.015340404585003853,0.015340404585003853
2346,440315,30,10235,0.01534013357013464,0.01534013357013464
2347,446385,31,1969,0.01533740945160389,0.01533740945160389
2348,447564,31,3148,0.015330235473811626,0.015330235473811626
2349,446528,31,2112,0.015326893888413906,0.015326893888413906
2350,447328,31,2912,0.015326308086514473,0.015326308086514473
2351,432864,30,2784,0.01532343216240406,0.01532343216240406
2352,453425,31,9009,0.015322098508477211,0.015322098508477211
2353,448744,31,4328,0.015316786244511604,0.015316786244511604
2354,449516,31,5100,0.015315488912165165,0.015315488912165165
2355,416917,29,1173,0.015305735170841217,0.015305735170841217
2356,452072,31,7656,0.015304125845432281,0.015304125845432281
2357,452547,31,8131,0.015299600549042225,0.015299600549042225
2358,454592,31,10176,0.015299360267817974,0.015299360267817974
2359,436885,30,6805,0.015294471755623817,0.015294471755623817
2360,455547,31,11131,0.015290486626327038,0.015290486626327038
2361,419557,29,3813,0.015283925458788872,0.015283925458788872
2362,447515,31,3099,0.015282739885151386,0.015282739885151386
2363,450357,31,5941,0.015280932188034058,0.015280932188034058
2364,448436,31,4020,0.015274648554623127,0.015274648554623127
2365,450185,31,5769,0.015266445465385914,0.015266445465385914
2366,452294,31,7878,0.015264865010976791,0.015264865010976791
2367,369984,25,11584,0.015264377929270267,0.015264377929270267
2368,457210,31,12794,0.015254213474690914,0.015254213474690914
2369,445191,31,775,0.015245101414620876,0.015245101414620876
2370,420874,29,5130,0.015243620611727238,0.015243620611727238
2371,436093,30,6013,0.015241807326674461,0.015241807326674461
2372,445751,31,1335,0.015240062028169632,0.015240062028169632
2373,455328,31,10912,0.01523996889591217,0.01523996889591217
2374,388039,27,967,0.015235574916005135,0.015235574916005135
2375,296144,20,9424,0.015234776772558689,0.015234776772558689
2376,454499,31,10083,0.015234365127980709,0.015234365127980709
2377,403767,28,2359,0.015232491306960583,0.015232491306960583
2378,446095,31,1679,0.015222335234284401,0.015222335234284401
2379,457095,31,12679,0.015216024592518806,0.015216024592518806
2380,444772,31,356,0.015214918181300163,0.015214918181300163
2381,454779,31,10363,0.015210774727165699,0.015210774727165699
2382,451067,31,6651,0.015204387716948986,0.015204387716948986
2383,430698,30,618,0.01520373485982418,0.01520373485982418
2384,403215,28,1807,0.015197147615253925,0.015197147615253925
2385,449809,31,5393,0.015191961079835892,0.015191961079835892
2386,458306,31,13890,0.01518695056438446,0.01518695056438446
2387,445599,31,1183,0.0151817100122571,0.0151817100122571
2388,458271,31,13855,0.015181630849838257,0.015181630849838257
2389,458066,31,13650,0.015179718844592571,0.015179718844592571
2390,444129,30,14049,0.015176810324192047,0.015176810324192047
2391,366183,25,7783,0.01517579983919859,0.01517579983919859
2392,431189,30,1109,0.01517181284725666,0.01517181284725666
2393,440135,30,10055,0.015170404687523842,0.015170404687523842
2394,454947,31,10531,0.015169830992817879,0.015169830992817879
2395,445501,31,1085,0.015156304463744164,0.015156304463744164
2396,446476,31,2060,0.015155037865042686,0.015155037865042686
2397,451173,31,6757,0.015153416432440281,0.015153416432440281
2398,447759,31,3343,0.01515249628573656,0.01515249628573656
2399,445965,31,1549,0.015151441097259521,0.015151441097259521
2400,452218,31,7802,0.01514418050646782,0.01514418050646782
2401,415852,29,108,0.015140369534492493,0.015140369534492493
2402,456196,31,11780,0.015139988623559475,0.015139988623559475
2403,457848,31,13432,0.01513400487601757,0.01513400487601757
2404,439862,30,9782,0.015131319873034954,0.015131319873034954
2405,452542,31,8126,0.015123100951313972,0.015123100951313972
2406,434552,30,4472,0.015120640397071838,0.015120640397071838
2407,439375,30,9295,0.015119684860110283,0.015119684860110283
2408,457022,31,12606,0.015119225718080997,0.015119225718080997
2409,452352,31,7936,0.015116456896066666,0.015116456896066666
2410,431376,30,1296,0.015111807733774185,0.015111807733774185
2411,336132,23,6404,0.015110410749912262,0.015110410749912262
2412,456833,31,12417,0.015108911320567131,0.015108911320567131
2413,450960,31,6544,0.0151051115244627,0.0151051115244627
2414,374284,26,1548,0.015103785321116447,0.015103785321116447
2415,431072,30,992,0.01510078925639391,0.01510078925639391
2416,454605,31,10189,0.015098425559699535,0.015098425559699535
2417,448693,31,4277,0.015087108127772808,0.015087108127772808
2418,386728,26,13992,0.015086079947650433,0.015086079947650433
2419,432847,30,2767,0.015078716911375523,0.015078716911375523
2420,433663,30,3583,0.015078425407409668,0.015078425407409668
2421,445127,31,711,0.01507384330034256,0.01507384330034256
2422,431827,30,1747,0.01507249753922224,0.01507249753922224
2423,437899,30,7819,0.015065671876072884,0.015065671876072884
2424,457946,31,13530,0.01506469864398241,0.01506469864398241
2425,435508,30,5428,0.015064629726111889,0.015064629726111889
2426,458658,31,14242,0.01506067719310522,0.01506067719310522
2427,447930,31,3514,0.01505524106323719,0.01505524106323719
2428,445465,31,1049,0.015050459653139114,0.015050459653139114
2429,446156,31,1740,0.015044224448502064,0.015044224448502064
2430,434406,30,4326,0.0150360818952322,0.0150360818952322
2431,437458,30,7378,0.015036061406135559,0.015036061406135559
2432,433992,30,3912,0.015035231597721577,0.015035231597721577
2433,389219,27,2147,0.015034913085401058,0.015034913085401058
2434,431821,30,1741,0.015034005977213383,0.015034005977213383
2435,455993,31,11577,0.015029237605631351,0.015029237605631351
2436,450802,31,6386,0.015022967010736465,0.015022967010736465
2437,448686,31,4270,0.01501944474875927,0.01501944474875927
2438,434275,30,4195,0.015014167875051498,0.015014167875051498
2439,341948,23,12220,0.015008974820375443,0.015008974820375443
2440,431232,30,1152,0.01500849798321724,0.01500849798321724
2441,311345,21,10289,0.015000994317233562,0.015000994317233562
2442,444932,31,516,0.014992647804319859,0.014992647804319859
2443,458671,31,14255,0.014980563893914223,0.014980563893914223
2444,435566,30,5486,0.014977597631514072,0.014977597631514072
2445,445801,31,1385,0.01496831327676773,0.01496831327676773
2446,427792,29,12048,0.014967167750000954,0.014967167750000954
2447,449359,31,4943,0.014962192624807358,0.014962192624807358
2448,453309,31,8893,0.014959072694182396,0.014959072694182396
2449,456253,31,11837,0.01495832484215498,0.01495832484215498
2450,449142,31,4726,0.014955036342144012,0.014955036342144012
2451,446023,31,1607,0.014950155280530453,0.014950155280530453
2452,435849,30,5769,0.014946588315069675,0.014946588315069675
2453,445547,31,1131,0.014946538023650646,0.014946538023650646
2454,445207,31,791,0.014946316368877888,0.014946316368877888
2455,453432,31,9016,0.014946014620363712,0.014946014620363712
2456,419859,29,4115,0.014942646026611328,0.014942646026611328
2457,430115,30,35,0.014936622232198715,0.014936622232198715
2458,434041,30,3961,0.014933869242668152,0.014933869242668152
2459,436713,30,6633,0.014931868761777878,0.014931868761777878
2460,439805,30,9725,0.014930658973753452,0.014930658973753452
2461,453003,31,8587,0.014927673153579235,0.014927673153579235
2462,426102,29,10358,0.01492246612906456,0.01492246612906456
2463,449348,31,4932,0.014921094290912151,0.014921094290912151
2464,456477,31,12061,0.014919105917215347,0.014919105917215347
2465,437468,30,7388,0.014916361309587955,0.014916361309587955
2466,442682,30,12602,0.014916046522557735,0.014916046522557735
2467,446194,31,1778,0.0149149214848876,0.0149149214848876
2468,446816,31,2400,0.014914807863533497,0.014914807863533497
2469,442279,30,12199,0.014905882067978382,0.014905882067978382
2470,452288,31,7872,0.01489894650876522,0.01489894650876522
2471,445717,31,1301,0.014887631870806217,0.014887631870806217
2472,428816,29,13072,0.01488371379673481,0.01488371379673481
2473,417527,29,1783,0.014873422682285309,0.014873422682285309
2474,434825,30,4745,0.014873283915221691,0.014873283915221691
2475,441387,30,11307,0.014873156324028969,0.014873156324028969
2476,444272,30,14192,0.01487072091549635,0.01487072091549635
2477,442623,30,12543,0.014869948849081993,0.014869948849081993
2478,450500,31,6084,0.014866954647004604,0.014866954647004604
2479,449280,31,4864,0.014860149472951889,0.014860149472951889
2480,455567,31,11151,0.014859747141599655,0.014859747141599655
2481,432138,30,2058,0.014858612790703773,0.014858612790703773
2482,430252,30,172,0.014855007641017437,0.014855007641017437
2483,451951,31,7535,0.014847631566226482,0.014847631566226482
2484,452044,31,7628,0.01484735868871212,0.01484735868871212
2485,446668,31,2252,0.014837425202131271,0.014837425202131271
2486,436938,30,6858,0.014835747890174389,0.014835747890174389
2487,451758,31,7342,0.014830500818789005,0.014830500818789005
2488,444454,31,38,0.014824423007667065,0.014824423007667065
2489,440242,30,10162,0.014823691919445992,0.014823691919445992
2490,430851,30,771,0.014822248369455338,0.014822248369455338
2491,426668,29,10924,0.014817637391388416,0.014817637391388416
2492,457599,31,13183,0.014810464344918728,0.014810464344918728
2493,451982,31,7566,0.014808101579546928,0.014808101579546928
2494,450961,31,6545,0.0148032046854496,0.0148032046854496
2495,454421,31,10005,0.014803015626966953,0.014803015626966953
2496,453369,31,8953,0.01480073668062687,0.01480073668062687
2497,448289,31,3873,0.014797213487327099,0.014797213487327099
2498,451221,31,6805,0.01479444932192564,0.01479444932192564
2499,333069,23,3341,0.014791439287364483,0.014791439287364483
