rank,neuron_id,layer,neuron_idx,score,importance
0,458617,31,14201,0.6292940974235535,0.6292940974235535
1,446814,31,2398,0.39039328694343567,0.39039328694343567
2,452775,31,8359,0.36393076181411743,0.36393076181411743
3,450848,31,6432,0.33573731780052185,0.33573731780052185
4,446356,31,1940,0.3311498165130615,0.3311498165130615
5,456420,31,12004,0.3250381648540497,0.3250381648540497
6,457752,31,13336,0.31022197008132935,0.31022197008132935
7,449925,31,5509,0.303529292345047,0.303529292345047
8,445625,31,1209,0.2953622043132782,0.2953622043132782
9,447374,31,2958,0.27854570746421814,0.27854570746421814
10,453832,31,9416,0.26029452681541443,0.26029452681541443
11,445575,31,1159,0.25337526202201843,0.25337526202201843
12,458640,31,14224,0.24691089987754822,0.24691089987754822
13,448480,31,4064,0.2397502213716507,0.2397502213716507
14,452289,31,7873,0.23809155821800232,0.23809155821800232
15,430715,30,635,0.2235105335712433,0.2235105335712433
16,449727,31,5311,0.21672825515270233,0.21672825515270233
17,447613,31,3197,0.21428531408309937,0.21428531408309937
18,457339,31,12923,0.2110089808702469,0.2110089808702469
19,451832,31,7416,0.1993194967508316,0.1993194967508316
20,450883,31,6467,0.1893010139465332,0.1893010139465332
21,444727,31,311,0.18917781114578247,0.18917781114578247
22,435622,30,5542,0.18859921395778656,0.18859921395778656
23,445416,31,1000,0.18134836852550507,0.18134836852550507
24,446684,31,2268,0.18120762705802917,0.18120762705802917
25,449437,31,5021,0.18008968234062195,0.18008968234062195
26,437893,30,7813,0.1800648272037506,0.1800648272037506
27,452534,31,8118,0.1783502995967865,0.1783502995967865
28,448852,31,4436,0.1771974265575409,0.1771974265575409
29,445740,31,1324,0.17299892008304596,0.17299892008304596
30,453530,31,9114,0.1725580245256424,0.1725580245256424
31,452389,31,7973,0.1713227778673172,0.1713227778673172
32,457230,31,12814,0.17024917900562286,0.17024917900562286
33,454080,31,9664,0.16988013684749603,0.16988013684749603
34,449978,31,5562,0.1696934849023819,0.1696934849023819
35,450391,31,5975,0.16917748749256134,0.16917748749256134
36,453935,31,9519,0.16844286024570465,0.16844286024570465
37,458612,31,14196,0.16681763529777527,0.16681763529777527
38,458411,31,13995,0.1658836007118225,0.1658836007118225
39,447890,31,3474,0.1653735190629959,0.1653735190629959
40,457329,31,12913,0.16399440169334412,0.16399440169334412
41,454241,31,9825,0.16254206001758575,0.16254206001758575
42,447825,31,3409,0.16232211887836456,0.16232211887836456
43,438306,30,8226,0.16145509481430054,0.16145509481430054
44,446893,31,2477,0.16043901443481445,0.16043901443481445
45,453603,31,9187,0.15930582582950592,0.15930582582950592
46,458692,31,14276,0.15894715487957,0.15894715487957
47,447500,31,3084,0.15815319120883942,0.15815319120883942
48,447170,31,2754,0.1570594161748886,0.1570594161748886
49,457492,31,13076,0.15651948750019073,0.15651948750019073
50,453278,31,8862,0.15595412254333496,0.15595412254333496
51,454855,31,10439,0.15497198700904846,0.15497198700904846
52,458285,31,13869,0.15449738502502441,0.15449738502502441
53,450335,31,5919,0.15429861843585968,0.15429861843585968
54,451866,31,7450,0.15391720831394196,0.15391720831394196
55,456345,31,11929,0.15024712681770325,0.15024712681770325
56,455389,31,10973,0.1496284157037735,0.1496284157037735
57,450882,31,6466,0.1496121734380722,0.1496121734380722
58,446721,31,2305,0.1478222906589508,0.1478222906589508
59,449864,31,5448,0.14625228941440582,0.14625228941440582
60,445369,31,953,0.14508476853370667,0.14508476853370667
61,454108,31,9692,0.14466778934001923,0.14466778934001923
62,449956,31,5540,0.14320935308933258,0.14320935308933258
63,447903,31,3487,0.14276185631752014,0.14276185631752014
64,444676,31,260,0.14272534847259521,0.14272534847259521
65,458443,31,14027,0.14144828915596008,0.14144828915596008
66,456601,31,12185,0.14055852591991425,0.14055852591991425
67,447172,31,2756,0.13931387662887573,0.13931387662887573
68,449534,31,5118,0.13913166522979736,0.13913166522979736
69,457257,31,12841,0.13578449189662933,0.13578449189662933
70,458522,31,14106,0.13559696078300476,0.13559696078300476
71,456233,31,11817,0.13402526080608368,0.13402526080608368
72,449498,31,5082,0.13398392498493195,0.13398392498493195
73,455219,31,10803,0.1337554156780243,0.1337554156780243
74,446070,31,1654,0.13233447074890137,0.13233447074890137
75,446097,31,1681,0.13163655996322632,0.13163655996322632
76,456535,31,12119,0.13101714849472046,0.13101714849472046
77,446250,31,1834,0.1309058964252472,0.1309058964252472
78,445412,31,996,0.13087902963161469,0.13087902963161469
79,416995,29,1251,0.13009381294250488,0.13009381294250488
80,448928,31,4512,0.12872371077537537,0.12872371077537537
81,442526,30,12446,0.12838338315486908,0.12838338315486908
82,450136,31,5720,0.12825405597686768,0.12825405597686768
83,449787,31,5371,0.12758409976959229,0.12758409976959229
84,445506,31,1090,0.12632693350315094,0.12632693350315094
85,447956,31,3540,0.12602198123931885,0.12602198123931885
86,457518,31,13102,0.12578950822353363,0.12578950822353363
87,456638,31,12222,0.12572726607322693,0.12572726607322693
88,451540,31,7124,0.12416424602270126,0.12416424602270126
89,445466,31,1050,0.1234111413359642,0.1234111413359642
90,457007,31,12591,0.12297847867012024,0.12297847867012024
91,447370,31,2954,0.12196462601423264,0.12196462601423264
92,452277,31,7861,0.12155840545892715,0.12155840545892715
93,420575,29,4831,0.12095120549201965,0.12095120549201965
94,445988,31,1572,0.12077055126428604,0.12077055126428604
95,448544,31,4128,0.12054561078548431,0.12054561078548431
96,455730,31,11314,0.12042900174856186,0.12042900174856186
97,445266,31,850,0.12038859724998474,0.12038859724998474
98,446090,31,1674,0.1202373132109642,0.1202373132109642
99,458349,31,13933,0.11997859925031662,0.11997859925031662
100,447803,31,3387,0.11951246112585068,0.11951246112585068
101,457531,31,13115,0.11950760334730148,0.11950760334730148
102,434050,30,3970,0.11869767308235168,0.11869767308235168
103,457366,31,12950,0.11850905418395996,0.11850905418395996
104,449669,31,5253,0.11822216212749481,0.11822216212749481
105,445163,31,747,0.1179230809211731,0.1179230809211731
106,449202,31,4786,0.11775312572717667,0.11775312572717667
107,454626,31,10210,0.11695824563503265,0.11695824563503265
108,449969,31,5553,0.11695804446935654,0.11695804446935654
109,454875,31,10459,0.11651649326086044,0.11651649326086044
110,458107,31,13691,0.11599388718605042,0.11599388718605042
111,448993,31,4577,0.11592930555343628,0.11592930555343628
112,445552,31,1136,0.11453502625226974,0.11453502625226974
113,453080,31,8664,0.11438636481761932,0.11438636481761932
114,445582,31,1166,0.11438173055648804,0.11438173055648804
115,446093,31,1677,0.11400880664587021,0.11400880664587021
116,452570,31,8154,0.11320565640926361,0.11320565640926361
117,453535,31,9119,0.1130850687623024,0.1130850687623024
118,410387,28,8979,0.11296173930168152,0.11296173930168152
119,450349,31,5933,0.11267729103565216,0.11267729103565216
120,452322,31,7906,0.11246368288993835,0.11246368288993835
121,455175,31,10759,0.11189781129360199,0.11189781129360199
122,448101,31,3685,0.11189776659011841,0.11189776659011841
123,456774,31,12358,0.11151329427957535,0.11151329427957535
124,453353,31,8937,0.11124555766582489,0.11124555766582489
125,449206,31,4790,0.11083374172449112,0.11083374172449112
126,445379,31,963,0.11067171394824982,0.11067171394824982
127,441805,30,11725,0.11014937609434128,0.11014937609434128
128,455576,31,11160,0.1101265475153923,0.1101265475153923
129,447361,31,2945,0.10937047749757767,0.10937047749757767
130,452766,31,8350,0.1088874340057373,0.1088874340057373
131,450485,31,6069,0.1085471585392952,0.1085471585392952
132,447591,31,3175,0.10851515829563141,0.10851515829563141
133,446428,31,2012,0.10836458951234818,0.10836458951234818
134,457830,31,13414,0.10778988897800446,0.10778988897800446
135,440910,30,10830,0.10741376131772995,0.10741376131772995
136,453991,31,9575,0.10726438462734222,0.10726438462734222
137,453591,31,9175,0.10687620937824249,0.10687620937824249
138,458038,31,13622,0.1068241149187088,0.1068241149187088
139,455957,31,11541,0.1061154380440712,0.1061154380440712
140,445130,31,714,0.10589481890201569,0.10589481890201569
141,448005,31,3589,0.10567281395196915,0.10567281395196915
142,446965,31,2549,0.10555174201726913,0.10555174201726913
143,456642,31,12226,0.1053927019238472,0.1053927019238472
144,456224,31,11808,0.10480071604251862,0.10480071604251862
145,448244,31,3828,0.10461298376321793,0.10461298376321793
146,448227,31,3811,0.10459866374731064,0.10459866374731064
147,447252,31,2836,0.10409995913505554,0.10409995913505554
148,449664,31,5248,0.1037449762225151,0.1037449762225151
149,445876,31,1460,0.1037084311246872,0.1037084311246872
150,446229,31,1813,0.10254062712192535,0.10254062712192535
151,447216,31,2800,0.1024274006485939,0.1024274006485939
152,457960,31,13544,0.1024111658334732,0.1024111658334732
153,457255,31,12839,0.10179408639669418,0.10179408639669418
154,447909,31,3493,0.1010529026389122,0.1010529026389122
155,436703,30,6623,0.10064604133367538,0.10064604133367538
156,445602,31,1186,0.10036946088075638,0.10036946088075638
157,447668,31,3252,0.10006304085254669,0.10006304085254669
158,448677,31,4261,0.09993921965360641,0.09993921965360641
159,445316,31,900,0.09979496896266937,0.09979496896266937
160,455500,31,11084,0.09965865314006805,0.09965865314006805
161,453881,31,9465,0.09937720745801926,0.09937720745801926
162,456415,31,11999,0.09908191859722137,0.09908191859722137
163,445616,31,1200,0.09892508387565613,0.09892508387565613
164,446988,31,2572,0.09891392290592194,0.09891392290592194
165,451697,31,7281,0.09884395450353622,0.09884395450353622
166,432872,30,2792,0.09874824434518814,0.09874824434518814
167,456668,31,12252,0.09815611690282822,0.09815611690282822
168,449025,31,4609,0.09813050180673599,0.09813050180673599
169,452109,31,7693,0.0980696827173233,0.0980696827173233
170,453771,31,9355,0.09766459465026855,0.09766459465026855
171,453068,31,8652,0.09762462973594666,0.09762462973594666
172,457084,31,12668,0.09755365550518036,0.09755365550518036
173,444982,31,566,0.09718833118677139,0.09718833118677139
174,455478,31,11062,0.0971735492348671,0.0971735492348671
175,456168,31,11752,0.09711667895317078,0.09711667895317078
176,445922,31,1506,0.09688756614923477,0.09688756614923477
177,458249,31,13833,0.09623591601848602,0.09623591601848602
178,448576,31,4160,0.09607448428869247,0.09607448428869247
179,447191,31,2775,0.0959746465086937,0.0959746465086937
180,456941,31,12525,0.09585297107696533,0.09585297107696533
181,447844,31,3428,0.09557773917913437,0.09557773917913437
182,454274,31,9858,0.09545577317476273,0.09545577317476273
183,458529,31,14113,0.09493498504161835,0.09493498504161835
184,448462,31,4046,0.09480448812246323,0.09480448812246323
185,455090,31,10674,0.09466701000928879,0.09466701000928879
186,455429,31,11013,0.09444169700145721,0.09444169700145721
187,445271,31,855,0.09439139813184738,0.09439139813184738
188,444518,31,102,0.09436213225126266,0.09436213225126266
189,448768,31,4352,0.09435766935348511,0.09435766935348511
190,455495,31,11079,0.0941382497549057,0.0941382497549057
191,455556,31,11140,0.09348145127296448,0.09348145127296448
192,450188,31,5772,0.09342025965452194,0.09342025965452194
193,445811,31,1395,0.09341295808553696,0.09341295808553696
194,451030,31,6614,0.0923963263630867,0.0923963263630867
195,447999,31,3583,0.09238416701555252,0.09238416701555252
196,455501,31,11085,0.09223038703203201,0.09223038703203201
197,452267,31,7851,0.09218404442071915,0.09218404442071915
198,451073,31,6657,0.09185135364532471,0.09185135364532471
199,445511,31,1095,0.09152127057313919,0.09152127057313919
200,431210,30,1130,0.09151117503643036,0.09151117503643036
201,452866,31,8450,0.09146477282047272,0.09146477282047272
202,450033,31,5617,0.09138074517250061,0.09138074517250061
203,446247,31,1831,0.09136567264795303,0.09136567264795303
204,431016,30,936,0.09096648544073105,0.09096648544073105
205,452761,31,8345,0.09061800688505173,0.09061800688505173
206,442265,30,12185,0.09061016887426376,0.09061016887426376
207,457277,31,12861,0.09049644321203232,0.09049644321203232
208,455313,31,10897,0.09043092280626297,0.09043092280626297
209,432538,30,2458,0.0903455913066864,0.0903455913066864
210,450515,31,6099,0.09032605588436127,0.09032605588436127
211,455660,31,11244,0.09013126790523529,0.09013126790523529
212,445171,31,755,0.08979086577892303,0.08979086577892303
213,458489,31,14073,0.0895613580942154,0.0895613580942154
214,450299,31,5883,0.08940934389829636,0.08940934389829636
215,438472,30,8392,0.08909077942371368,0.08909077942371368
216,455250,31,10834,0.08896388113498688,0.08896388113498688
217,446516,31,2100,0.08893903344869614,0.08893903344869614
218,454074,31,9658,0.08887194842100143,0.08887194842100143
219,449055,31,4639,0.0887230932712555,0.0887230932712555
220,445802,31,1386,0.088251493871212,0.088251493871212
221,455372,31,10956,0.08797115832567215,0.08797115832567215
222,454079,31,9663,0.08776983618736267,0.08776983618736267
223,449184,31,4768,0.08761594444513321,0.08761594444513321
224,449457,31,5041,0.08721573650836945,0.08721573650836945
225,447984,31,3568,0.08699184656143188,0.08699184656143188
226,447159,31,2743,0.0869414210319519,0.0869414210319519
227,447964,31,3548,0.08664870262145996,0.08664870262145996
228,449646,31,5230,0.0864507183432579,0.0864507183432579
229,451435,31,7019,0.0862402394413948,0.0862402394413948
230,455920,31,11504,0.08613818138837814,0.08613818138837814
231,455988,31,11572,0.08611048012971878,0.08611048012971878
232,447880,31,3464,0.08574039489030838,0.08574039489030838
233,451112,31,6696,0.08560337871313095,0.08560337871313095
234,452469,31,8053,0.08551633358001709,0.08551633358001709
235,458217,31,13801,0.0848628357052803,0.0848628357052803
236,446760,31,2344,0.08475036919116974,0.08475036919116974
237,451781,31,7365,0.08462986350059509,0.08462986350059509
238,434807,30,4727,0.0846172422170639,0.0846172422170639
239,423072,29,7328,0.08441667258739471,0.08441667258739471
240,453406,31,8990,0.08416661620140076,0.08416661620140076
241,449515,31,5099,0.08398085087537766,0.08398085087537766
242,444790,31,374,0.0839775875210762,0.0839775875210762
243,455650,31,11234,0.0838090181350708,0.0838090181350708
244,446657,31,2241,0.08376765251159668,0.08376765251159668
245,433112,30,3032,0.08370532840490341,0.08370532840490341
246,444902,31,486,0.08296730369329453,0.08296730369329453
247,428401,29,12657,0.08295872807502747,0.08295872807502747
248,450525,31,6109,0.08290477842092514,0.08290477842092514
249,456945,31,12529,0.08284047245979309,0.08284047245979309
250,457873,31,13457,0.08283840119838715,0.08283840119838715
251,458063,31,13647,0.08265756070613861,0.08265756070613861
252,453366,31,8950,0.08263672888278961,0.08263672888278961
253,446492,31,2076,0.08220724016427994,0.08220724016427994
254,433376,30,3296,0.08212018013000488,0.08212018013000488
255,444931,31,515,0.0814971849322319,0.0814971849322319
256,445413,31,997,0.08145135641098022,0.08145135641098022
257,447477,31,3061,0.08134318143129349,0.08134318143129349
258,444836,31,420,0.08105131983757019,0.08105131983757019
259,448185,31,3769,0.0809243842959404,0.0809243842959404
260,455266,31,10850,0.08063378930091858,0.08063378930091858
261,448107,31,3691,0.08057339489459991,0.08057339489459991
262,453989,31,9573,0.08056781440973282,0.08056781440973282
263,448281,31,3865,0.08047684282064438,0.08047684282064438
264,433411,30,3331,0.08045578747987747,0.08045578747987747
265,455826,31,11410,0.0804310292005539,0.0804310292005539
266,452609,31,8193,0.08033981919288635,0.08033981919288635
267,446890,31,2474,0.08022736012935638,0.08022736012935638
268,448175,31,3759,0.08009729534387589,0.08009729534387589
269,446452,31,2036,0.07997562736272812,0.07997562736272812
270,453587,31,9171,0.07980763167142868,0.07980763167142868
271,455132,31,10716,0.07972404360771179,0.07972404360771179
272,455036,31,10620,0.07927483320236206,0.07927483320236206
273,446128,31,1712,0.07900092005729675,0.07900092005729675
274,446209,31,1793,0.0786876454949379,0.0786876454949379
275,450682,31,6266,0.07858891040086746,0.07858891040086746
276,455766,31,11350,0.07854162156581879,0.07854162156581879
277,452798,31,8382,0.07853395491838455,0.07853395491838455
278,454003,31,9587,0.07849401980638504,0.07849401980638504
279,448046,31,3630,0.07848461717367172,0.07848461717367172
280,442983,30,12903,0.0783652663230896,0.0783652663230896
281,445474,31,1058,0.07827869802713394,0.07827869802713394
282,456449,31,12033,0.07823138684034348,0.07823138684034348
283,448032,31,3616,0.07815083116292953,0.07815083116292953
284,455758,31,11342,0.07781264185905457,0.07781264185905457
285,446604,31,2188,0.07638338953256607,0.07638338953256607
286,444832,31,416,0.07636871188879013,0.07636871188879013
287,455113,31,10697,0.07624757289886475,0.07624757289886475
288,452014,31,7598,0.07614386826753616,0.07614386826753616
289,453954,31,9538,0.07580261677503586,0.07580261677503586
290,451107,31,6691,0.07575201988220215,0.07575201988220215
291,449289,31,4873,0.07573272287845612,0.07573272287845612
292,431857,30,1777,0.07547907531261444,0.07547907531261444
293,416990,29,1246,0.07545951753854752,0.07545951753854752
294,455904,31,11488,0.07521088421344757,0.07521088421344757
295,454516,31,10100,0.0751107707619667,0.0751107707619667
296,443687,30,13607,0.07491780817508698,0.07491780817508698
297,443593,30,13513,0.07476072758436203,0.07476072758436203
298,453375,31,8959,0.07462594658136368,0.07462594658136368
299,447582,31,3166,0.07458141446113586,0.07458141446113586
300,451929,31,7513,0.07438239455223083,0.07438239455223083
301,451520,31,7104,0.07427073270082474,0.07427073270082474
302,451531,31,7115,0.07414162158966064,0.07414162158966064
303,458405,31,13989,0.07411496341228485,0.07411496341228485
304,445090,31,674,0.07396179437637329,0.07396179437637329
305,452199,31,7783,0.07390916347503662,0.07390916347503662
306,435104,30,5024,0.07347044348716736,0.07347044348716736
307,442096,30,12016,0.0733722373843193,0.0733722373843193
308,456588,31,12172,0.07329898327589035,0.07329898327589035
309,428732,29,12988,0.0731404647231102,0.0731404647231102
310,444689,31,273,0.07290399074554443,0.07290399074554443
311,454908,31,10492,0.07286632806062698,0.07286632806062698
312,424972,29,9228,0.07283187657594681,0.07283187657594681
313,456401,31,11985,0.07272550463676453,0.07272550463676453
314,447062,31,2646,0.07265724241733551,0.07265724241733551
315,457526,31,13110,0.07252676039934158,0.07252676039934158
316,452826,31,8410,0.07233952730894089,0.07233952730894089
317,457032,31,12616,0.07210878282785416,0.07210878282785416
318,449751,31,5335,0.07209590077400208,0.07209590077400208
319,439291,30,9211,0.07201571762561798,0.07201571762561798
320,454234,31,9818,0.07145390659570694,0.07145390659570694
321,458325,31,13909,0.07142111659049988,0.07142111659049988
322,453531,31,9115,0.07140844315290451,0.07140844315290451
323,441383,30,11303,0.0713144838809967,0.0713144838809967
324,451725,31,7309,0.0712251365184784,0.0712251365184784
325,444703,31,287,0.07107533514499664,0.07107533514499664
326,438796,30,8716,0.07098768651485443,0.07098768651485443
327,445935,31,1519,0.07097329199314117,0.07097329199314117
328,457478,31,13062,0.07074116915464401,0.07074116915464401
329,440805,30,10725,0.07069247961044312,0.07069247961044312
330,457708,31,13292,0.07058943063020706,0.07058943063020706
331,448614,31,4198,0.07047402113676071,0.07047402113676071
332,448431,31,4015,0.07040376216173172,0.07040376216173172
333,447073,31,2657,0.07018038630485535,0.07018038630485535
334,452089,31,7673,0.07013978809118271,0.07013978809118271
335,434577,30,4497,0.06990257650613785,0.06990257650613785
336,455199,31,10783,0.06982879340648651,0.06982879340648651
337,455440,31,11024,0.06959909945726395,0.06959909945726395
338,436974,30,6894,0.06942838430404663,0.06942838430404663
339,447459,31,3043,0.06924889236688614,0.06924889236688614
340,448346,31,3930,0.06922771036624908,0.06922771036624908
341,448790,31,4374,0.06918647885322571,0.06918647885322571
342,456054,31,11638,0.06857061386108398,0.06857061386108398
343,438642,30,8562,0.06774283945560455,0.06774283945560455
344,457446,31,13030,0.06771178543567657,0.06771178543567657
345,454649,31,10233,0.06722743064165115,0.06722743064165115
346,451150,31,6734,0.06700622290372849,0.06700622290372849
347,454036,31,9620,0.06685291975736618,0.06685291975736618
348,449077,31,4661,0.06644469499588013,0.06644469499588013
349,456096,31,11680,0.06639880686998367,0.06639880686998367
350,456714,31,12298,0.06629244238138199,0.06629244238138199
351,456111,31,11695,0.06623154133558273,0.06623154133558273
352,449560,31,5144,0.06584259122610092,0.06584259122610092
353,442230,30,12150,0.06570933014154434,0.06570933014154434
354,452645,31,8229,0.06534751504659653,0.06534751504659653
355,449010,31,4594,0.06531596183776855,0.06531596183776855
356,444853,31,437,0.06530013680458069,0.06530013680458069
357,449204,31,4788,0.06529463827610016,0.06529463827610016
358,454596,31,10180,0.06516436487436295,0.06516436487436295
359,453647,31,9231,0.06494195759296417,0.06494195759296417
360,446623,31,2207,0.0647621601819992,0.0647621601819992
361,457384,31,12968,0.06469739973545074,0.06469739973545074
362,450840,31,6424,0.06447438150644302,0.06447438150644302
363,445210,31,794,0.06407590955495834,0.06407590955495834
364,455849,31,11433,0.06404180079698563,0.06404180079698563
365,452008,31,7592,0.06400151550769806,0.06400151550769806
366,436026,30,5946,0.06393168121576309,0.06393168121576309
367,458230,31,13814,0.0638582706451416,0.0638582706451416
368,429864,29,14120,0.06368020921945572,0.06368020921945572
369,453208,31,8792,0.06362481415271759,0.06362481415271759
370,455496,31,11080,0.06320568919181824,0.06320568919181824
371,448062,31,3646,0.06299849599599838,0.06299849599599838
372,455426,31,11010,0.06251177936792374,0.06251177936792374
373,434850,30,4770,0.06244348734617233,0.06244348734617233
374,456862,31,12446,0.062417641282081604,0.062417641282081604
375,403056,28,1648,0.062240514904260635,0.062240514904260635
376,458224,31,13808,0.06199520081281662,0.06199520081281662
377,454430,31,10014,0.061756934970617294,0.061756934970617294
378,446155,31,1739,0.061744701117277145,0.061744701117277145
379,427394,29,11650,0.06147455424070358,0.06147455424070358
380,454390,31,9974,0.0611751526594162,0.0611751526594162
381,457991,31,13575,0.06113453954458237,0.06113453954458237
382,449038,31,4622,0.06105910241603851,0.06105910241603851
383,454750,31,10334,0.061055347323417664,0.061055347323417664
384,440920,30,10840,0.06089623272418976,0.06089623272418976
385,433983,30,3903,0.06087454780936241,0.06087454780936241
386,450488,31,6072,0.06079552695155144,0.06079552695155144
387,452999,31,8583,0.06074851006269455,0.06074851006269455
388,458523,31,14107,0.060583073645830154,0.060583073645830154
389,458064,31,13648,0.06050034612417221,0.06050034612417221
390,449958,31,5542,0.060340579599142075,0.060340579599142075
391,454887,31,10471,0.060251712799072266,0.060251712799072266
392,455610,31,11194,0.060121744871139526,0.060121744871139526
393,448774,31,4358,0.0599907711148262,0.0599907711148262
394,429909,29,14165,0.059963151812553406,0.059963151812553406
395,441654,30,11574,0.059875454753637314,0.059875454753637314
396,432306,30,2226,0.05955938622355461,0.05955938622355461
397,448595,31,4179,0.059557635337114334,0.059557635337114334
398,455853,31,11437,0.05948392674326897,0.05948392674326897
399,416878,29,1134,0.05944539234042168,0.05944539234042168
400,453200,31,8784,0.05926945433020592,0.05926945433020592
401,445909,31,1493,0.05919840931892395,0.05919840931892395
402,438033,30,7953,0.05911286175251007,0.05911286175251007
403,456056,31,11640,0.0589698851108551,0.0589698851108551
404,456329,31,11913,0.05882151052355766,0.05882151052355766
405,434262,30,4182,0.05880017578601837,0.05880017578601837
406,435985,30,5905,0.058643098920583725,0.058643098920583725
407,445573,31,1157,0.0585046224296093,0.0585046224296093
408,437755,30,7675,0.05842164158821106,0.05842164158821106
409,455651,31,11235,0.05827347934246063,0.05827347934246063
410,415998,29,254,0.05822088569402695,0.05822088569402695
411,429072,29,13328,0.05820624157786369,0.05820624157786369
412,447915,31,3499,0.058117736130952835,0.058117736130952835
413,458021,31,13605,0.05775763466954231,0.05775763466954231
414,447739,31,3323,0.05770765617489815,0.05770765617489815
415,452360,31,7944,0.057667817920446396,0.057667817920446396
416,378652,26,5916,0.057124752551317215,0.057124752551317215
417,431642,30,1562,0.057068824768066406,0.057068824768066406
418,437056,30,6976,0.05706784129142761,0.05706784129142761
419,431873,30,1793,0.05696144700050354,0.05696144700050354
420,443045,30,12965,0.05691671371459961,0.05691671371459961
421,433444,30,3364,0.056741051375865936,0.056741051375865936
422,429543,29,13799,0.05638623982667923,0.05638623982667923
423,447439,31,3023,0.05627397075295448,0.05627397075295448
424,421971,29,6227,0.056213438510894775,0.056213438510894775
425,446041,31,1625,0.05610227212309837,0.05610227212309837
426,437226,30,7146,0.056078020483255386,0.056078020483255386
427,454452,31,10036,0.055999547243118286,0.055999547243118286
428,435606,30,5526,0.05594312772154808,0.05594312772154808
429,433462,30,3382,0.055567868053913116,0.055567868053913116
430,454411,31,9995,0.055331919342279434,0.055331919342279434
431,438619,30,8539,0.0551016628742218,0.0551016628742218
432,446968,31,2552,0.05492093041539192,0.05492093041539192
433,436805,30,6725,0.054918721318244934,0.054918721318244934
434,447705,31,3289,0.05489308387041092,0.05489308387041092
435,448023,31,3607,0.05483796074986458,0.05483796074986458
436,456451,31,12035,0.05472378805279732,0.05472378805279732
437,409997,28,8589,0.05467652156949043,0.05467652156949043
438,439819,30,9739,0.05464551970362663,0.05464551970362663
439,450031,31,5615,0.05461256206035614,0.05461256206035614
440,456561,31,12145,0.05441652983427048,0.05441652983427048
441,442564,30,12484,0.05434524267911911,0.05434524267911911
442,445263,31,847,0.054188359528779984,0.054188359528779984
443,447860,31,3444,0.054008521139621735,0.054008521139621735
444,455204,31,10788,0.05364500731229782,0.05364500731229782
445,436163,30,6083,0.05363732576370239,0.05363732576370239
446,453463,31,9047,0.05335426330566406,0.05335426330566406
447,451821,31,7405,0.05323230102658272,0.05323230102658272
448,449458,31,5042,0.053001441061496735,0.053001441061496735
449,433866,30,3786,0.05283917859196663,0.05283917859196663
450,445702,31,1286,0.05280434340238571,0.05280434340238571
451,454489,31,10073,0.052784767001867294,0.052784767001867294
452,446335,31,1919,0.052548013627529144,0.052548013627529144
453,435016,30,4936,0.052484359592199326,0.052484359592199326
454,445581,31,1165,0.052474260330200195,0.052474260330200195
455,437508,30,7428,0.05242188647389412,0.05242188647389412
456,438806,30,8726,0.05239826440811157,0.05239826440811157
457,439537,30,9457,0.05226826295256615,0.05226826295256615
458,447047,31,2631,0.052036650478839874,0.052036650478839874
459,419490,29,3746,0.05173170194029808,0.05173170194029808
460,453049,31,8633,0.051685724407434464,0.051685724407434464
461,433426,30,3346,0.05164281278848648,0.05164281278848648
462,453541,31,9125,0.05159865692257881,0.05159865692257881
463,420662,29,4918,0.051536835730075836,0.051536835730075836
464,323906,22,8514,0.051476746797561646,0.051476746797561646
465,447847,31,3431,0.051337312906980515,0.051337312906980515
466,456609,31,12193,0.05116909742355347,0.05116909742355347
467,454938,31,10522,0.051102038472890854,0.051102038472890854
468,450230,31,5814,0.051084280014038086,0.051084280014038086
469,437069,30,6989,0.05101265013217926,0.05101265013217926
470,456572,31,12156,0.05097220465540886,0.05097220465540886
471,434115,30,4035,0.0509098619222641,0.0509098619222641
472,431251,30,1171,0.05084788799285889,0.05084788799285889
473,451845,31,7429,0.05080430209636688,0.05080430209636688
474,452200,31,7784,0.050792135298252106,0.050792135298252106
475,430639,30,559,0.050753165036439896,0.050753165036439896
476,450220,31,5804,0.05070611461997032,0.05070611461997032
477,446531,31,2115,0.05070006474852562,0.05070006474852562
478,439218,30,9138,0.050697628408670425,0.050697628408670425
479,439317,30,9237,0.05058979615569115,0.05058979615569115
480,453917,31,9501,0.050343673676252365,0.050343673676252365
481,457000,31,12584,0.050220053642988205,0.050220053642988205
482,436844,30,6764,0.05020613595843315,0.05020613595843315
483,446682,31,2266,0.05018376186490059,0.05018376186490059
484,445655,31,1239,0.05014558881521225,0.05014558881521225
485,446214,31,1798,0.050103481858968735,0.050103481858968735
486,445652,31,1236,0.05007642135024071,0.05007642135024071
487,432049,30,1969,0.050071731209754944,0.050071731209754944
488,446001,31,1585,0.04987258464097977,0.04987258464097977
489,444295,30,14215,0.0497862808406353,0.0497862808406353
490,447291,31,2875,0.049537088721990585,0.049537088721990585
491,447364,31,2948,0.04949876666069031,0.04949876666069031
492,453688,31,9272,0.049425650388002396,0.049425650388002396
493,432483,30,2403,0.04933418706059456,0.04933418706059456
494,437543,30,7463,0.04924308508634567,0.04924308508634567
495,433807,30,3727,0.048994529992341995,0.048994529992341995
496,429094,29,13350,0.04893050342798233,0.04893050342798233
497,448718,31,4302,0.04889032617211342,0.04889032617211342
498,450382,31,5966,0.04876222461462021,0.04876222461462021
499,450313,31,5897,0.04864858463406563,0.04864858463406563
500,436619,30,6539,0.04855502396821976,0.04855502396821976
501,458155,31,13739,0.04843379929661751,0.04843379929661751
502,443139,30,13059,0.04834403842687607,0.04834403842687607
503,417949,29,2205,0.04832034185528755,0.04832034185528755
504,437384,30,7304,0.04813554883003235,0.04813554883003235
505,423093,29,7349,0.04812122508883476,0.04812122508883476
506,431609,30,1529,0.04767942056059837,0.04767942056059837
507,452915,31,8499,0.04766176640987396,0.04766176640987396
508,433775,30,3695,0.047641318291425705,0.047641318291425705
509,436458,30,6378,0.047371722757816315,0.047371722757816315
510,453400,31,8984,0.04732139781117439,0.04732139781117439
511,457644,31,13228,0.04724061116576195,0.04724061116576195
512,440511,30,10431,0.047042734920978546,0.047042734920978546
513,455614,31,11198,0.04694390669465065,0.04694390669465065
514,446344,31,1928,0.04693599045276642,0.04693599045276642
515,448453,31,4037,0.046860840171575546,0.046860840171575546
516,452476,31,8060,0.04683016240596771,0.04683016240596771
517,442467,30,12387,0.04636620730161667,0.04636620730161667
518,442474,30,12394,0.046253107488155365,0.046253107488155365
519,449577,31,5161,0.04605191946029663,0.04605191946029663
520,458715,31,14299,0.04599674046039581,0.04599674046039581
521,437674,30,7594,0.045970119535923004,0.045970119535923004
522,454581,31,10165,0.045953646302223206,0.045953646302223206
523,451933,31,7517,0.045949824154376984,0.045949824154376984
524,438303,30,8223,0.0459279827773571,0.0459279827773571
525,431875,30,1795,0.045873649418354034,0.045873649418354034
526,455997,31,11581,0.04586630314588547,0.04586630314588547
527,455872,31,11456,0.04585697501897812,0.04585697501897812
528,451366,31,6950,0.045778535306453705,0.045778535306453705
529,450722,31,6306,0.04576883465051651,0.04576883465051651
530,430944,30,864,0.04566703364253044,0.04566703364253044
531,446053,31,1637,0.045628439635038376,0.045628439635038376
532,450780,31,6364,0.045487821102142334,0.045487821102142334
533,442092,30,12012,0.045474689453840256,0.045474689453840256
534,447633,31,3217,0.045473236590623856,0.045473236590623856
535,439513,30,9433,0.04517704248428345,0.04517704248428345
536,442540,30,12460,0.04497552663087845,0.04497552663087845
537,447520,31,3104,0.04481673240661621,0.04481673240661621
538,448138,31,3722,0.04468291997909546,0.04468291997909546
539,451538,31,7122,0.04460204765200615,0.04460204765200615
540,449337,31,4921,0.04449436441063881,0.04449436441063881
541,432276,30,2196,0.04447891563177109,0.04447891563177109
542,443306,30,13226,0.04430042952299118,0.04430042952299118
543,440045,30,9965,0.04424545168876648,0.04424545168876648
544,448917,31,4501,0.044218361377716064,0.044218361377716064
545,444705,31,289,0.044183798134326935,0.044183798134326935
546,454044,31,9628,0.04407641291618347,0.04407641291618347
547,452122,31,7706,0.04407396912574768,0.04407396912574768
548,422835,29,7091,0.04404544457793236,0.04404544457793236
549,436028,30,5948,0.04404522851109505,0.04404522851109505
550,457232,31,12816,0.04373573511838913,0.04373573511838913
551,450052,31,5636,0.0436653271317482,0.0436653271317482
552,452463,31,8047,0.04366300627589226,0.04366300627589226
553,458477,31,14061,0.043626196682453156,0.043626196682453156
554,431544,30,1464,0.04356127977371216,0.04356127977371216
555,455398,31,10982,0.04343448951840401,0.04343448951840401
556,444649,31,233,0.043160323053598404,0.043160323053598404
557,455851,31,11435,0.04315648600459099,0.04315648600459099
558,439129,30,9049,0.04315318912267685,0.04315318912267685
559,433780,30,3700,0.04312961921095848,0.04312961921095848
560,440086,30,10006,0.04309159517288208,0.04309159517288208
561,454384,31,9968,0.04296937212347984,0.04296937212347984
562,408005,28,6597,0.04294480383396149,0.04294480383396149
563,453148,31,8732,0.04291906580328941,0.04291906580328941
564,447359,31,2943,0.04281046241521835,0.04281046241521835
565,453007,31,8591,0.042735591530799866,0.042735591530799866
566,458635,31,14219,0.04273032397031784,0.04273032397031784
567,457804,31,13388,0.04268438741564751,0.04268438741564751
568,447438,31,3022,0.042642902582883835,0.042642902582883835
569,450064,31,5648,0.04262036457657814,0.04262036457657814
570,456693,31,12277,0.04261651262640953,0.04261651262640953
571,453187,31,8771,0.04259084165096283,0.04259084165096283
572,439327,30,9247,0.042477287352085114,0.042477287352085114
573,456776,31,12360,0.042441267520189285,0.042441267520189285
574,444324,30,14244,0.042425837367773056,0.042425837367773056
575,456014,31,11598,0.042376138269901276,0.042376138269901276
576,448287,31,3871,0.04227925091981888,0.04227925091981888
577,445202,31,786,0.042230963706970215,0.042230963706970215
578,433571,30,3491,0.04219441115856171,0.04219441115856171
579,456581,31,12165,0.04194192215800285,0.04194192215800285
580,431881,30,1801,0.04175504297018051,0.04175504297018051
581,446504,31,2088,0.04170002043247223,0.04170002043247223
582,452688,31,8272,0.04164654389023781,0.04164654389023781
583,449699,31,5283,0.04159973934292793,0.04159973934292793
584,412975,28,11567,0.0415395125746727,0.0415395125746727
585,435629,30,5549,0.04147297516465187,0.04147297516465187
586,450268,31,5852,0.04143437743186951,0.04143437743186951
587,400929,27,13857,0.04140421748161316,0.04140421748161316
588,443127,30,13047,0.04127487167716026,0.04127487167716026
589,446645,31,2229,0.041240300983190536,0.041240300983190536
590,435439,30,5359,0.04116585850715637,0.04116585850715637
591,446419,31,2003,0.04116109013557434,0.04116109013557434
592,450995,31,6579,0.041124917566776276,0.041124917566776276
593,438791,30,8711,0.04083888232707977,0.04083888232707977
594,455861,31,11445,0.04063611477613449,0.04063611477613449
595,458170,31,13754,0.040543083101511,0.040543083101511
596,447272,31,2856,0.04033786058425903,0.04033786058425903
597,452776,31,8360,0.04033755138516426,0.04033755138516426
598,452354,31,7938,0.04031036049127579,0.04031036049127579
599,431877,30,1797,0.040258485823869705,0.040258485823869705
600,431801,30,1721,0.04023980721831322,0.04023980721831322
601,450138,31,5722,0.040159113705158234,0.040159113705158234
602,450475,31,6059,0.04008157178759575,0.04008157178759575
603,453543,31,9127,0.04007914662361145,0.04007914662361145
604,440219,30,10139,0.040050435811281204,0.040050435811281204
605,453507,31,9091,0.03994886577129364,0.03994886577129364
606,449399,31,4983,0.0398685559630394,0.0398685559630394
607,439671,30,9591,0.03982362523674965,0.03982362523674965
608,455905,31,11489,0.039801225066185,0.039801225066185
609,422603,29,6859,0.039767488837242126,0.039767488837242126
610,446569,31,2153,0.03974291682243347,0.03974291682243347
611,454547,31,10131,0.039733272045850754,0.039733272045850754
612,444761,31,345,0.03968873247504234,0.03968873247504234
613,446729,31,2313,0.03961678966879845,0.03961678966879845
614,443839,30,13759,0.03948401287198067,0.03948401287198067
615,451141,31,6725,0.03945137560367584,0.03945137560367584
616,458737,31,14321,0.0392284132540226,0.0392284132540226
617,453023,31,8607,0.039159681648015976,0.039159681648015976
618,447626,31,3210,0.03909064829349518,0.03909064829349518
619,416161,29,417,0.039041537791490555,0.039041537791490555
620,451454,31,7038,0.03896232321858406,0.03896232321858406
621,432707,30,2627,0.03882962465286255,0.03882962465286255
622,442338,30,12258,0.03873462229967117,0.03873462229967117
623,450492,31,6076,0.03873203694820404,0.03873203694820404
624,456450,31,12034,0.0387292206287384,0.0387292206287384
625,456185,31,11769,0.03855930268764496,0.03855930268764496
626,448589,31,4173,0.0385146290063858,0.0385146290063858
627,447238,31,2822,0.03836315870285034,0.03836315870285034
628,452716,31,8300,0.03820886090397835,0.03820886090397835
629,439166,30,9086,0.03820192441344261,0.03820192441344261
630,425339,29,9595,0.038171857595443726,0.038171857595443726
631,450477,31,6061,0.038163427263498306,0.038163427263498306
632,430219,30,139,0.038149554282426834,0.038149554282426834
633,455364,31,10948,0.03803128004074097,0.03803128004074097
634,458299,31,13883,0.03795722872018814,0.03795722872018814
635,456839,31,12423,0.03778987377882004,0.03778987377882004
636,446362,31,1946,0.0376095250248909,0.0376095250248909
637,456850,31,12434,0.03753562644124031,0.03753562644124031
638,457146,31,12730,0.03741549327969551,0.03741549327969551
639,436796,30,6716,0.037374094128608704,0.037374094128608704
640,458015,31,13599,0.0373440757393837,0.0373440757393837
641,444493,31,77,0.03716782480478287,0.03716782480478287
642,437079,30,6999,0.03711612522602081,0.03711612522602081
643,436160,30,6080,0.0370621457695961,0.0370621457695961
644,438719,30,8639,0.037019260227680206,0.037019260227680206
645,448561,31,4145,0.03700544685125351,0.03700544685125351
646,456729,31,12313,0.03697895631194115,0.03697895631194115
647,445298,31,882,0.03697013482451439,0.03697013482451439
648,444189,30,14109,0.036958470940589905,0.036958470940589905
649,434157,30,4077,0.036955155432224274,0.036955155432224274
650,451705,31,7289,0.03683629259467125,0.03683629259467125
651,457595,31,13179,0.036733534187078476,0.036733534187078476
652,453300,31,8884,0.036675356328487396,0.036675356328487396
653,435874,30,5794,0.036652401089668274,0.036652401089668274
654,447046,31,2630,0.036573272198438644,0.036573272198438644
655,404215,28,2807,0.036562755703926086,0.036562755703926086
656,450546,31,6130,0.03642617166042328,0.03642617166042328
657,438991,30,8911,0.036401260644197464,0.036401260644197464
658,431537,30,1457,0.036375705152750015,0.036375705152750015
659,446350,31,1934,0.036338649690151215,0.036338649690151215
660,441649,30,11569,0.036298967897892,0.036298967897892
661,447367,31,2951,0.03628208488225937,0.03628208488225937
662,454724,31,10308,0.03616376593708992,0.03616376593708992
663,457432,31,13016,0.035979144275188446,0.035979144275188446
664,407441,28,6033,0.03594221919775009,0.03594221919775009
665,445447,31,1031,0.03592460975050926,0.03592460975050926
666,446639,31,2223,0.03582083433866501,0.03582083433866501
667,441184,30,11104,0.035810183733701706,0.035810183733701706
668,453937,31,9521,0.035800982266664505,0.035800982266664505
669,448383,31,3967,0.03577541932463646,0.03577541932463646
670,445347,31,931,0.035737358033657074,0.035737358033657074
671,446094,31,1678,0.03571435809135437,0.03571435809135437
672,446637,31,2221,0.03565364331007004,0.03565364331007004
673,427386,29,11642,0.03560078144073486,0.03560078144073486
674,452787,31,8371,0.03554825857281685,0.03554825857281685
675,452480,31,8064,0.03535383567214012,0.03535383567214012
676,436236,30,6156,0.0352477952837944,0.0352477952837944
677,426410,29,10666,0.035246603190898895,0.035246603190898895
678,439868,30,9788,0.035184748470783234,0.035184748470783234
679,447900,31,3484,0.035103749483823776,0.035103749483823776
680,444015,30,13935,0.035079676657915115,0.035079676657915115
681,450009,31,5593,0.035026971250772476,0.035026971250772476
682,454208,31,9792,0.03502603620290756,0.03502603620290756
683,450991,31,6575,0.03498782962560654,0.03498782962560654
684,441102,30,11022,0.03496764972805977,0.03496764972805977
685,435220,30,5140,0.03490947559475899,0.03490947559475899
686,429566,29,13822,0.034837931394577026,0.034837931394577026
687,455790,31,11374,0.034815769642591476,0.034815769642591476
688,427014,29,11270,0.0347033366560936,0.0347033366560936
689,434518,30,4438,0.03468381613492966,0.03468381613492966
690,456068,31,11652,0.03458167985081673,0.03458167985081673
691,453271,31,8855,0.03449373319745064,0.03449373319745064
692,427992,29,12248,0.034466229379177094,0.034466229379177094
693,457566,31,13150,0.0344611220061779,0.0344611220061779
694,448146,31,3730,0.03444590047001839,0.03444590047001839
695,456783,31,12367,0.03443816676735878,0.03443816676735878
696,337436,23,7708,0.03441213071346283,0.03441213071346283
697,449226,31,4810,0.03440472483634949,0.03440472483634949
698,449223,31,4807,0.034275077283382416,0.034275077283382416
699,439788,30,9708,0.03424529731273651,0.03424529731273651
700,458639,31,14223,0.03423604741692543,0.03423604741692543
701,447546,31,3130,0.034166544675827026,0.034166544675827026
702,457428,31,13012,0.03414931520819664,0.03414931520819664
703,446980,31,2564,0.03408107906579971,0.03408107906579971
704,426052,29,10308,0.034078486263751984,0.034078486263751984
705,453116,31,8700,0.03398386761546135,0.03398386761546135
706,431601,30,1521,0.03386827930808067,0.03386827930808067
707,446171,31,1755,0.03384789079427719,0.03384789079427719
708,455956,31,11540,0.03377096354961395,0.03377096354961395
709,455899,31,11483,0.03368872404098511,0.03368872404098511
710,456984,31,12568,0.03365931287407875,0.03365931287407875
711,455680,31,11264,0.033629193902015686,0.033629193902015686
712,441584,30,11504,0.03358732536435127,0.03358732536435127
713,446393,31,1977,0.03356321156024933,0.03356321156024933
714,450909,31,6493,0.03354784473776817,0.03354784473776817
715,390850,27,3778,0.03349381312727928,0.03349381312727928
716,444968,31,552,0.03347434848546982,0.03347434848546982
717,440037,30,9957,0.03347339108586311,0.03347339108586311
718,451509,31,7093,0.03345199301838875,0.03345199301838875
719,456232,31,11816,0.033361732959747314,0.033361732959747314
720,416002,29,258,0.03333349525928497,0.03333349525928497
721,444597,31,181,0.03331827372312546,0.03331827372312546
722,458026,31,13610,0.033288612961769104,0.033288612961769104
723,447667,31,3251,0.03324604034423828,0.03324604034423828
724,443928,30,13848,0.033241692930459976,0.033241692930459976
725,435161,30,5081,0.03324093669652939,0.03324093669652939
726,434386,30,4306,0.03323136270046234,0.03323136270046234
727,449042,31,4626,0.03314714506268501,0.03314714506268501
728,455475,31,11059,0.03314412012696266,0.03314412012696266
729,457129,31,12713,0.033045895397663116,0.033045895397663116
730,457720,31,13304,0.033041566610336304,0.033041566610336304
731,433232,30,3152,0.0330267958343029,0.0330267958343029
732,455659,31,11243,0.03299659863114357,0.03299659863114357
733,444923,31,507,0.03297806158661842,0.03297806158661842
734,426470,29,10726,0.032956551760435104,0.032956551760435104
735,457187,31,12771,0.032927751541137695,0.032927751541137695
736,446761,31,2345,0.03287912532687187,0.03287912532687187
737,423467,29,7723,0.032794076949357986,0.032794076949357986
738,438571,30,8491,0.03261208534240723,0.03261208534240723
739,444526,31,110,0.0325612835586071,0.0325612835586071
740,445545,31,1129,0.03255001828074455,0.03255001828074455
741,450253,31,5837,0.032536331564188004,0.032536331564188004
742,452919,31,8503,0.03245600312948227,0.03245600312948227
743,448976,31,4560,0.03240381181240082,0.03240381181240082
744,378806,26,6070,0.032393209636211395,0.032393209636211395
745,455969,31,11553,0.03238455578684807,0.03238455578684807
746,441169,30,11089,0.032257650047540665,0.032257650047540665
747,447684,31,3268,0.03224113956093788,0.03224113956093788
748,454510,31,10094,0.03220647573471069,0.03220647573471069
749,452260,31,7844,0.03219200670719147,0.03219200670719147
750,414999,28,13591,0.03217879310250282,0.03217879310250282
751,455934,31,11518,0.03217839077115059,0.03217839077115059
752,446389,31,1973,0.03209036961197853,0.03209036961197853
753,449647,31,5231,0.032069116830825806,0.032069116830825806
754,451324,31,6908,0.03195593133568764,0.03195593133568764
755,437952,30,7872,0.03191277012228966,0.03191277012228966
756,445246,31,830,0.031881269067525864,0.031881269067525864
757,448662,31,4246,0.03184936195611954,0.03184936195611954
758,454764,31,10348,0.03180881217122078,0.03180881217122078
759,453742,31,9326,0.03174335137009621,0.03174335137009621
760,435416,30,5336,0.031736403703689575,0.031736403703689575
761,452747,31,8331,0.03171636536717415,0.03171636536717415
762,438511,30,8431,0.03170809894800186,0.03170809894800186
763,425143,29,9399,0.03170761466026306,0.03170761466026306
764,457674,31,13258,0.03170445188879967,0.03170445188879967
765,435122,30,5042,0.03161545470356941,0.03161545470356941
766,429769,29,14025,0.0315738208591938,0.0315738208591938
767,362297,25,3897,0.031559694558382034,0.031559694558382034
768,435627,30,5547,0.03154183551669121,0.03154183551669121
769,446403,31,1987,0.0315164253115654,0.0315164253115654
770,447163,31,2747,0.03147536516189575,0.03147536516189575
771,430502,30,422,0.03146926313638687,0.03146926313638687
772,427653,29,11909,0.031396299600601196,0.031396299600601196
773,457326,31,12910,0.03139345720410347,0.03139345720410347
774,449239,31,4823,0.031368501484394073,0.031368501484394073
775,407341,28,5933,0.031364526599645615,0.031364526599645615
776,405310,28,3902,0.031330257654190063,0.031330257654190063
777,430805,30,725,0.03128994256258011,0.03128994256258011
778,410141,28,8733,0.03125239163637161,0.03125239163637161
779,455692,31,11276,0.03123684599995613,0.03123684599995613
780,455672,31,11256,0.03116477280855179,0.03116477280855179
781,451694,31,7278,0.03110961988568306,0.03110961988568306
782,454282,31,9866,0.031032204627990723,0.031032204627990723
783,449170,31,4754,0.031028399243950844,0.031028399243950844
784,439799,30,9719,0.031014414504170418,0.031014414504170418
785,448536,31,4120,0.030963459983468056,0.030963459983468056
786,449853,31,5437,0.03093484789133072,0.03093484789133072
787,444796,31,380,0.030934156849980354,0.030934156849980354
788,436380,30,6300,0.03086165152490139,0.03086165152490139
789,420690,29,4946,0.030850298702716827,0.030850298702716827
790,446629,31,2213,0.03080153465270996,0.03080153465270996
791,456243,31,11827,0.030777301639318466,0.030777301639318466
792,418154,29,2410,0.03075656108558178,0.03075656108558178
793,457184,31,12768,0.030756505206227303,0.030756505206227303
794,430953,30,873,0.03075341321527958,0.03075341321527958
795,440848,30,10768,0.03073405846953392,0.03073405846953392
796,430403,30,323,0.03070775233209133,0.03070775233209133
797,442488,30,12408,0.030672863125801086,0.030672863125801086
798,436743,30,6663,0.030633918941020966,0.030633918941020966
799,450589,31,6173,0.030627677217125893,0.030627677217125893
800,455069,31,10653,0.030626242980360985,0.030626242980360985
801,452042,31,7626,0.03059738129377365,0.03059738129377365
802,457892,31,13476,0.030564026907086372,0.030564026907086372
803,419234,29,3490,0.03053165227174759,0.03053165227174759
804,417454,29,1710,0.030530506744980812,0.030530506744980812
805,426839,29,11095,0.030494576320052147,0.030494576320052147
806,458037,31,13621,0.030479993671178818,0.030479993671178818
807,457498,31,13082,0.030426202341914177,0.030426202341914177
808,449710,31,5294,0.03042377531528473,0.03042377531528473
809,395212,27,8140,0.030368594452738762,0.030368594452738762
810,454991,31,10575,0.030368521809577942,0.030368521809577942
811,451827,31,7411,0.030344007536768913,0.030344007536768913
812,453337,31,8921,0.03033456765115261,0.03033456765115261
813,442326,30,12246,0.030310574918985367,0.030310574918985367
814,444602,31,186,0.03029949776828289,0.03029949776828289
815,434342,30,4262,0.030258191749453545,0.030258191749453545
816,456546,31,12130,0.030230963602662086,0.030230963602662086
817,458506,31,14090,0.030215686187148094,0.030215686187148094
818,453803,31,9387,0.030208786949515343,0.030208786949515343
819,451601,31,7185,0.030187658965587616,0.030187658965587616
820,430842,30,762,0.03018559329211712,0.03018559329211712
821,454918,31,10502,0.030153950676321983,0.030153950676321983
822,445048,31,632,0.030142582952976227,0.030142582952976227
823,455802,31,11386,0.030130594968795776,0.030130594968795776
824,419460,29,3716,0.030071528628468513,0.030071528628468513
825,452658,31,8242,0.030068719759583473,0.030068719759583473
826,341493,23,11765,0.02999071031808853,0.02999071031808853
827,444449,31,33,0.0299708042293787,0.0299708042293787
828,448789,31,4373,0.02993164397776127,0.02993164397776127
829,435911,30,5831,0.029928071424365044,0.029928071424365044
830,444490,31,74,0.0299025047570467,0.0299025047570467
831,443667,30,13587,0.029843639582395554,0.029843639582395554
832,452983,31,8567,0.029836319386959076,0.029836319386959076
833,450251,31,5835,0.029757440090179443,0.029757440090179443
834,458046,31,13630,0.029707133769989014,0.029707133769989014
835,431333,30,1253,0.029699428007006645,0.029699428007006645
836,453927,31,9511,0.029694614931941032,0.029694614931941032
837,454972,31,10556,0.029686253517866135,0.029686253517866135
838,447091,31,2675,0.029547883197665215,0.029547883197665215
839,450498,31,6082,0.029522376134991646,0.029522376134991646
840,436513,30,6433,0.029512304812669754,0.029512304812669754
841,458108,31,13692,0.029451344162225723,0.029451344162225723
842,454868,31,10452,0.0294412299990654,0.0294412299990654
843,445306,31,890,0.029289348050951958,0.029289348050951958
844,448151,31,3735,0.029288342222571373,0.029288342222571373
845,445821,31,1405,0.02928725816309452,0.02928725816309452
846,419792,29,4048,0.029269440099596977,0.029269440099596977
847,450643,31,6227,0.02926180511713028,0.02926180511713028
848,454935,31,10519,0.02917362190783024,0.02917362190783024
849,416731,29,987,0.029078271239995956,0.029078271239995956
850,437490,30,7410,0.02900327555835247,0.02900327555835247
851,457458,31,13042,0.028992855921387672,0.028992855921387672
852,416053,29,309,0.028959032148122787,0.028959032148122787
853,426826,29,11082,0.028919009491801262,0.028919009491801262
854,456337,31,11921,0.02891230583190918,0.02891230583190918
855,454929,31,10513,0.028906313702464104,0.028906313702464104
856,456394,31,11978,0.028880473226308823,0.028880473226308823
857,449703,31,5287,0.02885848842561245,0.02885848842561245
858,447677,31,3261,0.028849497437477112,0.028849497437477112
859,452247,31,7831,0.028817826882004738,0.028817826882004738
860,454745,31,10329,0.02880001999437809,0.02880001999437809
861,424312,29,8568,0.028790278360247612,0.028790278360247612
862,434000,30,3920,0.028789974749088287,0.028789974749088287
863,448645,31,4229,0.02878696471452713,0.02878696471452713
864,409539,28,8131,0.02874141000211239,0.02874141000211239
865,457964,31,13548,0.028722163289785385,0.028722163289785385
866,436411,30,6331,0.028711257502436638,0.028711257502436638
867,449350,31,4934,0.028688399121165276,0.028688399121165276
868,445295,31,879,0.028680410236120224,0.028680410236120224
869,432763,30,2683,0.02863672375679016,0.02863672375679016
870,449236,31,4820,0.028634266927838326,0.028634266927838326
871,455963,31,11547,0.028580959886312485,0.028580959886312485
872,454904,31,10488,0.02853229083120823,0.02853229083120823
873,456676,31,12260,0.028515085577964783,0.028515085577964783
874,448942,31,4526,0.028514010831713676,0.028514010831713676
875,455222,31,10806,0.028438372537493706,0.028438372537493706
876,451342,31,6926,0.02842661365866661,0.02842661365866661
877,453466,31,9050,0.028360016644001007,0.028360016644001007
878,380345,26,7609,0.028300173580646515,0.028300173580646515
879,458507,31,14091,0.028268909081816673,0.028268909081816673
880,456115,31,11699,0.02824375033378601,0.02824375033378601
881,449907,31,5491,0.028236305341124535,0.028236305341124535
882,384515,26,11779,0.028231779113411903,0.028231779113411903
883,436504,30,6424,0.028231576085090637,0.028231576085090637
884,436542,30,6462,0.0282216127961874,0.0282216127961874
885,449380,31,4964,0.028210213407874107,0.028210213407874107
886,454319,31,9903,0.02820632793009281,0.02820632793009281
887,454318,31,9902,0.028161171823740005,0.028161171823740005
888,431003,30,923,0.02813178487122059,0.02813178487122059
889,453415,31,8999,0.028128454461693764,0.028128454461693764
890,440103,30,10023,0.028067322447896004,0.028067322447896004
891,448387,31,3971,0.02798953279852867,0.02798953279852867
892,454150,31,9734,0.027941780164837837,0.027941780164837837
893,430165,30,85,0.02794000692665577,0.02794000692665577
894,446631,31,2215,0.027918072417378426,0.027918072417378426
895,430886,30,806,0.027911586686968803,0.027911586686968803
896,451417,31,7001,0.027910735458135605,0.027910735458135605
897,454591,31,10175,0.02787196636199951,0.02787196636199951
898,452263,31,7847,0.027871813625097275,0.027871813625097275
899,451743,31,7327,0.02784198708832264,0.02784198708832264
900,437743,30,7663,0.027836332097649574,0.027836332097649574
901,457135,31,12719,0.027802901342511177,0.027802901342511177
902,445219,31,803,0.02779959701001644,0.02779959701001644
903,458241,31,13825,0.02774796448647976,0.02774796448647976
904,458258,31,13842,0.027735909447073936,0.027735909447073936
905,455085,31,10669,0.02773127146065235,0.02773127146065235
906,435169,30,5089,0.02769727073609829,0.02769727073609829
907,451874,31,7458,0.027650248259305954,0.027650248259305954
908,432842,30,2762,0.02757950872182846,0.02757950872182846
909,409824,28,8416,0.027568161487579346,0.027568161487579346
910,449194,31,4778,0.027529720216989517,0.027529720216989517
911,426330,29,10586,0.027514228597283363,0.027514228597283363
912,415016,28,13608,0.027501167729496956,0.027501167729496956
913,449622,31,5206,0.027499111369252205,0.027499111369252205
914,433221,30,3141,0.027497664093971252,0.027497664093971252
915,446048,31,1632,0.02747459150850773,0.02747459150850773
916,452528,31,8112,0.027450283989310265,0.027450283989310265
917,452282,31,7866,0.027437040582299232,0.027437040582299232
918,452536,31,8120,0.027426723390817642,0.027426723390817642
919,453880,31,9464,0.02741687372326851,0.02741687372326851
920,432593,30,2513,0.027412615716457367,0.027412615716457367
921,448027,31,3611,0.02739591896533966,0.02739591896533966
922,442367,30,12287,0.02735900692641735,0.02735900692641735
923,448236,31,3820,0.027335969731211662,0.027335969731211662
924,458627,31,14211,0.02727379836142063,0.02727379836142063
925,453497,31,9081,0.027269529178738594,0.027269529178738594
926,439194,30,9114,0.027264729142189026,0.027264729142189026
927,458432,31,14016,0.027253728359937668,0.027253728359937668
928,441564,30,11484,0.027225762605667114,0.027225762605667114
929,451564,31,7148,0.02722238190472126,0.02722238190472126
930,439974,30,9894,0.027186844497919083,0.027186844497919083
931,455524,31,11108,0.027163147926330566,0.027163147926330566
932,443340,30,13260,0.02714957855641842,0.02714957855641842
933,439335,30,9255,0.02711479924619198,0.02711479924619198
934,447215,31,2799,0.02706337720155716,0.02706337720155716
935,455208,31,10792,0.02706078626215458,0.02706078626215458
936,458705,31,14289,0.02703947015106678,0.02703947015106678
937,433113,30,3033,0.027009766548871994,0.027009766548871994
938,448714,31,4298,0.027000991627573967,0.027000991627573967
939,427116,29,11372,0.0269898921251297,0.0269898921251297
940,441227,30,11147,0.026949657127261162,0.026949657127261162
941,458428,31,14012,0.026933422312140465,0.026933422312140465
942,452054,31,7638,0.02691487781703472,0.02691487781703472
943,446408,31,1992,0.026881469413638115,0.026881469413638115
944,455902,31,11486,0.026868881657719612,0.026868881657719612
945,430162,30,82,0.026859337463974953,0.026859337463974953
946,454631,31,10215,0.026838412508368492,0.026838412508368492
947,398901,27,11829,0.026810605078935623,0.026810605078935623
948,451092,31,6676,0.026796402409672737,0.026796402409672737
949,445025,31,609,0.02678143046796322,0.02678143046796322
950,432554,30,2474,0.02677040733397007,0.02677040733397007
951,450329,31,5913,0.026764394715428352,0.026764394715428352
952,434245,30,4165,0.026756903156638145,0.026756903156638145
953,449106,31,4690,0.02675575390458107,0.02675575390458107
954,452100,31,7684,0.026749825105071068,0.026749825105071068
955,416919,29,1175,0.026730671525001526,0.026730671525001526
956,457784,31,13368,0.02667832002043724,0.02667832002043724
957,416410,29,666,0.026668773964047432,0.026668773964047432
958,453919,31,9503,0.026660790666937828,0.026660790666937828
959,448511,31,4095,0.026653900742530823,0.026653900742530823
960,456154,31,11738,0.026652496308088303,0.026652496308088303
961,443502,30,13422,0.026638058945536613,0.026638058945536613
962,427529,29,11785,0.026618119329214096,0.026618119329214096
963,456259,31,11843,0.02660137228667736,0.02660137228667736
964,455405,31,10989,0.026595938950777054,0.026595938950777054
965,453923,31,9507,0.026578161865472794,0.026578161865472794
966,455554,31,11138,0.02657453902065754,0.02657453902065754
967,454761,31,10345,0.026513641700148582,0.026513641700148582
968,455850,31,11434,0.026487870141863823,0.026487870141863823
969,426577,29,10833,0.02647794969379902,0.02647794969379902
970,454549,31,10133,0.026412006467580795,0.026412006467580795
971,450575,31,6159,0.02637637034058571,0.02637637034058571
972,448165,31,3749,0.02636895328760147,0.02636895328760147
973,443756,30,13676,0.02636372111737728,0.02636372111737728
974,451993,31,7577,0.026350848376750946,0.026350848376750946
975,439413,30,9333,0.026250598952174187,0.026250598952174187
976,366410,25,8010,0.02621643617749214,0.02621643617749214
977,455925,31,11509,0.026206782087683678,0.026206782087683678
978,452635,31,8219,0.02614813856780529,0.02614813856780529
979,429001,29,13257,0.026131289079785347,0.026131289079785347
980,451609,31,7193,0.02609412558376789,0.02609412558376789
981,448637,31,4221,0.026086360216140747,0.026086360216140747
982,454081,31,9665,0.02607651799917221,0.02607651799917221
983,446462,31,2046,0.02606048621237278,0.02606048621237278
984,447867,31,3451,0.026046833023428917,0.026046833023428917
985,440112,30,10032,0.0260089673101902,0.0260089673101902
986,435708,30,5628,0.025998298078775406,0.025998298078775406
987,451901,31,7485,0.025979917496442795,0.025979917496442795
988,444993,31,577,0.025950293987989426,0.025950293987989426
989,448842,31,4426,0.025945384055376053,0.025945384055376053
990,437284,30,7204,0.02590177394449711,0.02590177394449711
991,452215,31,7799,0.02589515782892704,0.02589515782892704
992,454077,31,9661,0.025895103812217712,0.025895103812217712
993,442050,30,11970,0.025887181982398033,0.025887181982398033
994,452762,31,8346,0.025873316451907158,0.025873316451907158
995,454371,31,9955,0.025769680738449097,0.025769680738449097
996,448290,31,3874,0.025721127167344093,0.025721127167344093
997,420405,29,4661,0.02571442723274231,0.02571442723274231
998,455246,31,10830,0.025709234178066254,0.025709234178066254
999,446881,31,2465,0.02569770999252796,0.02569770999252796
1000,449957,31,5541,0.02569659799337387,0.02569659799337387
1001,446441,31,2025,0.02568993531167507,0.02568993531167507
1002,439107,30,9027,0.02568400464951992,0.02568400464951992
1003,455624,31,11208,0.025675693526864052,0.025675693526864052
1004,447261,31,2845,0.025630716234445572,0.025630716234445572
1005,434229,30,4149,0.02561219036579132,0.02561219036579132
1006,446517,31,2101,0.025589236989617348,0.025589236989617348
1007,441516,30,11436,0.025581497699022293,0.025581497699022293
1008,452474,31,8058,0.025533901527523994,0.025533901527523994
1009,454530,31,10114,0.02551175281405449,0.02551175281405449
1010,410353,28,8945,0.025506630539894104,0.025506630539894104
1011,453163,31,8747,0.025493236258625984,0.025493236258625984
1012,455119,31,10703,0.02545934170484543,0.02545934170484543
1013,454921,31,10505,0.025458162650465965,0.025458162650465965
1014,425935,29,10191,0.02539852075278759,0.02539852075278759
1015,455186,31,10770,0.025381356477737427,0.025381356477737427
1016,451004,31,6588,0.025379465892910957,0.025379465892910957
1017,447069,31,2653,0.02537757344543934,0.02537757344543934
1018,448649,31,4233,0.025333359837532043,0.025333359837532043
1019,454083,31,9667,0.02533053234219551,0.02533053234219551
1020,416317,29,573,0.025322139263153076,0.025322139263153076
1021,451188,31,6772,0.025314169004559517,0.025314169004559517
1022,458672,31,14256,0.025304945185780525,0.025304945185780525
1023,430385,30,305,0.025292202830314636,0.025292202830314636
1024,454145,31,9729,0.02529177814722061,0.02529177814722061
1025,457950,31,13534,0.025262005627155304,0.025262005627155304
1026,437740,30,7660,0.025227172300219536,0.025227172300219536
1027,456664,31,12248,0.025199219584465027,0.025199219584465027
1028,433495,30,3415,0.02519286423921585,0.02519286423921585
1029,454805,31,10389,0.025173036381602287,0.025173036381602287
1030,456109,31,11693,0.025170261040329933,0.025170261040329933
1031,453487,31,9071,0.025104744359850883,0.025104744359850883
1032,456739,31,12323,0.02510051615536213,0.02510051615536213
1033,447531,31,3115,0.025097690522670746,0.025097690522670746
1034,438912,30,8832,0.025056324899196625,0.025056324899196625
1035,450166,31,5750,0.025040382519364357,0.025040382519364357
1036,450266,31,5850,0.02499227412045002,0.02499227412045002
1037,433095,30,3015,0.0249914713203907,0.0249914713203907
1038,439356,30,9276,0.024984048679471016,0.024984048679471016
1039,449336,31,4920,0.024957602843642235,0.024957602843642235
1040,432143,30,2063,0.024949099868535995,0.024949099868535995
1041,452795,31,8379,0.024946007877588272,0.024946007877588272
1042,447590,31,3174,0.024935351684689522,0.024935351684689522
1043,452656,31,8240,0.02493019588291645,0.02493019588291645
1044,455411,31,10995,0.024928616359829903,0.024928616359829903
1045,429448,29,13704,0.024924246594309807,0.024924246594309807
1046,415652,28,14244,0.024898745119571686,0.024898745119571686
1047,457592,31,13176,0.024885665625333786,0.024885665625333786
1048,456536,31,12120,0.02488287165760994,0.02488287165760994
1049,429570,29,13826,0.024876302108168602,0.024876302108168602
1050,457785,31,13369,0.024864226579666138,0.024864226579666138
1051,433255,30,3175,0.024863554164767265,0.024863554164767265
1052,457886,31,13470,0.024861302226781845,0.024861302226781845
1053,452275,31,7859,0.02484610676765442,0.02484610676765442
1054,445208,31,792,0.024843649938702583,0.024843649938702583
1055,455338,31,10922,0.024795547127723694,0.024795547127723694
1056,433923,30,3843,0.024763626977801323,0.024763626977801323
1057,454620,31,10204,0.024752069264650345,0.024752069264650345
1058,434640,30,4560,0.024736866354942322,0.024736866354942322
1059,444431,31,15,0.02473214641213417,0.02473214641213417
1060,432733,30,2653,0.024717610329389572,0.024717610329389572
1061,448256,31,3840,0.024707240983843803,0.024707240983843803
1062,456234,31,11818,0.0246945321559906,0.0246945321559906
1063,447959,31,3543,0.02467961050570011,0.02467961050570011
1064,445656,31,1240,0.024669429287314415,0.024669429287314415
1065,449774,31,5358,0.02465927042067051,0.02465927042067051
1066,434318,30,4238,0.02465922012925148,0.02465922012925148
1067,449183,31,4767,0.024637140333652496,0.024637140333652496
1068,456507,31,12091,0.02462770976126194,0.02462770976126194
1069,454879,31,10463,0.024615369737148285,0.024615369737148285
1070,448196,31,3780,0.024615051224827766,0.024615051224827766
1071,419559,29,3815,0.024560723453760147,0.024560723453760147
1072,453245,31,8829,0.024555616080760956,0.024555616080760956
1073,449227,31,4811,0.024536004289984703,0.024536004289984703
1074,443638,30,13558,0.024535000324249268,0.024535000324249268
1075,458265,31,13849,0.024520467966794968,0.024520467966794968
1076,454493,31,10077,0.02451440505683422,0.02451440505683422
1077,418691,29,2947,0.024496156722307205,0.024496156722307205
1078,449609,31,5193,0.024457914754748344,0.024457914754748344
1079,454055,31,9639,0.024455314502120018,0.024455314502120018
1080,431040,30,960,0.024452541023492813,0.024452541023492813
1081,453963,31,9547,0.024445772171020508,0.024445772171020508
1082,435302,30,5222,0.024439899250864983,0.024439899250864983
1083,451064,31,6648,0.024420199915766716,0.024420199915766716
1084,449830,31,5414,0.02439296431839466,0.02439296431839466
1085,458096,31,13680,0.024348542094230652,0.024348542094230652
1086,454206,31,9790,0.02433067560195923,0.02433067560195923
1087,421830,29,6086,0.024278640747070312,0.024278640747070312
1088,436289,30,6209,0.02426590770483017,0.02426590770483017
1089,454504,31,10088,0.024251144379377365,0.024251144379377365
1090,440929,30,10849,0.024246780201792717,0.024246780201792717
1091,448542,31,4126,0.024236708879470825,0.024236708879470825
1092,447171,31,2755,0.024207010865211487,0.024207010865211487
1093,455002,31,10586,0.024190619587898254,0.024190619587898254
1094,449761,31,5345,0.024168403819203377,0.024168403819203377
1095,457709,31,13293,0.024146858602762222,0.024146858602762222
1096,455295,31,10879,0.024121394380927086,0.024121394380927086
1097,449707,31,5291,0.02411436289548874,0.02411436289548874
1098,432154,30,2074,0.024113528430461884,0.024113528430461884
1099,449617,31,5201,0.024110840633511543,0.024110840633511543
1100,413130,28,11722,0.024093881249427795,0.024093881249427795
1101,455987,31,11571,0.02408168651163578,0.02408168651163578
1102,457120,31,12704,0.02408149652183056,0.02408149652183056
1103,454523,31,10107,0.02406354248523712,0.02406354248523712
1104,453969,31,9553,0.024012358859181404,0.024012358859181404
1105,451136,31,6720,0.024001486599445343,0.024001486599445343
1106,441781,30,11701,0.023997526615858078,0.023997526615858078
1107,453985,31,9569,0.023982640355825424,0.023982640355825424
1108,438079,30,7999,0.023980004712939262,0.023980004712939262
1109,448909,31,4493,0.023976191878318787,0.023976191878318787
1110,454148,31,9732,0.02395566739141941,0.02395566739141941
1111,419527,29,3783,0.02393926866352558,0.02393926866352558
1112,450910,31,6494,0.023929664865136147,0.023929664865136147
1113,457971,31,13555,0.02390049211680889,0.02390049211680889
1114,434973,30,4893,0.023899247869849205,0.023899247869849205
1115,456686,31,12270,0.023869920521974564,0.023869920521974564
1116,456994,31,12578,0.023848766461014748,0.023848766461014748
1117,405482,28,4074,0.023847633972764015,0.023847633972764015
1118,455887,31,11471,0.023827647790312767,0.023827647790312767
1119,437302,30,7222,0.023816360160708427,0.023816360160708427
1120,445046,31,630,0.0237833671271801,0.0237833671271801
1121,431552,30,1472,0.023752989247441292,0.023752989247441292
1122,449111,31,4695,0.023744190111756325,0.023744190111756325
1123,435940,30,5860,0.023730630055069923,0.023730630055069923
1124,457935,31,13519,0.023725643754005432,0.023725643754005432
1125,447887,31,3471,0.023675983771681786,0.023675983771681786
1126,455241,31,10825,0.02367253042757511,0.02367253042757511
1127,445055,31,639,0.02365094982087612,0.02365094982087612
1128,457740,31,13324,0.023650476709008217,0.023650476709008217
1129,441130,30,11050,0.023650338873267174,0.023650338873267174
1130,450746,31,6330,0.02364361472427845,0.02364361472427845
1131,433613,30,3533,0.023629767820239067,0.023629767820239067
1132,448264,31,3848,0.023618139326572418,0.023618139326572418
1133,448265,31,3849,0.023601464927196503,0.023601464927196503
1134,458270,31,13854,0.02358347736299038,0.02358347736299038
1135,442241,30,12161,0.02358298748731613,0.02358298748731613
1136,458426,31,14010,0.023572798818349838,0.023572798818349838
1137,457125,31,12709,0.023564474657177925,0.023564474657177925
1138,446944,31,2528,0.023544782772660255,0.023544782772660255
1139,457425,31,13009,0.023536091670393944,0.023536091670393944
1140,424797,29,9053,0.023532921448349953,0.023532921448349953
1141,433510,30,3430,0.02351163700222969,0.02351163700222969
1142,457881,31,13465,0.023491263389587402,0.023491263389587402
1143,415220,28,13812,0.0234648659825325,0.0234648659825325
1144,444711,31,295,0.023454317823052406,0.023454317823052406
1145,448475,31,4059,0.023451734334230423,0.023451734334230423
1146,447716,31,3300,0.023451199755072594,0.023451199755072594
1147,449213,31,4797,0.023442555218935013,0.023442555218935013
1148,439912,30,9832,0.023436250165104866,0.023436250165104866
1149,452572,31,8156,0.023426305502653122,0.023426305502653122
1150,435952,30,5872,0.023418935015797615,0.023418935015797615
1151,455921,31,11505,0.023387711495161057,0.023387711495161057
1152,438669,30,8589,0.023347539827227592,0.023347539827227592
1153,450454,31,6038,0.02334170788526535,0.02334170788526535
1154,444686,31,270,0.02334025874733925,0.02334025874733925
1155,431697,30,1617,0.023305032402276993,0.023305032402276993
1156,445955,31,1539,0.02328086830675602,0.02328086830675602
1157,454094,31,9678,0.023258298635482788,0.023258298635482788
1158,456486,31,12070,0.023255739361047745,0.023255739361047745
1159,444947,31,531,0.023252978920936584,0.023252978920936584
1160,433936,30,3856,0.023214789107441902,0.023214789107441902
1161,453042,31,8626,0.023197824135422707,0.023197824135422707
1162,453705,31,9289,0.023192379623651505,0.023192379623651505
1163,448517,31,4101,0.023181527853012085,0.023181527853012085
1164,432390,30,2310,0.023169144988059998,0.023169144988059998
1165,449260,31,4844,0.023138616234064102,0.023138616234064102
1166,453812,31,9396,0.023126542568206787,0.023126542568206787
1167,424737,29,8993,0.023118898272514343,0.023118898272514343
1168,445254,31,838,0.02311030589044094,0.02311030589044094
1169,451533,31,7117,0.023108787834644318,0.023108787834644318
1170,450222,31,5806,0.023108506575226784,0.023108506575226784
1171,448015,31,3599,0.023097870871424675,0.023097870871424675
1172,452338,31,7922,0.023078331723809242,0.023078331723809242
1173,455908,31,11492,0.02303905598819256,0.02303905598819256
1174,448912,31,4496,0.023038238286972046,0.023038238286972046
1175,451093,31,6677,0.023037634789943695,0.023037634789943695
1176,448934,31,4518,0.023004673421382904,0.023004673421382904
1177,452736,31,8320,0.022994084283709526,0.022994084283709526
1178,438155,30,8075,0.022989481687545776,0.022989481687545776
1179,445546,31,1130,0.02298845164477825,0.02298845164477825
1180,448691,31,4275,0.02298625372350216,0.02298625372350216
1181,449477,31,5061,0.02297499030828476,0.02297499030828476
1182,441683,30,11603,0.022974306717514992,0.022974306717514992
1183,434461,30,4381,0.022964630275964737,0.022964630275964737
1184,458496,31,14080,0.02293742634356022,0.02293742634356022
1185,450512,31,6096,0.022936871275305748,0.022936871275305748
1186,455777,31,11361,0.0229234267026186,0.0229234267026186
1187,452419,31,8003,0.022914724424481392,0.022914724424481392
1188,448835,31,4419,0.022899320349097252,0.022899320349097252
1189,422601,29,6857,0.022893987596035004,0.022893987596035004
1190,446711,31,2295,0.02287672646343708,0.02287672646343708
1191,457687,31,13271,0.02286924421787262,0.02286924421787262
1192,455591,31,11175,0.022851919755339622,0.022851919755339622
1193,452304,31,7888,0.022851428017020226,0.022851428017020226
1194,449256,31,4840,0.02284395694732666,0.02284395694732666
1195,414678,28,13270,0.022843526676297188,0.022843526676297188
1196,453891,31,9475,0.02283509448170662,0.02283509448170662
1197,434331,30,4251,0.02283363789319992,0.02283363789319992
1198,452103,31,7687,0.02278721146285534,0.02278721146285534
1199,448258,31,3842,0.022774342447519302,0.022774342447519302
1200,446566,31,2150,0.022763893008232117,0.022763893008232117
1201,449390,31,4974,0.02276018261909485,0.02276018261909485
1202,417271,29,1527,0.022753065451979637,0.022753065451979637
1203,451899,31,7483,0.022744061425328255,0.022744061425328255
1204,438222,30,8142,0.022723695263266563,0.022723695263266563
1205,433031,30,2951,0.022709935903549194,0.022709935903549194
1206,440383,30,10303,0.022700536996126175,0.022700536996126175
1207,439326,30,9246,0.022687848657369614,0.022687848657369614
1208,415633,28,14225,0.022674009203910828,0.022674009203910828
1209,452048,31,7632,0.022664308547973633,0.022664308547973633
1210,443551,30,13471,0.022649670019745827,0.022649670019745827
1211,445267,31,851,0.022633813321590424,0.022633813321590424
1212,455721,31,11305,0.022599510848522186,0.022599510848522186
1213,445730,31,1314,0.022595122456550598,0.022595122456550598
1214,432256,30,2176,0.02258806861937046,0.02258806861937046
1215,431138,30,1058,0.022575128823518753,0.022575128823518753
1216,418785,29,3041,0.022567177191376686,0.022567177191376686
1217,455362,31,10946,0.022537440061569214,0.022537440061569214
1218,440474,30,10394,0.022529322654008865,0.022529322654008865
1219,434499,30,4419,0.02252108044922352,0.02252108044922352
1220,435421,30,5341,0.022520070895552635,0.022520070895552635
1221,452800,31,8384,0.022488148882985115,0.022488148882985115
1222,444378,30,14298,0.02248062752187252,0.02248062752187252
1223,452505,31,8089,0.02246898226439953,0.02246898226439953
1224,436291,30,6211,0.02246265672147274,0.02246265672147274
1225,457611,31,13195,0.022457370534539223,0.022457370534539223
1226,432612,30,2532,0.022451845929026604,0.022451845929026604
1227,389426,27,2354,0.022451523691415787,0.022451523691415787
1228,457421,31,13005,0.022446274757385254,0.022446274757385254
1229,445010,31,594,0.02243826724588871,0.02243826724588871
1230,419603,29,3859,0.022435560822486877,0.022435560822486877
1231,432536,30,2456,0.022416172549128532,0.022416172549128532
1232,456294,31,11878,0.022362401708960533,0.022362401708960533
1233,441529,30,11449,0.0223207026720047,0.0223207026720047
1234,452589,31,8173,0.022260697558522224,0.022260697558522224
1235,445958,31,1542,0.022249294444918633,0.022249294444918633
1236,410319,28,8911,0.022244226187467575,0.022244226187467575
1237,447481,31,3065,0.02224322035908699,0.02224322035908699
1238,445649,31,1233,0.022213030606508255,0.022213030606508255
1239,439624,30,9544,0.022199254482984543,0.022199254482984543
1240,457538,31,13122,0.022197727113962173,0.022197727113962173
1241,434741,30,4661,0.022193599492311478,0.022193599492311478
1242,457234,31,12818,0.022184688597917557,0.022184688597917557
1243,454574,31,10158,0.02218012325465679,0.02218012325465679
1244,449095,31,4679,0.022163473069667816,0.022163473069667816
1245,447958,31,3542,0.02215472422540188,0.02215472422540188
1246,453098,31,8682,0.022135522216558456,0.022135522216558456
1247,446662,31,2246,0.022132491692900658,0.022132491692900658
1248,449061,31,4645,0.02210712619125843,0.02210712619125843
1249,457782,31,13366,0.02208320051431656,0.02208320051431656
1250,393142,27,6070,0.022071033716201782,0.022071033716201782
1251,450800,31,6384,0.022067613899707794,0.022067613899707794
1252,416290,29,546,0.022065237164497375,0.022065237164497375
1253,455787,31,11371,0.02206418849527836,0.02206418849527836
1254,436484,30,6404,0.02203737199306488,0.02203737199306488
1255,416065,29,321,0.02203727699816227,0.02203727699816227
1256,449611,31,5195,0.022017287090420723,0.022017287090420723
1257,442416,30,12336,0.02198644168674946,0.02198644168674946
1258,455618,31,11202,0.021967541426420212,0.021967541426420212
1259,451546,31,7130,0.021954450756311417,0.021954450756311417
1260,444732,31,316,0.02194548025727272,0.02194548025727272
1261,413457,28,12049,0.021930841729044914,0.021930841729044914
1262,442056,30,11976,0.021923178806900978,0.021923178806900978
1263,452794,31,8378,0.02189536578953266,0.02189536578953266
1264,445304,31,888,0.0218771081417799,0.0218771081417799
1265,438817,30,8737,0.021871069446206093,0.021871069446206093
1266,433819,30,3739,0.02186400629580021,0.02186400629580021
1267,431204,30,1124,0.02186342142522335,0.02186342142522335
1268,346852,24,2788,0.02184620313346386,0.02184620313346386
1269,449589,31,5173,0.021839477121829987,0.021839477121829987
1270,439714,30,9634,0.02183583937585354,0.02183583937585354
1271,450091,31,5675,0.021832339465618134,0.021832339465618134
1272,454008,31,9592,0.021829567849636078,0.021829567849636078
1273,453815,31,9399,0.02182718925178051,0.02182718925178051
1274,420009,29,4265,0.02178468182682991,0.02178468182682991
1275,442457,30,12377,0.02176610752940178,0.02176610752940178
1276,345532,24,1468,0.0217617005109787,0.0217617005109787
1277,416629,29,885,0.021755516529083252,0.021755516529083252
1278,380765,26,8029,0.021744806319475174,0.021744806319475174
1279,435589,30,5509,0.021733975037932396,0.021733975037932396
1280,449819,31,5403,0.021731147542595863,0.021731147542595863
1281,457832,31,13416,0.021707234904170036,0.021707234904170036
1282,452210,31,7794,0.021705038845539093,0.021705038845539093
1283,449254,31,4838,0.02167927473783493,0.02167927473783493
1284,413575,28,12167,0.0216709915548563,0.0216709915548563
1285,446920,31,2504,0.021658573299646378,0.021658573299646378
1286,446982,31,2566,0.021651819348335266,0.021651819348335266
1287,442666,30,12586,0.02165084518492222,0.02165084518492222
1288,449490,31,5074,0.021650532260537148,0.021650532260537148
1289,427277,29,11533,0.02162218652665615,0.02162218652665615
1290,445193,31,777,0.021616831421852112,0.021616831421852112
1291,437294,30,7214,0.02161460928618908,0.02161460928618908
1292,449178,31,4762,0.02161351777613163,0.02161351777613163
1293,449041,31,4625,0.021594246849417686,0.021594246849417686
1294,454449,31,10033,0.021586807444691658,0.021586807444691658
1295,428422,29,12678,0.021582530811429024,0.021582530811429024
1296,454270,31,9854,0.02157667465507984,0.02157667465507984
1297,455959,31,11543,0.021563591435551643,0.021563591435551643
1298,451487,31,7071,0.021530000492930412,0.021530000492930412
1299,369974,25,11574,0.021505001932382584,0.021505001932382584
1300,439185,30,9105,0.021498436108231544,0.021498436108231544
1301,457454,31,13038,0.02149229310452938,0.02149229310452938
1302,413329,28,11921,0.02148800529539585,0.02148800529539585
1303,436741,30,6661,0.02148566208779812,0.02148566208779812
1304,446883,31,2467,0.021484797820448875,0.021484797820448875
1305,444421,31,5,0.021484466269612312,0.021484466269612312
1306,440959,30,10879,0.021470431238412857,0.021470431238412857
1307,447263,31,2847,0.02146320231258869,0.02146320231258869
1308,455588,31,11172,0.021463166922330856,0.021463166922330856
1309,431989,30,1909,0.021420910954475403,0.021420910954475403
1310,450020,31,5604,0.02140182815492153,0.02140182815492153
1311,445525,31,1109,0.021397819742560387,0.021397819742560387
1312,441708,30,11628,0.021394461393356323,0.021394461393356323
1313,450502,31,6086,0.021394455805420876,0.021394455805420876
1314,431387,30,1307,0.021382199600338936,0.021382199600338936
1315,453621,31,9205,0.02135471999645233,0.02135471999645233
1316,400523,27,13451,0.02133059874176979,0.02133059874176979
1317,456424,31,12008,0.021329866722226143,0.021329866722226143
1318,454286,31,9870,0.02132093720138073,0.02132093720138073
1319,448843,31,4427,0.0213057491928339,0.0213057491928339
1320,452641,31,8225,0.02130427025258541,0.02130427025258541
1321,451867,31,7451,0.021287716925144196,0.021287716925144196
1322,450172,31,5756,0.02128181792795658,0.02128181792795658
1323,411474,28,10066,0.0212753526866436,0.0212753526866436
1324,430822,30,742,0.021275343373417854,0.021275343373417854
1325,443367,30,13287,0.0212552510201931,0.0212552510201931
1326,457398,31,12982,0.021253572776913643,0.021253572776913643
1327,408237,28,6829,0.021219903603196144,0.021219903603196144
1328,388641,27,1569,0.021185366436839104,0.021185366436839104
1329,452085,31,7669,0.02118327096104622,0.02118327096104622
1330,435029,30,4949,0.021180326119065285,0.021180326119065285
1331,449460,31,5044,0.02117953822016716,0.02117953822016716
1332,457693,31,13277,0.021165482699871063,0.021165482699871063
1333,454365,31,9949,0.021151911467313766,0.021151911467313766
1334,453826,31,9410,0.02115056850016117,0.02115056850016117
1335,458722,31,14306,0.02114732936024666,0.02114732936024666
1336,451670,31,7254,0.02113247476518154,0.02113247476518154
1337,434914,30,4834,0.021079469472169876,0.021079469472169876
1338,449005,31,4589,0.021069565787911415,0.021069565787911415
1339,454636,31,10220,0.021060597151517868,0.021060597151517868
1340,422925,29,7181,0.021059753373265266,0.021059753373265266
1341,446954,31,2538,0.02103234827518463,0.02103234827518463
1342,415886,29,142,0.021028313785791397,0.021028313785791397
1343,454545,31,10129,0.021022384986281395,0.021022384986281395
1344,452379,31,7963,0.020996730774641037,0.020996730774641037
1345,444996,31,580,0.02099636383354664,0.02099636383354664
1346,450247,31,5831,0.020989324897527695,0.020989324897527695
1347,457189,31,12773,0.020969027653336525,0.020969027653336525
1348,432694,30,2614,0.020956404507160187,0.020956404507160187
1349,456042,31,11626,0.020934559404850006,0.020934559404850006
1350,454446,31,10030,0.020932210609316826,0.020932210609316826
1351,444543,31,127,0.020927999168634415,0.020927999168634415
1352,451661,31,7245,0.02092178910970688,0.02092178910970688
1353,444341,30,14261,0.020897766575217247,0.020897766575217247
1354,446597,31,2181,0.020882340148091316,0.020882340148091316
1355,444570,31,154,0.020875021815299988,0.020875021815299988
1356,338276,23,8548,0.020872116088867188,0.020872116088867188
1357,445684,31,1268,0.02084994688630104,0.02084994688630104
1358,452652,31,8236,0.020845890045166016,0.020845890045166016
1359,424824,29,9080,0.02080831117928028,0.02080831117928028
1360,455299,31,10883,0.020776474848389626,0.020776474848389626
1361,458474,31,14058,0.020773550495505333,0.020773550495505333
1362,449292,31,4876,0.020753176882863045,0.020753176882863045
1363,457357,31,12941,0.02075139805674553,0.02075139805674553
1364,450521,31,6105,0.020720621570944786,0.020720621570944786
1365,432176,30,2096,0.020717423409223557,0.020717423409223557
1366,445188,31,772,0.020714426413178444,0.020714426413178444
1367,409235,28,7827,0.020708149299025536,0.020708149299025536
1368,406744,28,5336,0.02070053480565548,0.02070053480565548
1369,436239,30,6159,0.020700249820947647,0.020700249820947647
1370,431631,30,1551,0.020696109160780907,0.020696109160780907
1371,404504,28,3096,0.02067473530769348,0.02067473530769348
1372,439152,30,9072,0.02066875249147415,0.02066875249147415
1373,419182,29,3438,0.020652955397963524,0.020652955397963524
1374,401747,28,339,0.02064063772559166,0.02064063772559166
1375,427388,29,11644,0.02062908560037613,0.02062908560037613
1376,458140,31,13724,0.0206094179302454,0.0206094179302454
1377,458527,31,14111,0.02060786448419094,0.02060786448419094
1378,457483,31,13067,0.020605241879820824,0.020605241879820824
1379,430305,30,225,0.020590877160429955,0.020590877160429955
1380,411960,28,10552,0.02059067413210869,0.02059067413210869
1381,427538,29,11794,0.02057633362710476,0.02057633362710476
1382,445047,31,631,0.02057197317481041,0.02057197317481041
1383,448167,31,3751,0.020557062700390816,0.020557062700390816
1384,446556,31,2140,0.020541468635201454,0.020541468635201454
1385,428998,29,13254,0.020521363243460655,0.020521363243460655
1386,456437,31,12021,0.02051161602139473,0.02051161602139473
1387,438714,30,8634,0.020495206117630005,0.020495206117630005
1388,448953,31,4537,0.020489893853664398,0.020489893853664398
1389,446524,31,2108,0.020488930866122246,0.020488930866122246
1390,448939,31,4523,0.020487578585743904,0.020487578585743904
1391,446102,31,1686,0.020483510568737984,0.020483510568737984
1392,440891,30,10811,0.020480742678046227,0.020480742678046227
1393,453311,31,8895,0.020454449579119682,0.020454449579119682
1394,453549,31,9133,0.02044430561363697,0.02044430561363697
1395,446691,31,2275,0.020442795008420944,0.020442795008420944
1396,452721,31,8305,0.020436590537428856,0.020436590537428856
1397,429157,29,13413,0.02043132670223713,0.02043132670223713
1398,445786,31,1370,0.020406058058142662,0.020406058058142662
1399,430699,30,619,0.020391393452882767,0.020391393452882767
1400,432167,30,2087,0.020379839465022087,0.020379839465022087
1401,457108,31,12692,0.020377546548843384,0.020377546548843384
1402,452730,31,8314,0.020360184833407402,0.020360184833407402
1403,454542,31,10126,0.020334040746092796,0.020334040746092796
1404,450768,31,6352,0.020328573882579803,0.020328573882579803
1405,456220,31,11804,0.020326675847172737,0.020326675847172737
1406,453093,31,8677,0.020322896540164948,0.020322896540164948
1407,458001,31,13585,0.020309381186962128,0.020309381186962128
1408,452831,31,8415,0.020300330594182014,0.020300330594182014
1409,418867,29,3123,0.020296433940529823,0.020296433940529823
1410,454726,31,10310,0.02029232308268547,0.02029232308268547
1411,448378,31,3962,0.020284529775381088,0.020284529775381088
1412,443128,30,13048,0.0202772319316864,0.0202772319316864
1413,450297,31,5881,0.020269015803933144,0.020269015803933144
1414,450337,31,5921,0.020264016464352608,0.020264016464352608
1415,413036,28,11628,0.020260298624634743,0.020260298624634743
1416,432539,30,2459,0.02024763636291027,0.02024763636291027
1417,402996,28,1588,0.020217454060912132,0.020217454060912132
1418,450331,31,5915,0.02020864002406597,0.02020864002406597
1419,449478,31,5062,0.02018705941736698,0.02018705941736698
1420,434621,30,4541,0.020175451412796974,0.020175451412796974
1421,451011,31,6595,0.02017415128648281,0.02017415128648281
1422,429073,29,13329,0.020167794078588486,0.020167794078588486
1423,423091,29,7347,0.02016633003950119,0.02016633003950119
1424,421107,29,5363,0.020163673907518387,0.020163673907518387
1425,447973,31,3557,0.020143607631325722,0.020143607631325722
1426,453672,31,9256,0.02013619802892208,0.02013619802892208
1427,427091,29,11347,0.020131416618824005,0.020131416618824005
1428,444696,31,280,0.020129280164837837,0.020129280164837837
1429,456431,31,12015,0.020125139504671097,0.020125139504671097
1430,439290,30,9210,0.02012365125119686,0.02012365125119686
1431,449835,31,5419,0.02012057788670063,0.02012057788670063
1432,240653,16,11277,0.020118702203035355,0.020118702203035355
1433,442267,30,12187,0.020113077014684677,0.020113077014684677
1434,453228,31,8812,0.020090576261281967,0.020090576261281967
1435,445608,31,1192,0.020077263936400414,0.020077263936400414
1436,396511,27,9439,0.02007584646344185,0.02007584646344185
1437,440239,30,10159,0.020057938992977142,0.020057938992977142
1438,436579,30,6499,0.02004133351147175,0.02004133351147175
1439,453370,31,8954,0.020033152773976326,0.020033152773976326
1440,447471,31,3055,0.02002585493028164,0.02002585493028164
1441,449474,31,5058,0.020013881847262383,0.020013881847262383
1442,454575,31,10159,0.020004255697131157,0.020004255697131157
1443,441179,30,11099,0.019987666979432106,0.019987666979432106
1444,420974,29,5230,0.019985351711511612,0.019985351711511612
1445,444210,30,14130,0.01998033933341503,0.01998033933341503
1446,417099,29,1355,0.01997615583240986,0.01997615583240986
1447,450048,31,5632,0.019971556961536407,0.019971556961536407
1448,449466,31,5050,0.019965963438153267,0.019965963438153267
1449,447816,31,3400,0.019965054467320442,0.019965054467320442
1450,450559,31,6143,0.019950632005929947,0.019950632005929947
1451,432714,30,2634,0.019949058070778847,0.019949058070778847
1452,444064,30,13984,0.019947517663240433,0.019947517663240433
1453,437736,30,7656,0.01994628645479679,0.01994628645479679
1454,446025,31,1609,0.019942505285143852,0.019942505285143852
1455,430360,30,280,0.019942155107855797,0.019942155107855797
1456,455978,31,11562,0.01991012878715992,0.01991012878715992
1457,458190,31,13774,0.019909711554646492,0.019909711554646492
1458,458699,31,14283,0.019908349961042404,0.019908349961042404
1459,452874,31,8458,0.0199072677642107,0.0199072677642107
1460,453225,31,8809,0.019903745502233505,0.019903745502233505
1461,450943,31,6527,0.019897613674402237,0.019897613674402237
1462,457999,31,13583,0.019894080236554146,0.019894080236554146
1463,450419,31,6003,0.01989118568599224,0.01989118568599224
1464,422883,29,7139,0.01988430693745613,0.01988430693745613
1465,433677,30,3597,0.01988374814391136,0.01988374814391136
1466,430859,30,779,0.019866488873958588,0.019866488873958588
1467,456123,31,11707,0.01982644945383072,0.01982644945383072
1468,296343,20,9623,0.0198246780782938,0.0198246780782938
1469,433680,30,3600,0.019810467958450317,0.019810467958450317
1470,440488,30,10408,0.01980455406010151,0.01980455406010151
1471,433086,30,3006,0.019803596660494804,0.019803596660494804
1472,448116,31,3700,0.019802065566182137,0.019802065566182137
1473,437937,30,7857,0.01980067975819111,0.01980067975819111
1474,422830,29,7086,0.01977965235710144,0.01977965235710144
1475,451854,31,7438,0.01976184919476509,0.01976184919476509
1476,451116,31,6700,0.019744357094168663,0.019744357094168663
1477,458080,31,13664,0.019739840179681778,0.019739840179681778
1478,451629,31,7213,0.01971273683011532,0.01971273683011532
1479,432905,30,2825,0.0197086650878191,0.0197086650878191
1480,446144,31,1728,0.019701195880770683,0.019701195880770683
1481,446971,31,2555,0.019694698974490166,0.019694698974490166
1482,445109,31,693,0.019680416211485863,0.019680416211485863
1483,448162,31,3746,0.019680138677358627,0.019680138677358627
1484,457320,31,12904,0.01967175118625164,0.01967175118625164
1485,447778,31,3362,0.019665878266096115,0.019665878266096115
1486,453087,31,8671,0.019657645374536514,0.019657645374536514
1487,450694,31,6278,0.019656717777252197,0.019656717777252197
1488,446078,31,1662,0.0196464154869318,0.0196464154869318
1489,355550,24,11486,0.019634682685136795,0.019634682685136795
1490,435360,30,5280,0.019628867506980896,0.019628867506980896
1491,425315,29,9571,0.019626813009381294,0.019626813009381294
1492,451976,31,7560,0.019623711705207825,0.019623711705207825
1493,433389,30,3309,0.01962219551205635,0.01962219551205635
1494,456462,31,12046,0.01961481384932995,0.01961481384932995
1495,454700,31,10284,0.019611237570643425,0.019611237570643425
1496,452543,31,8127,0.01960700750350952,0.01960700750350952
1497,453592,31,9176,0.019603930413722992,0.019603930413722992
1498,445800,31,1384,0.019597899168729782,0.019597899168729782
1499,437256,30,7176,0.01959007792174816,0.01959007792174816
1500,450249,31,5833,0.019577812403440475,0.019577812403440475
1501,446587,31,2171,0.019572949036955833,0.019572949036955833
1502,458218,31,13802,0.01956941746175289,0.01956941746175289
1503,439825,30,9745,0.019567999988794327,0.019567999988794327
1504,452869,31,8453,0.019555922597646713,0.019555922597646713
1505,409868,28,8460,0.019553497433662415,0.019553497433662415
1506,447512,31,3096,0.019546179100871086,0.019546179100871086
1507,444534,31,118,0.019533948972821236,0.019533948972821236
1508,454986,31,10570,0.01951226405799389,0.01951226405799389
1509,446555,31,2139,0.019482849165797234,0.019482849165797234
1510,453011,31,8595,0.019465753808617592,0.019465753808617592
1511,448844,31,4428,0.01946345344185829,0.01946345344185829
1512,446238,31,1822,0.019451556727290154,0.019451556727290154
1513,454106,31,9690,0.019450876861810684,0.019450876861810684
1514,454824,31,10408,0.019441070035099983,0.019441070035099983
1515,458619,31,14203,0.01943802274763584,0.01943802274763584
1516,451433,31,7017,0.019430790096521378,0.019430790096521378
1517,447761,31,3345,0.019420066848397255,0.019420066848397255
1518,397285,27,10213,0.019419215619564056,0.019419215619564056
1519,436571,30,6491,0.019416535273194313,0.019416535273194313
1520,451913,31,7497,0.019415317103266716,0.019415317103266716
1521,432252,30,2172,0.019408265128731728,0.019408265128731728
1522,446377,31,1961,0.01939922757446766,0.01939922757446766
1523,432300,30,2220,0.019376488402485847,0.019376488402485847
1524,453127,31,8711,0.0193743035197258,0.0193743035197258
1525,451253,31,6837,0.019367830827832222,0.019367830827832222
1526,448246,31,3830,0.019365062937140465,0.019365062937140465
1527,448611,31,4195,0.019351694732904434,0.019351694732904434
1528,450972,31,6556,0.019341886043548584,0.019341886043548584
1529,446640,31,2224,0.019329916685819626,0.019329916685819626
1530,457756,31,13340,0.019322264939546585,0.019322264939546585
1531,449552,31,5136,0.019312763586640358,0.019312763586640358
1532,439579,30,9499,0.019311796873807907,0.019311796873807907
1533,452031,31,7615,0.01930239610373974,0.01930239610373974
1534,422179,29,6435,0.019292833283543587,0.019292833283543587
1535,458137,31,13721,0.01928817853331566,0.01928817853331566
1536,447475,31,3059,0.019282091408967972,0.019282091408967972
1537,427836,29,12092,0.01925840973854065,0.01925840973854065
1538,401855,28,447,0.019248666241765022,0.019248666241765022
1539,449251,31,4835,0.019243093207478523,0.019243093207478523
1540,457479,31,13063,0.019228417426347733,0.019228417426347733
1541,367128,25,8728,0.019223304465413094,0.019223304465413094
1542,448580,31,4164,0.019187329337000847,0.019187329337000847
1543,419180,29,3436,0.01918042078614235,0.01918042078614235
1544,451066,31,6650,0.01917928270995617,0.01917928270995617
1545,453677,31,9261,0.01917206309735775,0.01917206309735775
1546,448709,31,4293,0.019163550809025764,0.019163550809025764
1547,454212,31,9796,0.019159266725182533,0.019159266725182533
1548,420483,29,4739,0.019145358353853226,0.019145358353853226
1549,454331,31,9915,0.019142769277095795,0.019142769277095795
1550,457888,31,13472,0.019122164696455002,0.019122164696455002
1551,401327,27,14255,0.01911281794309616,0.01911281794309616
1552,439583,30,9503,0.01909630000591278,0.01909630000591278
1553,416368,29,624,0.019094541668891907,0.019094541668891907
1554,428144,29,12400,0.019092151895165443,0.019092151895165443
1555,423583,29,7839,0.019089339300990105,0.019089339300990105
1556,430705,30,625,0.01906920038163662,0.01906920038163662
1557,443993,30,13913,0.0190680380910635,0.0190680380910635
1558,446646,31,2230,0.01905478909611702,0.01905478909611702
1559,445139,31,723,0.01904427818953991,0.01904427818953991
1560,448285,31,3869,0.0190269872546196,0.0190269872546196
1561,451002,31,6586,0.019018683582544327,0.019018683582544327
1562,455074,31,10658,0.019007941707968712,0.019007941707968712
1563,444392,30,14312,0.018998242914676666,0.018998242914676666
1564,450538,31,6122,0.018986377865076065,0.018986377865076065
1565,439860,30,9780,0.01898506097495556,0.01898506097495556
1566,450434,31,6018,0.018964698538184166,0.018964698538184166
1567,423775,29,8031,0.018953843042254448,0.018953843042254448
1568,457370,31,12954,0.01895267702639103,0.01895267702639103
1569,387072,27,0,0.018951086327433586,0.018951086327433586
1570,448812,31,4396,0.01894703134894371,0.01894703134894371
1571,444845,31,429,0.018934082239866257,0.018934082239866257
1572,457936,31,13520,0.018931128084659576,0.018931128084659576
1573,401890,28,482,0.01892608217895031,0.01892608217895031
1574,202263,14,1559,0.018915779888629913,0.018915779888629913
1575,440423,30,10343,0.018906813114881516,0.018906813114881516
1576,451922,31,7506,0.018901260569691658,0.018901260569691658
1577,446836,31,2420,0.018896955996751785,0.018896955996751785
1578,451246,31,6830,0.01889614388346672,0.01889614388346672
1579,445323,31,907,0.01889520138502121,0.01889520138502121
1580,429431,29,13687,0.018887104466557503,0.018887104466557503
1581,454112,31,9696,0.01888105273246765,0.01888105273246765
1582,436274,30,6194,0.018866246566176414,0.018866246566176414
1583,396248,27,9176,0.01884179562330246,0.01884179562330246
1584,454568,31,10152,0.01883998140692711,0.01883998140692711
1585,434663,30,4583,0.01883278228342533,0.01883278228342533
1586,446709,31,2293,0.01882469281554222,0.01882469281554222
1587,458606,31,14190,0.01881313882768154,0.01881313882768154
1588,447550,31,3134,0.018798543140292168,0.018798543140292168
1589,450948,31,6532,0.018789513036608696,0.018789513036608696
1590,437890,30,7810,0.018782667815685272,0.018782667815685272
1591,452676,31,8260,0.01877676136791706,0.01877676136791706
1592,444234,30,14154,0.01876555196940899,0.01876555196940899
1593,444440,31,24,0.01876455545425415,0.01876455545425415
1594,456640,31,12224,0.018762363120913506,0.018762363120913506
1595,440762,30,10682,0.018759142607450485,0.018759142607450485
1596,453469,31,9053,0.01875622756779194,0.01875622756779194
1597,433994,30,3914,0.018742088228464127,0.018742088228464127
1598,431332,30,1252,0.018740981817245483,0.018740981817245483
1599,454088,31,9672,0.01873965933918953,0.01873965933918953
1600,458559,31,14143,0.018732720986008644,0.018732720986008644
1601,450868,31,6452,0.01873008906841278,0.01873008906841278
1602,456330,31,11914,0.018728619441390038,0.018728619441390038
1603,450317,31,5901,0.01872744783759117,0.01872744783759117
1604,445146,31,730,0.018713470548391342,0.018713470548391342
1605,284548,19,12164,0.01870252937078476,0.01870252937078476
1606,417479,29,1735,0.01869865693151951,0.01869865693151951
1607,427205,29,11461,0.01869754120707512,0.01869754120707512
1608,452001,31,7585,0.018695272505283356,0.018695272505283356
1609,224675,15,9635,0.018680840730667114,0.018680840730667114
1610,458589,31,14173,0.018670663237571716,0.018670663237571716
1611,452701,31,8285,0.01867053285241127,0.01867053285241127
1612,452290,31,7874,0.018660033121705055,0.018660033121705055
1613,448659,31,4243,0.018656766042113304,0.018656766042113304
1614,455670,31,11254,0.018652187660336494,0.018652187660336494
1615,454022,31,9606,0.018648510798811913,0.018648510798811913
1616,447836,31,3420,0.018641235306859016,0.018641235306859016
1617,457092,31,12676,0.018628273159265518,0.018628273159265518
1618,451177,31,6761,0.01862499676644802,0.01862499676644802
1619,456807,31,12391,0.018624987453222275,0.018624987453222275
1620,439750,30,9670,0.01862124726176262,0.01862124726176262
1621,445746,31,1330,0.018618479371070862,0.018618479371070862
1622,403201,28,1793,0.018594346940517426,0.018594346940517426
1623,448991,31,4575,0.018591787666082382,0.018591787666082382
1624,436366,30,6286,0.018584635108709335,0.018584635108709335
1625,450280,31,5864,0.018580235540866852,0.018580235540866852
1626,447551,31,3135,0.018577242270112038,0.018577242270112038
1627,455737,31,11321,0.018572194501757622,0.018572194501757622
1628,456475,31,12059,0.01855766959488392,0.01855766959488392
1629,446581,31,2165,0.01854649744927883,0.01854649744927883
1630,454878,31,10462,0.018537256866693497,0.018537256866693497
1631,432676,30,2596,0.018525496125221252,0.018525496125221252
1632,441415,30,11335,0.01851317659020424,0.01851317659020424
1633,434108,30,4028,0.018512072041630745,0.018512072041630745
1634,454880,31,10464,0.018509309738874435,0.018509309738874435
1635,444527,31,111,0.01850740797817707,0.01850740797817707
1636,441007,30,10927,0.01850561425089836,0.01850561425089836
1637,436909,30,6829,0.018504498526453972,0.018504498526453972
1638,436470,30,6390,0.018500447273254395,0.018500447273254395
1639,454969,31,10553,0.018499214202165604,0.018499214202165604
1640,445473,31,1057,0.018493885174393654,0.018493885174393654
1641,453151,31,8735,0.01849221996963024,0.01849221996963024
1642,454518,31,10102,0.018488645553588867,0.018488645553588867
1643,448743,31,4327,0.018484966829419136,0.018484966829419136
1644,451216,31,6800,0.01848354935646057,0.01848354935646057
1645,450982,31,6566,0.01847471483051777,0.01847471483051777
1646,449675,31,5259,0.018467282876372337,0.018467282876372337
1647,430500,30,420,0.018460210412740707,0.018460210412740707
1648,454501,31,10085,0.018449891358613968,0.018449891358613968
1649,450182,31,5766,0.01844649761915207,0.01844649761915207
1650,441896,30,11816,0.018439460545778275,0.018439460545778275
1651,447611,31,3195,0.018426192924380302,0.018426192924380302
1652,438711,30,8631,0.0184245053678751,0.0184245053678751
1653,458168,31,13752,0.018422409892082214,0.018422409892082214
1654,454740,31,10324,0.018421752378344536,0.018421752378344536
1655,446857,31,2441,0.018415149301290512,0.018415149301290512
1656,450611,31,6195,0.018403923138976097,0.018403923138976097
1657,450591,31,6175,0.018383855000138283,0.018383855000138283
1658,457017,31,12601,0.01838008686900139,0.01838008686900139
1659,447407,31,2991,0.018374180421233177,0.018374180421233177
1660,447901,31,3485,0.018372368067502975,0.018372368067502975
1661,451214,31,6798,0.01836400106549263,0.01836400106549263
1662,436261,30,6181,0.018356584012508392,0.018356584012508392
1663,443006,30,12926,0.018353883177042007,0.018353883177042007
1664,422847,29,7103,0.018307723104953766,0.018307723104953766
1665,454020,31,9604,0.01830092817544937,0.01830092817544937
1666,444953,31,537,0.0182955265045166,0.0182955265045166
1667,445636,31,1220,0.01829534024000168,0.01829534024000168
1668,453368,31,8952,0.018286893144249916,0.018286893144249916
1669,448809,31,4393,0.018263962119817734,0.018263962119817734
1670,257808,17,14096,0.01826290600001812,0.01826290600001812
1671,445707,31,1291,0.018261458724737167,0.018261458724737167
1672,447346,31,2930,0.01826118491590023,0.01826118491590023
1673,451680,31,7264,0.018243281170725822,0.018243281170725822
1674,437904,30,7824,0.018236245959997177,0.018236245959997177
1675,424400,29,8656,0.018234526738524437,0.018234526738524437
1676,449445,31,5029,0.018228664994239807,0.018228664994239807
1677,417967,29,2223,0.018218278884887695,0.018218278884887695
1678,446763,31,2347,0.01821298338472843,0.01821298338472843
1679,445606,31,1190,0.018209291622042656,0.018209291622042656
1680,454194,31,9778,0.018202828243374825,0.018202828243374825
1681,452194,31,7778,0.018202709034085274,0.018202709034085274
1682,446382,31,1966,0.01818961650133133,0.01818961650133133
1683,456344,31,11928,0.018189214169979095,0.018189214169979095
1684,444675,31,259,0.018179334700107574,0.018179334700107574
1685,446704,31,2288,0.018164286389946938,0.018164286389946938
1686,418547,29,2803,0.018158093094825745,0.018158093094825745
1687,455676,31,11260,0.018138233572244644,0.018138233572244644
1688,376046,26,3310,0.01813618466258049,0.01813618466258049
1689,448609,31,4193,0.018132271245121956,0.018132271245121956
1690,438498,30,8418,0.0181317999958992,0.0181317999958992
1691,428598,29,12854,0.018120290711522102,0.018120290711522102
1692,435494,30,5414,0.01811060681939125,0.01811060681939125
1693,457333,31,12917,0.01810831017792225,0.01810831017792225
1694,453658,31,9242,0.018106920644640923,0.018106920644640923
1695,448110,31,3694,0.018104534596204758,0.018104534596204758
1696,410187,28,8779,0.01808793470263481,0.01808793470263481
1697,446802,31,2386,0.018071483820676804,0.018071483820676804
1698,431944,30,1864,0.018068846315145493,0.018068846315145493
1699,448335,31,3919,0.018068663775920868,0.018068663775920868
1700,439033,30,8953,0.018067600205540657,0.018067600205540657
1701,452380,31,7964,0.0180674958974123,0.0180674958974123
1702,375358,26,2622,0.01806613802909851,0.01806613802909851
1703,453861,31,9445,0.018061287701129913,0.018061287701129913
1704,441378,30,11298,0.018058504909276962,0.018058504909276962
1705,431406,30,1326,0.018042167648673058,0.018042167648673058
1706,332293,23,2565,0.018028967082500458,0.018028967082500458
1707,444491,31,75,0.018028343096375465,0.018028343096375465
1708,457235,31,12819,0.01801609806716442,0.01801609806716442
1709,434422,30,4342,0.018014591187238693,0.018014591187238693
1710,450907,31,6491,0.018013305962085724,0.018013305962085724
1711,417854,29,2110,0.01800876297056675,0.01800876297056675
1712,421184,29,5440,0.01799919269979,0.01799919269979
1713,457917,31,13501,0.017992135137319565,0.017992135137319565
1714,455259,31,10843,0.017989059910178185,0.017989059910178185
1715,455419,31,11003,0.017987821251153946,0.017987821251153946
1716,443708,30,13628,0.01798688806593418,0.01798688806593418
1717,451238,31,6822,0.01798570714890957,0.01798570714890957
1718,270111,18,12063,0.017971647903323174,0.017971647903323174
1719,458373,31,13957,0.017970172688364983,0.017970172688364983
1720,456682,31,12266,0.01796586997807026,0.01796586997807026
1721,448728,31,4312,0.01796099916100502,0.01796099916100502
1722,451330,31,6914,0.01795588806271553,0.01795588806271553
1723,448855,31,4439,0.0179525688290596,0.0179525688290596
1724,442276,30,12196,0.017947951331734657,0.017947951331734657
1725,440174,30,10094,0.017946023494005203,0.017946023494005203
1726,440163,30,10083,0.01794344373047352,0.01794344373047352
1727,423258,29,7514,0.01793772540986538,0.01793772540986538
1728,447653,31,3237,0.017936954274773598,0.017936954274773598
1729,448816,31,4400,0.017935017123818398,0.017935017123818398
1730,335407,23,5679,0.017917325720191002,0.017917325720191002
1731,407456,28,6048,0.01791663095355034,0.01791663095355034
1732,432774,30,2694,0.017910592257976532,0.017910592257976532
1733,450340,31,5924,0.01790429838001728,0.01790429838001728
1734,436712,30,6632,0.017900262027978897,0.017900262027978897
1735,447859,31,3443,0.017894688993692398,0.017894688993692398
1736,438462,30,8382,0.017880462110042572,0.017880462110042572
1737,445115,31,699,0.017879536375403404,0.017879536375403404
1738,424676,29,8932,0.01787330023944378,0.01787330023944378
1739,446231,31,1815,0.017869357019662857,0.017869357019662857
1740,454552,31,10136,0.017854422330856323,0.017854422330856323
1741,436749,30,6669,0.017851589247584343,0.017851589247584343
1742,375325,26,2589,0.01783493533730507,0.01783493533730507
1743,455600,31,11184,0.017833499237895012,0.017833499237895012
1744,447768,31,3352,0.01783313788473606,0.01783313788473606
1745,441854,30,11774,0.01782059483230114,0.01782059483230114
1746,450808,31,6392,0.017816124483942986,0.017816124483942986
1747,452308,31,7892,0.017811572179198265,0.017811572179198265
1748,448777,31,4361,0.01780974306166172,0.01780974306166172
1749,450761,31,6345,0.017802026122808456,0.017802026122808456
1750,442254,30,12174,0.01780122146010399,0.01780122146010399
1751,444726,31,310,0.017785586416721344,0.017785586416721344
1752,446596,31,2180,0.017784155905246735,0.017784155905246735
1753,450124,31,5708,0.017779216170310974,0.017779216170310974
1754,457934,31,13518,0.01776992715895176,0.01776992715895176
1755,423446,29,7702,0.01774718426167965,0.01774718426167965
1756,430845,30,765,0.017727838829159737,0.017727838829159737
1757,432550,30,2470,0.017720559611916542,0.017720559611916542
1758,456335,31,11919,0.017716992646455765,0.017716992646455765
1759,437869,30,7789,0.017714541405439377,0.017714541405439377
1760,449020,31,4604,0.01770731434226036,0.01770731434226036
1761,422386,29,6642,0.017694124951958656,0.017694124951958656
1762,457147,31,12731,0.017693674191832542,0.017693674191832542
1763,302888,21,1832,0.017693549394607544,0.017693549394607544
1764,418280,29,2536,0.017688170075416565,0.017688170075416565
1765,438024,30,7944,0.01768377423286438,0.01768377423286438
1766,408535,28,7127,0.017681298777461052,0.017681298777461052
1767,448513,31,4097,0.01766088791191578,0.01766088791191578
1768,442592,30,12512,0.017654629424214363,0.017654629424214363
1769,451192,31,6776,0.017649095505475998,0.017649095505475998
1770,416585,29,841,0.017646538093686104,0.017646538093686104
1771,421496,29,5752,0.017638439312577248,0.017638439312577248
1772,424741,29,8997,0.017636122182011604,0.017636122182011604
1773,458020,31,13604,0.017632437869906425,0.017632437869906425
1774,444442,31,26,0.017632195726037025,0.017632195726037025
1775,455084,31,10668,0.01763084903359413,0.01763084903359413
1776,435454,30,5374,0.017627637833356857,0.017627637833356857
1777,440525,30,10445,0.01762719638645649,0.01762719638645649
1778,432085,30,2005,0.017621370032429695,0.017621370032429695
1779,448798,31,4382,0.01761973649263382,0.01761973649263382
1780,418879,29,3135,0.017617156729102135,0.017617156729102135
1781,455534,31,11118,0.017612915486097336,0.017612915486097336
1782,449071,31,4655,0.017608223482966423,0.017608223482966423
1783,450693,31,6277,0.01760180853307247,0.01760180853307247
1784,436561,30,6481,0.017591029405593872,0.017591029405593872
1785,453193,31,8777,0.017587408423423767,0.017587408423423767
1786,446751,31,2335,0.01757936365902424,0.01757936365902424
1787,455708,31,11292,0.017577212303876877,0.017577212303876877
1788,449530,31,5114,0.01756477914750576,0.01756477914750576
1789,458682,31,14266,0.017559031024575233,0.017559031024575233
1790,454185,31,9769,0.017557239159941673,0.017557239159941673
1791,453182,31,8766,0.01755591109395027,0.01755591109395027
1792,457387,31,12971,0.017551254481077194,0.017551254481077194
1793,455683,31,11267,0.017544342204928398,0.017544342204928398
1794,408004,28,6596,0.017539389431476593,0.017539389431476593
1795,456915,31,12499,0.017538052052259445,0.017538052052259445
1796,453177,31,8761,0.017537986859679222,0.017537986859679222
1797,441449,30,11369,0.017529470846056938,0.017529470846056938
1798,421125,29,5381,0.017514018341898918,0.017514018341898918
1799,444898,31,482,0.017513979226350784,0.017513979226350784
1800,445617,31,1201,0.01750836707651615,0.01750836707651615
1801,450071,31,5655,0.01750377006828785,0.01750377006828785
1802,449367,31,4951,0.017503054812550545,0.017503054812550545
1803,451750,31,7334,0.01750083826482296,0.01750083826482296
1804,449415,31,4999,0.017498323693871498,0.017498323693871498
1805,452309,31,7893,0.017496177926659584,0.017496177926659584
1806,456319,31,11903,0.017495065927505493,0.017495065927505493
1807,457279,31,12863,0.01749434880912304,0.01749434880912304
1808,449605,31,5189,0.017490388825535774,0.017490388825535774
1809,433503,30,3423,0.017475124448537827,0.017475124448537827
1810,454052,31,9636,0.017474528402090073,0.017474528402090073
1811,445349,31,933,0.017469756305217743,0.017469756305217743
1812,455006,31,10590,0.017468295991420746,0.017468295991420746
1813,394314,27,7242,0.017466260120272636,0.017466260120272636
1814,444261,30,14181,0.017463399097323418,0.017463399097323418
1815,441306,30,11226,0.01746208965778351,0.01746208965778351
1816,384058,26,11322,0.01745912991464138,0.01745912991464138
1817,446416,31,2000,0.017451083287596703,0.017451083287596703
1818,458008,31,13592,0.01745063252747059,0.01745063252747059
1819,449126,31,4710,0.01743961311876774,0.01743961311876774
1820,451596,31,7180,0.017431456595659256,0.017431456595659256
1821,446710,31,2294,0.01743025705218315,0.01743025705218315
1822,409247,28,7839,0.017407264560461044,0.017407264560461044
1823,454964,31,10548,0.017387427389621735,0.017387427389621735
1824,447571,31,3155,0.01738739013671875,0.01738739013671875
1825,430820,30,740,0.017387110739946365,0.017387110739946365
1826,424985,29,9241,0.01738632097840309,0.01738632097840309
1827,411056,28,9648,0.01737900637090206,0.01737900637090206
1828,447294,31,2878,0.017376692965626717,0.017376692965626717
1829,436283,30,6203,0.017367202788591385,0.017367202788591385
1830,430815,30,735,0.0173540860414505,0.0173540860414505
1831,418145,29,2401,0.017349878326058388,0.017349878326058388
1832,439717,30,9637,0.017349377274513245,0.017349377274513245
1833,416648,29,904,0.017339857295155525,0.017339857295155525
1834,446887,31,2471,0.017337840050458908,0.017337840050458908
1835,448406,31,3990,0.01733388938009739,0.01733388938009739
1836,431324,30,1244,0.017332399263978004,0.017332399263978004
1837,427931,29,12187,0.017330942675471306,0.017330942675471306
1838,410795,28,9387,0.01732751913368702,0.01732751913368702
1839,447991,31,3575,0.01731657236814499,0.01731657236814499
1840,445256,31,840,0.01731228642165661,0.01731228642165661
1841,456186,31,11770,0.017308736220002174,0.017308736220002174
1842,451371,31,6955,0.01730750873684883,0.01730750873684883
1843,456709,31,12293,0.017307329922914505,0.017307329922914505
1844,446529,31,2113,0.017307119444012642,0.017307119444012642
1845,448504,31,4088,0.01730586588382721,0.01730586588382721
1846,435839,30,5759,0.017300255596637726,0.017300255596637726
1847,455753,31,11337,0.017295820638537407,0.017295820638537407
1848,456930,31,12514,0.017295092344284058,0.017295092344284058
1849,427579,29,11835,0.01727929525077343,0.01727929525077343
1850,430397,30,317,0.017275292426347733,0.017275292426347733
1851,449755,31,5339,0.017268624156713486,0.017268624156713486
1852,412701,28,11293,0.017266875132918358,0.017266875132918358
1853,438212,30,8132,0.01726548559963703,0.01726548559963703
1854,427242,29,11498,0.01726520247757435,0.01726520247757435
1855,433755,30,3675,0.017253337427973747,0.017253337427973747
1856,403271,28,1863,0.01724226213991642,0.01724226213991642
1857,417676,29,1932,0.017236823216080666,0.017236823216080666
1858,448902,31,4486,0.017221864312887192,0.017221864312887192
1859,450880,31,6464,0.01722150295972824,0.01722150295972824
1860,432764,30,2684,0.017208894714713097,0.017208894714713097
1861,428066,29,12322,0.017207298427820206,0.017207298427820206
1862,437274,30,7194,0.017202530056238174,0.017202530056238174
1863,439292,30,9212,0.017200900241732597,0.017200900241732597
1864,458473,31,14057,0.017200101166963577,0.017200101166963577
1865,449600,31,5184,0.017190629616379738,0.017190629616379738
1866,449786,31,5370,0.017190158367156982,0.017190158367156982
1867,395257,27,8185,0.017186516895890236,0.017186516895890236
1868,394039,27,6967,0.01718199998140335,0.01718199998140335
1869,445331,31,915,0.0171815212816,0.0171815212816
1870,450133,31,5717,0.01717984676361084,0.01717984676361084
1871,452228,31,7812,0.01717226393520832,0.01717226393520832
1872,452514,31,8098,0.017171509563922882,0.017171509563922882
1873,422287,29,6543,0.01717144437134266,0.01717144437134266
1874,456497,31,12081,0.017169995233416557,0.017169995233416557
1875,373519,26,783,0.01716974750161171,0.01716974750161171
1876,412306,28,10898,0.01716933771967888,0.01716933771967888
1877,434689,30,4609,0.01716870628297329,0.01716870628297329
1878,449951,31,5535,0.01716804690659046,0.01716804690659046
1879,457137,31,12721,0.01716296188533306,0.01716296188533306
1880,446346,31,1930,0.017162838950753212,0.017162838950753212
1881,455128,31,10712,0.01715930551290512,0.01715930551290512
1882,439701,30,9621,0.017150554805994034,0.017150554805994034
1883,454005,31,9589,0.017144422978162766,0.017144422978162766
1884,451411,31,6995,0.017143992707133293,0.017143992707133293
1885,456635,31,12219,0.017140105366706848,0.017140105366706848
1886,454739,31,10323,0.017130227759480476,0.017130227759480476
1887,446820,31,2404,0.017129193991422653,0.017129193991422653
1888,456939,31,12523,0.01712752878665924,0.01712752878665924
1889,452737,31,8321,0.017126429826021194,0.017126429826021194
1890,452585,31,8169,0.017105141654610634,0.017105141654610634
1891,451898,31,7482,0.017097540199756622,0.017097540199756622
1892,446336,31,1920,0.017096800729632378,0.017096800729632378
1893,450144,31,5728,0.01709636300802231,0.01709636300802231
1894,415974,29,230,0.017089636996388435,0.017089636996388435
1895,455022,31,10606,0.017087239772081375,0.017087239772081375
1896,458616,31,14200,0.017074164003133774,0.017074164003133774
1897,448926,31,4510,0.017071081325411797,0.017071081325411797
1898,455431,31,11015,0.017070133239030838,0.017070133239030838
1899,381509,26,8773,0.01706182211637497,0.01706182211637497
1900,446563,31,2147,0.017057176679372787,0.017057176679372787
1901,447387,31,2971,0.01705702766776085,0.01705702766776085
1902,444850,31,434,0.017052531242370605,0.017052531242370605
1903,454668,31,10252,0.01704932190477848,0.01704932190477848
1904,454124,31,9708,0.01704707182943821,0.01704707182943821
1905,448666,31,4250,0.017046116292476654,0.017046116292476654
1906,450263,31,5847,0.017045291140675545,0.017045291140675545
1907,456464,31,12048,0.01703418791294098,0.01703418791294098
1908,455060,31,10644,0.017032669857144356,0.017032669857144356
1909,454828,31,10412,0.01702740043401718,0.01702740043401718
1910,457342,31,12926,0.017023298889398575,0.017023298889398575
1911,456227,31,11811,0.017022402957081795,0.017022402957081795
1912,386739,26,14003,0.017020469531416893,0.017020469531416893
1913,456907,31,12491,0.017016032710671425,0.017016032710671425
1914,436401,30,6321,0.017013855278491974,0.017013855278491974
1915,319825,22,4433,0.017009109258651733,0.017009109258651733
1916,426915,29,11171,0.01700267754495144,0.01700267754495144
1917,437034,30,6954,0.016998959705233574,0.016998959705233574
1918,445948,31,1532,0.016996044665575027,0.016996044665575027
1919,446848,31,2432,0.016995569691061974,0.016995569691061974
1920,425045,29,9301,0.016994142904877663,0.016994142904877663
1921,458093,31,13677,0.01698925718665123,0.01698925718665123
1922,450574,31,6158,0.016987059265375137,0.016987059265375137
1923,375143,26,2407,0.016986072063446045,0.016986072063446045
1924,454627,31,10211,0.01698102429509163,0.01698102429509163
1925,446030,31,1614,0.016968803480267525,0.016968803480267525
1926,452366,31,7950,0.016952956095337868,0.016952956095337868
1927,457440,31,13024,0.016951056197285652,0.016951056197285652
1928,444521,31,105,0.016944505274295807,0.016944505274295807
1929,416459,29,715,0.01694399304687977,0.01694399304687977
1930,439196,30,9116,0.016942167654633522,0.016942167654633522
1931,438149,30,8069,0.01692594587802887,0.01692594587802887
1932,391744,27,4672,0.01692136935889721,0.01692136935889721
1933,449811,31,5395,0.016912097111344337,0.016912097111344337
1934,448873,31,4457,0.016903825104236603,0.016903825104236603
1935,444626,31,210,0.016899989917874336,0.016899989917874336
1936,456286,31,11870,0.016897214576601982,0.016897214576601982
1937,430986,30,906,0.016889415681362152,0.016889415681362152
1938,283021,19,10637,0.016886383295059204,0.016886383295059204
1939,440631,30,10551,0.016879579052329063,0.016879579052329063
1940,441259,30,11179,0.016878537833690643,0.016878537833690643
1941,450516,31,6100,0.01687712036073208,0.01687712036073208
1942,446718,31,2302,0.016869109123945236,0.016869109123945236
1943,458313,31,13897,0.016863152384757996,0.016863152384757996
1944,418577,29,2833,0.01685841754078865,0.01685841754078865
1945,450617,31,6201,0.016857987269759178,0.016857987269759178
1946,450359,31,5943,0.016839684918522835,0.016839684918522835
1947,450032,31,5616,0.016834257170557976,0.016834257170557976
1948,285190,19,12806,0.016827687621116638,0.016827687621116638
1949,449899,31,5483,0.016827119514346123,0.016827119514346123
1950,255695,17,11983,0.01681133173406124,0.01681133173406124
1951,447214,31,2798,0.016809167340397835,0.016809167340397835
1952,433080,30,3000,0.016807960346341133,0.016807960346341133
1953,453038,31,8622,0.016807254403829575,0.016807254403829575
1954,452683,31,8267,0.01680275984108448,0.01680275984108448
1955,453835,31,9419,0.016798056662082672,0.016798056662082672
1956,443405,30,13325,0.016793187707662582,0.016793187707662582
1957,392219,27,5147,0.01678730547428131,0.01678730547428131
1958,456799,31,12383,0.01678537391126156,0.01678537391126156
1959,403477,28,2069,0.016784070059657097,0.016784070059657097
1960,448665,31,4249,0.016783474013209343,0.016783474013209343
1961,453787,31,9371,0.016775690019130707,0.016775690019130707
1962,444634,31,218,0.016772642731666565,0.016772642731666565
1963,454968,31,10552,0.016763098537921906,0.016763098537921906
1964,437411,30,7331,0.01675986871123314,0.01675986871123314
1965,441740,30,11660,0.016753751784563065,0.016753751784563065
1966,315301,21,14245,0.016753198578953743,0.016753198578953743
1967,446331,31,1915,0.01674949936568737,0.01674949936568737
1968,448279,31,3863,0.016746295616030693,0.016746295616030693
1969,398402,27,11330,0.01674564741551876,0.01674564741551876
1970,445725,31,1309,0.016736093908548355,0.016736093908548355
1971,454478,31,10062,0.016734817996621132,0.016734817996621132
1972,452816,31,8400,0.016730548813939095,0.016730548813939095
1973,451920,31,7504,0.016729213297367096,0.016729213297367096
1974,409989,28,8581,0.01672905869781971,0.01672905869781971
1975,454352,31,9936,0.0167287178337574,0.0167287178337574
1976,445011,31,595,0.016728270798921585,0.016728270798921585
1977,430472,30,392,0.016727667301893234,0.016727667301893234
1978,450375,31,5959,0.01672561839222908,0.01672561839222908
1979,395994,27,8922,0.01672075130045414,0.01672075130045414
1980,450224,31,5808,0.016719436272978783,0.016719436272978783
1981,443981,30,13901,0.01671610027551651,0.01671610027551651
1982,455382,31,10966,0.016710709780454636,0.016710709780454636
1983,450814,31,6398,0.01670807972550392,0.01670807972550392
1984,455565,31,11149,0.016705481335520744,0.016705481335520744
1985,454392,31,9976,0.016705222427845,0.016705222427845
1986,420351,29,4607,0.016701169312000275,0.016701169312000275
1987,435641,30,5561,0.01670047640800476,0.01670047640800476
1988,437177,30,7097,0.016697989776730537,0.016697989776730537
1989,457417,31,13001,0.016691256314516068,0.016691256314516068
1990,458476,31,14060,0.01668543554842472,0.01668543554842472
1991,405421,28,4013,0.016684632748365402,0.016684632748365402
1992,319158,22,3766,0.01668231002986431,0.01668231002986431
1993,420287,29,4543,0.01667892560362816,0.01667892560362816
1994,454576,31,10160,0.016675032675266266,0.016675032675266266
1995,453816,31,9400,0.016667984426021576,0.016667984426021576
1996,413041,28,11633,0.016664596274495125,0.016664596274495125
1997,438742,30,8662,0.016664061695337296,0.016664061695337296
1998,448120,31,3704,0.016662105917930603,0.016662105917930603
1999,437405,30,7325,0.01665961928665638,0.01665961928665638
2000,444620,31,204,0.016649728640913963,0.016649728640913963
2001,441043,30,10963,0.016646279022097588,0.016646279022097588
2002,446425,31,2009,0.01664547249674797,0.01664547249674797
2003,266477,18,8429,0.016643675044178963,0.016643675044178963
2004,390827,27,3755,0.01664341241121292,0.01664341241121292
2005,429767,29,14023,0.01664082333445549,0.01664082333445549
2006,403190,28,1782,0.016640568152070045,0.016640568152070045
2007,417265,29,1521,0.016637763008475304,0.016637763008475304
2008,458748,31,14332,0.016632897779345512,0.016632897779345512
2009,446821,31,2405,0.016632819548249245,0.016632819548249245
2010,432587,30,2507,0.016630038619041443,0.016630038619041443
2011,455707,31,11291,0.016629673540592194,0.016629673540592194
2012,428210,29,12466,0.01662265881896019,0.01662265881896019
2013,448528,31,4112,0.016616467386484146,0.016616467386484146
2014,445622,31,1206,0.016614966094493866,0.016614966094493866
2015,451723,31,7307,0.016614219173789024,0.016614219173789024
2016,454791,31,10375,0.016610585153102875,0.016610585153102875
2017,455102,31,10686,0.016607722267508507,0.016607722267508507
2018,456368,31,11952,0.01660347357392311,0.01660347357392311
2019,439205,30,9125,0.016601186245679855,0.016601186245679855
2020,288019,20,1299,0.01660067029297352,0.01660067029297352
2021,450927,31,6511,0.01659752056002617,0.01659752056002617
2022,415749,29,5,0.01659626141190529,0.01659626141190529
2023,453690,31,9274,0.016594821587204933,0.016594821587204933
2024,432824,30,2744,0.016589311882853508,0.016589311882853508
2025,441968,30,11888,0.01658424735069275,0.01658424735069275
2026,452960,31,8544,0.016581308096647263,0.016581308096647263
2027,453071,31,8655,0.01657100021839142,0.01657100021839142
2028,454657,31,10241,0.01654364913702011,0.01654364913702011
2029,450853,31,6437,0.016540905460715294,0.016540905460715294
2030,446197,31,1781,0.01653704233467579,0.01653704233467579
2031,315868,22,476,0.01653454452753067,0.01653454452753067
2032,441385,30,11305,0.016521630808711052,0.016521630808711052
2033,447607,31,3191,0.016520768404006958,0.016520768404006958
2034,449154,31,4738,0.016518903896212578,0.016518903896212578
2035,457839,31,13423,0.016516463831067085,0.016516463831067085
2036,445849,31,1433,0.01651187799870968,0.01651187799870968
2037,405496,28,4088,0.01650473102927208,0.01650473102927208
2038,433477,30,3397,0.016501514241099358,0.016501514241099358
2039,455505,31,11089,0.0164988711476326,0.0164988711476326
2040,430367,30,287,0.016496863216161728,0.016496863216161728
2041,446284,31,1868,0.016494790092110634,0.016494790092110634
2042,443628,30,13548,0.016494544222950935,0.016494544222950935
2043,457349,31,12933,0.016492001712322235,0.016492001712322235
2044,441566,30,11486,0.016489140689373016,0.016489140689373016
2045,455808,31,11392,0.016488753259181976,0.016488753259181976
2046,447390,31,2974,0.016481023281812668,0.016481023281812668
2047,443898,30,13818,0.01647997833788395,0.01647997833788395
2048,439453,30,9373,0.0164765864610672,0.0164765864610672
2049,447301,31,2885,0.016475757583975792,0.016475757583975792
2050,457240,31,12824,0.01647086814045906,0.01647086814045906
2051,448673,31,4257,0.016466233879327774,0.016466233879327774
2052,396688,27,9616,0.016463089734315872,0.016463089734315872
2053,446301,31,1885,0.016462577506899834,0.016462577506899834
2054,446791,31,2375,0.01646009273827076,0.01646009273827076
2055,451640,31,7224,0.016456345096230507,0.016456345096230507
2056,454808,31,10392,0.016449296846985817,0.016449296846985817
2057,453277,31,8861,0.01644737273454666,0.01644737273454666
2058,454644,31,10228,0.016433637589216232,0.016433637589216232
2059,438779,30,8699,0.016431527212262154,0.016431527212262154
2060,449240,31,4824,0.016425788402557373,0.016425788402557373
2061,451032,31,6616,0.016423508524894714,0.016423508524894714
2062,448133,31,3717,0.01641663908958435,0.01641663908958435
2063,457985,31,13569,0.016412777826189995,0.016412777826189995
2064,457945,31,13529,0.01640952192246914,0.01640952192246914
2065,452137,31,7721,0.016408901661634445,0.016408901661634445
2066,438328,30,8248,0.01640503853559494,0.01640503853559494
2067,437795,30,7715,0.016404269263148308,0.016404269263148308
2068,451545,31,7129,0.016396384686231613,0.016396384686231613
2069,378821,26,6085,0.016393788158893585,0.016393788158893585
2070,414459,28,13051,0.016377152875065804,0.016377152875065804
2071,444433,31,17,0.016364164650440216,0.016364164650440216
2072,448880,31,4464,0.016362905502319336,0.016362905502319336
2073,449797,31,5381,0.016358017921447754,0.016358017921447754
2074,457852,31,13436,0.01635708473622799,0.01635708473622799
2075,458204,31,13788,0.016354035586118698,0.016354035586118698
2076,453921,31,9505,0.016353217884898186,0.016353217884898186
2077,448496,31,4080,0.016348328441381454,0.016348328441381454
2078,425060,29,9316,0.016342798247933388,0.016342798247933388
2079,451881,31,7465,0.01634235866367817,0.01634235866367817
2080,432014,30,1934,0.016341954469680786,0.016341954469680786
2081,458156,31,13740,0.01634174957871437,0.01634174957871437
2082,438897,30,8817,0.016340548172593117,0.016340548172593117
2083,446611,31,2195,0.016337042674422264,0.016337042674422264
2084,439874,30,9794,0.01633485034108162,0.01633485034108162
2085,407286,28,5878,0.01632997952401638,0.01632997952401638
2086,409311,28,7903,0.016325850039720535,0.016325850039720535
2087,458123,31,13707,0.01632184162735939,0.01632184162735939
2088,264942,18,6894,0.016318580135703087,0.016318580135703087
2089,448166,31,3750,0.016312986612319946,0.016312986612319946
2090,450936,31,6520,0.016312215477228165,0.016312215477228165
2091,420382,29,4638,0.0163100752979517,0.0163100752979517
2092,454729,31,10313,0.016303131356835365,0.016303131356835365
2093,422305,29,6561,0.016300803050398827,0.016300803050398827
2094,444811,31,395,0.016299862414598465,0.016299862414598465
2095,457367,31,12951,0.016291256994009018,0.016291256994009018
2096,449252,31,4836,0.016280198469758034,0.016280198469758034
2097,451748,31,7332,0.016270101070404053,0.016270101070404053
2098,455932,31,11516,0.01626615785062313,0.01626615785062313
2099,452276,31,7860,0.016263503581285477,0.016263503581285477
2100,456156,31,11740,0.01626300811767578,0.01626300811767578
2101,439386,30,9306,0.016256168484687805,0.016256168484687805
2102,433968,30,3888,0.016247643157839775,0.016247643157839775
2103,434593,30,4513,0.016243794932961464,0.016243794932961464
2104,445084,31,668,0.016234155744314194,0.016234155744314194
2105,433506,30,3426,0.016233839094638824,0.016233839094638824
2106,444463,31,47,0.016229664906859398,0.016229664906859398
2107,448135,31,3719,0.01622827723622322,0.01622827723622322
2108,446322,31,1906,0.01622716709971428,0.01622716709971428
2109,444553,31,137,0.01622701808810234,0.01622701808810234
2110,447856,31,3440,0.01622079126536846,0.01622079126536846
2111,431703,30,1623,0.016217216849327087,0.016217216849327087
2112,446296,31,1880,0.016217002645134926,0.016217002645134926
2113,454822,31,10406,0.016212621703743935,0.016212621703743935
2114,432441,30,2361,0.016204871237277985,0.016204871237277985
2115,455005,31,10589,0.016201267018914223,0.016201267018914223
2116,438141,30,8061,0.016192371025681496,0.016192371025681496
2117,452051,31,7635,0.0161910317838192,0.0161910317838192
2118,437158,30,7078,0.016186706721782684,0.016186706721782684
2119,434149,30,4069,0.016185898333787918,0.016185898333787918
2120,458288,31,13872,0.016182025894522667,0.016182025894522667
2121,456708,31,12292,0.01618093252182007,0.01618093252182007
2122,454424,31,10008,0.016172397881746292,0.016172397881746292
2123,458119,31,13703,0.016166163608431816,0.016166163608431816
2124,290641,20,3921,0.01616242714226246,0.01616242714226246
2125,448514,31,4098,0.016145264729857445,0.016145264729857445
2126,416196,29,452,0.016145160421729088,0.016145160421729088
2127,453894,31,9478,0.01614339090883732,0.01614339090883732
2128,437120,30,7040,0.01614297553896904,0.01614297553896904
2129,418374,29,2630,0.0161381047219038,0.0161381047219038
2130,451103,31,6687,0.01613454334437847,0.01613454334437847
2131,456927,31,12511,0.016130201518535614,0.016130201518535614
2132,445685,31,1269,0.0161292664706707,0.0161292664706707
2133,454971,31,10555,0.01612461544573307,0.01612461544573307
2134,445543,31,1127,0.016123471781611443,0.016123471781611443
2135,432789,30,2709,0.016118191182613373,0.016118191182613373
2136,422741,29,6997,0.01611742377281189,0.01611742377281189
2137,419055,29,3311,0.016115548089146614,0.016115548089146614
2138,444432,31,16,0.016111163422465324,0.016111163422465324
2139,451786,31,7370,0.016109157353639603,0.016109157353639603
2140,445537,31,1121,0.016109071671962738,0.016109071671962738
2141,395123,27,8051,0.016101956367492676,0.016101956367492676
2142,455674,31,11258,0.01610119454562664,0.01610119454562664
2143,397956,27,10884,0.01610090769827366,0.01610090769827366
2144,453678,31,9262,0.016095126047730446,0.016095126047730446
2145,438851,30,8771,0.016089770942926407,0.016089770942926407
2146,443074,30,12994,0.01608550362288952,0.01608550362288952
2147,446293,31,1877,0.016083121299743652,0.016083121299743652
2148,442571,30,12491,0.016077497974038124,0.016077497974038124
2149,456598,31,12182,0.01607701927423477,0.01607701927423477
2150,450963,31,6547,0.01607353240251541,0.01607353240251541
2151,451348,31,6932,0.016071155667304993,0.016071155667304993
2152,454694,31,10278,0.01606246642768383,0.01606246642768383
2153,438110,30,8030,0.01606101170182228,0.01606101170182228
2154,445840,31,1424,0.01605975441634655,0.01605975441634655
2155,443789,30,13709,0.01605234295129776,0.01605234295129776
2156,456229,31,11813,0.016048507764935493,0.016048507764935493
2157,447234,31,2818,0.016047008335590363,0.016047008335590363
2158,453140,31,8724,0.01604297198355198,0.01604297198355198
2159,445586,31,1170,0.01604263298213482,0.01604263298213482
2160,431280,30,1200,0.016031255945563316,0.016031255945563316
2161,443434,30,13354,0.016021015122532845,0.016021015122532845
2162,407640,28,6232,0.016020582988858223,0.016020582988858223
2163,451679,31,7263,0.01601731963455677,0.01601731963455677
2164,432629,30,2549,0.016006147488951683,0.016006147488951683
2165,451651,31,7235,0.0160023532807827,0.0160023532807827
2166,381541,26,8805,0.01600213535130024,0.01600213535130024
2167,435403,30,5323,0.015999840572476387,0.015999840572476387
2168,458083,31,13667,0.01599922962486744,0.01599922962486744
2169,456448,31,12032,0.01599179580807686,0.01599179580807686
2170,445662,31,1246,0.015991387888789177,0.015991387888789177
2171,433166,30,3086,0.015991300344467163,0.015991300344467163
2172,425430,29,9686,0.015987949445843697,0.015987949445843697
2173,446163,31,1747,0.015985265374183655,0.015985265374183655
2174,219565,15,4525,0.01597963273525238,0.01597963273525238
2175,441348,30,11268,0.015979452058672905,0.015979452058672905
2176,454877,31,10461,0.0159776508808136,0.0159776508808136
2177,444829,31,413,0.015976615250110626,0.015976615250110626
2178,437063,30,6983,0.015973303467035294,0.015973303467035294
2179,447453,31,3037,0.01597079075872898,0.01597079075872898
2180,430890,30,810,0.015970371663570404,0.015970371663570404
2181,424457,29,8713,0.015965081751346588,0.015965081751346588
2182,430674,30,594,0.015956616029143333,0.015956616029143333
2183,440829,30,10749,0.015951653942465782,0.015951653942465782
2184,438942,30,8862,0.01594948209822178,0.01594948209822178
2185,444798,31,382,0.01594371534883976,0.01594371534883976
2186,436644,30,6564,0.015940343961119652,0.015940343961119652
2187,454869,31,10453,0.015928683802485466,0.015928683802485466
2188,453047,31,8631,0.01592094823718071,0.01592094823718071
2189,419771,29,4027,0.015918521210551262,0.015918521210551262
2190,437072,30,6992,0.015901939943432808,0.015901939943432808
2191,458720,31,14304,0.01590060442686081,0.01590060442686081
2192,452950,31,8534,0.015895580872893333,0.015895580872893333
2193,449017,31,4601,0.015887970104813576,0.015887970104813576
2194,448413,31,3997,0.01587977074086666,0.01587977074086666
2195,440276,30,10196,0.015879474580287933,0.015879474580287933
2196,425180,29,9436,0.015872111544013023,0.015872111544013023
2197,445980,31,1564,0.015869690105319023,0.015869690105319023
2198,362915,25,4515,0.01586962677538395,0.01586962677538395
2199,453668,31,9252,0.01586819440126419,0.01586819440126419
2200,452341,31,7925,0.015849286690354347,0.015849286690354347
2201,445814,31,1398,0.015842977911233902,0.015842977911233902
2202,452965,31,8549,0.015839552506804466,0.015839552506804466
2203,456038,31,11622,0.01583893969655037,0.01583893969655037
2204,448250,31,3834,0.015838494524359703,0.015838494524359703
2205,457450,31,13034,0.015834413468837738,0.015834413468837738
2206,447848,31,3432,0.01582823134958744,0.01582823134958744
2207,445975,31,1559,0.015827365219593048,0.015827365219593048
2208,448021,31,3605,0.015825491398572922,0.015825491398572922
2209,452422,31,8006,0.01582481898367405,0.01582481898367405
2210,451674,31,7258,0.015823818743228912,0.015823818743228912
2211,443430,30,13350,0.01581055484712124,0.01581055484712124
2212,440714,30,10634,0.015807248651981354,0.015807248651981354
2213,458022,31,13606,0.01580457016825676,0.01580457016825676
2214,445083,31,667,0.015802890062332153,0.015802890062332153
2215,446084,31,1668,0.015799783170223236,0.015799783170223236
2216,446494,31,2078,0.015799056738615036,0.015799056738615036
2217,455812,31,11396,0.015793627128005028,0.015793627128005028
2218,420668,29,4924,0.01578536443412304,0.01578536443412304
2219,447268,31,2852,0.015784775838255882,0.015784775838255882
2220,437515,30,7435,0.015781335532665253,0.015781335532665253
2221,457605,31,13189,0.01577761210501194,0.01577761210501194
2222,457248,31,12832,0.015774182975292206,0.015774182975292206
2223,431812,30,1732,0.01577397808432579,0.01577397808432579
2224,430920,30,840,0.015767153352499008,0.015767153352499008
2225,456947,31,12531,0.01575908251106739,0.01575908251106739
2226,450006,31,5590,0.015758471563458443,0.015758471563458443
2227,445756,31,1340,0.01574699394404888,0.01574699394404888
2228,458420,31,14004,0.01573977619409561,0.01573977619409561
2229,441611,30,11531,0.015736760571599007,0.015736760571599007
2230,446176,31,1760,0.015730101615190506,0.015730101615190506
2231,425246,29,9502,0.015727439895272255,0.015727439895272255
2232,452316,31,7900,0.01572451926767826,0.01572451926767826
2233,458099,31,13683,0.01572427898645401,0.01572427898645401
2234,456036,31,11620,0.015720250084996223,0.015720250084996223
2235,457476,31,13060,0.015718836337327957,0.015718836337327957
2236,202110,14,1406,0.015713410452008247,0.015713410452008247
2237,447785,31,3369,0.0157106202095747,0.0157106202095747
2238,445609,31,1193,0.015708500519394875,0.015708500519394875
2239,452924,31,8508,0.01570666767656803,0.01570666767656803
2240,445767,31,1351,0.015703897923231125,0.015703897923231125
2241,431410,30,1330,0.01570369303226471,0.01570369303226471
2242,443832,30,13752,0.015700358897447586,0.015700358897447586
2243,420878,29,5134,0.015696119517087936,0.015696119517087936
2244,449083,31,4667,0.015696102753281593,0.015696102753281593
2245,456151,31,11735,0.015695909038186073,0.015695909038186073
2246,457089,31,12673,0.015695316717028618,0.015695316717028618
2247,457216,31,12800,0.015694543719291687,0.015694543719291687
2248,446605,31,2189,0.015687959268689156,0.015687959268689156
2249,431760,30,1680,0.015680380165576935,0.015680380165576935
2250,457844,31,13428,0.01567423902451992,0.01567423902451992
2251,442253,30,12173,0.01567203551530838,0.01567203551530838
2252,445509,31,1093,0.015670640394091606,0.015670640394091606
2253,439771,30,9691,0.01566973887383938,0.01566973887383938
2254,449771,31,5355,0.015669334679841995,0.015669334679841995
2255,440842,30,10762,0.01566793955862522,0.01566793955862522
2256,448423,31,4007,0.015667252242565155,0.015667252242565155
2257,433020,30,2940,0.015654368326067924,0.015654368326067924
2258,447689,31,3273,0.015651825815439224,0.015651825815439224
2259,450248,31,5832,0.015644950792193413,0.015644950792193413
2260,445054,31,638,0.015641536563634872,0.015641536563634872
2261,429145,29,13401,0.015636490657925606,0.015636490657925606
2262,446879,31,2463,0.015633951872587204,0.015633951872587204
2263,454253,31,9837,0.015633268281817436,0.015633268281817436
2264,375381,26,2645,0.01563139446079731,0.01563139446079731
2265,450169,31,5753,0.01563100516796112,0.01563100516796112
2266,446579,31,2163,0.01561836339533329,0.01561836339533329
2267,447672,31,3256,0.015611404553055763,0.015611404553055763
2268,445424,31,1008,0.01560860313475132,0.01560860313475132
2269,419237,29,3493,0.01560525968670845,0.01560525968670845
2270,452830,31,8414,0.015604362823069096,0.015604362823069096
2271,458078,31,13662,0.015603162348270416,0.015603162348270416
2272,444482,31,66,0.015601187013089657,0.015601187013089657
2273,410893,28,9485,0.015599900856614113,0.015599900856614113
2274,431183,30,1103,0.015583820641040802,0.015583820641040802
2275,453971,31,9555,0.01557902805507183,0.01557902805507183
2276,444037,30,13957,0.01557875145226717,0.01557875145226717
2277,457093,31,12677,0.015574931167066097,0.015574931167066097
2278,451484,31,7068,0.015565493144094944,0.015565493144094944
2279,441138,30,11058,0.015563953667879105,0.015563953667879105
2280,438392,30,8312,0.015560504049062729,0.015560504049062729
2281,375949,26,3213,0.015557680279016495,0.015557680279016495
2282,406650,28,5242,0.015553127974271774,0.015553127974271774
2283,458613,31,14197,0.01554195862263441,0.01554195862263441
2284,432389,30,2309,0.01553549338132143,0.01553549338132143
2285,373186,26,450,0.015535152517259121,0.015535152517259121
2286,441268,30,11188,0.015534071251749992,0.015534071251749992
2287,443962,30,13882,0.015532192774116993,0.015532192774116993
2288,457020,31,12604,0.01552128978073597,0.01552128978073597
2289,449775,31,5359,0.015518593601882458,0.015518593601882458
2290,444257,30,14177,0.015517989173531532,0.015517989173531532
2291,440791,30,10711,0.015511822886765003,0.015511822886765003
2292,439040,30,8960,0.01551129762083292,0.01551129762083292
2293,437625,30,7545,0.015510652214288712,0.015510652214288712
2294,453836,31,9420,0.01550962496548891,0.01550962496548891
2295,449209,31,4793,0.015507928095757961,0.015507928095757961
2296,453059,31,8643,0.015507431700825691,0.015507431700825691
2297,450887,31,6471,0.015507121570408344,0.015507121570408344
2298,450813,31,6397,0.015497214160859585,0.015497214160859585
2299,350303,24,6239,0.015496065840125084,0.015496065840125084
2300,387774,27,702,0.015494500286877155,0.015494500286877155
2301,427440,29,11696,0.015493837185204029,0.015493837185204029
2302,413337,28,11929,0.015484914183616638,0.015484914183616638
2303,435507,30,5427,0.015478009358048439,0.015478009358048439
2304,455830,31,11414,0.015477114357054234,0.015477114357054234
2305,452712,31,8296,0.015473415143787861,0.015473415143787861
2306,456017,31,11601,0.01547213178128004,0.01547213178128004
2307,368421,25,10021,0.015470891259610653,0.015470891259610653
2308,424075,29,8331,0.015459345653653145,0.015459345653653145
2309,403290,28,1882,0.015457754023373127,0.015457754023373127
2310,442780,30,12700,0.015451284125447273,0.015451284125447273
2311,451719,31,7303,0.015448499470949173,0.015448499470949173
2312,236114,16,6738,0.015447753481566906,0.015447753481566906
2313,457664,31,13248,0.015447668731212616,0.015447668731212616
2314,436447,30,6367,0.015444016084074974,0.015444016084074974
2315,450108,31,5692,0.015443808399140835,0.015443808399140835
2316,433578,30,3498,0.015441189520061016,0.015441189520061016
2317,442941,30,12861,0.015438682399690151,0.015438682399690151
2318,369771,25,11371,0.015436394140124321,0.015436394140124321
2319,450254,31,5838,0.01543635968118906,0.01543635968118906
2320,444878,31,462,0.015433726832270622,0.015433726832270622
2321,441338,30,11258,0.015431106090545654,0.015431106090545654
2322,444871,31,455,0.015423906967043877,0.015423906967043877
2323,451161,31,6745,0.015421773307025433,0.015421773307025433
2324,431050,30,970,0.015420753508806229,0.015420753508806229
2325,454130,31,9714,0.015416882932186127,0.015416882932186127
2326,427885,29,12141,0.015407956205308437,0.015407956205308437
2327,454338,31,9922,0.015403864905238152,0.015403864905238152
2328,440812,30,10732,0.015401202253997326,0.015401202253997326
2329,456712,31,12296,0.015388897620141506,0.015388897620141506
2330,417745,29,2001,0.015387161634862423,0.015387161634862423
2331,440392,30,10312,0.015386158600449562,0.015386158600449562
2332,447041,31,2625,0.01538507454097271,0.01538507454097271
2333,425494,29,9750,0.015384276397526264,0.015384276397526264
2334,455999,31,11583,0.01537740882486105,0.01537740882486105
2335,450201,31,5785,0.015376382507383823,0.015376382507383823
2336,450742,31,6326,0.015375970862805843,0.015375970862805843
2337,451578,31,7162,0.015368235297501087,0.015368235297501087
2338,402855,28,1447,0.015366142615675926,0.015366142615675926
2339,402189,28,781,0.015362636186182499,0.015362636186182499
2340,364139,25,5739,0.015360147692263126,0.015360147692263126
2341,352146,24,8082,0.015358834527432919,0.015358834527432919
2342,455625,31,11209,0.015357473865151405,0.015357473865151405
2343,449334,31,4918,0.01535710971802473,0.01535710971802473
2344,445448,31,1032,0.015347445383667946,0.015347445383667946
2345,444299,30,14219,0.015340404585003853,0.015340404585003853
2346,440315,30,10235,0.01534013357013464,0.01534013357013464
2347,446385,31,1969,0.01533740945160389,0.01533740945160389
2348,447564,31,3148,0.015330235473811626,0.015330235473811626
2349,446528,31,2112,0.015326893888413906,0.015326893888413906
2350,447328,31,2912,0.015326308086514473,0.015326308086514473
2351,432864,30,2784,0.01532343216240406,0.01532343216240406
2352,453425,31,9009,0.015322098508477211,0.015322098508477211
2353,448744,31,4328,0.015316786244511604,0.015316786244511604
2354,449516,31,5100,0.015315488912165165,0.015315488912165165
2355,416917,29,1173,0.015305735170841217,0.015305735170841217
2356,452072,31,7656,0.015304125845432281,0.015304125845432281
2357,452547,31,8131,0.015299600549042225,0.015299600549042225
2358,454592,31,10176,0.015299360267817974,0.015299360267817974
2359,436885,30,6805,0.015294471755623817,0.015294471755623817
2360,455547,31,11131,0.015290486626327038,0.015290486626327038
2361,419557,29,3813,0.015283925458788872,0.015283925458788872
2362,447515,31,3099,0.015282739885151386,0.015282739885151386
2363,450357,31,5941,0.015280932188034058,0.015280932188034058
2364,448436,31,4020,0.015274648554623127,0.015274648554623127
2365,450185,31,5769,0.015266445465385914,0.015266445465385914
2366,452294,31,7878,0.015264865010976791,0.015264865010976791
2367,369984,25,11584,0.015264377929270267,0.015264377929270267
2368,457210,31,12794,0.015254213474690914,0.015254213474690914
2369,445191,31,775,0.015245101414620876,0.015245101414620876
2370,420874,29,5130,0.015243620611727238,0.015243620611727238
2371,436093,30,6013,0.015241807326674461,0.015241807326674461
2372,445751,31,1335,0.015240062028169632,0.015240062028169632
2373,455328,31,10912,0.01523996889591217,0.01523996889591217
2374,388039,27,967,0.015235574916005135,0.015235574916005135
2375,296144,20,9424,0.015234776772558689,0.015234776772558689
2376,454499,31,10083,0.015234365127980709,0.015234365127980709
2377,403767,28,2359,0.015232491306960583,0.015232491306960583
2378,446095,31,1679,0.015222335234284401,0.015222335234284401
2379,457095,31,12679,0.015216024592518806,0.015216024592518806
2380,444772,31,356,0.015214918181300163,0.015214918181300163
2381,454779,31,10363,0.015210774727165699,0.015210774727165699
2382,451067,31,6651,0.015204387716948986,0.015204387716948986
2383,430698,30,618,0.01520373485982418,0.01520373485982418
2384,403215,28,1807,0.015197147615253925,0.015197147615253925
2385,449809,31,5393,0.015191961079835892,0.015191961079835892
2386,458306,31,13890,0.01518695056438446,0.01518695056438446
2387,445599,31,1183,0.0151817100122571,0.0151817100122571
2388,458271,31,13855,0.015181630849838257,0.015181630849838257
2389,458066,31,13650,0.015179718844592571,0.015179718844592571
2390,444129,30,14049,0.015176810324192047,0.015176810324192047
2391,366183,25,7783,0.01517579983919859,0.01517579983919859
2392,431189,30,1109,0.01517181284725666,0.01517181284725666
2393,440135,30,10055,0.015170404687523842,0.015170404687523842
2394,454947,31,10531,0.015169830992817879,0.015169830992817879
2395,445501,31,1085,0.015156304463744164,0.015156304463744164
2396,446476,31,2060,0.015155037865042686,0.015155037865042686
2397,451173,31,6757,0.015153416432440281,0.015153416432440281
2398,447759,31,3343,0.01515249628573656,0.01515249628573656
2399,445965,31,1549,0.015151441097259521,0.015151441097259521
2400,452218,31,7802,0.01514418050646782,0.01514418050646782
2401,415852,29,108,0.015140369534492493,0.015140369534492493
2402,456196,31,11780,0.015139988623559475,0.015139988623559475
2403,457848,31,13432,0.01513400487601757,0.01513400487601757
2404,439862,30,9782,0.015131319873034954,0.015131319873034954
2405,452542,31,8126,0.015123100951313972,0.015123100951313972
2406,434552,30,4472,0.015120640397071838,0.015120640397071838
2407,439375,30,9295,0.015119684860110283,0.015119684860110283
2408,457022,31,12606,0.015119225718080997,0.015119225718080997
2409,452352,31,7936,0.015116456896066666,0.015116456896066666
2410,431376,30,1296,0.015111807733774185,0.015111807733774185
2411,336132,23,6404,0.015110410749912262,0.015110410749912262
2412,456833,31,12417,0.015108911320567131,0.015108911320567131
2413,450960,31,6544,0.0151051115244627,0.0151051115244627
2414,374284,26,1548,0.015103785321116447,0.015103785321116447
2415,431072,30,992,0.01510078925639391,0.01510078925639391
2416,454605,31,10189,0.015098425559699535,0.015098425559699535
2417,448693,31,4277,0.015087108127772808,0.015087108127772808
2418,386728,26,13992,0.015086079947650433,0.015086079947650433
2419,432847,30,2767,0.015078716911375523,0.015078716911375523
2420,433663,30,3583,0.015078425407409668,0.015078425407409668
2421,445127,31,711,0.01507384330034256,0.01507384330034256
2422,431827,30,1747,0.01507249753922224,0.01507249753922224
2423,437899,30,7819,0.015065671876072884,0.015065671876072884
2424,457946,31,13530,0.01506469864398241,0.01506469864398241
2425,435508,30,5428,0.015064629726111889,0.015064629726111889
2426,458658,31,14242,0.01506067719310522,0.01506067719310522
2427,447930,31,3514,0.01505524106323719,0.01505524106323719
2428,445465,31,1049,0.015050459653139114,0.015050459653139114
2429,446156,31,1740,0.015044224448502064,0.015044224448502064
2430,434406,30,4326,0.0150360818952322,0.0150360818952322
2431,437458,30,7378,0.015036061406135559,0.015036061406135559
2432,433992,30,3912,0.015035231597721577,0.015035231597721577
2433,389219,27,2147,0.015034913085401058,0.015034913085401058
2434,431821,30,1741,0.015034005977213383,0.015034005977213383
2435,455993,31,11577,0.015029237605631351,0.015029237605631351
2436,450802,31,6386,0.015022967010736465,0.015022967010736465
2437,448686,31,4270,0.01501944474875927,0.01501944474875927
2438,434275,30,4195,0.015014167875051498,0.015014167875051498
2439,341948,23,12220,0.015008974820375443,0.015008974820375443
2440,431232,30,1152,0.01500849798321724,0.01500849798321724
2441,311345,21,10289,0.015000994317233562,0.015000994317233562
2442,444932,31,516,0.014992647804319859,0.014992647804319859
2443,458671,31,14255,0.014980563893914223,0.014980563893914223
2444,435566,30,5486,0.014977597631514072,0.014977597631514072
2445,445801,31,1385,0.01496831327676773,0.01496831327676773
2446,427792,29,12048,0.014967167750000954,0.014967167750000954
2447,449359,31,4943,0.014962192624807358,0.014962192624807358
2448,453309,31,8893,0.014959072694182396,0.014959072694182396
2449,456253,31,11837,0.01495832484215498,0.01495832484215498
2450,449142,31,4726,0.014955036342144012,0.014955036342144012
2451,446023,31,1607,0.014950155280530453,0.014950155280530453
2452,435849,30,5769,0.014946588315069675,0.014946588315069675
2453,445547,31,1131,0.014946538023650646,0.014946538023650646
2454,445207,31,791,0.014946316368877888,0.014946316368877888
2455,453432,31,9016,0.014946014620363712,0.014946014620363712
2456,419859,29,4115,0.014942646026611328,0.014942646026611328
2457,430115,30,35,0.014936622232198715,0.014936622232198715
2458,434041,30,3961,0.014933869242668152,0.014933869242668152
2459,436713,30,6633,0.014931868761777878,0.014931868761777878
2460,439805,30,9725,0.014930658973753452,0.014930658973753452
2461,453003,31,8587,0.014927673153579235,0.014927673153579235
2462,426102,29,10358,0.01492246612906456,0.01492246612906456
2463,449348,31,4932,0.014921094290912151,0.014921094290912151
2464,456477,31,12061,0.014919105917215347,0.014919105917215347
2465,437468,30,7388,0.014916361309587955,0.014916361309587955
2466,442682,30,12602,0.014916046522557735,0.014916046522557735
2467,446194,31,1778,0.0149149214848876,0.0149149214848876
2468,446816,31,2400,0.014914807863533497,0.014914807863533497
2469,442279,30,12199,0.014905882067978382,0.014905882067978382
2470,452288,31,7872,0.01489894650876522,0.01489894650876522
2471,445717,31,1301,0.014887631870806217,0.014887631870806217
2472,428816,29,13072,0.01488371379673481,0.01488371379673481
2473,417527,29,1783,0.014873422682285309,0.014873422682285309
2474,434825,30,4745,0.014873283915221691,0.014873283915221691
2475,441387,30,11307,0.014873156324028969,0.014873156324028969
2476,444272,30,14192,0.01487072091549635,0.01487072091549635
2477,442623,30,12543,0.014869948849081993,0.014869948849081993
2478,450500,31,6084,0.014866954647004604,0.014866954647004604
2479,449280,31,4864,0.014860149472951889,0.014860149472951889
2480,455567,31,11151,0.014859747141599655,0.014859747141599655
2481,432138,30,2058,0.014858612790703773,0.014858612790703773
2482,430252,30,172,0.014855007641017437,0.014855007641017437
2483,451951,31,7535,0.014847631566226482,0.014847631566226482
2484,452044,31,7628,0.01484735868871212,0.01484735868871212
2485,446668,31,2252,0.014837425202131271,0.014837425202131271
2486,436938,30,6858,0.014835747890174389,0.014835747890174389
2487,451758,31,7342,0.014830500818789005,0.014830500818789005
2488,444454,31,38,0.014824423007667065,0.014824423007667065
2489,440242,30,10162,0.014823691919445992,0.014823691919445992
2490,430851,30,771,0.014822248369455338,0.014822248369455338
2491,426668,29,10924,0.014817637391388416,0.014817637391388416
2492,457599,31,13183,0.014810464344918728,0.014810464344918728
2493,451982,31,7566,0.014808101579546928,0.014808101579546928
2494,450961,31,6545,0.0148032046854496,0.0148032046854496
2495,454421,31,10005,0.014803015626966953,0.014803015626966953
2496,453369,31,8953,0.01480073668062687,0.01480073668062687
2497,448289,31,3873,0.014797213487327099,0.014797213487327099
2498,451221,31,6805,0.01479444932192564,0.01479444932192564
2499,333069,23,3341,0.014791439287364483,0.014791439287364483
2500,426504,29,10760,0.014791290275752544,0.014791290275752544
2501,452565,31,8149,0.014790166169404984,0.014790166169404984
2502,447728,31,3312,0.014789341017603874,0.014789341017603874
2503,445030,31,614,0.014788792468607426,0.014788792468607426
2504,447902,31,3486,0.01478576473891735,0.01478576473891735
2505,456361,31,11945,0.014785426668822765,0.014785426668822765
2506,431375,30,1295,0.014784944243729115,0.014784944243729115
2507,445232,31,816,0.014781175181269646,0.014781175181269646
2508,447714,31,3298,0.014765779487788677,0.014765779487788677
2509,450767,31,6351,0.014763833954930305,0.014763833954930305
2510,213343,14,12639,0.014757294207811356,0.014757294207811356
2511,449461,31,5045,0.014754784293472767,0.014754784293472767
2512,455913,31,11497,0.014753984287381172,0.014753984287381172
2513,455968,31,11552,0.014749433845281601,0.014749433845281601
2514,457338,31,12922,0.014744926244020462,0.014744926244020462
2515,445500,31,1084,0.014738291501998901,0.014738291501998901
2516,457610,31,13194,0.014736903831362724,0.014736903831362724
2517,457217,31,12801,0.014731273055076599,0.014731273055076599
2518,454701,31,10285,0.014724803157150745,0.014724803157150745
2519,434917,30,4837,0.014718412421643734,0.014718412421643734
2520,417649,29,1905,0.014710602350533009,0.014710602350533009
2521,415897,29,153,0.014704969711601734,0.014704969711601734
2522,442662,30,12582,0.014704515226185322,0.014704515226185322
2523,445903,31,1487,0.014704057015478611,0.014704057015478611
2524,415089,28,13681,0.01470273733139038,0.01470273733139038
2525,450371,31,5955,0.014701129868626595,0.014701129868626595
2526,453096,31,8680,0.014698762446641922,0.014698762446641922
2527,455491,31,11075,0.014698038809001446,0.014698038809001446
2528,457527,31,13111,0.014696728438138962,0.014696728438138962
2529,422718,29,6974,0.014688869938254356,0.014688869938254356
2530,432718,30,2638,0.014682208187878132,0.014682208187878132
2531,456777,31,12361,0.014681375585496426,0.014681375585496426
2532,204621,14,3917,0.014680786058306694,0.014680786058306694
2533,316113,22,721,0.014679070562124252,0.014679070562124252
2534,445992,31,1576,0.014678004197776318,0.014678004197776318
2535,456590,31,12174,0.014677205123007298,0.014677205123007298
2536,432368,30,2288,0.014676257036626339,0.014676257036626339
2537,449909,31,5493,0.014670316129922867,0.014670316129922867
2538,444598,31,182,0.014665736816823483,0.014665736816823483
2539,447052,31,2636,0.014663289301097393,0.014663289301097393
2540,434288,30,4208,0.014660617336630821,0.014660617336630821
2541,454346,31,9930,0.014659756794571877,0.014659756794571877
2542,449901,31,5485,0.01465653907507658,0.01465653907507658
2543,456503,31,12087,0.01465215627104044,0.01465215627104044
2544,422811,29,7067,0.01464475691318512,0.01464475691318512
2545,420257,29,4513,0.014643882401287556,0.014643882401287556
2546,434829,30,4749,0.014642731286585331,0.014642731286585331
2547,453932,31,9516,0.014642257243394852,0.014642257243394852
2548,445362,31,946,0.014641448855400085,0.014641448855400085
2549,455487,31,11071,0.014641275629401207,0.014641275629401207
2550,421420,29,5676,0.014641129411756992,0.014641129411756992
2551,449070,31,4654,0.014638474211096764,0.014638474211096764
2552,446218,31,1802,0.014636204577982426,0.014636204577982426
2553,456173,31,11757,0.014635168015956879,0.014635168015956879
2554,445156,31,740,0.014632323756814003,0.014632323756814003
2555,441628,30,11548,0.014632266946136951,0.014632266946136951
2556,444835,31,419,0.014631837606430054,0.014631837606430054
2557,449207,31,4791,0.014628948643803596,0.014628948643803596
2558,452285,31,7869,0.014626991003751755,0.014626991003751755
2559,235897,16,6521,0.014625774696469307,0.014625774696469307
2560,449960,31,5544,0.014625766314566135,0.014625766314566135
2561,450257,31,5841,0.014623817056417465,0.014623817056417465
2562,445462,31,1046,0.014623291790485382,0.014623291790485382
2563,425779,29,10035,0.014622385613620281,0.014622385613620281
2564,431411,30,1331,0.014621767215430737,0.014621767215430737
2565,450380,31,5964,0.014618230052292347,0.014618230052292347
2566,452250,31,7834,0.01461748406291008,0.01461748406291008
2567,291957,20,5237,0.014615867286920547,0.014615867286920547
2568,440643,30,10563,0.014610100537538528,0.014610100537538528
2569,452617,31,8201,0.014609563164412975,0.014609563164412975
2570,448111,31,3695,0.01460896898061037,0.01460896898061037
2571,452723,31,8307,0.014608719386160374,0.014608719386160374
2572,414147,28,12739,0.01460482832044363,0.01460482832044363
2573,416713,29,969,0.014604275114834309,0.014604275114834309
2574,445968,31,1552,0.014603783376514912,0.014603783376514912
2575,445329,31,913,0.014603507705032825,0.014603507705032825
2576,340452,23,10724,0.014600577764213085,0.014600577764213085
2577,440267,30,10187,0.014599275775253773,0.014599275775253773
2578,436894,30,6814,0.014596600085496902,0.014596600085496902
2579,431682,30,1602,0.014591717161238194,0.014591717161238194
2580,447331,31,2915,0.014590570703148842,0.014590570703148842
2581,454556,31,10140,0.014586606994271278,0.014586606994271278
2582,295503,20,8783,0.014584862627089024,0.014584862627089024
2583,435000,30,4920,0.014580515213310719,0.014580515213310719
2584,441293,30,11213,0.014570800587534904,0.014570800587534904
2585,447737,31,3321,0.014568885788321495,0.014568885788321495
2586,450170,31,5754,0.014556901529431343,0.014556901529431343
2587,422144,29,6400,0.01455026026815176,0.01455026026815176
2588,454293,31,9877,0.01454849448055029,0.01454849448055029
2589,446352,31,1936,0.014546738006174564,0.014546738006174564
2590,451503,31,7087,0.014543014578521252,0.014543014578521252
2591,420817,29,5073,0.014539225026965141,0.014539225026965141
2592,447725,31,3309,0.014531368389725685,0.014531368389725685
2593,388851,27,1779,0.01452897023409605,0.01452897023409605
2594,439603,30,9523,0.014526082202792168,0.014526082202792168
2595,449591,31,5175,0.014521554112434387,0.014521554112434387
2596,455912,31,11496,0.01450855378061533,0.01450855378061533
2597,416812,29,1068,0.014501769095659256,0.014501769095659256
2598,432888,30,2808,0.014501146040856838,0.014501146040856838
2599,458017,31,13601,0.01449915673583746,0.01449915673583746
2600,453670,31,9254,0.014492700807750225,0.014492700807750225
2601,444743,31,327,0.014491395093500614,0.014491395093500614
2602,446146,31,1730,0.014491377398371696,0.014491377398371696
2603,451344,31,6928,0.014491208828985691,0.014491208828985691
2604,424372,29,8628,0.014488788321614265,0.014488788321614265
2605,419723,29,3979,0.014487559907138348,0.014487559907138348
2606,449079,31,4663,0.0144841019064188,0.0144841019064188
2607,428851,29,13107,0.014478313736617565,0.014478313736617565
2608,446553,31,2137,0.014477056451141834,0.014477056451141834
2609,453041,31,8625,0.014465496875345707,0.014465496875345707
2610,456789,31,12373,0.014464173465967178,0.014464173465967178
2611,447562,31,3146,0.014456427656114101,0.014456427656114101
2612,438103,30,8023,0.014456190168857574,0.014456190168857574
2613,458005,31,13589,0.014455913566052914,0.014455913566052914
2614,456459,31,12043,0.014455589465796947,0.014455589465796947
2615,452691,31,8275,0.01445371937006712,0.01445371937006712
2616,452373,31,7957,0.014451808296144009,0.014451808296144009
2617,444068,30,13988,0.014449766837060452,0.014449766837060452
2618,452752,31,8336,0.014447521418333054,0.014447521418333054
2619,454811,31,10395,0.014447477646172047,0.014447477646172047
2620,447812,31,3396,0.014442067593336105,0.014442067593336105
2621,364851,25,6451,0.014437074773013592,0.014437074773013592
2622,457663,31,13247,0.014434520155191422,0.014434520155191422
2623,441030,30,10950,0.014433860778808594,0.014433860778808594
2624,445675,31,1259,0.014423663727939129,0.014423663727939129
2625,424793,29,9049,0.014421447180211544,0.014421447180211544
2626,432886,30,2806,0.01442050002515316,0.01442050002515316
2627,342869,23,13141,0.014415621757507324,0.014415621757507324
2628,445023,31,607,0.014415087178349495,0.014415087178349495
2629,445863,31,1447,0.014411970041692257,0.014411970041692257
2630,440496,30,10416,0.014409068040549755,0.014409068040549755
2631,448889,31,4473,0.01440458744764328,0.01440458744764328
2632,453533,31,9117,0.014400819316506386,0.014400819316506386
2633,446468,31,2052,0.014400403946638107,0.014400403946638107
2634,458519,31,14103,0.014398908242583275,0.014398908242583275
2635,444843,31,427,0.014396735467016697,0.014396735467016697
2636,457872,31,13456,0.014396388083696365,0.014396388083696365
2637,446467,31,2051,0.01439339853823185,0.01439339853823185
2638,451467,31,7051,0.014389832504093647,0.014389832504093647
2639,438106,30,8026,0.014384815469384193,0.014384815469384193
2640,430400,30,320,0.014383174479007721,0.014383174479007721
2641,424144,29,8400,0.014373136684298515,0.014373136684298515
2642,453791,31,9375,0.014372837729752064,0.014372837729752064
2643,455690,31,11274,0.014366102404892445,0.014366102404892445
2644,451143,31,6727,0.014362494461238384,0.014362494461238384
2645,444766,31,350,0.014361962676048279,0.014361962676048279
2646,397276,27,10204,0.014359992928802967,0.014359992928802967
2647,447196,31,2780,0.01435559056699276,0.01435559056699276
2648,452392,31,7976,0.01435365341603756,0.01435365341603756
2649,436596,30,6516,0.014349204488098621,0.014349204488098621
2650,447305,31,2889,0.014348700642585754,0.014348700642585754
2651,422380,29,6636,0.014344890601933002,0.014344890601933002
2652,444511,31,95,0.014340760186314583,0.014340760186314583
2653,434337,30,4257,0.01433249469846487,0.01433249469846487
2654,428318,29,12574,0.014330116100609303,0.014330116100609303
2655,455324,31,10908,0.01431799866259098,0.01431799866259098
2656,218856,15,3816,0.014317036606371403,0.014317036606371403
2657,440735,30,10655,0.0143141970038414,0.0143141970038414
2658,454559,31,10143,0.014310392551124096,0.014310392551124096
2659,445253,31,837,0.01430269330739975,0.01430269330739975
2660,433887,30,3807,0.014292375184595585,0.014292375184595585
2661,421900,29,6156,0.014290820807218552,0.014290820807218552
2662,454189,31,9773,0.014286602847278118,0.014286602847278118
2663,458194,31,13778,0.014285985380411148,0.014285985380411148
2664,453240,31,8824,0.01427964586764574,0.01427964586764574
2665,456661,31,12245,0.014273453503847122,0.014273453503847122
2666,458129,31,13713,0.014269862323999405,0.014269862323999405
2667,447926,31,3510,0.014266885817050934,0.014266885817050934
2668,452770,31,8354,0.014263365417718887,0.014263365417718887
2669,447862,31,3446,0.014261421747505665,0.014261421747505665
2670,456887,31,12471,0.0142569150775671,0.0142569150775671
2671,453781,31,9365,0.014256038703024387,0.014256038703024387
2672,445729,31,1313,0.01425226405262947,0.01425226405262947
2673,383197,26,10461,0.014252261258661747,0.014252261258661747
2674,456622,31,12206,0.01425123494118452,0.01425123494118452
2675,380110,26,7374,0.014251051470637321,0.014251051470637321
2676,449726,31,5310,0.014250608161091805,0.014250608161091805
2677,418132,29,2388,0.014246392995119095,0.014246392995119095
2678,457328,31,12912,0.01424103882163763,0.01424103882163763
2679,458041,31,13625,0.014235742390155792,0.014235742390155792
2680,440069,30,9989,0.014235029928386211,0.014235029928386211
2681,436222,30,6142,0.014228679239749908,0.014228679239749908
2682,445780,31,1364,0.014228093437850475,0.014228093437850475
2683,448933,31,4517,0.014227679930627346,0.014227679930627346
2684,414935,28,13527,0.014227496460080147,0.014227496460080147
2685,457266,31,12850,0.014227249659597874,0.014227249659597874
2686,454176,31,9760,0.014225294813513756,0.014225294813513756
2687,447642,31,3226,0.014224492013454437,0.014224492013454437
2688,449620,31,5204,0.014222920872271061,0.014222920872271061
2689,451416,31,7000,0.01422280352562666,0.01422280352562666
2690,455330,31,10914,0.014218270778656006,0.014218270778656006
2691,419696,29,3952,0.014217369258403778,0.014217369258403778
2692,379159,26,6423,0.014214164577424526,0.014214164577424526
2693,446603,31,2187,0.014213013462722301,0.014213013462722301
2694,452749,31,8333,0.01421231310814619,0.01421231310814619
2695,453560,31,9144,0.014211448840796947,0.014211448840796947
2696,451512,31,7096,0.014210493303835392,0.014210493303835392
2697,446571,31,2155,0.01420600712299347,0.01420600712299347
2698,457838,31,13422,0.014198021963238716,0.014198021963238716
2699,443386,30,13306,0.014196607284247875,0.014196607284247875
2700,447579,31,3163,0.014196372590959072,0.014196372590959072
2701,445278,31,862,0.014194822870194912,0.014194822870194912
2702,445648,31,1232,0.014193644747138023,0.014193644747138023
2703,430335,30,255,0.014192214235663414,0.014192214235663414
2704,443800,30,13720,0.014188488014042377,0.014188488014042377
2705,441352,30,11272,0.014185553416609764,0.014185553416609764
2706,437300,30,7220,0.014184165745973587,0.014184165745973587
2707,374643,26,1907,0.01418351475149393,0.01418351475149393
2708,430552,30,472,0.014182068407535553,0.014182068407535553
2709,434125,30,4045,0.014178629964590073,0.014178629964590073
2710,416450,29,706,0.014177613891661167,0.014177613891661167
2711,393467,27,6395,0.014177470467984676,0.014177470467984676
2712,448137,31,3721,0.014174497686326504,0.014174497686326504
2713,435041,30,4961,0.014172310009598732,0.014172310009598732
2714,454817,31,10401,0.014172214083373547,0.014172214083373547
2715,445926,31,1510,0.014171430841088295,0.014171430841088295
2716,417911,29,2167,0.01417128462344408,0.01417128462344408
2717,436886,30,6806,0.014171083457767963,0.014171083457767963
2718,429834,29,14090,0.014161993749439716,0.014161993749439716
2719,451696,31,7280,0.014159628190100193,0.014159628190100193
2720,444664,31,248,0.014157638885080814,0.014157638885080814
2721,413482,28,12074,0.014157505705952644,0.014157505705952644
2722,405485,28,4077,0.014156379736959934,0.014156379736959934
2723,246011,17,2299,0.014153742231428623,0.014153742231428623
2724,457161,31,12745,0.014152309857308865,0.014152309857308865
2725,432023,30,1943,0.014145308174192905,0.014145308174192905
2726,435553,30,5473,0.01414302084594965,0.01414302084594965
2727,445626,31,1210,0.01414185669273138,0.01414185669273138
2728,448618,31,4202,0.01413735095411539,0.01413735095411539
2729,452434,31,8018,0.014131223782896996,0.014131223782896996
2730,446354,31,1938,0.014129522256553173,0.014129522256553173
2731,450839,31,6423,0.014128788374364376,0.014128788374364376
2732,452848,31,8432,0.014126497320830822,0.014126497320830822
2733,428961,29,13217,0.014124800451099873,0.014124800451099873
2734,417028,29,1284,0.01412474736571312,0.01412474736571312
2735,439236,30,9156,0.01411741878837347,0.01411741878837347
2736,395853,27,8781,0.014115605503320694,0.014115605503320694
2737,447809,31,3393,0.0141129270195961,0.0141129270195961
2738,408899,28,7491,0.014104816131293774,0.014104816131293774
2739,428954,29,13210,0.014104101806879044,0.014104101806879044
2740,458655,31,14239,0.014093881472945213,0.014093881472945213
2741,205188,14,4484,0.014092079363763332,0.014092079363763332
2742,233197,16,3821,0.014091827906668186,0.014091827906668186
2743,435115,30,5035,0.014089134521782398,0.014089134521782398
2744,457412,31,12996,0.014085521921515465,0.014085521921515465
2745,457576,31,13160,0.014085047878324986,0.014085047878324986
2746,450911,31,6495,0.014081038534641266,0.014081038534641266
2747,452988,31,8572,0.014073759317398071,0.014073759317398071
2748,417110,29,1366,0.014071601442992687,0.014071601442992687
2749,452278,31,7862,0.014066269621253014,0.014066269621253014
2750,445371,31,955,0.01406326424330473,0.01406326424330473
2751,453525,31,9109,0.014060381799936295,0.014060381799936295
2752,403395,28,1987,0.014059987850487232,0.014059987850487232
2753,454821,31,10405,0.01405409350991249,0.01405409350991249
2754,425828,29,10084,0.014052089303731918,0.014052089303731918
2755,424302,29,8558,0.014045113697648048,0.014045113697648048
2756,453916,31,9500,0.014043012633919716,0.014043012633919716
2757,441832,30,11752,0.01403868943452835,0.01403868943452835
2758,416190,29,446,0.0140372971072793,0.0140372971072793
2759,444972,31,556,0.014032000675797462,0.014032000675797462
2760,452616,31,8200,0.01403114479035139,0.01403114479035139
2761,446018,31,1602,0.01402886863797903,0.01402886863797903
2762,441687,30,11607,0.014026726596057415,0.014026726596057415
2763,455318,31,10902,0.014023130759596825,0.014023130759596825
2764,443422,30,13342,0.01402050256729126,0.01402050256729126
2765,453261,31,8845,0.014015343971550465,0.014015343971550465
2766,336065,23,6337,0.014014204032719135,0.014014204032719135
2767,451390,31,6974,0.01401376724243164,0.01401376724243164
2768,445074,31,658,0.014010037295520306,0.014010037295520306
2769,446407,31,1991,0.014009353704750538,0.014009353704750538
2770,453052,31,8636,0.014008750207722187,0.014008750207722187
2771,449509,31,5093,0.014008509926497936,0.014008509926497936
2772,309385,21,8329,0.014007749035954475,0.014007749035954475
2773,450119,31,5703,0.014004359021782875,0.014004359021782875
2774,456342,31,11926,0.014003421179950237,0.014003421179950237
2775,442776,30,12696,0.014001202769577503,0.014001202769577503
2776,439376,30,9296,0.013999148271977901,0.013999148271977901
2777,453394,31,8978,0.013998624868690968,0.013998624868690968
2778,449738,31,5322,0.013994370587170124,0.013994370587170124
2779,435570,30,5490,0.013991883024573326,0.013991883024573326
2780,447335,31,2919,0.013988763093948364,0.013988763093948364
2781,446333,31,1917,0.013988499529659748,0.013988499529659748
2782,452256,31,7840,0.013986775651574135,0.013986775651574135
2783,414378,28,12970,0.013986296951770782,0.013986296951770782
2784,446539,31,2123,0.013983369804918766,0.013983369804918766
2785,457617,31,13201,0.01397984940558672,0.01397984940558672
2786,437039,30,6959,0.013975950889289379,0.013975950889289379
2787,441835,30,11755,0.013972335495054722,0.013972335495054722
2788,440401,30,10321,0.013970181345939636,0.013970181345939636
2789,447067,31,2651,0.013968812301754951,0.013968812301754951
2790,453283,31,8867,0.01396709494292736,0.01396709494292736
2791,446496,31,2080,0.013958502560853958,0.013958502560853958
2792,380843,26,8107,0.013958097435534,0.013958097435534
2793,440410,30,10330,0.013958006165921688,0.013958006165921688
2794,452243,31,7827,0.013956115581095219,0.013956115581095219
2795,433935,30,3855,0.013955860398709774,0.013955860398709774
2796,449446,31,5030,0.013955820351839066,0.013955820351839066
2797,443891,30,13811,0.0139539809897542,0.0139539809897542
2798,456781,31,12365,0.013948466628789902,0.013948466628789902
2799,452742,31,8326,0.013945952989161015,0.013945952989161015
2800,455344,31,10928,0.013941311277449131,0.013941311277449131
2801,438213,30,8133,0.013937952928245068,0.013937952928245068
2802,453944,31,9528,0.013937026262283325,0.013937026262283325
2803,408439,28,7031,0.013936693780124187,0.013936693780124187
2804,431715,30,1635,0.013934364542365074,0.013934364542365074
2805,453638,31,9222,0.01391679234802723,0.01391679234802723
2806,436849,30,6769,0.013913417235016823,0.013913417235016823
2807,445776,31,1360,0.013912860304117203,0.013912860304117203
2808,430736,30,656,0.013910211622714996,0.013910211622714996
2809,449467,31,5051,0.013903297483921051,0.013903297483921051
2810,408849,28,7441,0.01389971375465393,0.01389971375465393
2811,445005,31,589,0.013897438533604145,0.013897438533604145
2812,458229,31,13813,0.01389037724584341,0.01389037724584341
2813,409325,28,7917,0.013887259177863598,0.013887259177863598
2814,454115,31,9699,0.013886388391256332,0.013886388391256332
2815,449452,31,5036,0.013879197649657726,0.013879197649657726
2816,439866,30,9786,0.013878582045435905,0.013878582045435905
2817,456001,31,11585,0.013876347802579403,0.013876347802579403
2818,453928,31,9512,0.01387165579944849,0.01387165579944849
2819,456716,31,12300,0.013870280236005783,0.013870280236005783
2820,431971,30,1891,0.01386990211904049,0.01386990211904049
2821,447530,31,3114,0.013867201283574104,0.013867201283574104
2822,453449,31,9033,0.013865310698747635,0.013865310698747635
2823,453879,31,9463,0.013862728141248226,0.013862728141248226
2824,439545,30,9465,0.013862306252121925,0.013862306252121925
2825,445961,31,1545,0.013859263621270657,0.013859263621270657
2826,240229,16,10853,0.013856354169547558,0.013856354169547558
2827,429199,29,13455,0.01385603565722704,0.01385603565722704
2828,432881,30,2801,0.013853637501597404,0.013853637501597404
2829,417983,29,2239,0.013850036077201366,0.013850036077201366
2830,254172,17,10460,0.013842884451150894,0.013842884451150894
2831,438961,30,8881,0.013842860236763954,0.013842860236763954
2832,446755,31,2339,0.013839585706591606,0.013839585706591606
2833,437073,30,6993,0.013835235498845577,0.013835235498845577
2834,455028,31,10612,0.013835013844072819,0.013835013844072819
2835,353615,24,9551,0.013833235949277878,0.013833235949277878
2836,347707,24,3643,0.013828909955918789,0.013828909955918789
2837,448129,31,3713,0.01382725965231657,0.01382725965231657
2838,449538,31,5122,0.013826709240674973,0.013826709240674973
2839,443068,30,12988,0.01382481213659048,0.01382481213659048
2840,458535,31,14119,0.013823136687278748,0.013823136687278748
2841,445148,31,732,0.013821043074131012,0.013821043074131012
2842,442431,30,12351,0.01382069755345583,0.01382069755345583
2843,455456,31,11040,0.013816053979098797,0.013816053979098797
2844,437074,30,6994,0.013814604841172695,0.013814604841172695
2845,434341,30,4261,0.013813120312988758,0.013813120312988758
2846,457604,31,13188,0.013812822289764881,0.013812822289764881
2847,454797,31,10381,0.013811667449772358,0.013811667449772358
2848,417672,29,1928,0.013810993172228336,0.013810993172228336
2849,434966,30,4886,0.013809990137815475,0.013809990137815475
2850,457669,31,13253,0.01380980759859085,0.01380980759859085
2851,452850,31,8434,0.013806844130158424,0.013806844130158424
2852,434397,30,4317,0.013805143535137177,0.013805143535137177
2853,451318,31,6902,0.013804540038108826,0.013804540038108826
2854,440949,30,10869,0.013803468085825443,0.013803468085825443
2855,416801,29,1057,0.013801719062030315,0.013801719062030315
2856,449693,31,5277,0.013797646388411522,0.013797646388411522
2857,434418,30,4338,0.013797051273286343,0.013797051273286343
2858,452782,31,8366,0.013796437531709671,0.013796437531709671
2859,448037,31,3621,0.013796243816614151,0.013796243816614151
2860,447535,31,3119,0.013794554397463799,0.013794554397463799
2861,448770,31,4354,0.013790169730782509,0.013790169730782509
2862,457203,31,12787,0.013784937560558319,0.013784937560558319
2863,421520,29,5776,0.013783663511276245,0.013783663511276245
2864,433019,30,2939,0.013779534958302975,0.013779534958302975
2865,452661,31,8245,0.013779024593532085,0.013779024593532085
2866,422917,29,7173,0.013778096996247768,0.013778096996247768
2867,447774,31,3358,0.013777169398963451,0.013777169398963451
2868,444571,31,155,0.013776870444417,0.013776870444417
2869,456411,31,11995,0.013772381469607353,0.013772381469607353
2870,458250,31,13834,0.013768495060503483,0.013768495060503483
2871,446865,31,2449,0.013767345808446407,0.013767345808446407
2872,451930,31,7514,0.01376628503203392,0.01376628503203392
2873,403289,28,1881,0.013765438459813595,0.013765438459813595
2874,448839,31,4423,0.013763371855020523,0.013763371855020523
2875,425739,29,9995,0.013759766705334187,0.013759766705334187
2876,455136,31,10720,0.013758658431470394,0.013758658431470394
2877,452403,31,7987,0.013756743632256985,0.013756743632256985
2878,447360,31,2944,0.013754406943917274,0.013754406943917274
2879,444370,30,14290,0.013753239065408707,0.013753239065408707
2880,447846,31,3430,0.01375138945877552,0.01375138945877552
2881,449623,31,5207,0.013750569894909859,0.013750569894909859
2882,452375,31,7959,0.013749849051237106,0.013749849051237106
2883,454372,31,9956,0.013747124932706356,0.013747124932706356
2884,448225,31,3809,0.013745149597525597,0.013745149597525597
2885,445542,31,1126,0.013738036155700684,0.013738036155700684
2886,416667,29,923,0.013737884350121021,0.013737884350121021
2887,446951,31,2535,0.01373722031712532,0.01373722031712532
2888,456803,31,12387,0.013736880384385586,0.013736880384385586
2889,438689,30,8609,0.013736115768551826,0.013736115768551826
2890,433516,30,3436,0.0137346675619483,0.0137346675619483
2891,429762,29,14018,0.013729119673371315,0.013729119673371315
2892,352800,24,8736,0.01372760720551014,0.01372760720551014
2893,432200,30,2120,0.013726891949772835,0.013726891949772835
2894,436977,30,6897,0.01372654177248478,0.01372654177248478
2895,334344,23,4616,0.013726259581744671,0.013726259581744671
2896,457689,31,13273,0.013725657016038895,0.013725657016038895
2897,454121,31,9705,0.013724668882787228,0.013724668882787228
2898,449584,31,5168,0.01371343620121479,0.01371343620121479
2899,450952,31,6536,0.013712354935705662,0.013712354935705662
2900,276466,19,4082,0.013707910664379597,0.013707910664379597
2901,413055,28,11647,0.013700407929718494,0.013700407929718494
2902,236377,16,7001,0.013697531074285507,0.013697531074285507
2903,373750,26,1014,0.013695691712200642,0.013695691712200642
2904,445134,31,718,0.013693835586309433,0.013693835586309433
2905,434190,30,4110,0.013692102394998074,0.013692102394998074
2906,423197,29,7453,0.013688691891729832,0.013688691891729832
2907,317272,22,1880,0.013688288629055023,0.013688288629055023
2908,447599,31,3183,0.013688190840184689,0.013688190840184689
2909,457555,31,13139,0.013686536811292171,0.013686536811292171
2910,455800,31,11384,0.013684209436178207,0.013684209436178207
2911,357139,24,13075,0.013680504634976387,0.013680504634976387
2912,457199,31,12783,0.01368019264191389,0.01368019264191389
2913,436705,30,6625,0.01367204636335373,0.01367204636335373
2914,451807,31,7391,0.013671625405550003,0.013671625405550003
2915,451511,31,7095,0.013670673593878746,0.013670673593878746
2916,446731,31,2315,0.013670305721461773,0.013670305721461773
2917,456688,31,12272,0.01366578321903944,0.01366578321903944
2918,456377,31,11961,0.013664373196661472,0.013664373196661472
2919,415049,28,13641,0.013659772463142872,0.013659772463142872
2920,442321,30,12241,0.013659361749887466,0.013659361749887466
2921,449704,31,5288,0.013652271591126919,0.013652271591126919
2922,449711,31,5295,0.013651818968355656,0.013651818968355656
2923,447282,31,2866,0.013646403327584267,0.013646403327584267
2924,440843,30,10763,0.013640249148011208,0.013640249148011208
2925,437017,30,6937,0.013635278679430485,0.013635278679430485
2926,447522,31,3106,0.013634963892400265,0.013634963892400265
2927,447758,31,3342,0.013633647002279758,0.013633647002279758
2928,397765,27,10693,0.013633192516863346,0.013633192516863346
2929,375299,26,2563,0.013631671667098999,0.013631671667098999
2930,458298,31,13882,0.013630995526909828,0.013630995526909828
2931,453870,31,9454,0.013629385270178318,0.013629385270178318
2932,452501,31,8085,0.013628613203763962,0.013628613203763962
2933,457286,31,12870,0.013627196662127972,0.013627196662127972
2934,383769,26,11033,0.013623259961605072,0.013623259961605072
2935,445458,31,1042,0.013622624799609184,0.013622624799609184
2936,456240,31,11824,0.013618869706988335,0.013618869706988335
2937,424661,29,8917,0.013611222617328167,0.013611222617328167
2938,451329,31,6913,0.0136107811704278,0.0136107811704278
2939,400207,27,13135,0.013605373911559582,0.013605373911559582
2940,431045,30,965,0.013602862134575844,0.013602862134575844
2941,445502,31,1086,0.013602708466351032,0.013602708466351032
2942,446839,31,2423,0.013599604368209839,0.013599604368209839
2943,422841,29,7097,0.013599255122244358,0.013599255122244358
2944,449522,31,5106,0.013598816469311714,0.013598816469311714
2945,450819,31,6403,0.013596354983747005,0.013596354983747005
2946,441421,30,11341,0.013596002012491226,0.013596002012491226
2947,445322,31,906,0.013593661598861217,0.013593661598861217
2948,410911,28,9503,0.01359064131975174,0.01359064131975174
2949,454127,31,9711,0.0135903125628829,0.0135903125628829
2950,445045,31,629,0.013587992638349533,0.013587992638349533
2951,443338,30,13258,0.013577621430158615,0.013577621430158615
2952,406080,28,4672,0.013572631403803825,0.013572631403803825
2953,454332,31,9916,0.01357260812073946,0.01357260812073946
2954,448975,31,4559,0.013568569906055927,0.013568569906055927
2955,403393,28,1985,0.013568206690251827,0.013568206690251827
2956,454305,31,9889,0.01356356218457222,0.01356356218457222
2957,427476,29,11732,0.013562570326030254,0.013562570326030254
2958,430813,30,733,0.013559471815824509,0.013559471815824509
2959,450140,31,5724,0.013558847829699516,0.013558847829699516
2960,430257,30,177,0.013557333499193192,0.013557333499193192
2961,455412,31,10996,0.013555455952882767,0.013555455952882767
2962,246653,17,2941,0.013552366755902767,0.013552366755902767
2963,445878,31,1462,0.013549074530601501,0.013549074530601501
2964,439963,30,9883,0.01354708056896925,0.01354708056896925
2965,431394,30,1314,0.013545106165111065,0.013545106165111065
2966,454654,31,10238,0.013535772450268269,0.013535772450268269
2967,453073,31,8657,0.013533404096961021,0.013533404096961021
2968,384849,26,12113,0.01353248581290245,0.01353248581290245
2969,445759,31,1343,0.013531613163650036,0.013531613163650036
2970,456480,31,12064,0.013529907912015915,0.013529907912015915
2971,453571,31,9155,0.013529269024729729,0.013529269024729729
2972,450187,31,5771,0.013528898358345032,0.013528898358345032
2973,418501,29,2757,0.013527870178222656,0.013527870178222656
2974,450293,31,5877,0.01352610345929861,0.01352610345929861
2975,432688,30,2608,0.013525553047657013,0.013525553047657013
2976,402146,28,738,0.013524503447115421,0.013524503447115421
2977,444616,31,200,0.01352405920624733,0.01352405920624733
2978,456827,31,12411,0.013517793267965317,0.013517793267965317
2979,442793,30,12713,0.01351174246519804,0.01351174246519804
2980,445678,31,1262,0.013511618599295616,0.013511618599295616
2981,443031,30,12951,0.013508766889572144,0.013508766889572144
2982,422938,29,7194,0.013507603667676449,0.013507603667676449
2983,446115,31,1699,0.013506975024938583,0.013506975024938583
2984,444934,31,518,0.013502281159162521,0.013502281159162521
2985,455115,31,10699,0.013498455286026001,0.013498455286026001
2986,453501,31,9085,0.013496986590325832,0.013496986590325832
2987,445065,31,649,0.013495661318302155,0.013495661318302155
2988,446204,31,1788,0.013491019606590271,0.013491019606590271
2989,446899,31,2483,0.013491005636751652,0.013491005636751652
2990,452695,31,8279,0.013490327633917332,0.013490327633917332
2991,453983,31,9567,0.013486572541296482,0.013486572541296482
2992,445158,31,742,0.013486222364008427,0.013486222364008427
2993,451376,31,6960,0.013481298461556435,0.013481298461556435
2994,447888,31,3472,0.013477502390742302,0.013477502390742302
2995,450719,31,6303,0.013473560102283955,0.013473560102283955
2996,437923,30,7843,0.013472369872033596,0.013472369872033596
2997,455702,31,11286,0.013472218066453934,0.013472218066453934
2998,427215,29,11471,0.013471197336912155,0.013471197336912155
2999,453960,31,9544,0.013469403609633446,0.013469403609633446
3000,443092,30,13012,0.013469093479216099,0.013469093479216099
3001,452381,31,7965,0.013466162607073784,0.013466162607073784
3002,448742,31,4326,0.01345761213451624,0.01345761213451624
3003,330699,23,971,0.013456064276397228,0.013456064276397228
3004,456742,31,12326,0.013455964624881744,0.013455964624881744
3005,441883,30,11803,0.013454695232212543,0.013454695232212543
3006,452015,31,7599,0.013453477062284946,0.013453477062284946
3007,395282,27,8210,0.013453297317028046,0.013453297317028046
3008,446083,31,1667,0.01345316506922245,0.01345316506922245
3009,458235,31,13819,0.013449077494442463,0.013449077494442463
3010,414596,28,13188,0.013447423465549946,0.013447423465549946
3011,451191,31,6775,0.013446761295199394,0.013446761295199394
3012,429723,29,13979,0.013446029275655746,0.013446029275655746
3013,444356,30,14276,0.013442068360745907,0.013442068360745907
3014,455449,31,11033,0.013440674170851707,0.013440674170851707
3015,396903,27,9831,0.013439777307212353,0.013439777307212353
3016,453967,31,9551,0.013439471833407879,0.013439471833407879
3017,456297,31,11881,0.013438430614769459,0.013438430614769459
3018,449922,31,5506,0.013438367284834385,0.013438367284834385
3019,456505,31,12089,0.013435123488307,0.013435123488307
3020,444945,31,529,0.013432399369776249,0.013432399369776249
3021,426749,29,11005,0.013429041020572186,0.013429041020572186
3022,435370,30,5290,0.01342162024229765,0.01342162024229765
3023,453630,31,9214,0.013421470299363136,0.013421470299363136
3024,448388,31,3972,0.013420122675597668,0.013420122675597668
3025,448365,31,3949,0.013419521041214466,0.013419521041214466
3026,266042,18,7994,0.013408229686319828,0.013408229686319828
3027,418915,29,3171,0.013405662961304188,0.013405662961304188
3028,452416,31,8000,0.013403493911027908,0.013403493911027908
3029,424526,29,8782,0.013399209827184677,0.013399209827184677
3030,445535,31,1119,0.013396927155554295,0.013396927155554295
3031,445144,31,728,0.013395929709076881,0.013395929709076881
3032,453166,31,8750,0.013394326902925968,0.013394326902925968
3033,451532,31,7116,0.013389267958700657,0.013389267958700657
3034,425419,29,9675,0.013387120328843594,0.013387120328843594
3035,449877,31,5461,0.013385267928242683,0.013385267928242683
3036,454030,31,9614,0.013382499106228352,0.013382499106228352
3037,436659,30,6579,0.013378890231251717,0.013378890231251717
3038,454660,31,10244,0.013377409428358078,0.013377409428358078
3039,416322,29,578,0.013375847600400448,0.013375847600400448
3040,444840,31,424,0.013374495320022106,0.013374495320022106
3041,454693,31,10277,0.013373623602092266,0.013373623602092266
3042,448203,31,3787,0.01337351929396391,0.01337351929396391
3043,447317,31,2901,0.013370202854275703,0.013370202854275703
3044,450595,31,6179,0.013369699940085411,0.013369699940085411
3045,456998,31,12582,0.013368116691708565,0.013368116691708565
3046,343563,23,13835,0.01336710900068283,0.01336710900068283
3047,425592,29,9848,0.013361413963139057,0.013361413963139057
3048,447640,31,3224,0.013360979966819286,0.013360979966819286
3049,406795,28,5387,0.013358687050640583,0.013358687050640583
3050,440933,30,10853,0.01335645280778408,0.01335645280778408
3051,423271,29,7527,0.013352101668715477,0.013352101668715477
3052,455007,31,10591,0.013352050445973873,0.013352050445973873
3053,457059,31,12643,0.013348735868930817,0.013348735868930817
3054,447061,31,2645,0.013347698375582695,0.013347698375582695
3055,442996,30,12916,0.013345219194889069,0.013345219194889069
3056,456108,31,11692,0.013345036655664444,0.013345036655664444
3057,449078,31,4662,0.013343819417059422,0.013343819417059422
3058,430979,30,899,0.013339947909116745,0.013339947909116745
3059,445911,31,1495,0.01333679724484682,0.01333679724484682
3060,426154,29,10410,0.013330822810530663,0.013330822810530663
3061,444663,31,247,0.01332902628928423,0.01332902628928423
3062,448058,31,3642,0.0133274607360363,0.0133274607360363
3063,457227,31,12811,0.013324923813343048,0.013324923813343048
3064,436858,30,6778,0.013321664184331894,0.013321664184331894
3065,431009,30,929,0.01331940945237875,0.01331940945237875
3066,446012,31,1596,0.013319218531250954,0.013319218531250954
3067,441991,30,11911,0.01331864483654499,0.01331864483654499
3068,455762,31,11346,0.0133174704387784,0.0133174704387784
3069,447351,31,2935,0.013310275971889496,0.013310275971889496
3070,446445,31,2029,0.013302925042808056,0.013302925042808056
3071,446747,31,2331,0.013301980681717396,0.013301980681717396
3072,435460,30,5380,0.013301164843142033,0.013301164843142033
3073,451936,31,7520,0.013301071710884571,0.013301071710884571
3074,384790,26,12054,0.013300335966050625,0.013300335966050625
3075,446633,31,2217,0.013299788348376751,0.013299788348376751
3076,436011,30,5931,0.01329821813851595,0.01329821813851595
3077,456301,31,11885,0.013295698910951614,0.013295698910951614
3078,457601,31,13185,0.013293541967868805,0.013293541967868805
3079,437357,30,7277,0.013292316347360611,0.013292316347360611
3080,451114,31,6698,0.013291480951011181,0.013291480951011181
3081,447308,31,2892,0.013289929367601871,0.013289929367601871
3082,455896,31,11480,0.013289101421833038,0.013289101421833038
3083,420057,29,4313,0.013281737454235554,0.013281737454235554
3084,447511,31,3095,0.013275112956762314,0.013275112956762314
3085,440402,30,10322,0.013270214200019836,0.013270214200019836
3086,365249,25,6849,0.01326909102499485,0.01326909102499485
3087,451938,31,7522,0.013268922455608845,0.013268922455608845
3088,455275,31,10859,0.013267265632748604,0.013267265632748604
3089,376201,26,3465,0.013264736160635948,0.013264736160635948
3090,411779,28,10371,0.013262745924293995,0.013262745924293995
3091,390290,27,3218,0.013260330073535442,0.013260330073535442
3092,413625,28,12217,0.013256093487143517,0.013256093487143517
3093,389927,27,2855,0.013255203142762184,0.013255203142762184
3094,425382,29,9638,0.01325441524386406,0.01325441524386406
3095,448448,31,4032,0.013249370269477367,0.013249370269477367
3096,409245,28,7837,0.013247557915747166,0.013247557915747166
3097,432106,30,2026,0.013245983980596066,0.013245983980596066
3098,451368,31,6952,0.013245241716504097,0.013245241716504097
3099,426406,29,10662,0.013245110400021076,0.013245110400021076
3100,452885,31,8469,0.013244367204606533,0.013244367204606533
3101,452390,31,7974,0.013240261003375053,0.013240261003375053
3102,437531,30,7451,0.013239518739283085,0.013239518739283085
3103,437050,30,6970,0.01323452964425087,0.01323452964425087
3104,453508,31,9092,0.013232182711362839,0.013232182711362839
3105,455011,31,10595,0.013231099583208561,0.013231099583208561
3106,451731,31,7315,0.013230184093117714,0.013230184093117714
3107,434494,30,4414,0.013229092583060265,0.013229092583060265
3108,444446,31,30,0.013224689289927483,0.013224689289927483
3109,452832,31,8416,0.013224323280155659,0.013224323280155659
3110,440142,30,10062,0.013214797712862492,0.013214797712862492
3111,452510,31,8094,0.013214233331382275,0.013214233331382275
3112,451081,31,6665,0.013212787918746471,0.013212787918746471
3113,436300,30,6220,0.013212645426392555,0.013212645426392555
3114,436911,30,6831,0.01321220863610506,0.01321220863610506
3115,446921,31,2505,0.013211531564593315,0.013211531564593315
3116,455000,31,10584,0.01320831198245287,0.01320831198245287
3117,399063,27,11991,0.01320541650056839,0.01320541650056839
3118,141336,9,12312,0.013205247931182384,0.013205247931182384
3119,444480,31,64,0.013200422748923302,0.013200422748923302
3120,431892,30,1812,0.013199827633798122,0.013199827633798122
3121,429408,29,13664,0.013198494911193848,0.013198494911193848
3122,458057,31,13641,0.013198030181229115,0.013198030181229115
3123,454200,31,9784,0.013197694905102253,0.013197694905102253
3124,453762,31,9346,0.013196676969528198,0.013196676969528198
3125,372028,25,13628,0.013196518644690514,0.013196518644690514
3126,423843,29,8099,0.013192477636039257,0.013192477636039257
3127,422732,29,6988,0.013189219869673252,0.013189219869673252
3128,389215,27,2143,0.013188944198191166,0.013188944198191166
3129,421149,29,5405,0.013187631033360958,0.013187631033360958
3130,458251,31,13835,0.013186653144657612,0.013186653144657612
3131,380602,26,7866,0.013186424970626831,0.013186424970626831
3132,445845,31,1429,0.013182515278458595,0.013182515278458595
3133,412155,28,10747,0.013179771602153778,0.013179771602153778
3134,457808,31,13392,0.013178505934774876,0.013178505934774876
3135,405790,28,4382,0.01317823026329279,0.01317823026329279
3136,450926,31,6510,0.013174595311284065,0.013174595311284065
3137,347797,24,3733,0.013174543157219887,0.013174543157219887
3138,450040,31,5624,0.013173623010516167,0.013173623010516167
3139,452207,31,7791,0.013173198327422142,0.013173198327422142
3140,446822,31,2406,0.013172892853617668,0.013172892853617668
3141,447654,31,3238,0.013171659782528877,0.013171659782528877
3142,454053,31,9637,0.013169152662158012,0.013169152662158012
3143,417447,29,1703,0.013168888166546822,0.013168888166546822
3144,438812,30,8732,0.01316771749407053,0.01316771749407053
3145,444997,31,581,0.013166405260562897,0.013166405260562897
3146,437314,30,7234,0.013165892101824284,0.013165892101824284
3147,452817,31,8401,0.01316414587199688,0.01316414587199688
3148,438916,30,8836,0.013162508606910706,0.013162508606910706
3149,270845,18,12797,0.013161932118237019,0.013161932118237019
3150,455823,31,11407,0.01316069532185793,0.01316069532185793
3151,442855,30,12775,0.01315903477370739,0.01315903477370739
3152,454941,31,10525,0.013158402405679226,0.013158402405679226
3153,436690,30,6610,0.013157411478459835,0.013157411478459835
3154,412163,28,10755,0.013155533000826836,0.013155533000826836
3155,454852,31,10436,0.013148193247616291,0.013148193247616291
3156,450218,31,5802,0.013147924095392227,0.013147924095392227
3157,447450,31,3034,0.01313973031938076,0.01313973031938076
3158,446359,31,1943,0.013138655573129654,0.013138655573129654
3159,436382,30,6302,0.013135400600731373,0.013135400600731373
3160,451710,31,7294,0.013131671585142612,0.013131671585142612
3161,453473,31,9057,0.013128391467034817,0.013128391467034817
3162,457503,31,13087,0.013128005899488926,0.013128005899488926
3163,452292,31,7876,0.013123143464326859,0.013123143464326859
3164,439778,30,9698,0.013122967444360256,0.013122967444360256
3165,455658,31,11242,0.013122894801199436,0.013122894801199436
3166,457942,31,13526,0.013120966963469982,0.013120966963469982
3167,437807,30,7727,0.013118283823132515,0.013118283823132515
3168,441349,30,11269,0.013114308938384056,0.013114308938384056
3169,445449,31,1033,0.013110997155308723,0.013110997155308723
3170,456569,31,12153,0.013110009022057056,0.013110009022057056
3171,453069,31,8653,0.013108944520354271,0.013108944520354271
3172,456663,31,12247,0.013106482103466988,0.013106482103466988
3173,426581,29,10837,0.013105052523314953,0.013105052523314953
3174,447122,31,2706,0.01310376264154911,0.01310376264154911
3175,369646,25,11246,0.013098067604005337,0.013098067604005337
3176,447730,31,3314,0.013094274327158928,0.013094274327158928
3177,436263,30,6183,0.013094003312289715,0.013094003312289715
3178,455094,31,10678,0.01309310644865036,0.01309310644865036
3179,448424,31,4008,0.01309103425592184,0.01309103425592184
3180,451137,31,6721,0.013085258193314075,0.013085258193314075
3181,418054,29,2310,0.013084468431770802,0.013084468431770802
3182,445490,31,1074,0.013082629069685936,0.013082629069685936
3183,454169,31,9753,0.013081816956400871,0.013081816956400871
3184,457865,31,13449,0.0130808986723423,0.0130808986723423
3185,425252,29,9508,0.013080536387860775,0.013080536387860775
3186,431505,30,1425,0.013078012503683567,0.013078012503683567
3187,351304,24,7240,0.013075776398181915,0.013075776398181915
3188,449747,31,5331,0.013073405250906944,0.013073405250906944
3189,456760,31,12344,0.013072497211396694,0.013072497211396694
3190,455781,31,11365,0.013065378181636333,0.013065378181636333
3191,428780,29,13036,0.013064478524029255,0.013064478524029255
3192,457294,31,12878,0.013058963231742382,0.013058963231742382
3193,446647,31,2231,0.013056945987045765,0.013056945987045765
3194,453057,31,8641,0.013055684044957161,0.013055684044957161
3195,452149,31,7733,0.01305512897670269,0.01305512897670269
3196,218490,15,3450,0.013055053539574146,0.013055053539574146
3197,454013,31,9597,0.013054156675934792,0.013054156675934792
3198,432386,30,2306,0.013053195551037788,0.013053195551037788
3199,450397,31,5981,0.013052902184426785,0.013052902184426785
3200,444688,31,272,0.01305190660059452,0.01305190660059452
3201,438999,30,8919,0.013046524487435818,0.013046524487435818
3202,456114,31,11698,0.01304421667009592,0.01304421667009592
3203,446203,31,1787,0.01304415799677372,0.01304415799677372
3204,453207,31,8791,0.013042553327977657,0.013042553327977657
3205,444601,31,185,0.013042143546044827,0.013042143546044827
3206,449308,31,4892,0.013041678816080093,0.013041678816080093
3207,226141,15,11101,0.013041206635534763,0.013041206635534763
3208,430690,30,610,0.013041168451309204,0.013041168451309204
3209,450501,31,6085,0.013039765879511833,0.013039765879511833
3210,395621,27,8549,0.013034950010478497,0.013034950010478497
3211,431066,30,986,0.013033316470682621,0.013033316470682621
3212,431938,30,1858,0.01303299330174923,0.01303299330174923
3213,453235,31,8819,0.013030326925218105,0.013030326925218105
3214,450425,31,6009,0.013028495945036411,0.013028495945036411
3215,448908,31,4492,0.013027787208557129,0.013027787208557129
3216,455767,31,11351,0.013026724569499493,0.013026724569499493
3217,406875,28,5467,0.013024725951254368,0.013024725951254368
3218,448103,31,3687,0.01301766186952591,0.01301766186952591
3219,456454,31,12038,0.013014830648899078,0.013014830648899078
3220,457635,31,13219,0.01301087997853756,0.01301087997853756
3221,440241,30,10161,0.013010364025831223,0.013010364025831223
3222,441799,30,11719,0.013009182177484035,0.013009182177484035
3223,437984,30,7904,0.013008475303649902,0.013008475303649902
3224,452784,31,8368,0.013007189147174358,0.013007189147174358
3225,453910,31,9494,0.013005639426410198,0.013005639426410198
3226,437775,30,7695,0.013003787957131863,0.013003787957131863
3227,453570,31,9154,0.013002792373299599,0.013002792373299599
3228,418733,29,2989,0.012996489182114601,0.012996489182114601
3229,456266,31,11850,0.012996231205761433,0.012996231205761433
3230,434909,30,4829,0.012993711978197098,0.012993711978197098
3231,420011,29,4267,0.012992202304303646,0.012992202304303646
3232,438732,30,8652,0.012990517541766167,0.012990517541766167
3233,450893,31,6477,0.012989819049835205,0.012989819049835205
3234,433632,30,3552,0.012989409267902374,0.012989409267902374
3235,432883,30,2803,0.012986104935407639,0.012986104935407639
3236,442105,30,12025,0.012978163547813892,0.012978163547813892
3237,218620,15,3580,0.01297362707555294,0.01297362707555294
3238,443109,30,13029,0.012973614037036896,0.012973614037036896
3239,410566,28,9158,0.012973387725651264,0.012973387725651264
3240,451539,31,7123,0.01297273114323616,0.01297273114323616
3241,449823,31,5407,0.012970201671123505,0.012970201671123505
3242,351042,24,6978,0.012967084534466267,0.012967084534466267
3243,438205,30,8125,0.01296511571854353,0.01296511571854353
3244,432081,30,2001,0.012963016517460346,0.012963016517460346
3245,434527,30,4447,0.012959431856870651,0.012959431856870651
3246,456144,31,11728,0.012958941049873829,0.012958941049873829
3247,449559,31,5143,0.012957321479916573,0.012957321479916573
3248,438401,30,8321,0.012956813909113407,0.012956813909113407
3249,446543,31,2127,0.012956267222762108,0.012956267222762108
3250,457572,31,13156,0.012955850921571255,0.012955850921571255
3251,458531,31,14115,0.012951659969985485,0.012951659969985485
3252,447987,31,3571,0.012949028052389622,0.012949028052389622
3253,456756,31,12340,0.012944604270160198,0.012944604270160198
3254,433533,30,3453,0.012942416593432426,0.012942416593432426
3255,445183,31,767,0.012935476377606392,0.012935476377606392
3256,455083,31,10667,0.012934420257806778,0.012934420257806778
3257,451701,31,7285,0.012933359481394291,0.012933359481394291
3258,454146,31,9730,0.012931488454341888,0.012931488454341888
3259,451052,31,6636,0.012931076809763908,0.012931076809763908
3260,430259,30,179,0.012930545024573803,0.012930545024573803
3261,453964,31,9548,0.012928366661071777,0.012928366661071777
3262,449221,31,4805,0.01292480994015932,0.01292480994015932
3263,448936,31,4520,0.012919969856739044,0.012919969856739044
3264,431453,30,1373,0.012917894870042801,0.012917894870042801
3265,446046,31,1630,0.012917844578623772,0.012917844578623772
3266,443359,30,13279,0.012917273677885532,0.012917273677885532
3267,427785,29,12041,0.012917081825435162,0.012917081825435162
3268,432533,30,2453,0.012916354462504387,0.012916354462504387
3269,455590,31,11174,0.012911238707602024,0.012911238707602024
3270,458479,31,14063,0.012908508069813251,0.012908508069813251
3271,453403,31,8987,0.012905602343380451,0.012905602343380451
3272,450350,31,5934,0.012898408807814121,0.012898408807814121
3273,451978,31,7562,0.012897458858788013,0.012897458858788013
3274,443727,30,13647,0.01289666909724474,0.01289666909724474
3275,439440,30,9360,0.012894130311906338,0.012894130311906338
3276,444337,30,14257,0.012891734018921852,0.012891734018921852
3277,441424,30,11344,0.012891505844891071,0.012891505844891071
3278,445281,31,865,0.012887815944850445,0.012887815944850445
3279,446727,31,2311,0.012887440621852875,0.012887440621852875
3280,457068,31,12652,0.012886925600469112,0.012886925600469112
3281,447537,31,3121,0.012885411269962788,0.012885411269962788
3282,438864,30,8784,0.01288389042019844,0.01288389042019844
3283,429818,29,14074,0.012882569804787636,0.012882569804787636
3284,430438,30,358,0.012881524860858917,0.012881524860858917
3285,292343,20,5623,0.012881509028375149,0.012881509028375149
3286,455353,31,10937,0.012879007495939732,0.012879007495939732
3287,454629,31,10213,0.01287867035716772,0.01287867035716772
3288,404151,28,2743,0.012878657318651676,0.012878657318651676
3289,455763,31,11347,0.012878290377557278,0.012878290377557278
3290,457201,31,12785,0.012875412590801716,0.012875412590801716
3291,446975,31,2559,0.012871846556663513,0.012871846556663513
3292,456080,31,11664,0.012864295393228531,0.012864295393228531
3293,421592,29,5848,0.012862082570791245,0.012862082570791245
3294,455035,31,10619,0.012861105613410473,0.012861105613410473
3295,442885,30,12805,0.012856360524892807,0.012856360524892807
3296,449233,31,4817,0.012855677865445614,0.012855677865445614
3297,447105,31,2689,0.012854088097810745,0.012854088097810745
3298,451110,31,6694,0.01284994650632143,0.01284994650632143
3299,398611,27,11539,0.012846960686147213,0.012846960686147213
3300,443741,30,13661,0.012846817262470722,0.012846817262470722
3301,434211,30,4131,0.012844913639128208,0.012844913639128208
3302,421473,29,5729,0.012843221426010132,0.012843221426010132
3303,406323,28,4915,0.012843110598623753,0.012843110598623753
3304,431566,30,1486,0.012835578992962837,0.012835578992962837
3305,390303,27,3231,0.012831472791731358,0.012831472791731358
3306,444345,30,14265,0.012830670922994614,0.012830670922994614
3307,452715,31,8299,0.012828445993363857,0.012828445993363857
3308,457411,31,12995,0.012824065051972866,0.012824065051972866
3309,445517,31,1101,0.012822908349335194,0.012822908349335194
3310,439480,30,9400,0.012821291573345661,0.012821291573345661
3311,439575,30,9495,0.012815269641578197,0.012815269641578197
3312,443413,30,13333,0.012811851687729359,0.012811851687729359
3313,425716,29,9972,0.01280800998210907,0.01280800998210907
3314,431637,30,1557,0.012806870974600315,0.012806870974600315
3315,458044,31,13628,0.012806019745767117,0.012806019745767117
3316,348965,24,4901,0.012802335433661938,0.012802335433661938
3317,456104,31,11688,0.01280222088098526,0.01280222088098526
3318,450783,31,6367,0.012800335884094238,0.012800335884094238
3319,446402,31,1986,0.01279930118471384,0.01279930118471384
3320,390459,27,3387,0.012798894196748734,0.012798894196748734
3321,426227,29,10483,0.012798439711332321,0.012798439711332321
3322,454584,31,10168,0.012795577757060528,0.012795577757060528
3323,312244,21,11188,0.01279416959732771,0.01279416959732771
3324,439495,30,9415,0.012792475521564484,0.012792475521564484
3325,458719,31,14303,0.012791808694601059,0.012791808694601059
3326,433785,30,3705,0.012791255488991737,0.012791255488991737
3327,418652,29,2908,0.012790233828127384,0.012790233828127384
3328,453775,31,9359,0.012788413092494011,0.012788413092494011
3329,456375,31,11959,0.012787519954144955,0.012787519954144955
3330,447681,31,3265,0.012787108309566975,0.012787108309566975
3331,448687,31,4271,0.012782089412212372,0.012782089412212372
3332,415913,29,169,0.012778530828654766,0.012778530828654766
3333,454865,31,10449,0.012771395966410637,0.012771395966410637
3334,448552,31,4136,0.012766075320541859,0.012766075320541859
3335,385471,26,12735,0.012765518389642239,0.012765518389642239
3336,453444,31,9028,0.012760506011545658,0.012760506011545658
3337,419198,29,3454,0.012758742086589336,0.012758742086589336
3338,457821,31,13405,0.012756134383380413,0.012756134383380413
3339,144444,10,1084,0.012753527611494064,0.012753527611494064
3340,441077,30,10997,0.012753321789205074,0.012753321789205074
3341,457389,31,12973,0.012744521722197533,0.012744521722197533
3342,448031,31,3615,0.012742926366627216,0.012742926366627216
3343,432711,30,2631,0.012742212042212486,0.012742212042212486
3344,458084,31,13668,0.012742172926664352,0.012742172926664352
3345,456147,31,11731,0.012739291414618492,0.012739291414618492
3346,457375,31,12959,0.012737754732370377,0.012737754732370377
3347,454586,31,10170,0.012737630866467953,0.012737630866467953
3348,442222,30,12142,0.012732785195112228,0.012732785195112228
3349,453692,31,9276,0.012731349095702171,0.012731349095702171
3350,420948,29,5204,0.012730169110000134,0.012730169110000134
3351,449504,31,5088,0.012730013579130173,0.012730013579130173
3352,443494,30,13414,0.012728439643979073,0.012728439643979073
3353,388943,27,1871,0.012725278735160828,0.012725278735160828
3354,448194,31,3778,0.012718955054879189,0.012718955054879189
3355,449419,31,5003,0.012717376463115215,0.012717376463115215
3356,437478,30,7398,0.012715063989162445,0.012715063989162445
3357,421455,29,5711,0.012713490054011345,0.012713490054011345
3358,457330,31,12914,0.012710059992969036,0.012710059992969036
3359,448036,31,3620,0.012708833441138268,0.012708833441138268
3360,447307,31,2891,0.012708408758044243,0.012708408758044243
3361,450665,31,6249,0.012708233669400215,0.012708233669400215
3362,430762,30,682,0.012707880698144436,0.012707880698144436
3363,429554,29,13810,0.012706108391284943,0.012706108391284943
3364,444464,31,48,0.012702479027211666,0.012702479027211666
3365,337540,23,7812,0.01269674301147461,0.01269674301147461
3366,370048,25,11648,0.012696088291704655,0.012696088291704655
3367,445373,31,957,0.012691421434283257,0.012691421434283257
3368,454924,31,10508,0.01268917415291071,0.01268917415291071
3369,444071,30,13991,0.012688416987657547,0.012688416987657547
3370,423314,29,7570,0.01268483605235815,0.01268483605235815
3371,452141,31,7725,0.012679502367973328,0.012679502367973328
3372,435865,30,5785,0.012676422484219074,0.012676422484219074
3373,456566,31,12150,0.012673276476562023,0.012673276476562023
3374,444524,31,108,0.012667577713727951,0.012667577713727951
3375,457735,31,13319,0.012664658948779106,0.012664658948779106
3376,452467,31,8051,0.012663018889725208,0.012663018889725208
3377,423409,29,7665,0.012662015855312347,0.012662015855312347
3378,452608,31,8192,0.012657169252634048,0.012657169252634048
3379,454165,31,9749,0.012656950391829014,0.012656950391829014
3380,399678,27,12606,0.01265689916908741,0.01265689916908741
3381,450496,31,6080,0.012656129896640778,0.012656129896640778
3382,453346,31,8930,0.012654896825551987,0.012654896825551987
3383,449109,31,4693,0.012650287710130215,0.012650287710130215
3384,445899,31,1483,0.01265009306371212,0.01265009306371212
3385,456943,31,12527,0.012649890966713428,0.012649890966713428
3386,445423,31,1007,0.012647327035665512,0.012647327035665512
3387,420794,29,5050,0.012642491608858109,0.012642491608858109
3388,447975,31,3559,0.01264126691967249,0.01264126691967249
3389,449910,31,5494,0.012641191482543945,0.012641191482543945
3390,446612,31,2196,0.012639777734875679,0.012639777734875679
3391,444838,31,422,0.012638593092560768,0.012638593092560768
3392,446227,31,1811,0.012636629864573479,0.012636629864573479
3393,457195,31,12779,0.012635868974030018,0.012635868974030018
3394,458524,31,14108,0.012634643353521824,0.012634643353521824
3395,431912,30,1832,0.01263388991355896,0.01263388991355896
3396,442382,30,12302,0.01263383124023676,0.01263383124023676
3397,451853,31,7437,0.012632590718567371,0.012632590718567371
3398,382426,26,9690,0.012631637044250965,0.012631637044250965
3399,430331,30,251,0.012631604447960854,0.012631604447960854
3400,383414,26,10678,0.012628288939595222,0.012628288939595222
3401,446991,31,2575,0.012626774609088898,0.012626774609088898
3402,415366,28,13958,0.012626712210476398,0.012626712210476398
3403,452588,31,8172,0.012626636773347855,0.012626636773347855
3404,445056,31,640,0.012625630013644695,0.012625630013644695
3405,419596,29,3852,0.012623338028788567,0.012623338028788567
3406,448065,31,3649,0.012617342174053192,0.012617342174053192
3407,448477,31,4061,0.012615224346518517,0.012615224346518517
3408,427563,29,11819,0.012612744234502316,0.012612744234502316
3409,435167,30,5087,0.012611129321157932,0.012611129321157932
3410,449441,31,5025,0.012607520446181297,0.012607520446181297
3411,448476,31,4060,0.012605494819581509,0.012605494819581509
3412,423351,29,7607,0.012605330906808376,0.012605330906808376
3413,420399,29,4655,0.012601799331605434,0.012601799331605434
3414,328380,22,12988,0.012601296417415142,0.012601296417415142
3415,445026,31,610,0.01259740348905325,0.01259740348905325
3416,452607,31,8191,0.01259608380496502,0.01259608380496502
3417,392765,27,5693,0.012593590654432774,0.012593590654432774
3418,447428,31,3012,0.01259346678853035,0.01259346678853035
3419,448199,31,3783,0.012592353858053684,0.012592353858053684
3420,390182,27,3110,0.012589232064783573,0.012589232064783573
3421,393298,27,6226,0.012588678859174252,0.012588678859174252
3422,427399,29,11655,0.012588382698595524,0.012588382698595524
3423,440728,30,10648,0.012588177807629108,0.012588177807629108
3424,452619,31,8203,0.01258493959903717,0.01258493959903717
3425,444579,31,163,0.012581806629896164,0.012581806629896164
3426,455263,31,10847,0.01258175540715456,0.01258175540715456
3427,453114,31,8698,0.012580996379256248,0.012580996379256248
3428,422243,29,6499,0.01257810927927494,0.01257810927927494
3429,434515,30,4435,0.012573502957820892,0.012573502957820892
3430,402263,28,855,0.012572528794407845,0.012572528794407845
3431,446251,31,1835,0.012572482228279114,0.012572482228279114
3432,456325,31,11909,0.012571602128446102,0.012571602128446102
3433,431701,30,1621,0.012571167200803757,0.012571167200803757
3434,445004,31,588,0.012567315250635147,0.012567315250635147
3435,379303,26,6567,0.012566744349896908,0.012566744349896908
3436,433788,30,3708,0.012566440738737583,0.012566440738737583
3437,441443,30,11363,0.01256641373038292,0.01256641373038292
3438,447851,31,3435,0.01256448682397604,0.01256448682397604
3439,413204,28,11796,0.012562832795083523,0.012562832795083523
3440,449785,31,5369,0.012560728937387466,0.012560728937387466
3441,442129,30,12049,0.012559005059301853,0.012559005059301853
3442,435501,30,5421,0.012554170563817024,0.012554170563817024
3443,445508,31,1092,0.012551340274512768,0.012551340274512768
3444,453194,31,8778,0.012550580315291882,0.012550580315291882
3445,426940,29,11196,0.012549993582069874,0.012549993582069874
3446,453920,31,9504,0.012549876235425472,0.012549876235425472
3447,445076,31,660,0.01254697423428297,0.01254697423428297
3448,458437,31,14021,0.012546330690383911,0.012546330690383911
3449,378541,26,5805,0.012545657344162464,0.012545657344162464
3450,444752,31,336,0.012543443590402603,0.012543443590402603
3451,425306,29,9562,0.012542990036308765,0.012542990036308765
3452,454345,31,9929,0.01254285965114832,0.01254285965114832
3453,445721,31,1305,0.01254268828779459,0.01254268828779459
3454,447773,31,3357,0.012541461735963821,0.012541461735963821
3455,451776,31,7360,0.012536549009382725,0.012536549009382725
3456,429761,29,14017,0.012534634210169315,0.012534634210169315
3457,453481,31,9065,0.012527651153504848,0.012527651153504848
3458,446552,31,2136,0.012527459301054478,0.012527459301054478
3459,420818,29,5074,0.012522612698376179,0.012522612698376179
3460,422076,29,6332,0.012517218478024006,0.012517218478024006
3461,454882,31,10466,0.012516002170741558,0.012516002170741558
3462,456514,31,12098,0.012514747679233551,0.012514747679233551
3463,441954,30,11874,0.012514308094978333,0.012514308094978333
3464,444317,30,14237,0.012511882930994034,0.012511882930994034
3465,425534,29,9790,0.012511572800576687,0.012511572800576687
3466,449444,31,5028,0.012510339729487896,0.012510339729487896
3467,456402,31,11986,0.012509743683040142,0.012509743683040142
3468,455825,31,11409,0.01250407099723816,0.01250407099723816
3469,451700,31,7284,0.012502191588282585,0.012502191588282585
3470,440132,30,10052,0.012501954101026058,0.012501954101026058
3471,445486,31,1070,0.012500191107392311,0.012500191107392311
3472,453462,31,9046,0.012499948963522911,0.012499948963522911
3473,420587,29,4843,0.01249615103006363,0.01249615103006363
3474,430647,30,567,0.012494407594203949,0.012494407594203949
3475,446017,31,1601,0.012494112364947796,0.012494112364947796
3476,449968,31,5552,0.012493006885051727,0.012493006885051727
3477,452451,31,8035,0.012492422014474869,0.012492422014474869
3478,362754,25,4354,0.01249130442738533,0.01249130442738533
3479,453824,31,9408,0.012490141205489635,0.012490141205489635
3480,445929,31,1513,0.01248878426849842,0.01248878426849842
3481,452024,31,7608,0.012484816834330559,0.012484816834330559
3482,443626,30,13546,0.01248360238969326,0.01248360238969326
3483,309412,21,8356,0.012482856400310993,0.012482856400310993
3484,452606,31,8190,0.012478458695113659,0.012478458695113659
3485,451975,31,7559,0.01247482094913721,0.01247482094913721
3486,422887,29,7143,0.012473475188016891,0.012473475188016891
3487,452411,31,7995,0.012472350150346756,0.012472350150346756
3488,449955,31,5539,0.01246995385736227,0.01246995385736227
3489,443761,30,13681,0.012469439767301083,0.012469439767301083
3490,454291,31,9875,0.012468657456338406,0.012468657456338406
3491,322791,22,7399,0.01246836967766285,0.01246836967766285
3492,431201,30,1121,0.012467177584767342,0.012467177584767342
3493,447931,31,3515,0.012466284446418285,0.012466284446418285
3494,267069,18,9021,0.012465319596230984,0.012465319596230984
3495,440556,30,10476,0.01246473379433155,0.01246473379433155
3496,444538,31,122,0.012463091872632504,0.012463091872632504
3497,449069,31,4653,0.012461282312870026,0.012461282312870026
3498,436322,30,6242,0.01245675329118967,0.01245675329118967
3499,375512,26,2776,0.012452881783246994,0.012452881783246994
3500,446901,31,2485,0.012450089678168297,0.012450089678168297
3501,428317,29,12573,0.012448305264115334,0.012448305264115334
3502,439891,30,9811,0.012446140870451927,0.012446140870451927
3503,457133,31,12717,0.012445898726582527,0.012445898726582527
3504,415516,28,14108,0.012442292645573616,0.012442292645573616
3505,403353,28,1945,0.012440825812518597,0.012440825812518597
3506,446365,31,1949,0.01243590097874403,0.01243590097874403
3507,399864,27,12792,0.01243071909993887,0.01243071909993887
3508,369713,25,11313,0.01242978498339653,0.01242978498339653
3509,364221,25,5821,0.012429294176399708,0.012429294176399708
3510,453315,31,8899,0.012425589375197887,0.012425589375197887
3511,419693,29,3949,0.012425011955201626,0.012425011955201626
3512,418333,29,2589,0.01242409460246563,0.01242409460246563
3513,457825,31,13409,0.012423805892467499,0.012423805892467499
3514,294803,20,8083,0.012423746287822723,0.012423746287822723
3515,444236,30,14156,0.012423264794051647,0.012423264794051647
3516,446669,31,2253,0.012422410771250725,0.012422410771250725
3517,405968,28,4560,0.012420904822647572,0.012420904822647572
3518,458745,31,14329,0.01242038793861866,0.01242038793861866
3519,406606,28,5198,0.012419229373335838,0.012419229373335838
3520,448292,31,3876,0.012417945079505444,0.012417945079505444
3521,436000,30,5920,0.012414799071848392,0.012414799071848392
3522,418940,29,3196,0.012410443276166916,0.012410443276166916
3523,423669,29,7925,0.012402038089931011,0.012402038089931011
3524,389237,27,2165,0.012401258572936058,0.012401258572936058
3525,454047,31,9631,0.01240096427500248,0.01240096427500248
3526,434001,30,3921,0.012399429455399513,0.012399429455399513
3527,444716,31,300,0.012398161925375462,0.012398161925375462
3528,424965,29,9221,0.012397506274282932,0.012397506274282932
3529,231775,16,2399,0.012396782636642456,0.012396782636642456
3530,452078,31,7662,0.012396740727126598,0.012396740727126598
3531,416155,29,411,0.012395244091749191,0.012395244091749191
3532,424151,29,8407,0.012390603311359882,0.012390603311359882
3533,427095,29,11351,0.012389492243528366,0.012389492243528366
3534,450070,31,5654,0.012387773022055626,0.012387773022055626
3535,430209,30,129,0.012386459857225418,0.012386459857225418
3536,455634,31,11218,0.012386196292936802,0.012386196292936802
3537,457633,31,13217,0.012386180460453033,0.012386180460453033
3538,458709,31,14293,0.012384893372654915,0.012384893372654915
3539,449513,31,5097,0.012384888716042042,0.012384888716042042
3540,444769,31,353,0.012384376488626003,0.012384376488626003
3541,403644,28,2236,0.012379467487335205,0.012379467487335205
3542,445950,31,1534,0.012378068640828133,0.012378068640828133
3543,451491,31,7075,0.012376000173389912,0.012376000173389912
3544,403868,28,2460,0.01237254124134779,0.01237254124134779
3545,457539,31,13123,0.01237132865935564,0.01237132865935564
3546,424238,29,8494,0.012370755895972252,0.012370755895972252
3547,426495,29,10751,0.012369966134428978,0.012369966134428978
3548,453715,31,9299,0.012369683012366295,0.012369683012366295
3549,439922,30,9842,0.01236843504011631,0.01236843504011631
3550,432738,30,2658,0.012366351671516895,0.012366351671516895
3551,451927,31,7511,0.012366024777293205,0.012366024777293205
3552,457646,31,13230,0.01236388087272644,0.01236388087272644
3553,453097,31,8681,0.012363322079181671,0.012363322079181671
3554,404278,28,2870,0.012361089698970318,0.012361089698970318
3555,446696,31,2280,0.012360594235360622,0.012360594235360622
3556,434583,30,4503,0.012357356026768684,0.012357356026768684
3557,420392,29,4648,0.012355408631265163,0.012355408631265163
3558,440679,30,10599,0.012353542260825634,0.012353542260825634
3559,443071,30,12991,0.0123534444719553,0.0123534444719553
3560,443861,30,13781,0.012353140860795975,0.012353140860795975
3561,422649,29,6905,0.01235196739435196,0.01235196739435196
3562,433284,30,3204,0.01235136017203331,0.01235136017203331
3563,370022,25,11622,0.012350906617939472,0.012350906617939472
3564,450328,31,5912,0.012346960604190826,0.012346960604190826
3565,444803,31,387,0.012339036911725998,0.012339036911725998
3566,445618,31,1202,0.012338666245341301,0.012338666245341301
3567,448126,31,3710,0.012337391264736652,0.012337391264736652
3568,420270,29,4526,0.012334422208368778,0.012334422208368778
3569,447010,31,2594,0.01233370415866375,0.01233370415866375
3570,438073,30,7993,0.01233242079615593,0.01233242079615593
3571,439930,30,9850,0.012330100871622562,0.012330100871622562
3572,439656,30,9576,0.01233007200062275,0.01233007200062275
3573,450348,31,5932,0.012329377233982086,0.012329377233982086
3574,456741,31,12325,0.012328931130468845,0.012328931130468845
3575,441994,30,11914,0.012325469404459,0.012325469404459
3576,385872,26,13136,0.01232097577303648,0.01232097577303648
3577,455713,31,11297,0.012319044210016727,0.012319044210016727
3578,240231,16,10855,0.012317377142608166,0.012317377142608166
3579,453297,31,8881,0.01231283601373434,0.01231283601373434
3580,448841,31,4425,0.012312198989093304,0.012312198989093304
3581,454682,31,10266,0.01231070514768362,0.01231070514768362
3582,246979,17,3267,0.01230549719184637,0.01230549719184637
3583,423169,29,7425,0.012304184958338737,0.012304184958338737
3584,444765,31,349,0.012299643829464912,0.012299643829464912
3585,449267,31,4851,0.012296951375901699,0.012296951375901699
3586,453632,31,9216,0.01229567639529705,0.01229567639529705
3587,456455,31,12039,0.012293855659663677,0.012293855659663677
3588,432470,30,2390,0.012288901954889297,0.012288901954889297
3589,435894,30,5814,0.012284869328141212,0.012284869328141212
3590,458142,31,13726,0.012283936142921448,0.012283936142921448
3591,434017,30,3937,0.012283477000892162,0.012283477000892162
3592,425741,29,9997,0.012282568961381912,0.012282568961381912
3593,457267,31,12851,0.012282317504286766,0.012282317504286766
3594,425365,29,9621,0.012281416915357113,0.012281416915357113
3595,400517,27,13445,0.012280701659619808,0.012280701659619808
3596,354135,24,10071,0.012279916554689407,0.012279916554689407
3597,439109,30,9029,0.012277836911380291,0.012277836911380291
3598,455216,31,10800,0.012274342589080334,0.012274342589080334
3599,437450,30,7370,0.012274159118533134,0.012274159118533134
3600,445534,31,1118,0.012273851782083511,0.012273851782083511
3601,397564,27,10492,0.012270821258425713,0.012270821258425713
3602,413606,28,12198,0.01226522121578455,0.01226522121578455
3603,414292,28,12884,0.012264330871403217,0.012264330871403217
3604,447767,31,3351,0.012264120392501354,0.012264120392501354
3605,440421,30,10341,0.012261182069778442,0.012261182069778442
3606,398763,27,11691,0.012260041199624538,0.012260041199624538
3607,457223,31,12807,0.01225939393043518,0.01225939393043518
3608,451644,31,7228,0.012259221635758877,0.012259221635758877
3609,429889,29,14145,0.012257256545126438,0.012257256545126438
3610,401060,27,13988,0.012255331501364708,0.012255331501364708
3611,449327,31,4911,0.01225307397544384,0.01225307397544384
3612,453584,31,9168,0.012252528220415115,0.012252528220415115
3613,434844,30,4764,0.012248644605278969,0.012248644605278969
3614,454433,31,10017,0.012247685343027115,0.012247685343027115
3615,377442,26,4706,0.012244042940437794,0.012244042940437794
3616,450771,31,6355,0.012243960052728653,0.012243960052728653
3617,452502,31,8086,0.012242740951478481,0.012242740951478481
3618,408186,28,6778,0.012242180295288563,0.012242180295288563
3619,445372,31,956,0.012241282500326633,0.012241282500326633
3620,444954,31,538,0.012235179543495178,0.012235179543495178
3621,448652,31,4236,0.012234348803758621,0.012234348803758621
3622,435287,30,5207,0.012233395129442215,0.012233395129442215
3623,447698,31,3282,0.012233122251927853,0.012233122251927853
3624,457299,31,12883,0.012232612818479538,0.012232612818479538
3625,441453,30,11373,0.012231589294970036,0.012231589294970036
3626,432603,30,2523,0.012230574153363705,0.012230574153363705
3627,450042,31,5626,0.012230569496750832,0.012230569496750832
3628,430936,30,856,0.012229817919433117,0.012229817919433117
3629,441978,30,11898,0.01222786121070385,0.01222786121070385
3630,435640,30,5560,0.012227704748511314,0.012227704748511314
3631,446434,31,2018,0.012226915918290615,0.012226915918290615
3632,449619,31,5203,0.01222662627696991,0.01222662627696991
3633,445249,31,833,0.01222408190369606,0.01222408190369606
3634,442187,30,12107,0.012223981320858002,0.012223981320858002
3635,332071,23,2343,0.01222176756709814,0.01222176756709814
3636,452905,31,8489,0.01221953984349966,0.01221953984349966
3637,458537,31,14121,0.012218233197927475,0.012218233197927475
3638,453396,31,8980,0.012216541916131973,0.012216541916131973
3639,439174,30,9094,0.012215628288686275,0.012215628288686275
3640,451016,31,6600,0.01221082080155611,0.01221082080155611
3641,403119,28,1711,0.012210169807076454,0.012210169807076454
3642,444682,31,266,0.012198902666568756,0.012198902666568756
3643,455995,31,11579,0.01219762023538351,0.01219762023538351
3644,433369,30,3289,0.012195611372590065,0.012195611372590065
3645,451617,31,7201,0.012192891910672188,0.012192891910672188
3646,417365,29,1621,0.012191531248390675,0.012191531248390675
3647,449603,31,5187,0.012190044857561588,0.012190044857561588
3648,449003,31,4587,0.012188665568828583,0.012188665568828583
3649,434214,30,4134,0.012187792919576168,0.012187792919576168
3650,405691,28,4283,0.012187057174742222,0.012187057174742222
3651,415425,28,14017,0.012184523977339268,0.012184523977339268
3652,390181,27,3109,0.01218431070446968,0.01218431070446968
3653,455473,31,11057,0.01218257937580347,0.01218257937580347
3654,454806,31,10390,0.012181763537228107,0.012181763537228107
3655,437876,30,7796,0.012180360965430737,0.012180360965430737
3656,370651,25,12251,0.012179539538919926,0.012179539538919926
3657,428305,29,12561,0.012179529294371605,0.012179529294371605
3658,458065,31,13649,0.012179205194115639,0.012179205194115639
3659,363213,25,4813,0.012178042903542519,0.012178042903542519
3660,451276,31,6860,0.01217591017484665,0.01217591017484665
3661,229834,16,458,0.012174444273114204,0.012174444273114204
3662,452180,31,7764,0.012172399088740349,0.012172399088740349
3663,389352,27,2280,0.012171454727649689,0.012171454727649689
3664,452021,31,7605,0.012169863097369671,0.012169863097369671
3665,456164,31,11748,0.012169735506176949,0.012169735506176949
3666,441211,30,11131,0.012164450250566006,0.012164450250566006
3667,431208,30,1128,0.012159805744886398,0.012159805744886398
3668,416465,29,721,0.012156691402196884,0.012156691402196884
3669,439409,30,9329,0.012150497175753117,0.012150497175753117
3670,453657,31,9241,0.012150050140917301,0.012150050140917301
3671,452947,31,8531,0.01214984804391861,0.01214984804391861
3672,361241,25,2841,0.012149209156632423,0.012149209156632423
3673,432959,30,2879,0.01213882863521576,0.01213882863521576
3674,450444,31,6028,0.01213573943823576,0.01213573943823576
3675,452880,31,8464,0.012135076336562634,0.012135076336562634
3676,453448,31,9032,0.01213409099727869,0.01213409099727869
3677,431897,30,1817,0.012133324518799782,0.012133324518799782
3678,411030,28,9622,0.01213325746357441,0.01213325746357441
3679,447806,31,3390,0.012131774798035622,0.012131774798035622
3680,447018,31,2602,0.0121295852586627,0.0121295852586627
3681,456107,31,11691,0.012125806882977486,0.012125806882977486
3682,420673,29,4929,0.012124027125537395,0.012124027125537395
3683,446702,31,2286,0.012123551219701767,0.012123551219701767
3684,455897,31,11481,0.012122437357902527,0.012122437357902527
3685,443164,30,13084,0.012119746766984463,0.012119746766984463
3686,360755,25,2355,0.012119735591113567,0.012119735591113567
3687,455836,31,11420,0.012118742801249027,0.012118742801249027
3688,432029,30,1949,0.012118645943701267,0.012118645943701267
3689,434939,30,4859,0.012115756049752235,0.012115756049752235
3690,437385,30,7305,0.012111024931073189,0.012111024931073189
3691,441615,30,11535,0.012106110341846943,0.012106110341846943
3692,437540,30,7460,0.012105122208595276,0.012105122208595276
3693,357980,24,13916,0.012103253975510597,0.012103253975510597
3694,447585,31,3169,0.012102308683097363,0.012102308683097363
3695,391193,27,4121,0.012101199477910995,0.012101199477910995
3696,454436,31,10020,0.01210081111639738,0.01210081111639738
3697,456190,31,11774,0.012099595740437508,0.012099595740437508
3698,447220,31,2804,0.01209663413465023,0.01209663413465023
3699,457943,31,13527,0.012096591293811798,0.012096591293811798
3700,458300,31,13884,0.012095998041331768,0.012095998041331768
3701,450474,31,6058,0.012092731893062592,0.012092731893062592
3702,388705,27,1633,0.012092008255422115,0.012092008255422115
3703,371335,25,12935,0.012091481126844883,0.012091481126844883
3704,434714,30,4634,0.012088255025446415,0.012088255025446415
3705,335309,23,5581,0.012086264789104462,0.012086264789104462
3706,435464,30,5384,0.012084487825632095,0.012084487825632095
3707,436273,30,6193,0.012083498761057854,0.012083498761057854
3708,454061,31,9645,0.01208194438368082,0.01208194438368082
3709,451704,31,7288,0.012081434950232506,0.012081434950232506
3710,437175,30,7095,0.012077354826033115,0.012077354826033115
3711,394946,27,7874,0.012077336199581623,0.012077336199581623
3712,454220,31,9804,0.012076775543391705,0.012076775543391705
3713,454300,31,9884,0.012075699865818024,0.012075699865818024
3714,320213,22,4821,0.012072314508259296,0.012072314508259296
3715,456427,31,12011,0.012071394361555576,0.012071394361555576
3716,431675,30,1595,0.012069856747984886,0.012069856747984886
3717,448932,31,4516,0.01206743810325861,0.01206743810325861
3718,448064,31,3648,0.012062092311680317,0.012062092311680317
3719,426614,29,10870,0.012059279717504978,0.012059279717504978
3720,432895,30,2815,0.012058967724442482,0.012058967724442482
3721,420571,29,4827,0.012056121602654457,0.012056121602654457
3722,450001,31,5585,0.012054653838276863,0.012054653838276863
3723,435481,30,5401,0.01205441914498806,0.01205441914498806
3724,444942,31,526,0.012051533907651901,0.012051533907651901
3725,451408,31,6992,0.012050447054207325,0.012050447054207325
3726,435730,30,5650,0.01205020397901535,0.01205020397901535
3727,412232,28,10824,0.012049980461597443,0.012049980461597443
3728,450905,31,6489,0.012048774398863316,0.012048774398863316
3729,286229,19,13845,0.012045635841786861,0.012045635841786861
3730,449756,31,5340,0.012043184600770473,0.012043184600770473
3731,447063,31,2647,0.012039733119308949,0.012039733119308949
3732,450817,31,6401,0.012038005515933037,0.012038005515933037
3733,443750,30,13670,0.012037497945129871,0.012037497945129871
3734,452420,31,8004,0.01203733030706644,0.01203733030706644
3735,426844,29,11100,0.012037043459713459,0.012037043459713459
3736,422905,29,7161,0.012036440894007683,0.012036440894007683
3737,457742,31,13326,0.012035801075398922,0.012035801075398922
3738,444423,31,7,0.012033883482217789,0.012033883482217789
3739,444621,31,205,0.012031475082039833,0.012031475082039833
3740,454451,31,10035,0.012030800804495811,0.012030800804495811
3741,439215,30,9135,0.01202805619686842,0.01202805619686842
3742,428388,29,12644,0.012027197517454624,0.012027197517454624
3743,456976,31,12560,0.012024134397506714,0.012024134397506714
3744,402785,28,1377,0.012022335082292557,0.012022335082292557
3745,447501,31,3085,0.012020121328532696,0.012020121328532696
3746,423360,29,7616,0.012019563466310501,0.012019563466310501
3747,425669,29,9925,0.01201776321977377,0.01201776321977377
3748,379337,26,6601,0.01201496459543705,0.01201496459543705
3749,404384,28,2976,0.012014791369438171,0.012014791369438171
3750,444681,31,265,0.012013613246381283,0.012013613246381283
3751,439558,30,9478,0.01201286818832159,0.01201286818832159
3752,451475,31,7059,0.012012113817036152,0.012012113817036152
3753,455192,31,10776,0.012011034414172173,0.012011034414172173
3754,440450,30,10370,0.012009498663246632,0.012009498663246632
3755,441510,30,11430,0.012009380385279655,0.012009380385279655
3756,454848,31,10432,0.012009122408926487,0.012009122408926487
3757,437559,30,7479,0.012007229961454868,0.012007229961454868
3758,449043,31,4627,0.012006456032395363,0.012006456032395363
3759,449442,31,5026,0.012004670687019825,0.012004670687019825
3760,451409,31,6993,0.012002517469227314,0.012002517469227314
3761,451839,31,7423,0.01200007926672697,0.01200007926672697
3762,445592,31,1176,0.011998181231319904,0.011998181231319904
3763,401575,28,167,0.011995487846434116,0.011995487846434116
3764,328009,22,12617,0.011992464773356915,0.011992464773356915
3765,455174,31,10758,0.011990844272077084,0.011990844272077084
3766,448181,31,3765,0.011989743448793888,0.011989743448793888
3767,421831,29,6087,0.01198458019644022,0.01198458019644022
3768,454762,31,10346,0.011982912197709084,0.011982912197709084
3769,440857,30,10777,0.01198260486125946,0.01198260486125946
3770,444494,31,78,0.011976839043200016,0.011976839043200016
3771,441065,30,10985,0.011974009685218334,0.011974009685218334
3772,451448,31,7032,0.011972438544034958,0.011972438544034958
3773,454634,31,10218,0.011970849707722664,0.011970849707722664
3774,429993,29,14249,0.011969921179115772,0.011969921179115772
3775,412407,28,10999,0.011969118379056454,0.011969118379056454
3776,455331,31,10915,0.011969010345637798,0.011969010345637798
3777,455594,31,11178,0.011968538165092468,0.011968538165092468
3778,451179,31,6763,0.011967002414166927,0.011967002414166927
3779,373265,26,529,0.011961324140429497,0.011961324140429497
3780,438416,30,8336,0.011960734613239765,0.011960734613239765
3781,415022,28,13614,0.011959606781601906,0.011959606781601906
3782,449388,31,4972,0.011959537863731384,0.011959537863731384
3783,434478,30,4398,0.011956592090427876,0.011956592090427876
3784,434320,30,4240,0.011955934576690197,0.011955934576690197
3785,442648,30,12568,0.011955193243920803,0.011955193243920803
3786,264271,18,6223,0.01195433922111988,0.01195433922111988
3787,445660,31,1244,0.011953944340348244,0.011953944340348244
3788,450585,31,6169,0.011953098699450493,0.011953098699450493
3789,435363,30,5283,0.011952086351811886,0.011952086351811886
3790,439655,30,9575,0.011949284002184868,0.011949284002184868
3791,452823,31,8407,0.011949276551604271,0.011949276551604271
3792,445590,31,1174,0.011947499588131905,0.011947499588131905
3793,436699,30,6619,0.01194610446691513,0.01194610446691513
3794,442459,30,12379,0.011945988051593304,0.011945988051593304
3795,450912,31,6496,0.011942986398935318,0.011942986398935318
3796,448501,31,4085,0.011942355893552303,0.011942355893552303
3797,458118,31,13702,0.011941924691200256,0.011941924691200256
3798,416655,29,911,0.011938364244997501,0.011938364244997501
3799,440901,30,10821,0.011935857124626637,0.011935857124626637
3800,431042,30,962,0.011935084126889706,0.011935084126889706
3801,388634,27,1562,0.01193274836987257,0.01193274836987257
3802,426618,29,10874,0.01192978210747242,0.01192978210747242
3803,453477,31,9061,0.011927732266485691,0.011927732266485691
3804,389918,27,2846,0.01192711852490902,0.01192711852490902
3805,423573,29,7829,0.011926591396331787,0.011926591396331787
3806,452405,31,7989,0.011926541104912758,0.011926541104912758
3807,456405,31,11989,0.011926447972655296,0.011926447972655296
3808,457319,31,12903,0.01192321814596653,0.01192321814596653
3809,426292,29,10548,0.011923156678676605,0.011923156678676605
3810,445598,31,1182,0.011922609992325306,0.011922609992325306
3811,445569,31,1153,0.011922597885131836,0.011922597885131836
3812,458315,31,13899,0.011919566430151463,0.011919566430151463
3813,448210,31,3794,0.011918235570192337,0.011918235570192337
3814,426493,29,10749,0.01191808469593525,0.01191808469593525
3815,447822,31,3406,0.011917892843484879,0.011917892843484879
3816,427754,29,12010,0.011917563155293465,0.011917563155293465
3817,436613,30,6533,0.011917099356651306,0.011917099356651306
3818,431659,30,1579,0.0119170518592,0.0119170518592
3819,452750,31,8334,0.011915312148630619,0.011915312148630619
3820,450352,31,5936,0.01191398873925209,0.01191398873925209
3821,442810,30,12730,0.011909316293895245,0.011909316293895245
3822,458056,31,13640,0.011903611943125725,0.011903611943125725
3823,406362,28,4954,0.011902530677616596,0.011902530677616596
3824,430138,30,58,0.0119008868932724,0.0119008868932724
3825,441590,30,11510,0.011900289915502071,0.011900289915502071
3826,439690,30,9610,0.01189980749040842,0.01189980749040842
3827,414712,28,13304,0.011899186298251152,0.011899186298251152
3828,444670,31,254,0.011898939497768879,0.011898939497768879
3829,402393,28,985,0.011898661032319069,0.011898661032319069
3830,436739,30,6659,0.011897202581167221,0.011897202581167221
3831,436792,30,6712,0.011896731331944466,0.011896731331944466
3832,432454,30,2374,0.011896726675331593,0.011896726675331593
3833,458665,31,14249,0.011891627684235573,0.011891627684235573
3834,455682,31,11266,0.011888423934578896,0.011888423934578896
3835,457807,31,13391,0.011888409033417702,0.011888409033417702
3836,447651,31,3235,0.011884425766766071,0.011884425766766071
3837,458511,31,14095,0.011882995255291462,0.011882995255291462
3838,437041,30,6961,0.011882364749908447,0.011882364749908447
3839,451499,31,7083,0.011880546808242798,0.011880546808242798
3840,455106,31,10690,0.011880391277372837,0.011880391277372837
3841,448405,31,3989,0.011879890225827694,0.011879890225827694
3842,440767,30,10687,0.011879220604896545,0.011879220604896545
3843,451430,31,7014,0.011877515353262424,0.011877515353262424
3844,430840,30,760,0.011877278797328472,0.011877278797328472
3845,439793,30,9713,0.011876906268298626,0.011876906268298626
3846,318332,22,2940,0.0118751535192132,0.0118751535192132
3847,449765,31,5349,0.011872692033648491,0.011872692033648491
3848,433049,30,2969,0.011872634291648865,0.011872634291648865
3849,453708,31,9292,0.0118726110085845,0.0118726110085845
3850,454839,31,10423,0.01186566986143589,0.01186566986143589
3851,432197,30,2117,0.011861784383654594,0.011861784383654594
3852,424713,29,8969,0.011861530132591724,0.011861530132591724
3853,432920,30,2840,0.011860901489853859,0.011860901489853859
3854,446294,31,1878,0.011860544793307781,0.011860544793307781
3855,455422,31,11006,0.011860445141792297,0.011860445141792297
3856,453364,31,8948,0.011857331730425358,0.011857331730425358
3857,436449,30,6369,0.011856012977659702,0.011856012977659702
3858,442875,30,12795,0.011854815296828747,0.011854815296828747
3859,458097,31,13681,0.011853886768221855,0.011853886768221855
3860,448419,31,4003,0.01185263879597187,0.01185263879597187
3861,416101,29,357,0.011850790120661259,0.011850790120661259
3862,433081,30,3001,0.011849851347506046,0.011849851347506046
3863,448338,31,3922,0.011849702335894108,0.011849702335894108
3864,449148,31,4732,0.011848758906126022,0.011848758906126022
3865,445883,31,1467,0.011848334223031998,0.011848334223031998
3866,454734,31,10318,0.011845864355564117,0.011845864355564117
3867,414881,28,13473,0.011844608001410961,0.011844608001410961
3868,427036,29,11292,0.011843932792544365,0.011843932792544365
3869,455638,31,11222,0.01184335071593523,0.01184335071593523
3870,447356,31,2940,0.01184293907135725,0.01184293907135725
3871,454311,31,9895,0.011841942556202412,0.011841942556202412
3872,447994,31,3578,0.011840514838695526,0.011840514838695526
3873,423227,29,7483,0.011836672201752663,0.011836672201752663
3874,419431,29,3687,0.011836078949272633,0.011836078949272633
3875,375523,26,2787,0.011834637261927128,0.011834637261927128
3876,433104,30,3024,0.01183453481644392,0.01183453481644392
3877,448641,31,4225,0.011833805590867996,0.011833805590867996
3878,446280,31,1864,0.011831136420369148,0.011831136420369148
3879,399004,27,11932,0.011830923147499561,0.011830923147499561
3880,447850,31,3434,0.011830355040729046,0.011830355040729046
3881,223737,15,8697,0.011828886345028877,0.011828886345028877
3882,440743,30,10663,0.011827982030808926,0.011827982030808926
3883,433140,30,3060,0.011824361979961395,0.011824361979961395
3884,440598,30,10518,0.01182293239980936,0.01182293239980936
3885,430866,30,786,0.011821910738945007,0.011821910738945007
3886,452625,31,8209,0.011821195483207703,0.011821195483207703
3887,406201,28,4793,0.011820017360150814,0.011820017360150814
3888,434750,30,4670,0.011819291859865189,0.011819291859865189
3889,453033,31,8617,0.011817468330264091,0.011817468330264091
3890,378889,26,6153,0.01181676797568798,0.01181676797568798
3891,449505,31,5089,0.011816393584012985,0.011816393584012985
3892,449304,31,4888,0.011811841279268265,0.011811841279268265
3893,451335,31,6919,0.011805270798504353,0.011805270798504353
3894,452674,31,8258,0.011804222129285336,0.011804222129285336
3895,430405,30,325,0.011802655644714832,0.011802655644714832
3896,435275,30,5195,0.011801761575043201,0.011801761575043201
3897,414250,28,12842,0.011799593456089497,0.011799593456089497
3898,449887,31,5471,0.01179908774793148,0.01179908774793148
3899,446717,31,2301,0.01179674081504345,0.01179674081504345
3900,453534,31,9118,0.011795829981565475,0.011795829981565475
3901,454531,31,10115,0.011795525439083576,0.011795525439083576
3902,445114,31,698,0.011793151497840881,0.011793151497840881
3903,447107,31,2691,0.011787056922912598,0.011787056922912598
3904,451367,31,6951,0.011786054819822311,0.011786054819822311
3905,443327,30,13247,0.011785986833274364,0.011785986833274364
3906,434553,30,4473,0.011785948649048805,0.011785948649048805
3907,457714,31,13298,0.01178564503788948,0.01178564503788948
3908,456829,31,12413,0.011780237779021263,0.011780237779021263
3909,453818,31,9402,0.011780070140957832,0.011780070140957832
3910,452862,31,8446,0.011779661290347576,0.011779661290347576
3911,444591,31,175,0.01177897211164236,0.01177897211164236
3912,453210,31,8794,0.011778687126934528,0.011778687126934528
3913,458239,31,13823,0.011777525767683983,0.011777525767683983
3914,449889,31,5473,0.011776439845561981,0.011776439845561981
3915,424653,29,8909,0.011775997467339039,0.011775997467339039
3916,377900,26,5164,0.011774953454732895,0.011774953454732895
3917,451291,31,6875,0.011773698963224888,0.011773698963224888
3918,445946,31,1530,0.011772098019719124,0.011772098019719124
3919,448024,31,3608,0.011769402772188187,0.011769402772188187
3920,423082,29,7338,0.01176921185106039,0.01176921185106039
3921,435949,30,5869,0.011768389493227005,0.011768389493227005
3922,448920,31,4504,0.01176524069160223,0.01176524069160223
3923,455571,31,11155,0.011765179224312305,0.011765179224312305
3924,447559,31,3143,0.011764004826545715,0.011764004826545715
3925,444685,31,269,0.011762586422264576,0.011762586422264576
3926,437156,30,7076,0.011761878617107868,0.011761878617107868
3927,455813,31,11397,0.011759292334318161,0.011759292334318161
3928,420600,29,4856,0.011757342144846916,0.011757342144846916
3929,454322,31,9906,0.011753787286579609,0.011753787286579609
3930,288330,20,1610,0.011753573082387447,0.011753573082387447
3931,238363,16,8987,0.011751886457204819,0.011751886457204819
3932,441824,30,11744,0.011749804019927979,0.011749804019927979
3933,452922,31,8506,0.011749115772545338,0.011749115772545338
3934,451180,31,6764,0.011749000288546085,0.011749000288546085
3935,400782,27,13710,0.011743477545678616,0.011743477545678616
3936,450827,31,6411,0.011740987189114094,0.011740987189114094
3937,339108,23,9380,0.011739708483219147,0.011739708483219147
3938,447344,31,2928,0.011737758293747902,0.011737758293747902
3939,453966,31,9550,0.011736342683434486,0.011736342683434486
3940,437410,30,7330,0.011736114509403706,0.011736114509403706
3941,452088,31,7672,0.01173470914363861,0.01173470914363861
3942,435869,30,5789,0.011733893305063248,0.011733893305063248
3943,452942,31,8526,0.011733443476259708,0.011733443476259708
3944,422919,29,7175,0.011732732877135277,0.011732732877135277
3945,455966,31,11550,0.011732609011232853,0.011732609011232853
3946,441796,30,11716,0.011729267425835133,0.011729267425835133
3947,454310,31,9894,0.01172733586281538,0.01172733586281538
3948,457513,31,13097,0.011725911870598793,0.011725911870598793
3949,454613,31,10197,0.011724710464477539,0.011724710464477539
3950,458434,31,14018,0.011723442003130913,0.011723442003130913
3951,456837,31,12421,0.011723179370164871,0.011723179370164871
3952,441816,30,11736,0.01172277145087719,0.01172277145087719
3953,447834,31,3418,0.011720054782927036,0.011720054782927036
3954,450267,31,5851,0.01171959564089775,0.01171959564089775
3955,435177,30,5097,0.011714398860931396,0.011714398860931396
3956,409204,28,7796,0.011713042855262756,0.011713042855262756
3957,446383,31,1967,0.011709354817867279,0.011709354817867279
3958,445544,31,1128,0.011708898469805717,0.011708898469805717
3959,430860,30,780,0.011708306148648262,0.011708306148648262
3960,371810,25,13410,0.011703512631356716,0.011703512631356716
3961,419587,29,3843,0.011702261865139008,0.011702261865139008
3962,450992,31,6576,0.01170186698436737,0.01170186698436737
3963,450046,31,5630,0.011700748465955257,0.011700748465955257
3964,454872,31,10456,0.011700587347149849,0.011700587347149849
3965,441930,30,11850,0.011700121685862541,0.011700121685862541
3966,417203,29,1459,0.011699643917381763,0.011699643917381763
3967,446551,31,2135,0.011694217100739479,0.011694217100739479
3968,402207,28,799,0.011692377738654613,0.011692377738654613
3969,438552,30,8472,0.011691362597048283,0.011691362597048283
3970,430256,30,176,0.011690359562635422,0.011690359562635422
3971,437421,30,7341,0.011688602156937122,0.011688602156937122
3972,407847,28,6439,0.011686667799949646,0.011686667799949646
3973,452351,31,7935,0.011686290614306927,0.011686290614306927
3974,451569,31,7153,0.011685245670378208,0.011685245670378208
3975,440995,30,10915,0.011684689670801163,0.011684689670801163
3976,455848,31,11432,0.011683008633553982,0.011683008633553982
3977,440087,30,10007,0.01168231200426817,0.01168231200426817
3978,440628,30,10548,0.011682123877108097,0.011682123877108097
3979,446292,31,1876,0.011679982766509056,0.011679982766509056
3980,445495,31,1079,0.011679804883897305,0.011679804883897305
3981,444683,31,267,0.011679709888994694,0.011679709888994694
3982,455741,31,11325,0.01167901698499918,0.01167901698499918
3983,456084,31,11668,0.011674963869154453,0.011674963869154453
3984,454218,31,9802,0.011674566194415092,0.011674566194415092
3985,445559,31,1143,0.011674082837998867,0.011674082837998867
3986,433179,30,3099,0.011673325672745705,0.011673325672745705
3987,400420,27,13348,0.011672534979879856,0.011672534979879856
3988,430538,30,458,0.011672399938106537,0.011672399938106537
3989,423955,29,8211,0.011670379899442196,0.011670379899442196
3990,457655,31,13239,0.011665225960314274,0.011665225960314274
3991,450387,31,5971,0.011664625257253647,0.011664625257253647
3992,446927,31,2511,0.011661428026854992,0.011661428026854992
3993,455425,31,11009,0.011660362593829632,0.011660362593829632
3994,375571,26,2835,0.011659281328320503,0.011659281328320503
3995,455776,31,11360,0.011655554175376892,0.011655554175376892
3996,407578,28,6170,0.011654308065772057,0.011654308065772057
3997,436528,30,6448,0.011653448455035686,0.011653448455035686
3998,431685,30,1605,0.01165010780096054,0.01165010780096054
3999,431058,30,978,0.01164861861616373,0.01164861861616373
4000,394276,27,7204,0.011647210456430912,0.011647210456430912
4001,451436,31,7020,0.011645269580185413,0.011645269580185413
4002,447630,31,3214,0.01164464931935072,0.01164464931935072
4003,415967,29,223,0.011644094251096249,0.011644094251096249
4004,455089,31,10673,0.011643336154520512,0.011643336154520512
4005,442461,30,12381,0.01164285745471716,0.01164285745471716
4006,419965,29,4221,0.011640778742730618,0.011640778742730618
4007,440407,30,10327,0.01163517590612173,0.01163517590612173
4008,434452,30,4372,0.01163309533149004,0.01163309533149004
4009,448105,31,3689,0.011631828732788563,0.011631828732788563
4010,408756,28,7348,0.011625860817730427,0.011625860817730427
4011,354042,24,9978,0.011625302024185658,0.011625302024185658
4012,449616,31,5200,0.011624561622738838,0.011624561622738838
4013,457661,31,13245,0.011622332967817783,0.011622332967817783
4014,252643,17,8931,0.011622246354818344,0.011622246354818344
4015,454456,31,10040,0.011620452627539635,0.011620452627539635
4016,454731,31,10315,0.011619492433965206,0.011619492433965206
4017,444428,31,12,0.0116189606487751,0.0116189606487751
4018,430618,30,538,0.011618286371231079,0.011618286371231079
4019,452242,31,7826,0.011617983691394329,0.011617983691394329
4020,438367,30,8287,0.011617891490459442,0.011617891490459442
4021,303754,21,2698,0.01161409541964531,0.01161409541964531
4022,453561,31,9145,0.01161086093634367,0.01161086093634367
4023,449578,31,5162,0.01160997711122036,0.01160997711122036
4024,434791,30,4711,0.011609041132032871,0.011609041132032871
4025,419954,29,4210,0.011600581929087639,0.011600581929087639
4026,445634,31,1218,0.011598850600421429,0.011598850600421429
4027,450211,31,5795,0.011597925797104836,0.011597925797104836
4028,450978,31,6562,0.011589452624320984,0.011589452624320984
4029,438419,30,8339,0.0115852365270257,0.0115852365270257
4030,447078,31,2662,0.011582879349589348,0.011582879349589348
4031,437756,30,7676,0.011580673046410084,0.011580673046410084
4032,411336,28,9928,0.011579942889511585,0.011579942889511585
4033,444003,30,13923,0.011578870937228203,0.011578870937228203
4034,449411,31,4995,0.011577785015106201,0.011577785015106201
4035,448088,31,3672,0.011577470228075981,0.011577470228075981
4036,421080,29,5336,0.011576704680919647,0.011576704680919647
4037,453475,31,9059,0.011574974283576012,0.011574974283576012
4038,438925,30,8845,0.011573705822229385,0.011573705822229385
4039,452269,31,7853,0.011567307636141777,0.011567307636141777
4040,438441,30,8361,0.01156606338918209,0.01156606338918209
4041,273284,19,900,0.01156576070934534,0.01156576070934534
4042,456032,31,11616,0.011565458960831165,0.011565458960831165
4043,448438,31,4022,0.011563766747713089,0.011563766747713089
4044,450506,31,6090,0.011562262661755085,0.011562262661755085
4045,447896,31,3480,0.011560071259737015,0.011560071259737015
4046,439250,30,9170,0.011556233279407024,0.011556233279407024
4047,430995,30,915,0.011554079130291939,0.011554079130291939
4048,448615,31,4199,0.011553973890841007,0.011553973890841007
4049,451815,31,7399,0.01155355479568243,0.01155355479568243
4050,434396,30,4316,0.011552254669368267,0.011552254669368267
4051,439404,30,9324,0.01154819130897522,0.01154819130897522
4052,435828,30,5748,0.011547748930752277,0.011547748930752277
4053,455191,31,10775,0.011547695845365524,0.011547695845365524
4054,453203,31,8787,0.011547623202204704,0.011547623202204704
4055,442578,30,12498,0.01154581643640995,0.01154581643640995
4056,426097,29,10353,0.011540573090314865,0.011540573090314865
4057,442607,30,12527,0.011538265272974968,0.011538265272974968
4058,418461,29,2717,0.011534858494997025,0.011534858494997025
4059,451406,31,6990,0.011533641256392002,0.011533641256392002
4060,451602,31,7186,0.011532753705978394,0.011532753705978394
4061,455463,31,11047,0.011531333439052105,0.011531333439052105
4062,437016,30,6936,0.011531217955052853,0.011531217955052853
4063,451928,31,7512,0.01153060793876648,0.01153060793876648
4064,432330,30,2250,0.01153042446821928,0.01153042446821928
4065,447970,31,3554,0.011529133655130863,0.011529133655130863
4066,448846,31,4430,0.011527585797011852,0.011527585797011852
4067,444744,31,328,0.011526044458150864,0.011526044458150864
4068,418391,29,2647,0.011523859575390816,0.011523859575390816
4069,447628,31,3212,0.011522999033331871,0.011522999033331871
4070,431455,30,1375,0.011521999724209309,0.011521999724209309
4071,458267,31,13851,0.011519081890583038,0.011519081890583038
4072,388793,27,1721,0.011516042053699493,0.011516042053699493
4073,223369,15,8329,0.011515580117702484,0.011515580117702484
4074,307618,21,6562,0.01151502225548029,0.01151502225548029
4075,357936,24,13872,0.011514819227159023,0.011514819227159023
4076,458011,31,13595,0.01151319406926632,0.01151319406926632
4077,417038,29,1294,0.011510500684380531,0.011510500684380531
4078,448598,31,4182,0.011509828269481659,0.011509828269481659
4079,450277,31,5861,0.01150917261838913,0.01150917261838913
4080,449282,31,4866,0.011508570052683353,0.011508570052683353
4081,444712,31,296,0.011505610309541225,0.011505610309541225
4082,452726,31,8310,0.011504478752613068,0.011504478752613068
4083,432597,30,2517,0.011502433568239212,0.011502433568239212
4084,423364,29,7620,0.011502372100949287,0.011502372100949287
4085,451025,31,6609,0.01150134764611721,0.01150134764611721
4086,417280,29,1536,0.011498266831040382,0.011498266831040382
4087,456181,31,11765,0.011494224891066551,0.011494224891066551
4088,445002,31,586,0.011493484489619732,0.011493484489619732
4089,436471,30,6391,0.011491500772535801,0.011491500772535801
4090,427535,29,11791,0.01149042509496212,0.01149042509496212
4091,434932,30,4852,0.01148967258632183,0.01148967258632183
4092,446463,31,2047,0.01148943230509758,0.01148943230509758
4093,439284,30,9204,0.011488903313875198,0.011488903313875198
4094,455574,31,11158,0.011488007381558418,0.011488007381558418
4095,420449,29,4705,0.011487973853945732,0.011487973853945732
4096,452824,31,8408,0.011487781070172787,0.011487781070172787
4097,422367,29,6623,0.01148777175694704,0.01148777175694704
4098,418319,29,2575,0.011486786417663097,0.011486786417663097
4099,378569,26,5833,0.011484489776194096,0.011484489776194096
4100,445825,31,1409,0.011482452042400837,0.011482452042400837
4101,454422,31,10006,0.011482295580208302,0.011482295580208302
4102,458595,31,14179,0.01148216612637043,0.01148216612637043
4103,443015,30,12935,0.011481608264148235,0.011481608264148235
4104,456723,31,12307,0.011480344459414482,0.011480344459414482
4105,419419,29,3675,0.01147957518696785,0.01147957518696785
4106,456980,31,12564,0.011478260159492493,0.011478260159492493
4107,446935,31,2519,0.011476755142211914,0.011476755142211914
4108,449815,31,5399,0.011474722065031528,0.011474722065031528
4109,434505,30,4425,0.011471373960375786,0.011471373960375786
4110,433241,30,3161,0.011471182107925415,0.011471182107925415
4111,457077,31,12661,0.011470502242445946,0.011470502242445946
4112,451289,31,6873,0.011468090116977692,0.011468090116977692
4113,449360,31,4944,0.011464150622487068,0.011464150622487068
4114,402451,28,1043,0.011462638154625893,0.011462638154625893
4115,431891,30,1811,0.011461247690021992,0.011461247690021992
4116,454017,31,9601,0.01146099716424942,0.01146099716424942
4117,423719,29,7975,0.011460407637059689,0.011460407637059689
4118,456444,31,12028,0.01145891286432743,0.01145891286432743
4119,448537,31,4121,0.011456916108727455,0.011456916108727455
4120,438854,30,8774,0.011453554965555668,0.011453554965555668
4121,428691,29,12947,0.011451032012701035,0.011451032012701035
4122,449376,31,4960,0.01144949160516262,0.01144949160516262
4123,458343,31,13927,0.01144828088581562,0.01144828088581562
4124,433208,30,3128,0.011448201723396778,0.011448201723396778
4125,447936,31,3520,0.011447113007307053,0.011447113007307053
4126,441254,30,11174,0.0114463921636343,0.0114463921636343
4127,366011,25,7611,0.011446231976151466,0.011446231976151466
4128,452598,31,8182,0.011444417759776115,0.011444417759776115
4129,458054,31,13638,0.011444278992712498,0.011444278992712498
4130,454240,31,9824,0.011440599337220192,0.011440599337220192
4131,452307,31,7891,0.01143927313387394,0.01143927313387394
4132,456636,31,12220,0.011438732966780663,0.011438732966780663
4133,445194,31,778,0.011438586749136448,0.011438586749136448
4134,435446,30,5366,0.011435741558670998,0.011435741558670998
4135,423521,29,7777,0.011435171589255333,0.011435171589255333
4136,453488,31,9072,0.011435114778578281,0.011435114778578281
4137,452193,31,7777,0.011434977874159813,0.011434977874159813
4138,454687,31,10271,0.011431634426116943,0.011431634426116943
4139,417663,29,1919,0.011429281905293465,0.011429281905293465
4140,458290,31,13874,0.01142619363963604,0.01142619363963604
4141,380769,26,8033,0.011424975469708443,0.011424975469708443
4142,446514,31,2098,0.011424203403294086,0.011424203403294086
4143,422032,29,6288,0.011424165219068527,0.011424165219068527
4144,456379,31,11963,0.011422762647271156,0.011422762647271156
4145,446267,31,1851,0.011420223861932755,0.011420223861932755
4146,447448,31,3032,0.011418239213526249,0.011418239213526249
4147,437764,30,7684,0.011418212205171585,0.011418212205171585
4148,450788,31,6372,0.01141724269837141,0.01141724269837141
4149,440320,30,10240,0.011414576321840286,0.011414576321840286
4150,404789,28,3381,0.011412025429308414,0.011412025429308414
4151,418182,29,2438,0.011411495506763458,0.011411495506763458
4152,430319,30,239,0.011409166269004345,0.011409166269004345
4153,432944,30,2864,0.01140795461833477,0.01140795461833477
4154,452235,31,7819,0.011406471952795982,0.011406471952795982
4155,434421,30,4341,0.011405419558286667,0.011405419558286667
4156,405781,28,4373,0.011404388584196568,0.011404388584196568
4157,453162,31,8746,0.011402878910303116,0.011402878910303116
4158,341909,23,12181,0.011399957351386547,0.011399957351386547
4159,424411,29,8667,0.011396223679184914,0.011396223679184914
4160,454063,31,9647,0.011393287219107151,0.011393287219107151
4161,451797,31,7381,0.01139240711927414,0.01139240711927414
4162,389342,27,2270,0.011385904625058174,0.011385904625058174
4163,316797,22,1405,0.01138394046574831,0.01138394046574831
4164,453303,31,8887,0.011381835676729679,0.011381835676729679
4165,440325,30,10245,0.011381677351891994,0.011381677351891994
4166,452731,31,8315,0.011381572112441063,0.011381572112441063
4167,457200,31,12784,0.011379679664969444,0.011379679664969444
4168,453214,31,8798,0.011377179063856602,0.011377179063856602
4169,449582,31,5166,0.011372837238013744,0.011372837238013744
4170,447198,31,2782,0.011370479129254818,0.011370479129254818
4171,365069,25,6669,0.01136934943497181,0.01136934943497181
4172,452727,31,8311,0.011369168758392334,0.011369168758392334
4173,440371,30,10291,0.011366327293217182,0.011366327293217182
4174,449871,31,5455,0.011365397833287716,0.011365397833287716
4175,331479,23,1751,0.01136418990790844,0.01136418990790844
4176,451323,31,6907,0.011364088393747807,0.011364088393747807
4177,397438,27,10366,0.011362421326339245,0.011362421326339245
4178,446658,31,2242,0.011361674405634403,0.011361674405634403
4179,445904,31,1488,0.011360294185578823,0.011360294185578823
4180,446361,31,1945,0.011358577758073807,0.011358577758073807
4181,384528,26,11792,0.011357289738953114,0.011357289738953114
4182,299514,20,12794,0.011356459930539131,0.011356459930539131
4183,449929,31,5513,0.011351942084729671,0.011351942084729671
4184,422460,29,6716,0.011351771652698517,0.011351771652698517
4185,450292,31,5876,0.011350288055837154,0.011350288055837154
4186,429296,29,13552,0.011348585598170757,0.011348585598170757
4187,439027,30,8947,0.011346457526087761,0.011346457526087761
4188,450355,31,5939,0.011345498263835907,0.011345498263835907
4189,437946,30,7866,0.01134434249252081,0.01134434249252081
4190,249012,17,5300,0.011344211176037788,0.011344211176037788
4191,445533,31,1117,0.011342250742018223,0.011342250742018223
4192,380654,26,7918,0.011340462602674961,0.011340462602674961
4193,448139,31,3723,0.011339724995195866,0.011339724995195866
4194,322161,22,6769,0.011337211355566978,0.011337211355566978
4195,448288,31,3872,0.011336281895637512,0.011336281895637512
4196,403774,28,2366,0.01133536547422409,0.01133536547422409
4197,376337,26,3601,0.011334054172039032,0.011334054172039032
4198,452429,31,8013,0.011333510279655457,0.011333510279655457
4199,454152,31,9736,0.011331453919410706,0.011331453919410706
4200,457994,31,13578,0.011329215951263905,0.011329215951263905
4201,423498,29,7754,0.011326746083796024,0.011326746083796024
4202,451255,31,6839,0.01132642850279808,0.01132642850279808
4203,453712,31,9296,0.011324888095259666,0.011324888095259666
4204,450223,31,5807,0.011323552578687668,0.011323552578687668
4205,439620,30,9540,0.011322718113660812,0.011322718113660812
4206,457305,31,12889,0.011318452656269073,0.011318452656269073
4207,396405,27,9333,0.011317192576825619,0.011317192576825619
4208,455979,31,11563,0.011316579766571522,0.011316579766571522
4209,439471,30,9391,0.011316551826894283,0.011316551826894283
4210,445111,31,695,0.011315559037029743,0.011315559037029743
4211,449268,31,4852,0.0113143902271986,0.0113143902271986
4212,450657,31,6241,0.011314007453620434,0.011314007453620434
4213,434753,30,4673,0.011313566006720066,0.011313566006720066
4214,456893,31,12477,0.011312711983919144,0.011312711983919144
4215,454096,31,9680,0.011312246322631836,0.011312246322631836
4216,434568,30,4488,0.011310380883514881,0.011310380883514881
4217,455655,31,11239,0.011310122907161713,0.011310122907161713
4218,453472,31,9056,0.0113069424405694,0.0113069424405694
4219,421888,29,6144,0.01130602415651083,0.01130602415651083
4220,417517,29,1773,0.011303888633847237,0.011303888633847237
4221,411179,28,9771,0.011303734965622425,0.011303734965622425
4222,452579,31,8163,0.011302970349788666,0.011302970349788666
4223,412795,28,11387,0.011301504448056221,0.011301504448056221
4224,453318,31,8902,0.011301176622509956,0.011301176622509956
4225,450164,31,5748,0.011301063932478428,0.011301063932478428
4226,458389,31,13973,0.011300693266093731,0.011300693266093731
4227,413362,28,11954,0.011299272067844868,0.011299272067844868
4228,453204,31,8788,0.011296813376247883,0.011296813376247883
4229,415992,29,248,0.011296759359538555,0.011296759359538555
4230,452490,31,8074,0.011295962147414684,0.011295962147414684
4231,430130,30,50,0.011295165866613388,0.011295165866613388
4232,417111,29,1367,0.011295088566839695,0.011295088566839695
4233,447235,31,2819,0.011293983086943626,0.011293983086943626
4234,453911,31,9495,0.01129391323775053,0.01129391323775053
4235,453219,31,8803,0.01129361055791378,0.01129361055791378
4236,446545,31,2129,0.011292299255728722,0.011292299255728722
4237,394121,27,7049,0.011292122304439545,0.011292122304439545
4238,429949,29,14205,0.01128935907036066,0.01128935907036066
4239,448471,31,4055,0.011288927868008614,0.011288927868008614
4240,445071,31,655,0.01128667127341032,0.01128667127341032
4241,435057,30,4977,0.011282616294920444,0.011282616294920444
4242,444084,30,14004,0.011281833052635193,0.011281833052635193
4243,444701,31,285,0.011278915219008923,0.011278915219008923
4244,451414,31,6998,0.011278148740530014,0.011278148740530014
4245,446685,31,2269,0.011275799944996834,0.011275799944996834
4246,453994,31,9578,0.011272414587438107,0.011272414587438107
4247,443880,30,13800,0.011271167546510696,0.011271167546510696
4248,443468,30,13388,0.011267290450632572,0.011267290450632572
4249,436410,30,6330,0.011267232708632946,0.011267232708632946
4250,453130,31,8714,0.01126663014292717,0.01126663014292717
4251,325841,22,10449,0.011266570538282394,0.011266570538282394
4252,449203,31,4787,0.011265724897384644,0.011265724897384644
4253,446615,31,2199,0.011263890191912651,0.011263890191912651
4254,446237,31,1821,0.011263400316238403,0.011263400316238403
4255,458150,31,13734,0.011262265965342522,0.011262265965342522
4256,452692,31,8276,0.0112608652561903,0.0112608652561903
4257,442443,30,12363,0.011258186772465706,0.011258186772465706
4258,446498,31,2082,0.011256502941250801,0.011256502941250801
4259,419158,29,3414,0.011254677549004555,0.011254677549004555
4260,438948,30,8868,0.011254356242716312,0.011254356242716312
4261,450608,31,6192,0.01124798133969307,0.01124798133969307
4262,439207,30,9127,0.011245599016547203,0.011245599016547203
4263,457524,31,13108,0.01124317105859518,0.01124317105859518
4264,447494,31,3078,0.011242661625146866,0.011242661625146866
4265,453363,31,8947,0.011241926811635494,0.011241926811635494
4266,360534,25,2134,0.011240107007324696,0.011240107007324696
4267,442236,30,12156,0.011239527724683285,0.011239527724683285
4268,439316,30,9236,0.01123789232224226,0.01123789232224226
4269,428716,29,12972,0.011237782426178455,0.011237782426178455
4270,435914,30,5834,0.011236648075282574,0.011236648075282574
4271,433710,30,3630,0.011234856210649014,0.011234856210649014
4272,450659,31,6243,0.011234689503908157,0.011234689503908157
4273,457820,31,13404,0.01123355794698,0.01123355794698
4274,455046,31,10630,0.01123305968940258,0.01123305968940258
4275,449212,31,4796,0.011228016577661037,0.011228016577661037
4276,449750,31,5334,0.01122721191495657,0.01122721191495657
4277,454997,31,10581,0.011225259862840176,0.011225259862840176
4278,446446,31,2030,0.011225119233131409,0.011225119233131409
4279,448831,31,4415,0.01122492365539074,0.01122492365539074
4280,432399,30,2319,0.011223631910979748,0.011223631910979748
4281,452011,31,7595,0.011222688481211662,0.011222688481211662
4282,435580,30,5500,0.01122147124260664,0.01122147124260664
4283,455091,31,10675,0.011215475387871265,0.011215475387871265
4284,425135,29,9391,0.011213603429496288,0.011213603429496288
4285,427255,29,11511,0.011213142424821854,0.011213142424821854
4286,444742,31,326,0.011212654411792755,0.011212654411792755
4287,453250,31,8834,0.011212517507374287,0.011212517507374287
4288,431708,30,1628,0.011212348937988281,0.011212348937988281
4289,457426,31,13010,0.011207551695406437,0.011207551695406437
4290,432756,30,2676,0.011205129325389862,0.011205129325389862
4291,424009,29,8265,0.0112007986754179,0.0112007986754179
4292,453674,31,9258,0.011200536042451859,0.011200536042451859
4293,398205,27,11133,0.011198833584785461,0.011198833584785461
4294,453867,31,9451,0.011198044754564762,0.011198044754564762
4295,390905,27,3833,0.011197678744792938,0.011197678744792938
4296,457557,31,13141,0.011197428219020367,0.011197428219020367
4297,448563,31,4147,0.011193741112947464,0.011193741112947464
4298,438921,30,8841,0.011193595826625824,0.011193595826625824
4299,411358,28,9950,0.011193270795047283,0.011193270795047283
4300,446689,31,2273,0.011191385798156261,0.011191385798156261
4301,425629,29,9885,0.011190162971615791,0.011190162971615791
4302,446413,31,1997,0.011188354343175888,0.011188354343175888
4303,444567,31,151,0.011185405775904655,0.011185405775904655
4304,440297,30,10217,0.011185231618583202,0.011185231618583202
4305,450320,31,5904,0.011185157112777233,0.011185157112777233
4306,431756,30,1676,0.011185134761035442,0.011185134761035442
4307,439808,30,9728,0.011185133829712868,0.011185133829712868
4308,453113,31,8697,0.01118145976215601,0.01118145976215601
4309,451495,31,7079,0.01118053775280714,0.01118053775280714
4310,429338,29,13594,0.011179556138813496,0.011179556138813496
4311,395026,27,7954,0.011179039254784584,0.011179039254784584
4312,344460,24,396,0.011178850196301937,0.011178850196301937
4313,441360,30,11280,0.011175687424838543,0.011175687424838543
4314,418658,29,2914,0.011175310239195824,0.011175310239195824
4315,443304,30,13224,0.011174292303621769,0.011174292303621769
4316,454710,31,10294,0.011173133738338947,0.011173133738338947
4317,445119,31,703,0.011170961894094944,0.011170961894094944
4318,446317,31,1901,0.011169560253620148,0.011169560253620148
4319,457733,31,13317,0.01116864662617445,0.01116864662617445
4320,451319,31,6903,0.011166825890541077,0.011166825890541077
4321,447246,31,2830,0.01116281095892191,0.01116281095892191
4322,400600,27,13528,0.011161074042320251,0.011161074042320251
4323,417648,29,1904,0.011160928755998611,0.011160928755998611
4324,455365,31,10949,0.011160540394484997,0.011160540394484997
4325,269263,18,11215,0.011160432361066341,0.011160432361066341
4326,451162,31,6746,0.011159845627844334,0.011159845627844334
4327,457990,31,13574,0.011157598346471786,0.011157598346471786
4328,455413,31,10997,0.011156285181641579,0.011156285181641579
4329,447186,31,2770,0.011155081912875175,0.011155081912875175
4330,430643,30,563,0.01115157175809145,0.01115157175809145
4331,450288,31,5872,0.011149972677230835,0.011149972677230835
4332,437597,30,7517,0.01114980410784483,0.01114980410784483
4333,440432,30,10352,0.011148400604724884,0.011148400604724884
4334,450179,31,5763,0.011144958436489105,0.011144958436489105
4335,419278,29,3534,0.011144505813717842,0.011144505813717842
4336,441391,30,11311,0.011144133284687996,0.011144133284687996
4337,425911,29,10167,0.011144017800688744,0.011144017800688744
4338,453498,31,9082,0.011143146082758904,0.011143146082758904
4339,442891,30,12811,0.011143121868371964,0.011143121868371964
4340,419156,29,3412,0.01114129088819027,0.01114129088819027
4341,393569,27,6497,0.011140777729451656,0.011140777729451656
4342,454672,31,10256,0.01113972719758749,0.01113972719758749
4343,416578,29,834,0.01113853044807911,0.01113853044807911
4344,451605,31,7189,0.011137395165860653,0.011137395165860653
4345,440079,30,9999,0.011137336492538452,0.011137336492538452
4346,441180,30,11100,0.011137126013636589,0.011137126013636589
4347,362016,25,3616,0.01113629899919033,0.01113629899919033
4348,458297,31,13881,0.011132653802633286,0.011132653802633286
4349,453706,31,9290,0.011132651008665562,0.011132651008665562
4350,258338,18,290,0.011131462641060352,0.011131462641060352
4351,450663,31,6247,0.011131455190479755,0.011131455190479755
4352,457175,31,12759,0.011127226985991001,0.011127226985991001
4353,404549,28,3141,0.011126439087092876,0.011126439087092876
4354,423472,29,7728,0.011126200668513775,0.011126200668513775
4355,458591,31,14175,0.011125650256872177,0.011125650256872177
4356,451482,31,7066,0.011125368997454643,0.011125368997454643
4357,393202,27,6130,0.011124850250780582,0.011124850250780582
4358,445615,31,1199,0.011123907752335072,0.011123907752335072
4359,451315,31,6899,0.01112120971083641,0.01112120971083641
4360,444253,30,14173,0.01112091913819313,0.01112091913819313
4361,431991,30,1911,0.011119849048554897,0.011119849048554897
4362,446260,31,1844,0.0111183887347579,0.0111183887347579
4363,437874,30,7794,0.01111769862473011,0.01111769862473011
4364,451595,31,7179,0.01111739780753851,0.01111739780753851
4365,444531,31,115,0.011114339344203472,0.011114339344203472
4366,458610,31,14194,0.011112510226666927,0.011112510226666927
4367,307302,21,6246,0.01111053116619587,0.01111053116619587
4368,447386,31,2970,0.011107033118605614,0.011107033118605614
4369,449690,31,5274,0.011105725541710854,0.011105725541710854
4370,418350,29,2606,0.01110544241964817,0.01110544241964817
4371,415568,28,14160,0.011104757897555828,0.011104757897555828
4372,439455,30,9375,0.011103885248303413,0.011103885248303413
4373,453054,31,8638,0.01110128778964281,0.01110128778964281
4374,451476,31,7060,0.011098903603851795,0.011098903603851795
4375,447461,31,3045,0.011096802540123463,0.011096802540123463
4376,444486,31,70,0.011096724309027195,0.011096724309027195
4377,402438,28,1030,0.011095198802649975,0.011095198802649975
4378,439344,30,9264,0.011094566434621811,0.011094566434621811
4379,449281,31,4865,0.011094006709754467,0.011094006709754467
4380,359961,25,1561,0.011092426255345345,0.011092426255345345
4381,457565,31,13149,0.01109030656516552,0.01109030656516552
4382,436286,30,6206,0.01108795776963234,0.01108795776963234
4383,445859,31,1443,0.01108388788998127,0.01108388788998127
4384,417035,29,1291,0.011083315126597881,0.011083315126597881
4385,423402,29,7658,0.011083102785050869,0.011083102785050869
4386,454767,31,10351,0.011081505566835403,0.011081505566835403
4387,411415,28,10007,0.011080669239163399,0.011080669239163399
4388,452049,31,7633,0.011080402880907059,0.011080402880907059
4389,457100,31,12684,0.011078275740146637,0.011078275740146637
4390,450059,31,5643,0.011077719740569592,0.011077719740569592
4391,435988,30,5908,0.011075255461037159,0.011075255461037159
4392,415834,29,90,0.011069883592426777,0.011069883592426777
4393,450060,31,5644,0.011067293584346771,0.011067293584346771
4394,444104,30,14024,0.011067220941185951,0.011067220941185951
4395,455757,31,11341,0.011063464917242527,0.011063464917242527
4396,443332,30,13252,0.0110634071752429,0.0110634071752429
4397,436434,30,6354,0.01106337457895279,0.01106337457895279
4398,452621,31,8205,0.011061837896704674,0.011061837896704674
4399,453323,31,8907,0.011060962453484535,0.011060962453484535
4400,447517,31,3101,0.011058091185986996,0.011058091185986996
4401,304707,21,3651,0.011056761257350445,0.011056761257350445
4402,417054,29,1310,0.011055879294872284,0.011055879294872284
4403,450828,31,6412,0.011052419431507587,0.011052419431507587
4404,450010,31,5594,0.011051983572542667,0.011051983572542667
4405,335493,23,5765,0.011050560511648655,0.011050560511648655
4406,445633,31,1217,0.01104929018765688,0.01104929018765688
4407,441170,30,11090,0.011045782826840878,0.011045782826840878
4408,452531,31,8115,0.01104438491165638,0.01104438491165638
4409,402133,28,725,0.01104349922388792,0.01104349922388792
4410,457682,31,13266,0.01104066800326109,0.01104066800326109
4411,456630,31,12214,0.011039718985557556,0.011039718985557556
4412,422225,29,6481,0.011038532480597496,0.011038532480597496
4413,409525,28,8117,0.011038199067115784,0.011038199067115784
4414,456575,31,12159,0.011036957614123821,0.011036957614123821
4415,451474,31,7058,0.011036282405257225,0.011036282405257225
4416,433978,30,3898,0.011036056093871593,0.011036056093871593
4417,447837,31,3421,0.01103562768548727,0.01103562768548727
4418,430566,30,486,0.011031510308384895,0.011031510308384895
4419,457696,31,13280,0.0110302260145545,0.0110302260145545
4420,450417,31,6001,0.011028197593986988,0.011028197593986988
4421,406008,28,4600,0.011025313287973404,0.011025313287973404
4422,436726,30,6646,0.011022405698895454,0.011022405698895454
4423,439773,30,9693,0.01102187018841505,0.01102187018841505
4424,440254,30,10174,0.011021607555449009,0.011021607555449009
4425,437779,30,7699,0.011018200777471066,0.011018200777471066
4426,454527,31,10111,0.011017913930118084,0.011017913930118084
4427,445149,31,733,0.011016006581485271,0.011016006581485271
4428,219808,15,4768,0.011013713665306568,0.011013713665306568
4429,451592,31,7176,0.011012183502316475,0.011012183502316475
4430,450107,31,5691,0.01101013831794262,0.01101013831794262
4431,455667,31,11251,0.011009758338332176,0.011009758338332176
4432,449375,31,4959,0.011008094996213913,0.011008094996213913
4433,377098,26,4362,0.01100783608853817,0.01100783608853817
4434,455024,31,10608,0.011007699184119701,0.011007699184119701
4435,446649,31,2233,0.011007500812411308,0.011007500812411308
4436,447509,31,3093,0.011007494293153286,0.011007494293153286
4437,451085,31,6669,0.011005360633134842,0.011005360633134842
4438,423923,29,8179,0.011004283092916012,0.011004283092916012
4439,436016,30,5936,0.011003517545759678,0.011003517545759678
4440,453111,31,8695,0.011002345010638237,0.011002345010638237
4441,425889,29,10145,0.011001437902450562,0.011001437902450562
4442,453728,31,9312,0.01100090704858303,0.01100090704858303
4443,368059,25,9659,0.011000383645296097,0.011000383645296097
4444,457879,31,13463,0.011000113561749458,0.011000113561749458
4445,449482,31,5066,0.010999803431332111,0.010999803431332111
4446,446853,31,2437,0.010998262092471123,0.010998262092471123
4447,430381,30,301,0.010998085141181946,0.010998085141181946
4448,408820,28,7412,0.01099802739918232,0.01099802739918232
4449,453421,31,9005,0.010997481644153595,0.010997481644153595
4450,448548,31,4132,0.010996131226420403,0.010996131226420403
4451,445242,31,826,0.010995260439813137,0.010995260439813137
4452,414803,28,13395,0.010994036681950092,0.010994036681950092
4453,452746,31,8330,0.010992344468832016,0.010992344468832016
4454,457545,31,13129,0.010989946313202381,0.010989946313202381
4455,438797,30,8717,0.010989478789269924,0.010989478789269924
4456,416456,29,712,0.01098904013633728,0.01098904013633728
4457,344121,24,57,0.010985763743519783,0.010985763743519783
4458,447726,31,3310,0.010984227992594242,0.010984227992594242
4459,452732,31,8316,0.010983878746628761,0.010983878746628761
4460,452099,31,7683,0.010983697138726711,0.010983697138726711
4461,458012,31,13596,0.010982781648635864,0.010982781648635864
4462,445385,31,969,0.010982401669025421,0.010982401669025421
4463,432795,30,2715,0.010981988161802292,0.010981988161802292
4464,446309,31,1893,0.010978941805660725,0.010978941805660725
4465,390677,27,3605,0.010978782549500465,0.010978782549500465
4466,449273,31,4857,0.01097871270030737,0.01097871270030737
4467,438223,30,8143,0.01097851525992155,0.01097851525992155
4468,447204,31,2788,0.010975855402648449,0.010975855402648449
4469,456543,31,12127,0.010973361320793629,0.010973361320793629
4470,449587,31,5171,0.010973092168569565,0.010973092168569565
4471,434625,30,4545,0.010971206240355968,0.010971206240355968
4472,449729,31,5313,0.01097075454890728,0.01097075454890728
4473,387076,27,4,0.010965933091938496,0.010965933091938496
4474,453304,31,8888,0.01096514705568552,0.01096514705568552
4475,440130,30,10050,0.010961702093482018,0.010961702093482018
4476,450805,31,6389,0.010960723273456097,0.010960723273456097
4477,446168,31,1752,0.010959908366203308,0.010959908366203308
4478,442378,30,12298,0.010959604755043983,0.010959604755043983
4479,448371,31,3955,0.010957245714962482,0.010957245714962482
4480,450264,31,5848,0.010953599587082863,0.010953599587082863
4481,419501,29,3757,0.010953105986118317,0.010953105986118317
4482,453034,31,8618,0.010952619835734367,0.010952619835734367
4483,407360,28,5952,0.010949439369142056,0.010949439369142056
4484,362665,25,4265,0.010946125723421574,0.010946125723421574
4485,441911,30,11831,0.01094249077141285,0.01094249077141285
4486,448100,31,3684,0.01094187330454588,0.01094187330454588
4487,447922,31,3506,0.010940217413008213,0.010940217413008213
4488,450250,31,5834,0.010939483530819416,0.010939483530819416
4489,449102,31,4686,0.010938987135887146,0.010938987135887146
4490,366827,25,8427,0.010938680730760098,0.010938680730760098
4491,437373,30,7293,0.010937489569187164,0.010937489569187164
4492,231808,16,2432,0.010935966856777668,0.010935966856777668
4493,415535,28,14127,0.010935756377875805,0.010935756377875805
4494,438008,30,7928,0.010933993384242058,0.010933993384242058
4495,351489,24,7425,0.010933395475149155,0.010933395475149155
4496,444301,30,14221,0.010932737030088902,0.010932737030088902
4497,437134,30,7054,0.010932323522865772,0.010932323522865772
4498,453082,31,8666,0.010931014083325863,0.010931014083325863
4499,454156,31,9740,0.010930554941296577,0.010930554941296577
4500,428482,29,12738,0.010928908362984657,0.010928908362984657
4501,457336,31,12920,0.01092732697725296,0.01092732697725296
4502,208352,14,7648,0.01092721987515688,0.01092721987515688
4503,453805,31,9389,0.010925744660198689,0.010925744660198689
4504,417468,29,1724,0.010923001915216446,0.010923001915216446
4505,412596,28,11188,0.010922080837190151,0.010922080837190151
4506,450019,31,5603,0.010920913890004158,0.010920913890004158
4507,444819,31,403,0.010918539948761463,0.010918539948761463
4508,433012,30,2932,0.010917789302766323,0.010917789302766323
4509,375524,26,2788,0.010916488245129585,0.010916488245129585
4510,442769,30,12689,0.010916249826550484,0.010916249826550484
4511,411662,28,10254,0.010915595106780529,0.010915595106780529
4512,458701,31,14285,0.010913945734500885,0.010913945734500885
4513,433594,30,3514,0.010912956669926643,0.010912956669926643
4514,435767,30,5687,0.010912655852735043,0.010912655852735043
4515,453006,31,8590,0.010911213234066963,0.010911213234066963
4516,454467,31,10051,0.01091066375374794,0.01091066375374794
4517,453871,31,9455,0.01090873684734106,0.01090873684734106
4518,309623,21,8567,0.01090426929295063,0.01090426929295063
4519,422235,29,6491,0.01090275589376688,0.01090275589376688
4520,437083,30,7003,0.010901687666773796,0.010901687666773796
4521,455875,31,11459,0.010901402682065964,0.010901402682065964
4522,454658,31,10242,0.010901009663939476,0.010901009663939476
4523,416835,29,1091,0.010900852270424366,0.010900852270424366
4524,446955,31,2539,0.010900510475039482,0.010900510475039482
4525,431535,30,1455,0.010899514891207218,0.010899514891207218
4526,437447,30,7367,0.01089613139629364,0.01089613139629364
4527,380771,26,8035,0.01089275162667036,0.01089275162667036
4528,407376,28,5968,0.010891512967646122,0.010891512967646122
4529,452910,31,8494,0.010887855663895607,0.010887855663895607
4530,433320,30,3240,0.010887308977544308,0.010887308977544308
4531,222481,15,7441,0.010886755771934986,0.010886755771934986
4532,443194,30,13114,0.01088560651987791,0.01088560651987791
4533,332685,23,2957,0.010883504524827003,0.010883504524827003
4534,437182,30,7102,0.01088333036750555,0.01088333036750555
4535,456608,31,12192,0.010881033726036549,0.010881033726036549
4536,445790,31,1374,0.010878398083150387,0.010878398083150387
4537,428862,29,13118,0.010875937528908253,0.010875937528908253
4538,436477,30,6397,0.010874226689338684,0.010874226689338684
4539,455720,31,11304,0.010873792693018913,0.010873792693018913
4540,435391,30,5311,0.010873397812247276,0.010873397812247276
4541,434484,30,4404,0.01087319664657116,0.01087319664657116
4542,409722,28,8314,0.010870293714106083,0.010870293714106083
4543,451431,31,7015,0.010869884863495827,0.010869884863495827
4544,430990,30,910,0.010869811289012432,0.010869811289012432
4545,446778,31,2362,0.010869543999433517,0.010869543999433517
4546,420024,29,4280,0.01086724828928709,0.01086724828928709
4547,450518,31,6102,0.010866710916161537,0.010866710916161537
4548,418457,29,2713,0.010866120457649231,0.010866120457649231
4549,455910,31,11494,0.010865527205169201,0.010865527205169201
4550,448232,31,3816,0.010864932090044022,0.010864932090044022
4551,401365,27,14293,0.010863025672733784,0.010863025672733784
4552,449845,31,5429,0.01086216140538454,0.01086216140538454
4553,431319,30,1239,0.01086051668971777,0.01086051668971777
4554,441333,30,11253,0.010859387926757336,0.010859387926757336
4555,455183,31,10767,0.010858227498829365,0.010858227498829365
4556,445854,31,1438,0.010856120847165585,0.010856120847165585
4557,454521,31,10105,0.010854300111532211,0.010854300111532211
4558,436111,30,6031,0.010853514075279236,0.010853514075279236
4559,452394,31,7978,0.01084686629474163,0.01084686629474163
4560,421354,29,5610,0.010846493765711784,0.010846493765711784
4561,448849,31,4433,0.010845796205103397,0.010845796205103397
4562,452982,31,8566,0.010845176875591278,0.010845176875591278
4563,446926,31,2510,0.010842237621545792,0.010842237621545792
4564,448499,31,4083,0.01084131933748722,0.01084131933748722
4565,454271,31,9855,0.01084093563258648,0.01084093563258648
4566,429574,29,13830,0.010840906761586666,0.010840906761586666
4567,455536,31,11120,0.010840015485882759,0.010840015485882759
4568,454160,31,9744,0.010838105343282223,0.010838105343282223
4569,387160,27,88,0.01083780825138092,0.01083780825138092
4570,449401,31,4985,0.010837316513061523,0.010837316513061523
4571,404057,28,2649,0.01083680521696806,0.01083680521696806
4572,451156,31,6740,0.01083484198898077,0.01083484198898077
4573,441410,30,11330,0.010834104381501675,0.010834104381501675
4574,427644,29,11900,0.010832982137799263,0.010832982137799263
4575,447431,31,3015,0.010829310864210129,0.010829310864210129
4576,426557,29,10813,0.010827409103512764,0.010827409103512764
4577,439604,30,9524,0.01082650013267994,0.01082650013267994
4578,422544,29,6800,0.010826168581843376,0.010826168581843376
4579,428752,29,13008,0.010825998149812222,0.010825998149812222
4580,435503,30,5423,0.010824690572917461,0.010824690572917461
4581,457894,31,13478,0.010823159478604794,0.010823159478604794
4582,457817,31,13401,0.010820010676980019,0.010820010676980019
4583,424973,29,9229,0.010817010886967182,0.010817010886967182
4584,449136,31,4720,0.01081617921590805,0.01081617921590805
4585,387153,27,81,0.010815867222845554,0.010815867222845554
4586,455282,31,10866,0.010814161971211433,0.010814161971211433
4587,442916,30,12836,0.010812975466251373,0.010812975466251373
4588,430142,30,62,0.010812437161803246,0.010812437161803246
4589,456007,31,11591,0.01081213727593422,0.01081213727593422
4590,457040,31,12624,0.010812032967805862,0.010812032967805862
4591,194678,13,8310,0.0108102485537529,0.0108102485537529
4592,445841,31,1425,0.01080992165952921,0.01080992165952921
4593,451722,31,7306,0.01080985926091671,0.01080985926091671
4594,425698,29,9954,0.010809390805661678,0.010809390805661678
4595,451571,31,7155,0.0108091551810503,0.0108091551810503
4596,453635,31,9219,0.010808777995407581,0.010808777995407581
4597,454129,31,9713,0.010805587284266949,0.010805587284266949
4598,400957,27,13885,0.01080554910004139,0.01080554910004139
4599,428310,29,12566,0.010805410332977772,0.010805410332977772
4600,458048,31,13632,0.010804626159369946,0.010804626159369946
4601,453655,31,9239,0.010804161429405212,0.010804161429405212
4602,452376,31,7960,0.010802967473864555,0.010802967473864555
4603,422003,29,6259,0.010797975584864616,0.010797975584864616
4604,450493,31,6077,0.010797788389027119,0.010797788389027119
4605,448047,31,3631,0.010796409100294113,0.010796409100294113
4606,457666,31,13250,0.010794447734951973,0.010794447734951973
4607,437392,30,7312,0.01079414039850235,0.01079414039850235
4608,458034,31,13618,0.010791188105940819,0.010791188105940819
4609,426645,29,10901,0.010789587162435055,0.010789587162435055
4610,396934,27,9862,0.010788589715957642,0.010788589715957642
4611,454423,31,10007,0.010787216015160084,0.010787216015160084
4612,435932,30,5852,0.010784103535115719,0.010784103535115719
4613,456542,31,12126,0.010783541947603226,0.010783541947603226
4614,451108,31,6692,0.010780693031847477,0.010780693031847477
4615,433248,30,3168,0.010779699310660362,0.010779699310660362
4616,454815,31,10399,0.010777747258543968,0.010777747258543968
4617,449573,31,5157,0.010777677409350872,0.010777677409350872
4618,379648,26,6912,0.010775415226817131,0.010775415226817131
4619,431036,30,956,0.01077357865869999,0.01077357865869999
4620,445494,31,1078,0.010773281566798687,0.010773281566798687
4621,458024,31,13608,0.01076941005885601,0.01076941005885601
4622,437423,30,7343,0.01076841726899147,0.01076841726899147
4623,445147,31,731,0.010767724364995956,0.010767724364995956
4624,445015,31,599,0.010767552070319653,0.010767552070319653
4625,446488,31,2072,0.010766941122710705,0.010766941122710705
4626,446635,31,2219,0.010765967890620232,0.010765967890620232
4627,448280,31,3864,0.010765478946268559,0.010765478946268559
4628,410493,28,9085,0.010765278711915016,0.010765278711915016
4629,450295,31,5879,0.010764014907181263,0.010764014907181263
4630,457124,31,12708,0.010763786733150482,0.010763786733150482
4631,418953,29,3209,0.010763715021312237,0.010763715021312237
4632,450325,31,5909,0.01076206099241972,0.01076206099241972
4633,444610,31,194,0.010757782496511936,0.010757782496511936
4634,421593,29,5849,0.010756285861134529,0.010756285861134529
4635,340034,23,10306,0.01075600553303957,0.01075600553303957
4636,458143,31,13727,0.010755890049040318,0.010755890049040318
4637,457619,31,13203,0.010755160823464394,0.010755160823464394
4638,451420,31,7004,0.01075445581227541,0.01075445581227541
4639,379750,26,7014,0.010754415765404701,0.010754415765404701
4640,458114,31,13698,0.01075410470366478,0.01075410470366478
4641,455508,31,11092,0.010753992944955826,0.010753992944955826
4642,452877,31,8461,0.010753334499895573,0.010753334499895573
4643,454107,31,9691,0.010751910507678986,0.010751910507678986
4644,292145,20,5425,0.010750660672783852,0.010750660672783852
4645,450202,31,5786,0.010750503279268742,0.010750503279268742
4646,435779,30,5699,0.01074869092553854,0.01074869092553854
4647,431641,30,1561,0.010748409666121006,0.010748409666121006
4648,320958,22,5566,0.010748155415058136,0.010748155415058136
4649,452475,31,8059,0.010747607797384262,0.010747607797384262
4650,440405,30,10325,0.010745508596301079,0.010745508596301079
4651,449064,31,4648,0.010745435021817684,0.010745435021817684
4652,448180,31,3764,0.010744954459369183,0.010744954459369183
4653,448332,31,3916,0.010744327679276466,0.010744327679276466
4654,439123,30,9043,0.010742654092609882,0.010742654092609882
4655,458085,31,13669,0.010742596350610256,0.010742596350610256
4656,361180,25,2780,0.010742515325546265,0.010742515325546265
4657,449464,31,5048,0.010740482248365879,0.010740482248365879
4658,448943,31,4527,0.010739676654338837,0.010739676654338837
4659,405899,28,4491,0.010739297606050968,0.010739297606050968
4660,452185,31,7769,0.010738805867731571,0.010738805867731571
4661,458648,31,14232,0.010737426578998566,0.010737426578998566
4662,424827,29,9083,0.01073659211397171,0.01073659211397171
4663,450150,31,5734,0.010732784867286682,0.010732784867286682
4664,431335,30,1255,0.010731760412454605,0.010731760412454605
4665,413087,28,11679,0.010726530104875565,0.010726530104875565
4666,454035,31,9619,0.010726026259362698,0.010726026259362698
4667,379447,26,6711,0.01072351261973381,0.01072351261973381
4668,434842,30,4762,0.010722413659095764,0.010722413659095764
4669,313962,21,12906,0.01072179526090622,0.01072179526090622
4670,445381,31,965,0.010721739381551743,0.010721739381551743
4671,457673,31,13257,0.01072118803858757,0.01072118803858757
4672,390986,27,3914,0.010720097459852695,0.010720097459852695
4673,453332,31,8916,0.01071940828114748,0.01071940828114748
4674,439835,30,9755,0.010719343088567257,0.010719343088567257
4675,454426,31,10010,0.01071682758629322,0.01071682758629322
4676,426175,29,10431,0.010715698823332787,0.010715698823332787
4677,415630,28,14222,0.010715634562075138,0.010715634562075138
4678,448473,31,4057,0.010715517215430737,0.010715517215430737
4679,450190,31,5774,0.010714178904891014,0.010714178904891014
4680,448594,31,4178,0.010713801719248295,0.010713801719248295
4681,448006,31,3590,0.010712608695030212,0.010712608695030212
4682,436041,30,5961,0.01071159541606903,0.01071159541606903
4683,447262,31,2846,0.010711407288908958,0.010711407288908958
4684,456909,31,12493,0.010707972571253777,0.010707972571253777
4685,433394,30,3314,0.010706000961363316,0.010706000961363316
4686,391213,27,4141,0.010705668479204178,0.010705668479204178
4687,407329,28,5921,0.010704337619245052,0.010704337619245052
4688,437835,30,7755,0.010704315267503262,0.010704315267503262
4689,434448,30,4368,0.01070353388786316,0.01070353388786316
4690,435605,30,5525,0.010702753439545631,0.010702753439545631
4691,454238,31,9822,0.010701741091907024,0.010701741091907024
4692,448901,31,4485,0.010701701045036316,0.010701701045036316
4693,393885,27,6813,0.010701202787458897,0.010701202787458897
4694,341884,23,12156,0.010700986720621586,0.010700986720621586
4695,436870,30,6790,0.01070088054984808,0.01070088054984808
4696,276812,19,4428,0.01069928053766489,0.01069928053766489
4697,440095,30,10015,0.010699024423956871,0.010699024423956871
4698,449842,31,5426,0.010697458870708942,0.010697458870708942
4699,450423,31,6007,0.010697302408516407,0.010697302408516407
4700,444905,31,489,0.0106969540938735,0.0106969540938735
4701,450178,31,5762,0.010694080963730812,0.010694080963730812
4702,456938,31,12522,0.010693023912608624,0.010693023912608624
4703,441212,30,11132,0.010691399686038494,0.010691399686038494
4704,448367,31,3951,0.010689251124858856,0.010689251124858856
4705,433894,30,3814,0.010686734691262245,0.010686734691262245
4706,457436,31,13020,0.010686521418392658,0.010686521418392658
4707,450356,31,5940,0.01068598497658968,0.01068598497658968
4708,433121,30,3041,0.01068411860615015,0.01068411860615015
4709,441413,30,11333,0.01068396307528019,0.01068396307528019
4710,450316,31,5900,0.010683257132768631,0.010683257132768631
4711,454826,31,10410,0.01068043615669012,0.01068043615669012
4712,413797,28,12389,0.010679853148758411,0.010679853148758411
4713,446104,31,1688,0.010678565129637718,0.010678565129637718
4714,429434,29,13690,0.010677788406610489,0.010677788406610489
4715,450509,31,6093,0.01067621074616909,0.01067621074616909
4716,433720,30,3640,0.010674789547920227,0.010674789547920227
4717,445303,31,887,0.010673490352928638,0.010673490352928638
4718,449749,31,5333,0.010672517120838165,0.010672517120838165
4719,432708,30,2628,0.010672204196453094,0.010672204196453094
4720,445300,31,884,0.010672157630324364,0.010672157630324364
4721,440007,30,9927,0.01067156158387661,0.01067156158387661
4722,424908,29,9164,0.010667877271771431,0.010667877271771431
4723,454458,31,10042,0.010667822323739529,0.010667822323739529
4724,422118,29,6374,0.010664375498890877,0.010664375498890877
4725,440602,30,10522,0.010663487017154694,0.010663487017154694
4726,453766,31,9350,0.010660920292139053,0.010660920292139053
4727,437209,30,7129,0.010660851374268532,0.010660851374268532
4728,434719,30,4639,0.010660160332918167,0.010660160332918167
4729,441249,30,11169,0.010659615509212017,0.010659615509212017
4730,427924,29,12180,0.010659520514309406,0.010659520514309406
4731,449660,31,5244,0.010659483261406422,0.010659483261406422
4732,454569,31,10153,0.010658727027475834,0.010658727027475834
4733,435400,30,5320,0.010656886734068394,0.010656886734068394
4734,431954,30,1874,0.010656693018972874,0.010656693018972874
4735,454171,31,9755,0.010656654834747314,0.010656654834747314
4736,442264,30,12184,0.010656597092747688,0.010656597092747688
4737,435301,30,5221,0.01065631303936243,0.01065631303936243
4738,454476,31,10060,0.010655964724719524,0.010655964724719524
4739,456106,31,11690,0.010655866004526615,0.010655866004526615
4740,430760,30,680,0.01065526157617569,0.01065526157617569
4741,406826,28,5418,0.010655098594725132,0.010655098594725132
4742,438294,30,8214,0.010654264129698277,0.010654264129698277
4743,450210,31,5794,0.010653533041477203,0.010653533041477203
4744,437333,30,7253,0.01064974907785654,0.01064974907785654
4745,448294,31,3878,0.010647239163517952,0.010647239163517952
4746,450269,31,5853,0.010646216571331024,0.010646216571331024
4747,456612,31,12196,0.010645565576851368,0.010645565576851368
4748,413982,28,12574,0.010645093396306038,0.010645093396306038
4749,456758,31,12342,0.010644285008311272,0.010644285008311272
4750,455907,31,11491,0.01064351201057434,0.01064351201057434
4751,448978,31,4562,0.010642152279615402,0.010642152279615402
4752,442650,30,12570,0.010641931556165218,0.010641931556165218
4753,444208,30,14128,0.010641075670719147,0.010641075670719147
4754,454443,31,10027,0.01064026728272438,0.01064026728272438
4755,455911,31,11495,0.01063995435833931,0.01063995435833931
4756,448882,31,4466,0.010639713145792484,0.010639713145792484
4757,447780,31,3364,0.010639441199600697,0.010639441199600697
4758,435078,30,4998,0.010637791827321053,0.010637791827321053
4759,410506,28,9098,0.010636894032359123,0.010636894032359123
4760,450796,31,6380,0.01063299085944891,0.01063299085944891
4761,412693,28,11285,0.010632788762450218,0.010632788762450218
4762,437012,30,6932,0.010631103068590164,0.010631103068590164
4763,423904,29,8160,0.010629219003021717,0.010629219003021717
4764,420891,29,5147,0.01062918920069933,0.01062918920069933
4765,447646,31,3230,0.010629166848957539,0.010629166848957539
4766,450864,31,6448,0.01062904205173254,0.01062904205173254
4767,442973,30,12893,0.010628275573253632,0.010628275573253632
4768,445663,31,1247,0.010627450421452522,0.010627450421452522
4769,446521,31,2105,0.010626849718391895,0.010626849718391895
4770,444585,31,169,0.010626138187944889,0.010626138187944889
4771,455416,31,11000,0.010625428520143032,0.010625428520143032
4772,450315,31,5899,0.010625069960951805,0.010625069960951805
4773,456784,31,12368,0.010624103248119354,0.010624103248119354
4774,457931,31,13515,0.010623516514897346,0.010623516514897346
4775,420068,29,4324,0.010623330250382423,0.010623330250382423
4776,447334,31,2918,0.010623243637382984,0.010623243637382984
4777,452377,31,7961,0.010622362606227398,0.010622362606227398
4778,453848,31,9432,0.01062146108597517,0.01062146108597517
4779,438466,30,8386,0.010621350258588791,0.010621350258588791
4780,453452,31,9036,0.010617504827678204,0.010617504827678204
4781,448541,31,4125,0.01061447337269783,0.01061447337269783
4782,430234,30,154,0.010614020749926567,0.010614020749926567
4783,198626,13,12258,0.01061316765844822,0.01061316765844822
4784,445666,31,1250,0.010612575337290764,0.010612575337290764
4785,433066,30,2986,0.010610520839691162,0.010610520839691162
4786,433157,30,3077,0.010609381832182407,0.010609381832182407
4787,457702,31,13286,0.010606366209685802,0.010606366209685802
4788,357550,24,13486,0.010605912655591965,0.010605912655591965
4789,456063,31,11647,0.010604038834571838,0.010604038834571838
4790,451966,31,7550,0.010603968054056168,0.010603968054056168
4791,452940,31,8524,0.010603074915707111,0.010603074915707111
4792,454217,31,9801,0.010602426715195179,0.010602426715195179
4793,435981,30,5901,0.01060166023671627,0.01060166023671627
4794,446907,31,2491,0.0106014683842659,0.0106014683842659
4795,455451,31,11035,0.010598555207252502,0.010598555207252502
4796,439933,30,9853,0.010597328655421734,0.010597328655421734
4797,424213,29,8469,0.010597110725939274,0.010597110725939274
4798,448404,31,3988,0.01059659756720066,0.01059659756720066
4799,456162,31,11746,0.010596292093396187,0.010596292093396187
4800,456489,31,12073,0.010595898143947124,0.010595898143947124
4801,453155,31,8739,0.010595601983368397,0.010595601983368397
4802,436550,30,6470,0.010594245977699757,0.010594245977699757
4803,457546,31,13130,0.010593904182314873,0.010593904182314873
4804,448016,31,3600,0.010593866929411888,0.010593866929411888
4805,450260,31,5844,0.010592382401227951,0.010592382401227951
4806,442437,30,12357,0.010592370294034481,0.010592370294034481
4807,450435,31,6019,0.010592260397970676,0.010592260397970676
4808,455665,31,11249,0.010592205449938774,0.010592205449938774
4809,279252,19,6868,0.01059142965823412,0.01059142965823412
4810,442409,30,12329,0.010590254329144955,0.010590254329144955
4811,456991,31,12575,0.010589944198727608,0.010589944198727608
4812,454793,31,10377,0.010589376091957092,0.010589376091957092
4813,451042,31,6626,0.010588581673800945,0.010588581673800945
4814,378011,26,5275,0.010587887838482857,0.010587887838482857
4815,457143,31,12727,0.010587723925709724,0.010587723925709724
4816,457787,31,13371,0.010584109462797642,0.010584109462797642
4817,453058,31,8642,0.010583341121673584,0.010583341121673584
4818,433848,30,3768,0.01058194786310196,0.01058194786310196
4819,251331,17,7619,0.010580041445791721,0.010580041445791721
4820,451955,31,7539,0.010579850524663925,0.010579850524663925
4821,444540,31,124,0.01057779137045145,0.01057779137045145
4822,202145,14,1441,0.010577755980193615,0.010577755980193615
4823,343319,23,13591,0.010577274486422539,0.010577274486422539
4824,450062,31,5646,0.010576462373137474,0.010576462373137474
4825,431705,30,1625,0.010573714040219784,0.010573714040219784
4826,442821,30,12741,0.010572753846645355,0.010572753846645355
4827,456469,31,12053,0.010572548024356365,0.010572548024356365
4828,456725,31,12309,0.010570636950433254,0.010570636950433254
4829,446136,31,1720,0.010569247417151928,0.010569247417151928
4830,168954,11,11258,0.010568409226834774,0.010568409226834774
4831,441934,30,11854,0.010567826218903065,0.010567826218903065
4832,448997,31,4581,0.010567772202193737,0.010567772202193737
4833,435209,30,5129,0.010567638091742992,0.010567638091742992
4834,443371,30,13291,0.010565562173724174,0.010565562173724174
4835,447600,31,3184,0.010564652271568775,0.010564652271568775
4836,451399,31,6983,0.010563704185187817,0.010563704185187817
4837,446471,31,2055,0.010563282296061516,0.010563282296061516
4838,437741,30,7661,0.01056300476193428,0.01056300476193428
4839,458680,31,14264,0.010560434311628342,0.010560434311628342
4840,433637,30,3557,0.010559607297182083,0.010559607297182083
4841,453191,31,8775,0.010554428212344646,0.010554428212344646
4842,434340,30,4260,0.01055398304015398,0.01055398304015398
4843,447400,31,2984,0.010553347878158092,0.010553347878158092
4844,447237,31,2821,0.01055192295461893,0.01055192295461893
4845,450681,31,6265,0.010551441460847855,0.010551441460847855
4846,426111,29,10367,0.01055106334388256,0.01055106334388256
4847,445024,31,608,0.010550640523433685,0.010550640523433685
4848,405652,28,4244,0.010549773462116718,0.010549773462116718
4849,447877,31,3461,0.010549488477408886,0.010549488477408886
4850,371146,25,12746,0.010549397207796574,0.010549397207796574
4851,422436,29,6692,0.010549059137701988,0.010549059137701988
4852,443759,30,13679,0.01054734643548727,0.01054734643548727
4853,336567,23,6839,0.010546690784394741,0.010546690784394741
4854,434022,30,3942,0.010542561300098896,0.010542561300098896
4855,419265,29,3521,0.010542523115873337,0.010542523115873337
4856,446424,31,2008,0.010541747324168682,0.010541747324168682
4857,431458,30,1378,0.010540087707340717,0.010540087707340717
4858,418532,29,2788,0.010539150796830654,0.010539150796830654
4859,455162,31,10746,0.010538631118834019,0.010538631118834019
4860,417998,29,2254,0.010537412948906422,0.010537412948906422
4861,408370,28,6962,0.010536598972976208,0.010536598972976208
4862,423141,29,7397,0.010533684864640236,0.010533684864640236
4863,414816,28,13408,0.010532578453421593,0.010532578453421593
4864,456092,31,11676,0.01053205318748951,0.01053205318748951
4865,448255,31,3839,0.010525419376790524,0.010525419376790524
4866,450568,31,6152,0.010525079444050789,0.010525079444050789
4867,453474,31,9058,0.010524795390665531,0.010524795390665531
4868,391824,27,4752,0.010523621924221516,0.010523621924221516
4869,455176,31,10760,0.010521900840103626,0.010521900840103626
4870,453945,31,9529,0.010520398616790771,0.010520398616790771
4871,452126,31,7710,0.010520385578274727,0.010520385578274727
4872,443817,30,13737,0.010520212352275848,0.010520212352275848
4873,430777,30,697,0.010518811643123627,0.010518811643123627
4874,454434,31,10018,0.010518220253288746,0.010518220253288746
4875,422783,29,7039,0.01051799114793539,0.01051799114793539
4876,455794,31,11378,0.010515770874917507,0.010515770874917507
4877,177792,12,5760,0.010515726171433926,0.010515726171433926
4878,347440,24,3376,0.010515167377889156,0.010515167377889156
4879,350105,24,6041,0.010514495894312859,0.010514495894312859
4880,428028,29,12284,0.010513478890061378,0.010513478890061378
4881,446157,31,1741,0.010512406006455421,0.010512406006455421
4882,457061,31,12645,0.010511842556297779,0.010511842556297779
4883,434462,30,4382,0.010511025786399841,0.010511025786399841
4884,458642,31,14226,0.010510241612792015,0.010510241612792015
4885,454949,31,10533,0.010507207363843918,0.010507207363843918
4886,450965,31,6549,0.010506723076105118,0.010506723076105118
4887,442502,30,12422,0.010504438541829586,0.010504438541829586
4888,444426,31,10,0.010503140278160572,0.010503140278160572
4889,450081,31,5665,0.010502378456294537,0.010502378456294537
4890,386899,26,14163,0.010500595904886723,0.010500595904886723
4891,451501,31,7085,0.01050055306404829,0.01050055306404829
4892,448715,31,4299,0.010500085540115833,0.010500085540115833
4893,447212,31,2796,0.010499902069568634,0.010499902069568634
4894,424886,29,9142,0.010499713942408562,0.010499713942408562
4895,450720,31,6304,0.010499415919184685,0.010499415919184685
4896,450476,31,6060,0.010497674345970154,0.010497674345970154
4897,444977,31,561,0.01049715280532837,0.01049715280532837
4898,431965,30,1885,0.010496394708752632,0.010496394708752632
4899,421291,29,5547,0.01049595233052969,0.01049595233052969
4900,450241,31,5825,0.010495253838598728,0.010495253838598728
4901,444707,31,291,0.01049446128308773,0.01049446128308773
4902,442897,30,12817,0.010494396090507507,0.010494396090507507
4903,454720,31,10304,0.010493716225028038,0.010493716225028038
4904,445445,31,1029,0.010491091758012772,0.010491091758012772
4905,426794,29,11050,0.010490335524082184,0.010490335524082184
4906,439726,30,9646,0.010487020947039127,0.010487020947039127
4907,429904,29,14160,0.010484511032700539,0.010484511032700539
4908,430404,30,324,0.010484307073056698,0.010484307073056698
4909,442879,30,12799,0.010483602993190289,0.010483602993190289
4910,448056,31,3640,0.010483387857675552,0.010483387857675552
4911,457941,31,13525,0.010483297519385815,0.010483297519385815
4912,427983,29,12239,0.010482597164809704,0.010482597164809704
4913,256639,17,12927,0.010481936857104301,0.010481936857104301
4914,448992,31,4576,0.010481806471943855,0.010481806471943855
4915,417590,29,1846,0.010481126606464386,0.010481126606464386
4916,395911,27,8839,0.010477462783455849,0.010477462783455849
4917,237353,16,7977,0.010477450676262379,0.010477450676262379
4918,416687,29,943,0.010476219467818737,0.010476219467818737
4919,435977,30,5897,0.010475638322532177,0.010475638322532177
4920,331118,23,1390,0.010472814552485943,0.010472814552485943
4921,458593,31,14177,0.010472630150616169,0.010472630150616169
4922,446572,31,2156,0.010471649467945099,0.010471649467945099
4923,334845,23,5117,0.010470863431692123,0.010470863431692123
4924,394087,27,7015,0.01047042477875948,0.01047042477875948
4925,453414,31,8998,0.010468918830156326,0.010468918830156326
4926,456918,31,12502,0.010468246415257454,0.010468246415257454
4927,448096,31,3680,0.010467574931681156,0.010467574931681156
4928,451402,31,6986,0.010466332547366619,0.010466332547366619
4929,449362,31,4946,0.010465845465660095,0.010465845465660095
4930,451871,31,7455,0.010463930666446686,0.010463930666446686
4931,453079,31,8663,0.010462622158229351,0.010462622158229351
4932,452460,31,8044,0.010460811667144299,0.010460811667144299
4933,444986,31,570,0.010458581149578094,0.010458581149578094
4934,450793,31,6377,0.01045829989016056,0.01045829989016056
4935,424991,29,9247,0.010458233766257763,0.010458233766257763
4936,445839,31,1423,0.010458210483193398,0.010458210483193398
4937,454155,31,9739,0.010457352735102177,0.010457352735102177
4938,383345,26,10609,0.010455734096467495,0.010455734096467495
4939,442363,30,12283,0.010454556904733181,0.010454556904733181
4940,444818,31,402,0.010454398579895496,0.010454398579895496
4941,433517,30,3437,0.010454323142766953,0.010454323142766953
4942,452444,31,8028,0.010453948751091957,0.010453948751091957
4943,447943,31,3527,0.010451190173625946,0.010451190173625946
4944,448366,31,3950,0.010450825095176697,0.010450825095176697
4945,442709,30,12629,0.010447495616972446,0.010447495616972446
4946,453202,31,8786,0.010447152890264988,0.010447152890264988
4947,437673,30,7593,0.010446343570947647,0.010446343570947647
4948,430316,30,236,0.01044599898159504,0.01044599898159504
4949,440078,30,9998,0.010444754734635353,0.010444754734635353
4950,453743,31,9327,0.010444537736475468,0.010444537736475468
4951,454965,31,10549,0.010444060899317265,0.010444060899317265
4952,447355,31,2939,0.010443883016705513,0.010443883016705513
4953,443497,30,13417,0.010442536324262619,0.010442536324262619
4954,327241,22,11849,0.01044252049177885,0.01044252049177885
4955,457856,31,13440,0.010442386381328106,0.010442386381328106
4956,452408,31,7992,0.010441222228109837,0.010441222228109837
4957,414845,28,13437,0.010440964251756668,0.010440964251756668
4958,441745,30,11665,0.010440043173730373,0.010440043173730373
4959,444800,31,384,0.010438846424221992,0.010438846424221992
4960,423339,29,7595,0.01043666061013937,0.01043666061013937
4961,390608,27,3536,0.010435906238853931,0.010435906238853931
4962,413884,28,12476,0.010434787720441818,0.010434787720441818
4963,345702,24,1638,0.010431123897433281,0.010431123897433281
4964,431596,30,1516,0.01042940467596054,0.01042940467596054
4965,444023,30,13943,0.010428943671286106,0.010428943671286106
4966,442610,30,12530,0.010427695699036121,0.010427695699036121
4967,398733,27,11661,0.010427188128232956,0.010427188128232956
4968,446847,31,2431,0.010426778346300125,0.010426778346300125
4969,419381,29,3637,0.01042666845023632,0.01042666845023632
4970,251352,17,7640,0.010426446795463562,0.010426446795463562
4971,353483,24,9419,0.01042570173740387,0.01042570173740387
4972,448356,31,3940,0.010425676591694355,0.010425676591694355
4973,430954,30,874,0.010425003245472908,0.010425003245472908
4974,457854,31,13438,0.010424218140542507,0.010424218140542507
4975,354131,24,10067,0.0104239322245121,0.0104239322245121
4976,419685,29,3941,0.010423372499644756,0.010423372499644756
4977,424511,29,8767,0.010421567596495152,0.010421567596495152
4978,447504,31,3088,0.010420260950922966,0.010420260950922966
4979,412649,28,11241,0.01041856873780489,0.01041856873780489
4980,448840,31,4424,0.010418090969324112,0.010418090969324112
4981,450823,31,6407,0.010418089106678963,0.010418089106678963
4982,435777,30,5697,0.010417083278298378,0.010417083278298378
4983,447020,31,2604,0.010416996665298939,0.010416996665298939
4984,444430,31,14,0.010416901670396328,0.010416901670396328
4985,426044,29,10300,0.010416459292173386,0.010416459292173386
4986,454491,31,10075,0.01041606068611145,0.01041606068611145
4987,417039,29,1295,0.010416043922305107,0.010416043922305107
4988,321916,22,6524,0.010415914468467236,0.010415914468467236
4989,453229,31,8813,0.010415848344564438,0.010415848344564438
4990,439065,30,8985,0.010415582917630672,0.010415582917630672
4991,422859,29,7115,0.010413824580609798,0.010413824580609798
4992,414473,28,13065,0.01041317917406559,0.01041317917406559
4993,413065,28,11657,0.010412166826426983,0.010412166826426983
4994,435726,30,5646,0.010411120019853115,0.010411120019853115
4995,429360,29,13616,0.010411099530756474,0.010411099530756474
4996,437367,30,7287,0.010410748422145844,0.010410748422145844
4997,414496,28,13088,0.010410269722342491,0.010410269722342491
4998,453902,31,9486,0.01040958147495985,0.01040958147495985
4999,446714,31,2298,0.010409094393253326,0.010409094393253326
