method_a,method_b,layer_a,layer_b,cka,null_mean,null_std,z
siren,wang,0,0,0.7795988479985447,0.32316162299337786,0.036115904447035045,12.63812251122063
siren,wang,0,2,0.46944053858551543,0.3026862558567702,0.02575261743267312,6.4752362809218384
siren,wang,0,3,0.5514261936248871,0.30926824628801686,0.014660795847869581,16.517380764977993
siren,wang,0,4,0.5534818756961664,0.29237399613664483,0.005788592087532488,45.107320676801116
siren,wang,0,5,0.42127471352084583,0.28195183382289957,0.022561571482716727,6.175229407431767
siren,wang,0,6,0.46637068857356506,0.2985021892523527,0.016283250873565237,10.309274273587196
siren,wang,0,7,0.46872541803480133,0.3012370863411916,0.012807275048388937,13.07759309148893
siren,wang,0,8,0.4509981210684824,0.3140499323209432,0.02076632125919818,6.594725519180714
siren,wang,0,9,0.39519271583021315,0.31070033958069354,0.015096863633004668,5.596684073160925
siren,wang,0,10,0.40563596268972696,0.29107475521824644,0.008975759868173065,12.763399328195087
siren,wang,0,11,0.40241984858253366,0.3244161278288,0.011240340032377484,6.93962286986391
siren,wang,0,12,0.3748808768346486,0.3311645912305013,0.01440782239744273,3.034204919954218
siren,wang,0,13,0.37132152793978784,0.31570143135067474,0.0144316750451776,3.854029169517559
siren,wang,0,14,0.3825174713627068,0.3128059653315739,0.017050205617589898,4.088602072881445
siren,wang,0,15,0.37363150339682394,0.28803731928403054,0.009277148709315432,9.226346024489832
siren,wang,0,16,0.372023594431066,0.28300755977838815,0.013621544510619261,6.534944299692413
siren,wang,0,17,0.36072577354493274,0.26404449795597673,0.01961424683832627,4.92913525489241
siren,wang,0,18,0.4060409737680157,0.2740611740878471,0.02360751232556149,5.5905848045355
siren,wang,0,19,0.3169669601980167,0.26604139284062656,0.010142044713574268,5.021232778557026
siren,wang,0,20,0.3249482930252646,0.24425389672058317,0.012650946072100233,6.378526621233558
siren,wang,0,21,0.4541117561251222,0.25023900564654344,0.015823775539057717,12.883951113649271
siren,wang,0,22,0.27405922898759677,0.21199981021939968,0.016254594967186637,3.8179615606219195
siren,wang,0,23,0.30859378655876163,0.18859091267262104,0.007004488490423675,17.132282257327553
siren,wang,0,24,0.4036186523868783,0.21210332922192401,0.008027227704083085,23.85821484390422
siren,wang,0,25,0.32781302765197895,0.2223749021581845,0.008836561420058543,11.932031078792173
siren,wang,0,26,0.4853245214869756,0.2077691738267317,0.01778266342324781,15.608198898787425
siren,wang,0,27,0.36683865582344455,0.23906458341049155,0.015540484137758827,8.222013630997466
siren,wang,0,28,0.44494675801465233,0.2321912005051406,0.01813178155991491,11.733847377682073
siren,wang,0,29,0.34092976900574545,0.24668983051491353,0.023909546764606035,3.9415192357530557
siren,wang,0,30,0.4319050670681135,0.3268700170597326,0.020470086830077113,5.13114823988195
siren,wang,0,31,0.5305019127409782,0.37929185430310913,0.024151837691945663,6.26080964796711
siren,wang,1,0,0.5571663707296315,0.16322394019372724,0.02107147420755791,18.6955324841299
siren,wang,1,2,0.41883549896337224,0.1787271048651839,0.00776439036302678,30.92430736630136
siren,wang,1,3,0.4815455543133192,0.1882584581262596,0.009439394927535165,31.07053984271038
siren,wang,1,4,0.4644173916393657,0.1721104325856719,0.0026998106080871258,108.2694312623653
siren,wang,1,5,0.35676208677129306,0.1688591947584382,0.006250009147080286,30.06441872179249
siren,wang,1,6,0.3838283691013816,0.18066748697910448,0.004280643935395554,47.46035530831974
siren,wang,1,7,0.4028248950623326,0.1853585769250245,0.007380836766536244,29.463640101522387
siren,wang,1,8,0.37039401766205216,0.187491528540419,0.0052751853040586185,34.67223966159288
siren,wang,1,9,0.3201589976376702,0.18755488910581758,0.007249070890209357,18.292566115051876
siren,wang,1,10,0.3313569087005411,0.17891951892388974,0.00721935605864062,21.11509510522117
siren,wang,1,11,0.33629522549299423,0.19513566139941413,0.007694617504495871,18.345234706091926
siren,wang,1,12,0.32040698604101026,0.1973624486393497,0.0086679966358704,14.195268246006302
siren,wang,1,13,0.3118995252460276,0.1917669184325767,0.0072178867282195296,16.643736780153734
siren,wang,1,14,0.30972836444701435,0.18622032809363093,0.0037696118792077374,32.764125408937645
siren,wang,1,15,0.2854056225416307,0.17511998571465517,0.008023666841016143,13.74504188823082
siren,wang,1,16,0.29774923939114784,0.16607765496476617,0.00851501148313272,15.463465279783621
siren,wang,1,17,0.28352674668830535,0.15889279043192514,0.00960758530656553,12.972453772667434
siren,wang,1,18,0.32265925963097986,0.16286520486502326,0.014140969690449095,11.300077594670368
siren,wang,1,19,0.23326176875386218,0.16238278108777873,0.010543178881297653,6.722734050525724
siren,wang,1,20,0.25320832235590623,0.14834674946661489,0.00841349560968407,12.463496476850118
siren,wang,1,21,0.3423550032773312,0.1496586747043363,0.003751441664962545,51.36594029242857
siren,wang,1,22,0.19515221737094407,0.126668851963409,0.008952012578202674,7.650052411039476
siren,wang,1,23,0.23574942698831322,0.11264495070523992,0.003042796818483598,40.45767220974793
siren,wang,1,24,0.29818835097462343,0.12830420667684167,0.0061660010626227064,27.55175397675355
siren,wang,1,25,0.24386511032554056,0.13098429368575798,0.004260615669184292,26.49401527957906
siren,wang,1,26,0.3754600337649908,0.12149952755444357,0.009989680113342331,25.422286132201037
siren,wang,1,27,0.28529163287279974,0.13845133527826423,0.004507758786827201,32.57501222639499
siren,wang,1,28,0.35255128699336896,0.13531485856998396,0.007016132716402037,30.962417218183216
siren,wang,1,29,0.258832729494532,0.14214080954221073,0.013272192664109082,8.792211121820271
siren,wang,1,30,0.34051945214517937,0.17376189580006582,0.012433655673175623,13.411788192339635
siren,wang,1,31,0.41963826944017113,0.19453177064724717,0.009401617505761647,23.943379812566366
siren,wang,2,0,0.5101851056817109,0.1931369606963355,0.01897831665524706,16.70580962183066
siren,wang,2,2,0.6312079934121211,0.2299574121727029,0.00972859633120989,41.24444756251048
siren,wang,2,3,0.5157772809641025,0.2433512731546041,0.01620185872215683,16.814491008796576
siren,wang,2,4,0.4774636425902823,0.22588932797150454,0.0073313628011963585,34.3148090526532
siren,wang,2,5,0.4044846850290496,0.2167494678703877,0.012463017915641812,15.06338339793633
siren,wang,2,6,0.4313353710854397,0.23314008731246388,0.00733388507523375,27.02459634147714
siren,wang,2,7,0.4424617851153492,0.23898489960985145,0.009499942960638066,21.418748128128886
siren,wang,2,8,0.40914664641781956,0.24589942042785778,0.006739321060968219,24.223096735282784
siren,wang,2,9,0.3702460814181658,0.24601968197801546,0.0056137657349689795,22.128889110267934
siren,wang,2,10,0.3811198863105831,0.23207127689328474,0.011841266872874272,12.587218159801447
siren,wang,2,11,0.3807709678052227,0.256359550120251,0.01537276082917607,8.092978162312287
siren,wang,2,12,0.351741880383882,0.2605281348400726,0.015214548896413901,5.995165953642481
siren,wang,2,13,0.3443047942939808,0.24972407869705532,0.00817300345683274,11.57233275337168
siren,wang,2,14,0.34415297684374657,0.24361968058653108,0.00713074571020213,14.098567014299793
siren,wang,2,15,0.3318381010145779,0.22719093419548114,0.014376260529052293,7.279164606652775
siren,wang,2,16,0.33606829433777297,0.22040345247612655,0.013910532591869586,8.314911100474333
siren,wang,2,17,0.318731143317876,0.20842764754794932,0.01399286621929029,7.882837871905361
siren,wang,2,18,0.3454695012930104,0.21358731330326092,0.013446449536331093,9.807956191960987
siren,wang,2,19,0.2874671416674126,0.21287804754001366,0.008329658581071112,8.954640025330729
siren,wang,2,20,0.2864502276696451,0.1890785223127776,0.006538019998508847,14.893148901207931
siren,wang,2,21,0.3686007882115047,0.19050863490791262,0.004785008612899734,37.21877382278473
siren,wang,2,22,0.23289599098129354,0.1600919796367136,0.014491776535987976,5.023815483476646
siren,wang,2,23,0.27520738084549556,0.14149199272435692,0.009379541355940301,14.25606893203294
siren,wang,2,24,0.33249902323049507,0.16017547702498944,0.004007276733634522,43.00265683154144
siren,wang,2,25,0.2817918700435097,0.1657285526069705,0.006284718650628761,18.467543877231087
siren,wang,2,26,0.3641607591400344,0.15633443574319664,0.020667363492801082,10.055773367959025
siren,wang,2,27,0.3103995072112377,0.1775279712883302,0.007799760051818985,17.035336348830434
siren,wang,2,28,0.36657427831376865,0.16887240190958377,0.01304506872591227,15.155295886749663
siren,wang,2,29,0.27730938038159425,0.18204201620677712,0.02317893308681547,4.110084093085659
siren,wang,2,30,0.3441184638290944,0.22573522298998974,0.010826366319060043,10.934715984132968
siren,wang,2,31,0.4072789724470385,0.24041418593725417,0.014779129118218472,11.290569638781177
siren,wang,3,0,0.47228761795892843,0.23339613538123466,0.023686020088769712,10.085758674626799
siren,wang,3,2,0.47743337964154514,0.27612172905776466,0.014135354566256014,14.241712129694477
siren,wang,3,3,0.6952995214989801,0.3520631564280906,0.012675749544386598,27.078190829582166
siren,wang,3,4,0.5297460482240074,0.31820810700290225,0.009903327972186432,21.360288361166162
siren,wang,3,5,0.4910284880217847,0.3203110621488226,0.01851653810458896,9.21972697642942
siren,wang,3,6,0.5016865011718555,0.3433870118018502,0.006554122461774329,24.152659687587004
siren,wang,3,7,0.5191757273666207,0.3435660395351471,0.01136495299003531,15.451862228154097
siren,wang,3,8,0.49647687343726193,0.36007055210287253,0.01742757522853875,7.827039593609986
siren,wang,3,9,0.47956046955708903,0.36337341033808146,0.013395373892504824,8.67367048888559
siren,wang,3,10,0.47878921463656354,0.34600327842501055,0.013317506677334829,9.97078052437116
siren,wang,3,11,0.4504125096211321,0.36851732052424746,0.018591562561033108,4.4049653614663065
siren,wang,3,12,0.42034614759527683,0.37115625995869567,0.0118430724886463,4.15347349125309
siren,wang,3,13,0.44096922877390243,0.3668898308536021,0.004609716491651168,16.070272012274145
siren,wang,3,14,0.4261682564045018,0.3517145342294308,0.010317057168421592,7.216565824890326
siren,wang,3,15,0.4359015411487735,0.3414786286108121,0.01043484044228078,9.048812299550894
siren,wang,3,16,0.4056180022730238,0.315697888416769,0.009786831456817826,9.187867825557937
siren,wang,3,17,0.3967682791589641,0.3128265351542605,0.013495711133275046,6.219882981767202
siren,wang,3,18,0.40888869376982784,0.3177363541299102,0.01387580411926267,6.5691572795682625
siren,wang,3,19,0.36652042485783887,0.3034882919176249,0.005903340543367339,10.67736690390212
siren,wang,3,20,0.34141740148461786,0.2825744004041225,0.009600902930048016,6.128902823955648
siren,wang,3,21,0.435474600849656,0.29132292089758627,0.006548420021372412,22.01320005155359
siren,wang,3,22,0.3005155045063781,0.2490306378691105,0.014748943505720704,3.4907494640072385
siren,wang,3,23,0.3357756248047278,0.2230961376471196,0.013961555920356698,8.070696976782898
siren,wang,3,24,0.4033500887790176,0.24810916914475603,0.008562349518413784,18.130645017516255
siren,wang,3,25,0.34695911896639925,0.25487146688272205,0.01174207731986755,7.842534976998086
siren,wang,3,26,0.4040534335330712,0.23064044330454075,0.011580821884215439,14.974152263311371
siren,wang,3,27,0.3659470996617795,0.26769405871691176,0.0061220912298652905,16.048934466308125
siren,wang,3,28,0.40759030159569337,0.2508915531213186,0.006304271532331082,24.85596435222603
siren,wang,3,29,0.3264392395554386,0.26629876310790734,0.01621198882442279,3.7096297745364666
siren,wang,3,30,0.38798709814108057,0.3214737201890815,0.016956479569393265,3.9225935831666887
siren,wang,3,31,0.4567686655762044,0.3243111576399017,0.0058995283180331495,22.452220041290154
siren,wang,4,0,0.39899880716315045,0.11295690166080838,0.022546466823389365,12.68677295396042
siren,wang,4,2,0.33184547256188024,0.13257146735082023,0.021103329120657453,9.442775785361576
siren,wang,4,3,0.4225848375452868,0.16957035120911676,0.010849448311469738,23.32049327049101
siren,wang,4,4,0.5170884107922594,0.17815227383443766,0.008621623066641083,39.312335315288685
siren,wang,4,5,0.400065204687292,0.1729818363166849,0.010363543890904072,21.911748602706723
siren,wang,4,6,0.39420543001459546,0.18000145849174587,0.010651784140598532,20.10968009635363
siren,wang,4,7,0.4263859672998973,0.1817790091715768,0.016808053288892212,14.552961840617897
siren,wang,4,8,0.40502644201948457,0.1899635101933774,0.013407827275393447,16.040103098642895
siren,wang,4,9,0.3702871366868109,0.20042578012413342,0.005359969464248325,31.690732138620238
siren,wang,4,10,0.3712383928921723,0.18517790756967847,0.01041491848198142,17.864804764856512
siren,wang,4,11,0.36098169327759355,0.19397715251532274,0.014986490386038954,11.143672498388824
siren,wang,4,12,0.3299285364785171,0.19405758253948344,0.014968019665794778,9.077416850909726
siren,wang,4,13,0.32047553307389637,0.1907601360518417,0.01144043388019307,11.33832845681073
siren,wang,4,14,0.3498268315155075,0.18141347662336535,0.013775088067480661,12.225936710322856
siren,wang,4,15,0.3193269890422733,0.18199956391187153,0.007331133857503521,18.73208534991421
siren,wang,4,16,0.29269722591863195,0.16903239386818197,0.00860333611838456,14.374055639438437
siren,wang,4,17,0.26513214352585907,0.16435768695686026,0.007473417967489317,13.484386529347805
siren,wang,4,18,0.3216338761847614,0.17544898977927725,0.011939340010423056,12.243967110230935
siren,wang,4,19,0.25353509579895595,0.16035875099272534,0.007913662823210748,11.774111039068366
siren,wang,4,20,0.2660299486439038,0.1503088007314057,0.006206322193938082,18.64568810583613
siren,wang,4,21,0.33441894490994484,0.15972054314329914,0.006453091796854337,27.072046588862293
siren,wang,4,22,0.20391043335573328,0.13711666558896382,0.012016901449084414,5.558318677220955
siren,wang,4,23,0.22826046634018102,0.12362974208997783,0.009032018093917677,11.584423676106605
siren,wang,4,24,0.29306238382186073,0.13630009286785255,0.003379923216913408,46.38042964099215
siren,wang,4,25,0.24201511544938484,0.13705262772720322,0.004495018641091793,23.350845925899723
siren,wang,4,26,0.33586691352279596,0.12431392435950332,0.007042496391381422,30.03948847204101
siren,wang,4,27,0.28196996444595146,0.14419414552482268,0.0039475650959991514,34.90146851809088
siren,wang,4,28,0.32912588908373536,0.13404475807743516,0.00727523641010948,26.814404372512282
siren,wang,4,29,0.22990167716855617,0.14322557409795722,0.008419067998337838,10.295213566122907
siren,wang,4,30,0.30749361191310953,0.17065724110187128,0.004643331871253607,29.469435871766617
siren,wang,4,31,0.3683922526353829,0.17732411777288393,0.021107629268501196,9.052088817365622
siren,wang,5,0,0.4406015486230052,0.23896998106559816,0.021811042328184076,9.244471883714615
siren,wang,5,2,0.45543912735920944,0.2857499059254266,0.014131855061941218,12.007568765036112
siren,wang,5,3,0.5778798038247412,0.3724176197893359,0.01333598251936245,15.406602680912018
siren,wang,5,4,0.5446563964228363,0.3642545549357262,0.012223141269719422,14.759040864071686
siren,wang,5,5,0.620532365287224,0.3946899679064656,0.015659990884831807,14.421617422492133
siren,wang,5,6,0.574155863833781,0.40901544737895873,0.006902699952210191,23.924032276956442
siren,wang,5,7,0.5860885993949007,0.4085370752585232,0.011674916211825955,15.20794846960263
siren,wang,5,8,0.5675079187304329,0.4389535915211461,0.01210775640003774,10.617518470134247
siren,wang,5,9,0.5636776932087826,0.4464368554036291,0.012304323643745275,9.528426039472
siren,wang,5,10,0.5552669382359021,0.4244164486431812,0.004473924825269399,29.247359913974805
siren,wang,5,11,0.5214110935002544,0.44669037560080954,0.008827005501642182,8.465013178653141
siren,wang,5,12,0.49909756915216613,0.44602139652871653,0.004559701141800438,11.640274433094097
siren,wang,5,13,0.5151265141001115,0.4403947746286577,0.006908099891865696,10.81798767262334
siren,wang,5,14,0.5014680522151997,0.4211131508418652,0.008748996544869126,9.184470580281452
siren,wang,5,15,0.4927291005015447,0.41202504863010886,0.00812494440605637,9.932874348195996
siren,wang,5,16,0.45618285659359115,0.37626146419949574,0.015001949451459438,5.3274004590330355
siren,wang,5,17,0.45286412381185176,0.37580694519633,0.013629597558221454,5.653664995342464
siren,wang,5,18,0.4660456352973498,0.3834991892935321,0.01364163998093213,6.051064690110473
siren,wang,5,19,0.41986074663145373,0.3622315334341887,0.009517046188648536,6.055367606180408
siren,wang,5,20,0.40008404657724617,0.3365702337359463,0.009858674414853108,6.442429293091348
siren,wang,5,21,0.47073525954439066,0.34750278441178395,0.00899215697615922,13.704439931301382
siren,wang,5,22,0.34666918173884337,0.30596200125378925,0.010719215520009085,3.797589516608545
siren,wang,5,23,0.37854259766462944,0.27759307490730223,0.020143087074166285,5.011621226956617
siren,wang,5,24,0.4459245373384278,0.30485979874159913,0.008060183935768373,17.501429213151205
siren,wang,5,25,0.39622487719147736,0.31058502678012473,0.013645285558725361,6.276149373553488
siren,wang,5,26,0.4228183135578714,0.2800273651082162,0.008633810480809863,16.538578043499196
siren,wang,5,27,0.4103027012942664,0.3262755370264834,0.015942016679042912,5.270798918322774
siren,wang,5,28,0.4336432551372174,0.3033756453507489,0.009385572462250507,13.879559324741761
siren,wang,5,29,0.3588934039806819,0.318173752492808,0.017229639770038434,2.3633489748685035
siren,wang,5,30,0.42175965934092285,0.3883931004164285,0.02148375940655505,1.553106153028025
siren,wang,5,31,0.47356282138613726,0.38710961948227013,0.004856477122884024,17.80162857073788
siren,wang,6,0,0.365171118592912,0.13423994069956258,0.01862489282748446,12.399060764127885
siren,wang,6,2,0.35060262781422913,0.15272996024593768,0.01034355853016721,19.13003798365829
siren,wang,6,3,0.45921307089959307,0.20439108362919475,0.013447258337667288,18.94973539376522
siren,wang,6,4,0.4345405715915539,0.20537991291293597,0.014354317683292319,15.964580395580143
siren,wang,6,5,0.44032904741095297,0.2117831201222978,0.013806283945658986,16.553761184993974
siren,wang,6,6,0.5934897573368707,0.23442044073116639,0.011656847123631357,30.803296362854464
siren,wang,6,7,0.4898063921362223,0.23499193085724426,0.012996642591293987,19.606175940367063
siren,wang,6,8,0.5058857464185295,0.24799177586544113,0.006280509314587661,41.062588658865806
siren,wang,6,9,0.4652544928269366,0.24920654282383214,0.012769393488288953,16.91920216893982
siren,wang,6,10,0.4859611916745227,0.24047377673507367,0.014638460430175079,16.770029615506015
siren,wang,6,11,0.4506588517278124,0.2536061457950947,0.01919882906175119,10.26378771845494
siren,wang,6,12,0.43078367547860175,0.25377098959086647,0.013555838612438243,13.058040225214558
siren,wang,6,13,0.41876843393492585,0.2512297198668088,0.014897808880342998,11.245862758326629
siren,wang,6,14,0.4469646838927526,0.2336200257028874,0.015718726368162784,13.57264279515549
siren,wang,6,15,0.411589448958345,0.2297027944715532,0.017743963213571072,10.250621707087392
siren,wang,6,16,0.36257291613990306,0.21175222498330765,0.015025531435853652,10.037627740521032
siren,wang,6,17,0.35112576045807037,0.21121648157258582,0.019890916297568003,7.033827742897435
siren,wang,6,18,0.3850070832492052,0.20949404372459193,0.01609820169745924,10.902648806562926
siren,wang,6,19,0.3375730815407574,0.20045680416521766,0.008579704376295723,15.98146875017849
siren,wang,6,20,0.3199577352405532,0.18454228662673872,0.016735678817644525,8.091422528439372
siren,wang,6,21,0.39528909836413645,0.18980101033850114,0.011828268634137131,17.372626069092114
siren,wang,6,22,0.282871732008597,0.16901175581527988,0.01767404956833654,6.442212111778832
siren,wang,6,23,0.2886053339230685,0.15140643250516522,0.00939421525351186,14.604615469782203
siren,wang,6,24,0.3681132291717911,0.16336130019704348,0.01350192808937219,15.16464371750836
siren,wang,6,25,0.30827932733042546,0.16663291227993643,0.009056653439415165,15.64003922619301
siren,wang,6,26,0.3816884510250882,0.1523119532221318,0.015643172114957173,14.663042515759239
siren,wang,6,27,0.3438163211911428,0.1750771927178969,0.010935779757986049,15.430004280217982
siren,wang,6,28,0.3579496399560848,0.16438972837782534,0.011498158302122478,16.83399258318871
siren,wang,6,29,0.29881136200935504,0.17436420351683468,0.01265545345877895,9.833480791333693
siren,wang,6,30,0.36102170731968397,0.20967110418722773,0.018132453194395066,8.346945750244116
siren,wang,6,31,0.4064618102480531,0.21240318009797363,0.02177903862231079,8.910339593745096
siren,wang,7,0,0.287579548060628,0.1384636076561601,0.016832569162084452,8.858774853000648
siren,wang,7,2,0.3141041478468976,0.16908324911319508,0.02081882682012403,6.965853551052237
siren,wang,7,3,0.42239925976709897,0.2115138392440558,0.018424519750885354,11.445911392773723
siren,wang,7,4,0.3968347338469446,0.21246405317120848,0.0058669744269142805,31.42517203244491
siren,wang,7,5,0.41084642059017434,0.21944934867120441,0.012927134301832238,14.805839209997385
siren,wang,7,6,0.46373666128058705,0.24653283435164258,0.019430842355716234,11.178302152456435
siren,wang,7,7,0.6049345874839501,0.2571948370085124,0.02263142413726089,15.365349894305197
siren,wang,7,8,0.501199908008042,0.2757483098453054,0.023370413758404665,9.646880902211576
siren,wang,7,9,0.4938595739653292,0.270615493036655,0.022193291331955408,10.059079457368822
siren,wang,7,10,0.5023953072954146,0.2675596749452232,0.02180880190645845,10.767929084662248
siren,wang,7,11,0.4743016198546322,0.27812531265930124,0.022243625135117955,8.819439547450846
siren,wang,7,12,0.456000880185224,0.2818436070438425,0.024033930004637133,7.246308577406168
siren,wang,7,13,0.44555112294383986,0.2669046207250293,0.017620366102660576,10.138637368711422
siren,wang,7,14,0.46609023393993254,0.26217116854865974,0.01601666083256093,12.731684058434785
siren,wang,7,15,0.4121465024673693,0.24347920760158584,0.013867413746086597,12.1628515564686
siren,wang,7,16,0.3911667207710522,0.23394429335577124,0.025270825521783242,6.221499463076761
siren,wang,7,17,0.36490318891043766,0.22491751557579742,0.010947439879697813,12.78706938544104
siren,wang,7,18,0.4093975710111422,0.22551777768425046,0.017818797049066356,10.319428007432546
siren,wang,7,19,0.34996067122104085,0.21309856906255206,0.017981079141424213,7.6114509636515875
siren,wang,7,20,0.34805523784196096,0.19702667764882867,0.01587368712264869,9.514396940433812
siren,wang,7,21,0.37871607141876107,0.20322091945406534,0.013178724258058041,13.316550868525109
siren,wang,7,22,0.2955500035115883,0.17695411866573268,0.013424558378037398,8.834248509796693
siren,wang,7,23,0.2992211059646043,0.1534758942901176,0.015011024236819739,9.709211668381432
siren,wang,7,24,0.35154973225652386,0.17118649698066474,0.012502654867625687,14.42599489352384
siren,wang,7,25,0.3013469281148325,0.17456285672405125,0.010891907813534057,11.640207901249587
siren,wang,7,26,0.34347305064954325,0.16465278340220071,0.012137663223267578,14.732676624652827
siren,wang,7,27,0.3560693852447092,0.18930876583235065,0.01421019730030166,11.735278257453787
siren,wang,7,28,0.3425699756669908,0.17497025269684974,0.01266412175032105,13.234216021801293
siren,wang,7,29,0.3056807684955647,0.18765216593866918,0.024726310741515607,4.773401248198538
siren,wang,7,30,0.3538773963639496,0.2259908244809286,0.017994360494684725,7.107036225088235
siren,wang,7,31,0.3530478649473382,0.23148722053027745,0.018273644107389297,6.652238803748256
siren,wang,8,0,0.3263942321797686,0.13891069385264848,0.018881655134124913,9.929401686204942
siren,wang,8,2,0.32773455272214164,0.17095649067334706,0.01535182407937301,10.212340972526153
siren,wang,8,3,0.4246753877855916,0.21544166098744616,0.014108340872038678,14.830498404870966
siren,wang,8,4,0.4361970337712724,0.21563271116530056,0.019089850647625292,11.55400985986285
siren,wang,8,5,0.4108077421989761,0.22541050836714843,0.013140146508391926,14.109221210998227
siren,wang,8,6,0.4471498680036045,0.24801515025052492,0.019529999759292715,10.196350241035093
siren,wang,8,7,0.5053200896181672,0.26553941074598597,0.022096669538100577,10.851439781851973
siren,wang,8,8,0.6679025616334703,0.287512591136322,0.0176057592549388,21.605996366810512
siren,wang,8,9,0.4968351664729124,0.29389118066393466,0.017583372019008642,11.541812661961744
siren,wang,8,10,0.49535141413947203,0.28019681922885076,0.017850570274469353,12.05309363243955
siren,wang,8,11,0.5097273711736762,0.2924276316646463,0.019037016338852086,11.41459016692386
siren,wang,8,12,0.49404773114960265,0.29530005390494685,0.02031495216405896,9.783319972383616
siren,wang,8,13,0.45032048884491543,0.2878922942463518,0.022939019058992323,7.08086924645063
siren,wang,8,14,0.47469008380643124,0.27604228988040164,0.0224565060006016,8.845890537054514
siren,wang,8,15,0.4227723734018135,0.26345084784476613,0.009558239693707582,16.66850075562894
siren,wang,8,16,0.40730413256449244,0.24320255689688736,0.012546695934172824,13.079266169242981
siren,wang,8,17,0.37495351765437973,0.23575853944765282,0.017596783280291996,7.910251322048285
siren,wang,8,18,0.41354345647334945,0.24099318258379335,0.021410096646647815,8.059294487891643
siren,wang,8,19,0.3681654769592226,0.22927854435884304,0.017274919322155642,8.039802097498224
siren,wang,8,20,0.3604146886002829,0.20528034938454925,0.015415005816832817,10.063852135970697
siren,wang,8,21,0.38107452301084793,0.21419338989757794,0.017305705958071998,9.643127735880123
siren,wang,8,22,0.3065025098059321,0.1855863305430144,0.01238236676242123,9.765191225790659
siren,wang,8,23,0.31257430146270304,0.16934348686777756,0.015879234025270833,9.020007789228522
siren,wang,8,24,0.349161596114686,0.18264967579954966,0.012375491130443656,13.4549747206006
siren,wang,8,25,0.3223433165547139,0.1894307539275333,0.012255430881936301,10.845197032042744
siren,wang,8,26,0.3544619471079577,0.17295500555531498,0.012635750406764658,14.364555780990372
siren,wang,8,27,0.36103175679253235,0.20021875883491833,0.014985578266726187,10.7311840154131
siren,wang,8,28,0.37639895366099974,0.186792404756899,0.013400761908062357,14.148937963745698
siren,wang,8,29,0.33813010898957113,0.19904563663295094,0.009481309254032035,14.669331906611202
siren,wang,8,30,0.38478596653381486,0.23491091415769932,0.020381010064393322,7.353661663606898
siren,wang,8,31,0.373552585005207,0.23328315187547516,0.008471189924180118,16.558409666786897
siren,wang,9,0,0.2452084016477891,0.13379249238318722,0.017279904110550144,6.447715713687181
siren,wang,9,2,0.2812464126586024,0.15851943958370715,0.012440164247382444,9.865382050781076
siren,wang,9,3,0.3747789043963702,0.21232293190073886,0.011189407328141473,14.518728984604296
siren,wang,9,4,0.3335732472947768,0.21410388651893855,0.005114347636513364,23.359648046389903
siren,wang,9,5,0.37025264512924516,0.2288134489560269,0.00513482486977958,27.545086689449207
siren,wang,9,6,0.4344708902408457,0.24957966368690498,0.004367299923494666,42.33536276253561
siren,wang,9,7,0.47526078281914164,0.2561647444378211,0.009421500597702291,23.25489831574744
siren,wang,9,8,0.48834185629469196,0.28551519143119436,0.008553631921592036,23.71234426764376
siren,wang,9,9,0.6519696558584055,0.2966488090189569,0.006372512274141772,55.75836209547387
siren,wang,9,10,0.5322408687474024,0.2841263685872902,0.00813039727025351,30.516897503629103
siren,wang,9,11,0.4826970630065698,0.2969817775120915,0.007055552352328004,26.321863437552256
siren,wang,9,12,0.49153465381851724,0.29520917663582213,0.005785516246480027,33.933960051039826
siren,wang,9,13,0.46721191295636344,0.29090212949641503,0.006877612061634565,25.63531962546399
siren,wang,9,14,0.4662815242539239,0.27738817194105425,0.006677005182248114,28.290131152671982
siren,wang,9,15,0.4314866236711263,0.26730559673445037,0.01102694890180894,14.889071165437475
siren,wang,9,16,0.4141037269066241,0.24674419307039203,0.014030298256689494,11.928437355666112
siren,wang,9,17,0.41841185125563385,0.24300456580799867,0.013783667352135555,12.72573408559941
siren,wang,9,18,0.42986187758952144,0.24516420148624044,0.012011926323353248,15.376191222901276
siren,wang,9,19,0.3865554271581739,0.23278363452234516,0.009552926189144214,16.096826207091652
siren,wang,9,20,0.36488872272184925,0.2143958487321953,0.01471317588639309,10.228442530129165
siren,wang,9,21,0.3832621627417856,0.22673826659764354,0.006040657882226315,25.911730012833367
siren,wang,9,22,0.33978881067124117,0.19403883755270335,0.013565764923405034,10.743955386332486
siren,wang,9,23,0.3237822695631559,0.17543043609831152,0.009143948252393624,16.22404560590226
siren,wang,9,24,0.37310859589462714,0.1977799745144476,0.006775112535746664,25.878333452782584
siren,wang,9,25,0.33759217955851556,0.19849904182659933,0.0050570642788690745,27.504720142300034
siren,wang,9,26,0.32136217694937025,0.181031084083558,0.011447932938330217,12.25820360948767
siren,wang,9,27,0.36016254276855886,0.20905226846675315,0.008913810212747822,16.95237734428088
siren,wang,9,28,0.34801743541345936,0.19474548691502197,0.01184154074419319,12.943581566748255
siren,wang,9,29,0.34384511706369114,0.20210281511997988,0.007454829437994882,19.013486911088275
siren,wang,9,30,0.36526523303445474,0.24825043338337932,0.017993051438403223,6.503332692159512
siren,wang,9,31,0.34692978131072294,0.2445731611329503,0.007487957311011325,13.669498359352737
siren,wang,10,0,0.16740173609412232,0.13535041720587954,0.020327775720651975,1.5767253303410018
siren,wang,10,2,0.20090657244467586,0.16840703616305713,0.013727768340353197,2.3674304137319493
siren,wang,10,3,0.29448818368175494,0.22031936136080862,0.00724172053325569,10.241878567440649
siren,wang,10,4,0.27504458118622904,0.2220364875187321,0.015483472827634332,3.423527412589898
siren,wang,10,5,0.3032401554614844,0.23156579326008347,0.016653252000321226,4.303925875860067
siren,wang,10,6,0.35508567165108895,0.2586598624027988,0.01444992247783938,6.673102184193045
siren,wang,10,7,0.37731966294215097,0.2711230415297305,0.011411336970995611,9.306238320920873
siren,wang,10,8,0.42468496193566363,0.29926681383818216,0.01520417827150858,8.248926437050867
siren,wang,10,9,0.44578873617495374,0.3037936426629386,0.01002259079082678,14.167503839623656
siren,wang,10,10,0.6535277522301025,0.30519418335359605,0.017903135050432426,19.45656824323028
siren,wang,10,11,0.5591812316045639,0.31211862602175916,0.017383492574869028,14.212483741039375
siren,wang,10,12,0.6088863459777524,0.3183448421666617,0.01389328663983525,20.912366623030817
siren,wang,10,13,0.48048139067751894,0.3131608424642013,0.010143885515276178,16.494719697037333
siren,wang,10,14,0.5633117283112229,0.2976686569477479,0.015273596350160533,17.392306649552314
siren,wang,10,15,0.4875274075355381,0.2841694175083604,0.014046100682318468,14.477896366154422
siren,wang,10,16,0.48989752571048856,0.25197358646290724,0.007362669746819644,32.31490035939127
siren,wang,10,17,0.4613566253232558,0.2513416476948853,0.020700553253010612,10.145379935573782
siren,wang,10,18,0.5009610176316048,0.25323351535010896,0.012356903310002712,20.047700954410196
siren,wang,10,19,0.44568863825114974,0.2363347946679387,0.009241146082037556,22.65453242754617
siren,wang,10,20,0.48567471120425,0.22081353744547316,0.00686490858215586,38.581893784753014
siren,wang,10,21,0.40369311089357524,0.2283887025008619,0.006743105248811295,25.997578552346752
siren,wang,10,22,0.4486930879869124,0.1952802601068111,0.013696794921845034,18.501615109673057
siren,wang,10,23,0.3743094901461625,0.17623497112710967,0.01556353633386551,12.72683243512287
siren,wang,10,24,0.3750390120725633,0.19480007408582806,0.008244371807051409,21.86205840844986
siren,wang,10,25,0.3912405230760371,0.19863041537518722,0.00897837358189227,21.452672462784253
siren,wang,10,26,0.3628038986125724,0.1797921582878344,0.010945772712960336,16.719855703567006
siren,wang,10,27,0.44737321554151155,0.2028391414537481,0.005521832304400243,44.28495119145486
siren,wang,10,28,0.39658060538111717,0.19388343916718714,0.008870208674985025,22.851454079717264
siren,wang,10,29,0.46407622625687195,0.20042528886503344,0.013825851883854328,19.069417176364162
siren,wang,10,30,0.45487112765771176,0.24149799803520816,0.016319175814508178,13.074994230579295
siren,wang,10,31,0.3263990608105361,0.24110466989591162,0.013766213289381256,6.195922518534374
siren,wang,11,0,0.2635652355357287,0.14723138554192733,0.018086862676585307,6.43195296353986
siren,wang,11,2,0.25101127728401346,0.17711813182239505,0.019642318068958078,3.7619361015437445
siren,wang,11,3,0.3473284937903966,0.22567908542918547,0.01653292208451781,7.358010141179412
siren,wang,11,4,0.32777498910411434,0.22588531648023977,0.012149441962972464,8.38636646311831
siren,wang,11,5,0.31809818578626287,0.23548062590970256,0.014987299643760853,5.512504710009827
siren,wang,11,6,0.36918831491515375,0.262397296012821,0.01786168130553169,5.9787775336278095
siren,wang,11,7,0.4154563755441842,0.27278661881007726,0.02925055552823539,4.877505885192117
siren,wang,11,8,0.4378552583396919,0.29751044003917854,0.023559725193804174,5.956980276553556
siren,wang,11,9,0.43366177313697607,0.3010335238665987,0.021458070187299914,6.180809742568284
siren,wang,11,10,0.5456134198050018,0.3016385569268802,0.015349468255414124,15.894678487775355
siren,wang,11,11,0.7095205844065088,0.337155817037458,0.011564351844125105,32.199363387427425
siren,wang,11,12,0.6528673210901402,0.3429720361734769,0.026830535037215452,11.55009709969709
siren,wang,11,13,0.5369454234126193,0.3175681627834052,0.021558512730080772,10.17589957971058
siren,wang,11,14,0.5953523530631276,0.30559880805968026,0.018996459757472908,15.253028653902888
siren,wang,11,15,0.4940964626525565,0.2762908012088938,0.008009381552673625,27.193817651371177
siren,wang,11,16,0.5315603723249062,0.2582621800004928,0.011929438930419534,22.909559612859518
siren,wang,11,17,0.502181783557451,0.24566435709095225,0.012664337342567167,20.255100565293418
siren,wang,11,18,0.5587530416146689,0.25107249656900515,0.012310431316271598,24.993482124300538
siren,wang,11,19,0.4850940451915384,0.23702164116018723,0.011845569033836661,20.94221082353551
siren,wang,11,20,0.5417144463975316,0.21757143550913183,0.01579425793738766,20.522838880647814
siren,wang,11,21,0.46111120136324296,0.22347054600186972,0.011268563023068183,21.08881628251025
siren,wang,11,22,0.4653683059285068,0.18916370667847407,0.011698024087914267,23.611218200122497
siren,wang,11,23,0.391633101268389,0.16135798421437175,0.010340470089387491,22.269308364457288
siren,wang,11,24,0.39996430733658217,0.19014605753126068,0.010912434836446314,19.227445840460092
siren,wang,11,25,0.4150745197754725,0.19006237470676524,0.014030728903570967,16.0370959067878
siren,wang,11,26,0.4453741555764666,0.18003618484295703,0.0027436513281741846,96.7097998236109
siren,wang,11,27,0.4924874169225965,0.19979684481349627,0.015115108789113358,19.364106219328722
siren,wang,11,28,0.4625098468989317,0.19228653026597015,0.00879767531324751,30.715309102855862
siren,wang,11,29,0.5227698718133637,0.20272017001631268,0.019756583346128745,16.199648298994163
siren,wang,11,30,0.5198388496710536,0.252835811132902,0.019585252125438265,13.632861952864793
siren,wang,11,31,0.3880597466859697,0.2663011926208329,0.02628766276590436,4.631775565192512
siren,wang,12,0,0.28303068911962176,0.14173449757784967,0.010104578263572223,13.98338335912105
siren,wang,12,2,0.26837385944610165,0.17284670927270757,0.00698129614367942,13.683297228392247
siren,wang,12,3,0.35684772959150934,0.22731058475524119,0.022767302111908968,5.689613297155254
siren,wang,12,4,0.35376850893585776,0.22417576840759748,0.017252358494020147,7.511595621733604
siren,wang,12,5,0.34889402708348227,0.23401022171062086,0.010631391614808867,10.806092893129383
siren,wang,12,6,0.3873110919814308,0.25812915652254753,0.011971490562043618,10.790797920224149
siren,wang,12,7,0.42186567935752,0.2718702747455355,0.019187652850094314,7.817287803976881
siren,wang,12,8,0.4409676029760791,0.2981611085856169,0.015586794945193107,9.162017906349828
siren,wang,12,9,0.43678423236271124,0.30535831768390975,0.012590754181116515,10.438287714004673
siren,wang,12,10,0.5257663708617373,0.30659777204151917,0.011085329953856993,19.7710487403184
siren,wang,12,11,0.5619959355743681,0.3351076136861617,0.004001205621193669,56.70498928783355
siren,wang,12,12,0.714969352700506,0.3521476995111068,0.01190888145992993,30.466476168244096
siren,wang,12,13,0.5469705549189646,0.33288963734013927,0.011729152006687933,18.252037100103824
siren,wang,12,14,0.5711401941207584,0.31165547741140714,0.00681182478640391,38.09327527438329
siren,wang,12,15,0.4891002619145474,0.2873368605904286,0.005553038521604964,36.33387388528402
siren,wang,12,16,0.4968434324158592,0.2579466570023447,0.011476761799581858,20.815695192194234
siren,wang,12,17,0.49095291469033536,0.2506767698838445,0.012213876699509076,19.67238991500123
siren,wang,12,18,0.5300902042370605,0.2530601414190487,0.0084002052899423,32.97896340101406
siren,wang,12,19,0.481917163373507,0.24014141480915527,0.014072827543917102,17.180324835918128
siren,wang,12,20,0.5104735765353162,0.22056974962740764,0.015517523196342168,18.68235176708133
siren,wang,12,21,0.4456490503263037,0.226037801942696,0.01207112942179166,18.193098649671494
siren,wang,12,22,0.43438845238584284,0.19075847964153042,0.009078111930163137,26.837075222086877
siren,wang,12,23,0.3828206773884765,0.16858532418919164,0.013080737249143288,16.377926497477507
siren,wang,12,24,0.39203943818719755,0.1915358708232902,0.01413578288056518,14.184114814013808
siren,wang,12,25,0.3915763018426377,0.19590996816095738,0.010896972068598016,17.95602782588892
siren,wang,12,26,0.408896091537134,0.17706677132369783,0.007770547187404304,29.834362319969017
siren,wang,12,27,0.475141384259626,0.20969703706196344,0.010414374515812728,25.48826593422615
siren,wang,12,28,0.45533617546990696,0.19295978363960514,0.017483840472920405,15.006793972793318
siren,wang,12,29,0.48476434453702333,0.2070202983029293,0.01711103099590185,16.23187090834063
siren,wang,12,30,0.4819824578225701,0.2575662418437412,0.016347054973444592,13.728235229121562
siren,wang,12,31,0.3751682005212125,0.2629140707265469,0.00959212190023288,11.702742204719096
siren,wang,13,0,0.2358053455156978,0.150708629365539,0.01791545425066305,4.749905582048491
siren,wang,13,2,0.24380837770839836,0.17357726110931732,0.016326699453492313,4.301611406465773
siren,wang,13,3,0.33166975401341603,0.23197768513418593,0.018669809216106406,5.339747595986464
siren,wang,13,4,0.3214166630793642,0.2354222255599629,0.018896962681333628,4.550701558211064
siren,wang,13,5,0.3165610873049708,0.25244389652117133,0.02224251554224519,2.882641159091099
siren,wang,13,6,0.38288369604417055,0.2672984988090365,0.017479726633275027,6.612528883323723
siren,wang,13,7,0.41900932676723585,0.28288540511541915,0.020746894939974964,6.561170818363481
siren,wang,13,8,0.4370771686085985,0.3139062509423295,0.03124603606876851,3.941969387578817
siren,wang,13,9,0.4426548782358161,0.31907873922237256,0.018949285867284078,6.52141404583471
siren,wang,13,10,0.5086703834315939,0.31578129036153574,0.017136976785882965,11.255724710379232
siren,wang,13,11,0.538869914941518,0.3430159668880203,0.026236458107146848,7.464953815551302
siren,wang,13,12,0.607476233913271,0.34452609530482,0.01800065594310018,14.607808706506736
siren,wang,13,13,0.673105425892717,0.3512197013714332,0.026262045504816235,12.256689010086923
siren,wang,13,14,0.5841664944289965,0.32054275161673457,0.022622865825897752,11.652977338992834
siren,wang,13,15,0.49466659007340075,0.30658957285526095,0.013300005554810984,14.141123208035586
siren,wang,13,16,0.5102128767991724,0.27742665191063376,0.021845242955452794,10.656151793012347
siren,wang,13,17,0.47375660626006566,0.2667055840446933,0.01824434592660397,11.348777481436034
siren,wang,13,18,0.5149681543480986,0.27711587419474,0.015147350252050185,15.702566864535628
siren,wang,13,19,0.4508053887584731,0.2591489389758788,0.024997955011466753,7.666885138991569
siren,wang,13,20,0.4901524214496218,0.2387317743199877,0.025805276038144368,9.742993903959553
siren,wang,13,21,0.4473566263613894,0.24229476280578868,0.01802674645557569,11.375422850759342
siren,wang,13,22,0.434995284929547,0.2089170663867021,0.014659259560908794,15.422212670667061
siren,wang,13,23,0.3836422447020464,0.18431749477730414,0.012869162758461948,15.48855614509024
siren,wang,13,24,0.39836891506747335,0.20635181744624673,0.012389482691261229,15.49839508284422
siren,wang,13,25,0.4064375019788794,0.2114668688219151,0.017005213364420867,11.465344713927044
siren,wang,13,26,0.38331591515795643,0.19584135078481274,0.014381094381786686,13.036182045406486
siren,wang,13,27,0.45514792049713676,0.22508135823126701,0.015479582079872193,14.862582276366552
siren,wang,13,28,0.43113127557126124,0.210967902365696,0.01970727321641116,11.171681175162528
siren,wang,13,29,0.4781804699501064,0.22354850914464675,0.015227834812496378,16.721481677520014
siren,wang,13,30,0.48332363112494114,0.2765750949577044,0.028618582812741593,7.224275832246591
siren,wang,13,31,0.3916582523507825,0.2731181647350204,0.016975906423068666,6.982842898726
siren,wang,14,0,0.2770005348145735,0.1410802596246621,0.00929609673283212,14.62121996965304
siren,wang,14,2,0.2428946018177472,0.16507418741617091,0.006654909506066478,11.693684839836934
siren,wang,14,3,0.33491353416852454,0.22291384421846622,0.01026883747621319,10.906754558098248
siren,wang,14,4,0.3248495465505151,0.21939472782104463,0.011501436925451284,9.16883859060356
siren,wang,14,5,0.30035608790418444,0.2339220699678461,0.010770159411010782,6.168341191720903
siren,wang,14,6,0.3601455384026647,0.25077391537127924,0.012739857557797702,8.584995753303556
siren,wang,14,7,0.3804699710918188,0.2559428304651613,0.013813216607971622,9.015071880853062
siren,wang,14,8,0.40215512856301777,0.28479611094661933,0.0068753771904933965,17.069466061974182
siren,wang,14,9,0.39315756974527216,0.2916217362165462,0.009916511880049134,10.23906740161369
siren,wang,14,10,0.49030276165645625,0.29270054386112304,0.006747076497343034,29.287087210756837
siren,wang,14,11,0.5410382106629325,0.30911161219031114,0.006456208394436172,35.923034744741344
siren,wang,14,12,0.6107876389242626,0.31773174422949657,0.011306866258473705,25.91840108439782
siren,wang,14,13,0.5394678626920091,0.3152205728400815,0.007490068625105986,29.939283747050375
siren,wang,14,14,0.7739445324549122,0.3093732225909953,0.010253263310935214,45.30960493021248
siren,wang,14,15,0.5085289466002825,0.2894199230434652,0.009990244160511976,21.932299154697382
siren,wang,14,16,0.5467258264595062,0.2643166248752168,0.012127878333950605,23.28595272874046
siren,wang,14,17,0.5263667593303043,0.2533113621018776,0.01178774124967462,23.164352817463133
siren,wang,14,18,0.561623121001055,0.26246830002591476,0.013845266253314245,21.607011053581534
siren,wang,14,19,0.5029752995137221,0.24682822996734927,0.014269660491875282,17.950466984986456
siren,wang,14,20,0.5515491665663962,0.22758006250940963,0.010414755572152205,31.106740989989305
siren,wang,14,21,0.4535458158155967,0.22950053266806866,0.006080579532255369,36.8460410655013
siren,wang,14,22,0.4477368670872775,0.2028045512277556,0.00721180330396557,33.9627005252404
siren,wang,14,23,0.390015430028315,0.17673246714270913,0.01130698625466746,18.862936425483305
siren,wang,14,24,0.42027261266313265,0.19796415377945578,0.00781346868530428,28.451954930311402
siren,wang,14,25,0.41819846246579295,0.2006673494357316,0.007990710713638266,27.22299940839891
siren,wang,14,26,0.4416392972441561,0.18776782500847175,0.009707948601126799,26.150887552723304
siren,wang,14,27,0.48240459903106747,0.2128322929239604,0.010329619366497162,26.09702221762705
siren,wang,14,28,0.4677240676268909,0.20087176981016927,0.008152190453608953,32.73381544939088
siren,wang,14,29,0.513891122739492,0.2089037411278089,0.014199920017384498,21.478105597658086
siren,wang,14,30,0.5327950982773026,0.2581911744708778,0.02024994114981113,13.560727005321992
siren,wang,14,31,0.41689123315681487,0.2675273518345736,0.015719373861102736,9.501897635492918
siren,wang,15,0,0.15861156512848917,0.13466286642904854,0.00967625837775389,2.4749957849926436
siren,wang,15,2,0.20568940061018262,0.16836449306192525,0.012344834283564171,3.0235243901128346
siren,wang,15,3,0.2507666361061672,0.21726397728089392,0.010507354629875343,3.188496058752585
siren,wang,15,4,0.23063319748985167,0.21497789303008846,0.005580694573422478,2.8052609319134025
siren,wang,15,5,0.2632542060949674,0.22603727297229037,0.01003861642914997,3.707376747118968
siren,wang,15,6,0.30542896922482793,0.2473620901621522,0.005084450661425511,11.420482354802854
siren,wang,15,7,0.33109108591932607,0.2502507643150909,0.008847503818797085,9.137076768758748
siren,wang,15,8,0.35972664505059276,0.2759963763198202,0.00725263840564885,11.544801222346575
siren,wang,15,9,0.3636806840994726,0.2881853805595579,0.005491521793964021,13.747610657376425
siren,wang,15,10,0.4330965261075433,0.28403972936429867,0.009454516859128624,15.765670415969035
siren,wang,15,11,0.48041607363721583,0.29764721911559555,0.008077211874559754,22.627715771239696
siren,wang,15,12,0.5687013542491928,0.3040128353680317,0.0114572062655054,23.102361321543786
siren,wang,15,13,0.4909939100896787,0.302371577617566,0.008879610526928216,21.242185330099616
siren,wang,15,14,0.5620827316248928,0.28914060815667203,0.007775987309333826,35.10063900703612
siren,wang,15,15,0.5989645595247353,0.2829926206352656,0.017197365216919027,18.373276074791487
siren,wang,15,16,0.5552379178186261,0.2586595601173485,0.015308681663953914,19.373213462241242
siren,wang,15,17,0.5338936936648973,0.2530000897517206,0.016958922293101114,16.563175363297944
siren,wang,15,18,0.5762571292161701,0.26037114964854724,0.005377578593908078,58.74130411138395
siren,wang,15,19,0.5058886425657523,0.24137793316904124,0.013634292783985693,19.400398215549178
siren,wang,15,20,0.5708718719489299,0.22718937580530346,0.007715720414264725,44.543150566761156
siren,wang,15,21,0.441179731923255,0.23497615375403869,0.004574555577029952,45.07619914044083
siren,wang,15,22,0.517478492145456,0.20069651144466802,0.008397700428285101,37.72246740712543
siren,wang,15,23,0.41982686605640623,0.1846533129055658,0.013177869025645104,17.846098841411717
siren,wang,15,24,0.40390196743285023,0.2054122513756233,0.010624082899702198,18.682997669642692
siren,wang,15,25,0.43627997460704404,0.2048089020023543,0.00868259368984022,26.65920816674186
siren,wang,15,26,0.37551400609587765,0.1946467765202568,0.014089924143684164,12.836636147306367
siren,wang,15,27,0.5040230732723314,0.21183987808945118,0.009688979630853209,30.156240008231983
siren,wang,15,28,0.4409756058551666,0.20328145621853516,0.010499769183212253,22.638035702410775
siren,wang,15,29,0.5304923291923154,0.2118320285088547,0.011086230237393585,28.743792421758233
siren,wang,15,30,0.5025060635765756,0.2569336849988134,0.014136113108923138,17.371987383345814
siren,wang,15,31,0.3126510521550664,0.2543190994926201,0.012544482298110754,4.650008766900751
siren,wang,16,0,0.14310856286943532,0.1327192868529771,0.021150926662423963,0.4911972029535458
siren,wang,16,2,0.18141051793615479,0.15650797956326992,0.01331450202111093,1.870331938318115
siren,wang,16,3,0.2285726314964334,0.20758315374785913,0.005049275528587769,4.156928579107428
siren,wang,16,4,0.19813390354264815,0.20106430608962747,0.013890700549115101,-0.21096146566675508
siren,wang,16,5,0.2137601011505431,0.21357256031518362,0.013980557999757922,0.01341440272718279
siren,wang,16,6,0.26706497266180684,0.23278080402794538,0.006428457543140431,5.3331873787429505
siren,wang,16,7,0.2814174694000816,0.2340732204338493,0.0029128659834959385,16.253493718722723
siren,wang,16,8,0.3127571722923626,0.2567824962651245,0.010515303288199537,5.323163250084654
siren,wang,16,9,0.3332578084326021,0.2699314194295306,0.009872007455210993,6.414742826155824
siren,wang,16,10,0.4054577038976629,0.26131195637035154,0.008956151677734017,16.094607674596848
siren,wang,16,11,0.4635186257408941,0.2711317777812078,0.01624987057641612,11.83928493799222
siren,wang,16,12,0.5430153127821089,0.27721135448683965,0.009006709066307841,29.51177353885945
siren,wang,16,13,0.4691804982871347,0.27977404716270005,0.011229028302653703,16.86757268923021
siren,wang,16,14,0.5508829836346774,0.26303088381793505,0.009867516401839133,29.171686987324563
siren,wang,16,15,0.463469849733332,0.2592641266568424,0.005801742563356488,35.19730854075508
siren,wang,16,16,0.6770523387921392,0.24043498490154266,0.009031305055711225,48.344879416346146
siren,wang,16,17,0.5596036239981308,0.24016810025974497,0.007969941404038216,40.08003416142231
siren,wang,16,18,0.561948529519198,0.2581049309352256,0.007868055624031747,38.617367886410165
siren,wang,16,19,0.5527862014247352,0.2271833334184073,0.008778352658941056,37.09156839064675
siren,wang,16,20,0.5935213994350274,0.21343307677773898,0.003884851936762892,97.83856086263158
siren,wang,16,21,0.42005130141896957,0.2273027351195192,0.003469074571456191,55.561955308023705
siren,wang,16,22,0.5158808016197667,0.2028374821942131,0.014780823994390903,21.17901678176729
siren,wang,16,23,0.40215542842070845,0.1752528170305351,0.016219206807215815,13.989747716221604
siren,wang,16,24,0.37739861799578744,0.19349530900350637,0.005892320455146498,31.210676743091152
siren,wang,16,25,0.43517459935570985,0.1981213847422884,0.00945183734692616,25.08011997164908
siren,wang,16,26,0.38496698020668896,0.1804000765118376,0.007535572427137651,27.146830008314986
siren,wang,16,27,0.49426244441066947,0.2079918303948627,0.0034542439326008616,82.87504287523211
siren,wang,16,28,0.4431388376126977,0.1950546684101407,0.010852624028287272,22.859371941378203
siren,wang,16,29,0.5561998662484194,0.20876764493384098,0.014505091867372857,23.952431635133443
siren,wang,16,30,0.5198746251544308,0.24402952131767314,0.012519516944059709,22.033206638027785
siren,wang,16,31,0.28086661928548656,0.23625150910981682,0.013364701555935918,3.3382795709234516
siren,wang,17,0,0.17803507711960115,0.12730973891395325,0.013051923550069344,3.88642624292558
siren,wang,17,2,0.2112676924606432,0.14787428256495222,0.013916877923704041,4.555145934542948
siren,wang,17,3,0.2630793756188825,0.2036080920545295,0.0066923996058542035,8.886391588501418
siren,wang,17,4,0.21712756790666515,0.19563417611812722,0.009586057419153568,2.242151371385772
siren,wang,17,5,0.24419520994647817,0.21466420257630006,0.007560689730199287,3.905861558135877
siren,wang,17,6,0.3027646158324287,0.22764810908292116,0.009785271382697662,7.6764868149010885
siren,wang,17,7,0.31051475114736227,0.22984831087713462,0.009754692549072944,8.26950104930718
siren,wang,17,8,0.33176977966782245,0.24933134689597586,0.00861302468456078,9.571368455453408
siren,wang,17,9,0.34646465271082333,0.2595768331363219,0.010940210088344931,7.942061338206539
siren,wang,17,10,0.4173873655852197,0.25068413179234605,0.007867661449407367,21.18840965194691
siren,wang,17,11,0.4768759646679006,0.26255140923113507,0.011852252003688626,18.083023831257048
siren,wang,17,12,0.5366097095147228,0.2627972020059722,0.005490317646240951,49.871888140428716
siren,wang,17,13,0.4643064209306847,0.2656074036045973,0.01476427861029118,13.45809182898972
siren,wang,17,14,0.5319289608287738,0.2568784234009466,0.00926102596221368,29.699791205647525
siren,wang,17,15,0.46311686513827477,0.2568851105220654,0.01542095106657362,13.373478310506822
siren,wang,17,16,0.5481996175868635,0.24153720382819674,0.009865137498987145,31.085467768710963
siren,wang,17,17,0.6985709668102726,0.24913811831920601,0.016819201383200588,26.721414308052147
siren,wang,17,18,0.5881898570709039,0.24851104492567694,0.008145060267729211,41.70365853412244
siren,wang,17,19,0.5568684217523047,0.23216225644831895,0.015958176711096974,20.347322327756405
siren,wang,17,20,0.6159640856039051,0.21691714042207746,0.009401092990294789,42.44686714553122
siren,wang,17,21,0.44275365156555296,0.22861417118868066,0.008719997343788411,24.55728734016325
siren,wang,17,22,0.5612174271431011,0.20112097936196918,0.007610863945199678,47.313478518854865
siren,wang,17,23,0.42311895735325716,0.18183813259721654,0.017281739909566336,13.96160490891772
siren,wang,17,24,0.39403263861475396,0.19961474147836897,0.008722255014428996,22.28986618881982
siren,wang,17,25,0.4544624917703404,0.1979362693839895,0.011650494795055224,22.01848306865279
siren,wang,17,26,0.4106633516166546,0.1856103562539671,0.006712968250470612,33.52510945466042
siren,wang,17,27,0.5351123595074512,0.2130835823860111,0.01753064681795994,18.36947492385309
siren,wang,17,28,0.46446308745681575,0.19931155132723447,0.014544609815247385,18.230226833009848
siren,wang,17,29,0.5636164029581205,0.20283086591304342,0.01324033071309292,27.24898228473314
siren,wang,17,30,0.5126773778838579,0.2460932276102839,0.014947453381516212,17.83475375164761
siren,wang,17,31,0.306145427631364,0.23641145948809852,0.01575686051509234,4.425625782272579
siren,wang,18,0,0.19630236338021553,0.1277892485123083,0.017986551180281956,3.809130176273917
siren,wang,18,2,0.20028022902231324,0.15201639737721334,0.00991036264955059,4.870036884804467
siren,wang,18,3,0.2593863578929885,0.204317699391143,0.00985029749916907,5.590557900052342
siren,wang,18,4,0.2407838161533063,0.19892724650425558,0.01364297580092346,3.0679941282471193
siren,wang,18,5,0.24401718521947371,0.21191349316617494,0.009390081286819075,3.4188939448653075
siren,wang,18,6,0.28543342740514177,0.22502746206360266,0.008276145800112236,7.298803911927207
siren,wang,18,7,0.30570180299638816,0.22955021700279446,0.009203504822454162,8.274194175223727
siren,wang,18,8,0.32882415967574935,0.25340703289638083,0.013668204178283967,5.517705603139232
siren,wang,18,9,0.3215993709321156,0.26175394866171486,0.01146322797577849,5.22064312049386
siren,wang,18,10,0.4217141630461314,0.25586447146673963,0.012893674560029949,12.862872473415877
siren,wang,18,11,0.46324059022100367,0.26403909060338504,0.010716698346066728,18.587954347966704
siren,wang,18,12,0.5521298544828069,0.26545274500431715,0.009339505308911566,30.695106431916507
siren,wang,18,13,0.4579127574695937,0.2743423661159665,0.011909505945019773,15.413770495693086
siren,wang,18,14,0.5460764821447273,0.2616192951249575,0.013379864524973764,21.260094710886285
siren,wang,18,15,0.4581395672500127,0.2650519795048576,0.015651488562892977,12.33669161685573
siren,wang,18,16,0.5332098924141974,0.2413808620444297,0.011151258230802224,26.170054027057844
siren,wang,18,17,0.5291188838295974,0.23974087492098248,0.013049756596863612,22.174973667950574
siren,wang,18,18,0.7347038067547196,0.2547663303878792,0.016800503266291313,28.56685116866656
siren,wang,18,19,0.517723422721825,0.2364355178176612,0.0109148940703003,25.77101555841529
siren,wang,18,20,0.6130720355435293,0.2157806788340856,0.012972275878305153,30.626187758917013
siren,wang,18,21,0.46423229601919885,0.2310471838066476,0.007594444326103555,30.70469703899856
siren,wang,18,22,0.5539585681511716,0.20190084711164716,0.007898171821741446,44.574583711943134
siren,wang,18,23,0.4143502656407449,0.18149654831403478,0.013220075675987852,17.613644810645944
siren,wang,18,24,0.39222353048899133,0.19917589131941776,0.007330808614381671,26.33374424628278
siren,wang,18,25,0.44844090101654205,0.2031092658201409,0.007760639587099326,31.612295925225165
siren,wang,18,26,0.43560408348727087,0.18192472366274892,0.0034406438478211824,73.730200231322
siren,wang,18,27,0.5380687080355342,0.20618157027414466,0.0136150773007949,24.376441677787078
siren,wang,18,28,0.4697152681770794,0.1942370808353496,0.009768700294122547,28.20008589141326
siren,wang,18,29,0.5634758752652833,0.20496233153833715,0.010115922187792321,35.440520109930524
siren,wang,18,30,0.5436305374143093,0.23922058334598026,0.019884409638305033,15.308976208271138
siren,wang,18,31,0.3080278193674399,0.23248903945712684,0.009549808838233104,7.909978219447705
siren,wang,19,0,0.2216390621030448,0.12271967836947287,0.019561296982696867,5.0568928952447285
siren,wang,19,2,0.24338288643513478,0.14764973196312214,0.015768076226651592,6.071327478123305
siren,wang,19,3,0.2974460348879193,0.19793096025878468,0.012840851204744078,7.749881455862412
siren,wang,19,4,0.27460555262522096,0.18669186026313572,0.005546711911257498,15.849695056932259
siren,wang,19,5,0.2761054724469909,0.20074198260314574,0.014417202075415622,5.2273311735260926
siren,wang,19,6,0.3223403143126569,0.21506799347887545,0.010745003770775339,9.983460510785926
siren,wang,19,7,0.3361879566572169,0.22358569950279575,0.013941405494677267,8.076822469399655
siren,wang,19,8,0.3485413837205425,0.24042524443190882,0.013708340276685391,7.886887625084225
siren,wang,19,9,0.3607980395749072,0.2512963034416458,0.013758509517151058,7.958837110717475
siren,wang,19,10,0.41029888541784165,0.24547388733220696,0.01458842263396807,11.298342680438378
siren,wang,19,11,0.44753436326628343,0.2534855724828353,0.016742846115267402,11.58995247567256
siren,wang,19,12,0.504637858325276,0.2567355718789109,0.019248896577518236,12.87877907432381
siren,wang,19,13,0.4483957120804305,0.25728614882138967,0.01851243371423996,10.323308442802814
siren,wang,19,14,0.49589429451950967,0.24906746306985772,0.013761597080314146,17.93591470591271
siren,wang,19,15,0.4505985552589993,0.24927356431400147,0.010649546615070275,18.90455981103467
siren,wang,19,16,0.4853050033598535,0.22905403960765464,0.00667687203212715,38.37889396699448
siren,wang,19,17,0.49742413406942304,0.22768585957561416,0.014850174318857701,18.1639803481147
siren,wang,19,18,0.5351455474540089,0.2386617654075441,0.018077992146876172,16.40026058412114
siren,wang,19,19,0.640526050334582,0.23067661719715754,0.01818378514935198,22.539280450749846
siren,wang,19,20,0.5356004913857241,0.21097118232219395,0.014385649168719818,22.566191157323974
siren,wang,19,21,0.4500028976781788,0.22061628329730154,0.0071851005694368985,31.925317142617875
siren,wang,19,22,0.49740900119563836,0.19153310326114562,0.004704014095267636,65.02444332431149
siren,wang,19,23,0.4193453773288059,0.17458582123778837,0.01302095790204697,18.79735407581188
siren,wang,19,24,0.4062978830616119,0.19161193828742676,0.009406491371139266,22.82316926722312
siren,wang,19,25,0.43250088827540994,0.19302203892801745,0.01179309362509523,20.306702970439506
siren,wang,19,26,0.3912308350867748,0.18029264257611616,0.009844753869908029,21.42645669948367
siren,wang,19,27,0.49499171596249897,0.2018431925664454,0.008678881427273504,33.77722415642531
siren,wang,19,28,0.45122400495881343,0.1930094105314295,0.009961448871745786,25.92138932317089
siren,wang,19,29,0.5147306692810947,0.19758765469448542,0.005338365618475174,59.408260365125855
siren,wang,19,30,0.48792298279551954,0.23780522912962238,0.021454071364613782,11.658288509212284
siren,wang,19,31,0.33889833940105524,0.23041435322408535,0.01577667062232684,6.8762281202375775
siren,wang,20,0,0.2423886913303402,0.11821625906746655,0.01651565161518097,7.518470064404601
siren,wang,20,2,0.229753813332569,0.13715095757143678,0.013000512116848365,7.123015995740741
siren,wang,20,3,0.28856608694059926,0.18228118748054997,0.013043579452154534,8.148445742973811
siren,wang,20,4,0.26680173501082477,0.17567726425869157,0.013625651314773238,6.687714858322699
siren,wang,20,5,0.2571898525876417,0.19244880393596722,0.008004568695663298,8.088012123220304
siren,wang,20,6,0.2790958990562855,0.20290512828516766,0.010196584834958899,7.4721852467601195
siren,wang,20,7,0.3170860694608767,0.2015589563449549,0.011357726880763166,10.171675576350813
siren,wang,20,8,0.32268841977533297,0.2254117244532357,0.013544765556692455,7.18186630214747
siren,wang,20,9,0.3109582672552105,0.22849815175905527,0.013185867556921011,6.253673877747502
siren,wang,20,10,0.409438424271251,0.2221800537012996,0.010769351767523883,17.388081902445492
siren,wang,20,11,0.46188876348143354,0.23211403265343272,0.009544031709832024,24.075227096248287
siren,wang,20,12,0.5245207524964731,0.2345269610017923,0.00934147575399046,31.04368079859355
siren,wang,20,13,0.45548629878500135,0.23763845510913026,0.013171191716548203,16.539721565374258
siren,wang,20,14,0.5080564810924441,0.23169194980563423,0.01525495313852632,18.116380219409024
siren,wang,20,15,0.4491618335666905,0.22921852781819804,0.007473525896221304,29.429657273242096
siren,wang,20,16,0.520608958430872,0.21324607025345027,0.013310379156466748,23.09197090212804
siren,wang,20,17,0.5319085499546022,0.21511864850564275,0.010638750614295043,29.77698349496944
siren,wang,20,18,0.599930419709518,0.2268682738268503,0.01299396544520213,28.710415419829868
siren,wang,20,19,0.5350411571133465,0.21440648584845873,0.012471391474703242,25.70961483450004
siren,wang,20,20,0.7361833794371814,0.2033037669017705,0.012546821550146303,42.471283297178736
siren,wang,20,21,0.49267530024001427,0.21180662522119903,0.012039921519356404,23.328115101686237
siren,wang,20,22,0.5732683368577246,0.18297441483400537,0.005696047434276506,68.52013199101688
siren,wang,20,23,0.42233739645121954,0.16755132212391438,0.007447076965561521,34.21289661776631
siren,wang,20,24,0.4131197865279657,0.18478299362619535,0.005219475292002928,43.747078035146345
siren,wang,20,25,0.46167407215965856,0.18611775367302663,0.009469779866078526,29.098492508120035
siren,wang,20,26,0.47458621194039075,0.17080274982578508,0.009514802706135656,31.927457825132805
siren,wang,20,27,0.5243436476192966,0.1949496350419478,0.01233257138784039,26.709272723296227
siren,wang,20,28,0.5067990080421071,0.18587173229919535,0.013926421248203851,23.044490039700836
siren,wang,20,29,0.5861657294369574,0.18964920724091558,0.012384435010397933,32.01732835314068
siren,wang,20,30,0.5601848372515799,0.22579894728428096,0.018175810139876736,18.397303195507885
siren,wang,20,31,0.3545052267948008,0.21987340490637095,0.017546877916115207,7.672693828044634
siren,wang,21,0,0.2740375395427852,0.12726724808374906,0.016843232490317033,8.713902841596028
siren,wang,21,2,0.25555468777748647,0.14622849446159658,0.01754172723771755,6.232350545322634
siren,wang,21,3,0.31218447536002586,0.19881859754989467,0.00617917864651639,18.346431507372422
siren,wang,21,4,0.29926312339594263,0.1944100148553552,0.004933824666635501,21.251891914531573
siren,wang,21,5,0.2806857979273299,0.21109211958337787,0.005785378676499027,12.029234771900196
siren,wang,21,6,0.33980168126332655,0.22307858577954792,0.005918610023946847,19.72136954648372
siren,wang,21,7,0.3468087225595326,0.22369381719263176,0.00962872553348335,12.786209861188347
siren,wang,21,8,0.35874191945334094,0.2483248782347553,0.0023392814038159047,47.20126490061013
siren,wang,21,9,0.3578503443543791,0.2540158229436085,0.008567817119952217,12.119133725318088
siren,wang,21,10,0.41658873287760634,0.24224745051840757,0.008812435209043937,19.78355337923819
siren,wang,21,11,0.4398185112320098,0.255206711150327,0.011089152864566758,16.64796241303284
siren,wang,21,12,0.480575234114472,0.2559627966253773,0.00968568720491018,23.190139505561046
siren,wang,21,13,0.4519715129187864,0.25850398454957124,0.015381853719478755,12.577647135222607
siren,wang,21,14,0.49577871614885666,0.2490911494179581,0.010084379527281277,24.462344566022587
siren,wang,21,15,0.4499959374442631,0.2532315264725773,0.004719785364251516,41.68927097024666
siren,wang,21,16,0.4942709440030685,0.23984631369955567,0.009834949904148522,25.869438358419384
siren,wang,21,17,0.49354222668274095,0.24010081411067558,0.01557517138639936,16.272142776764365
siren,wang,21,18,0.535978573363568,0.2536478898656316,0.014217516208888089,19.857947010564143
siren,wang,21,19,0.47914942573367564,0.2373283143233337,0.0139373742556324,17.35055018075709
siren,wang,21,20,0.5428129900886983,0.22230114539865217,0.015919225130753868,20.13363351906237
siren,wang,21,21,0.6326124310925424,0.23667553080927525,0.010614293610066794,37.302237419525795
siren,wang,21,22,0.47990565241024513,0.21108102789274544,0.004851097744550562,55.41521500354872
siren,wang,21,23,0.4131645643189525,0.19352353025025348,0.013297360103164096,16.51764202553525
siren,wang,21,24,0.4334068674999121,0.21125360379338964,0.005671623133336035,39.1692569276641
siren,wang,21,25,0.4368980601030705,0.21322222975268956,0.008818353150644132,25.36480752463884
siren,wang,21,26,0.47218757568058206,0.1920096313241974,0.004677915433398267,59.8937600188402
siren,wang,21,27,0.47677925129079457,0.2244757784561683,0.012933423817269077,19.50786399636448
siren,wang,21,28,0.47236155294553017,0.20673812151968457,0.009962227770514977,26.66305544749804
siren,wang,21,29,0.4910093559237178,0.2146893986794023,0.008799094571907405,31.4032262054
siren,wang,21,30,0.5117521584384742,0.24933459134458108,0.023620260662355945,11.10985060008728
siren,wang,21,31,0.4118787302435542,0.24119546973020198,0.018530635411659373,9.210869283303651
siren,wang,22,0,0.21701654357631345,0.10980872327856753,0.013448415688225891,7.971780675370299
siren,wang,22,2,0.21217634903633464,0.1269716905172704,0.007645029721662629,11.145104940224362
siren,wang,22,3,0.2704806804368534,0.179563575654962,0.005121198654221183,17.753090813407983
siren,wang,22,4,0.23320120454140228,0.17076605250306504,0.007170815369518658,8.706841387066449
siren,wang,22,5,0.25143839507212157,0.18301503377715625,0.009273120335665777,7.37867716779206
siren,wang,22,6,0.2936223576401023,0.19768230231226352,0.002580442680261952,37.17968860990142
siren,wang,22,7,0.3099727868584299,0.19673098324932498,0.008872875613649288,12.762694817326551
siren,wang,22,8,0.32163871520002957,0.21713991470070568,0.004716219378541865,22.15732393085418
siren,wang,22,9,0.3108918923279059,0.22239373480842559,0.005447348208002038,16.246098861364956
siren,wang,22,10,0.3981784056826733,0.2121045550697623,0.008365597268235924,22.242745454581144
siren,wang,22,11,0.446030525569628,0.2158572976824003,0.006923242749957131,33.24644768358772
siren,wang,22,12,0.5235072813566266,0.21772489995152053,0.011454805054856689,26.694682270080037
siren,wang,22,13,0.43422060876443075,0.2197459449141026,0.008529170222532438,25.14601752040627
siren,wang,22,14,0.5010071619811615,0.214022243286146,0.010331450138194379,27.77779642318166
siren,wang,22,15,0.4408755035897882,0.21980596849659345,0.007247232815776222,30.503992449636364
siren,wang,22,16,0.5029328002533858,0.20743496268008502,0.002771669873669671,106.61364846530725
siren,wang,22,17,0.5022541945027484,0.21021930583145151,0.00733177381188422,39.831409992208386
siren,wang,22,18,0.5910150173042357,0.221696728450378,0.013021901420029723,28.36131813175826
siren,wang,22,19,0.5018517899697982,0.20689113212097782,0.009263438140536201,31.841380422037012
siren,wang,22,20,0.6133719071658389,0.19670645478332688,0.014234142148667313,29.272255962507916
siren,wang,22,21,0.47295351188965934,0.21247192654423727,0.010360453559626719,25.14190945852829
siren,wang,22,22,0.7060711331543398,0.1896214337531901,0.014347800258254323,35.995043846810944
siren,wang,22,23,0.4231666418214664,0.17146847630424672,0.013846398268634982,18.177879953617197
siren,wang,22,24,0.4138476449649959,0.19196135644099785,0.0067662308137142425,32.7931893890265
siren,wang,22,25,0.4518651375382921,0.19057592212078006,0.009053533043175485,28.86046962787315
siren,wang,22,26,0.4566548852115507,0.1699182770043779,0.005910405115415453,48.51386708828292
siren,wang,22,27,0.5432710644306457,0.19987888046830465,0.013055871086302608,26.301744379400798
siren,wang,22,28,0.49106529687831846,0.18184316425486186,0.009091171352159892,34.01345334339026
siren,wang,22,29,0.5959892771907228,0.1909787586463758,0.010735256016666472,37.72714110549098
siren,wang,22,30,0.5614054143831639,0.22179154982593263,0.017836252689188932,19.040651109584307
siren,wang,22,31,0.34497939968691715,0.21165148993229063,0.005634149814140471,23.66424645294361
siren,wang,23,0,0.2516991506925603,0.11193139709025646,0.010256034018367085,13.627855889713302
siren,wang,23,2,0.24755066938599804,0.1296405581335371,0.006919010539044512,17.041470104299606
siren,wang,23,3,0.30313358814637426,0.18801327264128723,0.011766170182961166,9.784009045848677
siren,wang,23,4,0.2745225679697554,0.17367081989915664,0.005706365618429173,17.673551751554403
siren,wang,23,5,0.2696546203719324,0.19777726652933852,0.008644979590059325,8.314346273904924
siren,wang,23,6,0.30561946148576546,0.21013287212523143,0.015831564579106595,6.031405732731598
siren,wang,23,7,0.32019377645014147,0.20401609305752078,0.01618099370810427,7.179885579859842
siren,wang,23,8,0.339749857013695,0.22653825428348434,0.014224143041848481,7.959115877640834
siren,wang,23,9,0.33590930758303306,0.23566051983123631,0.013413615779988803,7.473658810277956
siren,wang,23,10,0.38972600679887404,0.22073062489764447,0.02419792550271768,6.9838789231022975
siren,wang,23,11,0.4353107484015612,0.2254764132117492,0.01691341370035414,12.406385778018212
siren,wang,23,12,0.4897020576890622,0.22670591294805761,0.017693635576925437,14.863883886247903
siren,wang,23,13,0.4473772103412859,0.22612717310346747,0.018497406318866434,11.961138411721778
siren,wang,23,14,0.48952955223342043,0.22373080512301752,0.0190402092703321,13.959864796473786
siren,wang,23,15,0.44461431401253465,0.23651767110017996,0.016712316564820962,12.451693462436756
siren,wang,23,16,0.4906056270734858,0.22055384167375824,0.015205529802975041,17.760103653007246
siren,wang,23,17,0.4915015396485927,0.22638120870029943,0.018885577099696238,14.038243552142104
siren,wang,23,18,0.5501144991264264,0.23724882883344628,0.020872940806733034,14.989055600256304
siren,wang,23,19,0.4793073276666394,0.21743520482050097,0.011272379748411285,23.23130773544481
siren,wang,23,20,0.5637842572281982,0.2144490537859168,0.017406710064231935,20.068996504980603
siren,wang,23,21,0.47113220093065555,0.2280858864430526,0.010713977774667559,22.68497467507061
siren,wang,23,22,0.5139728594943483,0.20447103334677444,0.007762578715961059,39.87100646221989
siren,wang,23,23,0.5722765686973266,0.1983826654282318,0.014336671705587405,26.07954697905078
siren,wang,23,24,0.4190327760990515,0.21305787858995068,0.013900768252466833,14.817518986588993
siren,wang,23,25,0.4486927822365687,0.21142868981131874,0.005850172156770876,40.55677099188357
siren,wang,23,26,0.4620627965846158,0.19115946098639083,0.015089249199721528,17.953400597507827
siren,wang,23,27,0.514448093777716,0.21795110032063172,0.015026589608578186,19.731489391832728
siren,wang,23,28,0.4816159730208393,0.20461012523753014,0.01821105806307835,15.210859622973757
siren,wang,23,29,0.5407130333014656,0.21070851016553221,0.011387849445689687,28.978651738396525
siren,wang,23,30,0.523977117163598,0.24417532867060662,0.012152304109396422,23.024587434134617
siren,wang,23,31,0.37584962495970153,0.22283891424337784,0.019103058205325894,8.009749489935837
siren,wang,24,0,0.2276244503208862,0.11471279044903875,0.017468898627123135,6.463582065587974
siren,wang,24,2,0.23386854845682262,0.13228860430104614,0.00822649048850958,12.347907567347113
siren,wang,24,3,0.285717521364215,0.1825670503759081,0.0047005992578074115,21.94411081033556
siren,wang,24,4,0.26409774243057826,0.1745884409855521,0.008235843458270413,10.868261629613803
siren,wang,24,5,0.28030209706404113,0.19612945021756645,0.008890313187678833,9.467905693483367
siren,wang,24,6,0.310979689573317,0.20334909926483555,0.008677910447211789,12.402823348224704
siren,wang,24,7,0.3197906331389521,0.20244104122264356,0.008759212764613248,13.397276110290944
siren,wang,24,8,0.3441627753380163,0.2208886417332741,0.012060251284447909,10.221522810532834
siren,wang,24,9,0.3436860276699811,0.23360836694741688,0.005651749799405298,19.47673988224798
siren,wang,24,10,0.3880978629015927,0.21991524643389196,0.007568008532837585,22.22283652799233
siren,wang,24,11,0.39844089093245855,0.22442905294044033,0.014677226142692736,11.855907669491927
siren,wang,24,12,0.46014509392136627,0.22631752905390687,0.011233889474925906,20.814479739128963
siren,wang,24,13,0.4248332902452193,0.22967950631617318,0.0075927563183950065,25.702627049447926
siren,wang,24,14,0.482594541371098,0.22477620961699613,0.009859653878446045,26.14882174694919
siren,wang,24,15,0.4436636119221559,0.22717161672574884,0.007687747613686413,28.160653298631804
siren,wang,24,16,0.4558828518221495,0.21654727847013117,0.005051747654227458,47.37678715043
siren,wang,24,17,0.4771482835785836,0.21994898071073782,0.01669956368841824,15.40155824826866
siren,wang,24,18,0.5210380765117433,0.23217505899831686,0.010501654035405225,27.50643056222906
siren,wang,24,19,0.47225231687716107,0.21527360969797985,0.003079788036640799,83.4403874948077
siren,wang,24,20,0.5312397665892142,0.20896182740883473,0.011508005991493916,28.004672522641158
siren,wang,24,21,0.44866806332843656,0.22369916406323828,0.009125859458698996,24.65180406112351
siren,wang,24,22,0.49674292346873095,0.20059136479977874,0.007445074651762775,39.77818524611197
siren,wang,24,23,0.37745586285785754,0.19038020803516525,0.014419314078892182,12.973963518593742
siren,wang,24,24,0.5697622351660662,0.20425089154847198,0.010848002988043805,33.693883014269524
siren,wang,24,25,0.43974820797755104,0.21034169548764825,0.005523490735294735,41.53288626411747
siren,wang,24,26,0.44032707736797033,0.1862233433640097,0.013695605148708915,18.55366968051901
siren,wang,24,27,0.49043403630544297,0.2137468539389952,0.012318116085112824,22.461809943554652
siren,wang,24,28,0.4545516939361441,0.19813701788425772,0.012875724665758276,19.91458210766156
siren,wang,24,29,0.5088780067404824,0.20703702452143977,0.003333931101795982,90.53605878551045
siren,wang,24,30,0.5170068052734513,0.2437993218558379,0.011595363917645115,23.561786017070407
siren,wang,24,31,0.3788288503914334,0.22587700633479946,0.012092927749257586,12.64804084073222
siren,wang,25,0,0.2353658716016014,0.1085604644154484,0.00921278050652444,13.764075579175051
siren,wang,25,2,0.21022107507935772,0.12409995288098923,0.0073102309520383605,11.780903060847177
siren,wang,25,3,0.2708375921120556,0.1754567099658352,0.004564394576838612,20.896721468870695
siren,wang,25,4,0.24558582090853764,0.16554216038219102,0.007865273222326342,10.176844244791766
siren,wang,25,5,0.24220790295389585,0.18504697974738663,0.01163853653703304,4.911349723792766
siren,wang,25,6,0.2809252892993716,0.19150710087136208,0.00972337777270891,9.196206351149291
siren,wang,25,7,0.2907446518601572,0.19082384441249572,0.005137942782830795,19.447629463987376
siren,wang,25,8,0.32877506123823613,0.2110734180812901,0.00393380207731949,29.920580863882314
siren,wang,25,9,0.32342403304337036,0.22353886590996982,0.00640865873680163,15.58597067430216
siren,wang,25,10,0.37608464222316623,0.20834137439198214,0.006064756254146931,27.658699014735404
siren,wang,25,11,0.41640004560643207,0.2126947027700609,0.011020959267546957,18.48344938867666
siren,wang,25,12,0.4813848610732301,0.2115367424697196,0.006758237281762112,39.92877245250429
siren,wang,25,13,0.43306989450800704,0.21596929457615052,0.010587689404553664,20.505002709890945
siren,wang,25,14,0.46636972316180614,0.2107396843706711,0.009021229045820194,28.336497997418228
siren,wang,25,15,0.4270633152070243,0.21854367840999728,0.010890492960699417,19.146941974942088
siren,wang,25,16,0.4652375154240836,0.2080442737670849,0.008107008313128786,31.724803000447224
siren,wang,25,17,0.48561371119630053,0.213830553472896,0.009085078200485338,29.915334984005476
siren,wang,25,18,0.5427278396819466,0.22076069847213012,0.005356634622636786,60.10623533089312
siren,wang,25,19,0.4691878397338163,0.20719590868350993,0.014891917596195549,17.592894223188402
siren,wang,25,20,0.5377413749304212,0.1963411587898256,0.007522623669372942,45.38313109168911
siren,wang,25,21,0.44342799049891923,0.21108999420850627,0.013011224941212342,17.856735037643926
siren,wang,25,22,0.5101440588499124,0.19328992470805373,0.013504356894939045,23.463104286040043
siren,wang,25,23,0.39146908499651495,0.18542868447635308,0.01336286998422586,15.418873397958773
siren,wang,25,24,0.39577369994557643,0.20020213009310517,0.009563948411903136,20.44883153165758
siren,wang,25,25,0.5431242205293768,0.2086202190399959,0.016179709734121788,20.674289402357893
siren,wang,25,26,0.4394690538517088,0.1768273579011098,0.007977692671891275,32.92201226001032
siren,wang,25,27,0.505401252892046,0.2108498752625724,0.010932364214690288,26.943062986656834
siren,wang,25,28,0.4677458728613232,0.19009602138404125,0.003964689984072074,70.03065878863796
siren,wang,25,29,0.5410171571792465,0.19694207154653487,0.008942411396239828,38.47676766217565
siren,wang,25,30,0.5143476355870605,0.23239911190982987,0.020598026298843566,13.688133007824156
siren,wang,25,31,0.36223432049351695,0.21488808745629617,0.015502694291367719,9.504556451149707
siren,wang,26,0,0.33345961491727005,0.18955135091305747,0.018598443454824663,7.737650968144918
siren,wang,26,2,0.3202347992403053,0.21434642368983928,0.014137702831046336,7.489786481997315
siren,wang,26,3,0.4113425252100359,0.29852037718678276,0.002326906810899404,48.48589015029988
siren,wang,26,4,0.37017872960707277,0.285523091388847,0.00951115637652827,8.900667265564028
siren,wang,26,5,0.36984349249175325,0.31496425204219997,0.009745971504066787,5.630966643669472
siren,wang,26,6,0.4216674820670932,0.32763845674575276,0.00770743674365524,12.199779050894595
siren,wang,26,7,0.4294579042174775,0.3289693945694003,0.00694201178282126,14.475416174997948
siren,wang,26,8,0.45527177175794215,0.3594472368172754,0.008178449996687352,11.71671098795983
siren,wang,26,9,0.4698177596122338,0.3789429312500864,0.00799881873509863,11.36103109367772
siren,wang,26,10,0.483634666211488,0.35309764207245503,0.005910729461031819,22.084757050654368
siren,wang,26,11,0.5062518179249005,0.36540819780251094,0.009886736759134544,14.245713581102628
siren,wang,26,12,0.5467463195721805,0.36544627368597293,0.01023280761939754,17.717527058999046
siren,wang,26,13,0.542452707345407,0.37449186082786523,0.007240895785072343,23.196141955779254
siren,wang,26,14,0.5501396656503088,0.36161076881030907,0.0051296311124057956,36.75291511392517
siren,wang,26,15,0.5320957132429422,0.3758052973795038,0.006908535683823578,22.62279924664707
siren,wang,26,16,0.547324812516532,0.3524027600081432,0.009691260643744006,20.113178220443046
siren,wang,26,17,0.563032749076283,0.36077095296341,0.012467291772364724,16.223394768157345
siren,wang,26,18,0.5891572057229887,0.3835471628359937,0.009089437138144968,22.62076735468322
siren,wang,26,19,0.5464417403047387,0.35042755250612817,0.005651047703835089,34.686344563254224
siren,wang,26,20,0.58351546991147,0.3418245417387631,0.014046034439494518,17.207057921851767
siren,wang,26,21,0.5528068142072763,0.36505367556533697,0.012894557536855734,14.560649956797345
siren,wang,26,22,0.5349503988485369,0.3299567908520219,0.006217855631339542,32.968537732413104
siren,wang,26,23,0.47981426012458983,0.30823187309918576,0.018566498110648973,9.24150510251535
siren,wang,26,24,0.5160034499460612,0.3366914148688727,0.006668430477444114,26.889691012556742
siren,wang,26,25,0.519267985770093,0.3396852940319003,0.011302698833070075,15.88847888371223
siren,wang,26,26,0.5874375135988723,0.31126225875804236,0.008074227056506983,34.20454402731486
siren,wang,26,27,0.555095594771006,0.3567642202611456,0.013648147562910046,14.531743124527909
siren,wang,26,28,0.5482908383698866,0.3290501874583921,0.017978067716921307,12.194895155787009
siren,wang,26,29,0.5569819544287835,0.33792632293732267,0.005901138931581884,37.12090734198998
siren,wang,26,30,0.5790253448328339,0.4043290941147514,0.012434901045735754,14.048865372997101
siren,wang,26,31,0.4991535356649191,0.3766345444340281,0.020721700342721524,5.912593522950237
siren,wang,27,0,0.2716984307629023,0.11035083275739252,0.011952729414924973,13.49880787931503
siren,wang,27,2,0.23849540015432252,0.12244886588032841,0.006868762553971864,16.894823974791525
siren,wang,27,3,0.2980658583087413,0.17155696751124153,0.008692880840166046,14.55316058319319
siren,wang,27,4,0.2712773495157036,0.16297035694443401,0.004538218385042601,23.865531224375594
siren,wang,27,5,0.2624345019319591,0.18314914902650392,0.005768360923861524,13.744866861135842
siren,wang,27,6,0.31800170005026807,0.1882566531931445,0.011393341527677294,11.387795805290327
siren,wang,27,7,0.335085218177765,0.18925628082937618,0.004494886477948744,32.443297080761496
siren,wang,27,8,0.3460839601876977,0.2061440027313107,0.006990316416648551,20.01911631969874
siren,wang,27,9,0.33368950747849313,0.21912126632144008,0.009876451652599653,11.600141952489254
siren,wang,27,10,0.4063479466067927,0.20119997684922075,0.011498931208880948,17.84061196914809
siren,wang,27,11,0.4569168895612346,0.21352407424194286,0.011285151054351544,21.56752835181942
siren,wang,27,12,0.5115543469410025,0.21061068682820613,0.009054508089827823,33.236886767033525
siren,wang,27,13,0.4495274162027527,0.21623906111801747,0.010045176668051001,23.223917586906776
siren,wang,27,14,0.5124770011963488,0.20608451507410544,0.007753630260576378,39.51600422322268
siren,wang,27,15,0.45359028029960746,0.21546563232370794,0.007587600114178622,31.383394537480466
siren,wang,27,16,0.5058495287823362,0.20485100352388513,0.008869439955220335,33.93658751602357
siren,wang,27,17,0.5197548556357029,0.21033173354681906,0.012891997282767815,24.001178041084184
siren,wang,27,18,0.5670770614161624,0.21630647475820028,0.010277879128089067,34.12869350635959
siren,wang,27,19,0.5075676238547923,0.20603862335374723,0.011393572551161904,26.46483349687324
siren,wang,27,20,0.5683431396156612,0.19537110464742363,0.013040834434839384,28.6003197749233
siren,wang,27,21,0.4666461012113553,0.20877287989210763,0.006503820071370993,39.64950113770421
siren,wang,27,22,0.5307242873348397,0.18713770503466048,0.01060839311541419,32.388183447023806
siren,wang,27,23,0.41092285335075374,0.17635595242089455,0.015822369400237943,14.825017353363755
siren,wang,27,24,0.41636723860478453,0.19103345368912864,0.011492893345559719,19.606358306867403
siren,wang,27,25,0.4463242950777096,0.19859382305095263,0.020537220456787235,12.062512186009371
siren,wang,27,26,0.4700297109063171,0.17738692272978254,0.013141652273356721,22.268340547241245
siren,wang,27,27,0.7100761842264255,0.20973822399311862,0.012364828433918198,40.46460999497739
siren,wang,27,28,0.5110339106423947,0.1910726160821078,0.010352682769811803,30.906123724112074
siren,wang,27,29,0.5991156868230473,0.19628773889279444,0.011062944520384765,36.41236265697576
siren,wang,27,30,0.5799434002027892,0.23302319023665766,0.016437651604289373,21.10521735815373
siren,wang,27,31,0.39872208155743555,0.21789259052500998,0.01728116164958668,10.463966178844844
siren,wang,28,0,0.3162544200551202,0.12407071797357502,0.01940044835299697,9.906147455187899
siren,wang,28,2,0.24970353732020778,0.13684765706858454,0.016227005197414247,6.954818765301602
siren,wang,28,3,0.32732437591768837,0.18093469457308523,0.006953944641026698,21.05131531834999
siren,wang,28,4,0.30829334541540815,0.17240228059057738,0.012441209761750146,10.922656833792868
siren,wang,28,5,0.2852842492259865,0.19522361844055708,0.014685082089836958,6.132797231535893
siren,wang,28,6,0.3163919159250954,0.19517705793199874,0.006501223078496692,18.64493135053685
siren,wang,28,7,0.3376187390060799,0.20013433946925482,0.013165237128007762,10.442986951168574
siren,wang,28,8,0.3576428304123867,0.21703693301923419,0.0149457934431677,9.407723847369837
siren,wang,28,9,0.34127496740892493,0.23404201185670948,0.010085546798692432,10.632339296280689
siren,wang,28,10,0.40864732376794183,0.21292416724611773,0.007391473385035395,26.47958618346386
siren,wang,28,11,0.44544785766343425,0.22470784103618408,0.016984757390237897,12.996359709802036
siren,wang,28,12,0.483409057397198,0.22668397936404272,0.014160460613873101,18.12971237543219
siren,wang,28,13,0.432280599454515,0.2267666154153464,0.01801442852721697,11.408298838271183
siren,wang,28,14,0.4906624773863605,0.22335696609202813,0.016881752998748514,15.833990185388233
siren,wang,28,15,0.43094406050582185,0.22480568848998456,0.017041433463364206,12.096304718672583
siren,wang,28,16,0.473702833028002,0.21270067776804683,0.012882057098098927,20.26090656735815
siren,wang,28,17,0.4778770786452096,0.2112816502552334,0.01797095638251826,14.83479358112038
siren,wang,28,18,0.5425770192502154,0.22166905448083635,0.008025616237134036,39.98546096492348
siren,wang,28,19,0.47196234940510856,0.20853675641141214,0.010279390422254137,25.62657727479628
siren,wang,28,20,0.5417281016348249,0.199667011535743,0.008414875631161287,40.64957167428463
siren,wang,28,21,0.4602421871583963,0.21085543570384177,0.008017045496189945,31.107064513114484
siren,wang,28,22,0.47944571349561704,0.18589606873929776,0.01049105740337779,27.98093971555294
siren,wang,28,23,0.38594297688747736,0.17819242650010278,0.017215312471007133,12.067776912981047
siren,wang,28,24,0.418550010258933,0.19329303377767773,0.00830620779117879,27.119111650502973
siren,wang,28,25,0.4185524784552999,0.1964997474335294,0.010802404853444325,20.555860850833547
siren,wang,28,26,0.49860968351803847,0.18011015778530515,0.012319095601610446,25.85413215651128
siren,wang,28,27,0.5074833199585914,0.21328488294353778,0.007999004227599407,36.7793826136464
siren,wang,28,28,0.6618370656387933,0.20063098832906895,0.018627098941994786,24.759952086255122
siren,wang,28,29,0.570420374094309,0.20448753741169967,0.007990921438856395,45.79357205330992
siren,wang,28,30,0.5896887590053016,0.2490599535957724,0.011096807483533574,30.696108400094747
siren,wang,28,31,0.4644404570383024,0.24603389103038315,0.022817214728253737,9.572008179310082
siren,wang,29,0,0.23584986119559648,0.13676110755333024,0.021849501408285434,4.535057884876554
siren,wang,29,2,0.1974835338839269,0.14193370916405307,0.012791966912247434,4.342555378773585
siren,wang,29,3,0.2473393763288067,0.18217371618841555,0.007050677636922018,9.242467674190719
siren,wang,29,4,0.22753761589033544,0.1776064848849533,0.013611295821961206,3.6683598430665616
siren,wang,29,5,0.22238906515250642,0.19450109390323425,0.004497441870180729,6.200851963018589
siren,wang,29,6,0.27619693720032806,0.20587477666990273,0.013366451963287524,5.2610940228246905
siren,wang,29,7,0.2864133258993734,0.20845752258497413,0.01197459334113261,6.510100267590872
siren,wang,29,8,0.3080443126432953,0.22836475333887307,0.01675232980354791,4.7563270445849986
siren,wang,29,9,0.28951027789844797,0.23879743414175786,0.009441177939803513,5.371453019955
siren,wang,29,10,0.37933759698482955,0.22488120949036774,0.008341978005254134,18.515559187183012
siren,wang,29,11,0.4474009012018788,0.23700078089067747,0.01386750899200046,15.172163972099941
siren,wang,29,12,0.5243709314262516,0.24349394033513647,0.016239356507709014,17.296066562599293
siren,wang,29,13,0.43103131679567636,0.23518794405830348,0.00958153551116605,20.439664655956506
siren,wang,29,14,0.4962685683622838,0.2348839563783081,0.012906628548387453,20.251966731980747
siren,wang,29,15,0.42984201896141344,0.23363452159196596,0.007778024055788795,25.225879473003175
siren,wang,29,16,0.5062539366909575,0.2215000887832995,0.014248142743455983,19.985330932934566
siren,wang,29,17,0.5180456558787614,0.22109773106822544,0.01476853084136261,20.106801956147603
siren,wang,29,18,0.5600033003105103,0.22879910258814187,0.012932404552117433,25.610411148802182
siren,wang,29,19,0.5121489198634313,0.21040010841540302,0.007815924373677506,38.60692568421706
siren,wang,29,20,0.5946745637169252,0.20610636406005783,0.007013687101666855,55.401416405434055
siren,wang,29,21,0.45293959724468724,0.21781121309542817,0.004868199395909278,48.29884009000047
siren,wang,29,22,0.545337688869196,0.1994388548344134,0.009544189601243978,36.24182340108778
siren,wang,29,23,0.40368235574641786,0.17790793840652247,0.012602537433194309,17.914996764478513
siren,wang,29,24,0.4058493378378128,0.1937432294034936,0.005565358891005763,38.11184733784306
siren,wang,29,25,0.4493078382510594,0.20204510904114453,0.0025274164292076887,97.8322077646019
siren,wang,29,26,0.47488741327420325,0.18419590787845883,0.010158691822679476,28.615053047162036
siren,wang,29,27,0.5651274447370246,0.21504288847219985,0.009738490016723268,35.9485459926177
siren,wang,29,28,0.5237742860761085,0.2014852536870812,0.014923650962936708,21.5958570184629
siren,wang,29,29,0.7724134927904576,0.2253829447517154,0.02543137157763518,21.510068631918028
siren,wang,29,30,0.6221038712850214,0.2694094159393402,0.013610581122295901,25.91325470798024
siren,wang,29,31,0.38403907417574684,0.2680536767782201,0.02126703329346396,5.453764791592852
siren,wang,30,0,0.24912388342548933,0.15936453784440796,0.019697109019530357,4.556980696612985
siren,wang,30,2,0.215045056681289,0.16008733311571208,0.01697985595538384,3.236642508039143
siren,wang,30,3,0.272193300617868,0.20101914658488504,0.013338946521954132,5.335815232172929
siren,wang,30,4,0.2601206236369428,0.19866101597991134,0.012768576201029957,4.813348543283467
siren,wang,30,5,0.23968111453053112,0.2171918251523067,0.017374144420374712,1.2944113295070323
siren,wang,30,6,0.2788821790565292,0.22796588931934242,0.017880767951369617,2.8475449083430844
siren,wang,30,7,0.3036722207452625,0.22987125033834593,0.019806906004887253,3.7260221454429363
siren,wang,30,8,0.3279632158411564,0.24968572099393072,0.01773821565167653,4.412929484247604
siren,wang,30,9,0.3152392872883888,0.2608133922723025,0.020043094224111345,2.715443753720087
siren,wang,30,10,0.4021959659574626,0.25083241293267666,0.020632268630731053,7.33625350337554
siren,wang,30,11,0.46263239098894976,0.2695360337043541,0.011539715235031158,16.73319950724714
siren,wang,30,12,0.5416600129609237,0.2776630670918362,0.019728813864209695,13.381288286570937
siren,wang,30,13,0.4438007905313065,0.26590776289968854,0.021597646709629912,8.236685691886024
siren,wang,30,14,0.524660898546941,0.26062504145223736,0.009339069141201053,28.27218142436273
siren,wang,30,15,0.4389973028103768,0.2539290462930782,0.009319928616437077,19.85726115872854
siren,wang,30,16,0.5046921178709015,0.24632069500857856,0.012221374046341656,21.140947153946556
siren,wang,30,17,0.5124717340778839,0.23952983850647516,0.024645024425090343,11.074928994330191
siren,wang,30,18,0.564441889099432,0.246066077961249,0.021126487646446413,15.0699830689431
siren,wang,30,19,0.5045501830506421,0.24061886039241315,0.011909529548334564,22.1613558778346
siren,wang,30,20,0.5759842409650879,0.21882897567857046,0.011522716843025886,30.995751275679865
siren,wang,30,21,0.45501397739990457,0.23384402802689017,0.019150803620846518,11.54885997223954
siren,wang,30,22,0.5153079115094971,0.21608387460441353,0.012154757064703925,24.61785417118678
siren,wang,30,23,0.39505286237375054,0.18646906371493827,0.01951562466907335,10.688041105307665
siren,wang,30,24,0.40272446836360176,0.2096132020109577,0.014711267035205554,13.12675963875234
siren,wang,30,25,0.4468748872396355,0.21818437972475216,0.022878888341542752,9.995700145082417
siren,wang,30,26,0.49487365774313463,0.2026928320332802,0.012860276482636086,22.719637956801026
siren,wang,30,27,0.5558532702244625,0.2313949764330875,0.01723418327514572,18.826438631373534
siren,wang,30,28,0.5289738889145889,0.21834424145189976,0.01025895824816712,30.27886847265282
siren,wang,30,29,0.6404747308819874,0.2379758923642748,0.015960012073922725,25.219206392416254
siren,wang,30,30,0.7268088728956371,0.33214396362526505,0.03509581663009496,11.245354779177402
siren,wang,30,31,0.4487713197025189,0.3593355058866067,0.02830840456113479,3.1593378433873496
siren,wang,31,0,0.3613740912426906,0.21282885435747662,0.03334643820038971,4.454605796054044
siren,wang,31,2,0.2860995634479192,0.1903599545280922,0.023796022470785622,4.023345037489627
siren,wang,31,3,0.3808794667268861,0.2298825001361756,0.017734946493406113,8.514092029928113
siren,wang,31,4,0.35615688268214996,0.23290439318368122,0.006089482428792583,20.240224179923796
siren,wang,31,5,0.32276871829936293,0.2428544842057298,0.016466213394092474,4.85322473242717
siren,wang,31,6,0.35506723216595387,0.2558534349814453,0.016042121244559997,6.184580933656308
siren,wang,31,7,0.3837385756457052,0.2589458841430792,0.013198681242119148,9.45493638443151
siren,wang,31,8,0.37858563330183814,0.28737729168011866,0.021747544600880037,4.193960435332485
siren,wang,31,9,0.37767194492027356,0.2877192123094885,0.011278114936956197,7.975865923836917
siren,wang,31,10,0.4164629411273593,0.28196629196225365,0.008533561036561074,15.760905510474473
siren,wang,31,11,0.43406778133919216,0.3137167204429783,0.008996810656825147,13.377080555198
siren,wang,31,12,0.44361282815335656,0.3182588055631883,0.01552539772497684,8.074126332267939
siren,wang,31,13,0.43016471821950303,0.29648123441554114,0.015594372071667431,8.572546761715667
siren,wang,31,14,0.4579325217724591,0.2977405529080417,0.0060542675092139725,26.45934766189662
siren,wang,31,15,0.4367419370740935,0.2702776573552309,0.013264565580807611,12.549546285912172
siren,wang,31,16,0.44974936015065126,0.2686572429942778,0.009206637723231086,19.669734228753693
siren,wang,31,17,0.4539183556335785,0.24602437368022567,0.02237548695618117,9.291148941718236
siren,wang,31,18,0.49026002096201704,0.25840992675668695,0.01929601833152761,12.015437082504844
siren,wang,31,19,0.4040722364761895,0.25521139759033895,0.018464148294609784,8.062155725282347
siren,wang,31,20,0.4552178664602691,0.23417156298514036,0.008273366799552774,26.7178174050107
siren,wang,31,21,0.465337251325738,0.24677664427063828,0.013034257187214097,16.768167446434607
siren,wang,31,22,0.40240065977406875,0.21682545609854822,0.014525419777069226,12.775892643631657
siren,wang,31,23,0.36046052294132175,0.1887529421419557,0.013279889245535897,12.92989554540799
siren,wang,31,24,0.4366194498536304,0.21283196069070506,0.007467938051605788,29.966436199186948
siren,wang,31,25,0.41186756076787945,0.22718819260274076,0.013666080224311013,13.513704378568395
siren,wang,31,26,0.4984792571587329,0.21011064920581624,0.01585603103270392,18.18668286900681
siren,wang,31,27,0.48348048221726586,0.23948872214536934,0.015206912110391305,16.04479320329406
siren,wang,31,28,0.5048920424216704,0.23719315879199027,0.023007047107716772,11.635516821273926
siren,wang,31,29,0.5003736532250209,0.26205744471195774,0.021882811473430793,10.890566269440145
siren,wang,31,30,0.6059497076433459,0.3916473159949907,0.02639979479206523,8.117577933324174
siren,wang,31,31,0.7037047895896588,0.48410767371954383,0.038767367949171794,5.664483494418049
siren,zhao_topk,0,0,0.6693660287158435,0.4408800591850145,0.013211871062119447,17.293990265007576
siren,zhao_topk,0,1,0.6458111287085674,0.334169569806359,0.01354779641511066,23.003117950208942
siren,zhao_topk,0,2,0.6670910978730156,0.38976406688418697,0.02902342478103415,9.55528277869029
siren,zhao_topk,0,3,0.6288983534568794,0.27889217667346866,0.029826230350889705,11.734844553460983
siren,zhao_topk,0,4,0.6245668450666862,0.30899398493211494,0.020761717339620855,15.19974744730506
siren,zhao_topk,0,5,0.5874229559161827,0.27587355214743214,0.02022528167491862,15.403958707536967
siren,zhao_topk,0,6,0.6034999116372748,0.25158053503842737,0.016472845827595513,21.36360531034096
siren,zhao_topk,0,7,0.5656908492627998,0.25854090371126903,0.015196592632737031,20.211764108873826
siren,zhao_topk,0,8,0.5683122566987553,0.26697045650130735,0.012502011622912666,24.103465049190426
siren,zhao_topk,0,9,0.4853357488976719,0.23809624508653876,0.02748540562655405,8.995301258070992
siren,zhao_topk,0,10,0.4825303425111317,0.24037962733544602,0.014893819108524406,16.258470269528914
siren,zhao_topk,0,11,0.5506277534628367,0.25560479269111713,0.005654521182480376,52.17470255232232
siren,zhao_topk,0,12,0.5237986028768691,0.25525947770414625,0.011975186598714547,22.424629709030892
siren,zhao_topk,0,13,0.5145605142289036,0.23451299799523082,0.015988501997874504,17.515556883997135
siren,zhao_topk,0,14,0.5385167031261481,0.24996365869690756,0.016619205745580033,17.362625437499187
siren,zhao_topk,0,15,0.570825905895013,0.250887517327532,0.018905391973741564,16.92312907406818
siren,zhao_topk,0,16,0.6165505570918547,0.27688128141236856,0.027221105091703248,12.478158933489233
siren,zhao_topk,0,17,0.5499324954681163,0.2561470726636649,0.00996514575784477,29.48129710728791
siren,zhao_topk,0,18,0.6191972513569053,0.23885729039690634,0.02083189887701407,18.257575231399873
siren,zhao_topk,0,19,0.5806791892506764,0.24732922062625717,0.03194345605167885,10.4356262542512
siren,zhao_topk,0,20,0.5410734312548772,0.22644081914353395,0.018326274134481513,17.168389482909195
siren,zhao_topk,0,21,0.5934040389892754,0.24377162642716854,0.014011441065622288,24.953351402229853
siren,zhao_topk,0,22,0.5488317192320336,0.205623983557206,0.019716441514942982,17.40718452742663
siren,zhao_topk,0,23,0.4672785985543533,0.15400665525172014,0.011330051451199696,27.649648781556234
siren,zhao_topk,0,24,0.5612983810889728,0.16022907414890245,0.010283383496621367,39.00168724348778
siren,zhao_topk,0,25,0.562697146879873,0.19663491744640968,0.02752736155405484,13.2981226229995
siren,zhao_topk,0,26,0.631587821268135,0.2261523567496848,0.015385406749323044,26.35194968350702
siren,zhao_topk,0,27,0.598239016307785,0.23774981878245632,0.011568207208647343,31.162062627635127
siren,zhao_topk,0,28,0.590498431777787,0.304918730117743,0.012565369653386917,22.727520919614793
siren,zhao_topk,0,29,0.607956198481017,0.336346751326695,0.009738297072456705,27.890856597764724
siren,zhao_topk,0,30,0.6161229831744102,0.3639517889380855,0.015854889631514286,15.904947943320375
siren,zhao_topk,0,31,0.6370993768880385,0.4604935863088281,0.022692704213018205,7.7824920697594235
siren,zhao_topk,1,0,0.5265042687787944,0.2248360674876483,0.005065583038307161,59.55251330594296
siren,zhao_topk,1,1,0.5280490379105397,0.20194385074651144,0.004390214730404083,74.28000842546784
siren,zhao_topk,1,2,0.5467827404894335,0.22693468767963615,0.013132930134712601,24.35466034836992
siren,zhao_topk,1,3,0.5129508952674244,0.1694713788276303,0.01735621329429661,19.790003188809866
siren,zhao_topk,1,4,0.5039308582586974,0.17920057588085336,0.007632682547307939,42.54471221161648
siren,zhao_topk,1,5,0.4678000730891139,0.16515253696475984,0.009257305084670077,32.69283375196662
siren,zhao_topk,1,6,0.47314904979572603,0.15120473098130804,0.009551431750408344,33.706393682879444
siren,zhao_topk,1,7,0.45890718896613275,0.15900720622582307,0.005711557176956862,52.50756903042989
siren,zhao_topk,1,8,0.4453401781083393,0.1609703453658508,0.00829807906766566,34.269356850378244
siren,zhao_topk,1,9,0.40510104975773514,0.14004215704616682,0.011780389145731693,22.500011623776054
siren,zhao_topk,1,10,0.37224632902999955,0.1448390611649249,0.0034814623397382135,65.31946799176762
siren,zhao_topk,1,11,0.43238239513627014,0.15113278333441066,0.011973601518917056,23.489140786714348
siren,zhao_topk,1,12,0.42394791952982064,0.151464246983556,0.006326628455206144,43.069333765291596
siren,zhao_topk,1,13,0.404608507307512,0.14126389163783562,0.007025168545682179,37.48587866002641
siren,zhao_topk,1,14,0.4204160806525427,0.1532764186286386,0.00951494190315236,28.075805900128415
siren,zhao_topk,1,15,0.45211600311651895,0.15078980971621175,0.012023520909798212,25.06139388461082
siren,zhao_topk,1,16,0.4936699253586126,0.16479271450944405,0.012216392604554096,26.920975896482556
siren,zhao_topk,1,17,0.43453087541646507,0.15743687434047832,0.010603416221950306,26.132521375740197
siren,zhao_topk,1,18,0.48465407036923425,0.1411859742102513,0.00861604437465288,39.86377985348067
siren,zhao_topk,1,19,0.443320957659042,0.14711889886302676,0.014749652250732982,20.081968968542668
siren,zhao_topk,1,20,0.41994873961374934,0.1381411977813281,0.01164673849619475,24.196262492241416
siren,zhao_topk,1,21,0.4551228311346874,0.14849653410087477,0.004449963560913555,68.90535008580245
siren,zhao_topk,1,22,0.4196622652054596,0.1229651932139461,0.00862170506651289,34.41280694510172
siren,zhao_topk,1,23,0.3701494370834362,0.09050555193190674,0.0020397593586130827,137.09650796340551
siren,zhao_topk,1,24,0.4353162597998776,0.09734890949111871,0.006424504410908082,52.605979962427696
siren,zhao_topk,1,25,0.44700211482084956,0.1146909800435388,0.01365376878666956,24.338418203020446
siren,zhao_topk,1,26,0.493344244881998,0.1342221497838057,0.005520360873317803,65.05409761053458
siren,zhao_topk,1,27,0.4697387718552026,0.14137471892001707,0.006122105543788358,53.6358039871351
siren,zhao_topk,1,28,0.4635017408877651,0.1739140002512952,0.010273907813942553,28.186717837148105
siren,zhao_topk,1,29,0.48246081376780353,0.18777724898670894,0.005542367181339236,53.169260559508515
siren,zhao_topk,1,30,0.482574662059084,0.20419299081920234,0.012062131591675901,23.07897813285285
siren,zhao_topk,1,31,0.505066037859462,0.233348437275985,0.013773273285749517,19.72788856695445
siren,zhao_topk,2,0,0.45132091061781543,0.2732104767499771,0.023031780817849602,7.733246303290753
siren,zhao_topk,2,1,0.45870743874826414,0.2377332167966914,0.00600083891745718,36.82388829147396
siren,zhao_topk,2,2,0.5190456550388481,0.2958939541823091,0.012291138110885282,18.155495353104147
siren,zhao_topk,2,3,0.4895821139972618,0.21964656176828146,0.015211586122528403,17.74539157551789
siren,zhao_topk,2,4,0.48539044087862426,0.2316814537408307,0.015306077134519045,16.57570289944614
siren,zhao_topk,2,5,0.4484051604241297,0.21373206687295943,0.015001176876920444,15.643645527053192
siren,zhao_topk,2,6,0.4653570940193989,0.19724613027109333,0.01014928191215893,26.41674219602731
siren,zhao_topk,2,7,0.4537338172417597,0.20550650461051334,0.01128705705080333,21.99220855480476
siren,zhao_topk,2,8,0.4558382347904651,0.20809568478603677,0.018961340430453506,13.065666476117531
siren,zhao_topk,2,9,0.4040083091916709,0.1820525639900939,0.01692267428486774,13.11587881828169
siren,zhao_topk,2,10,0.3941891636684588,0.19025698518289336,0.007605691993390047,26.813099802463572
siren,zhao_topk,2,11,0.43370195597017525,0.20457241347806523,0.012742687245452173,17.98125764829437
siren,zhao_topk,2,12,0.4248172441352576,0.2046416459824148,0.012364544334407061,17.807012712967985
siren,zhao_topk,2,13,0.39114718058909104,0.18351655979150963,0.010058722546908521,20.641847891648553
siren,zhao_topk,2,14,0.41706939415431854,0.19675714883266165,0.01566007609249051,14.068401968193719
siren,zhao_topk,2,15,0.4375944878656294,0.19484565909015755,0.011162324525305078,21.747157433486034
siren,zhao_topk,2,16,0.46352322293833403,0.21107748515737076,0.011624963513406738,21.71583054775396
siren,zhao_topk,2,17,0.43113644046872146,0.20512859643378376,0.012544501754002946,18.016486303477034
siren,zhao_topk,2,18,0.45072554085598077,0.18424094759894077,0.009364195367428899,28.457820752431388
siren,zhao_topk,2,19,0.43782929293401146,0.19398895675929212,0.018383229877799837,13.26428151068211
siren,zhao_topk,2,20,0.40196495668153776,0.17707258845997545,0.014259178618463689,15.77176177107126
siren,zhao_topk,2,21,0.4393112003101861,0.1888156238882207,0.006308711071415578,39.70630031813425
siren,zhao_topk,2,22,0.41519770247679255,0.1562565484845684,0.012829865478832437,20.182686593202593
siren,zhao_topk,2,23,0.35077824723979567,0.11669443632478446,0.008339433280562476,28.069510605788164
siren,zhao_topk,2,24,0.40903305700795056,0.119372003104109,0.011850245642067955,24.44346409795549
siren,zhao_topk,2,25,0.41573521520160567,0.1476783667915412,0.01827411924167637,14.66866035320203
siren,zhao_topk,2,26,0.45499071687803566,0.16547989184673537,0.012148847461608122,23.83031196549226
siren,zhao_topk,2,27,0.43638141859574414,0.17712587239447253,0.006752865007602207,38.39193378061137
siren,zhao_topk,2,28,0.4474008342488613,0.21976496060436101,0.012701996500475694,17.921267230389745
siren,zhao_topk,2,29,0.44912597515191177,0.2390419865470892,0.013904180691734602,15.109411569263328
siren,zhao_topk,2,30,0.4435478908942486,0.2532708107070371,0.011548058104726028,16.476976341965308
siren,zhao_topk,2,31,0.4658048498706064,0.2925984637838708,0.017272947537525483,10.027610268047459
siren,zhao_topk,3,0,0.41837690848958575,0.329507888233575,0.012258812825053311,7.249398577518803
siren,zhao_topk,3,1,0.42449952454413026,0.2934925276346022,0.01050046330203075,12.476306343948824
siren,zhao_topk,3,2,0.4734541685295082,0.3544113705709172,0.012818971377589009,9.286454774890103
siren,zhao_topk,3,3,0.5063456306714256,0.3098062435290847,0.017774128100843434,11.057610591487439
siren,zhao_topk,3,4,0.4969316012297091,0.32625764893409637,0.012923037006814063,13.206953768345606
siren,zhao_topk,3,5,0.47253568546025787,0.31592673328854703,0.015255056314909034,10.26603566311677
siren,zhao_topk,3,6,0.4799925757381072,0.28977419727682346,0.017325868896735517,10.978865163704665
siren,zhao_topk,3,7,0.4706005409804738,0.2948991694506626,0.006594525425991794,26.64352022016601
siren,zhao_topk,3,8,0.47081837870524523,0.30897977744443184,0.015330223634244654,10.556832380403005
siren,zhao_topk,3,9,0.431233595294901,0.2746222880182584,0.02199129803529544,7.121512655837128
siren,zhao_topk,3,10,0.43370751072131986,0.27343263477193547,0.012270537003893325,13.061765422208556
siren,zhao_topk,3,11,0.45983481590473446,0.2893108195411968,0.013890426339955029,12.276368787402514
siren,zhao_topk,3,12,0.4841050391757291,0.29353645012991997,0.010095634449266687,18.876336103834603
siren,zhao_topk,3,13,0.41745467204117154,0.2671714372161294,0.010899468834525982,13.788124642275557
siren,zhao_topk,3,14,0.43737227781700105,0.2806131671565212,0.0047547149772488905,32.96919193065527
siren,zhao_topk,3,15,0.4639511174869701,0.2878072613570156,0.01497901802987354,11.759372729150895
siren,zhao_topk,3,16,0.49083870584980144,0.3098544164088179,0.013061490716949307,13.856327226579765
siren,zhao_topk,3,17,0.459365947776411,0.3022777902052366,0.016885542740801316,9.303115687930777
siren,zhao_topk,3,18,0.46591985685262627,0.27609441496944864,0.012478021170599325,15.212784085544248
siren,zhao_topk,3,19,0.4676542901369278,0.2863265441131483,0.022863116432963165,7.931016165510495
siren,zhao_topk,3,20,0.4180422894370431,0.2649112524768638,0.01672397093308948,9.156380238451588
siren,zhao_topk,3,21,0.46556076507229294,0.2862111242692307,0.006566520516207332,27.312735924664466
siren,zhao_topk,3,22,0.43374214047203247,0.23998740657796436,0.014093379953653217,13.747925233779279
siren,zhao_topk,3,23,0.3576270467106487,0.18550062496651049,0.007237251353089286,23.78339694816106
siren,zhao_topk,3,24,0.40880661547045194,0.1857914128877862,0.01391482945840404,16.027160321966637
siren,zhao_topk,3,25,0.4198981892743323,0.22291007197379784,0.028041580587295757,7.0248578423492996
siren,zhao_topk,3,26,0.4532190357077145,0.25482995305996603,0.015756870153460032,12.590640191585537
siren,zhao_topk,3,27,0.4419270439640025,0.26763284120620956,0.013120650226245511,13.283960760507783
siren,zhao_topk,3,28,0.4778286876646688,0.3287504202307206,0.003943290581432892,37.80554954176797
siren,zhao_topk,3,29,0.45743844210731166,0.3449815899754568,0.005051397217972422,22.26252406596404
siren,zhao_topk,3,30,0.44838470848580153,0.3681573407159201,0.00985907295716861,8.137414959643591
siren,zhao_topk,3,31,0.4900432538467369,0.3920821669950229,0.00917785435633538,10.673637110409413
siren,zhao_topk,4,0,0.38066043877241407,0.16252097636225993,0.02201694560264793,9.90779858146713
siren,zhao_topk,4,1,0.3896812907359447,0.1392126730170716,0.01414244959221268,17.710412618814615
siren,zhao_topk,4,2,0.406330497506396,0.16865280122292406,0.0198720556031413,11.960398110294173
siren,zhao_topk,4,3,0.4110753175252149,0.15032528649056168,0.007658692457471577,34.04628563982534
siren,zhao_topk,4,4,0.45052983618404197,0.1783749577141646,0.017712955449560138,15.364735672986507
siren,zhao_topk,4,5,0.3986582566872017,0.16626508653223293,0.016897173278487592,13.753375569086279
siren,zhao_topk,4,6,0.40736851387851536,0.14825995804140213,0.00681539163247401,38.0181462503947
siren,zhao_topk,4,7,0.37640248537540166,0.1593500928225223,0.007282395212557178,29.805082835742233
siren,zhao_topk,4,8,0.3834770835101824,0.16330320602812937,0.008481685760578419,25.958740243052578
siren,zhao_topk,4,9,0.34134022995034485,0.14970418778382816,0.009620444803544523,19.91966547075983
siren,zhao_topk,4,10,0.33087275760621804,0.14193452891714753,0.009989810877069238,18.913093652529714
siren,zhao_topk,4,11,0.3812730089642672,0.14998512151523147,0.004290652820652334,53.90505760237008
siren,zhao_topk,4,12,0.384209349255192,0.1547979445241718,0.013439501611324742,17.069933942915533
siren,zhao_topk,4,13,0.3205757821586004,0.14822053592693676,0.009572094064511833,18.00601258931042
siren,zhao_topk,4,14,0.36418131879406057,0.14826429650797232,0.006831272538816784,31.607145090347448
siren,zhao_topk,4,15,0.38150156938608004,0.15518907667365017,0.012350066199676553,18.324799968955386
siren,zhao_topk,4,16,0.39998014839027823,0.16712412685396694,0.009660756054769022,24.103291731640628
siren,zhao_topk,4,17,0.3614260206213805,0.16288728948139347,0.008531486300502749,23.271294607633305
siren,zhao_topk,4,18,0.39595591325312535,0.15344679166811825,0.006903453776786431,35.1286659440625
siren,zhao_topk,4,19,0.3662134335725596,0.1522428180664563,0.013435938253032312,15.925245522605241
siren,zhao_topk,4,20,0.3487376568488655,0.14137566357818576,0.006349063568640609,32.66024840180924
siren,zhao_topk,4,21,0.3699947542043468,0.15046286732460196,0.0094103794055557,23.328696688906888
siren,zhao_topk,4,22,0.3517574078097082,0.13602087904164034,0.008991025209386074,23.994652861483726
siren,zhao_topk,4,23,0.30225092614365123,0.09858604691328918,0.006987540459871479,29.14686224716444
siren,zhao_topk,4,24,0.3321717536094737,0.10045648914028751,0.005395010306385471,42.94992063220541
siren,zhao_topk,4,25,0.32911400314326866,0.11829915933991089,0.015468744555693076,13.628439143483693
siren,zhao_topk,4,26,0.39350531691010315,0.14263936825292625,0.008868735573745982,28.286551850729722
siren,zhao_topk,4,27,0.3655465145510462,0.1489253040598191,0.00576895636362189,37.549462474219006
siren,zhao_topk,4,28,0.3776644286354956,0.17695866346990288,0.00648855856974303,30.932257605180464
siren,zhao_topk,4,29,0.38689172674130184,0.18686164880920278,0.006685973986343753,29.91786661758853
siren,zhao_topk,4,30,0.37924257337560424,0.1992504746163054,0.012247934195767116,14.695710793539703
siren,zhao_topk,4,31,0.3909961573931369,0.2123129653361114,0.025617833872638628,6.974953188679618
siren,zhao_topk,5,0,0.36691049878353055,0.34074710875268954,0.014212112339856108,1.8409219829672343
siren,zhao_topk,5,1,0.3775503833367115,0.29740266886728145,0.00982269351419749,8.159443675361183
siren,zhao_topk,5,2,0.43304494322235165,0.36329125358551656,0.012093024019050713,5.768093202076569
siren,zhao_topk,5,3,0.4566364191945907,0.32933122912313356,0.017632970614360317,7.219724506758923
siren,zhao_topk,5,4,0.4805372616921375,0.3779733330237924,0.007478660544921001,13.714210994373797
siren,zhao_topk,5,5,0.46832300254775977,0.3883424338480291,0.01999619329265105,3.9997897364357313
siren,zhao_topk,5,6,0.4714965930594632,0.34782915773521494,0.01598512109456223,7.736409038922892
siren,zhao_topk,5,7,0.4787488372382202,0.35864285636489934,0.013127103305763744,9.149465657102407
siren,zhao_topk,5,8,0.4793725764034921,0.37158181399526574,0.02432866467181897,4.4306074279977015
siren,zhao_topk,5,9,0.4317657666834447,0.33737163922199764,0.022828568566580252,4.134912234472501
siren,zhao_topk,5,10,0.4568684582907132,0.33475666818750693,0.011026390920857599,11.07450216300773
siren,zhao_topk,5,11,0.4610895668151232,0.35287720221851426,0.016716963392040027,6.473207008883891
siren,zhao_topk,5,12,0.4977977192227902,0.3521088454548736,0.009908839361555831,14.702920135445748
siren,zhao_topk,5,13,0.4069647507599706,0.3314582912749894,0.014490221953928684,5.210855963770064
siren,zhao_topk,5,14,0.4284350221220482,0.33705689562358165,0.008772234714665055,10.416744361126637
siren,zhao_topk,5,15,0.4478471483323012,0.34693535739884707,0.019686338348258746,5.125980725734086
siren,zhao_topk,5,16,0.48015702047655084,0.3751992642827885,0.014203833977433274,7.3893961560320145
siren,zhao_topk,5,17,0.45698900689244465,0.36354119723177863,0.01563375802630304,5.9773094545434695
siren,zhao_topk,5,18,0.44790739475029223,0.3363797781199215,0.017986850087934884,6.2005084873187775
siren,zhao_topk,5,19,0.46118461098705704,0.3398108085988091,0.02711723854212818,4.47589094293974
siren,zhao_topk,5,20,0.4190144996505381,0.3149895949471645,0.01603558734704666,6.4871278146560885
siren,zhao_topk,5,21,0.45194183535387766,0.3410715830444258,0.004997259707673579,22.18620980198492
siren,zhao_topk,5,22,0.4295647237158503,0.286742204644011,0.011049795327735925,12.925354256412573
siren,zhao_topk,5,23,0.35978639631971504,0.22366418378017755,0.008241074093292543,16.517532908765876
siren,zhao_topk,5,24,0.3939304453626841,0.22536130330575038,0.01540272661955063,10.944110495538464
siren,zhao_topk,5,25,0.4012312385197139,0.26973645302260535,0.02941492899774526,4.470341761055686
siren,zhao_topk,5,26,0.43336690057015026,0.310221286604359,0.015975893447660827,7.70821452767151
siren,zhao_topk,5,27,0.4337253437988413,0.3313593415260743,0.02110034865978273,4.851389136895004
siren,zhao_topk,5,28,0.4727047229850269,0.39979570666794556,0.010571141578135242,6.8969860802812715
siren,zhao_topk,5,29,0.4528975781947006,0.4226279278354995,0.003320024953219384,9.117296040154462
siren,zhao_topk,5,30,0.43820844468632014,0.44704639681211056,0.01426970730615752,-0.6193506240998196
siren,zhao_topk,5,31,0.4819573112251001,0.47098669758853473,0.012394889421342554,0.8850916909089368
siren,zhao_topk,6,0,0.31960546737204143,0.1865258649726405,0.006545950363805253,20.330065919112755
siren,zhao_topk,6,1,0.342365141425656,0.1629740556761219,0.006721476343498239,26.68923858120265
siren,zhao_topk,6,2,0.3768870902548887,0.2003268563770079,0.01224270188099941,14.421672241476458
siren,zhao_topk,6,3,0.3916814044174642,0.1796049014859607,0.013591361235851617,15.603772076345304
siren,zhao_topk,6,4,0.41259973576211306,0.21207381858264776,0.01586985153117611,12.635651744159977
siren,zhao_topk,6,5,0.3902103295410344,0.2025162625503035,0.010052959389075435,18.67052871960254
siren,zhao_topk,6,6,0.42083222489433714,0.19084775990432315,0.01324387544385294,17.36534490716309
siren,zhao_topk,6,7,0.4068671351834746,0.2029139973990493,0.015184893110743182,13.431318633394278
siren,zhao_topk,6,8,0.41290271894073494,0.20489826869009975,0.01438378875615425,14.46103344375371
siren,zhao_topk,6,9,0.36024882691230725,0.1924519700931852,0.017402396499805673,9.642169503550605
siren,zhao_topk,6,10,0.379468750204082,0.19136467790995967,0.012860316087000397,14.62670676378349
siren,zhao_topk,6,11,0.4004098727431844,0.2018522690661395,0.015947258407454035,12.45089272424629
siren,zhao_topk,6,12,0.44064670996679733,0.20233304602169522,0.01505085689969089,15.833893414400645
siren,zhao_topk,6,13,0.3314990193981699,0.1846991345673147,0.012149908949311136,12.082385591801353
siren,zhao_topk,6,14,0.38283906740140883,0.18824785729406845,0.00968895225612907,20.083823819468737
siren,zhao_topk,6,15,0.377931452226912,0.1898661652612522,0.011865647869197337,15.849559083399772
siren,zhao_topk,6,16,0.3976334791584076,0.20723210633570122,0.011853434751606072,16.062970507085137
siren,zhao_topk,6,17,0.37818784377946,0.20155633375243895,0.009573661673097516,18.449733869681726
siren,zhao_topk,6,18,0.3822138396886387,0.1815379334573484,0.01497823934559044,13.397830118822933
siren,zhao_topk,6,19,0.38199984113486407,0.18954517612295155,0.009877776915367974,19.483601083609113
siren,zhao_topk,6,20,0.35094156956523864,0.173054573258944,0.013951002800049978,12.750839409598383
siren,zhao_topk,6,21,0.37718909807643325,0.19172240175486294,0.013137215413276703,14.117656633241651
siren,zhao_topk,6,22,0.3709851804715381,0.156011927401204,0.008140453591116,26.408018996010608
siren,zhao_topk,6,23,0.2885127166047464,0.1184494801092176,0.005594723324355375,30.39707714502996
siren,zhao_topk,6,24,0.33380942520558776,0.11936801412756762,0.005897742276915666,36.35991554214985
siren,zhao_topk,6,25,0.3189935869644111,0.14470175833552612,0.014497897158698318,12.021869566395354
siren,zhao_topk,6,26,0.38554232787496645,0.1660822695614414,0.009372754197407346,23.41468192713634
siren,zhao_topk,6,27,0.34270886360849456,0.17629722286680605,0.01332754029407156,12.486298076751101
siren,zhao_topk,6,28,0.3680921273317101,0.2173973301226691,0.014140096908019838,10.657267640335014
siren,zhao_topk,6,29,0.3767582090240424,0.2308555878139405,0.015785899343988722,9.242591633885064
siren,zhao_topk,6,30,0.3628497198941035,0.24422594700853745,0.018187993762828748,6.52209223471367
siren,zhao_topk,6,31,0.39732779069164986,0.26248016006831537,0.02484154190038431,5.428311622687493
siren,zhao_topk,7,0,0.24256426855595076,0.1955930456638801,0.020813607006652565,2.256755538675129
siren,zhao_topk,7,1,0.26036351642271305,0.1733833440687495,0.009589831635787418,9.070041650092184
siren,zhao_topk,7,2,0.29062027118068867,0.20713978884782325,0.014799119813958945,5.640908606883789
siren,zhao_topk,7,3,0.3128521668170327,0.18838866095927517,0.019403858981286787,6.414368707677735
siren,zhao_topk,7,4,0.3321947291078412,0.21604261972024497,0.018678073581306995,6.218634319111003
siren,zhao_topk,7,5,0.30606423149134565,0.2225876054901712,0.028248826872992783,2.955047527335801
siren,zhao_topk,7,6,0.3280269140691467,0.20907871733088074,0.023025478957231366,5.165938001081587
siren,zhao_topk,7,7,0.36562603645765485,0.2208986566593794,0.017368229925901472,8.332880231073034
siren,zhao_topk,7,8,0.3470913346168286,0.23278669293977422,0.03202450365473555,3.5692869094678956
siren,zhao_topk,7,9,0.3110093270700998,0.20438073033150492,0.02820748262224672,3.7801528823596224
siren,zhao_topk,7,10,0.3186905379737622,0.20989225253529703,0.019413439761974245,5.604276561620574
siren,zhao_topk,7,11,0.35076685537957286,0.22132695124450455,0.017343190551483985,7.463442424323285
siren,zhao_topk,7,12,0.3820979757720077,0.22731913878430543,0.013553727343404015,11.419651072073995
siren,zhao_topk,7,13,0.2824051046907654,0.20268822415755783,0.02039535275674245,3.908580620497195
siren,zhao_topk,7,14,0.31164515293567874,0.20955737794822524,0.015320872560333767,6.663313371051858
siren,zhao_topk,7,15,0.31926675407331306,0.21478748237628859,0.02516382917941062,4.151962364396862
siren,zhao_topk,7,16,0.3338661402952942,0.22525597858315743,0.014397858310156256,7.543494273417257
siren,zhao_topk,7,17,0.3278476810530177,0.21651987378412058,0.01426120465446985,7.80633964424625
siren,zhao_topk,7,18,0.31239730947202615,0.1987133015871037,0.017269067303056704,6.583100632470166
siren,zhao_topk,7,19,0.32114530375714206,0.20125697477817991,0.0272347650327355,4.402032800167705
siren,zhao_topk,7,20,0.293221889444845,0.18624216615131065,0.010903320922817684,9.811664175604967
siren,zhao_topk,7,21,0.30895017777325534,0.19582060915241498,0.01461851663472164,7.738785777493801
siren,zhao_topk,7,22,0.31112551491973983,0.16802304991344041,0.017225895973714975,8.3074032970279
siren,zhao_topk,7,23,0.2517889850720479,0.12426949051358342,0.010580438003925401,12.052383323937441
siren,zhao_topk,7,24,0.26339685900862914,0.12920770767578188,0.01581302767679735,8.485987255289803
siren,zhao_topk,7,25,0.2703651292428223,0.1560696398832006,0.020265423572257378,5.639926002636729
siren,zhao_topk,7,26,0.3041572711318824,0.17523475805504965,0.017065281211984678,7.554666780779007
siren,zhao_topk,7,27,0.28991159017234736,0.18843458534430266,0.01611323467830584,6.297742623004736
siren,zhao_topk,7,28,0.3282294285731542,0.22774722627388044,0.02412640164396334,4.164823407240895
siren,zhao_topk,7,29,0.32064945334180844,0.24143672404790584,0.02005085743056049,3.9505906202879197
siren,zhao_topk,7,30,0.2889359876452906,0.2570105494966188,0.020587372073149972,1.5507291574289341
siren,zhao_topk,7,31,0.3210787469728984,0.2830692183113533,0.025331740975780906,1.5004704452759543
siren,zhao_topk,8,0,0.2801583794718769,0.19549920879138655,0.014402082352277495,5.878259032944817
siren,zhao_topk,8,1,0.28792448859646036,0.17406730998942935,0.013214098593232264,8.61634093341366
siren,zhao_topk,8,2,0.32469401664084313,0.21465813132058478,0.0190471868293973,5.777015068200502
siren,zhao_topk,8,3,0.34399695601339864,0.19741352774633456,0.016570549710787825,8.846020851778668
siren,zhao_topk,8,4,0.36421340540127606,0.22341197487547038,0.012761264338344186,11.033501602402753
siren,zhao_topk,8,5,0.3401558574052375,0.22406398769154484,0.017767376156008586,6.533990651986767
siren,zhao_topk,8,6,0.35749215798037237,0.21962027177602722,0.012535506214184202,10.998509661168695
siren,zhao_topk,8,7,0.3876094455654568,0.22640470015296454,0.024351138306721032,6.620008616517075
siren,zhao_topk,8,8,0.37134460117125817,0.2433343335921614,0.013487047890381831,9.491348189724022
siren,zhao_topk,8,9,0.3477097780387815,0.2189765156436056,0.018843668450959642,6.831645479764317
siren,zhao_topk,8,10,0.358476986117009,0.22139606926358507,0.023886708410721113,5.73879475130603
siren,zhao_topk,8,11,0.38388560139681643,0.23218162812753854,0.013156372665388364,11.5308358259248
siren,zhao_topk,8,12,0.42739847561042105,0.23609490695189086,0.024913240458491522,7.678791082086054
siren,zhao_topk,8,13,0.32536830330975625,0.21004498601059254,0.02072973305547163,5.563183905483241
siren,zhao_topk,8,14,0.34679701084046316,0.21626300358642112,0.008225723054677461,15.869000984638719
siren,zhao_topk,8,15,0.35643056170564896,0.2229884314746305,0.008855267757693326,15.069237191059063
siren,zhao_topk,8,16,0.38552517729045505,0.2398269735688107,0.017998110441601035,8.095194448016937
siren,zhao_topk,8,17,0.3506840310668948,0.23015435642010723,0.014979094266333,8.046526212048077
siren,zhao_topk,8,18,0.3555521460821727,0.21104943847171836,0.02305060849299642,6.268932451581889
siren,zhao_topk,8,19,0.35937941897378184,0.21431635419153477,0.020308808824351793,7.142864263329197
siren,zhao_topk,8,20,0.3164555764955678,0.19690283025632221,0.013965513366585518,8.560569389829421
siren,zhao_topk,8,21,0.3423956309533634,0.21402021022522785,0.015783322009237558,8.133612217567432
siren,zhao_topk,8,22,0.3287361026400017,0.17718954994883332,0.011149258528993192,13.592522973350896
siren,zhao_topk,8,23,0.28738624439753946,0.13709121941500277,0.011366035024862858,13.223171022592387
siren,zhao_topk,8,24,0.2867823018041517,0.13611275871369316,0.00989209883442239,15.231301831130187
siren,zhao_topk,8,25,0.300581333611561,0.1640661278069222,0.014967253854705157,9.12092539686052
siren,zhao_topk,8,26,0.32642612507998925,0.18802427467097677,0.011424011753036077,12.114995450020473
siren,zhao_topk,8,27,0.33353926768616937,0.2003371771195342,0.02110730607837817,6.3107101433036155
siren,zhao_topk,8,28,0.3673262578692367,0.24279713071377546,0.017734965145745997,7.021673069672285
siren,zhao_topk,8,29,0.36195503752323427,0.25412725507312717,0.014871019551548499,7.2508668337322675
siren,zhao_topk,8,30,0.34593859285909473,0.27184662005640625,0.022050821128134057,3.36005504612055
siren,zhao_topk,8,31,0.36393286417687976,0.2844351711055952,0.013775788377507103,5.770827112957629
siren,zhao_topk,9,0,0.1790461000127354,0.18828203574950136,0.010725494850002478,-0.8611197773092791
siren,zhao_topk,9,1,0.18599879815809855,0.16830102289334628,0.007518510533028517,2.353893791463968
siren,zhao_topk,9,2,0.22463686217888587,0.20225857479662573,0.011391107727687772,1.964540053279138
siren,zhao_topk,9,3,0.24296970190608994,0.18576261608033318,0.007603130334878114,7.524149042050302
siren,zhao_topk,9,4,0.2566384540566269,0.22001347226824314,0.011699134093686812,3.130572014568808
siren,zhao_topk,9,5,0.2554759994611494,0.22457821287762486,0.012255264366627995,2.521184827939048
siren,zhao_topk,9,6,0.25573730773113096,0.21517793018989168,0.0154490369064067,2.62536608508064
siren,zhao_topk,9,7,0.28826437680688083,0.22451461731494074,0.011002360671642319,5.794189210343728
siren,zhao_topk,9,8,0.29333635588868007,0.23628249585260913,0.018175099785034763,3.139122244767462
siren,zhao_topk,9,9,0.27705871382543945,0.22645175150779612,0.019153755686333006,2.6421430421477856
siren,zhao_topk,9,10,0.28717946956736945,0.22213985901656708,0.011666055452262666,5.575115840734989
siren,zhao_topk,9,11,0.2969392864593534,0.23185475900227334,0.010139267562203888,6.419056116015267
siren,zhao_topk,9,12,0.3680220036499801,0.23346226578895418,0.009764269480177522,13.780830008245484
siren,zhao_topk,9,13,0.2607634938352388,0.21686625423805586,0.015115104586831352,2.9041968810078407
siren,zhao_topk,9,14,0.2545394658605408,0.2159122748882129,0.012678988139223671,3.046551550342648
siren,zhao_topk,9,15,0.2750791700520355,0.22646806922113943,0.012897746909328569,3.768960669846691
siren,zhao_topk,9,16,0.2890703207004406,0.24003054089192433,0.007570675383001607,6.4775964266840695
siren,zhao_topk,9,17,0.2806188297361695,0.23096957058292392,0.006717774283240404,7.390730480050693
siren,zhao_topk,9,18,0.26633339343186196,0.21975800790867667,0.011152843780546089,4.176099516826979
siren,zhao_topk,9,19,0.293049625191892,0.21773901799516354,0.011679223746678815,6.448254509906473
siren,zhao_topk,9,20,0.26390331945081513,0.1990976682501858,0.010156542137913338,6.3806805820965815
siren,zhao_topk,9,21,0.27749011037127724,0.2161395903482357,0.011557964615011363,5.308073009962335
siren,zhao_topk,9,22,0.26513627111071686,0.17954949175642138,0.009423362859660615,9.08240302627781
siren,zhao_topk,9,23,0.22819963976366395,0.14135711118753708,0.009420909798463944,9.218061783192779
siren,zhao_topk,9,24,0.23063223675163458,0.14762632034316414,0.00727248129617921,11.413699537746462
siren,zhao_topk,9,25,0.23820260203205887,0.17303340151563734,0.01718397678596925,3.7924399763873224
siren,zhao_topk,9,26,0.2643558250878773,0.19695546296551783,0.007387613467193011,9.123428346877064
siren,zhao_topk,9,27,0.26453034373813356,0.21083333942092172,0.010374766344908812,5.175731436454225
siren,zhao_topk,9,28,0.3018151026516694,0.25492972606621594,0.01224605950045846,3.828609242319799
siren,zhao_topk,9,29,0.2870398648485861,0.268268261034612,0.009253360785063771,2.0286255177982633
siren,zhao_topk,9,30,0.2650958153105309,0.28614325715705724,0.010910268343825035,-1.9291406208572976
siren,zhao_topk,9,31,0.299978569650633,0.30151364951848425,0.010014725101958957,-0.15328227706928838
siren,zhao_topk,10,0,0.13879574515006246,0.19219538300336875,0.012962079041705448,-4.11968154811378
siren,zhao_topk,10,1,0.14898678160479084,0.1712525594822885,0.01428701846382045,-1.5584621755674308
siren,zhao_topk,10,2,0.17579147718167457,0.21646823120046405,0.017047101041209774,-2.3861390813873413
siren,zhao_topk,10,3,0.20172682513355916,0.19596207482472852,0.005089140957257828,1.132755087203725
siren,zhao_topk,10,4,0.2163869086030364,0.2247394054408342,0.015751404477244765,-0.5302699736943608
siren,zhao_topk,10,5,0.20978027580881564,0.22902549637157424,0.013221451068752462,-1.4556057775112667
siren,zhao_topk,10,6,0.21648882925493404,0.22195931935761853,0.015250727614676,-0.35870354785040953
siren,zhao_topk,10,7,0.24507904862674354,0.23773948316408017,0.008956327512307839,0.8194838177341436
siren,zhao_topk,10,8,0.2299052366839673,0.24613857676432005,0.01970761320819594,-0.8237090868823054
siren,zhao_topk,10,9,0.234678580770757,0.2344368349046715,0.021182735080207623,0.011412400956258138
siren,zhao_topk,10,10,0.25079842019043425,0.24092228432409896,0.013529031157822172,0.7299957957909747
siren,zhao_topk,10,11,0.2892841683923345,0.24814977754252335,0.019781742488073024,2.0794119059335774
siren,zhao_topk,10,12,0.3461547534410125,0.25133023912186164,0.004146119318889326,22.870667008337016
siren,zhao_topk,10,13,0.21764577934986784,0.2297969773048676,0.010261774320689431,-1.1841225089603586
siren,zhao_topk,10,14,0.23368854906429906,0.23354501093345684,0.006767127715212225,0.021211086428819238
siren,zhao_topk,10,15,0.24894359719456402,0.23731618130013757,0.01517395160958566,0.7662747446143958
siren,zhao_topk,10,16,0.2549474703379401,0.25121391506311075,0.017485617470718005,0.2135215002319284
siren,zhao_topk,10,17,0.2483870918411296,0.24565746245866857,0.021119308756785457,0.1292480456579343
siren,zhao_topk,10,18,0.25261723952905146,0.21735507628158413,0.005826766219251917,6.051755282537242
siren,zhao_topk,10,19,0.2559969735884114,0.2231417054296141,0.015531908200985768,2.1153400943170695
siren,zhao_topk,10,20,0.2295065708868984,0.205506934682571,0.015512571706526786,1.5471088004208715
siren,zhao_topk,10,21,0.24042418187108017,0.22130771783688133,0.010776913768132997,1.7738347402134398
siren,zhao_topk,10,22,0.23161817841907797,0.18304961477689363,0.00962833022979764,5.044339203476314
siren,zhao_topk,10,23,0.2279782012483425,0.14059605401136097,0.006954697470099357,12.564478557502685
siren,zhao_topk,10,24,0.1917486270827856,0.13880029975867408,0.011497422820966519,4.605234420669976
siren,zhao_topk,10,25,0.2224859065747296,0.17259436381043194,0.01582284889506223,3.153132731986533
siren,zhao_topk,10,26,0.22558038503047848,0.1956055025530469,0.011172314685754515,2.6829608116616743
siren,zhao_topk,10,27,0.2338649843110722,0.21117534219211,0.012374004531156372,1.8336539365111901
siren,zhao_topk,10,28,0.2544709974953952,0.24946133078269508,0.008847491533578153,0.56622452744796
siren,zhao_topk,10,29,0.2827296186250005,0.2656514704935777,0.009544627907102981,1.789294281311219
siren,zhao_topk,10,30,0.27499180221491176,0.28413051868798345,0.01188268693993027,-0.7690782833268274
siren,zhao_topk,10,31,0.2592998401991721,0.2938334316384511,0.013397513382434115,-2.577612013029001
siren,zhao_topk,11,0,0.23940730737811153,0.21244671510586227,0.017759702816476448,1.5180767691245793
siren,zhao_topk,11,1,0.2548139659226191,0.1839073863208748,0.018464887957003268,3.8400763528516966
siren,zhao_topk,11,2,0.2813191299363121,0.2279097087637681,0.020698603349977016,2.5803393721539813
siren,zhao_topk,11,3,0.2882126389000938,0.19789765530664824,0.02242207380698182,4.027949616565937
siren,zhao_topk,11,4,0.3097740707659036,0.2343730312463283,0.015037905314542563,5.014065319766172
siren,zhao_topk,11,5,0.29147132454316027,0.22791000640263331,0.026567318237302445,2.3924627082338423
siren,zhao_topk,11,6,0.30596454153340225,0.21869831881347546,0.013522625676080861,6.453348987858574
siren,zhao_topk,11,7,0.3205494525528449,0.24053633220497259,0.023817048462516692,3.35948933696789
siren,zhao_topk,11,8,0.3237793622084607,0.24723189554949845,0.012845237425963982,5.95920994844653
siren,zhao_topk,11,9,0.2902312064856545,0.2321632011462505,0.02145622530900805,2.706347668479463
siren,zhao_topk,11,10,0.3159258461654773,0.24108743814323236,0.01411954430105105,5.3003415993159235
siren,zhao_topk,11,11,0.3706579886420947,0.26804135676277685,0.01326270564539962,7.7372321020267885
siren,zhao_topk,11,12,0.4222456960122647,0.260785793971313,0.01830401223987083,8.821011476885413
siren,zhao_topk,11,13,0.2924995568628949,0.24045485297013927,0.016240525042732885,3.204619540058773
siren,zhao_topk,11,14,0.3064191703082292,0.24586953867962236,0.012631717122985341,4.793460068736618
siren,zhao_topk,11,15,0.33156873136931364,0.23290257357514563,0.016408577155645598,6.013084306960799
siren,zhao_topk,11,16,0.3381067446513995,0.2523145049592757,0.018906140976840576,4.537797522890397
siren,zhao_topk,11,17,0.3191966081367238,0.23952819435934453,0.017227830257963747,4.624402062503007
siren,zhao_topk,11,18,0.3479773857118155,0.2198029795488461,0.024557875474512415,5.219279098307842
siren,zhao_topk,11,19,0.3320960311465451,0.22117938075469032,0.020666240460499922,5.36704538030773
siren,zhao_topk,11,20,0.311385464880243,0.20535933779373403,0.009345964828595866,11.34458871085205
siren,zhao_topk,11,21,0.34070867950775374,0.21539752591202888,0.008446868359437656,14.835220375574476
siren,zhao_topk,11,22,0.31023448732593023,0.17675848918856926,0.012731836270220467,10.483640796540787
siren,zhao_topk,11,23,0.29482392550727726,0.13451261770691092,0.007715296465466055,20.778373004579347
siren,zhao_topk,11,24,0.27485413058688607,0.13717710726166255,0.010189341363412246,13.511866804226658
siren,zhao_topk,11,25,0.3096620702070521,0.16562760833899276,0.026044632326713297,5.530293538462701
siren,zhao_topk,11,26,0.3286703183011935,0.19305280400994113,0.01764015547055673,7.687999945216594
siren,zhao_topk,11,27,0.3244228616920729,0.20339875274213104,0.016344110862722274,7.40475330634071
siren,zhao_topk,11,28,0.331169748651512,0.25335229030058304,0.013912285296942254,5.593434629178591
siren,zhao_topk,11,29,0.3623387680741761,0.2691221780260619,0.01457012238372653,6.3977904641506935
siren,zhao_topk,11,30,0.35155646520786776,0.29441970592161465,0.012395509001472339,4.609472614595044
siren,zhao_topk,11,31,0.33468238004765377,0.32243604015246297,0.026679489249818035,0.4590170291687398
siren,zhao_topk,12,0,0.2431511486227917,0.20573579286198843,0.023905651303191142,1.5651259731965022
siren,zhao_topk,12,1,0.2576035093120549,0.17788835747661752,0.014212008611845905,5.608999685589389
siren,zhao_topk,12,2,0.28263576903526794,0.2227365509811286,0.018679098186739393,3.2067510677074766
siren,zhao_topk,12,3,0.3089822043590724,0.20227739785407453,0.017826771572199567,5.9856495088208534
siren,zhao_topk,12,4,0.3154539449927226,0.22983889757360515,0.010309978674478954,8.304095490618876
siren,zhao_topk,12,5,0.29757820442366967,0.2271522647666569,0.017509840407348518,4.022077758484678
siren,zhao_topk,12,6,0.31005858793820434,0.22664765028132053,0.011656695110738437,7.155624888914147
siren,zhao_topk,12,7,0.33014861877011253,0.24234515417366942,0.020523416381343158,4.278208996249814
siren,zhao_topk,12,8,0.33604223190869914,0.24946998391336503,0.01851914237455736,4.674743907918325
siren,zhao_topk,12,9,0.3087042415804691,0.23828314310566823,0.0223924145271999,3.1448640069279215
siren,zhao_topk,12,10,0.330120572612811,0.23971752714275113,0.015277711065367381,5.9173160876822735
siren,zhao_topk,12,11,0.36492505980575124,0.2697312997581186,0.02040393290560141,4.665461334736083
siren,zhao_topk,12,12,0.4512600113640594,0.2812403149424383,0.015927662225969228,10.674491586368074
siren,zhao_topk,12,13,0.33533086918978017,0.24804517411769691,0.008899209257496744,9.808252907251651
siren,zhao_topk,12,14,0.33708971631358137,0.2528131742435578,0.008317194936687543,10.132808321983138
siren,zhao_topk,12,15,0.3630414135770767,0.24482160610794765,0.017479424098134286,6.763369708601988
siren,zhao_topk,12,16,0.359793913308202,0.2588241071574496,0.009196236158951045,10.979470775386153
siren,zhao_topk,12,17,0.3375240446629177,0.24588856559054584,0.01270382890350783,7.2132173511144435
siren,zhao_topk,12,18,0.35735635433462676,0.21778477711920807,0.019269510598290563,7.243130358889362
siren,zhao_topk,12,19,0.35391029478917385,0.22512347595461776,0.0186842707773974,6.892793428703204
siren,zhao_topk,12,20,0.33051312026621715,0.21445045563573295,0.00651718061012253,17.808723061965612
siren,zhao_topk,12,21,0.3439553768411709,0.22563178532351397,0.009009276391041059,13.133528863130389
siren,zhao_topk,12,22,0.3334787718043201,0.18390703611422082,0.010851047713822252,13.784082388613243
siren,zhao_topk,12,23,0.29199633208787035,0.13696393780175092,0.00592223004297928,26.178043264278145
siren,zhao_topk,12,24,0.29209262480699366,0.14076681183219056,0.013635307916393082,11.098085492654793
siren,zhao_topk,12,25,0.3239565377826155,0.17035601964885969,0.019517916173315487,7.869719122154826
siren,zhao_topk,12,26,0.3258998264258876,0.20228834987526811,0.013592348495511615,9.094195649224101
siren,zhao_topk,12,27,0.3427473588712326,0.20829662258275486,0.013107069732835928,10.257879070533267
siren,zhao_topk,12,28,0.34535979679074735,0.25536649732149963,0.014973687299455486,6.010096088524588
siren,zhao_topk,12,29,0.3869641877491345,0.2791811288032795,0.006700807945661778,16.085084040594786
siren,zhao_topk,12,30,0.3692688057300886,0.29712031371562425,0.008870175542181391,8.133829107594106
siren,zhao_topk,12,31,0.3432491705481015,0.32101446384534316,0.013499511938855797,1.647074857481324
siren,zhao_topk,13,0,0.19002475714053135,0.20995569497317096,0.016724054236971875,-1.1917527622326334
siren,zhao_topk,13,1,0.19775124867139657,0.1841475115902212,0.021172260459701844,0.642526437225161
siren,zhao_topk,13,2,0.22671388473324372,0.22647532428053138,0.022201209030942744,0.010745381135768194
siren,zhao_topk,13,3,0.2532584236591194,0.20502694830277496,0.0185834983265626,2.595392670894696
siren,zhao_topk,13,4,0.26288126273893686,0.23771037303513495,0.012072374870956106,2.084999014101061
siren,zhao_topk,13,5,0.2669323617066143,0.24142311047671136,0.017800198533130758,1.4330880176658491
siren,zhao_topk,13,6,0.27657270992923216,0.23968116758840793,0.01835564240102948,2.009820279499189
siren,zhao_topk,13,7,0.3110574143223696,0.24625425692077912,0.019912723536968612,3.254359318617633
siren,zhao_topk,13,8,0.2945337875514131,0.26112719238954724,0.030696708765253787,1.088279379308554
siren,zhao_topk,13,9,0.2936141685404617,0.23844475422360545,0.030552844125865605,1.8057047026319422
siren,zhao_topk,13,10,0.3091732456474593,0.24228306199496502,0.015747618947309895,4.247637936649519
siren,zhao_topk,13,11,0.3275882813694162,0.27470785309089896,0.03343998656781591,1.581353155488754
siren,zhao_topk,13,12,0.38634913968351664,0.2707687923210698,0.02354429323744823,4.9090599661157475
siren,zhao_topk,13,13,0.3125798273237075,0.2547380360205195,0.013531921087415464,4.274470042319433
siren,zhao_topk,13,14,0.29048066171802134,0.2510297238962762,0.012377384773165162,3.187340342466924
siren,zhao_topk,13,15,0.3131965247346662,0.26180050449677017,0.016740812065888996,3.070103172749924
siren,zhao_topk,13,16,0.32457195098249403,0.2775558509458163,0.021642435309571977,2.17240339934774
siren,zhao_topk,13,17,0.31195751062032606,0.26514798462902095,0.020834205579606503,2.2467631805037227
siren,zhao_topk,13,18,0.3050347952353459,0.24189437020511262,0.025076190438456814,2.517943273129765
siren,zhao_topk,13,19,0.29652094562760156,0.2464280885641929,0.029532413751510243,1.6961992163897197
siren,zhao_topk,13,20,0.2863567745526092,0.22451994938664033,0.019874805773601296,3.111317205831698
siren,zhao_topk,13,21,0.2979337712471833,0.24001501862570906,0.008626925505534651,6.713718877520866
siren,zhao_topk,13,22,0.28249805548842655,0.19585875129433014,0.0172150596965565,5.032762344206493
siren,zhao_topk,13,23,0.26032472098343346,0.15097406883545864,0.00615220775177098,17.77421318655844
siren,zhao_topk,13,24,0.24730315022612115,0.15087433210176895,0.005491076638565536,17.561003874377327
siren,zhao_topk,13,25,0.2649910408126649,0.1822824107565996,0.01704823865225274,4.851447222387178
siren,zhao_topk,13,26,0.28375826635789836,0.21006507384875053,0.01324450401020951,5.564058303152879
siren,zhao_topk,13,27,0.30373022396384,0.2259202489530195,0.020499160158944103,3.7957640414293157
siren,zhao_topk,13,28,0.32334328111492183,0.27755728620758247,0.021127864193101635,2.1670905534449973
siren,zhao_topk,13,29,0.33936187535522466,0.29162545514328253,0.01552549788582305,3.074711069686993
siren,zhao_topk,13,30,0.3219996742747513,0.31249990452909326,0.012776296950634937,0.7435464111677462
siren,zhao_topk,13,31,0.3273111522114846,0.3343521634636527,0.02592479235573766,-0.2715937375911053
siren,zhao_topk,14,0,0.25312520691819107,0.2006185253233966,0.01476512884331773,3.5561275591954935
siren,zhao_topk,14,1,0.27238084990583755,0.17538915957180912,0.013012348022215908,7.45381926216814
siren,zhao_topk,14,2,0.2975832318262835,0.21920558248809469,0.015031287774000271,5.214300365784973
siren,zhao_topk,14,3,0.30039059990353306,0.19469265852546647,0.012691883705040203,8.327994790567756
siren,zhao_topk,14,4,0.3210929014085501,0.22918018486182928,0.0024813684025503657,37.0411408689868
siren,zhao_topk,14,5,0.3004526243055568,0.22258698445727237,0.011696078464288938,6.6574142851407645
siren,zhao_topk,14,6,0.31758763590012157,0.21353595707395684,0.009199651016929574,11.310394126329856
siren,zhao_topk,14,7,0.3207582140163874,0.2292976808378925,0.015152274443656591,6.036092701368953
siren,zhao_topk,14,8,0.32732540931549636,0.24052077762437932,0.01918768926571542,4.5239752681538175
siren,zhao_topk,14,9,0.30095454224079765,0.2239140242623689,0.02281253866923222,3.377112871805672
siren,zhao_topk,14,10,0.32144590938071,0.22906407161555914,0.015228517307381962,6.0663711312439546
siren,zhao_topk,14,11,0.34859782092872776,0.25084283836985444,0.010599202072478883,9.22286242779509
siren,zhao_topk,14,12,0.39744309710856945,0.25646910311017435,0.015996476872384664,8.81281516692991
siren,zhao_topk,14,13,0.30736290707932146,0.23541553628636663,0.008274993876781987,8.694552753063064
siren,zhao_topk,14,14,0.334319164332047,0.24450246167466155,0.009352410394419886,9.603588686717018
siren,zhao_topk,14,15,0.3344475459743647,0.23776360933606164,0.009450670763162795,10.230378251579943
siren,zhao_topk,14,16,0.3512765347079765,0.26501691376490755,0.007720648490330656,11.172587516592747
siren,zhao_topk,14,17,0.3334228077846338,0.24966049992047612,0.011921395330068682,7.026216776226571
siren,zhao_topk,14,18,0.34303930168076585,0.2300273226028627,0.010500417192666247,10.762617999295639
siren,zhao_topk,14,19,0.3239595376654964,0.23045784538972142,0.016835355149068032,5.553888911036785
siren,zhao_topk,14,20,0.308265701184045,0.2166787379990463,0.007874032470788708,11.631519621587849
siren,zhao_topk,14,21,0.3441209497984434,0.22489765576817913,0.008537277530502338,13.965024986513363
siren,zhao_topk,14,22,0.3000074259939221,0.19426124838715036,0.006342457452436103,16.67274528836693
siren,zhao_topk,14,23,0.2960825370975368,0.14148279023333937,0.003737259768238206,41.36713968295487
siren,zhao_topk,14,24,0.2782197275670554,0.14611273446163692,0.011279535142189767,11.712095528767659
siren,zhao_topk,14,25,0.28963238619108883,0.1743706714897181,0.013050460795803524,8.832003444539984
siren,zhao_topk,14,26,0.3284551932695886,0.20189122315686348,0.010618978117515587,11.918658152611016
siren,zhao_topk,14,27,0.3352717051648576,0.21299142723039055,0.009222717521892933,13.258595163973906
siren,zhao_topk,14,28,0.3367522911626453,0.26223088700806085,0.01155749112597777,6.447887637748882
siren,zhao_topk,14,29,0.37285461961413524,0.2786031806189849,0.00608100742670827,15.499313252141492
siren,zhao_topk,14,30,0.3632846272636704,0.3028944643847214,0.008882383849696108,6.798868851070326
siren,zhao_topk,14,31,0.3529205711177769,0.3190520491228098,0.020165121457850696,1.6795595338098686
siren,zhao_topk,15,0,0.11638087345180988,0.19857396829845478,0.013173584802864693,-6.23923526334088
siren,zhao_topk,15,1,0.11594412768160385,0.17030853153630007,0.00523758312507483,-10.379673707597625
siren,zhao_topk,15,2,0.14991390161612678,0.21275559531646668,0.005806547344881664,-10.822557703888076
siren,zhao_topk,15,3,0.17297136415174444,0.1917952036988439,0.009588797472414794,-1.963107428356077
siren,zhao_topk,15,4,0.17843828128974112,0.22699809364420367,0.012452103763790589,-3.89972757018532
siren,zhao_topk,15,5,0.18092628351235052,0.22938764826578312,0.020427625128528422,-2.372344530924124
siren,zhao_topk,15,6,0.17876805681314792,0.2040715589928308,0.011152376780298155,-2.2688887470502412
siren,zhao_topk,15,7,0.20835627113013788,0.22294555015750098,0.007485376015310901,-1.9490375630458072
siren,zhao_topk,15,8,0.19530780715923726,0.23568329291088647,0.019900580152672754,-2.0288597338317578
siren,zhao_topk,15,9,0.20033290765834647,0.21580645564250447,0.018092953378837595,-0.855225106712353
siren,zhao_topk,15,10,0.21232417039114218,0.21511089645979528,0.006172660119181942,-0.45146274294176153
siren,zhao_topk,15,11,0.2264417024998567,0.2315718392287709,0.019597696347883792,-0.26177243681337836
siren,zhao_topk,15,12,0.31601173482553274,0.2393399123655348,0.009320154876429575,8.226453688435901
siren,zhao_topk,15,13,0.20415906592449046,0.22166263892929514,0.005836978222636315,-2.9987387886636756
siren,zhao_topk,15,14,0.18985071861230102,0.23072509663608365,0.009318182150501949,-4.3865184607472845
siren,zhao_topk,15,15,0.23792887743168056,0.25164755585536047,0.023484213053631,-0.5841659838611796
siren,zhao_topk,15,16,0.23153843512449687,0.2509988531761907,0.012244639579548215,-1.5893010100679374
siren,zhao_topk,15,17,0.22796297570370133,0.25163997029751983,0.018787336344582486,-1.260263517911947
siren,zhao_topk,15,18,0.24813107096625,0.22544649873225317,0.006024096137376272,3.7656391459710084
siren,zhao_topk,15,19,0.23830148321768302,0.2245896781446699,0.009607731238402275,1.4271636802460486
siren,zhao_topk,15,20,0.21681320303441878,0.21334407050598087,0.015884744899891473,0.21839397171947153
siren,zhao_topk,15,21,0.2250832625637555,0.23021328999202803,0.007510894303737601,-0.6830115324242698
siren,zhao_topk,15,22,0.21221736383405074,0.1905417592357661,0.010585143598194059,2.047738360581403
siren,zhao_topk,15,23,0.21288674303086857,0.1426187053038363,0.01068129779214406,6.578604875028707
siren,zhao_topk,15,24,0.18647062090519903,0.1462611262445216,0.009571709979871569,4.200868470235134
siren,zhao_topk,15,25,0.2321772448580642,0.17693758222295505,0.018114159703532536,3.049529403471947
siren,zhao_topk,15,26,0.2051799590566183,0.20830431099338093,0.009103783340950508,-0.3431926947018524
siren,zhao_topk,15,27,0.24973069182725327,0.2164537409378752,0.005366105375414078,6.201322665380987
siren,zhao_topk,15,28,0.2657005040712346,0.2630691113095989,0.013931509388804131,0.18888066527452774
siren,zhao_topk,15,29,0.3014878312753882,0.2769571893713769,0.01131253239080235,2.1684483240866474
siren,zhao_topk,15,30,0.2827050867709106,0.2971675005931982,0.012990928234466459,-1.113270242223115
siren,zhao_topk,15,31,0.24533675754433856,0.308921197325491,0.023651137267290085,-2.6884305419465293
siren,zhao_topk,16,0,0.0968061290666126,0.1864021633493928,0.017055530453215662,-5.2531954094624895
siren,zhao_topk,16,1,0.09620071481259446,0.16235390273014988,0.010229145973633379,-6.467127176410593
siren,zhao_topk,16,2,0.1260517827406133,0.200543531994341,0.011433030562047888,-6.515485885343835
siren,zhao_topk,16,3,0.14319708233654008,0.18461236345193438,0.012379824865071155,-3.3453850572833823
siren,zhao_topk,16,4,0.15188223834391523,0.2127513269083515,0.014678181263392865,-4.146909448259965
siren,zhao_topk,16,5,0.14607558075293733,0.21118184143312888,0.014401683313098062,-4.520739643051213
siren,zhao_topk,16,6,0.14452288557385864,0.19645278873995653,0.009846963640204478,-5.273697056630904
siren,zhao_topk,16,7,0.17761981035777522,0.206328047866287,0.004728025929810362,-6.071928947661938
siren,zhao_topk,16,8,0.1717787719664236,0.21660094219885023,0.01946041129275281,-2.303248865511836
siren,zhao_topk,16,9,0.1659131914682428,0.2095489791579907,0.017014618541056667,-2.564605699766571
siren,zhao_topk,16,10,0.19291955918644035,0.20201366477601973,0.01316299694127158,-0.690884122373796
siren,zhao_topk,16,11,0.19943359345707556,0.22012013462629762,0.01518445894247848,-1.3623495738364122
siren,zhao_topk,16,12,0.28147058686705717,0.21929302292713784,0.013008217604901008,4.779868067128056
siren,zhao_topk,16,13,0.18684618651394647,0.2095953376799249,0.004162829770342215,-5.464828595214998
siren,zhao_topk,16,14,0.1637966619302978,0.21020494289442548,0.00781979775562693,-5.934716269449994
siren,zhao_topk,16,15,0.21690457427877047,0.21750820935446513,0.014153094117858566,-0.04265039649054471
siren,zhao_topk,16,16,0.21765964317487702,0.240939267718164,0.011361341683855868,-2.049020722294327
siren,zhao_topk,16,17,0.20626764916644513,0.23531394570987932,0.01508114387878993,-1.9260008907072892
siren,zhao_topk,16,18,0.22611349431052286,0.21433335744464738,0.01053670329806865,1.1180097353633132
siren,zhao_topk,16,19,0.22104266324086916,0.2171312460034974,0.021228151099036568,0.18425614266280965
siren,zhao_topk,16,20,0.19439294322503947,0.20028199466605492,0.013233954781300551,-0.4449955843386003
siren,zhao_topk,16,21,0.21625785757835592,0.21674097367455233,0.013623843943736308,-0.03546107091299551
siren,zhao_topk,16,22,0.20028741572756129,0.18408982734795099,0.01250277962090336,1.2955189862364367
siren,zhao_topk,16,23,0.21511498948694918,0.14610577486594678,0.006032763592860587,11.439071589457054
siren,zhao_topk,16,24,0.16776714000882884,0.1424827232340037,0.00586568930737873,4.310561887929975
siren,zhao_topk,16,25,0.22274250834160406,0.17418415816184113,0.022846674932428812,2.125401193975877
siren,zhao_topk,16,26,0.18940739953766558,0.20301299006676898,0.009573044585025954,-1.4212396493363364
siren,zhao_topk,16,27,0.23700704937990238,0.21112919965417207,0.010912341592295099,2.371429587944896
siren,zhao_topk,16,28,0.24187058534083036,0.25075043621828597,0.010025881265584102,-0.8856928026803506
siren,zhao_topk,16,29,0.29089285884058225,0.2606919219168183,0.010930817205582666,2.762916656253251
siren,zhao_topk,16,30,0.2677746538121652,0.28061977449440956,0.007299523708244266,-1.7597203866516329
siren,zhao_topk,16,31,0.21953213849295966,0.2811136748261675,0.0198742234041783,-3.098563152926072
siren,zhao_topk,17,0,0.12612236621906067,0.1831141344178482,0.01272413584515971,-4.4790285872708075
siren,zhao_topk,17,1,0.12527269419398934,0.16277842396369735,0.008771673848437933,-4.27577796641254
siren,zhao_topk,17,2,0.15999624706960042,0.1933985912131761,0.015191655492661858,-2.198729701296233
siren,zhao_topk,17,3,0.17437925866319662,0.18001828703692424,0.016500966453155,-0.34173927871051674
siren,zhao_topk,17,4,0.18203827486917976,0.2033689674757715,0.006066748703874384,-3.516000686326334
siren,zhao_topk,17,5,0.177316289522082,0.2086738012965291,0.017567999292360182,-1.7849221902054364
siren,zhao_topk,17,6,0.18839643747848725,0.19120447399890994,0.009798336250331824,-0.28658299212048327
siren,zhao_topk,17,7,0.2102604745977935,0.1975040316444115,0.009572628241473072,1.332595670864474
siren,zhao_topk,17,8,0.19765458263278154,0.2165017489686864,0.014183279100026916,-1.3288299696414414
siren,zhao_topk,17,9,0.1917272824453799,0.19531146038916888,0.016092724929860504,-0.22272038821333748
siren,zhao_topk,17,10,0.2058639736487715,0.19965069295419985,0.009616446276529984,0.6461098534638359
siren,zhao_topk,17,11,0.23004564816242595,0.20298188221292937,0.009143022404984897,2.960045896282728
siren,zhao_topk,17,12,0.3035701476286736,0.20860752008814437,0.011980993670206774,7.926106143989837
siren,zhao_topk,17,13,0.1978661238127805,0.19878963622789933,0.015305251746690965,-0.06033957692453567
siren,zhao_topk,17,14,0.19024135363773767,0.20609701662769142,0.009254865990551399,-1.7132244817095488
siren,zhao_topk,17,15,0.23813459782259688,0.2217116824627153,0.015045014423834342,1.091585218679775
siren,zhao_topk,17,16,0.24216607457643724,0.2372865401655583,0.009572008177108909,0.5097712330154661
siren,zhao_topk,17,17,0.2449336408881427,0.2330301255326704,0.011957970444180312,0.9954461261664582
siren,zhao_topk,17,18,0.26093381084681294,0.21617613544052014,0.013375206097174571,3.34631669083197
siren,zhao_topk,17,19,0.25669870516635884,0.2207051169696393,0.01756711078368612,2.0489190647186772
siren,zhao_topk,17,20,0.22787588230369574,0.20153290249620714,0.004066205298225351,6.47851691575575
siren,zhao_topk,17,21,0.24282017012039284,0.2259465647727092,0.013528021057385585,1.2473077382202586
siren,zhao_topk,17,22,0.22435783244509336,0.188305959015729,0.014309412266454921,2.51945172576232
siren,zhao_topk,17,23,0.23119483992961298,0.14737845209072545,0.012114452389013168,6.918710408643996
siren,zhao_topk,17,24,0.19402268898970024,0.14737085625534702,0.011124680776955125,4.19354349753504
siren,zhao_topk,17,25,0.2707869288040978,0.17755660658004369,0.017925097033423862,5.201105581197865
siren,zhao_topk,17,26,0.21317130669858914,0.20240507505228544,0.02086374043243802,0.51602595810504
siren,zhao_topk,17,27,0.2658495220187771,0.21719134575424878,0.01755663681202484,2.7714975701497395
siren,zhao_topk,17,28,0.26925905412143875,0.2591224704101321,0.014592827993188312,0.6946277798955929
siren,zhao_topk,17,29,0.3142050003839087,0.2678421851422138,0.011215569277549128,4.133790634640552
siren,zhao_topk,17,30,0.2951630093105771,0.28763661370063315,0.017963728577204494,0.41897736194337454
siren,zhao_topk,17,31,0.254069033145931,0.2840824801581364,0.018146813295560144,-1.6539238335332747
siren,zhao_topk,18,0,0.16438702252412024,0.17986497753653954,0.012897742922577692,-1.2000514435223322
siren,zhao_topk,18,1,0.17101900672861062,0.16308380176495393,0.008465532407950064,0.9373545078162663
siren,zhao_topk,18,2,0.19097410559638728,0.198511071468026,0.01713024634422031,-0.4399800049683267
siren,zhao_topk,18,3,0.20391607299637682,0.18291537112983364,0.012409877321637564,1.6922570080468775
siren,zhao_topk,18,4,0.20412033863963816,0.20072961336694725,0.011523989935116894,0.2942318842502976
siren,zhao_topk,18,5,0.20094432718856145,0.2090400225920698,0.01692376003855583,-0.4783626915688169
siren,zhao_topk,18,6,0.192734328185335,0.19160418977124843,0.01140436076690802,0.09909704166549085
siren,zhao_topk,18,7,0.20974812925980224,0.19546309494007422,0.008083173700979345,1.7672556409368354
siren,zhao_topk,18,8,0.2050806331014454,0.21918680334630744,0.011082110031696197,-1.2728776563774107
siren,zhao_topk,18,9,0.1927222093110391,0.20166646153178328,0.0163034995045461,-0.5486093472294187
siren,zhao_topk,18,10,0.20463797796173536,0.1962024194039828,0.01924127063792595,0.438409641259629
siren,zhao_topk,18,11,0.23379217404601482,0.2077785983542091,0.009017935259436755,2.884648752006066
siren,zhao_topk,18,12,0.3063317726993231,0.21314938261946578,0.00825390917924724,11.289485752296052
siren,zhao_topk,18,13,0.20374617427712796,0.2048337304670073,0.010431510471930213,-0.1042568276958374
siren,zhao_topk,18,14,0.20956722777559367,0.20992070178120828,0.008985892653222357,-0.03933654888341627
siren,zhao_topk,18,15,0.2628285668204004,0.21977296215092443,0.016235505969124125,2.651941045222549
siren,zhao_topk,18,16,0.25013908080963054,0.2386027869030931,0.008004584977182896,1.4412107485174668
siren,zhao_topk,18,17,0.25006133524991636,0.23501080232461463,0.016188622299181634,0.9296981946427005
siren,zhao_topk,18,18,0.29924733299780837,0.22926513843320354,0.022091814300695227,3.1677884673511176
siren,zhao_topk,18,19,0.26186960764375056,0.2226079655374889,0.014116494693344382,2.7812600053448575
siren,zhao_topk,18,20,0.2382275704957604,0.2076875720276378,0.007272650114199104,4.199294340930329
siren,zhao_topk,18,21,0.2543742019028475,0.22285418186732545,0.013295008384336192,2.3708161081461254
siren,zhao_topk,18,22,0.2514163162939711,0.18900960398674224,0.00847132704356863,7.366816554982089
siren,zhao_topk,18,23,0.24043005550066834,0.14870805956559088,0.011408784265485765,8.039594210976352
siren,zhao_topk,18,24,0.21040054367176597,0.14765913692222712,0.013120261083809084,4.782024256130406
siren,zhao_topk,18,25,0.26880267116847156,0.1721351918133175,0.015039319254473412,6.427649930125697
siren,zhao_topk,18,26,0.25231631850867914,0.20080028498256755,0.01549906593802989,3.323815366170374
siren,zhao_topk,18,27,0.268608798936968,0.212537667338613,0.01536819403286682,3.648517937660065
siren,zhao_topk,18,28,0.2667966147351204,0.25375157660394393,0.010752436924150423,1.21321689429089
siren,zhao_topk,18,29,0.3217071849015774,0.26819532291817927,0.011038952308543489,4.847548978174601
siren,zhao_topk,18,30,0.3167715973329747,0.2841361080991275,0.012330356346579422,2.6467596163918397
siren,zhao_topk,18,31,0.267230672522463,0.27547024577246715,0.012493447021859186,-0.6595116012088371
siren,zhao_topk,19,0,0.16614623563062478,0.17529579753559354,0.014357841903531678,-0.637251891088047
siren,zhao_topk,19,1,0.16567304860400184,0.15644709526683573,0.011057326664310745,0.8343746745715961
siren,zhao_topk,19,2,0.1997292328347409,0.18749593126854405,0.014631718923469242,0.8360809574174265
siren,zhao_topk,19,3,0.21577789065794187,0.17416698133167743,0.008778985232416747,4.739831338662528
siren,zhao_topk,19,4,0.2186824624865828,0.1964411562011214,0.009610484377471308,2.3142752656254233
siren,zhao_topk,19,5,0.220258332379376,0.19728941026893215,0.009962306237910128,2.3055828200742225
siren,zhao_topk,19,6,0.21381992341421002,0.18296915896122642,0.011498637020044649,2.6829931581633493
siren,zhao_topk,19,7,0.24369075645781887,0.19220846577657685,0.017798304853419836,2.8925389864501625
siren,zhao_topk,19,8,0.23202298201050847,0.19936046245939992,0.009911027325169264,3.2955735545357028
siren,zhao_topk,19,9,0.22334626273473676,0.19170645581489557,0.01729176755682525,1.829761290502232
siren,zhao_topk,19,10,0.22977916097124743,0.18527733406665053,0.012054445233903109,3.691735790497896
siren,zhao_topk,19,11,0.25714689912094846,0.1980891805815844,0.01304601966056976,4.526876401839243
siren,zhao_topk,19,12,0.3213748851381889,0.20113907917074053,0.014618065761359402,8.225151530325794
siren,zhao_topk,19,13,0.23330572714532943,0.1972411670717872,0.018581276889962046,1.9409085977845244
siren,zhao_topk,19,14,0.22387169953722857,0.19706263275625582,0.01231017247262676,2.1777978205087
siren,zhao_topk,19,15,0.2643795778263584,0.20841791062963852,0.007162609430779093,7.813027882860954
siren,zhao_topk,19,16,0.27515032665700667,0.22687931861921432,0.013161150637468312,3.6676890469113115
siren,zhao_topk,19,17,0.2730377198423418,0.22587669132744015,0.015189411272279154,3.1048621746763203
siren,zhao_topk,19,18,0.2846639986717669,0.21367717143363238,0.012716897282883263,5.58208701848065
siren,zhao_topk,19,19,0.3090379886181325,0.22595299107180358,0.0221247768741392,3.755291997698912
siren,zhao_topk,19,20,0.2656862192890664,0.19688696702752606,0.017190004089712423,4.002282483615819
siren,zhao_topk,19,21,0.2749300708939572,0.20987485740439396,0.009300686398535273,6.994667995666269
siren,zhao_topk,19,22,0.2777433409573024,0.17864479046451387,0.00759490287352793,13.048033943685706
siren,zhao_topk,19,23,0.25116711277237075,0.1403331694923823,0.004029350625720015,27.50665146202888
siren,zhao_topk,19,24,0.2383413389610476,0.13825591732736825,0.006706104586347277,14.924524415774805
siren,zhao_topk,19,25,0.2870016329171168,0.16692212368605186,0.0183890147303518,6.5299588363953465
siren,zhao_topk,19,26,0.2495471879313632,0.19475403377451653,0.006286171849373378,8.716458199008448
siren,zhao_topk,19,27,0.29951317823626306,0.20914335876203421,0.013267661026537527,6.811284920037841
siren,zhao_topk,19,28,0.3162180224581625,0.25031892195475447,0.008732815745824617,7.5461457588769205
siren,zhao_topk,19,29,0.33595647028831865,0.26138429710447947,0.00666461685405999,11.189266362463263
siren,zhao_topk,19,30,0.31870467143924264,0.27555386819820404,0.010522103096140253,4.100967539166889
siren,zhao_topk,19,31,0.29685572732929605,0.27649007571216344,0.01971261186617683,1.0331280175041782
siren,zhao_topk,20,0,0.22797847631538515,0.16708020582480843,0.017248957036599795,3.5305479839366165
siren,zhao_topk,20,1,0.22937428600729245,0.14613473054471765,0.013211143980986806,6.300707613388468
siren,zhao_topk,20,2,0.2537269496674778,0.17502160348932874,0.011909314089710002,6.608722012475325
siren,zhao_topk,20,3,0.25555064578343967,0.16206595445533953,0.012823456848858874,7.290131859914131
siren,zhao_topk,20,4,0.25569529482075454,0.18014166991059818,0.010032146999663294,7.531152096624196
siren,zhao_topk,20,5,0.2462700468490752,0.18176411751456417,0.010454016401324515,6.170444627037143
siren,zhao_topk,20,6,0.25779435851889176,0.17297698338891537,0.007381704807699841,11.490214976017947
siren,zhao_topk,20,7,0.2512599587545984,0.1802666760146484,0.015057298223134789,4.714875251050839
siren,zhao_topk,20,8,0.250847558195574,0.1873210302246055,0.01541002502238223,4.122415627404866
siren,zhao_topk,20,9,0.23193599392025974,0.17559566126111886,0.016027814786677322,3.515159952183389
siren,zhao_topk,20,10,0.24486750222338746,0.17517202171484145,0.01759435266899074,3.961241531288684
siren,zhao_topk,20,11,0.2728384355322628,0.1843986703821771,0.012827528384438123,6.894528899065036
siren,zhao_topk,20,12,0.3361974551862119,0.18886637242972323,0.009575186987775512,15.386757767193885
siren,zhao_topk,20,13,0.2436048882882882,0.18031752131550632,0.011585067376031486,5.462839784921581
siren,zhao_topk,20,14,0.24609835374484343,0.18959855282388074,0.0102998204441019,5.485513191962175
siren,zhao_topk,20,15,0.3109542269346118,0.1943734648710804,0.012071936246936574,9.657171780799905
siren,zhao_topk,20,16,0.3021688768684276,0.21920981712389703,0.016415361077640838,5.053745656410085
siren,zhao_topk,20,17,0.2925753551715151,0.21533679731395763,0.009950489583046264,7.762287193301248
siren,zhao_topk,20,18,0.34377735792451725,0.20123871013372577,0.015560012866025097,9.160573902996
siren,zhao_topk,20,19,0.3030694882077085,0.20662433911582925,0.014545558837708287,6.630556458363933
siren,zhao_topk,20,20,0.2977825859221674,0.19278408156340832,0.015238664592122858,6.890269401495633
siren,zhao_topk,20,21,0.3162055441695347,0.20030506761337802,0.0029654438730548826,39.08368578790892
siren,zhao_topk,20,22,0.2936327522549083,0.1738802223910516,0.008495575365703473,14.095870463029039
siren,zhao_topk,20,23,0.28686012926360216,0.13854258160583974,0.0058362069016324875,25.413346400771957
siren,zhao_topk,20,24,0.2632536851610612,0.13482928994206628,0.005001328880361578,25.678054431347512
siren,zhao_topk,20,25,0.3105159087887129,0.16684113327686093,0.023573580564621017,6.094737077297352
siren,zhao_topk,20,26,0.30263522802402937,0.1883758370021309,0.01170726539201169,9.759699399986436
siren,zhao_topk,20,27,0.324280909956958,0.20035703931352405,0.011034905232197533,11.230170811240876
siren,zhao_topk,20,28,0.32389741546822154,0.2354537195642862,0.007144583737247912,12.379125104635385
siren,zhao_topk,20,29,0.38052933544438894,0.2491178889304509,0.008223172142190762,15.980626969938186
siren,zhao_topk,20,30,0.3726465193610062,0.2645022321358422,0.011425658922222134,9.465037243045185
siren,zhao_topk,20,31,0.3145356307298016,0.2660637234484532,0.016369936464513735,2.9610320960270307
siren,zhao_topk,21,0,0.25163382019456343,0.1798232904557965,0.013878395671838857,5.174267360346283
siren,zhao_topk,21,1,0.25617120152677814,0.15567570936485425,0.009413844465118042,10.675287076847168
siren,zhao_topk,21,2,0.2874619564061959,0.19028587423235716,0.01163086969510529,8.355014261292437
siren,zhao_topk,21,3,0.2866131171904242,0.17742048756656864,0.01037207756092151,10.52755621836618
siren,zhao_topk,21,4,0.2932891302536464,0.19791185125538185,0.005829714005525489,16.360541684869027
siren,zhao_topk,21,5,0.2869263642548644,0.20285563318523753,0.01211638646269495,6.93859768574332
siren,zhao_topk,21,6,0.2993402243347411,0.18962624494028563,0.008541477658875748,12.844847668769333
siren,zhao_topk,21,7,0.30357393464143567,0.1927452868792777,0.008686097564610853,12.759314172764904
siren,zhao_topk,21,8,0.30095629862161377,0.2105139540445306,0.01696270939481081,5.331833640016911
siren,zhao_topk,21,9,0.28435839472154684,0.19519175556406393,0.018925304206558066,4.711503613589712
siren,zhao_topk,21,10,0.2849939210786951,0.18824388426918862,0.017677777491054664,5.472975143988777
siren,zhao_topk,21,11,0.30434197221929066,0.1957601879226772,0.009937533993516571,10.926431483651196
siren,zhao_topk,21,12,0.35984773821368904,0.20423804815317412,0.007229960228367032,21.522897103911337
siren,zhao_topk,21,13,0.2875624390552945,0.193401911606872,0.006629575465421686,14.203100626811137
siren,zhao_topk,21,14,0.28595307386229746,0.19870239283761762,0.006102377177537843,14.297818454395065
siren,zhao_topk,21,15,0.32106130267619276,0.21998838684826466,0.011589825984970017,8.720831180640852
siren,zhao_topk,21,16,0.33808749723186404,0.23604715164411472,0.009955378018175164,10.24977106860815
siren,zhao_topk,21,17,0.3336376952818505,0.2381098753257326,0.01766430135984437,5.407959138043121
siren,zhao_topk,21,18,0.3563612184186327,0.2205447605493504,0.02002285668700022,6.783070966964507
siren,zhao_topk,21,19,0.33949199788711826,0.22547049343790987,0.01676459713228056,6.801326840694415
siren,zhao_topk,21,20,0.3276402211667395,0.2076778469951505,0.004807581077957638,24.952751129171094
siren,zhao_topk,21,21,0.3573650185346213,0.23044374930480008,0.007253056985461263,17.499003452507633
siren,zhao_topk,21,22,0.32441263876870324,0.1943186523359935,0.008632778285590104,15.06977037159214
siren,zhao_topk,21,23,0.3052161671821143,0.1539985598761283,0.007874512733733905,19.20342406180633
siren,zhao_topk,21,24,0.29202212964212454,0.1547172112729628,0.0026782969826654496,51.2657555371307
siren,zhao_topk,21,25,0.3154490320946859,0.1894910528457927,0.016246007703262177,7.753165057505234
siren,zhao_topk,21,26,0.33843652639469946,0.21197171762130199,0.013191598432590632,9.586769140952518
siren,zhao_topk,21,27,0.349152228718721,0.2271304909043521,0.017500452921612446,6.972490275590314
siren,zhao_topk,21,28,0.3698367518875877,0.2671995180543901,0.00890257708024752,11.52893515080287
siren,zhao_topk,21,29,0.3948441301839527,0.2770469007636414,0.009416063130334495,12.510242103286181
siren,zhao_topk,21,30,0.3773792388922178,0.2990078935854795,0.009904194074062131,7.912945235189122
siren,zhao_topk,21,31,0.37331238368463376,0.29072358816750465,0.022743387036552414,3.6313322806491026
siren,zhao_topk,22,0,0.18515059541950124,0.15517041449660485,0.009529131543538169,3.146160884223112
siren,zhao_topk,22,1,0.18319404705286027,0.1384937317361778,0.00835631588025292,5.349285014741392
siren,zhao_topk,22,2,0.2089177497378661,0.16683655948350076,0.009279763352655672,4.534726657907993
siren,zhao_topk,22,3,0.21856962796265628,0.1570074438617438,0.0065200993178933945,9.44190894944877
siren,zhao_topk,22,4,0.2148707006867642,0.17609397050956582,0.009459124836037338,4.09939934712215
siren,zhao_topk,22,5,0.21514122876316774,0.18084470347501452,0.005663071835714693,6.056169916803627
siren,zhao_topk,22,6,0.22198075525796626,0.16432987193129092,0.004830906303749123,11.933761431459391
siren,zhao_topk,22,7,0.23222152324167938,0.1733753914990645,0.012681617531411352,4.6402701861066005
siren,zhao_topk,22,8,0.22155748929032815,0.18385409017442841,0.009244714025335584,4.078373761759613
siren,zhao_topk,22,9,0.21078030742206838,0.16453755821194602,0.0070464909054477245,6.562521662288892
siren,zhao_topk,22,10,0.21291578791483992,0.16397433925402777,0.007568339100106732,6.466603572258272
siren,zhao_topk,22,11,0.2522351522797581,0.17185663210692456,0.004878712691286612,16.475354311474362
siren,zhao_topk,22,12,0.3061763085717299,0.17599026388031033,0.0054281939930302505,23.98330731336743
siren,zhao_topk,22,13,0.22391806068589384,0.1673962111828736,0.008248734543427678,6.852184320570118
siren,zhao_topk,22,14,0.22628068911685903,0.1696854514864964,0.008283935711466975,6.83192622463512
siren,zhao_topk,22,15,0.2630495480896822,0.1899839147028028,0.009058509371957927,8.06596652789981
siren,zhao_topk,22,16,0.26512857398852696,0.20148540958979103,0.006665849999830217,9.547644246473737
siren,zhao_topk,22,17,0.25942795619235537,0.20484387907828855,0.01057003362890434,5.164040061784066
siren,zhao_topk,22,18,0.29744982528370617,0.19760286693244616,0.011786067911753455,8.471608945311552
siren,zhao_topk,22,19,0.2885186934189598,0.1973005158054324,0.009434808013370278,9.668260073152531
siren,zhao_topk,22,20,0.27840143355239944,0.18679663098552396,0.007598757036734254,12.055235102798445
siren,zhao_topk,22,21,0.28934182933679753,0.2020980162375437,0.003217336208164521,27.11678464869735
siren,zhao_topk,22,22,0.3352128983155665,0.1773682175711903,0.007493787581812678,21.063404723061954
siren,zhao_topk,22,23,0.28500493373172586,0.14080998755913093,0.007300958609860948,19.75013883489763
siren,zhao_topk,22,24,0.2453486165491229,0.14069790044767502,0.006466997999390281,16.182271296715186
siren,zhao_topk,22,25,0.3109079920269503,0.16678721926282183,0.014759520257385552,9.764597375176304
siren,zhao_topk,22,26,0.2798857678880464,0.19081432823320466,0.013187932629578722,6.7540108185771865
siren,zhao_topk,22,27,0.294169932111908,0.20303109953026688,0.017373221781382658,5.245937324032008
siren,zhao_topk,22,28,0.29948302296002016,0.23814222486535339,0.006803271856865906,9.0163673281351
siren,zhao_topk,22,29,0.3475145819112716,0.24573522600801456,0.005771389091766975,17.635157547850607
siren,zhao_topk,22,30,0.3324022776632848,0.2572893825698802,0.01201290297693842,6.2526847372031025
siren,zhao_topk,22,31,0.29247371079939666,0.2518772561625937,0.010158316311570496,3.996376308007154
siren,zhao_topk,23,0,0.22665246635098474,0.15998378810864564,0.009021547350884196,7.3899382943220875
siren,zhao_topk,23,1,0.23204824720707193,0.14003625837463346,0.00873488522026697,10.53385207843936
siren,zhao_topk,23,2,0.2576944912924195,0.1638578701564235,0.006802630916065746,13.794166153330828
siren,zhao_topk,23,3,0.26629617915055287,0.16726650013142594,0.013159770329811424,7.525182927759044
siren,zhao_topk,23,4,0.2774880147936668,0.18454656359729527,0.009730596482178711,9.551464945298159
siren,zhao_topk,23,5,0.2556598945088191,0.19557081449493205,0.021247169748474418,2.8280980820140313
siren,zhao_topk,23,6,0.2641263045189557,0.17146463034630063,0.016621079827732997,5.574949108784437
siren,zhao_topk,23,7,0.27572489879908224,0.18035205428350443,0.008984069248565214,10.615773529440368
siren,zhao_topk,23,8,0.2694116206751647,0.190987928720359,0.015360572453372946,5.105518833550053
siren,zhao_topk,23,9,0.2553049144632295,0.17342394364870645,0.01054429392215541,7.765429474843904
siren,zhao_topk,23,10,0.2511953839055424,0.16992616683465028,0.018621598286674156,4.364244992281322
siren,zhao_topk,23,11,0.28969808839900474,0.17874488996121723,0.01974812015032985,5.6184182389600394
siren,zhao_topk,23,12,0.3425240954291367,0.17569674024040366,0.013448315364803275,12.405074588401686
siren,zhao_topk,23,13,0.26408434805481484,0.17506995751457038,0.01687145536358962,5.276035091338172
siren,zhao_topk,23,14,0.2617734914744389,0.1776832850187576,0.012864014137571236,6.536855880007434
siren,zhao_topk,23,15,0.30439308547212707,0.19618132827955817,0.017909159848044812,6.042257599503342
siren,zhao_topk,23,16,0.3152715322203206,0.21527311450279432,0.01611990835722492,6.203411055541588
siren,zhao_topk,23,17,0.3073308118041759,0.22318225192520008,0.009498385590206453,8.859248667030243
siren,zhao_topk,23,18,0.33538230389642976,0.20709160751686212,0.012233644571067613,10.48671110512506
siren,zhao_topk,23,19,0.32192184622741093,0.21072803961504372,0.013802073078553223,8.05631197426053
siren,zhao_topk,23,20,0.301261851465447,0.20131591106558505,0.015847989458210095,6.30653753672739
siren,zhao_topk,23,21,0.3225805387071548,0.2204933674199087,0.015314084454203836,6.666227523593315
siren,zhao_topk,23,22,0.3078705580158676,0.1922690714752276,0.014891927635448426,7.762694620236047
siren,zhao_topk,23,23,0.33647830951639673,0.16513918253832952,0.013738306666963815,12.471633595869745
siren,zhao_topk,23,24,0.27703942716615193,0.15851187619870985,0.013251624066994013,8.944379222367177
siren,zhao_topk,23,25,0.3194914605027764,0.18760039043720816,0.009115425721125302,14.468997291032307
siren,zhao_topk,23,26,0.318270574091666,0.21261587706463114,0.015836692698383097,6.671512735599272
siren,zhao_topk,23,27,0.3395868479283922,0.22330832162039638,0.019422816518481028,5.986697459524241
siren,zhao_topk,23,28,0.3398130584807208,0.267212349038638,0.017369492793107306,4.179782927852261
siren,zhao_topk,23,29,0.37713932023920843,0.2711452721764508,0.019847371089049163,5.340457816160858
siren,zhao_topk,23,30,0.36496745343790693,0.2837716600475154,0.024217923601895754,3.3527149034376995
siren,zhao_topk,23,31,0.33564116250283393,0.2702452437894732,0.028330042707134774,2.3083593409794307
siren,zhao_topk,24,0,0.2049121445260132,0.16588379213009818,0.009056643469712822,4.309361688624866
siren,zhao_topk,24,1,0.20238109049829836,0.14165287947795577,0.008219289226969934,7.388499095648717
siren,zhao_topk,24,2,0.23303819766245087,0.17011648656003436,0.011499922598218934,5.471489965694343
siren,zhao_topk,24,3,0.2485004395659929,0.16422287375925032,0.0038916780667428473,21.65584212295314
siren,zhao_topk,24,4,0.25506753038522706,0.18305484294749289,0.01369952030054782,5.2565845998895675
siren,zhao_topk,24,5,0.2543434516212262,0.1908255863485447,0.012951013937508356,4.904470459160177
siren,zhao_topk,24,6,0.24830322422177564,0.16503398631912244,0.0042095755077482455,19.78091086604477
siren,zhao_topk,24,7,0.26766654894072184,0.17304479190944325,0.00082353597489717,114.89693215052742
siren,zhao_topk,24,8,0.2563541974771433,0.19234430525336815,0.014976908353444937,4.273905582726744
siren,zhao_topk,24,9,0.25473069017285177,0.17793965761872219,0.013346977604646955,5.7534398295081886
siren,zhao_topk,24,10,0.24552581544850693,0.17251400699293598,0.013249805860792713,5.510405905011712
siren,zhao_topk,24,11,0.2680246027383588,0.18116291160948864,0.012771492774438583,6.80121679297497
siren,zhao_topk,24,12,0.32290129319490707,0.1786786064528644,0.004911045173343429,29.367004711108404
siren,zhao_topk,24,13,0.23407382824690653,0.17229694888507224,0.007790375127191864,7.929897900064605
siren,zhao_topk,24,14,0.24334887624090162,0.17718183861418446,0.007699552242845347,8.59362149119795
siren,zhao_topk,24,15,0.26650522232052215,0.19648831302450098,0.015246862817876405,4.592217437276921
siren,zhao_topk,24,16,0.29830724488119537,0.21387101970813543,0.004416513364836133,19.118299481517088
siren,zhao_topk,24,17,0.2828535771941979,0.21049029250201362,0.006799208231456333,10.642898735973066
siren,zhao_topk,24,18,0.2971904689391538,0.20278989876534131,0.007844792224491564,12.033533517827589
siren,zhao_topk,24,19,0.3024246673087147,0.20079893141996558,0.010629825335023668,9.560433279548601
siren,zhao_topk,24,20,0.27902888500127787,0.19360967759069322,0.010574195668824202,8.078080838093932
siren,zhao_topk,24,21,0.2868160067127096,0.2150655351922685,0.00945700276223586,7.587020256244231
siren,zhao_topk,24,22,0.2780864079467917,0.1836313447652616,0.008377501059123526,11.274849446740886
siren,zhao_topk,24,23,0.26246265254083595,0.14511410715890571,0.007901202610464788,14.851985345434297
siren,zhao_topk,24,24,0.2609500171177924,0.14934112494878068,0.008546485625592926,13.059039359382142
siren,zhao_topk,24,25,0.2895016769217292,0.17768509367363555,0.008141476415009681,13.734189912034605
siren,zhao_topk,24,26,0.27587325044498345,0.20672325432847427,0.008746725598919706,7.90581519157864
siren,zhao_topk,24,27,0.3010686212045847,0.2164344065180465,0.011503253037767086,7.357415716117004
siren,zhao_topk,24,28,0.32562897204078406,0.2545052088946103,0.015102913872014042,4.709274233362828
siren,zhao_topk,24,29,0.3435300877810744,0.2685950901257499,0.009283661554458773,8.071707183178669
siren,zhao_topk,24,30,0.33409585743860776,0.27774191202757864,0.017966572638031527,3.1365996479339326
siren,zhao_topk,24,31,0.32856190142700237,0.272963173184583,0.018911124486425936,2.940001176679214
siren,zhao_topk,25,0,0.21879996216280487,0.15736317462947788,0.011812651014138425,5.200931396330426
siren,zhao_topk,25,1,0.21073990267920467,0.1367246404363091,0.006297252827808041,11.75357957934475
siren,zhao_topk,25,2,0.23433366737224307,0.15884110881805247,0.008196192064751352,9.210686860164595
siren,zhao_topk,25,3,0.24554238265645245,0.1588850799221575,0.006420991159703354,13.495938645444026
siren,zhao_topk,25,4,0.24282607979138282,0.1760309034567797,0.009382250486150004,7.119312837917253
siren,zhao_topk,25,5,0.23721366374838104,0.18123163967904887,0.009762376841220798,5.734466614006631
siren,zhao_topk,25,6,0.23565314402153195,0.16068347146702816,0.006970837229825237,10.75475873023409
siren,zhao_topk,25,7,0.25012225499601715,0.16368243081621597,0.004798114712076148,18.015372571698812
siren,zhao_topk,25,8,0.23999151178479483,0.17931587315110345,0.008500040656784716,7.138276284038737
siren,zhao_topk,25,9,0.23322737656946507,0.16588770971925676,0.015427610584162359,4.364879868003521
siren,zhao_topk,25,10,0.22802305965942693,0.1640438988017833,0.016990651533529456,3.7655507636883003
siren,zhao_topk,25,11,0.26441380793560615,0.16759977321760927,0.009787296743713534,9.891805393576258
siren,zhao_topk,25,12,0.31818041160010746,0.16866299286406145,0.010155926866890177,14.722183479234664
siren,zhao_topk,25,13,0.23890309282807104,0.16385186862985285,0.00527517051803289,14.227260321094754
siren,zhao_topk,25,14,0.24530538988630357,0.16620760238793716,0.009223637388578414,8.575552590165005
siren,zhao_topk,25,15,0.2717653999546205,0.18677479962144578,0.011271699365278822,7.5401762927583516
siren,zhao_topk,25,16,0.2952119045305706,0.20053567203114642,0.012867989362311713,7.357500059544327
siren,zhao_topk,25,17,0.2790241838482516,0.20279389130033004,0.013522305324529759,5.637374006755945
siren,zhao_topk,25,18,0.3154507418926047,0.1970169254982942,0.014003594983175415,8.45738658798705
siren,zhao_topk,25,19,0.2996021578956045,0.19496425027719252,0.012098087339046775,8.64912813785791
siren,zhao_topk,25,20,0.2748934235880421,0.18939621296476866,0.013004741123408835,6.574310846478633
siren,zhao_topk,25,21,0.29100830827218716,0.2048906652969788,0.00307033634353956,28.048276585857625
siren,zhao_topk,25,22,0.2829664768076426,0.17803868907351733,0.014546594217662835,7.213220233140162
siren,zhao_topk,25,23,0.2824203570746125,0.14483081250408694,0.005739711604752852,23.97150833442442
siren,zhao_topk,25,24,0.25569111712071196,0.14870547411397214,0.009735394431247471,10.989348583900254
siren,zhao_topk,25,25,0.34598877003419265,0.17718191011674253,0.024163905909510845,6.985909502776545
siren,zhao_topk,25,26,0.287872836496214,0.20168127481228587,0.01229360793633955,7.011087561133972
siren,zhao_topk,25,27,0.32000657646622455,0.21351596704973339,0.01833328512091156,5.808593970702196
siren,zhao_topk,25,28,0.33210019230904037,0.24773909374368622,0.00793763479821336,10.627989408676566
siren,zhao_topk,25,29,0.35867770532625737,0.25973000489513365,0.010347142722644332,9.562804252673581
siren,zhao_topk,25,30,0.3456701495197738,0.2688902537107262,0.009559703376213305,8.031619056308093
siren,zhao_topk,25,31,0.32389458602165005,0.26171195270482117,0.010430310479000617,5.961724096518643
siren,zhao_topk,26,0,0.28703885700906046,0.2725025490970635,0.0064472866041805806,2.254639634380647
siren,zhao_topk,26,1,0.27937997436979767,0.2331142184845864,0.0012492102175418545,37.03600501783531
siren,zhao_topk,26,2,0.321539512962075,0.2771958018966124,0.0136011803564321,3.2602840270765263
siren,zhao_topk,26,3,0.3315490351836987,0.26508508668170433,0.006681090578303871,9.948068765573838
siren,zhao_topk,26,4,0.3404431172827884,0.3033023193848604,0.014641741204709418,2.5366380527188888
siren,zhao_topk,26,5,0.3351155840655711,0.30549116084064737,0.017923218279750245,1.6528517793254573
siren,zhao_topk,26,6,0.33906498565187254,0.27370383330602244,0.008862251287995282,7.3752312162923745
siren,zhao_topk,26,7,0.3523923540212157,0.28674009611780493,0.004391346984632137,14.950369017334774
siren,zhao_topk,26,8,0.3397135219206377,0.3065306577195743,0.011739714655550498,2.8265477632690734
siren,zhao_topk,26,9,0.319849553165296,0.2897354470615149,0.014804980023588684,2.034052464495089
siren,zhao_topk,26,10,0.3243965071414991,0.2788846268237803,0.012913110722271184,3.524470694673489
siren,zhao_topk,26,11,0.3529548210467118,0.2915496083692437,0.008614607963048889,7.128033329068115
siren,zhao_topk,26,12,0.4284522451383346,0.29034643604826255,0.006068830154427799,22.756578380976844
siren,zhao_topk,26,13,0.3469310575605282,0.28377927229972444,0.008200673952098166,7.700804303364142
siren,zhao_topk,26,14,0.3313076356135032,0.29042314274050524,0.005159898213952723,7.92350763091478
siren,zhao_topk,26,15,0.3762462572367505,0.3178901943212219,0.016282352059112444,3.5840069483615866
siren,zhao_topk,26,16,0.4099130813058011,0.34800600617400473,0.004675709087461337,13.240146889764834
siren,zhao_topk,26,17,0.40203715584024824,0.35158143260965924,0.011786463563076586,4.280819514739898
siren,zhao_topk,26,18,0.4046102811205134,0.33434837200368817,0.012371497585253625,5.679337415106063
siren,zhao_topk,26,19,0.40970478718905545,0.33611428543946337,0.011783371093877356,6.2452842368538946
siren,zhao_topk,26,20,0.38302799545269406,0.31934792247096727,0.014501878636977526,4.391160247290482
siren,zhao_topk,26,21,0.40489164486825635,0.354477167118243,0.008320829291883701,6.058828511142345
siren,zhao_topk,26,22,0.3959931000732755,0.30699798557574276,0.012182571344187104,7.305117448788561
siren,zhao_topk,26,23,0.37357204703601793,0.2505884921325606,0.009452361519263215,13.010881423951664
siren,zhao_topk,26,24,0.35857518033973573,0.24981978249697515,0.015861458082773564,6.856582621548209
siren,zhao_topk,26,25,0.39816251103782224,0.30045015876749326,0.022529701955077197,4.337045934525066
siren,zhao_topk,26,26,0.403998310607112,0.34700453525679603,0.013649465932602673,4.175531528613327
siren,zhao_topk,26,27,0.44043153250643796,0.36414786497922264,0.015896554732930446,4.79875474961818
siren,zhao_topk,26,28,0.4656907403886907,0.4284193505912934,0.009698435989298485,3.8430309627782826
siren,zhao_topk,26,29,0.46692833011543006,0.4462432283615083,0.01013303456313929,2.0413531232951154
siren,zhao_topk,26,30,0.46100762035587656,0.46888264641864746,0.01405768003411872,-0.5601938615516792
siren,zhao_topk,26,31,0.472609016090613,0.4542893986002879,0.027486212201683985,0.6665020758736173
siren,zhao_topk,27,0,0.2396398803486421,0.1565524119425555,0.008831495355060644,9.40808606760752
siren,zhao_topk,27,1,0.2398759011974825,0.1340582199779731,0.0041773819981843095,25.33110002042017
siren,zhao_topk,27,2,0.2700343800153261,0.15749443828425405,0.009299111889873892,12.102224713912785
siren,zhao_topk,27,3,0.27490024498871385,0.15348090025814987,0.013106864866415293,9.26379770967853
siren,zhao_topk,27,4,0.27500533391772913,0.17401435717289856,0.006605519553520902,15.288877116562306
siren,zhao_topk,27,5,0.2710314731935338,0.17824225198395258,0.015294851823647699,6.066696315822939
siren,zhao_topk,27,6,0.2720813934593883,0.16142627702904216,0.01167999550670256,9.473900599263652
siren,zhao_topk,27,7,0.2777483796451101,0.16497009212559957,0.005861292600479415,19.24119732740966
siren,zhao_topk,27,8,0.27031471103908505,0.17865381705809802,0.008445812563224934,10.852821240682069
siren,zhao_topk,27,9,0.25279498670018813,0.1625268358973124,0.01064693231472663,8.478324848371448
siren,zhao_topk,27,10,0.25785807603396166,0.1602936802300236,0.013325774805582256,7.3214801561157765
siren,zhao_topk,27,11,0.2990347744353319,0.17146389157019687,0.004628716092581791,27.560749096188122
siren,zhao_topk,27,12,0.352169040173431,0.16650667219637558,0.009148232083728471,20.294890452908852
siren,zhao_topk,27,13,0.27373579617871363,0.16184542169174604,0.007863493768268535,14.229091773236664
siren,zhao_topk,27,14,0.26472005910899793,0.1659686364138973,0.008475467167826392,11.65144301071327
siren,zhao_topk,27,15,0.3131462524001222,0.18553240293988385,0.014274248101595086,8.940145116713929
siren,zhao_topk,27,16,0.3271191284568013,0.2033732315085733,0.010798108771270859,11.459960217983987
siren,zhao_topk,27,17,0.30921930815091503,0.199448369251437,0.015147047851111711,7.247018691594181
siren,zhao_topk,27,18,0.3475264383856037,0.1928067092953189,0.012831317969538668,12.057976386960936
siren,zhao_topk,27,19,0.34036936422985903,0.1951784316174236,0.0173098405629375,8.387768338161768
siren,zhao_topk,27,20,0.32132809147297586,0.18138181370197579,0.006386173205562055,21.91394960116545
siren,zhao_topk,27,21,0.3431673239057492,0.20636028257615063,0.011455307608896478,11.942677228793999
siren,zhao_topk,27,22,0.32327157817660074,0.17761839129194965,0.015791605905133736,9.223456294416536
siren,zhao_topk,27,23,0.3272769362027561,0.14331995808109277,0.012049603166090134,15.266642028457262
siren,zhao_topk,27,24,0.2938481389326994,0.14336078685368808,0.008456031877936528,17.79645042158164
siren,zhao_topk,27,25,0.3683995206485948,0.17796914798533345,0.02808181879392579,6.781269192736627
siren,zhao_topk,27,26,0.3367553825152183,0.19826650153827605,0.0184393084815578,7.510524655273969
siren,zhao_topk,27,27,0.3615388089808846,0.219721619826121,0.02253305008153467,6.293741355103079
siren,zhao_topk,27,28,0.362596596636937,0.24710900859449172,0.010807659031383397,10.685717203613768
siren,zhao_topk,27,29,0.4099075870717054,0.258698570420587,0.015756653433070016,9.596518530626645
siren,zhao_topk,27,30,0.3887132670856937,0.2706684022017594,0.017864971956563565,6.6076154595118055
siren,zhao_topk,27,31,0.35351461900121767,0.2650350330969953,0.01691462994293174,5.230950142139888
siren,zhao_topk,28,0,0.3181204259909574,0.17830226795517917,0.012232620120422755,11.429943598293166
siren,zhao_topk,28,1,0.31809325032268754,0.1466694329621531,0.007063854866624668,24.26774340600887
siren,zhao_topk,28,2,0.33352190506980406,0.17621215338361457,0.012674283722767863,12.4117271734734
siren,zhao_topk,28,3,0.3319411416013007,0.15649298906104472,0.005285875054786881,33.19188416710122
siren,zhao_topk,28,4,0.3383823446718997,0.18937953876091457,0.017980711013727408,8.286813897249594
siren,zhao_topk,28,5,0.3148120214368315,0.18477817852680808,0.013713791113321161,9.48197634304875
siren,zhao_topk,28,6,0.32720200243721365,0.16605446680018496,0.013623353587523403,11.828771425606357
siren,zhao_topk,28,7,0.3320863393007153,0.1752736211161821,0.01023209745508991,15.325569256235672
siren,zhao_topk,28,8,0.3157251061270375,0.18645651576498126,0.009212277472893089,14.032207642727444
siren,zhao_topk,28,9,0.2964593019172126,0.1769888245844232,0.009855200262192656,12.12258240871188
siren,zhao_topk,28,10,0.2965840254291564,0.17359762138718143,0.013127245942445086,9.368789507044726
siren,zhao_topk,28,11,0.33911019416918337,0.17866519102130232,0.015549322675596815,10.318456082957505
siren,zhao_topk,28,12,0.39302961427547506,0.17816925456480454,0.006025580401676163,35.65803547337977
siren,zhao_topk,28,13,0.3203525945663607,0.17178727311235437,0.013233218896844473,11.226695682441443
siren,zhao_topk,28,14,0.3240618417384166,0.17620406928746832,0.013895697623883005,10.640543314415547
siren,zhao_topk,28,15,0.35855951213636694,0.19023420913510722,0.015914263337706472,10.577008776927679
siren,zhao_topk,28,16,0.38373389684905024,0.20949929541492565,0.010458059353055158,16.660318664497222
siren,zhao_topk,28,17,0.36808759088797127,0.20835346050976522,0.015538415711888482,10.279949599751863
siren,zhao_topk,28,18,0.3902133894911034,0.196435548366431,0.005076636155965412,38.17051984254761
siren,zhao_topk,28,19,0.36361780159743895,0.19695050270080508,0.01190721256022828,13.9971717187048
siren,zhao_topk,28,20,0.3460570429757728,0.18845639497491024,0.01994118103731443,7.903275523448501
siren,zhao_topk,28,21,0.38110388147744967,0.20992254571718055,0.011612832393769083,14.740704933631628
siren,zhao_topk,28,22,0.3498034354775502,0.17556124186650784,0.010958501260072273,15.90018465808829
siren,zhao_topk,28,23,0.3490225461879857,0.14464787643638574,0.009833978542353327,20.782501087570196
siren,zhao_topk,28,24,0.3279783131274374,0.14415812309923332,0.012509207076596836,14.69479151657092
siren,zhao_topk,28,25,0.37174559228331244,0.17281110675922756,0.014002522994981986,14.207045801344233
siren,zhao_topk,28,26,0.39586946193193606,0.2015144787419894,0.009892473486192838,19.646753004818517
siren,zhao_topk,28,27,0.3860523312075435,0.21218898074962328,0.010159052020602514,17.11413132891987
siren,zhao_topk,28,28,0.42705699750191695,0.26033945555391513,0.020236909888663134,8.238290473458017
siren,zhao_topk,28,29,0.4436567867375027,0.27087519666663934,0.017549494450091078,9.845388456188074
siren,zhao_topk,28,30,0.43861131649106305,0.28917916353072687,0.01988617121248734,7.51437525925059
siren,zhao_topk,28,31,0.41684061447929927,0.2921466587664092,0.0261208070820192,4.773740540303815
siren,zhao_topk,29,0,0.20755373222460802,0.19293409510685328,0.022908110656528802,0.6381860702941974
siren,zhao_topk,29,1,0.20270237177533554,0.1529214225704488,0.012778628432092872,3.8956410282549907
siren,zhao_topk,29,2,0.225344109290826,0.1807863691661989,0.009847832446255398,4.524624110716873
siren,zhao_topk,29,3,0.2289053239475816,0.163940694900243,0.01300728547617702,4.994480144709825
siren,zhao_topk,29,4,0.2265752007794489,0.1939650767784249,0.012258798462628517,2.6601403147655454
siren,zhao_topk,29,5,0.2257891679471984,0.1923560229374119,0.018786110036270103,1.7796736495867174
siren,zhao_topk,29,6,0.22506860767555284,0.1742360456228212,0.012215678542585297,4.161255707206386
siren,zhao_topk,29,7,0.23571852193038303,0.1773154596015861,0.007965128344701724,7.332344163373805
siren,zhao_topk,29,8,0.22777315596469042,0.19605083525995318,0.017599942682366882,1.8024104553771845
siren,zhao_topk,29,9,0.22493554257172269,0.18515774044842892,0.01312009615382045,3.031822454419348
siren,zhao_topk,29,10,0.2278570054929777,0.17605896432110293,0.009563876918904682,5.416008759950353
siren,zhao_topk,29,11,0.26722017975864615,0.19221651191574515,0.01086746489083691,6.901671051741021
siren,zhao_topk,29,12,0.3127549179329554,0.18978619089930557,0.009874507598910797,12.453150276294672
siren,zhao_topk,29,13,0.24748665918567958,0.17871879528003543,0.010680137401959805,6.4388557297985
siren,zhao_topk,29,14,0.23125666008685916,0.18460139803505163,0.010254448867610278,4.549758124902542
siren,zhao_topk,29,15,0.27261162260396277,0.2004267791721342,0.01183938818306857,6.097007912542274
siren,zhao_topk,29,16,0.29362812401042665,0.219475822242583,0.006869681699367551,10.79413938125698
siren,zhao_topk,29,17,0.2715171460011327,0.2131472870610141,0.009305674729113632,6.272501526139022
siren,zhao_topk,29,18,0.3202910933056554,0.20212162592627125,0.00688096056860847,17.173396969964248
siren,zhao_topk,29,19,0.3023049419840918,0.20049926552754385,0.015021486252511264,6.777337125314632
siren,zhao_topk,29,20,0.2953524864980342,0.1919241927091179,0.010861262122923916,9.522677255953454
siren,zhao_topk,29,21,0.29980869794016857,0.20598474915001747,0.011412816503828676,8.2209285287883
siren,zhao_topk,29,22,0.28596040911927567,0.1791803867443918,0.006408625576312483,16.661922451759928
siren,zhao_topk,29,23,0.3005385315742056,0.1453960737315378,0.009032179052384667,17.176636661305697
siren,zhao_topk,29,24,0.2646212007661435,0.14779389523145384,0.011520238991554006,10.141048776882222
siren,zhao_topk,29,25,0.33506751757508685,0.18017405149072913,0.0152752252702892,10.140175568188212
siren,zhao_topk,29,26,0.2947258725786737,0.20464535536589437,0.007483170709143267,12.03774719487757
siren,zhao_topk,29,27,0.3250195472886368,0.2175181360587976,0.009296603347300744,11.56351488966689
siren,zhao_topk,29,28,0.3299679363929221,0.265391166660691,0.011275358286075112,5.727247693049574
siren,zhao_topk,29,29,0.4196735097132149,0.288501448161447,0.012679759273276844,10.344996204164444
siren,zhao_topk,29,30,0.3882453222789721,0.3032747724921906,0.01441806019400275,5.893341312455151
siren,zhao_topk,29,31,0.3330859545460729,0.32650234399503913,0.028924199570740248,0.22761599797886126
siren,zhao_topk,30,0,0.24196416633665016,0.22297596931238708,0.02115235114236266,0.8976873018259731
siren,zhao_topk,30,1,0.23426155922197497,0.17513587739501832,0.013908575452783628,4.251023552172871
siren,zhao_topk,30,2,0.25670332627024534,0.21159931500025522,0.022553336631273076,1.9998819690141836
siren,zhao_topk,30,3,0.2613467574035604,0.17608545940929562,0.014991603616772804,5.68727003286515
siren,zhao_topk,30,4,0.26407006657876186,0.21609125347132685,0.009407623434249963,5.099992941124795
siren,zhao_topk,30,5,0.2434042343256916,0.20477518093327327,0.02434044978686994,1.5870312065168228
siren,zhao_topk,30,6,0.2602181411819698,0.18427263740198135,0.010341207584235167,7.3439685995439135
siren,zhao_topk,30,7,0.26025548394780473,0.1969342312499746,0.01579761108498127,4.008280261946022
siren,zhao_topk,30,8,0.25072962895009493,0.2150029411642088,0.01669977256640289,2.1393517572665735
siren,zhao_topk,30,9,0.2464132475754446,0.19716277658608306,0.016465628341112145,2.9911078987730275
siren,zhao_topk,30,10,0.24901904125755683,0.19991043908012274,0.01675156814098103,2.931582390623767
siren,zhao_topk,30,11,0.2937055584743991,0.2168136405033927,0.009177519556656228,8.378289743358662
siren,zhao_topk,30,12,0.3546943580563232,0.21272586541679925,0.013204548697151897,10.751483893587768
siren,zhao_topk,30,13,0.26653329444737783,0.20073940054803502,0.022600379564465145,2.911185350302318
siren,zhao_topk,30,14,0.25779534266802084,0.20779595657453634,0.00990950154550417,5.0456005142023175
siren,zhao_topk,30,15,0.2970570416470699,0.22012776825198724,0.012895713653644749,5.965491748751723
siren,zhao_topk,30,16,0.32248850894104636,0.2387626228336719,0.021278598944213422,3.934746189205431
siren,zhao_topk,30,17,0.3079825005582378,0.22873881218261127,0.016469071184834205,4.811667123559419
siren,zhao_topk,30,18,0.33810754835181667,0.21685906205189834,0.02264175770655098,5.355082757768285
siren,zhao_topk,30,19,0.3070168938352767,0.2244912476038916,0.026857932703877697,3.0726730586926445
siren,zhao_topk,30,20,0.3013882565051135,0.21113515143787515,0.010557301255648924,8.548880332362062
siren,zhao_topk,30,21,0.3206514006503504,0.22534284596142634,0.01940046803946557,4.912693574971584
siren,zhao_topk,30,22,0.30979113566407684,0.1992593610975187,0.010618641883745682,10.409219538305825
siren,zhao_topk,30,23,0.3270215382080742,0.14979143227027877,0.01748262616234351,10.137499040020547
siren,zhao_topk,30,24,0.2797286355210985,0.1543744745625511,0.00951629188220719,13.172584711585476
siren,zhao_topk,30,25,0.3359170973524612,0.19188054132655769,0.02428521599951556,5.931038703908451
siren,zhao_topk,30,26,0.333011351540428,0.2192537334727805,0.017363204105578768,6.551648956951291
siren,zhao_topk,30,27,0.35586742122291465,0.2365247733239478,0.022680196733283368,5.261975868305876
siren,zhao_topk,30,28,0.34032665789828254,0.2905904504359599,0.007928199250557938,6.273329654123227
siren,zhao_topk,30,29,0.42736782850841953,0.3242665550965254,0.012317342909110808,8.370415127083366
siren,zhao_topk,30,30,0.45900675487813647,0.36571189204751964,0.022138074177884833,4.214226679383664
siren,zhao_topk,30,31,0.3937441641282052,0.43731077801629087,0.03569707146150686,-1.2204534463020245
siren,zhao_topk,31,0,0.3740203231458558,0.299947256274692,0.05000403232356712,1.4813418724284135
siren,zhao_topk,31,1,0.3752810414758478,0.2181977155056579,0.024529134811131465,6.403948903199984
siren,zhao_topk,31,2,0.4032810015717978,0.2647589937232512,0.03666017596299196,3.7785418157398656
siren,zhao_topk,31,3,0.39420052889012264,0.20598055244064767,0.010753070336607485,17.503835700646686
siren,zhao_topk,31,4,0.406840216201411,0.24654273289546985,0.008633516498445737,18.566882142959816
siren,zhao_topk,31,5,0.38878715900076205,0.2350088303963372,0.024897731647742827,6.176399150738138
siren,zhao_topk,31,6,0.4043971418703402,0.21794044033267843,0.018701193503956035,9.970310263792463
siren,zhao_topk,31,7,0.37822551932452786,0.21887289634304627,0.019668523684266904,8.101910724949313
siren,zhao_topk,31,8,0.38414592839101946,0.24600418140072447,0.012892354664221511,10.715012935042965
siren,zhao_topk,31,9,0.3666391484058526,0.2216003338193307,0.03285114979151698,4.415030082873224
siren,zhao_topk,31,10,0.3626706859406715,0.2212837983982646,0.012211299980347595,11.57836493820884
siren,zhao_topk,31,11,0.4155094252029943,0.2556438085938211,0.014815490738706822,10.790436808921198
siren,zhao_topk,31,12,0.4333362062547083,0.24178439494442366,0.009720385511569658,19.706194891374494
siren,zhao_topk,31,13,0.37069028364878753,0.226138731012326,0.014766927779658672,9.788871103952994
siren,zhao_topk,31,14,0.37676379712303687,0.23150433037695653,0.015042516772155203,9.656593304583593
siren,zhao_topk,31,15,0.3950001428704527,0.2331198118134826,0.021797564049141,7.42653310672802
siren,zhao_topk,31,16,0.4494984695622512,0.2708710008714206,0.031937596708699625,5.593015351783608
siren,zhao_topk,31,17,0.4278900308432754,0.23605741388192322,0.005413999969253112,35.43269635219752
siren,zhao_topk,31,18,0.44083872935560503,0.22664464156151776,0.014213894263437426,15.06934579815057
siren,zhao_topk,31,19,0.42007535866632767,0.24081458531303096,0.02693956603988195,6.6541819228979024
siren,zhao_topk,31,20,0.41760205499460445,0.2281428065732189,0.020746405087924122,9.132148322490062
siren,zhao_topk,31,21,0.44144815469022713,0.23250680105202876,0.0188554945457593,11.081191910990762
siren,zhao_topk,31,22,0.41395024423986626,0.20229599099199363,0.014946505395264728,14.160785257196494
siren,zhao_topk,31,23,0.412349621348849,0.16188370827532533,0.011938717301221938,20.97929842495628
siren,zhao_topk,31,24,0.3965424002769382,0.15795606001284979,0.01637559123961292,14.569632129491772
siren,zhao_topk,31,25,0.40715119365689784,0.20216161952108808,0.03059507454640449,6.700084153248124
siren,zhao_topk,31,26,0.4689578106733603,0.22838197522482853,0.014786669292287778,16.269778588610748
siren,zhao_topk,31,27,0.4585756169681492,0.2498534597493057,0.009055222819382478,23.049919519603527
siren,zhao_topk,31,28,0.46549010697985743,0.31348794152626863,0.016682541937125605,9.111451122165063
siren,zhao_topk,31,29,0.49844958447261906,0.3622698286926154,0.014885436902153602,9.148522591251679
siren,zhao_topk,31,30,0.5391093605606079,0.419900044698715,0.023732257510005482,5.023092127313823
siren,zhao_topk,31,31,0.6046786989786637,0.597027863544347,0.05350366015027344,0.14299648683525737
siren,yang_rms,0,25,0.14184701161003516,0.09235700922604906,0.01226770901269551,4.034168265058315
siren,yang_rms,0,26,0.38956864441710537,0.13860629787737605,0.018515645023429412,13.554069881020371
siren,yang_rms,0,27,0.327415775513558,0.1772451733439804,0.02515883724809552,5.9689007361000055
siren,yang_rms,0,28,0.38466148554344065,0.2304387115320627,0.01172044714891088,13.15843773295877
siren,yang_rms,0,29,0.48455098509772715,0.3514465031551034,0.012266045069822979,10.851458737102512
siren,yang_rms,0,30,0.5562232727497236,0.45723026606328876,0.009587167260185554,10.325574176382826
siren,yang_rms,0,31,0.58589596896015,0.5184570878512942,0.02027439435115875,3.3263080485065837
siren,yang_rms,1,25,0.1348662358165441,0.052579755602878274,0.003943024441039106,20.86887399358368
siren,yang_rms,1,26,0.31597130675887564,0.07806934468255695,0.006177362881654991,38.51189684562968
siren,yang_rms,1,27,0.2690588428194826,0.0976878590197993,0.010406762009307555,16.467272302990427
siren,yang_rms,1,28,0.2982960534765505,0.13660164930621646,0.004991284661902739,32.39534811638938
siren,yang_rms,1,29,0.3777453367263592,0.19855810069271573,0.006665571966962406,26.882499644708144
siren,yang_rms,1,30,0.43547188415093696,0.2501503194918773,0.00672399592706675,27.561225002095384
siren,yang_rms,1,31,0.44800902166067147,0.2614467806780581,0.009863326550031382,18.91473835285518
siren,yang_rms,2,25,0.15129716393307624,0.06972712117171719,0.00876592001924436,9.305360142721284
siren,yang_rms,2,26,0.2966400401988206,0.10145107838566836,0.009306910977863132,20.97247543007741
siren,yang_rms,2,27,0.27125258220007614,0.12654876877187954,0.01590997140988254,9.095164893779335
siren,yang_rms,2,28,0.31710597791884904,0.16886573123460202,0.01182526148568204,12.535895875430363
siren,yang_rms,2,29,0.38057499660967725,0.2503094414973036,0.007878573121596472,16.534155754078643
siren,yang_rms,2,30,0.4281382765060814,0.3166924744097466,0.016412340643111648,6.790366134833375
siren,yang_rms,2,31,0.43922971958333373,0.3307818646200644,0.022579724946557717,4.802886448791849
siren,yang_rms,3,25,0.1609961429930073,0.10849526720144391,0.0156626615082611,3.3519766588757833
siren,yang_rms,3,26,0.30630449406557886,0.15076273303384893,0.016342249777069592,9.51776916602855
siren,yang_rms,3,27,0.29330572523172294,0.1766606186799305,0.015459164083419614,7.545369589349115
siren,yang_rms,3,28,0.3528547732791697,0.2510088457798161,0.007921051994926091,12.857626432018378
siren,yang_rms,3,29,0.4141476389756074,0.36566390129763654,0.007935873498826193,6.109439330798579
siren,yang_rms,3,30,0.4679698885887882,0.4513762997713952,0.0038579565944949594,4.301134139526322
siren,yang_rms,3,31,0.4957438289179078,0.4418544182181147,0.006504070286874914,8.285490211958633
siren,yang_rms,4,25,0.128891489527533,0.061685135835185,0.011575623487760516,5.805851733464604
siren,yang_rms,4,26,0.2528134363477985,0.08289496624339843,0.012236097956516919,13.886654937565442
siren,yang_rms,4,27,0.23798978294789358,0.09599681468944643,0.006746122960420793,21.04808481723705
siren,yang_rms,4,28,0.2618602573366604,0.13997187285884544,0.005749131036874756,21.201183917365334
siren,yang_rms,4,29,0.31589956628058335,0.19948093302926076,0.007979333029173415,14.590020597671744
siren,yang_rms,4,30,0.3549323686865196,0.2440394395704677,0.015580983224093443,7.117197131986775
siren,yang_rms,4,31,0.3630932766019612,0.23763582453712417,0.028883172443697206,4.34361745786045
siren,yang_rms,5,25,0.1793087668545408,0.13788877006959327,0.021870638077553253,1.8938632077432898
siren,yang_rms,5,26,0.30468671670373265,0.1824437351129547,0.020943664320204884,5.8367523333940685
siren,yang_rms,5,27,0.29843858865837725,0.2164976948566232,0.010375129393880425,7.897818975644326
siren,yang_rms,5,28,0.3643547825565722,0.3062068465902545,0.011129285496327069,5.22476811161938
siren,yang_rms,5,29,0.43330194792005977,0.44377610356154273,0.010476161635639091,-0.9998085182125003
siren,yang_rms,5,30,0.47632178537400266,0.5486446472293444,0.004790845540343686,-15.096053764687518
siren,yang_rms,5,31,0.5135082083497462,0.5300145934488263,0.01712797998659906,-0.9637088034896522
siren,yang_rms,6,25,0.14394627657083206,0.07334941353780708,0.009860830626566317,7.159322140959217
siren,yang_rms,6,26,0.26724146272880983,0.09721260436929445,0.007688104401414204,22.115836294866007
siren,yang_rms,6,27,0.2484130668352587,0.12021471959490308,0.009569098394254294,13.397118720958238
siren,yang_rms,6,28,0.29024510262423003,0.16838446343427144,0.016521070410499095,7.3760740776527705
siren,yang_rms,6,29,0.3602221396520507,0.2456644670886207,0.018740821594125188,6.112734811975435
siren,yang_rms,6,30,0.381893858954364,0.2977566955422341,0.018034166210528207,4.665431294683936
siren,yang_rms,6,31,0.397692998251943,0.2917930997373727,0.020349303499833497,5.204104332879834
siren,yang_rms,7,25,0.13446574971762387,0.07776915553901396,0.015022493855672798,3.7741133212179765
siren,yang_rms,7,26,0.22155615040664256,0.10163423982068782,0.016291513404109025,7.361004936208578
siren,yang_rms,7,27,0.21349897803536252,0.1274703626831183,0.010027833986004547,8.578982806487522
siren,yang_rms,7,28,0.25784917194773915,0.17389174636977614,0.018570766524980898,4.520945619828117
siren,yang_rms,7,29,0.31403776883104906,0.25690656380465515,0.013457083179378623,4.2454374595782145
siren,yang_rms,7,30,0.3211903405865444,0.321625918552865,0.02730910570076944,-0.015949916891944468
siren,yang_rms,7,31,0.33916426147717105,0.31554375693349623,0.031788587937337284,0.7430498199616898
siren,yang_rms,8,25,0.14873641138461113,0.08511898724927991,0.012797708639328002,4.971001132173902
siren,yang_rms,8,26,0.25720630715198345,0.11113189375037158,0.020011394621699055,7.299561882769443
siren,yang_rms,8,27,0.2684034805547238,0.13277906561849273,0.014353379758271797,9.448953293252847
siren,yang_rms,8,28,0.298791916949726,0.188006183241838,0.017006083774223944,6.514476535497581
siren,yang_rms,8,29,0.35667855666435616,0.2707954843614628,0.014562808815881238,5.897424967169449
siren,yang_rms,8,30,0.3783148811503699,0.33607302655787974,0.01672891368261823,2.525080551786247
siren,yang_rms,8,31,0.3754019492944418,0.32003249245515497,0.01637531009987812,3.381276843099231
siren,yang_rms,9,25,0.14648966255865964,0.08863112806902818,0.015299560444562306,3.7817122066533133
siren,yang_rms,9,26,0.2032900366815633,0.11863652146507606,0.010303461062592813,8.216027090530359
siren,yang_rms,9,27,0.21604437797975165,0.13803634449513,0.008829558930856183,8.834873190778668
siren,yang_rms,9,28,0.2540924615037123,0.1971493019270933,0.011028437963119147,5.163302343182778
siren,yang_rms,9,29,0.3205629514909803,0.28710548019639426,0.011981717855929623,2.7923768275037704
siren,yang_rms,9,30,0.32076746607201734,0.35111441338443566,0.010589061438084147,-2.8658769702925553
siren,yang_rms,9,31,0.33280278522873297,0.3358053576371155,0.009512923972603216,-0.3156308635525525
siren,yang_rms,10,25,0.16350181683545895,0.08765513054791405,0.015394867460933182,4.9267514955888645
siren,yang_rms,10,26,0.19895006434781748,0.11335644081502427,0.015851416234027544,5.399746134295124
siren,yang_rms,10,27,0.2255353200483579,0.13668407069511973,0.009244050458598878,9.611722669751131
siren,yang_rms,10,28,0.2684203806780006,0.192240102318835,0.005972855822948036,12.754414407003907
siren,yang_rms,10,29,0.3581717727242313,0.2779394948196662,0.008655388578174151,9.269633267174477
siren,yang_rms,10,30,0.3305446199565825,0.34515420522028306,0.011740166969957255,-1.244410347918053
siren,yang_rms,10,31,0.2970229240697389,0.3282134389642053,0.01356783395000365,-2.2988573569960296
siren,yang_rms,11,25,0.16060899996984196,0.08246897125094087,0.013351944506842909,5.852333244708597
siren,yang_rms,11,26,0.2732590413956201,0.11190443893156843,0.012510622939278255,12.897407526963665
siren,yang_rms,11,27,0.2613989362044858,0.1393152479023559,0.015278083691712945,7.990772322339736
siren,yang_rms,11,28,0.2983546617217678,0.19458275020005283,0.015410948557894578,6.733648557184731
siren,yang_rms,11,29,0.41371448836190244,0.28977857539702223,0.02180930130532532,5.682709007033525
siren,yang_rms,11,30,0.38385482475772453,0.3602677326384335,0.017646200131112986,1.3366669279525711
siren,yang_rms,11,31,0.3615779743764549,0.3637523781740692,0.029665199391312316,-0.07329813526387725
siren,yang_rms,12,25,0.14239541900335126,0.0858011050235386,0.013728278741528916,4.122462476567529
siren,yang_rms,12,26,0.2612547340039725,0.11265506358759418,0.009631697796179266,15.428190705414915
siren,yang_rms,12,27,0.28610629945421845,0.14388939883972265,0.008229218130904738,17.281945666308417
siren,yang_rms,12,28,0.31974880290744695,0.19487728572339974,0.01061421368273577,11.764556557510542
siren,yang_rms,12,29,0.42270202181635613,0.29163196222595644,0.016905078450086684,7.753294962658254
siren,yang_rms,12,30,0.4038370199892858,0.3654131749758182,0.01054208559725877,3.6448048784064913
siren,yang_rms,12,31,0.36430926044524786,0.3642560607129245,0.010149789731979119,0.005241461520700775
siren,yang_rms,13,25,0.17311784597318666,0.09084991392287581,0.015158194117029915,5.427291101773433
siren,yang_rms,13,26,0.2446533811061842,0.12554653694770052,0.010680070238350393,11.152252887887423
siren,yang_rms,13,27,0.2517334944889222,0.14979627125266415,0.010884586341009066,9.365282247998397
siren,yang_rms,13,28,0.30143793388297413,0.21269273318706272,0.02036962042185204,4.356742975961775
siren,yang_rms,13,29,0.41133878695845977,0.3079543292683472,0.015467902858981485,6.683805725485408
siren,yang_rms,13,30,0.37888237542886966,0.387068517983607,0.020200398530419595,-0.4052465867151028
siren,yang_rms,13,31,0.37550124006974905,0.37587030235824226,0.02404981265914687,-0.01534574483900769
siren,yang_rms,14,25,0.14218074774109937,0.09062246368575971,0.012270675364579639,4.201747868268693
siren,yang_rms,14,26,0.26276040640860604,0.11959285997090352,0.013040188443521476,10.97894766304776
siren,yang_rms,14,27,0.2550277080414935,0.1392346116998877,0.0073367561917794645,15.782601099835812
siren,yang_rms,14,28,0.2997385255951652,0.20217200091964044,0.009697020665404925,10.06149497273971
siren,yang_rms,14,29,0.41167190340003584,0.29333518098383615,0.006432521597698676,18.396630406734474
siren,yang_rms,14,30,0.3864454010550668,0.36743031513483215,0.01056424125070421,1.799948095559358
siren,yang_rms,14,31,0.37455658464052277,0.3594868521656908,0.01789964138796838,0.8419013626139679
siren,yang_rms,15,25,0.1630820967024741,0.08936392083617214,0.008617542422490137,8.5544314436923
siren,yang_rms,15,26,0.198697307173062,0.12174995589821902,0.011403207131137912,6.747869295886805
siren,yang_rms,15,27,0.22550301855682348,0.14015531442297763,0.008621639639361672,9.899242801125101
siren,yang_rms,15,28,0.26943372783770736,0.20493940346383832,0.006669146050561761,9.670552104408705
siren,yang_rms,15,29,0.3914333888677994,0.293665089011718,0.00898519018226918,10.881049579675153
siren,yang_rms,15,30,0.33619397029742315,0.3652230477268824,0.014195035011738607,-2.045016261351495
siren,yang_rms,15,31,0.29443126961679145,0.346959341121525,0.014385260069047182,-3.6515204627936058
siren,yang_rms,16,25,0.1299527127129477,0.08652455254934532,0.008610732117884594,5.043492187313732
siren,yang_rms,16,26,0.17894266681804777,0.1155270090609249,0.005391775632878838,11.761553535428414
siren,yang_rms,16,27,0.21889435745861507,0.13539672867730906,0.007028307595090472,11.88018988235975
siren,yang_rms,16,28,0.2563839549271148,0.19465637621436535,0.009600109202555062,6.429882974281241
siren,yang_rms,16,29,0.37661834459409427,0.2785701851680672,0.007493558100067977,13.084326312908368
siren,yang_rms,16,30,0.3114906347612163,0.341444447887475,0.01219816534719349,-2.455599860609398
siren,yang_rms,16,31,0.26611702648249475,0.31673105103481686,0.0218820038361539,-2.3130434000151565
siren,yang_rms,17,25,0.15422013887042235,0.0893268558215861,0.022450596593644397,2.89049258794339
siren,yang_rms,17,26,0.2025239825537347,0.11960990568166371,0.017307422737887018,4.7906657234740635
siren,yang_rms,17,27,0.24387974348869274,0.13860230120387745,0.010744671304536654,9.798107294391096
siren,yang_rms,17,28,0.2827655096236846,0.19788490029766753,0.008314916118321075,10.208233987952232
siren,yang_rms,17,29,0.39441281114716825,0.28374812049652864,0.01638983821505999,6.75203069112385
siren,yang_rms,17,30,0.33826855706895737,0.34635320987757573,0.016251433003091478,-0.4974732263352061
siren,yang_rms,17,31,0.30124746679206116,0.3175660708074717,0.02105130930340066,-0.7751823784554052
siren,yang_rms,18,25,0.1493702382151069,0.09204992807412218,0.018079419404863767,3.1704729481282055
siren,yang_rms,18,26,0.22586849105370774,0.11731398299310025,0.012808990406872988,8.474868401990513
siren,yang_rms,18,27,0.2312124489130406,0.13831337610544844,0.010350184391061057,8.975595921539766
siren,yang_rms,18,28,0.2764020198218012,0.19778113856260238,0.00788698963826157,9.968427101487636
siren,yang_rms,18,29,0.389590609419036,0.2831846018756673,0.016010913630518504,6.645842329731112
siren,yang_rms,18,30,0.34390573479801395,0.3420527683612852,0.011441996372710319,0.16194433002515057
siren,yang_rms,18,31,0.29080399619269287,0.3106035970055626,0.016927359793410646,-1.1696803904751396
siren,yang_rms,19,25,0.16877112421298898,0.08081308018719191,0.011061560719635391,7.951684780761781
siren,yang_rms,19,26,0.2244402900071225,0.1179861678970999,0.01393511288116747,7.639272320060603
siren,yang_rms,19,27,0.24430287166209455,0.13462382715501958,0.008095231069518514,13.548599609473339
siren,yang_rms,19,28,0.29890080773806144,0.18803171382830233,0.012786639698970927,8.670698206869933
siren,yang_rms,19,29,0.4026619030956674,0.274133774909613,0.00815964106808767,15.751688966899232
siren,yang_rms,19,30,0.36847601564959054,0.33583240986826035,0.018348923786616192,1.7790474341138534
siren,yang_rms,19,31,0.34558310272440257,0.30777592416740307,0.02111423885114897,1.7906010642170105
siren,yang_rms,20,25,0.14007104429602263,0.07870069274745331,0.007932416979331336,7.736652234555443
siren,yang_rms,20,26,0.25314734994732874,0.10560372836379665,0.011272709419927833,13.088567804533778
siren,yang_rms,20,27,0.2511500300867458,0.12960012506460042,0.009755477582124222,12.459657048966156
siren,yang_rms,20,28,0.3099263121565848,0.1847952921828353,0.008096188090227071,15.455547546479984
siren,yang_rms,20,29,0.4248400783544124,0.2627019158187268,0.01645831432039383,9.851444040947554
siren,yang_rms,20,30,0.3851527113252449,0.3216876159676926,0.018610041960015793,3.410260734172922
siren,yang_rms,20,31,0.3381583040682996,0.2966742740143354,0.024500136663857863,1.6932162715304637
siren,yang_rms,21,25,0.14008690053745088,0.09546338446478815,0.014670630096481311,3.041690491764596
siren,yang_rms,21,26,0.26301875106891187,0.12543221478496297,0.016425507043759027,8.3763950736745
siren,yang_rms,21,27,0.24823469068958087,0.1434406907600349,0.011483055862544231,9.125967963925536
siren,yang_rms,21,28,0.301184714067868,0.20110003685665373,0.007001971434884536,14.293785420572013
siren,yang_rms,21,29,0.4176785403611089,0.2911753539607245,0.009060085978893082,13.962691600840628
siren,yang_rms,21,30,0.3994776908973582,0.3576550448338694,0.013684650001077244,3.0561721388706724
siren,yang_rms,21,31,0.3983667473597535,0.3251442695784792,0.019049250443621227,3.8438508642629237
siren,yang_rms,22,25,0.15128252111107182,0.08657835969245094,0.012657735568798423,5.111827551376406
siren,yang_rms,22,26,0.24578715214555555,0.11363863986473936,0.017086150275287613,7.734247337853976
siren,yang_rms,22,27,0.23480690878726718,0.12721082776045223,0.007502241446108816,14.341857936686608
siren,yang_rms,22,28,0.3030336252350005,0.1868639921010077,0.010487171888602077,11.077308007152155
siren,yang_rms,22,29,0.42941124898603156,0.25748743593707174,0.00940818286076069,18.273859638295665
siren,yang_rms,22,30,0.3696771222043548,0.3148923282784975,0.010691422122719684,5.124182105712343
siren,yang_rms,22,31,0.3388316121003442,0.28027120873097344,0.00876341079519612,6.68237570256002
siren,yang_rms,23,25,0.17311893245201443,0.0962814869781504,0.014869290808736607,5.167525907067295
siren,yang_rms,23,26,0.26500701423892764,0.12353759034371312,0.01344167101537781,10.524690251187359
siren,yang_rms,23,27,0.2648187391545209,0.13921734372725209,0.003862604354813313,32.517282095111035
siren,yang_rms,23,28,0.3164581096317293,0.2018723142576392,0.009098257106000091,12.594257783562021
siren,yang_rms,23,29,0.43153032456400936,0.284593771616657,0.014854912635067458,9.891445110251576
siren,yang_rms,23,30,0.3945422671146867,0.3456120888806946,0.015813634660382842,3.0941765941118256
siren,yang_rms,23,31,0.373146669904195,0.3004510456966515,0.020454693063377334,3.5539826475176897
siren,yang_rms,24,25,0.166299130505967,0.10178668699409006,0.00798375286845049,8.080465988221114
siren,yang_rms,24,26,0.2364123935448802,0.1206082506518773,0.010224362629768873,11.326294565866812
siren,yang_rms,24,27,0.2339509366598426,0.14438368016342884,0.0086615485257611,10.340790244379932
siren,yang_rms,24,28,0.3024083020068984,0.2027157271000108,0.005611552466316139,17.765596152811806
siren,yang_rms,24,29,0.40101457307363114,0.2787533720781096,0.010831582487691616,11.287473564869412
siren,yang_rms,24,30,0.3772624619962035,0.3413031471242503,0.011912278384373103,3.01867650433067
siren,yang_rms,24,31,0.3710719560920565,0.3046675624839164,0.017241415788373873,3.8514466806674608
siren,yang_rms,25,25,0.1819364960795493,0.08965758465960688,0.009645028651374479,9.567510347083527
siren,yang_rms,25,26,0.24080785515609246,0.11582955856689521,0.008201328929611496,15.23878601405121
siren,yang_rms,25,27,0.24580238844154437,0.1302393331020472,0.014108771096399055,8.19086613213195
siren,yang_rms,25,28,0.29234746133845074,0.19786692214301563,0.011177538781676268,8.452714058153875
siren,yang_rms,25,29,0.4116840063700734,0.2689515639450039,0.01676925825483335,8.511553716690491
siren,yang_rms,25,30,0.3725118589229014,0.3293307307063169,0.015597702206999648,2.768428813649645
siren,yang_rms,25,31,0.3508892509637306,0.2907517328096859,0.0198700969016945,3.0265337130246306
siren,yang_rms,26,25,0.19887942331705932,0.15263128020140804,0.022891836259405482,2.020289792027911
siren,yang_rms,26,26,0.33638807702838575,0.20103530731908728,0.01707900109827411,7.925098718037807
siren,yang_rms,26,27,0.32326806668854496,0.23224895670346749,0.002016994354845646,45.126110425848395
siren,yang_rms,26,28,0.4011922472434415,0.3333298563267573,0.013480336358118843,5.034176382090977
siren,yang_rms,26,29,0.51681118732299,0.4697083910836902,0.005421350486012598,8.688387950719617
siren,yang_rms,26,30,0.5239989642119511,0.5701837346427057,0.01298385501945392,-3.5570922781835703
siren,yang_rms,26,31,0.5319630914987504,0.5102378711529227,0.01593830975452347,1.363081824888102
siren,yang_rms,27,25,0.18095498091453124,0.09038552536759657,0.015744171832830497,5.752570316723483
siren,yang_rms,27,26,0.2888017280152252,0.1153998390258129,0.01271539975552838,13.63715591513518
siren,yang_rms,27,27,0.3138638517657644,0.12943589750995016,0.011649800861140482,15.830996293764914
siren,yang_rms,27,28,0.3575891047086621,0.19218562992850124,0.009988510326358764,16.559373657919366
siren,yang_rms,27,29,0.48732917979353774,0.2719584594931426,0.0128957796815781,16.700868471571116
siren,yang_rms,27,30,0.4395440167627806,0.3272996471067369,0.018845757291152936,5.955949019291272
siren,yang_rms,27,31,0.40824975394024193,0.29368525137892354,0.023767444175822744,4.820228111773932
siren,yang_rms,28,25,0.1687793944341481,0.08852664387236502,0.0065500266659669045,12.252278449302512
siren,yang_rms,28,26,0.32038419954587005,0.11278771381009707,0.006028831594229229,34.43395001022809
siren,yang_rms,28,27,0.2953851233181652,0.14082011459881769,0.016649159367696006,9.283652423872317
siren,yang_rms,28,28,0.41052974246478235,0.2054147222462132,0.02260520542320441,9.073795896940492
siren,yang_rms,28,29,0.5090991809812241,0.283680414776706,0.017150864135162095,13.14328913272495
siren,yang_rms,28,30,0.4770499311094884,0.3551461893468818,0.023023841794915463,5.2946742271972855
siren,yang_rms,28,31,0.43615297499107913,0.3285130675526114,0.022391971225325068,4.807075998594006
siren,yang_rms,29,25,0.16332823869250856,0.09212619958788534,0.010576836700620174,6.731884127552833
siren,yang_rms,29,26,0.27790355282817103,0.1167535280131781,0.010538060741136489,15.292189784589674
siren,yang_rms,29,27,0.2720404030495895,0.14402265513827145,0.011951386219794151,10.711539695645698
siren,yang_rms,29,28,0.36469669039194147,0.20318731723164266,0.013199745735361037,12.235794264402264
siren,yang_rms,29,29,0.5704164910299164,0.305065744640474,0.012241800985855802,21.67579318566191
siren,yang_rms,29,30,0.44492437999813117,0.3759947501694768,0.017981299313389588,3.833406509023885
siren,yang_rms,29,31,0.38336884945578603,0.37038765700029763,0.0434199459513193,0.2989684158069287
siren,yang_rms,30,25,0.180219083162578,0.09609289091844385,0.012078410955221597,6.965004962657419
siren,yang_rms,30,26,0.3207424673535307,0.12844756232785914,0.017637224720722804,10.902787035407856
siren,yang_rms,30,27,0.32620660678717933,0.16519147461543532,0.013740755692287656,11.718069644606068
siren,yang_rms,30,28,0.4029994727481631,0.2228533117322556,0.008973868447890406,20.074526617142087
siren,yang_rms,30,29,0.5466072368618535,0.34007796933813095,0.024573768938377805,8.404460383819181
siren,yang_rms,30,30,0.5345675822152125,0.4613968059338521,0.018459667113359418,3.963818839853621
siren,yang_rms,30,31,0.4427548453670021,0.49309087889802916,0.0376442023553692,-1.3371523470159972
siren,yang_rms,31,25,0.18514452001533352,0.10275499873162446,0.011274610116291805,7.307527305503562
siren,yang_rms,31,26,0.4036336587169395,0.13518952854979732,0.012898436688866985,20.812144653068238
siren,yang_rms,31,27,0.3647255651173344,0.17022734142277846,0.019184019779814362,10.13855416783969
siren,yang_rms,31,28,0.4511013822587463,0.23829038431261038,0.015116114445262242,14.07841933962309
siren,yang_rms,31,29,0.5747431890283915,0.3773804887282787,0.01508752356446715,13.081185885596536
siren,yang_rms,31,30,0.6418093076771595,0.5431805995533405,0.020788023744227564,4.744496607148925
siren,yang_rms,31,31,0.6845659690849771,0.670418186289059,0.053382505995290395,0.26502657625639153
wang,zhao_topk,0,0,0.7660073434031296,0.2570232292304212,0.016869435306333117,30.17197107846436
wang,zhao_topk,0,1,0.738448263974796,0.19151681111976898,0.019987089120463403,27.36423746142512
wang,zhao_topk,0,2,0.7262158804533101,0.2234071961052308,0.03229564467110249,15.568931646005586
wang,zhao_topk,0,3,0.6632723835302062,0.15799441581031404,0.028440967857811916,17.76584996143536
wang,zhao_topk,0,4,0.652416881330677,0.1745417208659382,0.022179478094914683,21.545825308410034
wang,zhao_topk,0,5,0.6105513920941067,0.15582584343295552,0.02399107089748764,18.953949600839632
wang,zhao_topk,0,6,0.6267876897415661,0.14515819345598077,0.020925499704904815,23.016391631149155
wang,zhao_topk,0,7,0.5553596242719815,0.1452938924688433,0.018345453853422296,22.3524441030191
wang,zhao_topk,0,8,0.5654036801053385,0.14961480480817319,0.008703164393201747,47.77444806419469
wang,zhao_topk,0,9,0.48585081492691073,0.13490200771294444,0.022646098007972484,15.497098312054284
wang,zhao_topk,0,10,0.4564358007930945,0.13985003600660395,0.01937765190675108,16.337674260532754
wang,zhao_topk,0,11,0.5559981476530593,0.14470567878286075,0.013008571362282787,31.617035984651245
wang,zhao_topk,0,12,0.4942505293911143,0.1424581168884546,0.016253371434823926,21.644273245913837
wang,zhao_topk,0,13,0.5052583582233112,0.13205043389870802,0.01835501361122926,20.332751161583527
wang,zhao_topk,0,14,0.5340809415463389,0.1441370012548559,0.0180015490372237,21.661688085017285
wang,zhao_topk,0,15,0.5830326893782427,0.14098175690184359,0.015942687612777402,27.7275038696809
wang,zhao_topk,0,16,0.6334702539403877,0.15648187424562746,0.02400119258147783,19.87352828720941
wang,zhao_topk,0,17,0.535502532176357,0.14592552597434516,0.009955468814618815,39.13195987615862
wang,zhao_topk,0,18,0.6554829101802424,0.13532326012668866,0.013925103488183887,37.35409582377136
wang,zhao_topk,0,19,0.5740507018801668,0.1390592347294819,0.02284438983828462,19.041500789908966
wang,zhao_topk,0,20,0.5510057030034059,0.12961198112098815,0.014935804913342225,28.21366001546959
wang,zhao_topk,0,21,0.5877021117113277,0.13605983926867307,0.01638174369088639,27.569853427380597
wang,zhao_topk,0,22,0.540999777626394,0.11810220850356601,0.018143427907979258,23.30858155733861
wang,zhao_topk,0,23,0.4867394493510399,0.08698506858074648,0.012541940358000077,31.87340789061429
wang,zhao_topk,0,24,0.5883912012867759,0.0894453123446477,0.012683987033958215,39.3366760472338
wang,zhao_topk,0,25,0.5863503428699635,0.11142305199172009,0.020204579624800663,23.505922899543076
wang,zhao_topk,0,26,0.673873206553795,0.12678640264009083,0.0171997389277463,31.807855119891034
wang,zhao_topk,0,27,0.619789382723502,0.13813630311742925,0.013005255692047451,37.03526412791696
wang,zhao_topk,0,28,0.5830197591647652,0.17292341642373882,0.01783527101896029,22.99355823105025
wang,zhao_topk,0,29,0.6333016910938623,0.19208438312533388,0.0174919284241318,25.22405176091543
wang,zhao_topk,0,30,0.6665107407546735,0.20887543125094665,0.015934446459324438,28.719874937100823
wang,zhao_topk,0,31,0.6704698530603613,0.26661712611224087,0.03201280313177417,12.61535034235344
wang,zhao_topk,2,0,0.33522476122073525,0.24701913843153572,0.0273525279764768,3.224770407512477
wang,zhao_topk,2,1,0.34397348771495617,0.2079484054100149,0.01489421230697326,9.132747640588972
wang,zhao_topk,2,2,0.417299471306941,0.2645629580585532,0.026012611495504587,5.871633198949795
wang,zhao_topk,2,3,0.4025166426419847,0.19416816868165168,0.022302823766738554,9.341797977664816
wang,zhao_topk,2,4,0.39630250806582595,0.20520597234934773,0.022838317396621528,8.367364915628466
wang,zhao_topk,2,5,0.3724577814331447,0.18741965852358397,0.018985155284355536,9.746463494140546
wang,zhao_topk,2,6,0.3718775103862737,0.16645406458271633,0.013808183148932606,14.876935190379259
wang,zhao_topk,2,7,0.3903922601979532,0.18224881604065515,0.015149620763534164,13.739185119294136
wang,zhao_topk,2,8,0.3730658913586621,0.17880418955049224,0.00968915105942367,20.049403773020018
wang,zhao_topk,2,9,0.3399299129777689,0.1596231925852939,0.01419862715184584,12.698884086764327
wang,zhao_topk,2,10,0.34195892390941995,0.16246726930984506,0.015140238921660271,11.855272266726681
wang,zhao_topk,2,11,0.35623608083482744,0.1683686610094191,0.009975867583968087,18.832188603558084
wang,zhao_topk,2,12,0.3753656995325538,0.1789227851964757,0.010870337669410278,18.07146385975471
wang,zhao_topk,2,13,0.32150152605401405,0.16008269818510945,0.019477629658274844,8.287395884453922
wang,zhao_topk,2,14,0.3269179807955911,0.17166137410048976,0.013278936452706355,11.691945906063793
wang,zhao_topk,2,15,0.35203273182235156,0.17503343425947765,0.007858403357467741,22.52356993035662
wang,zhao_topk,2,16,0.3764626989367235,0.18589912365153144,0.012855677137652226,14.823301273416535
wang,zhao_topk,2,17,0.35818274316207943,0.17464593535558845,0.014167205596301035,12.955046537505691
wang,zhao_topk,2,18,0.3605871897058423,0.16005740304027438,0.01627946620434941,12.317958350009787
wang,zhao_topk,2,19,0.36294001816471483,0.16532551470204013,0.023788624536766455,8.307100864837816
wang,zhao_topk,2,20,0.3351874607083591,0.15056463545510526,0.013224292624560253,13.960884751625276
wang,zhao_topk,2,21,0.3563444368106142,0.16213055608826826,0.01278621890016351,15.189312981327287
wang,zhao_topk,2,22,0.32943876414088874,0.13522756967527255,0.012891616661877072,15.06492161219276
wang,zhao_topk,2,23,0.2907886376764854,0.09914964285363873,0.006560517651231046,29.210956362092347
wang,zhao_topk,2,24,0.32787400023799745,0.10343464879656794,0.012712697428621402,17.65473871313307
wang,zhao_topk,2,25,0.33904286990159066,0.12338568722979455,0.021136119149888364,10.203253546332093
wang,zhao_topk,2,26,0.33328271157287553,0.14280633514437424,0.011749929738814974,16.21085237635741
wang,zhao_topk,2,27,0.34406120425744624,0.15242890933744352,0.011665478573958905,16.42729817770079
wang,zhao_topk,2,28,0.36526782756351917,0.19288511786214607,0.012054330266756242,14.300480067049
wang,zhao_topk,2,29,0.3582010098911619,0.20435938352647914,0.017058189303307932,9.018637537036225
wang,zhao_topk,2,30,0.3561849570891809,0.21857685062555032,0.020073658251220438,6.855158374297036
wang,zhao_topk,2,31,0.3731441365142449,0.2495383756285471,0.030563358497885485,4.044246671852159
wang,zhao_topk,3,0,0.4629927502127379,0.2545895251134418,0.022659482507376115,9.19717495893636
wang,zhao_topk,3,1,0.4707082725793568,0.22197719877634464,0.010431724560335356,23.84371561618533
wang,zhao_topk,3,2,0.5087837842317813,0.27170053179093345,0.011350035259334937,20.888327394917702
wang,zhao_topk,3,3,0.5376252403854465,0.24284633167011319,0.02160339900082553,13.645024503045512
wang,zhao_topk,3,4,0.5278051086676486,0.256916350972005,0.00588029864183263,46.06717688937301
wang,zhao_topk,3,5,0.49334397591450135,0.24152847265943506,0.011890298222248677,21.178232753143117
wang,zhao_topk,3,6,0.4943330447312214,0.2242253505825472,0.015501505272890254,17.424610668039506
wang,zhao_topk,3,7,0.4876963199002284,0.22982817668777972,0.014558026481814618,17.71312502656652
wang,zhao_topk,3,8,0.4776359564146592,0.23657752149472183,0.01923670293154335,12.531172092108479
wang,zhao_topk,3,9,0.4444003775472671,0.2104375327384826,0.015055785511244946,15.539730200994233
wang,zhao_topk,3,10,0.4319575328363381,0.21037705461374517,0.010422624788399542,21.259565869550787
wang,zhao_topk,3,11,0.47180695807477785,0.2239710495420793,0.013297617641464204,18.63761729468778
wang,zhao_topk,3,12,0.49204702501192704,0.22516787370008765,0.01325983697706092,20.126880275642264
wang,zhao_topk,3,13,0.4233830567953791,0.20910376700211925,0.01835702934121491,11.67287396072105
wang,zhao_topk,3,14,0.44332842897101027,0.21856840826380725,0.00958507948323347,23.44894699103544
wang,zhao_topk,3,15,0.472094618975343,0.22564618355947275,0.01665567689574824,14.796662841051035
wang,zhao_topk,3,16,0.5056291985903385,0.24212689929310174,0.004802753173088999,54.86484310159944
wang,zhao_topk,3,17,0.4620495579274917,0.2354195489120147,0.008217641372633522,27.578474009610918
wang,zhao_topk,3,18,0.4769967715596368,0.22105338016287787,0.01367021355509258,18.722706149781548
wang,zhao_topk,3,19,0.47586853509626603,0.22486060449779388,0.016048721594422444,15.640369179667694
wang,zhao_topk,3,20,0.43287295933377523,0.20419035456381224,0.010636894013666616,21.49900191504629
wang,zhao_topk,3,21,0.4694884275237751,0.22388238477189654,0.005769820769575356,42.567360852346646
wang,zhao_topk,3,22,0.43385490850967645,0.1916501264568403,0.008480635943031568,28.559742887189113
wang,zhao_topk,3,23,0.38322225888521216,0.14230558448917055,0.008997347645505506,26.776410547656013
wang,zhao_topk,3,24,0.4283037835729498,0.14349432108480725,0.009952215240781138,28.61769521634544
wang,zhao_topk,3,25,0.43413840171142515,0.17515638299732322,0.02246386007903318,11.528829764917598
wang,zhao_topk,3,26,0.48257880917775275,0.19975723493492517,0.010122778351458694,27.939125447913515
wang,zhao_topk,3,27,0.4585521846723011,0.21225840405566615,0.012059876610465847,20.42257881833512
wang,zhao_topk,3,28,0.47877312611820466,0.25793743004586417,0.01120266405179018,19.712783945980334
wang,zhao_topk,3,29,0.47993370023035403,0.2664238754120717,0.010188777042207876,20.95539277518781
wang,zhao_topk,3,30,0.4719090617342688,0.28667190786411584,0.00856776028026997,21.620254046640547
wang,zhao_topk,3,31,0.5057973675333973,0.29913418738431724,0.02278479567665884,9.070223103242029
wang,zhao_topk,4,0,0.4750264518123403,0.23552224329204713,0.010886097600796304,22.000924234114322
wang,zhao_topk,4,1,0.48185773912505464,0.20629914551177947,0.007016797781265994,39.27127476139949
wang,zhao_topk,4,2,0.5102572181011129,0.2528624592416774,0.020961392906739974,12.279468258842295
wang,zhao_topk,4,3,0.5285083917270917,0.21730058728987772,0.008676095889051594,35.869567189768915
wang,zhao_topk,4,4,0.5863888908992712,0.2512792953138527,0.015249420314110999,21.97523503731653
wang,zhao_topk,4,5,0.5098954076792058,0.2399408550425755,0.00973488452551612,27.730637372128253
wang,zhao_topk,4,6,0.5006263135773725,0.21534593522291257,0.01606405566044312,17.75892616314494
wang,zhao_topk,4,7,0.48542436225891245,0.2277336231065362,0.006859762962271802,37.5655457148675
wang,zhao_topk,4,8,0.4983069262508208,0.23281895556185012,0.007853351499337911,33.80569056553155
wang,zhao_topk,4,9,0.4481961566389884,0.2112213152126043,0.01772021303224138,13.373137275224382
wang,zhao_topk,4,10,0.4272513429857107,0.21167588286754543,0.015219604091246418,14.164327720072158
wang,zhao_topk,4,11,0.47121800233465705,0.2203712838193641,0.015556240207534603,16.12515075421607
wang,zhao_topk,4,12,0.47890209454349514,0.22490858444773587,0.01346312725438224,18.865862685289894
wang,zhao_topk,4,13,0.42344079190381806,0.2044362625767553,0.009579868117562342,22.860912764088223
wang,zhao_topk,4,14,0.44893748706231296,0.21030452676922726,0.009363385944095125,25.48575501617296
wang,zhao_topk,4,15,0.4848292555442531,0.22237281223952698,0.009044616202242695,29.017974608988677
wang,zhao_topk,4,16,0.5184629252262667,0.2372018527481309,0.011240955249678386,25.021100629876003
wang,zhao_topk,4,17,0.4531111768728686,0.2307338100686595,0.011016017860237355,20.186728963728974
wang,zhao_topk,4,18,0.4919924572137187,0.20729078032414572,0.012397786674868377,22.96391157194964
wang,zhao_topk,4,19,0.46947252750974927,0.21550667019562386,0.02055551148903277,12.355122247851963
wang,zhao_topk,4,20,0.44468704706950474,0.19593241194505934,0.012831323462671709,19.386514247584113
wang,zhao_topk,4,21,0.47825804143544254,0.21407574097661702,0.005541358744462758,47.674643104962584
wang,zhao_topk,4,22,0.4401290771401143,0.1786778938181306,0.0054356506272452846,48.099335526000075
wang,zhao_topk,4,23,0.3805750764435446,0.13675384142294977,0.008463580066405718,28.808285986256397
wang,zhao_topk,4,24,0.42121173266649303,0.1362568309856812,0.00939239087098685,30.338910038448162
wang,zhao_topk,4,25,0.42363980061312717,0.16511799587010123,0.022636676650448398,11.420484054928842
wang,zhao_topk,4,26,0.48280363504381335,0.1909641302901353,0.00988280086689304,29.530039984042162
wang,zhao_topk,4,27,0.4649467212877162,0.20342301057502626,0.009082173459606158,28.795278121018264
wang,zhao_topk,4,28,0.4640020260864502,0.2461083750050629,0.004486773797063898,48.563547202663706
wang,zhao_topk,4,29,0.4760342806355348,0.2632820432739569,0.005718073289159111,37.20697979946054
wang,zhao_topk,4,30,0.4789870231860665,0.2808539236673129,0.013285010209959713,14.914034418296053
wang,zhao_topk,4,31,0.5018754855829239,0.3026409645744227,0.009188643228387758,21.682691998855525
wang,zhao_topk,5,0,0.300058754918905,0.23009890111863934,0.02196278951466124,3.1853810625268713
wang,zhao_topk,5,1,0.3133407727520137,0.194099216553815,0.011332560857022347,10.52203096039933
wang,zhao_topk,5,2,0.3619042115314991,0.24490422749761903,0.02346896797995183,4.985305878546783
wang,zhao_topk,5,3,0.39769362582947404,0.22206574353843989,0.00578262939685522,30.37163031518953
wang,zhao_topk,5,4,0.42815057866680667,0.25299625213487786,0.018641457119810353,9.395956839972106
wang,zhao_topk,5,5,0.44334876285759484,0.25378359436507913,0.016078654779776817,11.789864953810955
wang,zhao_topk,5,6,0.40241473929648713,0.23396396543169629,0.015959063475503465,10.555179138384664
wang,zhao_topk,5,7,0.4188221015116435,0.24105964533550903,0.007597106444033159,23.398705478945978
wang,zhao_topk,5,8,0.39009627655014684,0.24749679341056652,0.004978481314383204,28.643169298958654
wang,zhao_topk,5,9,0.3690654237911295,0.22965779740211917,0.01403659593896176,9.93172611046335
wang,zhao_topk,5,10,0.3834130428539969,0.21960545636724707,0.014054641581809356,11.65505256987576
wang,zhao_topk,5,11,0.38420432397771664,0.23811840472718598,0.016819561209609323,8.68547742892776
wang,zhao_topk,5,12,0.429296529573991,0.23458091551960272,0.011311080530011276,17.214590024158742
wang,zhao_topk,5,13,0.3289200609124965,0.2202972722554158,0.011988935731625487,9.060252810476396
wang,zhao_topk,5,14,0.3621546439733405,0.22837834332795554,0.019020761289764303,7.033172784591667
wang,zhao_topk,5,15,0.3776905593801328,0.23453780163895419,0.015697983682877722,9.119181203973334
wang,zhao_topk,5,16,0.4005946943760623,0.25021573375984,0.014438744284412632,10.41496113886885
wang,zhao_topk,5,17,0.379680371567604,0.24566270929652023,0.018090206521563103,7.408299187261231
wang,zhao_topk,5,18,0.37350399752397356,0.22692708417684343,0.010046561611664645,14.5897590651259
wang,zhao_topk,5,19,0.38251375532224197,0.2343004531181859,0.01884818644146167,7.863531203088109
wang,zhao_topk,5,20,0.35795225684672427,0.2144531867411011,0.018138938308889192,7.911106353743969
wang,zhao_topk,5,21,0.3757725247929906,0.23652371769554761,0.009149430774462277,15.21939566842909
wang,zhao_topk,5,22,0.3610663160447166,0.19994689328192317,0.004225415987127334,38.13102029566825
wang,zhao_topk,5,23,0.2980558375590508,0.1547287652541298,0.005076607691892779,28.232843860243705
wang,zhao_topk,5,24,0.3253409469671662,0.15267239529846918,0.012966403857528352,13.316610647480712
wang,zhao_topk,5,25,0.335317713111934,0.18313791841049862,0.021198574424066165,7.178774933500707
wang,zhao_topk,5,26,0.3465305128562238,0.21034970287362595,0.01218812194545966,11.173239863531903
wang,zhao_topk,5,27,0.33843833375268445,0.22989577789359847,0.008829385382953085,12.293330866341995
wang,zhao_topk,5,28,0.375056646547441,0.2709520647938153,0.0033549371269707452,31.030263105891425
wang,zhao_topk,5,29,0.3633421033090291,0.2867764963244127,0.009443027546270851,8.108163045108657
wang,zhao_topk,5,30,0.3527934116310323,0.3037316448902647,0.017114552224238817,2.866669609461525
wang,zhao_topk,5,31,0.37082558929216364,0.318719194879654,0.008279104948772887,6.293723142165597
wang,zhao_topk,6,0,0.3131265092296085,0.24026283774353682,0.0072557807566485276,10.042154515116259
wang,zhao_topk,6,1,0.32314333773238124,0.21215468249211247,0.010872876223158684,10.207846844045596
wang,zhao_topk,6,2,0.36925483306012163,0.2617022813018285,0.019601300282426994,5.487011076235408
wang,zhao_topk,6,3,0.39038317172224435,0.23752112312381385,0.015658108979589323,9.762484652373375
wang,zhao_topk,6,4,0.4020166232631225,0.26790884430486617,0.01214925400234405,11.038355024298765
wang,zhao_topk,6,5,0.3894852815625803,0.27330670543125324,0.017035636829086324,6.819737782444736
wang,zhao_topk,6,6,0.4303942989069131,0.25679345524496544,0.015899352982464587,10.918736369549894
wang,zhao_topk,6,7,0.4208743101490931,0.2656274582498391,0.012810624250192023,12.118601628404406
wang,zhao_topk,6,8,0.41534632609494004,0.27263916461112575,0.015189168874689782,9.395323908842174
wang,zhao_topk,6,9,0.36897043637409455,0.25127399812672685,0.01681529763766699,6.999366932627027
wang,zhao_topk,6,10,0.3846492273480441,0.24663996094717144,0.012998620244652875,10.617224274833651
wang,zhao_topk,6,11,0.40065926162049387,0.25900191640164405,0.009576358576888338,14.792401942918765
wang,zhao_topk,6,12,0.43614646013404557,0.26288212247885556,0.009624812869446662,18.00183962071681
wang,zhao_topk,6,13,0.35334878738440906,0.24078313715281352,0.014584099564156173,7.7183819087639725
wang,zhao_topk,6,14,0.3738036776220566,0.2506635952151413,0.004480868113074513,27.48130034169286
wang,zhao_topk,6,15,0.3708392391842296,0.2568491907008381,0.009766986232783529,11.670954147634246
wang,zhao_topk,6,16,0.4004326745599536,0.27145250528116927,0.012750194369296114,10.115937494206594
wang,zhao_topk,6,17,0.37836857987385325,0.264953770422954,0.006929033101240287,16.368057100289818
wang,zhao_topk,6,18,0.3730648014877226,0.24296685009932983,0.010827770172139562,12.01521174905816
wang,zhao_topk,6,19,0.3981881437598989,0.2452997820852723,0.01871036257183218,8.171320095356938
wang,zhao_topk,6,20,0.35983080666343786,0.22735136692141028,0.011276515306313477,11.748260534693303
wang,zhao_topk,6,21,0.3756557158639192,0.24451741487770756,0.009129377994952195,14.364428886471838
wang,zhao_topk,6,22,0.36922001488424794,0.2080487887639007,0.014296728716240487,11.273294004471348
wang,zhao_topk,6,23,0.3080608418099149,0.1602199399941115,0.008344271207149844,17.7176530035511
wang,zhao_topk,6,24,0.3399525373260614,0.15990681667495726,0.012673556416631938,14.206408582741938
wang,zhao_topk,6,25,0.3435825123103058,0.19127173534960043,0.019164261481713393,7.9476465662942894
wang,zhao_topk,6,26,0.3748441668855426,0.2158156600058007,0.012954347424139478,12.27607240048263
wang,zhao_topk,6,27,0.3677860577571617,0.23727965883224042,0.01285961674287672,10.148544978777243
wang,zhao_topk,6,28,0.40166788136017195,0.28379522150723785,0.012556098193396606,9.387682227184609
wang,zhao_topk,6,29,0.3934925504468652,0.2977624308889567,0.0052781650064268265,18.137007736845113
wang,zhao_topk,6,30,0.36933665120063836,0.3176496794834732,0.010565721866165934,4.891948924254731
wang,zhao_topk,6,31,0.40729057017318737,0.3382336300339167,0.010699839726756607,6.454016312654018
wang,zhao_topk,7,0,0.33767964518220484,0.24138169392837047,0.011613309323057359,8.292033612042173
wang,zhao_topk,7,1,0.34861560011018455,0.21737401381839305,0.011783020973526378,11.13819508483095
wang,zhao_topk,7,2,0.3946987868869408,0.263529948358587,0.016923120123439255,7.750866127025789
wang,zhao_topk,7,3,0.4151120999287162,0.235202417930146,0.013594326187855827,13.234174280685446
wang,zhao_topk,7,4,0.429767459547854,0.2694419061438643,0.012984293489418201,12.3476532269276
wang,zhao_topk,7,5,0.41028305083719374,0.27313153087420844,0.01882738595596219,7.284682020317995
wang,zhao_topk,7,6,0.4296473762566908,0.2557181413462968,0.008602329134283538,20.218853777312493
wang,zhao_topk,7,7,0.46001877976579425,0.27191320591388557,0.020788455645250704,9.048559309160753
wang,zhao_topk,7,8,0.43950804395519266,0.2808040420864316,0.016340479069101056,9.712322459924787
wang,zhao_topk,7,9,0.3942984606616924,0.2582677510155654,0.014745983562828784,9.224932949812105
wang,zhao_topk,7,10,0.41801988722979194,0.25891385041409776,0.016517775905597342,9.632412845713585
wang,zhao_topk,7,11,0.4351553628376502,0.26711412470470475,0.017678261512258528,9.505529602920609
wang,zhao_topk,7,12,0.4696535401536188,0.2771008757189556,0.020019221924858336,9.61838902417911
wang,zhao_topk,7,13,0.37199343986266203,0.25371779024132135,0.019472101806591542,6.074108013409366
wang,zhao_topk,7,14,0.39412645681827096,0.2571147509384051,0.008179293282069313,16.751044516306028
wang,zhao_topk,7,15,0.41455959056629627,0.26356799608629966,0.012022718684764582,12.558856148845605
wang,zhao_topk,7,16,0.4357777442803692,0.2790584422274903,0.016563442850540823,9.461758854546458
wang,zhao_topk,7,17,0.4108577233238977,0.27119977630681763,0.008714345096889663,16.026212579867533
wang,zhao_topk,7,18,0.40101867362141436,0.24947389432993586,0.019260966743948105,7.86797367474271
wang,zhao_topk,7,19,0.4143507241481815,0.2536231573728011,0.015203862172609097,10.571495910094688
wang,zhao_topk,7,20,0.37015492285675267,0.23299998903221,0.017112891086345797,8.014714353787783
wang,zhao_topk,7,21,0.4000296210432582,0.2500391529603979,0.014981075391359304,10.011996079358287
wang,zhao_topk,7,22,0.38455524013748454,0.20910814056371282,0.006682501634118713,26.25470357956892
wang,zhao_topk,7,23,0.32816096163977904,0.1599016948856348,0.0032962814190441716,51.04517647735753
wang,zhao_topk,7,24,0.36185486926926047,0.15982946043226676,0.010222804735916085,19.762229060994564
wang,zhao_topk,7,25,0.3538047692472329,0.19166159598844124,0.01631403972750559,9.938873262973432
wang,zhao_topk,7,26,0.3916286437611785,0.21755317964068394,0.007556723518134576,23.0358387074437
wang,zhao_topk,7,27,0.38404887392015685,0.23412875410271097,0.011772616661504936,12.734647201048086
wang,zhao_topk,7,28,0.4217921754045356,0.2846861982749022,0.014017877545043767,9.78079432418136
wang,zhao_topk,7,29,0.41718028851967204,0.30195008164495923,0.008503349812045069,13.55115447696721
wang,zhao_topk,7,30,0.39199817509196805,0.3210429274420076,0.016392253296306218,4.328584140775162
wang,zhao_topk,7,31,0.42018237174379214,0.33636496736669985,0.015177324861209355,5.52254136638501
wang,zhao_topk,8,0,0.3142938457441395,0.2510089864205114,0.010970259080354188,5.768766157670806
wang,zhao_topk,8,1,0.3269936413648214,0.22304510826651286,0.016293484104656725,6.379760917347306
wang,zhao_topk,8,2,0.36642275015357306,0.2760082596288991,0.017027488102224056,5.309913592766771
wang,zhao_topk,8,3,0.38447978430249774,0.24995568728378714,0.01391465990802593,9.667796260052144
wang,zhao_topk,8,4,0.404610500982771,0.2848563610546254,0.013911959610018402,8.60799939657007
wang,zhao_topk,8,5,0.38674248415733853,0.28971834873209756,0.018310783115003046,5.298743085747309
wang,zhao_topk,8,6,0.40625141797799585,0.2768183581615206,0.02008219030622731,6.445166480487897
wang,zhao_topk,8,7,0.43872187499843796,0.29427139828424387,0.011115603282861397,12.99528896797848
wang,zhao_topk,8,8,0.44240299586243825,0.31099677269110293,0.02321811883073613,5.659641253854721
wang,zhao_topk,8,9,0.38184569030760074,0.2880234772791086,0.024468420030214155,3.834420567925447
wang,zhao_topk,8,10,0.40872196759916263,0.2869191668434449,0.012088524518076873,10.075903024688989
wang,zhao_topk,8,11,0.4190181632567961,0.29936640990227276,0.02058514330111085,5.812529531823394
wang,zhao_topk,8,12,0.4720202053441276,0.29962574547071774,0.016601163222520116,10.3844807476834
wang,zhao_topk,8,13,0.3653549808190751,0.2758314726556418,0.011103696743631703,8.062495782296798
wang,zhao_topk,8,14,0.3898407528922515,0.2858334637607599,0.013385623779699632,7.770074136494629
wang,zhao_topk,8,15,0.3893844295793618,0.2907851498695355,0.021345172763709185,4.6192776606363966
wang,zhao_topk,8,16,0.42228478924590446,0.30461341251566487,0.014629235582255394,8.043576581196742
wang,zhao_topk,8,17,0.39424401951533994,0.30406357653274424,0.013948196362885442,6.4653838128172305
wang,zhao_topk,8,18,0.39301820127567694,0.2706752353262923,0.01148381952787539,10.653508238475357
wang,zhao_topk,8,19,0.4079971861595926,0.27330917656738984,0.024282609890278452,5.546685887587606
wang,zhao_topk,8,20,0.363901036066169,0.2516461732224528,0.017734840454253387,6.329623496375683
wang,zhao_topk,8,21,0.38874162913542804,0.26862862096566725,0.0077977221582741915,15.403601940639605
wang,zhao_topk,8,22,0.37315416146600394,0.2259898347897284,0.01194117406139505,12.32410866131222
wang,zhao_topk,8,23,0.32476010149778056,0.1763428519246959,0.004471822616791625,33.189431310575735
wang,zhao_topk,8,24,0.33267556744470705,0.17326958877134663,0.010646296504941562,14.972904295815065
wang,zhao_topk,8,25,0.3429361337623058,0.2096649468453949,0.02183111557667019,6.104643917479466
wang,zhao_topk,8,26,0.378609929659463,0.2390655982673302,0.00964139495920085,14.47345866263519
wang,zhao_topk,8,27,0.3825699432910607,0.25740423545805796,0.010646893453450068,11.756077806192703
wang,zhao_topk,8,28,0.42327925808919203,0.31093019805075983,0.007637152707589074,14.710856825841708
wang,zhao_topk,8,29,0.4071288114331545,0.3277693848149741,0.0021006842624918484,37.777893629785005
wang,zhao_topk,8,30,0.3871456752790701,0.3522558201499987,0.006385462272220699,5.463951338473362
wang,zhao_topk,8,31,0.42434392100166973,0.37075975595176675,0.01146470391855249,4.6738376699978845
wang,zhao_topk,9,0,0.23092032073241117,0.2498532698802615,0.014176133642704678,-1.3355509777938355
wang,zhao_topk,9,1,0.23695955236153812,0.21959557507452607,0.012303340083163531,1.4113222238547838
wang,zhao_topk,9,2,0.27877679368745006,0.2693851883706738,0.017456586261936746,0.537997817892619
wang,zhao_topk,9,3,0.30622535344117896,0.2488900520732673,0.012409741744270196,4.620184895820608
wang,zhao_topk,9,4,0.33489926194435865,0.28744563226167713,0.010976793969804187,4.323086487112779
wang,zhao_topk,9,5,0.31792374345577085,0.29653014805954747,0.014432927742094556,1.4822769003289324
wang,zhao_topk,9,6,0.33457591576027235,0.2799734034352267,0.016620166383662732,3.2853168292417787
wang,zhao_topk,9,7,0.376378554745833,0.29772423479255794,0.00561305421911594,14.012749010228367
wang,zhao_topk,9,8,0.3769768147631876,0.313945523007314,0.019793956505248064,3.184370529416989
wang,zhao_topk,9,9,0.38098424610431025,0.30084781789505666,0.02822458215364578,2.839242323341263
wang,zhao_topk,9,10,0.371804471333863,0.2940492907795725,0.014798079892155851,5.254410107321215
wang,zhao_topk,9,11,0.3830385489336144,0.3078654139237605,0.01735154552966426,4.3323596091966365
wang,zhao_topk,9,12,0.4406013684599439,0.30313162652544934,0.00863438504595561,15.921196611319308
wang,zhao_topk,9,13,0.33749202130358313,0.28223640119521604,0.018430533820094776,2.9980477314293523
wang,zhao_topk,9,14,0.3293669875617017,0.2852772023728574,0.007287044958873755,6.050434083730223
wang,zhao_topk,9,15,0.35062356915092907,0.29512024889840627,0.015410183527314693,3.6017299958915254
wang,zhao_topk,9,16,0.3792582822981371,0.3126215356295662,0.014071746243339086,4.735499455166315
wang,zhao_topk,9,17,0.3626347885067426,0.30933393407148496,0.008359502013381627,6.376080100218325
wang,zhao_topk,9,18,0.33303323387229433,0.2783627471906596,0.017195726781129815,3.1793065438576757
wang,zhao_topk,9,19,0.36551787350825027,0.28213896155567497,0.023125085563412386,3.6055612302033673
wang,zhao_topk,9,20,0.3320812751588771,0.26336675262946796,0.02062028390701211,3.332375191305787
wang,zhao_topk,9,21,0.3455745575360052,0.28602189914398884,0.007616078858316049,7.819333215935702
wang,zhao_topk,9,22,0.33639747067343895,0.23798323653199124,0.007793949940389445,12.627003623855733
wang,zhao_topk,9,23,0.2845354201833583,0.1821351215348578,0.0050339290632830215,20.342022575446705
wang,zhao_topk,9,24,0.2876739070711313,0.18438136620392204,0.01139011321208517,9.068614064135334
wang,zhao_topk,9,25,0.29546770449569226,0.22126028049606003,0.025765267341886517,2.8801340585740185
wang,zhao_topk,9,26,0.32858881744749,0.2541445955914004,0.0077417146040746655,9.61598633678742
wang,zhao_topk,9,27,0.3340501691486693,0.2705421289540714,0.011300699702691267,5.619832564834319
wang,zhao_topk,9,28,0.37826837459703233,0.32438846695301526,0.009948303108601246,5.415989747782494
wang,zhao_topk,9,29,0.3570431016071499,0.3418748957133031,0.0033547598132572334,4.521398472077072
wang,zhao_topk,9,30,0.3397629088015572,0.3639434580355029,0.00997955521352534,-2.423008712970862
wang,zhao_topk,9,31,0.37478565589102886,0.37701058279510963,0.005121360204489311,-0.43444062031224273
wang,zhao_topk,10,0,0.2903429517283809,0.23582953705888002,0.00832074567791214,6.551505932239902
wang,zhao_topk,10,1,0.311769324617189,0.2076538995015838,0.006543592897355162,15.911048677506713
wang,zhao_topk,10,2,0.34868681798791507,0.2604326757213845,0.013169161177096543,6.7015765909236364
wang,zhao_topk,10,3,0.3682170075253953,0.23789724575664914,0.011801532084283216,11.042613860474994
wang,zhao_topk,10,4,0.38883162374665425,0.2783573310816655,0.00674538106442172,16.377768966631347
wang,zhao_topk,10,5,0.36778438723275597,0.28408057010458365,0.015762501236378006,5.310313120546739
wang,zhao_topk,10,6,0.3787082637888103,0.2726800398192203,0.01611576196885002,6.579162944608563
wang,zhao_topk,10,7,0.40443311449220604,0.2863135316605733,0.00995503285455625,11.86531320964666
wang,zhao_topk,10,8,0.41283387875010635,0.3037445023745198,0.01718748253069254,6.347024712943288
wang,zhao_topk,10,9,0.36851766086800947,0.2875447128583505,0.020142834351236004,4.019938137687674
wang,zhao_topk,10,10,0.43872635075262306,0.29110830398047755,0.017653257765056107,8.36208527268827
wang,zhao_topk,10,11,0.4245027166943995,0.305331140906702,0.015004251558295451,7.942520513248174
wang,zhao_topk,10,12,0.48526793409644087,0.3125252056693971,0.01380508267989487,12.512980358938295
wang,zhao_topk,10,13,0.35760122550187684,0.2814104114975495,0.020879777889624883,3.6490241614201473
wang,zhao_topk,10,14,0.3749478034505424,0.29065964257944404,0.016945116886930067,4.974185863309721
wang,zhao_topk,10,15,0.385711633325301,0.2884794918193006,0.014147265708480957,6.872857519577934
wang,zhao_topk,10,16,0.4026396359080285,0.3044823158127244,0.015823843040820434,6.2031277637227396
wang,zhao_topk,10,17,0.3893082427352149,0.29738807192397626,0.016247931915190295,5.657345888143579
wang,zhao_topk,10,18,0.3724830773252129,0.2689299081586151,0.014312481811349163,7.235165118916324
wang,zhao_topk,10,19,0.39935861609835543,0.26956598226929857,0.018562704316041786,6.992118800108818
wang,zhao_topk,10,20,0.3628644017587008,0.25407787479335187,0.016539959872335225,6.577194128947408
wang,zhao_topk,10,21,0.3909350509206654,0.2680392944301385,0.013201150499778156,9.309473177553132
wang,zhao_topk,10,22,0.37209251836819685,0.22515547666756214,0.007954389283809801,18.472447909949203
wang,zhao_topk,10,23,0.3229727724571113,0.16810181644125524,0.008859668991482574,17.48044494266597
wang,zhao_topk,10,24,0.3302767694139392,0.17483415136984692,0.013880642157080304,11.198517783617335
wang,zhao_topk,10,25,0.3313476132185832,0.202096033895804,0.02393523069060588,5.400055716760146
wang,zhao_topk,10,26,0.38423690266905214,0.23632241378693125,0.01168760711528504,12.65566915649299
wang,zhao_topk,10,27,0.3669983053336298,0.25577733669141817,0.01665146682631696,6.679349621405813
wang,zhao_topk,10,28,0.4021853842105478,0.307904322202429,0.008427479015054345,11.18733868570906
wang,zhao_topk,10,29,0.4078224767597109,0.3247384843779869,0.006067174525412794,13.694017212414238
wang,zhao_topk,10,30,0.39512112786688164,0.35147602475813977,0.013652387615027479,3.1968842622590614
wang,zhao_topk,10,31,0.40511679814120793,0.36782136736973703,0.006445501147957159,5.786273233896071
wang,zhao_topk,11,0,0.2931982335113087,0.2632438956183595,0.008092860417420905,3.701328868649299
wang,zhao_topk,11,1,0.3071667670168929,0.22727159301910532,0.011995527743411533,6.660413422966695
wang,zhao_topk,11,2,0.34381896129313405,0.28587692744035537,0.013505189086266226,4.29035339547385
wang,zhao_topk,11,3,0.362415302153206,0.25247252708447104,0.013996987315920358,7.854745638276359
wang,zhao_topk,11,4,0.3889749579282665,0.2925213977421723,0.015265382318488034,6.318450345608342
wang,zhao_topk,11,5,0.3647651131553984,0.2897218961629243,0.013548048652865064,5.539042478756109
wang,zhao_topk,11,6,0.3822583290322092,0.2840990725646301,0.015314881195736098,6.409403717405799
wang,zhao_topk,11,7,0.40750663177059443,0.2973903511777165,0.013402340781008075,8.21619763235086
wang,zhao_topk,11,8,0.4205835863014589,0.32366098670489274,0.019919379225381305,4.865743982275675
wang,zhao_topk,11,9,0.3702745718315599,0.29394927521783665,0.026338478819055322,2.897862748189676
wang,zhao_topk,11,10,0.4135945256942861,0.3015868617860075,0.016214779569984357,6.907751254023779
wang,zhao_topk,11,11,0.45150383974250696,0.34154435610170203,0.02453460531066505,4.481811802083736
wang,zhao_topk,11,12,0.4938911539133825,0.329693529997224,0.008707521011317155,18.856988539304243
wang,zhao_topk,11,13,0.3665951739086,0.30417024354138467,0.012858436773441468,4.8547837864826064
wang,zhao_topk,11,14,0.37913001887339115,0.3069578383586945,0.015415152230201073,4.681898656394601
wang,zhao_topk,11,15,0.396800199667952,0.3005680783037784,0.01915587280638222,5.023635432164262
wang,zhao_topk,11,16,0.4061818461838318,0.32000199041318983,0.016295368915996193,5.288610292587137
wang,zhao_topk,11,17,0.3872251967028655,0.3083539181582092,0.018623334591771873,4.235078210939896
wang,zhao_topk,11,18,0.39044883801261027,0.2781645976604503,0.013872323854564536,8.094119019230801
wang,zhao_topk,11,19,0.397729673690377,0.2845627921568248,0.027196016811578093,4.161156478082995
wang,zhao_topk,11,20,0.3726441192150355,0.26482046502497336,0.02222895375940467,4.850595100295437
wang,zhao_topk,11,21,0.40193237296571727,0.2784269117974229,0.008046313346441177,15.349322832787749
wang,zhao_topk,11,22,0.37348107080944676,0.23389647387868875,0.013103418986850196,10.65253252382731
wang,zhao_topk,11,23,0.3388377083437428,0.17227029458855733,0.009600068680450154,17.350648135923027
wang,zhao_topk,11,24,0.3343894122525533,0.17500709533695868,0.010974238517010064,14.523314457632036
wang,zhao_topk,11,25,0.3562501948564089,0.2137089387821772,0.026094213139324685,5.462561960123572
wang,zhao_topk,11,26,0.3832755479370381,0.24530285685668854,0.014620236200355267,9.437104106224828
wang,zhao_topk,11,27,0.38460358914768694,0.2660751298222953,0.016241247496104186,7.297989846766589
wang,zhao_topk,11,28,0.4022993998603357,0.32356811665217633,0.009205312534854808,8.552809359818347
wang,zhao_topk,11,29,0.41797537893242703,0.34328224993016077,0.010814925654981378,6.9064856648240065
wang,zhao_topk,11,30,0.4047508321242064,0.3736310394776292,0.011934049234505889,2.6076474158157503
wang,zhao_topk,11,31,0.40110308013808316,0.4071475522572003,0.013743112935787448,-0.43981826732844165
wang,zhao_topk,12,0,0.2608977276049514,0.262536055875546,0.0097834407287602,-0.16745931375435852
wang,zhao_topk,12,1,0.2703638627035021,0.22897461609217867,0.008171923768157755,5.064810659712511
wang,zhao_topk,12,2,0.2982305528563457,0.28662189592221815,0.013200308663454651,0.8794231430562206
wang,zhao_topk,12,3,0.32478071278089077,0.25187843541463417,0.012186262168577303,5.982332921922329
wang,zhao_topk,12,4,0.34006649496675334,0.292382729307601,0.01876655702869135,2.5408904566911636
wang,zhao_topk,12,5,0.32598582098360634,0.2926819397536236,0.01697726558044284,1.961675222207016
wang,zhao_topk,12,6,0.326949619654346,0.28031534724319607,0.015215529468159223,3.0649128910524692
wang,zhao_topk,12,7,0.3735788361985771,0.30126375806084876,0.015550491658823058,4.650340305909115
wang,zhao_topk,12,8,0.3649181096853259,0.3210506288067173,0.023004176175199245,1.9069355296410062
wang,zhao_topk,12,9,0.35505452489095374,0.29531644861162054,0.022592986843152977,2.6440982192417555
wang,zhao_topk,12,10,0.3901509095834785,0.30499521004729646,0.01527621800143872,5.574396720979108
wang,zhao_topk,12,11,0.3978771267067226,0.33688279252745723,0.014735565377803603,4.139259852977343
wang,zhao_topk,12,12,0.5172293147847654,0.34623030803919336,0.009240079118533572,18.506227549782075
wang,zhao_topk,12,13,0.3569109022985129,0.3141218143729624,0.018197929313319986,2.3513163057640316
wang,zhao_topk,12,14,0.3513836921580816,0.3212838517460734,0.011518493522955553,2.6131750955123874
wang,zhao_topk,12,15,0.375277512935996,0.30605501183727857,0.019372432360984477,3.5732477888594696
wang,zhao_topk,12,16,0.3933947092044947,0.3264448288137867,0.011694448181802422,5.724928560108362
wang,zhao_topk,12,17,0.3689098736874156,0.3141445243068108,0.010053573151595397,5.447351757908495
wang,zhao_topk,12,18,0.38295645461562045,0.2822244164823079,0.01197921929275156,8.40889841579776
wang,zhao_topk,12,19,0.3715150170119499,0.28537611250945666,0.023784041272897287,3.621710184326471
wang,zhao_topk,12,20,0.3439101803626636,0.2661287747033677,0.02128755462317643,3.6538440904157587
wang,zhao_topk,12,21,0.368034755745012,0.2798022315881738,0.01399546846730703,6.304363756236282
wang,zhao_topk,12,22,0.3446402282341893,0.23142295108778507,0.01134131900236665,9.982725741404385
wang,zhao_topk,12,23,0.3176779618022974,0.17329675492937108,0.007948389959649199,18.164836854494062
wang,zhao_topk,12,24,0.2930072295522658,0.17669357587847195,0.015516231899334366,7.496256464095747
wang,zhao_topk,12,25,0.3298875325780083,0.21438070294982584,0.018183467902516577,6.3522992559739615
wang,zhao_topk,12,26,0.35634006600516765,0.2518087490828564,0.013565006403881768,7.705954115318261
wang,zhao_topk,12,27,0.36298242266127084,0.2614540514802611,0.009378043374083647,10.826178460806103
wang,zhao_topk,12,28,0.3679534584494789,0.32322518163468333,0.016005783309637683,2.794507207145745
wang,zhao_topk,12,29,0.40424560010231997,0.3482612995243882,0.015161171425706603,3.692610485427747
wang,zhao_topk,12,30,0.39535719097739147,0.3734750095270339,0.011796130292633942,1.8550304979270913
wang,zhao_topk,12,31,0.38168071802896686,0.4124666518730552,0.014884980684560902,-2.0682548735867914
wang,zhao_topk,13,0,0.20222102702899025,0.2514201251888213,0.008242621124091437,-5.9688656580408
wang,zhao_topk,13,1,0.20781601295484112,0.22386636358910517,0.011487109081559551,-1.3972489092168494
wang,zhao_topk,13,2,0.24591799602644537,0.27816974844945425,0.01448812529492301,-2.226081826770967
wang,zhao_topk,13,3,0.2749036280103979,0.2504608608008819,0.015973003638244245,1.53025490778657
wang,zhao_topk,13,4,0.29276434379327393,0.2863920757147138,0.016908536771618396,0.3768669143066362
wang,zhao_topk,13,5,0.2866694429088864,0.28928184152799313,0.010696795961083645,-0.24422253435617328
wang,zhao_topk,13,6,0.29809369808088854,0.27607336018920037,0.00991402376482795,2.221130230674842
wang,zhao_topk,13,7,0.3489356117028096,0.2963303448536907,0.014663743076836398,3.58743784403976
wang,zhao_topk,13,8,0.33139001801593165,0.3087592619086526,0.016860968765133655,1.3421978548514117
wang,zhao_topk,13,9,0.3142389882725996,0.29163525284412994,0.024567898286058147,0.9200516529855909
wang,zhao_topk,13,10,0.35368097543817795,0.29875505241158995,0.011850175248745992,4.635030442473867
wang,zhao_topk,13,11,0.35451202140300664,0.32342964314047695,0.016443388814130322,1.8902659673059377
wang,zhao_topk,13,12,0.4473149908320596,0.32916654524491573,0.011157771344915138,10.588892883253692
wang,zhao_topk,13,13,0.33966576080066785,0.30900205589733093,0.00904338161019905,3.390734376259722
wang,zhao_topk,13,14,0.3180115080778693,0.3099438975743284,0.004650139360871973,1.734918005130094
wang,zhao_topk,13,15,0.33147963276015613,0.30909745830143326,0.018614569202076138,1.2024008837242668
wang,zhao_topk,13,16,0.35747591738922513,0.32829229194213827,0.01827212683684371,1.5971663128039002
wang,zhao_topk,13,17,0.33890851913621217,0.31894609570294713,0.018988913345574156,1.0512672879155451
wang,zhao_topk,13,18,0.33448512248344425,0.28503909609249617,0.017659253138071266,2.8000066596445286
wang,zhao_topk,13,19,0.35205203160049087,0.29029775064024405,0.026962062611433957,2.290413825167008
wang,zhao_topk,13,20,0.319562251949741,0.2684656024347488,0.01892292853639807,2.7002506201251193
wang,zhao_topk,13,21,0.34489233186923196,0.2889835058224458,0.010633718141520875,5.257693057377751
wang,zhao_topk,13,22,0.33265697181519355,0.2399950369341401,0.01410129447953831,6.571165151930598
wang,zhao_topk,13,23,0.2798004320956758,0.1793003302573315,0.006839102261554957,14.694926029004034
wang,zhao_topk,13,24,0.2830481575199305,0.1795963128798869,0.008609522212275851,12.015979759310829
wang,zhao_topk,13,25,0.2982619830117951,0.21618078862145768,0.0227056212695742,3.61501644970742
wang,zhao_topk,13,26,0.31715561717081636,0.2518681754270572,0.011787099199910193,5.538889648460462
wang,zhao_topk,13,27,0.3347997787080349,0.2634672064930246,0.017190655552453117,4.149496916935848
wang,zhao_topk,13,28,0.3698392947669677,0.3268035487652358,0.011997274812296487,3.5871267996314313
wang,zhao_topk,13,29,0.3655658437760975,0.346046693855795,0.008826857673821825,2.2113362015784235
wang,zhao_topk,13,30,0.34773628244510746,0.3742671418600129,0.01772570526447895,-1.496744926029624
wang,zhao_topk,13,31,0.3596947391983221,0.3865040657572195,0.011684193171507283,-2.2944953207615395
wang,zhao_topk,14,0,0.2566432294664801,0.2508030222743388,0.013010258366990352,0.4488924837157018
wang,zhao_topk,14,1,0.2680091318928156,0.21867466152046622,0.01261695560456206,3.910172304522571
wang,zhao_topk,14,2,0.3058232798917463,0.27211214912921083,0.01928126669685831,1.7483877637576763
wang,zhao_topk,14,3,0.32525033427000305,0.24309505246194432,0.011348715362365399,7.239170177842508
wang,zhao_topk,14,4,0.35312386342143953,0.27734042758093086,0.01914124451054625,3.9591697289460086
wang,zhao_topk,14,5,0.3267090913856448,0.27775007970972676,0.011181798286755067,4.378455988953976
wang,zhao_topk,14,6,0.33670097427308693,0.26524085598348446,0.014816184577826387,4.823112044415827
wang,zhao_topk,14,7,0.36040158926185184,0.2800233184230663,0.016892278838519348,4.7582846344863485
wang,zhao_topk,14,8,0.36299155547743905,0.2978172834822524,0.016087413323653342,4.051258625857574
wang,zhao_topk,14,9,0.33908573042823165,0.2783695812217953,0.023554064603020085,2.5777355301407887
wang,zhao_topk,14,10,0.3525846177685453,0.28408290376419537,0.01857983098173916,3.6868857457140263
wang,zhao_topk,14,11,0.38707082531587494,0.30620313688106415,0.0211717684877918,3.819600071738987
wang,zhao_topk,14,12,0.4604279777139307,0.3142323108003896,0.013375699695672939,10.929945366584121
wang,zhao_topk,14,13,0.34484451810506367,0.2874457892622718,0.010958607184041456,5.237775921595139
wang,zhao_topk,14,14,0.3728798256863304,0.29982194715060306,0.012145569031149548,6.015187789749244
wang,zhao_topk,14,15,0.36748684651433466,0.2946546329826627,0.005625504778304836,12.94678724877359
wang,zhao_topk,14,16,0.3862739633198929,0.3167980524491741,0.014868872476202302,4.672574264250051
wang,zhao_topk,14,17,0.3756169400328768,0.3018012047804456,0.012262434306005396,6.019664074064052
wang,zhao_topk,14,18,0.37016177739537437,0.27238880833409546,0.012419717744373455,7.872398638493481
wang,zhao_topk,14,19,0.3672810221972868,0.27836683442594756,0.018986609295632173,4.682994545623992
wang,zhao_topk,14,20,0.343405779199945,0.2610210390387101,0.013710680563040856,6.008800203785291
wang,zhao_topk,14,21,0.3793892791694127,0.2747812300341215,0.008058117854880743,12.981697589832448
wang,zhao_topk,14,22,0.3420692043674985,0.22642718846156007,0.006923968524800176,16.701695782084137
wang,zhao_topk,14,23,0.32922141939376387,0.16981414059793992,0.007279111155981026,21.899277999738167
wang,zhao_topk,14,24,0.2999300912297821,0.17492112889048678,0.010075154215206383,12.407647532642217
wang,zhao_topk,14,25,0.3227841866802449,0.21314969250310986,0.02486534123263014,4.409128881499705
wang,zhao_topk,14,26,0.35430752882994065,0.24351053444679108,0.009441466793071724,11.735146329641694
wang,zhao_topk,14,27,0.3476238718214855,0.2546898918089432,0.012421820844588413,7.481510253227422
wang,zhao_topk,14,28,0.3760542482139012,0.3162179217688993,0.009264039582064593,6.458988642583794
wang,zhao_topk,14,29,0.39379440448813013,0.3371597596183858,0.007099861957876398,7.976865635664279
wang,zhao_topk,14,30,0.3801063273017181,0.3607067810347737,0.011541024327926941,1.6809206631686433
wang,zhao_topk,14,31,0.38377369866951394,0.3885200928012188,0.014798372012606115,-0.32073758705765754
wang,zhao_topk,15,0,0.2565166527218557,0.23085642376379228,0.007618342976373219,3.3682165580682737
wang,zhao_topk,15,1,0.25807533162784135,0.2056550511216353,0.008235838868215594,6.364898748627852
wang,zhao_topk,15,2,0.2968082966401984,0.25104920835059874,0.011626841828516567,3.9356421085361872
wang,zhao_topk,15,3,0.31611447324584535,0.23305366491864582,0.009116682318894807,9.110859128550702
wang,zhao_topk,15,4,0.3336957124347465,0.26896353888667923,0.014020195647641622,4.617066350208605
wang,zhao_topk,15,5,0.31679729912086935,0.2715014399713389,0.014088020453775493,3.2152039598573596
wang,zhao_topk,15,6,0.3336814554792249,0.2573246041233537,0.010249858358624341,7.4495518556725955
wang,zhao_topk,15,7,0.35152845707538627,0.26791649754658187,0.011689136129952635,7.152963110298144
wang,zhao_topk,15,8,0.3410829919807496,0.2885744804380189,0.012057316117281393,4.354908756806316
wang,zhao_topk,15,9,0.3355274212862465,0.2676542543677917,0.019224826574678004,3.5304956668818015
wang,zhao_topk,15,10,0.33477449115262864,0.2648634453613208,0.008724888772630921,8.012829459856453
wang,zhao_topk,15,11,0.35901550467681864,0.28061166398001197,0.016122328411773267,4.863059397769901
wang,zhao_topk,15,12,0.41988038497408253,0.28202101918740285,0.006286108608665233,21.930796040756313
wang,zhao_topk,15,13,0.32007760592322504,0.2698782277301519,0.005224849111865241,9.607813951808502
wang,zhao_topk,15,14,0.3294245673147597,0.27899263509612615,0.016531195804848842,3.0507128954241254
wang,zhao_topk,15,15,0.38210135016718244,0.29722291973696435,0.016232387055251943,5.228955552951525
wang,zhao_topk,15,16,0.37893993587489405,0.313306276478841,0.016649789865728737,3.942011276139331
wang,zhao_topk,15,17,0.36146613591330035,0.30528473934570916,0.01525635078437461,3.682492449317013
wang,zhao_topk,15,18,0.3622602097441427,0.273712454048584,0.010813852474148697,8.188363574150706
wang,zhao_topk,15,19,0.3672436454470812,0.2812454688334158,0.020557107592205134,4.1833792146067434
wang,zhao_topk,15,20,0.3360156672481696,0.2649704054134739,0.016722527041221076,4.248476421031879
wang,zhao_topk,15,21,0.35314105732934176,0.27831837010865523,0.01119161363306953,6.685603137656287
wang,zhao_topk,15,22,0.3299443969003855,0.2349171898758878,0.012321935385880431,7.712035816499114
wang,zhao_topk,15,23,0.30144872433040326,0.18258355060157802,0.005675877970554733,20.94216513206818
wang,zhao_topk,15,24,0.29583937761861284,0.18245923554129728,0.00935601647138456,12.118420529088368
wang,zhao_topk,15,25,0.3165725661198573,0.21583015669016095,0.01934736759452005,5.207034442154841
wang,zhao_topk,15,26,0.34205799062666664,0.2511186981514215,0.006683817489847267,13.605891036579337
wang,zhao_topk,15,27,0.3470272354824972,0.26765562407944454,0.011411785039946772,6.955231905018679
wang,zhao_topk,15,28,0.38070380345784327,0.3190306183401307,0.008721131128594066,7.071695656026091
wang,zhao_topk,15,29,0.3870744881306477,0.33654576586727003,0.010053350177257826,5.026058117191737
wang,zhao_topk,15,30,0.371679255900604,0.35949869214451763,0.010007011153754566,1.2172029758871932
wang,zhao_topk,15,31,0.3884537964015711,0.3588701004801108,0.02203291644620325,1.342704493692129
wang,zhao_topk,16,0,0.2638973887881315,0.22604557337883396,0.013495092256261778,2.8048578468764567
wang,zhao_topk,16,1,0.26373247331250466,0.2009544518435986,0.010348379715020607,6.066459020418834
wang,zhao_topk,16,2,0.30234504191901285,0.2386266027933163,0.006148242960310848,10.363682687399038
wang,zhao_topk,16,3,0.31139301282930115,0.21991371191502215,0.013126262553868217,6.969181100778812
wang,zhao_topk,16,4,0.32117282393252666,0.249201201737466,0.00841188062554377,8.555949067621036
wang,zhao_topk,16,5,0.317382486235753,0.24934606835689435,0.01366566176224721,4.978640556348044
wang,zhao_topk,16,6,0.3217476388660217,0.23220413051244954,0.013521080782322786,6.622511158326907
wang,zhao_topk,16,7,0.33327944657537123,0.2453942822621235,0.014679822050521494,5.986800385644024
wang,zhao_topk,16,8,0.32706204771073444,0.25962823672073854,0.023616514602192464,2.85536676880066
wang,zhao_topk,16,9,0.30915196037239157,0.24305693175510049,0.023374637425228925,2.8276386672827187
wang,zhao_topk,16,10,0.33072082576553347,0.24614678245055646,0.00517104101614193,16.355322468139498
wang,zhao_topk,16,11,0.3581497156711108,0.255813546835477,0.021373332409195547,4.788030564274817
wang,zhao_topk,16,12,0.41260367896816885,0.26112171723636746,0.01354583935352977,11.182914382660849
wang,zhao_topk,16,13,0.3348309063764949,0.24854300045603522,0.0049217898806953216,17.53181424077157
wang,zhao_topk,16,14,0.32032640137314694,0.255474914988164,0.010099907754066073,6.42099789068615
wang,zhao_topk,16,15,0.3580899552657142,0.27074071904819486,0.020007688811636743,4.365783426555287
wang,zhao_topk,16,16,0.4025105726925243,0.28979116451717435,0.01548446593489927,7.279515396220428
wang,zhao_topk,16,17,0.36397910504529635,0.27632563150583117,0.00780358475604746,11.232462551462302
wang,zhao_topk,16,18,0.37041778825125105,0.2619587969287099,0.017335328471461468,6.256529347055253
wang,zhao_topk,16,19,0.3679829022127793,0.2603405994759706,0.020133438554389798,5.346444048591932
wang,zhao_topk,16,20,0.343805644174236,0.24129853867790824,0.013255760950949637,7.733023089027883
wang,zhao_topk,16,21,0.3711812156800551,0.25975644688893246,0.006950981381851268,16.030077289812372
wang,zhao_topk,16,22,0.3310570285264602,0.22187946068331316,0.011197488554532871,9.750183472967311
wang,zhao_topk,16,23,0.3367383377514569,0.16758906308458846,0.004219995224342608,40.08281186934722
wang,zhao_topk,16,24,0.30312457260204995,0.17027131757582856,0.010991943850598469,12.086420457741697
wang,zhao_topk,16,25,0.33836828774058497,0.20617044223351674,0.017719125614651103,7.460743175597791
wang,zhao_topk,16,26,0.3443055249098794,0.23459724755094147,0.009009008581138364,12.177619365201602
wang,zhao_topk,16,27,0.35942735715407853,0.2530783080677662,0.012300245946195042,8.646091269354686
wang,zhao_topk,16,28,0.3766638379372512,0.3003784605909615,0.011078049764656334,6.886173917513201
wang,zhao_topk,16,29,0.40332006027755524,0.31917365073631815,0.0136160553613223,6.179940321061191
wang,zhao_topk,16,30,0.3888754295670186,0.34191546571648523,0.00618113900275917,7.59729943454938
wang,zhao_topk,16,31,0.38700735103125095,0.3569071388769893,0.018770288140275832,1.6036094880011411
wang,zhao_topk,17,0,0.261794605357631,0.2113535348912908,0.007218840853466918,6.987419655070438
wang,zhao_topk,17,1,0.2588502267062335,0.18660664045217507,0.013594947456076041,5.314002609239237
wang,zhao_topk,17,2,0.2938723938437956,0.2253611071501779,0.014903256125160046,4.597068326428024
wang,zhao_topk,17,3,0.30419595002057614,0.2162281356657047,0.007791303900929689,11.290512534670196
wang,zhao_topk,17,4,0.3155624117344204,0.24896264039207142,0.01649479417339855,4.037623667335942
wang,zhao_topk,17,5,0.3043891914526241,0.24930237381848036,0.0180458756710836,3.052598756535484
wang,zhao_topk,17,6,0.3129322255689485,0.23319623234815873,0.0160931345870516,4.954658944127932
wang,zhao_topk,17,7,0.32634244959987174,0.23954637819775115,0.01869569998208261,4.642568691480036
wang,zhao_topk,17,8,0.31253510517660305,0.2555250802504941,0.021078687841137367,2.704628739500931
wang,zhao_topk,17,9,0.30285601002037904,0.23564864534772453,0.012267979589843459,5.4782749009702325
wang,zhao_topk,17,10,0.3141060252272568,0.23850556906874773,0.016714162383135132,4.5231375898795365
wang,zhao_topk,17,11,0.3371875992446108,0.24905539634318713,0.019067653576794175,4.622079090459395
wang,zhao_topk,17,12,0.41985946703613036,0.24874723071191887,0.015133929215113152,11.306530768845818
wang,zhao_topk,17,13,0.31076377139262135,0.2450771579635505,0.018875372945247607,3.4800167191191442
wang,zhao_topk,17,14,0.30058850565081213,0.24341912332184973,0.016520819138940025,3.4604447786861003
wang,zhao_topk,17,15,0.3450794573417517,0.2633491836087517,0.014620861787369406,5.589976495339333
wang,zhao_topk,17,16,0.37663757289670735,0.28318594000625064,0.017619224387348094,5.303958382955943
wang,zhao_topk,17,17,0.382623367749195,0.28310317690437514,0.010380352134733848,9.587361734272372
wang,zhao_topk,17,18,0.38141793095974996,0.26187769676042805,0.007930153416602977,15.074138912501533
wang,zhao_topk,17,19,0.38675890817309655,0.2595556158377493,0.00799166415418377,15.916996745759668
wang,zhao_topk,17,20,0.3432177579208189,0.2425698457343774,0.01911623273844147,5.265049529557423
wang,zhao_topk,17,21,0.36431638909186104,0.2676867372682904,0.018310351970141938,5.277323558888507
wang,zhao_topk,17,22,0.34157066587624924,0.2271020878327577,0.010222740655874902,11.197445176084717
wang,zhao_topk,17,23,0.32513222609332526,0.1731603639471062,0.012899767651431852,11.78097670071991
wang,zhao_topk,17,24,0.30882143845314647,0.17381217156329473,0.015081280815393653,8.952108812405779
wang,zhao_topk,17,25,0.3601872182091531,0.2106668366862401,0.016178893979245185,9.24169363583955
wang,zhao_topk,17,26,0.3457193092689337,0.23993438351064444,0.008473139499259647,12.484737890546043
wang,zhao_topk,17,27,0.37214898799417956,0.2548782953699494,0.013453040157012342,8.717040256741024
wang,zhao_topk,17,28,0.39059938758513657,0.30443449456537386,0.016468265953769226,5.2321776477043995
wang,zhao_topk,17,29,0.41420940317293975,0.3199237520747312,0.01384131963082587,6.811897536722283
wang,zhao_topk,17,30,0.39881480687863496,0.34480508704724644,0.020219536482705847,2.671165082225503
wang,zhao_topk,17,31,0.3881523506792326,0.3333367624241204,0.02781469919445093,1.9707417244349694
wang,zhao_topk,18,0,0.3471380904506443,0.21976491434252074,0.01988289030302361,6.406170036996775
wang,zhao_topk,18,1,0.34817806692527903,0.1960678094851796,0.01182431379432305,12.86419322812025
wang,zhao_topk,18,2,0.37623079365486833,0.23615384375481682,0.022068354667035585,6.3474124833280055
wang,zhao_topk,18,3,0.375394999603805,0.21876069736402876,0.009774979817674763,16.024002623162026
wang,zhao_topk,18,4,0.3830452255738152,0.24912749237295279,0.012105235917191115,11.062794159234901
wang,zhao_topk,18,5,0.36831876013041553,0.2559605944189178,0.0169868606718971,6.614416158565546
wang,zhao_topk,18,6,0.3760664676365158,0.23602142710946147,0.013296477976760403,10.532491444112132
wang,zhao_topk,18,7,0.37296439449057245,0.2471814929116159,0.013026951514057864,9.655589908599843
wang,zhao_topk,18,8,0.35847454264888584,0.26372057209122374,0.019559347219948814,4.844434197733419
wang,zhao_topk,18,9,0.33490495599486364,0.24742172141454016,0.015107814205522877,5.790595078164433
wang,zhao_topk,18,10,0.3486141703848488,0.24378722777928052,0.02064115614510841,5.078540265314084
wang,zhao_topk,18,11,0.38225895156113354,0.2500327241797032,0.010245600684476965,12.905658872862901
wang,zhao_topk,18,12,0.4399251250271582,0.25987822224974316,0.016286100547849847,11.05524936730085
wang,zhao_topk,18,13,0.3393736544734621,0.25003731332897966,0.013552263048456243,6.591986948973728
wang,zhao_topk,18,14,0.3529495774867676,0.24904692015832075,0.013961728098283359,7.441962527634528
wang,zhao_topk,18,15,0.39968670642396903,0.27289181199349155,0.011243564465484322,11.277108324474371
wang,zhao_topk,18,16,0.4186415934807796,0.29585701596984443,0.01236925274717942,9.926596215679556
wang,zhao_topk,18,17,0.40217508163522075,0.28709533538931764,0.012912162206758056,8.912507789413603
wang,zhao_topk,18,18,0.4640536642733297,0.2839710334827588,0.015057918270807514,11.959331134084684
wang,zhao_topk,18,19,0.4072167663347671,0.26944466815594315,0.012512782326782271,11.010508660726682
wang,zhao_topk,18,20,0.39414689307498946,0.25596506157926924,0.015898486658835944,8.69150847253267
wang,zhao_topk,18,21,0.41167147503189144,0.2772270792637805,0.012905649795226569,10.417483652612216
wang,zhao_topk,18,22,0.3794192884681406,0.23746339540361286,0.00825441099204829,17.197579960735894
wang,zhao_topk,18,23,0.3801412086825359,0.1854525893938957,0.004977838628067044,39.11107487312023
wang,zhao_topk,18,24,0.35331418898266753,0.18324166885832285,0.009980585135457102,17.04033559316515
wang,zhao_topk,18,25,0.40005379557834314,0.22164331689152572,0.014887484920455517,11.983923385318098
wang,zhao_topk,18,26,0.422765579074019,0.2560735556693611,0.01123910426554239,14.831433134374745
wang,zhao_topk,18,27,0.4140666131852512,0.2705831550221495,0.014931213720926026,9.609631262729181
wang,zhao_topk,18,28,0.420363444461778,0.32235604794048356,0.014263709829361069,6.871101396044354
wang,zhao_topk,18,29,0.4603473121751488,0.3325388750441002,0.012773868723024074,10.005460358355034
wang,zhao_topk,18,30,0.4603317436052817,0.35849778715925174,0.017519831740247002,5.81249625885929
wang,zhao_topk,18,31,0.44958045730577767,0.35190996912112105,0.02307279046046811,4.233145893298033
wang,zhao_topk,19,0,0.1887564498010359,0.2164519480670002,0.008758012954085079,-3.162303870885008
wang,zhao_topk,19,1,0.19064328414244733,0.18859098384907147,0.0069201328021509185,0.29656949542037137
wang,zhao_topk,19,2,0.2245976314328733,0.23107428517434564,0.007530726820648852,-0.8600303656897614
wang,zhao_topk,19,3,0.2501237136723703,0.211163365232624,0.010016180246001065,3.8897411471105587
wang,zhao_topk,19,4,0.2626316162508287,0.23831215730495314,0.009001631939924318,2.7016722199019423
wang,zhao_topk,19,5,0.2578716480700326,0.23544646350153728,0.007763943069473061,2.8883757090734723
wang,zhao_topk,19,6,0.2548922533528259,0.21876090418781696,0.010640459519850657,3.395656841474084
wang,zhao_topk,19,7,0.2793971620662741,0.2333122687581754,0.009423618457976094,4.890360694632399
wang,zhao_topk,19,8,0.2821227113915748,0.24339290511945597,0.01567946544967225,2.4700973637419765
wang,zhao_topk,19,9,0.2555791984082707,0.22791270862289364,0.016001308761045902,1.7290141824354546
wang,zhao_topk,19,10,0.28049056250156823,0.22657030110410328,0.009377407710701235,5.750017815257478
wang,zhao_topk,19,11,0.2927256488776011,0.23819366326724573,0.012693568669691058,4.2960326626320295
wang,zhao_topk,19,12,0.37210842910133596,0.24216878255575316,0.009298425802005048,13.97437042704191
wang,zhao_topk,19,13,0.2707322150138601,0.22981784750062148,0.00727357895415206,5.625066802895291
wang,zhao_topk,19,14,0.26374467325851275,0.23140093201362588,0.007633489257500504,4.237084792266734
wang,zhao_topk,19,15,0.30234424192009735,0.2477918812186088,0.020236259438766644,2.6957729449239265
wang,zhao_topk,19,16,0.31543593906736933,0.27136921544488624,0.005575948808808816,7.903000033441309
wang,zhao_topk,19,17,0.2984274488032423,0.2697745293774288,0.01498128275796286,1.9125811780425732
wang,zhao_topk,19,18,0.31848428170086146,0.2509810992686842,0.017499273676572964,3.8574848122151875
wang,zhao_topk,19,19,0.3870560301454132,0.262952786155113,0.02232433042960111,5.559102629378059
wang,zhao_topk,19,20,0.30694705183132026,0.23712696101180727,0.006715278833592068,10.397199066440782
wang,zhao_topk,19,21,0.31855864754762075,0.2574752160809989,0.006578224722482959,9.285701544651072
wang,zhao_topk,19,22,0.31891514939507437,0.22105374496787905,0.015685831210931058,6.23884084376722
wang,zhao_topk,19,23,0.27810032720211136,0.16934920441257156,0.0056947152942736735,19.09684982827756
wang,zhao_topk,19,24,0.27297483661739325,0.16948638759363935,0.0076442739392897415,13.53803511565016
wang,zhao_topk,19,25,0.31495164674974657,0.2078003226788631,0.023363310713897873,4.586307368122428
wang,zhao_topk,19,26,0.28413534775973004,0.23689192795036548,0.010281582032440404,4.594956268432457
wang,zhao_topk,19,27,0.3336357837122027,0.2535518306899359,0.010345064571892213,7.7412714503355335
wang,zhao_topk,19,28,0.34896643482842826,0.2995450408665862,0.008706208020863734,5.676569390876907
wang,zhao_topk,19,29,0.37224347196375107,0.31167867386473425,0.00657273223404388,9.214554304421172
wang,zhao_topk,19,30,0.34763843674206013,0.33433720999283223,0.007202035644583087,1.8468704413081094
wang,zhao_topk,19,31,0.3324903758410607,0.33482016955878996,0.028126914336862454,-0.08283147201383063
wang,zhao_topk,20,0,0.2475768107967452,0.19911113308494172,0.012255147345448409,3.954720114385549
wang,zhao_topk,20,1,0.2526630214477263,0.17693901845853638,0.009133670052007756,8.290643581168593
wang,zhao_topk,20,2,0.284770782582848,0.20992107019512227,0.01001995214777394,7.47006685100333
wang,zhao_topk,20,3,0.2884380372166308,0.19561651599978488,0.012494867137610392,7.428772166568053
wang,zhao_topk,20,4,0.2983249326104211,0.2220788896716781,0.004510636060554289,16.903612243407974
wang,zhao_topk,20,5,0.28602193499273537,0.22521802419232434,0.013526556315301107,4.495150826499
wang,zhao_topk,20,6,0.295316116004334,0.20803419187507793,0.010613304135487526,8.22382200821071
wang,zhao_topk,20,7,0.3014397513455731,0.21365316525136607,0.013390912339455382,6.555683725562897
wang,zhao_topk,20,8,0.2915250115650657,0.22550409811952005,0.022253356413506332,2.966784525388507
wang,zhao_topk,20,9,0.2659867239293861,0.2116739084644698,0.0177516486106947,3.059592754229874
wang,zhao_topk,20,10,0.28924146229333053,0.20703396861616583,0.015262060385685424,5.386395519327697
wang,zhao_topk,20,11,0.3122010999139899,0.21930826861440886,0.01089067495445348,8.529575227253916
wang,zhao_topk,20,12,0.37744978375215366,0.21879901938767352,0.016707738295227575,9.49564576372359
wang,zhao_topk,20,13,0.28494526580994967,0.21750835548665243,0.005899086549488039,11.43175468906281
wang,zhao_topk,20,14,0.2836532490260625,0.21093973829714335,0.012407557240104254,5.860421138650186
wang,zhao_topk,20,15,0.3397122665234925,0.23511505167092234,0.015399737504672495,6.792142711577644
wang,zhao_topk,20,16,0.34516529145848523,0.2567371598122877,0.014152370173978692,6.248291315103266
wang,zhao_topk,20,17,0.32525658462987955,0.255988793110004,0.009831065593774398,7.045807075454765
wang,zhao_topk,20,18,0.36517273198906897,0.23926050514039915,0.017740381613810054,7.09749257877593
wang,zhao_topk,20,19,0.34673999035238745,0.24179437669783183,0.010659560660671853,9.845210041512264
wang,zhao_topk,20,20,0.3507570380436099,0.2299821285247589,0.01524299406360114,7.923306209719672
wang,zhao_topk,20,21,0.366160859275083,0.2449544117369861,0.01266458444750945,9.570503322904743
wang,zhao_topk,20,22,0.3283166996342515,0.21303744689089915,0.011937403928554488,9.656978471475046
wang,zhao_topk,20,23,0.3202201908577878,0.16446026160609284,0.0048436508660358564,32.15754676785201
wang,zhao_topk,20,24,0.2975252004755833,0.16416277504121657,0.01361994832748957,9.79169834038189
wang,zhao_topk,20,25,0.3449921956175002,0.19556074034426216,0.010319597329001763,14.480357179565734
wang,zhao_topk,20,26,0.3414856181324398,0.23158705291542764,0.006672963515114992,16.46922914655234
wang,zhao_topk,20,27,0.36870670927109556,0.24006690437848724,0.011922355290161913,10.78979796875868
wang,zhao_topk,20,28,0.3668070200509914,0.2841596453453665,0.01359126271917805,6.080919515226849
wang,zhao_topk,20,29,0.41922424321070995,0.30590099336504,0.012037007434536002,9.414570063363783
wang,zhao_topk,20,30,0.40874015940555086,0.32000541844443875,0.012673908543900025,7.00137141227994
wang,zhao_topk,20,31,0.36878282215538516,0.31402072868080977,0.019558948874286105,2.7998484901492025
wang,zhao_topk,21,0,0.3905158813701755,0.20245784939145645,0.01546272387006781,12.162024851439991
wang,zhao_topk,21,1,0.3932292343477413,0.17780999942974246,0.009005301822821984,23.921378667405186
wang,zhao_topk,21,2,0.4170786598204442,0.21175953144483098,0.015505147064243881,13.241998126486376
wang,zhao_topk,21,3,0.4103422175831906,0.20517657172545492,0.008666174977209505,23.674302261064977
wang,zhao_topk,21,4,0.41707314808339113,0.2269981888239733,0.007073633478370012,26.870908683724604
wang,zhao_topk,21,5,0.39444345853924545,0.23655693065646818,0.009537314519778366,16.55461058302671
wang,zhao_topk,21,6,0.4110419794905225,0.21214116060965565,0.01125938353497241,17.665338272123638
wang,zhao_topk,21,7,0.40777472642991663,0.22140782557205188,0.011717155297810616,15.905473309949894
wang,zhao_topk,21,8,0.4068605547583907,0.23777037688063266,0.01666099095723984,10.148866793801476
wang,zhao_topk,21,9,0.3677017663121238,0.21882792044507265,0.010055433968623956,14.805312861840006
wang,zhao_topk,21,10,0.3826267533671425,0.2125107879541198,0.011991958081356852,14.185837230159384
wang,zhao_topk,21,11,0.412747810148378,0.22357394334254418,0.007791007391161504,24.281053438665946
wang,zhao_topk,21,12,0.456168404651917,0.23165843336086941,0.0070307339414445716,31.932650724786008
wang,zhao_topk,21,13,0.38860349014252615,0.22014775728802993,0.010648457075927369,15.819731596168875
wang,zhao_topk,21,14,0.3873433347130214,0.22353064092081162,0.002887455197762201,56.732549103849585
wang,zhao_topk,21,15,0.4262253484266606,0.2435391078343311,0.014343454646311543,12.736557900248092
wang,zhao_topk,21,16,0.4617673393178387,0.26794139622223295,0.00897276990520577,21.601572885888107
wang,zhao_topk,21,17,0.4294406371901147,0.2679359842376009,0.007958859403463666,20.292436989429365
wang,zhao_topk,21,18,0.45736907095085966,0.24973130488607836,0.01769258389916357,11.735864430440683
wang,zhao_topk,21,19,0.4408004893510031,0.25355578326812983,0.013800901291300547,13.567570851398212
wang,zhao_topk,21,20,0.4360639178583038,0.2383763772246163,0.011924685887267849,16.57800821778972
wang,zhao_topk,21,21,0.4968175808117197,0.2629936328779646,0.010214794287966653,22.890715303900635
wang,zhao_topk,21,22,0.43359955665009825,0.22758265305729147,0.006230676389250654,33.0649340011035
wang,zhao_topk,21,23,0.39086907558840733,0.17614018030746473,0.0033347799883853974,64.3907232347607
wang,zhao_topk,21,24,0.39386033359981887,0.17458532295066373,0.007305875176194733,30.013517253023284
wang,zhao_topk,21,25,0.410702603903051,0.21564354521481116,0.020078848066309003,9.714653850861904
wang,zhao_topk,21,26,0.4769792380017468,0.24478682793432274,0.011105559037314878,20.907764236564173
wang,zhao_topk,21,27,0.4470028241564339,0.259296157573757,0.014099593211285958,13.312913625935526
wang,zhao_topk,21,28,0.4722228177585666,0.3052741794623769,0.00803375894133187,20.780887193076804
wang,zhao_topk,21,29,0.49754124564186436,0.3181287298400033,0.005963573540186838,30.08473268466479
wang,zhao_topk,21,30,0.49130060307838896,0.3376847481491065,0.0066515274990566284,23.09482370043114
wang,zhao_topk,21,31,0.5017034402445169,0.32814392414913013,0.005763515707308271,30.11348019322811
wang,zhao_topk,22,0,0.17728417378983644,0.17215303927341546,0.013286876468767557,0.38618064437359195
wang,zhao_topk,22,1,0.17323760440628103,0.1504357584969201,0.013365300033787133,1.7060481883473217
wang,zhao_topk,22,2,0.2021901636941204,0.17851665405372646,0.012752026408674884,1.856450800971479
wang,zhao_topk,22,3,0.2222963733656368,0.1705527218780601,0.012831550658162336,4.032533001353333
wang,zhao_topk,22,4,0.2163863155472129,0.19822457582054887,0.008252425828581846,2.2007758814095375
wang,zhao_topk,22,5,0.2125569388617695,0.2020834048093557,0.014908698640354618,0.7025116212399796
wang,zhao_topk,22,6,0.21925947927101133,0.1815127950632498,0.015251465066049333,2.47495463840965
wang,zhao_topk,22,7,0.22498268024086931,0.1856420155221332,0.00998650821744504,3.9393813995980556
wang,zhao_topk,22,8,0.22307373469955466,0.2031108292241301,0.010508519507108625,1.8996877211790297
wang,zhao_topk,22,9,0.2018577900234518,0.19148313932157274,0.019829469151737018,0.5231935672352718
wang,zhao_topk,22,10,0.22120936915447625,0.18551482636948036,0.010896845744940084,3.2756766150948358
wang,zhao_topk,22,11,0.2465242336911717,0.19529558397804797,0.014740573040248568,3.4753499455717143
wang,zhao_topk,22,12,0.31699623193883364,0.19428938549704003,0.007876998150656367,15.577869144423858
wang,zhao_topk,22,13,0.23531051708707768,0.19122168114022042,0.003785178839952559,11.647755049642472
wang,zhao_topk,22,14,0.22488430513277002,0.19071245137763634,0.006090338648608024,5.610829828476586
wang,zhao_topk,22,15,0.2694520419506206,0.21657047914516098,0.0178901016660103,2.9559118104918425
wang,zhao_topk,22,16,0.2775224185080133,0.23349304893734005,0.010787213047369319,4.081626030498276
wang,zhao_topk,22,17,0.26697749248004815,0.23006813044496327,0.009937582171625044,3.7141189272852344
wang,zhao_topk,22,18,0.31107244857000993,0.2199442446425798,0.011570551730897697,7.8758736875168855
wang,zhao_topk,22,19,0.3004699437974854,0.22210907122890466,0.015453972880815741,5.070597261488427
wang,zhao_topk,22,20,0.2763080517258372,0.21031214350611674,0.010565890311925903,6.246128463517151
wang,zhao_topk,22,21,0.2887843531225717,0.232583681396562,0.0029946461425662714,18.767049277430953
wang,zhao_topk,22,22,0.31693706374170727,0.20479550237468186,0.011640459870606908,9.633774147548227
wang,zhao_topk,22,23,0.2775648127880276,0.16339199768224494,0.010703312588406446,10.667054163161758
wang,zhao_topk,22,24,0.2496257541036734,0.15808014334187565,0.011217770866734157,8.160766684339448
wang,zhao_topk,22,25,0.31774342632166397,0.191196068653896,0.02236987642195418,5.657043216545096
wang,zhao_topk,22,26,0.27887538337658335,0.22007254592041797,0.008426259972943391,6.978521627030321
wang,zhao_topk,22,27,0.30348904792952114,0.2313992619808169,0.014773505474328345,4.879666919538722
wang,zhao_topk,22,28,0.2951603155921283,0.27277652350123394,0.006243416646000081,3.5851831393047915
wang,zhao_topk,22,29,0.33674112015096497,0.28457006441139104,0.005686283995834931,9.174894496614659
wang,zhao_topk,22,30,0.3437871645075966,0.3000982621254486,0.008910939392311565,4.902839134989872
wang,zhao_topk,22,31,0.3088924206270893,0.29306359799068626,0.024711384900312626,0.6405477758635377
wang,zhao_topk,23,0,0.2030087458570406,0.15073310381476984,0.008713539187590491,5.99935811578375
wang,zhao_topk,23,1,0.19889013361146515,0.13389718342919255,0.004878647468368824,13.321919774622085
wang,zhao_topk,23,2,0.2325039989263143,0.16185805663938763,0.014367833447644671,4.916951643708517
wang,zhao_topk,23,3,0.2399311501230466,0.15799554921296302,0.00833925531557227,9.825289886146251
wang,zhao_topk,23,4,0.24583536217409857,0.1781102457918569,0.016927164556873108,4.000972292476624
wang,zhao_topk,23,5,0.24167228495579338,0.17661546804267186,0.014102952271196916,4.612992773576206
wang,zhao_topk,23,6,0.24175025451519677,0.16366399005511809,0.008285527805171488,9.424416439872477
wang,zhao_topk,23,7,0.2639221118382724,0.16878844578622765,0.007559192925278672,12.585161801322544
wang,zhao_topk,23,8,0.2578733244994467,0.17570100920472528,0.008959163997564145,9.171873103010816
wang,zhao_topk,23,9,0.23890379096374012,0.17029101663969687,0.013236154053056847,5.1837394796864995
wang,zhao_topk,23,10,0.24787611846219038,0.16365365766115253,0.01785788680137054,4.716261321276492
wang,zhao_topk,23,11,0.2666929899730479,0.17214178751978385,0.011960060942666216,7.905578651021998
wang,zhao_topk,23,12,0.32384113075618226,0.17150211846840868,0.012009899173107363,12.68445389024514
wang,zhao_topk,23,13,0.2588351655210503,0.1667051591427104,0.011959765333649022,7.703328937327091
wang,zhao_topk,23,14,0.2349041970919994,0.1668196545785982,0.011509520107217609,5.915497942499395
wang,zhao_topk,23,15,0.28751228373768895,0.1919943660673799,0.010658521335896173,8.961648117982385
wang,zhao_topk,23,16,0.2962294400678956,0.20378175860025433,0.01574132904968117,5.872927322455896
wang,zhao_topk,23,17,0.28865260999208386,0.21144159546538138,0.02152160605852488,3.58760467581919
wang,zhao_topk,23,18,0.301332804658959,0.1994471124780433,0.015015905997591433,6.785184470205013
wang,zhao_topk,23,19,0.3130480388201518,0.20474419933096638,0.016359774137474494,6.620130484631777
wang,zhao_topk,23,20,0.2812893699987329,0.19453063113846358,0.01930834126279952,4.4933294724505055
wang,zhao_topk,23,21,0.30581487571062743,0.2135417020165847,0.015303774846617197,6.02943879002762
wang,zhao_topk,23,22,0.30517198781970284,0.18000183850695298,0.01162686058081483,10.765601637925354
wang,zhao_topk,23,23,0.30642691162827607,0.15363876572172255,0.01763651122448279,8.663172889570975
wang,zhao_topk,23,24,0.27153686200010946,0.14661778014882673,0.011902776111093983,10.494953503733628
wang,zhao_topk,23,25,0.3007953520133384,0.18014849738909755,0.021782567923264374,5.538688324042214
wang,zhao_topk,23,26,0.286565309902606,0.2056057543725219,0.01656418927860369,4.887625598112503
wang,zhao_topk,23,27,0.31909248529933826,0.21727980165904542,0.017489584883586227,5.821332199590561
wang,zhao_topk,23,28,0.33756630156747286,0.2520854512277556,0.017687681680883284,4.8327899541580015
wang,zhao_topk,23,29,0.355417215689003,0.25839898791387095,0.013308347409640313,7.290028189740063
wang,zhao_topk,23,30,0.34527122812707334,0.2724304936254793,0.023010226635392733,3.165580924333683
wang,zhao_topk,23,31,0.3381590969040555,0.2551220228214316,0.013316161485152056,6.235811586936136
wang,zhao_topk,24,0,0.3335758186415314,0.17334183282624424,0.008539707595536334,18.763404252745225
wang,zhao_topk,24,1,0.34219100042767253,0.15144031565067106,0.006003200628716622,31.774830890131447
wang,zhao_topk,24,2,0.3721892042003119,0.17870733416138013,0.010241661080680404,18.891649363784435
wang,zhao_topk,24,3,0.37336181430652393,0.17374637863311218,0.006466745805944801,30.867988577795607
wang,zhao_topk,24,4,0.38769820593266224,0.19591067732324,0.006828140241667332,28.087813346169725
wang,zhao_topk,24,5,0.36999124488730734,0.20250343020180456,0.010324043039208659,16.223083732740886
wang,zhao_topk,24,6,0.3693612722813077,0.18443883891286478,0.004986414897305514,37.08524805434233
wang,zhao_topk,24,7,0.38125839930775024,0.1869202366142053,0.011816527323720443,16.446300792909895
wang,zhao_topk,24,8,0.3914356906925664,0.2015280066215027,0.00656294557086857,28.936349085998966
wang,zhao_topk,24,9,0.3603591494066575,0.18450737283928087,0.009429686955206143,18.648739603204813
wang,zhao_topk,24,10,0.3543443468207088,0.1807746068886494,0.014654485131109016,11.844137707956722
wang,zhao_topk,24,11,0.37081219007519306,0.18954092417996385,0.0069707104365133235,26.004704620308285
wang,zhao_topk,24,12,0.41377128397165264,0.18973007146192694,0.008225225465110824,27.23830653154102
wang,zhao_topk,24,13,0.3364680464997077,0.18430126130567026,0.012669688031770229,12.010302448842257
wang,zhao_topk,24,14,0.34562889006890224,0.18612913597266129,0.008358580855965544,19.082157227970765
wang,zhao_topk,24,15,0.36356151681264187,0.20848172558366745,0.007865099046225815,19.717461956616017
wang,zhao_topk,24,16,0.4106016755161887,0.22598487059927663,0.010112541788767774,18.256221706986672
wang,zhao_topk,24,17,0.3823141617616094,0.2298528251900481,0.01176579757243175,12.958011187341093
wang,zhao_topk,24,18,0.38914250950162904,0.21943581156365513,0.007186187239855019,23.6156799528922
wang,zhao_topk,24,19,0.39710469235098245,0.22029511340348687,0.007399805125754325,23.89381557253805
wang,zhao_topk,24,20,0.3741084308012965,0.2086783200230209,0.009942123634765853,16.63931337564499
wang,zhao_topk,24,21,0.3938779445807268,0.23207794555991668,0.00856205175852506,18.897339514411268
wang,zhao_topk,24,22,0.3821776054554766,0.20202552919798528,0.0074298979105359595,24.246911387843813
wang,zhao_topk,24,23,0.34155583043674803,0.16451504745995268,0.006642136726434709,26.65419130446375
wang,zhao_topk,24,24,0.3995172789854334,0.17462803083509454,0.01959420784898312,11.477332989606412
wang,zhao_topk,24,25,0.3691471589634178,0.20087110058335894,0.008992743390249136,18.712427462627392
wang,zhao_topk,24,26,0.3960632033771729,0.225796368709209,0.007593975135967129,22.421305261000118
wang,zhao_topk,24,27,0.40809724471339964,0.23629176593579898,0.011483985220199744,14.960440603441704
wang,zhao_topk,24,28,0.43379974922016923,0.27661024814612983,0.006947327538997741,22.625894661174474
wang,zhao_topk,24,29,0.44738688609913974,0.2874433856290266,0.0053064722448804965,30.14121116423838
wang,zhao_topk,24,30,0.43409274919543606,0.3028440531444113,0.010919535618011468,12.019622504324607
wang,zhao_topk,24,31,0.45411417709418445,0.2890902638586157,0.009315432599579355,17.7151100039112
wang,zhao_topk,25,0,0.21931373936010523,0.18154227209269758,0.010457514076784781,3.6118973390873688
wang,zhao_topk,25,1,0.21896503622085167,0.1559452999016858,0.006813428357867041,9.249343063305409
wang,zhao_topk,25,2,0.2527878027867943,0.18455585492469337,0.00909827155597137,7.499440684128515
wang,zhao_topk,25,3,0.26720633392421733,0.1777777152686259,0.006607447677611828,13.534517868163306
wang,zhao_topk,25,4,0.2719791291496903,0.19924982262247054,0.00897518345759327,8.103378261943897
wang,zhao_topk,25,5,0.263711378987834,0.20497657852023315,0.010614160497218864,5.533626562646249
wang,zhao_topk,25,6,0.27399158479902164,0.1837258112023663,0.0065802720677108194,13.717635481910625
wang,zhao_topk,25,7,0.2674527798366661,0.1891750181538329,0.006638670896257147,11.79117972649704
wang,zhao_topk,25,8,0.2645133606645574,0.2061370730352877,0.007852872041742894,7.433750011328779
wang,zhao_topk,25,9,0.24676051887067887,0.1914483347393229,0.01584488614468355,3.490853997074313
wang,zhao_topk,25,10,0.26349113697431853,0.18662900911205466,0.01532528465603245,5.015380111194792
wang,zhao_topk,25,11,0.2795991100825881,0.1918674671499446,0.007495123752445348,11.705162693814135
wang,zhao_topk,25,12,0.3370706260967124,0.1971818439052984,0.007404493529467716,18.89241737259917
wang,zhao_topk,25,13,0.2599822573606756,0.1897679880673198,0.008953166226913948,7.842395362021313
wang,zhao_topk,25,14,0.2606043105024408,0.19302465708638344,0.005681377357630773,11.894941870968978
wang,zhao_topk,25,15,0.2957963289605463,0.2128883619946429,0.01281497743749642,6.469614743395179
wang,zhao_topk,25,16,0.3134085434851366,0.2363601044919117,0.011322843093411429,6.804690161083136
wang,zhao_topk,25,17,0.29915033324892165,0.2347948714002735,0.010929960572144067,5.887986642208346
wang,zhao_topk,25,18,0.31360547743725786,0.2232388223396835,0.013121216643407565,6.88706371927613
wang,zhao_topk,25,19,0.3177845247559058,0.22684279675416935,0.014195402901881968,6.406421052669084
wang,zhao_topk,25,20,0.3060699239463715,0.2132525559664133,0.01358001097711526,6.834852205669939
wang,zhao_topk,25,21,0.31491573986770177,0.23264518851220622,0.006102713097926827,13.48097969466137
wang,zhao_topk,25,22,0.30858052680282566,0.20128105284614203,0.010215168405712056,10.503935881926779
wang,zhao_topk,25,23,0.29044951896001114,0.1658029880207793,0.009761096015776327,12.769726958711649
wang,zhao_topk,25,24,0.28327277934511125,0.16490079613670425,0.006075581096939406,19.483236470670644
wang,zhao_topk,25,25,0.33268124831466966,0.20679931438207316,0.03442645387372696,3.6565466310971138
wang,zhao_topk,25,26,0.31589683304862987,0.22762380351331696,0.019215227405113458,4.593910218924713
wang,zhao_topk,25,27,0.33232255341791955,0.24381129397348783,0.022743515775962425,3.891714030333828
wang,zhao_topk,25,28,0.344019531871765,0.2832377370783809,0.009065250334473321,6.704921822428131
wang,zhao_topk,25,29,0.3621210273680855,0.2968929167771138,0.011982321568638635,5.443695549090703
wang,zhao_topk,25,30,0.36532491252251986,0.30969672464069475,0.012743648736456272,4.365169586218058
wang,zhao_topk,25,31,0.3632332657488112,0.30406131092662136,0.009674234491888332,6.116448270072887
wang,zhao_topk,26,0,0.53096606055902,0.1671894599384171,0.014007679180022808,25.96979813325583
wang,zhao_topk,26,1,0.5247932972480273,0.1455084080823331,0.009039161855354366,41.96018339255912
wang,zhao_topk,26,2,0.5339567525347418,0.17291133794480182,0.011796611081629521,30.60585892775462
wang,zhao_topk,26,3,0.4971242207583722,0.16177302890633188,0.012042348230775416,27.847657734644898
wang,zhao_topk,26,4,0.49946730792909516,0.1874278315178443,0.011998647577041178,26.00622065176104
wang,zhao_topk,26,5,0.46460736331551344,0.18995101792148913,0.015481720179714296,17.740686577833035
wang,zhao_topk,26,6,0.48190254831638135,0.1688422023047017,0.011771543644823043,26.594672326543947
wang,zhao_topk,26,7,0.4338468418526841,0.17379677729601217,0.010867835779970456,23.928413146980663
wang,zhao_topk,26,8,0.4372071943787901,0.18822449979902528,0.013269693275650939,18.763259210869066
wang,zhao_topk,26,9,0.39826414531458065,0.17437287739460888,0.014814814862945714,15.112660535499543
wang,zhao_topk,26,10,0.36868329870270067,0.16661633879526863,0.006728545681250974,30.031297917838266
wang,zhao_topk,26,11,0.46284546824811057,0.17862005416846438,0.01300384950743408,21.857021178010353
wang,zhao_topk,26,12,0.46394539625175923,0.18014482778982016,0.004216749248993001,67.30316452412087
wang,zhao_topk,26,13,0.41564921803758964,0.17780018793218152,0.010563528692507531,22.516058509322644
wang,zhao_topk,26,14,0.4426797515377025,0.1804881047696519,0.009085629142404234,28.857841615431557
wang,zhao_topk,26,15,0.4815342780119345,0.19619187572557864,0.011803436713974233,24.174518761009285
wang,zhao_topk,26,16,0.5300350451248599,0.21325385712591824,0.008102309572760542,39.097640636188494
wang,zhao_topk,26,17,0.4821170616210251,0.21642840158219342,0.004375045324593612,60.72820744171624
wang,zhao_topk,26,18,0.5486767456125139,0.20141377407333233,0.008022675471394474,43.28518245283347
wang,zhao_topk,26,19,0.4891559554426978,0.20325011284029787,0.00792277247672157,36.08659007215455
wang,zhao_topk,26,20,0.4939188759173001,0.19332178920442056,0.01493623200299166,20.125362718835067
wang,zhao_topk,26,21,0.5244960563566544,0.21624588178227105,0.010860933403479227,28.381554616257706
wang,zhao_topk,26,22,0.4824681020739827,0.1819386681201898,0.008457779519860417,35.53290000621259
wang,zhao_topk,26,23,0.4794104688057515,0.15001858620384462,0.006465155236674403,50.94879713535572
wang,zhao_topk,26,24,0.4775386144877851,0.14947687789314162,0.007838213982005312,41.854143985836025
wang,zhao_topk,26,25,0.49228364391471896,0.17546336888915448,0.008335456667191793,38.00874837158753
wang,zhao_topk,26,26,0.6206767093754182,0.2056297154677576,0.0067964743848035495,61.067984723914684
wang,zhao_topk,26,27,0.5342410437594696,0.21921220210895812,0.00862208572799943,36.53742859775615
wang,zhao_topk,26,28,0.5149516265375151,0.2587728223034536,0.011863326734547461,21.5941792691284
wang,zhao_topk,26,29,0.5681909351210456,0.26765413484990785,0.011857330647734258,25.34607570621853
wang,zhao_topk,26,30,0.5812787872966617,0.28296721124866064,0.013174725390335703,22.642716808870038
wang,zhao_topk,26,31,0.5770377547228416,0.2829081182077223,0.02159183116933636,13.622264559609352
wang,zhao_topk,27,0,0.29025812831256215,0.19393182612836302,0.014910599033116746,6.460257027249974
wang,zhao_topk,27,1,0.2880611365623262,0.16507253244768044,0.007081335528729417,17.36799557310529
wang,zhao_topk,27,2,0.3203913926588361,0.1945270560305824,0.01289868733533582,9.757918256026691
wang,zhao_topk,27,3,0.3281113303517373,0.18627261706727893,0.002131015937212146,66.55919874067938
wang,zhao_topk,27,4,0.32569854326796754,0.21132379732227036,0.00981520214905844,11.652816132438904
wang,zhao_topk,27,5,0.32334815420787927,0.21466015810069736,0.011903943125584834,9.130419639991528
wang,zhao_topk,27,6,0.32020529421509486,0.19499987567974048,0.005390203570533831,23.22832837331121
wang,zhao_topk,27,7,0.3269046021211977,0.20234266825657543,0.011414453832131516,10.912649496551671
wang,zhao_topk,27,8,0.3162382312488117,0.21492495761663552,0.010961370283608501,9.242756244050872
wang,zhao_topk,27,9,0.3006245795850593,0.19745277539134962,0.012206382328441446,8.452283520016778
wang,zhao_topk,27,10,0.2998366921263807,0.1991369496260582,0.012554299789018583,8.021135721834995
wang,zhao_topk,27,11,0.3489828168334121,0.20726313836144356,0.009508942603140778,14.903831518044804
wang,zhao_topk,27,12,0.40404014927065807,0.20511525089585123,0.006490964951245324,30.646429285778552
wang,zhao_topk,27,13,0.3133008602393063,0.1999981803949858,0.012007714997616506,9.435823540682865
wang,zhao_topk,27,14,0.31418456158788055,0.20195233775574845,0.006910745817269527,16.240247695360278
wang,zhao_topk,27,15,0.3538436805421981,0.22394483936372905,0.006856942250686477,18.944135217919378
wang,zhao_topk,27,16,0.37807089491844803,0.24290767318510217,0.012098917030028909,11.171514061785652
wang,zhao_topk,27,17,0.3582452472953812,0.2461323525359514,0.012486351540581007,8.978835362360226
wang,zhao_topk,27,18,0.4032336489630308,0.23364912632079685,0.01468102410442282,11.551273360497023
wang,zhao_topk,27,19,0.38999942787106956,0.23556953940974448,0.01195328114683893,12.91945588531266
wang,zhao_topk,27,20,0.37133652376539567,0.2245904785863833,0.009165125117410253,16.011352087300004
wang,zhao_topk,27,21,0.38121365128001905,0.2480402563174778,0.00736582575769306,18.07990025062044
wang,zhao_topk,27,22,0.38004792146771865,0.2137714107677442,0.010041083679756561,16.559618065448262
wang,zhao_topk,27,23,0.3574602440130107,0.17590509970918652,0.0046926370591378426,38.68936421372858
wang,zhao_topk,27,24,0.3450613913270151,0.17573077333613507,0.009315637137718729,18.177030243617534
wang,zhao_topk,27,25,0.40824117174156266,0.2058364899938448,0.014901787502219661,13.582577373188897
wang,zhao_topk,27,26,0.3809099618404886,0.24352147020134338,0.012856188060939949,10.686565176855416
wang,zhao_topk,27,27,0.4503055984514893,0.26326568520016,0.028660924894671338,6.5259552487820764
wang,zhao_topk,27,28,0.4164900997822497,0.29837336524534025,0.011674144326647094,10.117806601662387
wang,zhao_topk,27,29,0.4662545645323799,0.3159056451375494,0.019684625923433566,7.637885524451223
wang,zhao_topk,27,30,0.4610443674444392,0.3313837587431684,0.016914675795668868,7.665568661651287
wang,zhao_topk,27,31,0.4278741054052968,0.32781511986520784,0.021339384333501608,4.688934974707874
wang,zhao_topk,28,0,0.40869619188246004,0.18763679862915658,0.009913980216140256,22.297744037597752
wang,zhao_topk,28,1,0.4101875889692778,0.15621574289768686,0.0060537994016174575,41.952471369258554
wang,zhao_topk,28,2,0.43010992810200604,0.18975845949810743,0.007635894535704057,31.47653067758581
wang,zhao_topk,28,3,0.4219548423100489,0.1727790869720185,0.007200011024487585,34.607690806385115
wang,zhao_topk,28,4,0.43232055688203125,0.19683601209216967,0.00942778404746342,24.977719430603585
wang,zhao_topk,28,5,0.4030923596129054,0.19789650862696526,0.013202833363906005,15.541804196885947
wang,zhao_topk,28,6,0.4136882235241953,0.18041473832320726,0.011230921935699627,20.770644345722307
wang,zhao_topk,28,7,0.40347681896740506,0.18561242774814393,0.011079165229175684,19.664332710332793
wang,zhao_topk,28,8,0.39928133686682055,0.20240718974562485,0.012111825939615123,16.25470412989206
wang,zhao_topk,28,9,0.3694443857460213,0.18362123500983657,0.009132761319682986,20.34687475470288
wang,zhao_topk,28,10,0.35908423623613295,0.1858982261052792,0.008518598630071265,20.330340429409915
wang,zhao_topk,28,11,0.41329263396380583,0.1923366134792724,0.012091694825112626,18.27337058041203
wang,zhao_topk,28,12,0.44998822590268384,0.1901684317024705,0.009875250015664371,26.310199112739486
wang,zhao_topk,28,13,0.37955274660097976,0.18864671786090398,0.016613202458080758,11.49122387581679
wang,zhao_topk,28,14,0.3930542031446084,0.18775897392340726,0.007030927976917253,29.198880986292497
wang,zhao_topk,28,15,0.43735197989030056,0.20478066005701273,0.016033871229726535,14.505001100551713
wang,zhao_topk,28,16,0.46414378785298216,0.2295915401014404,0.011006787031623177,21.309783416146665
wang,zhao_topk,28,17,0.4263566454892152,0.226793926728452,0.011067540524669399,18.031351980680856
wang,zhao_topk,28,18,0.47093201447985344,0.2172391600866484,0.006713707003077055,37.78729906993728
wang,zhao_topk,28,19,0.45423506205572817,0.21953343885749446,0.005901088877558998,39.772595883239546
wang,zhao_topk,28,20,0.42537926690807093,0.20592014483653226,0.01406805819779032,15.599816192543848
wang,zhao_topk,28,21,0.462989321022327,0.2236648160259223,0.01264089208784809,18.932564516271086
wang,zhao_topk,28,22,0.43564057438707954,0.19442360715451332,0.005740549618323822,42.01983839014337
wang,zhao_topk,28,23,0.4118247024876823,0.15889965520179095,0.008074093265151941,31.325504794145047
wang,zhao_topk,28,24,0.4147279106186075,0.1586805369091317,0.01214107996119678,21.08934085994081
wang,zhao_topk,28,25,0.4499707382032513,0.19029851686355279,0.0075214232144087635,34.52434651493155
wang,zhao_topk,28,26,0.4855153747940845,0.22339309712793692,0.011227585652978657,23.346272811252796
wang,zhao_topk,28,27,0.49436289266305705,0.23646377529150575,0.01565681261919174,16.47200638113436
wang,zhao_topk,28,28,0.5484225360720523,0.2842007823539425,0.015292563303145117,17.277793688371986
wang,zhao_topk,28,29,0.5384960459839258,0.29655702778855464,0.018774092361626794,12.886855648472311
wang,zhao_topk,28,30,0.5254271600923355,0.3164137315887716,0.025523195645138406,8.189155911727543
wang,zhao_topk,28,31,0.5118877245894828,0.3191778428243408,0.033154342569740466,5.81250801036923
wang,zhao_topk,29,0,0.27964885403520917,0.20427701303756352,0.02098340429612499,3.5919739206266255
wang,zhao_topk,29,1,0.27698974780851265,0.16859044417050653,0.009596399468193828,11.295830691217395
wang,zhao_topk,29,2,0.299759729176794,0.20053053922159564,0.014772542582623433,6.717136836817728
wang,zhao_topk,29,3,0.30469724648353363,0.18439608552974035,0.01222419319016874,9.841235252281928
wang,zhao_topk,29,4,0.3059901196004871,0.20933694654674567,0.006470219848284485,14.938159030155377
wang,zhao_topk,29,5,0.29226246444247844,0.21331824450443876,0.018245742591872262,4.326720030195216
wang,zhao_topk,29,6,0.29434113578757554,0.19431379994910844,0.016128513929042656,6.201894128531434
wang,zhao_topk,29,7,0.30082541791379197,0.20007784662420308,0.009069428917023021,11.108480171280576
wang,zhao_topk,29,8,0.30245539485054107,0.21602700280213796,0.020756351059076382,4.163949231847739
wang,zhao_topk,29,9,0.2701884565111472,0.2021972666403613,0.020055432687608246,3.390163200657145
wang,zhao_topk,29,10,0.2868577252440801,0.1937300834492072,0.009061958235501062,10.276767931906454
wang,zhao_topk,29,11,0.3334401499843268,0.20665521344073712,0.012202117528235207,10.390404472847804
wang,zhao_topk,29,12,0.37643152897666227,0.20893389332497025,0.01248228984131811,13.418822810639409
wang,zhao_topk,29,13,0.3192050297477917,0.20173155089253778,0.010782754799397182,10.894570176243027
wang,zhao_topk,29,14,0.28887663217706455,0.20166949797568529,0.011968600438802733,7.28632680548428
wang,zhao_topk,29,15,0.339432831083449,0.21706083520623723,0.015923762155528425,7.6848670987419
wang,zhao_topk,29,16,0.36581118548726516,0.23999368777220303,0.010820909167935521,11.627257540233687
wang,zhao_topk,29,17,0.34476830024794125,0.23674356401276167,0.013360787360907825,8.085207354713834
wang,zhao_topk,29,18,0.38489657244351133,0.223135180801712,0.016421115865459898,9.850816044849152
wang,zhao_topk,29,19,0.37917920341849437,0.2272904278105304,0.019450789961048768,7.80887439081545
wang,zhao_topk,29,20,0.3599707914293941,0.21292167049708643,0.0095609507826279,15.380177586469081
wang,zhao_topk,29,21,0.39132749270912587,0.23772455515697435,0.005630770707863409,27.279203064980784
wang,zhao_topk,29,22,0.36316829056730965,0.204661396488565,0.007387653004819056,21.455649578472173
wang,zhao_topk,29,23,0.37090589595583623,0.16007582957068148,0.0038080908428523644,55.36371769619793
wang,zhao_topk,29,24,0.34052692230975795,0.1629546634256211,0.0091951448045225,19.311523924756518
wang,zhao_topk,29,25,0.4064772718170472,0.20044021285578717,0.02250356274422321,9.155752860251024
wang,zhao_topk,29,26,0.3830189127251065,0.22887511114314685,0.01030444965333391,14.95895528317593
wang,zhao_topk,29,27,0.40311126803178,0.24104950274533166,0.011753603544376925,13.788262014672153
wang,zhao_topk,29,28,0.4213399291993803,0.29036222913166193,0.012211449282779247,10.725811247680888
wang,zhao_topk,29,29,0.49499025485917925,0.3161215123256538,0.012922753839866352,13.841379689654085
wang,zhao_topk,29,30,0.470213905292641,0.3308999769055522,0.01273493956077359,10.939504480744167
wang,zhao_topk,29,31,0.416959180592176,0.3466090677683666,0.0278271499084885,2.528110606194333
wang,zhao_topk,30,0,0.4330369238857506,0.2677005081862346,0.01935916747931693,8.540471374926591
wang,zhao_topk,30,1,0.43005118590588215,0.20897928830613227,0.020271445930250504,10.905581099661497
wang,zhao_topk,30,2,0.44933790732151996,0.25194364989599594,0.02321201549444062,8.503968880806616
wang,zhao_topk,30,3,0.4280020385959172,0.21852121278679665,0.012055666350013487,17.376130006192994
wang,zhao_topk,30,4,0.43420651501299035,0.25921765227969445,0.015041237842010462,11.633940276148595
wang,zhao_topk,30,5,0.40294583408684764,0.2547664834335215,0.022073373253003598,6.713036061815468
wang,zhao_topk,30,6,0.42417436823521704,0.23423316359521512,0.019205793933098042,9.889786660298867
wang,zhao_topk,30,7,0.404812930992742,0.24194465197662293,0.013056702532030479,12.473921238273862
wang,zhao_topk,30,8,0.3892985812858481,0.2647873850025756,0.024546317310585965,5.072500070288556
wang,zhao_topk,30,9,0.3727671919089704,0.23967647750339385,0.02585918976069782,5.1467472738784315
wang,zhao_topk,30,10,0.36593268472813956,0.23693864663730607,0.020968159080749636,6.151900965367046
wang,zhao_topk,30,11,0.4349560977873322,0.2575412682294337,0.017014861862926986,10.427050832805214
wang,zhao_topk,30,12,0.4694703419492282,0.25570412486664934,0.014455154855602803,14.788234316266996
wang,zhao_topk,30,13,0.389839513582879,0.24371822917487082,0.010842898198370813,13.476220262767335
wang,zhao_topk,30,14,0.38230497473608627,0.2434264559893582,0.010660157397927392,13.02781127544417
wang,zhao_topk,30,15,0.4308815687276745,0.2627917552311538,0.01630479266354542,10.309227290717981
wang,zhao_topk,30,16,0.4848398208747689,0.29125909003869166,0.024488279885123705,7.905035867940846
wang,zhao_topk,30,17,0.4480447477177359,0.27723452498000967,0.015536351190181475,10.994230282698124
wang,zhao_topk,30,18,0.5005933666711371,0.2671701280031892,0.02967393486733077,7.866271854796478
wang,zhao_topk,30,19,0.4486241514851356,0.2690788966941518,0.027984331788242445,6.415920742707152
wang,zhao_topk,30,20,0.446879178241613,0.25545808354371513,0.018271327936797553,10.476583604653344
wang,zhao_topk,30,21,0.4715795530828434,0.2786467099066522,0.010734639435088806,17.972922550667402
wang,zhao_topk,30,22,0.4516611430264133,0.24392097738163948,0.013448969113512874,15.446549389130988
wang,zhao_topk,30,23,0.46536699767442025,0.19019573060676823,0.010097505345020052,27.251410884705564
wang,zhao_topk,30,24,0.4318055547487916,0.19158674966411143,0.00918022257093599,26.16699140227797
wang,zhao_topk,30,25,0.4668964271418515,0.23722760255826486,0.030737790215794536,7.47187169185545
wang,zhao_topk,30,26,0.5187265025922269,0.2705785635365619,0.01499114532521338,16.55296734655148
wang,zhao_topk,30,27,0.5132566122491019,0.2941542099580482,0.02437862937988477,8.9874782899747
wang,zhao_topk,30,28,0.49653267941037943,0.3574442791651866,0.015983175595579734,8.702175572897962
wang,zhao_topk,30,29,0.5781285842021395,0.3902157048238426,0.009919312100663453,18.94414425832295
wang,zhao_topk,30,30,0.6493273165708736,0.4421155904389561,0.019190858568719896,10.797418228575864
wang,zhao_topk,30,31,0.5910279991657478,0.49930168314047707,0.02096660430365429,4.374877051945108
wang,zhao_topk,31,0,0.5841358215504836,0.30980104911974543,0.02797722592924742,9.805645960915243
wang,zhao_topk,31,1,0.5885088296090523,0.2281869541043931,0.010885369987816671,33.10148170507253
wang,zhao_topk,31,2,0.6043168332573455,0.2777420562098239,0.02753876738830968,11.858728912687429
wang,zhao_topk,31,3,0.563212094910198,0.2161347705395235,0.011971598967861785,28.991726610824234
wang,zhao_topk,31,4,0.5818900089167438,0.2683084107152521,0.018903356882838597,16.588672591066437
wang,zhao_topk,31,5,0.5393664866267996,0.25366029964192266,0.019172614669138232,14.901785276307276
wang,zhao_topk,31,6,0.5679206409256486,0.24135907843455043,0.018910543445979432,17.26875610021289
wang,zhao_topk,31,7,0.5263019976816927,0.24059669235130549,0.020463605783819012,13.96163063091746
wang,zhao_topk,31,8,0.52820738024931,0.26693671256850293,0.01547002744713028,16.888830260561257
wang,zhao_topk,31,9,0.48785303536622415,0.2383668056140765,0.0270104578038101,9.236653135029613
wang,zhao_topk,31,10,0.4665181608355798,0.23892525873498713,0.018316274948533218,12.425719898838846
wang,zhao_topk,31,11,0.5550074981232797,0.2653354941026378,0.008439606156663792,34.3229291324123
wang,zhao_topk,31,12,0.528493235407067,0.2611240592365835,0.011059526994367876,24.175462142878512
wang,zhao_topk,31,13,0.4850346983329963,0.24519862229575073,0.01235799955667058,19.407354316321143
wang,zhao_topk,31,14,0.4961193648510855,0.2480927170103054,0.012142116611100782,20.426969677924582
wang,zhao_topk,31,15,0.510776136401987,0.2604070423256292,0.025811033804093393,9.700080050131568
wang,zhao_topk,31,16,0.5953037763249799,0.28599842035779544,0.027710612096672447,11.161982091486408
wang,zhao_topk,31,17,0.5520650883516797,0.2625225505632415,0.01741182312059352,16.629076448978335
wang,zhao_topk,31,18,0.574319966089632,0.257019945641145,0.008211973519519302,38.63870477593315
wang,zhao_topk,31,19,0.5233705507379115,0.25866268288776,0.028510568877731682,9.284552300073635
wang,zhao_topk,31,20,0.5407665299292235,0.24517018930342505,0.02094758416417269,14.111237759405503
wang,zhao_topk,31,21,0.5613674715932738,0.2618233171854046,0.007115687391074935,42.096306083314104
wang,zhao_topk,31,22,0.5279909759537323,0.23152625993613482,0.01189512404625543,24.923213483504966
wang,zhao_topk,31,23,0.5085577420997556,0.1722296614661245,0.017230384396815332,19.519476344114185
wang,zhao_topk,31,24,0.5243743544015125,0.1777059319273094,0.01299524878372039,26.676551426124824
wang,zhao_topk,31,25,0.5001438898532254,0.21944855348436984,0.04094035191791814,6.856202333864287
wang,zhao_topk,31,26,0.6413400854696595,0.2609928373286718,0.01416760217185821,26.84626823418925
wang,zhao_topk,31,27,0.5855998112218913,0.27207198355554396,0.015378260080713933,20.387730862969764
wang,zhao_topk,31,28,0.5952720064104198,0.34614018315981343,0.016869824521347256,14.767896544232116
wang,zhao_topk,31,29,0.6435610216647647,0.39317208748024657,0.017237167478689502,14.526106710634256
wang,zhao_topk,31,30,0.6823708761136099,0.45596768786775144,0.02067249848690271,10.951902518667433
wang,zhao_topk,31,31,0.8137580450841925,0.6127878093684795,0.028757207804598506,6.9885170035032464
wang,yang_rms,0,25,0.11100522377229051,0.05227986483878085,0.008914543648623726,6.587590038058312
wang,yang_rms,0,26,0.4028836980657724,0.07872280434666287,0.015068878065519906,21.511946165444353
wang,yang_rms,0,27,0.31276493319868226,0.10342532457625846,0.020950278303837395,9.992211348527992
wang,yang_rms,0,28,0.33910395987922604,0.12988354637583086,0.014617881507629717,14.312635753285715
wang,yang_rms,0,29,0.45434495497048705,0.20190430380431637,0.02035919311475016,12.39934459795847
wang,yang_rms,0,30,0.5393942431203113,0.26078629896775835,0.022793609971065068,12.223072365729987
wang,yang_rms,0,31,0.5588346116183622,0.3021020541703484,0.03305566931213107,7.76667248887911
wang,yang_rms,2,25,0.15426625630452392,0.059710701036205724,0.009876548012414717,9.573745315616636
wang,yang_rms,2,26,0.23401081004052707,0.08722175332970199,0.013342682674280678,11.001465019757632
wang,yang_rms,2,27,0.232805516050554,0.10899689505198243,0.017782984960860067,6.962195675870583
wang,yang_rms,2,28,0.28932703682247685,0.1462348157446433,0.01040139900478069,13.757016821685765
wang,yang_rms,2,29,0.3177519988717152,0.21440090067439507,0.014933828898847814,6.9206028070466195
wang,yang_rms,2,30,0.3674449208139067,0.27052498745391873,0.021653566403310547,4.475933966479081
wang,yang_rms,2,31,0.3739753399459508,0.28072306085190124,0.033346752198231785,2.796442620249964
wang,yang_rms,3,25,0.1509403989363695,0.08387155913621434,0.01143190729020056,5.866811031405637
wang,yang_rms,3,26,0.305094385645724,0.11818004605258854,0.013331655969507538,14.020339260227697
wang,yang_rms,3,27,0.28404362955081286,0.13971742858708353,0.006688595750843768,21.57795243426433
wang,yang_rms,3,28,0.334178518105829,0.19602052120498326,0.00632786112729341,21.83328523202586
wang,yang_rms,3,29,0.40648151489755746,0.2870042946137784,0.011662771207906661,10.244325139704417
wang,yang_rms,3,30,0.4584234079533882,0.3497779975078186,0.010790477450543222,10.068637921123692
wang,yang_rms,3,31,0.48670048438421903,0.33701793118293616,0.02030109985275431,7.373125312763534
wang,yang_rms,4,25,0.14839603526127618,0.08355765017991555,0.01584959934272135,4.090853256245655
wang,yang_rms,4,26,0.3170376916976671,0.1128423792994659,0.012957637399525162,15.75868394076871
wang,yang_rms,4,27,0.2903796492272835,0.13845260270346307,0.006492211059195765,23.401433677764732
wang,yang_rms,4,28,0.3278089744165556,0.1914912039366948,0.0028181905317430363,48.37067222546836
wang,yang_rms,4,29,0.39837647316164276,0.2788708289819693,0.009365121346229341,12.76071497224003
wang,yang_rms,4,30,0.4552869602401875,0.34642668146749483,0.00881069732596886,12.355466854120078
wang,yang_rms,4,31,0.4703197317875159,0.3431202791328786,0.006057997048204217,20.996948602400398
wang,yang_rms,5,25,0.14685476140062925,0.08944024975018217,0.011813210072988368,4.860195602694724
wang,yang_rms,5,26,0.2366125421506933,0.12551371118736973,0.018260209843300197,6.08420340821475
wang,yang_rms,5,27,0.25600078800183484,0.1467007552356908,0.009377866260491327,11.655106794028601
wang,yang_rms,5,28,0.2955617030583889,0.2058914923372288,0.006464253490235584,13.871703957248766
wang,yang_rms,5,29,0.3387153860773044,0.3046600115167501,0.011634891970651652,2.9270039332085784
wang,yang_rms,5,30,0.38170387212185414,0.3718954621378634,0.013469113820139916,0.7282149453161909
wang,yang_rms,5,31,0.3928269129470636,0.35654210711019724,0.019215457882114362,1.888313359976713
wang,yang_rms,6,25,0.1518733205581517,0.09415508426819016,0.011793986926066428,4.893869787357135
wang,yang_rms,6,26,0.257602031361255,0.12977434676999378,0.013624441762129694,9.382232815334074
wang,yang_rms,6,27,0.24405547245610076,0.1513309525676881,0.011071455048538842,8.375097896518128
wang,yang_rms,6,28,0.29897781669058027,0.2171178924740776,0.0052196305113398934,15.683087919472102
wang,yang_rms,6,29,0.37791987638793906,0.3200105004209147,0.008022887843409375,7.218021377999894
wang,yang_rms,6,30,0.4068572214157935,0.3888842117251136,0.004474390361261735,4.0168622403369545
wang,yang_rms,6,31,0.43655957623952735,0.3754934238566387,0.01599571688670735,3.817656489884203
wang,yang_rms,7,25,0.15976808279882554,0.09653175503093497,0.015067876412814298,4.196764430196147
wang,yang_rms,7,26,0.27677231227254284,0.12903499769047957,0.013445599609349846,10.987781792887036
wang,yang_rms,7,27,0.2682627989234359,0.15424945842975119,0.009374862062407232,12.161601923816352
wang,yang_rms,7,28,0.3229035171392208,0.21799175753561234,0.009006630552278625,11.64828056337521
wang,yang_rms,7,29,0.3984019213539518,0.319863032154537,0.012304371953277481,6.383006747328914
wang,yang_rms,7,30,0.4245766579547055,0.39261765624439227,0.012195616806057892,2.6205318040526118
wang,yang_rms,7,31,0.43738055268918363,0.37872692117878104,0.013436247322078891,4.365328361738398
wang,yang_rms,8,25,0.15881312421826474,0.10311115743523935,0.01442723007405753,3.860891279691064
wang,yang_rms,8,26,0.28484099146093267,0.14327056842934138,0.011433182652892665,12.38241593173298
wang,yang_rms,8,27,0.27503735157152037,0.16756195301421603,0.01295197845083026,8.297990840960274
wang,yang_rms,8,28,0.3217781713832896,0.2393562198580776,0.005954004977625391,13.84311095387831
wang,yang_rms,8,29,0.3981178629228149,0.3453056628623126,0.005606052344332764,9.420568488606941
wang,yang_rms,8,30,0.42727101914309906,0.4287637168241093,0.00869241015474492,-0.1717242576496943
wang,yang_rms,8,31,0.4425095987442504,0.4147850960876802,0.020427748390954605,1.3571981662377712
wang,yang_rms,9,25,0.15505353349422663,0.10830158508955104,0.01277392841499956,3.6599507125605886
wang,yang_rms,9,26,0.24846052230688007,0.14654056911586916,0.01289334157297487,7.904851710796257
wang,yang_rms,9,27,0.2654634596446711,0.17961785557302273,0.009338157577868938,9.192991589165194
wang,yang_rms,9,28,0.3099892762754067,0.24945477637472252,0.00921559090743331,6.568705198475872
wang,yang_rms,9,29,0.3769772694165372,0.3623563994394878,0.007638127388877741,1.914195617938973
wang,yang_rms,9,30,0.4013511069771514,0.4475721442111931,0.00400031539360018,-11.554348266636051
wang,yang_rms,9,31,0.419969026630996,0.4211673461714205,0.012282096341876155,-0.09756636872638605
wang,yang_rms,10,25,0.16197732386567987,0.10658718948998969,0.020938639423265546,2.6453549944675276
wang,yang_rms,10,26,0.2852575496967719,0.13849953806426127,0.018722107578097228,7.8387548528030635
wang,yang_rms,10,27,0.2824262343785036,0.16264444669451028,0.011010628932774628,10.87874166092789
wang,yang_rms,10,28,0.3329092056432909,0.2354331738113562,0.008186344194710241,11.907150434124265
wang,yang_rms,10,29,0.42679555062045565,0.34422894754293887,0.011440229530439367,7.217215603745476
wang,yang_rms,10,30,0.43294230096005926,0.4309280299902293,0.008431101304304175,0.23890959165698436
wang,yang_rms,10,31,0.430666705149228,0.4104403765551524,0.01750919309425956,1.1551833648294645
wang,yang_rms,11,25,0.17974569361703951,0.1102999319032832,0.019318071552612087,3.5948599488630752
wang,yang_rms,11,26,0.299368423907287,0.14330287624306495,0.013446450320498194,11.606449579210567
wang,yang_rms,11,27,0.304445516971462,0.17564613716046226,0.01589411733463863,8.103588082258746
wang,yang_rms,11,28,0.3512282751629914,0.2461530048357637,0.0024258380575058794,43.315039106633776
wang,yang_rms,11,29,0.4502542538476185,0.36697054964555037,0.012968054482306151,6.42222041214447
wang,yang_rms,11,30,0.45300567705087075,0.46080731181334145,0.0071345771932803245,-1.093496440100002
wang,yang_rms,11,31,0.43598217249902116,0.4562746540442169,0.009452253177553653,-2.146840670051505
wang,yang_rms,12,25,0.18416346186340957,0.10533731909483199,0.012877591348897098,6.121186845654071
wang,yang_rms,12,26,0.29336084419354236,0.14490554576816317,0.013575909118758653,10.935201254422774
wang,yang_rms,12,27,0.3020900631686819,0.17459690265524855,0.013860492069926874,9.198314163034329
wang,yang_rms,12,28,0.3439522269838961,0.2504280195618279,0.010874048835298963,8.600679364108897
wang,yang_rms,12,29,0.4595511164946899,0.36927930882038484,0.01611350350611358,5.602245820721438
wang,yang_rms,12,30,0.44293195678076536,0.4628373879828807,0.010438431521102142,-1.9069369916232048
wang,yang_rms,12,31,0.4129318034579778,0.46021690177982516,0.017007068987412634,-2.780320251352203
wang,yang_rms,13,25,0.1722594471507818,0.10926663645763139,0.020514382479638767,3.0706657027416235
wang,yang_rms,13,26,0.2648263228099243,0.14874856747425863,0.017340083227236004,6.694186747232146
wang,yang_rms,13,27,0.2763456117754935,0.1768689118978606,0.009668198262812627,10.289062881577026
wang,yang_rms,13,28,0.3346508194234684,0.2514826036809013,0.007791314791446849,10.674477667603359
wang,yang_rms,13,29,0.42665534910353775,0.36859549916644957,0.009819627552968096,5.912632594658738
wang,yang_rms,13,30,0.4227378777630102,0.4538248636277312,0.008535494718368458,-3.6420836624526953
wang,yang_rms,13,31,0.4220651319934653,0.43578630285315334,0.018921847401393254,-0.7251496415026437
wang,yang_rms,14,25,0.18830248440082767,0.1063771697033014,0.016565478508747355,4.945544715431301
wang,yang_rms,14,26,0.29406176384458516,0.1447097748934601,0.014406566948181895,10.366938180922642
wang,yang_rms,14,27,0.2939886051591456,0.1730730848109564,0.012996903096613003,9.303410162356279
wang,yang_rms,14,28,0.3450614184951713,0.24852474378816086,0.013162044966849168,7.334473856467923
wang,yang_rms,14,29,0.4491711822203337,0.3557842522156925,0.0066660392162870945,14.009358027247945
wang,yang_rms,14,30,0.4317303597435554,0.4457205485025921,0.007604265561964285,-1.8397817179102864
wang,yang_rms,14,31,0.4222030760775714,0.4363431298453026,0.007582503920039571,-1.8648264368661749
wang,yang_rms,15,25,0.16399944849399833,0.10941009565147117,0.012957569685160611,4.212931450026813
wang,yang_rms,15,26,0.26172894016980286,0.1492899825865468,0.009632861994762366,11.672435216490385
wang,yang_rms,15,27,0.2616121953097576,0.17210752733628748,0.006462277143601157,13.85032953315786
wang,yang_rms,15,28,0.32008804769108573,0.24442747672594037,0.014183483891791634,5.334413712623327
wang,yang_rms,15,29,0.4281783761381432,0.35399056836382536,0.004570330677377613,16.232481413551824
wang,yang_rms,15,30,0.4178433024285566,0.43463529508904414,0.011824574079532241,-1.4200928124382635
wang,yang_rms,15,31,0.4259896037309809,0.4034254118627058,0.011874446036783887,1.9002311180140268
wang,yang_rms,16,25,0.1790543991054367,0.10544246527642134,0.01146379327577521,6.4212544712027295
wang,yang_rms,16,26,0.28073868694463877,0.1387836254654552,0.009415204435358862,15.077214993449363
wang,yang_rms,16,27,0.2784298251037474,0.16346442133748984,0.0036710788552702313,31.31651710537688
wang,yang_rms,16,28,0.3421970569054834,0.2350861900718554,0.013826218511915457,7.746938668828334
wang,yang_rms,16,29,0.45776022121820914,0.34025410503735576,0.008801503797008028,13.350686302129219
wang,yang_rms,16,30,0.43181868146093194,0.417899952136934,0.009413003388201698,1.4786703828709717
wang,yang_rms,16,31,0.42439920156689664,0.3982168037747657,0.01191110718771494,2.1981497924168916
wang,yang_rms,17,25,0.16337900736750063,0.1076660848505849,0.019166795689036936,2.906741607768195
wang,yang_rms,17,26,0.26788799643182415,0.14071576466867614,0.010603557934318135,11.993354735353353
wang,yang_rms,17,27,0.2844385617848663,0.16480998966418864,0.008405644520525078,14.23193329536672
wang,yang_rms,17,28,0.3420071397587418,0.2385881455769213,0.010962641782997336,9.433765713499794
wang,yang_rms,17,29,0.4483795110924733,0.3412892850176449,0.009816504522250767,10.909201521996993
wang,yang_rms,17,30,0.4374279394509806,0.41348432455670964,0.02184900053978468,1.095867742356095
wang,yang_rms,17,31,0.42871192248347284,0.3750321714272505,0.02126805010981118,2.5239620359677124
wang,yang_rms,18,25,0.18716624452158828,0.11310968578113445,0.014364337415989562,5.155584737101642
wang,yang_rms,18,26,0.331142633027401,0.149073797519034,0.014505154377436637,12.552009497505422
wang,yang_rms,18,27,0.30441204968756896,0.17414376213185517,0.010029041469673991,12.989106481374272
wang,yang_rms,18,28,0.3670498312361069,0.2501203255001739,0.010256498765126444,11.400528427255312
wang,yang_rms,18,29,0.4860048931435307,0.3529339403248576,0.013024088059562886,10.217295230967535
wang,yang_rms,18,30,0.47190401287170974,0.43407136340101904,0.018843566945598432,2.00772229482422
wang,yang_rms,18,31,0.45970542680924587,0.3924297396559481,0.01928254876246186,3.4889416322527946
wang,yang_rms,19,25,0.15579707167213278,0.10565725285815086,0.014256512511437202,3.5169764536563584
wang,yang_rms,19,26,0.23840737404142187,0.13297286129203842,0.009848036020843986,10.706146131698208
wang,yang_rms,19,27,0.26516142055670266,0.15936195424806784,0.007447548100796472,14.205946020989133
wang,yang_rms,19,28,0.32416148393356936,0.23201614814985114,0.013294800455508857,6.930930335666432
wang,yang_rms,19,29,0.4238778472742408,0.3278987821406782,0.008744897895300694,10.975435766395805
wang,yang_rms,19,30,0.40215858533496346,0.4067868193578262,0.01203760788498181,-0.3844812081507433
wang,yang_rms,19,31,0.3850865910700663,0.3738423509569261,0.016772737963856244,0.6703878721154871
wang,yang_rms,20,25,0.16390936032002973,0.09327013555455925,0.00851960994614878,8.29136840911389
wang,yang_rms,20,26,0.27337385582329193,0.13417484183604514,0.008395057222355583,16.581067918937748
wang,yang_rms,20,27,0.28418879602183933,0.1557641310316475,0.008371244741191691,15.341167169353348
wang,yang_rms,20,28,0.3418803768468494,0.2200507407101159,0.014748351981494769,8.260559301106799
wang,yang_rms,20,29,0.46506620238669566,0.31330611692271115,0.011275989904182023,13.458692917745514
wang,yang_rms,20,30,0.43460149156193234,0.3833685428682639,0.016966046460189683,3.0197340797035435
wang,yang_rms,20,31,0.4082214551357155,0.34331672898714977,0.016534223041649334,3.925477839815769
wang,yang_rms,21,25,0.15753718938835887,0.11146748202171455,0.01406786247380391,3.274819287751197
wang,yang_rms,21,26,0.3454586686891156,0.13949919703474184,0.016136139327974423,12.763862995240261
wang,yang_rms,21,27,0.2983301886161304,0.1630105182322858,0.007174166294756006,18.86207606906983
wang,yang_rms,21,28,0.3581045886756003,0.23544840699498618,0.013446883399225635,9.121532331252126
wang,yang_rms,21,29,0.4870608012364671,0.3354704314931257,0.012785320879079923,11.856594854133249
wang,yang_rms,21,30,0.499296708187078,0.4107600029025414,0.011413151109364823,7.757428639658478
wang,yang_rms,21,31,0.5148177074862293,0.364678470722812,0.018408818344458067,8.15583238174635
wang,yang_rms,22,25,0.1634093605078476,0.10100610350326385,0.014340679194377608,4.351485460259756
wang,yang_rms,22,26,0.2441110430709855,0.12701476091926417,0.009500536618853618,12.325228231776528
wang,yang_rms,22,27,0.2536869168614943,0.1447464317101071,0.011174227847276114,9.749262914657955
wang,yang_rms,22,28,0.3061424295701076,0.21449559332294116,0.011008330191186076,8.325225956661836
wang,yang_rms,22,29,0.4092460887521035,0.3009669775952123,0.00978364911975411,11.06735430017267
wang,yang_rms,22,30,0.38757755213832873,0.3639183194848396,0.017943328254909595,1.31855318686574
wang,yang_rms,22,31,0.36779408741570213,0.32534970228559285,0.0216148277606843,1.963669828880725
wang,yang_rms,23,25,0.14758140098143527,0.08916226919380482,0.015207464916447515,3.8414773342299604
wang,yang_rms,23,26,0.2488195586388334,0.11069658837595923,0.0114515477479972,12.061511098971838
wang,yang_rms,23,27,0.2640850993136059,0.13492376497077482,0.01428974683567578,9.03874196149976
wang,yang_rms,23,28,0.3096181976102476,0.19607407781661082,0.01554968506978751,7.302020541512382
wang,yang_rms,23,29,0.3934489960800884,0.27512243475565873,0.01908603736443327,6.199640033448252
wang,yang_rms,23,30,0.4014724535476936,0.3301923145909759,0.02385490586839896,2.988070435069033
wang,yang_rms,23,31,0.3899789343851489,0.2870628200864653,0.0186428920882641,5.520394250603984
wang,yang_rms,24,25,0.15810265640573007,0.10219993724127134,0.008861242899284565,6.308676988074909
wang,yang_rms,24,26,0.29196244869838084,0.12865381344260385,0.010268474733562523,15.903884412550825
wang,yang_rms,24,27,0.2767542603022079,0.1498137425338983,0.009328833921040959,13.607329580816993
wang,yang_rms,24,28,0.3388933339955545,0.21492073176198226,0.012131016242513011,10.219473765034756
wang,yang_rms,24,29,0.44306910854232195,0.3057968266432339,0.007214788762803845,19.026514346033423
wang,yang_rms,24,30,0.4535181756675952,0.3670944107420242,0.006899377238406684,12.526313888806781
wang,yang_rms,24,31,0.4757149369695525,0.3203459535884938,0.007707802852242217,20.15736343539995
wang,yang_rms,25,25,0.21371394875262503,0.10422003757349634,0.010562994139685672,10.365802511217426
wang,yang_rms,25,26,0.2583776218643817,0.132406926994857,0.009330556620018016,13.500876742901264
wang,yang_rms,25,27,0.2512604464818571,0.15267874911613954,0.015152864636313441,6.505812579455708
wang,yang_rms,25,28,0.31691167780621454,0.21957593625973457,0.010593355129144324,9.18837708732061
wang,yang_rms,25,29,0.41495018582043686,0.3130235403213828,0.01927165857623799,5.28893997866535
wang,yang_rms,25,30,0.412146042898019,0.3799107517773683,0.020815961823269984,1.5485852344624835
wang,yang_rms,25,31,0.41933209625076495,0.33980927341943373,0.022885779566497615,3.4747701121680077
wang,yang_rms,26,25,0.1375794798045245,0.08973788732763008,0.011406605286654317,4.194200752512135
wang,yang_rms,26,26,0.4364456099623334,0.11591423706903406,0.005548366223172117,57.7704066387393
wang,yang_rms,26,27,0.33827963932500094,0.13942964320349713,0.008626619846069872,23.050742894634006
wang,yang_rms,26,28,0.3859937432840561,0.1986191602078928,0.011187359268416134,16.7487767739036
wang,yang_rms,26,29,0.5295048880942121,0.28672754620094776,0.011211107827412274,21.655071526441805
wang,yang_rms,26,30,0.5374544246655683,0.3476802917996734,0.015643223501833288,12.131395606772127
wang,yang_rms,26,31,0.5438965541170943,0.31578144768633887,0.016059642111372018,14.20424595073787
wang,yang_rms,27,25,0.19051696600313686,0.10571113885278008,0.01778414511198459,4.768619836171199
wang,yang_rms,27,26,0.3291078462463938,0.13761342313495684,0.019827051477204736,9.658240073245338
wang,yang_rms,27,27,0.35282444336414487,0.16278108798229804,0.010589723592694096,17.94601659980613
wang,yang_rms,27,28,0.3893039138876493,0.23282079200002329,0.013191176645233105,11.862711424168086
wang,yang_rms,27,29,0.5279434324519064,0.3310230321238743,0.013615534287619442,14.462921260981377
wang,yang_rms,27,30,0.5125801531112583,0.4036981804879812,0.015408308901631772,7.066445339225141
wang,yang_rms,27,31,0.482346332311836,0.36554151989838923,0.015310678825866026,7.62897672545488
wang,yang_rms,28,25,0.17238675875012288,0.0959591309150188,0.012956312187361332,5.8988720501546705
wang,yang_rms,28,26,0.3802320956370218,0.12607409196124003,0.009148205772263676,27.782278842738766
wang,yang_rms,28,27,0.35632585927347876,0.15689491863808663,0.007018518056765337,28.414964387411572
wang,yang_rms,28,28,0.4664808784422937,0.22588483153802102,0.012623475904528617,19.059413486737032
wang,yang_rms,28,29,0.5536415707637302,0.31352777455588177,0.016792233376129242,14.299098328944067
wang,yang_rms,28,30,0.5574679857036992,0.3843721562895486,0.021101992535344942,8.20281919464346
wang,yang_rms,28,31,0.5210374897659352,0.35878477674338505,0.028823710257702674,5.629140439308667
wang,yang_rms,29,25,0.17264605390767007,0.10420887683872657,0.010106289534665516,6.771741184951965
wang,yang_rms,29,26,0.3389893419024436,0.12993292706103815,0.009894993621378351,21.12749364382959
wang,yang_rms,29,27,0.3348850236401188,0.15853807432792633,0.011109937854182926,15.872901507347073
wang,yang_rms,29,28,0.4155272450700865,0.22999652062349937,0.011547802378832524,16.06632312886395
wang,yang_rms,29,29,0.6299226244416718,0.3294566537802396,0.008060475843880728,37.27645569331207
wang,yang_rms,29,30,0.5279359690011918,0.4146432847154718,0.01812302649621604,6.25131151849139
wang,yang_rms,29,31,0.48018559366610436,0.3896342998841856,0.03750963542386973,2.4140808823829656
wang,yang_rms,30,25,0.20442217785564995,0.12360200467306551,0.009158895044089493,8.824227463414388
wang,yang_rms,30,26,0.4342093788093754,0.1563647441628619,0.018815014959650274,14.767175856217229
wang,yang_rms,30,27,0.3944179607741725,0.19544383588635744,0.016602025957128237,11.984930357393138
wang,yang_rms,30,28,0.47331335301687344,0.27476079868204395,0.014817507272643872,13.399862114554034
wang,yang_rms,30,29,0.6519931222601602,0.4080276051188414,0.02481606262866482,9.830951863391748
wang,yang_rms,30,30,0.7002377632910359,0.5519275020308454,0.01930891433411871,7.680921811234483
wang,yang_rms,30,31,0.6263988457301535,0.5609679314414119,0.02666829624804849,2.4535093535842076
wang,yang_rms,31,25,0.18496229617114682,0.10833001847486408,0.01442312906607611,5.313152045246931
wang,yang_rms,31,26,0.4786774994897654,0.14973920317754616,0.013784322263125186,23.863218664886485
wang,yang_rms,31,27,0.37682766974845444,0.18938251063983397,0.020321910291569423,9.223796209078946
wang,yang_rms,31,28,0.45983526290597987,0.27282099962776435,0.014155545898097983,13.211377690728535
wang,yang_rms,31,29,0.6281463679281206,0.4150694523033877,0.019491484976594618,10.931794877639941
wang,yang_rms,31,30,0.7095595325435444,0.5859602854199693,0.017363923461724825,7.118163553071639
wang,yang_rms,31,31,0.8131241856039307,0.6929948940767647,0.026407406857446337,4.549075650466303
zhao_topk,yang_rms,0,25,0.08198825778405687,0.07538659643751255,0.007533218364818858,0.8763401015129153
zhao_topk,yang_rms,0,26,0.4496190661336614,0.1101139713177787,0.01729034660685055,19.635528571843007
zhao_topk,yang_rms,0,27,0.32324287759754006,0.14152395162452377,0.018658992387515207,9.738946358893688
zhao_topk,yang_rms,0,28,0.3271579105507291,0.18641449298166785,0.011754964296029022,11.973104641126492
zhao_topk,yang_rms,0,29,0.4742482674195617,0.28318109406788705,0.010115532323004271,18.88849417416804
zhao_topk,yang_rms,0,30,0.5652241902888601,0.3719859128942954,0.017859128859204147,10.820140160138578
zhao_topk,yang_rms,0,31,0.5960606567001746,0.42086238444258794,0.0291019913400581,6.02014721983753
zhao_topk,yang_rms,1,25,0.08508325736757452,0.06482851288683875,0.007172623140253644,2.8238963744050145
zhao_topk,yang_rms,1,26,0.4514481446757545,0.09386509564482395,0.009488488296539966,37.68598725692957
zhao_topk,yang_rms,1,27,0.3195187041401972,0.1160954036397649,0.01011751909244448,20.10604562657499
zhao_topk,yang_rms,1,28,0.3250971283780335,0.15703163446572538,0.004870620632226922,34.50597092294294
zhao_topk,yang_rms,1,29,0.4692008065780227,0.23440226458380517,0.007448282810681217,31.52384891420939
zhao_topk,yang_rms,1,30,0.5582484349776718,0.29344467316249023,0.006145287869265418,43.090538221903536
zhao_topk,yang_rms,1,31,0.5946814207167233,0.31139403734089843,0.011151058663184839,25.404528119926102
zhao_topk,yang_rms,2,25,0.10382649650773212,0.07604703470869068,0.009666510796942777,2.8737837656817438
zhao_topk,yang_rms,2,26,0.4483493473730815,0.10976135364322179,0.016139182326818848,20.97925327773392
zhao_topk,yang_rms,2,27,0.3364618321817614,0.1375299976201322,0.021084775646730346,9.434856594856768
zhao_topk,yang_rms,2,28,0.35247688913413644,0.18938990653108825,0.008323811814140885,19.592824326709106
zhao_topk,yang_rms,2,29,0.49025469045407605,0.2810408022247256,0.015709062183005218,13.318038072042746
zhao_topk,yang_rms,2,30,0.5792543392921854,0.35473480091536963,0.020769610417530737,10.810002395967354
zhao_topk,yang_rms,2,31,0.6178063201087267,0.37768994463307226,0.03263020362476549,7.358715202543579
zhao_topk,yang_rms,3,25,0.11928663141064468,0.07596242124750048,0.010660944416433856,4.063824786138072
zhao_topk,yang_rms,3,26,0.4147304823842334,0.10212815519196414,0.010165393532961657,30.75162079841226
zhao_topk,yang_rms,3,27,0.3347075472942761,0.12157161632649476,0.006260694552088981,34.04349616396237
zhao_topk,yang_rms,3,28,0.3504630936024365,0.17277533497257985,0.00871949153038957,20.37822480939068
zhao_topk,yang_rms,3,29,0.4766882859793144,0.25192066269059554,0.009491982315256485,23.679734730167937
zhao_topk,yang_rms,3,30,0.5565324630780718,0.30980450498033346,0.012981157648249557,19.006622119792866
zhao_topk,yang_rms,3,31,0.5887489970222105,0.2978960894880548,0.019954494178629385,14.575809586075588
zhao_topk,yang_rms,4,25,0.12073154571661496,0.08723970976142088,0.014545788179182471,2.302510908492856
zhao_topk,yang_rms,4,26,0.4145389940645899,0.11908344595423774,0.010296343773190006,28.69519070251617
zhao_topk,yang_rms,4,27,0.3229118540734063,0.14364819089078376,0.014616748040281463,12.264264437520577
zhao_topk,yang_rms,4,28,0.3559599267263037,0.20101342457404522,0.004399405540408073,35.21987248711021
zhao_topk,yang_rms,4,29,0.47875447694674506,0.2923911982033828,0.013304393180368896,14.007649670061458
zhao_topk,yang_rms,4,30,0.5525329191881039,0.3666359472635934,0.014220421607239448,13.072535896535763
zhao_topk,yang_rms,4,31,0.5972420149137859,0.36269183566424823,0.01891015980306539,12.403394878319137
zhao_topk,yang_rms,5,25,0.12386990610677644,0.08703108576441099,0.01634228463911699,2.2542025889200232
zhao_topk,yang_rms,5,26,0.38730897867559777,0.12068985683337514,0.01811507123973962,14.718082988121603
zhao_topk,yang_rms,5,27,0.3121914499456266,0.14053443085406,0.007906070653582575,21.71205224605241
zhao_topk,yang_rms,5,28,0.33526948165436643,0.2015363180975518,0.010701268340869707,12.496945156123985
zhao_topk,yang_rms,5,29,0.4551985007663537,0.29121791769929894,0.017139560154723205,9.567374050836777
zhao_topk,yang_rms,5,30,0.5318474544093008,0.35999347566898865,0.02054818807671611,8.363461444809632
zhao_topk,yang_rms,5,31,0.5768820692603228,0.3436041612821909,0.03309500743656405,7.048734115720477
zhao_topk,yang_rms,6,25,0.116222277966885,0.07905012118370967,0.011994082412469192,3.099208051508026
zhao_topk,yang_rms,6,26,0.3921250890371134,0.11192141860492902,0.006952881900324101,40.30036385619077
zhao_topk,yang_rms,6,27,0.30968393111477155,0.12942004878981694,0.0064586311249878485,27.91053999469489
zhao_topk,yang_rms,6,28,0.3403052577904555,0.18373827341735235,0.009156227142634494,17.099508556758522
zhao_topk,yang_rms,6,29,0.4486036350617805,0.26916013711760983,0.012523492341373598,14.328550938730324
zhao_topk,yang_rms,6,30,0.5380120983599397,0.3310681353347463,0.015736894572329154,13.150241432580458
zhao_topk,yang_rms,6,31,0.5907160081651485,0.3186328507859025,0.020984647045610642,12.965820048717836
zhao_topk,yang_rms,7,25,0.1333777842515232,0.08078173096322916,0.011137612287570372,4.722381416256649
zhao_topk,yang_rms,7,26,0.3580351034486453,0.11398094719962763,0.013267207791657704,18.3952916153523
zhao_topk,yang_rms,7,27,0.30160458653737365,0.13713050547689687,0.00892175662314529,18.43516787196251
zhao_topk,yang_rms,7,28,0.34336513526791795,0.19196319373813936,0.0090647174930872,16.702334258650477
zhao_topk,yang_rms,7,29,0.4445535078044468,0.2756884929894011,0.013180823213278875,12.811416410237904
zhao_topk,yang_rms,7,30,0.503539105443889,0.341513583863552,0.013650243415832722,11.869789911028688
zhao_topk,yang_rms,7,31,0.5372819919288581,0.32889512615925043,0.023372263387175105,8.915989962870018
zhao_topk,yang_rms,8,25,0.13362697351495328,0.08894396791133329,0.01606804984959119,2.7808605289307615
zhao_topk,yang_rms,8,26,0.3702356455643238,0.1231283292392189,0.016560922291502737,14.92110837642741
zhao_topk,yang_rms,8,27,0.3055182093031051,0.14301810497062023,0.011620767024659457,13.983595401891886
zhao_topk,yang_rms,8,28,0.3504825681052489,0.20188573834766071,0.017238451875417907,8.620079739845306
zhao_topk,yang_rms,8,29,0.4602412433417953,0.29947338001607493,0.011345683067577697,14.169958949862
zhao_topk,yang_rms,8,30,0.5190771089858925,0.3718280150952485,0.02062285062536403,7.140094091043966
zhao_topk,yang_rms,8,31,0.5618914706771623,0.3629874238891692,0.023337990570357188,8.522758040730018
zhao_topk,yang_rms,9,25,0.14608146596181937,0.08400449504849392,0.01123887804240721,5.523413518599712
zhao_topk,yang_rms,9,26,0.3342338330284237,0.11289413454546979,0.01241252961384493,17.831957334149816
zhao_topk,yang_rms,9,27,0.2845821050266372,0.1369844173429174,0.00671104903738166,21.99323635717399
zhao_topk,yang_rms,9,28,0.32350719254277344,0.1918457248295245,0.01655060471688994,7.9550850235029795
zhao_topk,yang_rms,9,29,0.41321317682237535,0.27308806229925503,0.01677016002021905,8.355621792169996
zhao_topk,yang_rms,9,30,0.4679795776714611,0.33782980334154067,0.024637192351929883,5.282654470963917
zhao_topk,yang_rms,9,31,0.49696760236939647,0.3242062881898672,0.03639146645284789,4.74730289869947
zhao_topk,yang_rms,10,25,0.13243896367745903,0.07927675535250614,0.013138497602219431,4.046292805653245
zhao_topk,yang_rms,10,26,0.3141961087250186,0.11021973682473232,0.017248588301081624,11.825684997507611
zhao_topk,yang_rms,10,27,0.28350154635111235,0.13964232111218924,0.0070006451473388215,20.54942397610437
zhao_topk,yang_rms,10,28,0.33100877015527286,0.18447002832143672,0.01058507799187821,13.843898169316596
zhao_topk,yang_rms,10,29,0.4188868683149297,0.2726797658710357,0.015814367556480774,9.24520705122842
zhao_topk,yang_rms,10,30,0.47221606405102023,0.3377578604837145,0.01441422915497182,9.328157761452532
zhao_topk,yang_rms,10,31,0.5086602679485913,0.33030689039540206,0.015383038103125623,11.594158212281245
zhao_topk,yang_rms,11,25,0.153416508551661,0.08578384870136782,0.014934001931977742,4.528769994697359
zhao_topk,yang_rms,11,26,0.3844129649875892,0.11423976921597112,0.006232589055196331,43.348469372670266
zhao_topk,yang_rms,11,27,0.3322641822735609,0.13689401850057573,0.006542948835657028,29.85965024031348
zhao_topk,yang_rms,11,28,0.3690134650530266,0.19485479437549072,0.011088110677253765,15.70679403794249
zhao_topk,yang_rms,11,29,0.49162366497767684,0.28631957705351896,0.010506064056323334,19.5414845010954
zhao_topk,yang_rms,11,30,0.537556647397784,0.3634742250982302,0.008930996072191043,19.491938065184492
zhao_topk,yang_rms,11,31,0.5775151339005227,0.367418106497701,0.00813654218900702,25.821414370182453
zhao_topk,yang_rms,12,25,0.16958293397543617,0.08623361261505633,0.01415440379307237,5.888578747567859
zhao_topk,yang_rms,12,26,0.3690835522843703,0.11309231659067573,0.017899600932943266,14.3015051929206
zhao_topk,yang_rms,12,27,0.35156118179249657,0.1359069975544979,0.007979265745966996,27.02682065038352
zhao_topk,yang_rms,12,28,0.36932092439441483,0.19789463344659303,0.010387345818773533,16.50337766149993
zhao_topk,yang_rms,12,29,0.49016732102254157,0.28926175339497145,0.00728847736760717,27.564820125596142
zhao_topk,yang_rms,12,30,0.544357020879142,0.3610712580952486,0.010625654000312132,17.24936298306996
zhao_topk,yang_rms,12,31,0.552603831949141,0.3564633511126867,0.010740471339933718,18.261813157788726
zhao_topk,yang_rms,13,25,0.1378333829742262,0.08204763935988588,0.014937690487515037,3.7345628268952424
zhao_topk,yang_rms,13,26,0.3646159195911376,0.11201878483633372,0.015018956795153615,16.818553924884654
zhao_topk,yang_rms,13,27,0.32277473435017545,0.13587165786474326,0.008218651971688664,22.741329980788777
zhao_topk,yang_rms,13,28,0.355223074007819,0.18848417193474493,0.007725243966038301,21.58364225208825
zhao_topk,yang_rms,13,29,0.4796765698062701,0.2806841732404667,0.014429325264720455,13.790831720478135
zhao_topk,yang_rms,13,30,0.5028714908675417,0.34521698851394506,0.011762733764056179,13.402879425473976
zhao_topk,yang_rms,13,31,0.5276568717448262,0.3349360768975372,0.014788385135048605,13.03190261055205
zhao_topk,yang_rms,14,25,0.13627477181557895,0.08300280350068323,0.01434889383346875,3.712618473114563
zhao_topk,yang_rms,14,26,0.3599992126672964,0.11353456893958487,0.007483578442030457,32.93406298028198
zhao_topk,yang_rms,14,27,0.3139247479101591,0.1350644390969104,0.006963639062339748,25.684890789436256
zhao_topk,yang_rms,14,28,0.3495262742640491,0.19486926350544484,0.012766323259622544,12.114452032383905
zhao_topk,yang_rms,14,29,0.43748757814281936,0.28457344694834374,0.0031785449416321106,48.10821743988231
zhao_topk,yang_rms,14,30,0.4886142659663192,0.3480245270579948,0.014353522232383583,9.79479020077274
zhao_topk,yang_rms,14,31,0.5143568367220065,0.33735491807777274,0.021245101505316614,8.331422591694317
zhao_topk,yang_rms,15,25,0.1333585508028788,0.09264282329761715,0.01696750521931653,2.3996295848436895
zhao_topk,yang_rms,15,26,0.3848180960295882,0.12651201646733143,0.00760054246410552,33.98521628977649
zhao_topk,yang_rms,15,27,0.35119712921493856,0.14984433800124253,0.00589761764465543,34.14137764528818
zhao_topk,yang_rms,15,28,0.3615646551532174,0.20950798659434602,0.01398806109045532,10.8704607147181
zhao_topk,yang_rms,15,29,0.4898785429176782,0.29909236549456386,0.012172597599384077,15.673415297386315
zhao_topk,yang_rms,15,30,0.5456344575945387,0.37055664828239665,0.023156143770092726,7.560749797134332
zhao_topk,yang_rms,15,31,0.5513121110671532,0.34899867628065123,0.02930762378069755,6.9030992174721675
zhao_topk,yang_rms,16,25,0.14922782477517813,0.10226566063371645,0.013145724797734614,3.572428668942971
zhao_topk,yang_rms,16,26,0.44071613567520906,0.1359199005281162,0.010193056733706279,29.90233873016681
zhao_topk,yang_rms,16,27,0.3821626993034134,0.16123228166903383,0.007301444401792797,30.258453735555708
zhao_topk,yang_rms,16,28,0.40562329174635803,0.23055165992657947,0.00821599630625615,21.308630784859112
zhao_topk,yang_rms,16,29,0.5331737380386514,0.3330255420826701,0.012780055458157502,15.6609802368445
zhao_topk,yang_rms,16,30,0.6020192959902265,0.40914728533101935,0.016601140708554958,11.617997464464336
zhao_topk,yang_rms,16,31,0.624162216936358,0.3878946502853154,0.034092818700694104,6.930127095834184
zhao_topk,yang_rms,17,25,0.1451937183348178,0.09901323212843716,0.019205475550832858,2.4045479157311473
zhao_topk,yang_rms,17,26,0.39474031033932017,0.14168409580711225,0.013740125511424856,18.41731462509515
zhao_topk,yang_rms,17,27,0.34932239239250173,0.15890749535874168,0.007932950012834493,24.00303754917064
zhao_topk,yang_rms,17,28,0.3871293052445288,0.2295918172795493,0.005760151425236347,27.349539332382314
zhao_topk,yang_rms,17,29,0.49685418045622715,0.3241881015549037,0.008249394325557933,20.930758318386665
zhao_topk,yang_rms,17,30,0.5536801792520476,0.39483417312130353,0.009391516764230959,16.91377549745038
zhao_topk,yang_rms,17,31,0.5842825544199703,0.3588654494394949,0.012217092584388354,18.45096150523778
zhao_topk,yang_rms,18,25,0.1323863358414433,0.10147060850969321,0.018638967806783875,1.658660911496287
zhao_topk,yang_rms,18,26,0.4461638961143439,0.13197775002675652,0.014248763425993191,22.05006404376368
zhao_topk,yang_rms,18,27,0.4011367887401851,0.15122952607545886,0.00911614982297571,27.413685329619895
zhao_topk,yang_rms,18,28,0.3950697225099915,0.22145692524762364,0.015008185474122424,11.567873915318836
zhao_topk,yang_rms,18,29,0.5415572829613049,0.3116059894304116,0.014181269218144875,16.21514195899134
zhao_topk,yang_rms,18,30,0.6247867809108975,0.37572239414244457,0.01950691147074603,12.768007233844669
zhao_topk,yang_rms,18,31,0.6353151272153073,0.3386459854607212,0.022291630623884163,13.308543765152946
zhao_topk,yang_rms,19,25,0.1523541086853809,0.10084823359743149,0.019373753169288757,2.6585388302353543
zhao_topk,yang_rms,19,26,0.4002758570805469,0.13371010177643278,0.01681524321392006,15.852625615515608
zhao_topk,yang_rms,19,27,0.366192982784913,0.15170722603927703,0.014570624399810567,14.72042315142133
zhao_topk,yang_rms,19,28,0.4006223240412849,0.21751293164194782,0.007396343177430074,24.75674640923842
zhao_topk,yang_rms,19,29,0.5248146568342592,0.3135647137992253,0.017339782733850475,12.182963666703552
zhao_topk,yang_rms,19,30,0.5879127766713913,0.37980816215873475,0.025971646059788002,8.012761841647984
zhao_topk,yang_rms,19,31,0.6101363747404974,0.3480325844648492,0.04188707640337701,6.257390412058383
zhao_topk,yang_rms,20,25,0.1359222510802459,0.0953263868669946,0.011083439487442618,3.6627496599088967
zhao_topk,yang_rms,20,26,0.39766924045603,0.12434464816163873,0.007258134826400394,37.65769014102817
zhao_topk,yang_rms,20,27,0.3626064865509244,0.14600991659604642,0.010660311563508657,20.318033733301974
zhao_topk,yang_rms,20,28,0.38290358625024207,0.20621479278268323,0.01419159108412948,12.450245530619235
zhao_topk,yang_rms,20,29,0.5194348008777352,0.2962070916981411,0.012643665164397475,17.655300601297746
zhao_topk,yang_rms,20,30,0.5765365049239868,0.3643485916067529,0.021960999822000407,9.662033379038835
zhao_topk,yang_rms,20,31,0.6118499269183125,0.3310215279091622,0.018703302486751228,15.014909757679394
zhao_topk,yang_rms,21,25,0.12937912216794697,0.10075014266790483,0.01397682972899675,2.048317111615634
zhao_topk,yang_rms,21,26,0.4109677295827294,0.13551879221058102,0.010790400243912226,25.52722152522121
zhao_topk,yang_rms,21,27,0.3770101383374857,0.16262559527421377,0.010245037506364602,20.92569626319945
zhao_topk,yang_rms,21,28,0.3898684415560599,0.22674459194734248,0.007486411014359148,21.789325926113495
zhao_topk,yang_rms,21,29,0.5366097211869841,0.32800269615573885,0.008950262463437905,23.307363988867515
zhao_topk,yang_rms,21,30,0.5951738121408829,0.3943044511974049,0.007299554171407142,27.518031406670996
zhao_topk,yang_rms,21,31,0.6373904706770518,0.3495343021681252,0.012194831113120625,23.60476876134982
zhao_topk,yang_rms,22,25,0.13070291641843082,0.0839878759958513,0.01047435402194125,4.459944768405074
zhao_topk,yang_rms,22,26,0.4144246846669074,0.1194648719381606,0.011982830081931172,24.615204481077864
zhao_topk,yang_rms,22,27,0.3656730514142032,0.13447748094704454,0.014726646238938306,15.699132491949255
zhao_topk,yang_rms,22,28,0.3986522653741604,0.19891272699322277,0.008287919457088592,24.10008198258997
zhao_topk,yang_rms,22,29,0.5261291300361703,0.2810197167539959,0.008399619296969611,29.18101459319761
zhao_topk,yang_rms,22,30,0.5984253822766632,0.33976921699281853,0.009610478302552659,26.913974220735973
zhao_topk,yang_rms,22,31,0.6195152741532035,0.30538972970267747,0.01902911735865618,16.507625578736214
zhao_topk,yang_rms,23,25,0.14534512980771622,0.07156577250405989,0.007313218296209622,10.08849378144442
zhao_topk,yang_rms,23,26,0.3961370506302063,0.09668186850452054,0.008653476209637904,34.605189275514995
zhao_topk,yang_rms,23,27,0.3573886920309647,0.11276528847905753,0.011091644436006612,22.054746251853373
zhao_topk,yang_rms,23,28,0.38639043701439013,0.15861759674663664,0.0063978003537662614,35.6017424228732
zhao_topk,yang_rms,23,29,0.5017277545128983,0.22545195634081655,0.006230563888715578,44.34202154197565
zhao_topk,yang_rms,23,30,0.5509414517715794,0.27047303193381345,0.014997145304581782,18.701453786146885
zhao_topk,yang_rms,23,31,0.5707676521497409,0.23204324639002194,0.01849445767134948,18.314914218028182
zhao_topk,yang_rms,24,25,0.13751223793621237,0.06949355066558943,0.007247660302561909,9.384916570466146
zhao_topk,yang_rms,24,26,0.4097286616182906,0.09586911361499362,0.00536777472984603,58.47107298638439
zhao_topk,yang_rms,24,27,0.36574008598811436,0.11054111156183147,0.010198787118308454,25.022482719357868
zhao_topk,yang_rms,24,28,0.3656869754410788,0.1615166275490735,0.009110357137940478,22.41079518625335
zhao_topk,yang_rms,24,29,0.5259921632271063,0.22537798807894083,0.013749125517146901,21.864239640060127
zhao_topk,yang_rms,24,30,0.5813800307520766,0.27064087970731443,0.014074773068264644,22.077737917168058
zhao_topk,yang_rms,24,31,0.6104922612355203,0.23684231037175438,0.012226082397718687,30.56170723448475
zhao_topk,yang_rms,25,25,0.22667804874106476,0.09164802183219867,0.01444249910194403,9.349491798873672
zhao_topk,yang_rms,25,26,0.4003475113820255,0.11292211755778259,0.012124618582935082,23.705932838892164
zhao_topk,yang_rms,25,27,0.3914797892689087,0.13509028236531412,0.013826575157416652,18.543240389220017
zhao_topk,yang_rms,25,28,0.3916163089423385,0.1978619668955415,0.019372759605738848,10.001380597806035
zhao_topk,yang_rms,25,29,0.5596769387546284,0.27847194055949087,0.03055941334666816,9.201910881113065
zhao_topk,yang_rms,25,30,0.6152465345694438,0.3342454333646621,0.03909217452497448,7.1881675711148
zhao_topk,yang_rms,25,31,0.6248618389320671,0.29734180041854225,0.04675431383444555,7.005129829800418
zhao_topk,yang_rms,26,25,0.1316146557426706,0.10300980651664549,0.01501698147588168,1.9048334894710024
zhao_topk,yang_rms,26,26,0.5375257275026784,0.13224358588698096,0.019185220793957136,21.12470562462076
zhao_topk,yang_rms,26,27,0.3860524695674436,0.15556956102388425,0.009024204796474063,25.540522820760188
zhao_topk,yang_rms,26,28,0.4140787830288535,0.2201687429072013,0.003812230653673441,50.86524340671825
zhao_topk,yang_rms,26,29,0.5823476564725715,0.31362277802021266,0.01798689217912486,14.940039434062667
zhao_topk,yang_rms,26,30,0.6478173522810826,0.38419764958434016,0.012765417777219384,20.65108305089606
zhao_topk,yang_rms,26,31,0.6732479671419754,0.34464732419586447,0.021883697295836356,15.015773546119709
zhao_topk,yang_rms,27,25,0.14660256667671068,0.1059490359663859,0.01768623505410492,2.298597219021423
zhao_topk,yang_rms,27,26,0.46098501710428064,0.14413585612298874,0.02003891220799502,15.811694651512925
zhao_topk,yang_rms,27,27,0.4392532922708017,0.16640462649155996,0.011455034310824652,23.81910506557001
zhao_topk,yang_rms,27,28,0.43741864545830733,0.23354788206732424,0.008811737794294474,23.13627211229409
zhao_topk,yang_rms,27,29,0.5892548102377902,0.337830136303542,0.01478656642995928,17.00358735242504
zhao_topk,yang_rms,27,30,0.6585130988788874,0.4121471261380513,0.020808099892676457,11.839907248212807
zhao_topk,yang_rms,27,31,0.6787026916125771,0.3703687556530095,0.022480142974842098,13.715835184172507
zhao_topk,yang_rms,28,25,0.16124448754757678,0.12872591081000967,0.017328134331464195,1.87663461717978
zhao_topk,yang_rms,28,26,0.43342120646596943,0.16661374777442953,0.011494723657151727,23.211298213814736
zhao_topk,yang_rms,28,27,0.37906698348785967,0.19736824969545214,0.009311975365641328,19.512372687628314
zhao_topk,yang_rms,28,28,0.4892301442148258,0.2870215576522742,0.008262696748102342,24.47246858103463
zhao_topk,yang_rms,28,29,0.5725965936013999,0.4075878061557681,0.008974017052983516,18.387394014453395
zhao_topk,yang_rms,28,30,0.632393817454389,0.5018646075920529,0.01621040771809354,8.05218549294375
zhao_topk,yang_rms,28,31,0.6604502067712262,0.4677395572165402,0.015402802762287332,12.511401498078282
zhao_topk,yang_rms,29,25,0.16876127163769636,0.13927749651708393,0.018874864119191332,1.5620655563095847
zhao_topk,yang_rms,29,26,0.48516183477584646,0.17521259147630258,0.015411765142032498,20.111209873956586
zhao_topk,yang_rms,29,27,0.43573841221024456,0.21183133436490448,0.00772151790030937,28.99780596718801
zhao_topk,yang_rms,29,28,0.4734189553599858,0.29986891611752836,0.018248566389260847,9.510338266604352
zhao_topk,yang_rms,29,29,0.7354548412476133,0.4426057987338094,0.01510623997189638,19.385965207663833
zhao_topk,yang_rms,29,30,0.7184504741165505,0.5506889207101305,0.010688214048613446,15.69593878297967
zhao_topk,yang_rms,29,31,0.7097334035523727,0.5369392030102558,0.01801470222065739,9.591843285867611
zhao_topk,yang_rms,30,25,0.16573049555306682,0.14095473316153934,0.016863982508627487,1.469152519510287
zhao_topk,yang_rms,30,26,0.5208527479364141,0.1815405513409916,0.016696605860320065,20.3222259322661
zhao_topk,yang_rms,30,27,0.4682326946409286,0.2221331716781089,0.013322342880596699,18.47269096498416
zhao_topk,yang_rms,30,28,0.49379710371507707,0.32033321344593196,0.011853102891651375,14.634470978170857
zhao_topk,yang_rms,30,29,0.6969464812885844,0.4670939149440354,0.00917940359711518,25.040032711578885
zhao_topk,yang_rms,30,30,0.8462517556003122,0.6199955061760495,0.016310920513729815,13.871458035357977
zhao_topk,yang_rms,30,31,0.7923507569040931,0.6193223072438465,0.023532606599749043,7.352710755896109
zhao_topk,yang_rms,31,25,0.17491026388263964,0.1349575382265487,0.015032688584861944,2.6577232296505953
zhao_topk,yang_rms,31,26,0.5341238546697948,0.1825077652500922,0.01307764933303821,26.886795972683792
zhao_topk,yang_rms,31,27,0.42858176741984655,0.23208446161794685,0.02208505468443848,8.89729767979045
zhao_topk,yang_rms,31,28,0.49191587160499867,0.3240043170637633,0.02212338173968862,7.589777933452531
zhao_topk,yang_rms,31,29,0.6629201535673525,0.4963996593557458,0.015488861621579234,10.750983402137743
zhao_topk,yang_rms,31,30,0.7915404674883214,0.7030135893514851,0.020419459700104028,4.3354172655403485
zhao_topk,yang_rms,31,31,0.8613151171568126,0.842947815773908,0.014832856426139737,1.23828484920384
