variant,layer,neuron_index
zhao_topk,0,20
zhao_topk,0,31
zhao_topk,0,42
zhao_topk,0,47
zhao_topk,0,92
zhao_topk,0,114
zhao_topk,0,125
zhao_topk,0,167
zhao_topk,0,170
zhao_topk,0,186
zhao_topk,0,258
zhao_topk,0,268
zhao_topk,0,319
zhao_topk,0,350
zhao_topk,0,354
zhao_topk,0,378
zhao_topk,0,380
zhao_topk,0,491
zhao_topk,0,653
zhao_topk,0,703
zhao_topk,0,712
zhao_topk,0,747
zhao_topk,0,885
zhao_topk,0,916
zhao_topk,0,965
zhao_topk,0,989
zhao_topk,0,1090
zhao_topk,0,1105
zhao_topk,0,1150
zhao_topk,0,1228
zhao_topk,0,1285
zhao_topk,0,1364
zhao_topk,0,1426
zhao_topk,0,1494
zhao_topk,0,1526
zhao_topk,0,1554
zhao_topk,0,1555
zhao_topk,0,1556
zhao_topk,0,1597
zhao_topk,0,1668
zhao_topk,0,1698
zhao_topk,0,1721
zhao_topk,0,1737
zhao_topk,0,1754
zhao_topk,0,1758
zhao_topk,0,1794
zhao_topk,0,1796
zhao_topk,0,1862
zhao_topk,0,1885
zhao_topk,0,1916
zhao_topk,0,1920
zhao_topk,0,1955
zhao_topk,0,1996
zhao_topk,0,2011
zhao_topk,0,2029
zhao_topk,0,2121
zhao_topk,0,2215
zhao_topk,0,2234
zhao_topk,0,2308
zhao_topk,0,2335
zhao_topk,0,2352
zhao_topk,0,2372
zhao_topk,0,2472
zhao_topk,0,2509
zhao_topk,0,2540
zhao_topk,0,2605
zhao_topk,0,2612
zhao_topk,0,2629
zhao_topk,0,2699
zhao_topk,0,2750
zhao_topk,0,2769
zhao_topk,0,2775
zhao_topk,0,2813
zhao_topk,0,2848
zhao_topk,0,2863
zhao_topk,0,2867
zhao_topk,0,2931
zhao_topk,0,2936
zhao_topk,0,2940
zhao_topk,0,2941
zhao_topk,0,3047
zhao_topk,0,3058
zhao_topk,0,3238
zhao_topk,0,3342
zhao_topk,0,3348
zhao_topk,0,3358
zhao_topk,0,3359
zhao_topk,0,3461
zhao_topk,0,3480
zhao_topk,0,3486
zhao_topk,0,3497
zhao_topk,0,3619
zhao_topk,0,3645
zhao_topk,0,3675
zhao_topk,0,3677
zhao_topk,0,3683
zhao_topk,0,3716
zhao_topk,0,3783
zhao_topk,0,3804
zhao_topk,0,3805
zhao_topk,0,3850
zhao_topk,0,3858
zhao_topk,0,3892
zhao_topk,0,3966
zhao_topk,0,3974
zhao_topk,0,3977
zhao_topk,0,3990
zhao_topk,0,3995
zhao_topk,0,4069
zhao_topk,0,4098
zhao_topk,0,4100
zhao_topk,0,4108
zhao_topk,0,4239
zhao_topk,0,4252
zhao_topk,0,4280
zhao_topk,0,4383
zhao_topk,0,4486
zhao_topk,0,4531
zhao_topk,0,4588
zhao_topk,0,4636
zhao_topk,0,4680
zhao_topk,0,4685
zhao_topk,0,4721
zhao_topk,0,4744
zhao_topk,0,4767
zhao_topk,0,4820
zhao_topk,0,4878
zhao_topk,0,4879
zhao_topk,0,4914
zhao_topk,0,5080
zhao_topk,0,5136
zhao_topk,0,5147
zhao_topk,0,5160
zhao_topk,0,5163
zhao_topk,0,5178
zhao_topk,0,5183
zhao_topk,0,5220
zhao_topk,0,5236
zhao_topk,0,5250
zhao_topk,0,5357
zhao_topk,0,5489
zhao_topk,0,5534
zhao_topk,0,5557
zhao_topk,0,5591
zhao_topk,0,5682
zhao_topk,0,5688
zhao_topk,0,5701
zhao_topk,0,5765
zhao_topk,0,5805
zhao_topk,0,5812
zhao_topk,0,5857
zhao_topk,0,5882
zhao_topk,0,5889
zhao_topk,0,5891
zhao_topk,0,5966
zhao_topk,0,5976
zhao_topk,0,5993
zhao_topk,0,6029
zhao_topk,0,6064
zhao_topk,0,6076
zhao_topk,0,6100
zhao_topk,0,6118
zhao_topk,0,6135
zhao_topk,0,6182
zhao_topk,0,6237
zhao_topk,0,6256
zhao_topk,0,6329
zhao_topk,0,6337
zhao_topk,0,6344
zhao_topk,0,6355
zhao_topk,0,6459
zhao_topk,0,6572
zhao_topk,0,6581
zhao_topk,0,6589
zhao_topk,0,6758
zhao_topk,0,6766
zhao_topk,0,6843
zhao_topk,0,6848
zhao_topk,0,6921
zhao_topk,0,6989
zhao_topk,0,7011
zhao_topk,0,7047
zhao_topk,0,7052
zhao_topk,0,7071
zhao_topk,0,7075
zhao_topk,0,7089
zhao_topk,0,7104
zhao_topk,0,7125
zhao_topk,0,7134
zhao_topk,0,7164
zhao_topk,0,7177
zhao_topk,0,7243
zhao_topk,0,7266
zhao_topk,0,7291
zhao_topk,0,7346
zhao_topk,0,7355
zhao_topk,0,7364
zhao_topk,0,7375
zhao_topk,0,7424
zhao_topk,0,7433
zhao_topk,0,7446
zhao_topk,0,7449
zhao_topk,0,7454
zhao_topk,0,7461
zhao_topk,0,7473
zhao_topk,0,7476
zhao_topk,0,7495
zhao_topk,0,7521
zhao_topk,0,7567
zhao_topk,0,7619
zhao_topk,0,7646
zhao_topk,0,7650
zhao_topk,0,7663
zhao_topk,0,7673
zhao_topk,0,7692
zhao_topk,0,7732
zhao_topk,0,7830
zhao_topk,0,7844
zhao_topk,0,7868
zhao_topk,0,7877
zhao_topk,0,7987
zhao_topk,0,8001
zhao_topk,0,8050
zhao_topk,0,8092
zhao_topk,0,8171
zhao_topk,0,8224
zhao_topk,0,8237
zhao_topk,0,8268
zhao_topk,0,8275
zhao_topk,0,8297
zhao_topk,0,8388
zhao_topk,0,8390
zhao_topk,0,8433
zhao_topk,0,8465
zhao_topk,0,8472
zhao_topk,0,8478
zhao_topk,0,8479
zhao_topk,0,8485
zhao_topk,0,8506
zhao_topk,0,8509
zhao_topk,0,8535
zhao_topk,0,8580
zhao_topk,0,8673
zhao_topk,0,8693
zhao_topk,0,8714
zhao_topk,0,8727
zhao_topk,0,8736
zhao_topk,0,8761
zhao_topk,0,8852
zhao_topk,0,8953
zhao_topk,0,8963
zhao_topk,0,8991
zhao_topk,0,9051
zhao_topk,0,9094
zhao_topk,0,9095
zhao_topk,0,9116
zhao_topk,0,9187
zhao_topk,0,9199
zhao_topk,0,9237
zhao_topk,0,9295
zhao_topk,0,9305
zhao_topk,0,9308
zhao_topk,0,9394
zhao_topk,0,9469
zhao_topk,0,9580
zhao_topk,0,9647
zhao_topk,0,9666
zhao_topk,0,9718
zhao_topk,0,9729
zhao_topk,0,9730
zhao_topk,0,9733
zhao_topk,0,9768
zhao_topk,0,9781
zhao_topk,0,9828
zhao_topk,0,9832
zhao_topk,0,9837
zhao_topk,0,9903
zhao_topk,0,9914
zhao_topk,0,9928
zhao_topk,0,9948
zhao_topk,0,9978
zhao_topk,0,10034
zhao_topk,0,10043
zhao_topk,0,10133
zhao_topk,0,10139
zhao_topk,0,10181
zhao_topk,0,10184
zhao_topk,0,10196
zhao_topk,0,10260
zhao_topk,0,10282
zhao_topk,0,10291
zhao_topk,0,10337
zhao_topk,0,10357
zhao_topk,0,10373
zhao_topk,0,10390
zhao_topk,0,10414
zhao_topk,0,10429
zhao_topk,0,10471
zhao_topk,0,10476
zhao_topk,0,10486
zhao_topk,0,10487
zhao_topk,0,10539
zhao_topk,0,10548
zhao_topk,0,10576
zhao_topk,0,10585
zhao_topk,0,10618
zhao_topk,0,10673
zhao_topk,0,10687
zhao_topk,0,10700
zhao_topk,0,10706
zhao_topk,0,10729
zhao_topk,0,10734
zhao_topk,0,10785
zhao_topk,0,10834
zhao_topk,0,10835
zhao_topk,0,10847
zhao_topk,0,10860
zhao_topk,0,10884
zhao_topk,0,10890
zhao_topk,0,10902
zhao_topk,0,10916
zhao_topk,0,10975
zhao_topk,0,10976
zhao_topk,0,11003
zhao_topk,0,11031
zhao_topk,0,11127
zhao_topk,0,11134
zhao_topk,0,11146
zhao_topk,0,11154
zhao_topk,0,11176
zhao_topk,0,11255
zhao_topk,0,11311
zhao_topk,0,11321
zhao_topk,0,11424
zhao_topk,0,11458
zhao_topk,0,11461
zhao_topk,0,11539
zhao_topk,0,11579
zhao_topk,0,11612
zhao_topk,0,11639
zhao_topk,0,11666
zhao_topk,0,11709
zhao_topk,0,11762
zhao_topk,0,11765
zhao_topk,0,11779
zhao_topk,0,11786
zhao_topk,0,11796
zhao_topk,0,11838
zhao_topk,0,11899
zhao_topk,0,11921
zhao_topk,0,11979
zhao_topk,0,12048
zhao_topk,0,12145
zhao_topk,0,12187
zhao_topk,0,12188
zhao_topk,0,12201
zhao_topk,0,12221
zhao_topk,0,12222
zhao_topk,0,12230
zhao_topk,0,12270
zhao_topk,0,12271
zhao_topk,0,12289
zhao_topk,0,12292
zhao_topk,0,12360
zhao_topk,0,12397
zhao_topk,0,12417
zhao_topk,0,12429
zhao_topk,0,12438
zhao_topk,0,12474
zhao_topk,0,12559
zhao_topk,0,12600
zhao_topk,0,12649
zhao_topk,0,12650
zhao_topk,0,12810
zhao_topk,0,12813
zhao_topk,0,12829
zhao_topk,0,12881
zhao_topk,0,12911
zhao_topk,0,12913
zhao_topk,0,12925
zhao_topk,0,12928
zhao_topk,0,12974
zhao_topk,0,12999
zhao_topk,0,13044
zhao_topk,0,13053
zhao_topk,0,13080
zhao_topk,0,13122
zhao_topk,0,13144
zhao_topk,0,13218
zhao_topk,0,13288
zhao_topk,0,13336
zhao_topk,0,13365
zhao_topk,0,13463
zhao_topk,0,13465
zhao_topk,0,13514
zhao_topk,0,13525
zhao_topk,0,13530
zhao_topk,0,13629
zhao_topk,0,13744
zhao_topk,0,13758
zhao_topk,0,13761
zhao_topk,0,13770
zhao_topk,0,13779
zhao_topk,0,13833
zhao_topk,0,13838
zhao_topk,0,13879
zhao_topk,0,13990
zhao_topk,0,14005
zhao_topk,0,14032
zhao_topk,0,14073
zhao_topk,0,14148
zhao_topk,0,14168
zhao_topk,0,14178
zhao_topk,0,14240
zhao_topk,0,14290
zhao_topk,1,73
zhao_topk,1,88
zhao_topk,1,161
zhao_topk,1,198
zhao_topk,1,270
zhao_topk,1,362
zhao_topk,1,439
zhao_topk,1,530
zhao_topk,1,550
zhao_topk,1,562
zhao_topk,1,586
zhao_topk,1,591
zhao_topk,1,626
zhao_topk,1,681
zhao_topk,1,683
zhao_topk,1,758
zhao_topk,1,788
zhao_topk,1,799
zhao_topk,1,865
zhao_topk,1,934
zhao_topk,1,1013
zhao_topk,1,1043
zhao_topk,1,1045
zhao_topk,1,1168
zhao_topk,1,1205
zhao_topk,1,1233
zhao_topk,1,1267
zhao_topk,1,1306
zhao_topk,1,1412
zhao_topk,1,1476
zhao_topk,1,1558
zhao_topk,1,1589
zhao_topk,1,1779
zhao_topk,1,1787
zhao_topk,1,1856
zhao_topk,1,1916
zhao_topk,1,1947
zhao_topk,1,1981
zhao_topk,1,2019
zhao_topk,1,2032
zhao_topk,1,2081
zhao_topk,1,2083
zhao_topk,1,2121
zhao_topk,1,2131
zhao_topk,1,2158
zhao_topk,1,2161
zhao_topk,1,2178
zhao_topk,1,2187
zhao_topk,1,2213
zhao_topk,1,2214
zhao_topk,1,2219
zhao_topk,1,2278
zhao_topk,1,2294
zhao_topk,1,2341
zhao_topk,1,2351
zhao_topk,1,2378
zhao_topk,1,2423
zhao_topk,1,2427
zhao_topk,1,2482
zhao_topk,1,2485
zhao_topk,1,2532
zhao_topk,1,2539
zhao_topk,1,2609
zhao_topk,1,2694
zhao_topk,1,2696
zhao_topk,1,2751
zhao_topk,1,2759
zhao_topk,1,2829
zhao_topk,1,2833
zhao_topk,1,2895
zhao_topk,1,2916
zhao_topk,1,3024
zhao_topk,1,3030
zhao_topk,1,3037
zhao_topk,1,3049
zhao_topk,1,3154
zhao_topk,1,3157
zhao_topk,1,3174
zhao_topk,1,3211
zhao_topk,1,3219
zhao_topk,1,3234
zhao_topk,1,3249
zhao_topk,1,3262
zhao_topk,1,3400
zhao_topk,1,3404
zhao_topk,1,3408
zhao_topk,1,3452
zhao_topk,1,3463
zhao_topk,1,3500
zhao_topk,1,3503
zhao_topk,1,3515
zhao_topk,1,3682
zhao_topk,1,3689
zhao_topk,1,3709
zhao_topk,1,3904
zhao_topk,1,3940
zhao_topk,1,3973
zhao_topk,1,4010
zhao_topk,1,4016
zhao_topk,1,4019
zhao_topk,1,4053
zhao_topk,1,4099
zhao_topk,1,4159
zhao_topk,1,4227
zhao_topk,1,4245
zhao_topk,1,4263
zhao_topk,1,4273
zhao_topk,1,4294
zhao_topk,1,4295
zhao_topk,1,4311
zhao_topk,1,4392
zhao_topk,1,4401
zhao_topk,1,4431
zhao_topk,1,4439
zhao_topk,1,4468
zhao_topk,1,4535
zhao_topk,1,4565
zhao_topk,1,4568
zhao_topk,1,4583
zhao_topk,1,4634
zhao_topk,1,4644
zhao_topk,1,4670
zhao_topk,1,4690
zhao_topk,1,4727
zhao_topk,1,4729
zhao_topk,1,4734
zhao_topk,1,4789
zhao_topk,1,4798
zhao_topk,1,4872
zhao_topk,1,4928
zhao_topk,1,4949
zhao_topk,1,4970
zhao_topk,1,4984
zhao_topk,1,5006
zhao_topk,1,5095
zhao_topk,1,5150
zhao_topk,1,5178
zhao_topk,1,5253
zhao_topk,1,5394
zhao_topk,1,5410
zhao_topk,1,5440
zhao_topk,1,5451
zhao_topk,1,5482
zhao_topk,1,5486
zhao_topk,1,5573
zhao_topk,1,5753
zhao_topk,1,5760
zhao_topk,1,5767
zhao_topk,1,5854
zhao_topk,1,5911
zhao_topk,1,5950
zhao_topk,1,5982
zhao_topk,1,6073
zhao_topk,1,6135
zhao_topk,1,6146
zhao_topk,1,6186
zhao_topk,1,6208
zhao_topk,1,6226
zhao_topk,1,6263
zhao_topk,1,6307
zhao_topk,1,6319
zhao_topk,1,6346
zhao_topk,1,6348
zhao_topk,1,6408
zhao_topk,1,6412
zhao_topk,1,6431
zhao_topk,1,6454
zhao_topk,1,6495
zhao_topk,1,6516
zhao_topk,1,6530
zhao_topk,1,6550
zhao_topk,1,6632
zhao_topk,1,6636
zhao_topk,1,6646
zhao_topk,1,6700
zhao_topk,1,6708
zhao_topk,1,6727
zhao_topk,1,6746
zhao_topk,1,6752
zhao_topk,1,6769
zhao_topk,1,6779
zhao_topk,1,6949
zhao_topk,1,7020
zhao_topk,1,7029
zhao_topk,1,7176
zhao_topk,1,7187
zhao_topk,1,7191
zhao_topk,1,7327
zhao_topk,1,7328
zhao_topk,1,7352
zhao_topk,1,7390
zhao_topk,1,7404
zhao_topk,1,7480
zhao_topk,1,7611
zhao_topk,1,7615
zhao_topk,1,7639
zhao_topk,1,7655
zhao_topk,1,7711
zhao_topk,1,7751
zhao_topk,1,7804
zhao_topk,1,7843
zhao_topk,1,7854
zhao_topk,1,7872
zhao_topk,1,7906
zhao_topk,1,8129
zhao_topk,1,8167
zhao_topk,1,8171
zhao_topk,1,8246
zhao_topk,1,8254
zhao_topk,1,8278
zhao_topk,1,8318
zhao_topk,1,8366
zhao_topk,1,8396
zhao_topk,1,8470
zhao_topk,1,8480
zhao_topk,1,8483
zhao_topk,1,8516
zhao_topk,1,8554
zhao_topk,1,8650
zhao_topk,1,8713
zhao_topk,1,8714
zhao_topk,1,8734
zhao_topk,1,8776
zhao_topk,1,8823
zhao_topk,1,8876
zhao_topk,1,8992
zhao_topk,1,9061
zhao_topk,1,9065
zhao_topk,1,9067
zhao_topk,1,9218
zhao_topk,1,9221
zhao_topk,1,9282
zhao_topk,1,9334
zhao_topk,1,9381
zhao_topk,1,9410
zhao_topk,1,9465
zhao_topk,1,9476
zhao_topk,1,9574
zhao_topk,1,9581
zhao_topk,1,9591
zhao_topk,1,9619
zhao_topk,1,9626
zhao_topk,1,9715
zhao_topk,1,9773
zhao_topk,1,9801
zhao_topk,1,9802
zhao_topk,1,9837
zhao_topk,1,9846
zhao_topk,1,9914
zhao_topk,1,10021
zhao_topk,1,10059
zhao_topk,1,10065
zhao_topk,1,10067
zhao_topk,1,10069
zhao_topk,1,10084
zhao_topk,1,10124
zhao_topk,1,10129
zhao_topk,1,10130
zhao_topk,1,10182
zhao_topk,1,10199
zhao_topk,1,10271
zhao_topk,1,10282
zhao_topk,1,10355
zhao_topk,1,10364
zhao_topk,1,10396
zhao_topk,1,10429
zhao_topk,1,10505
zhao_topk,1,10556
zhao_topk,1,10570
zhao_topk,1,10592
zhao_topk,1,10614
zhao_topk,1,10673
zhao_topk,1,10789
zhao_topk,1,10822
zhao_topk,1,10836
zhao_topk,1,10999
zhao_topk,1,11000
zhao_topk,1,11008
zhao_topk,1,11046
zhao_topk,1,11100
zhao_topk,1,11113
zhao_topk,1,11119
zhao_topk,1,11136
zhao_topk,1,11230
zhao_topk,1,11243
zhao_topk,1,11317
zhao_topk,1,11327
zhao_topk,1,11341
zhao_topk,1,11350
zhao_topk,1,11352
zhao_topk,1,11386
zhao_topk,1,11402
zhao_topk,1,11411
zhao_topk,1,11414
zhao_topk,1,11482
zhao_topk,1,11506
zhao_topk,1,11569
zhao_topk,1,11571
zhao_topk,1,11624
zhao_topk,1,11717
zhao_topk,1,11830
zhao_topk,1,11834
zhao_topk,1,11836
zhao_topk,1,11890
zhao_topk,1,11951
zhao_topk,1,11971
zhao_topk,1,12107
zhao_topk,1,12124
zhao_topk,1,12133
zhao_topk,1,12153
zhao_topk,1,12209
zhao_topk,1,12219
zhao_topk,1,12256
zhao_topk,1,12320
zhao_topk,1,12379
zhao_topk,1,12398
zhao_topk,1,12418
zhao_topk,1,12434
zhao_topk,1,12448
zhao_topk,1,12470
zhao_topk,1,12533
zhao_topk,1,12545
zhao_topk,1,12552
zhao_topk,1,12573
zhao_topk,1,12599
zhao_topk,1,12638
zhao_topk,1,12657
zhao_topk,1,12669
zhao_topk,1,12700
zhao_topk,1,12742
zhao_topk,1,12763
zhao_topk,1,12767
zhao_topk,1,12825
zhao_topk,1,12881
zhao_topk,1,12885
zhao_topk,1,12903
zhao_topk,1,12911
zhao_topk,1,12938
zhao_topk,1,12955
zhao_topk,1,12989
zhao_topk,1,13078
zhao_topk,1,13088
zhao_topk,1,13136
zhao_topk,1,13239
zhao_topk,1,13260
zhao_topk,1,13303
zhao_topk,1,13344
zhao_topk,1,13445
zhao_topk,1,13511
zhao_topk,1,13542
zhao_topk,1,13675
zhao_topk,1,13739
zhao_topk,1,13815
zhao_topk,1,13817
zhao_topk,1,13820
zhao_topk,1,13868
zhao_topk,1,13901
zhao_topk,1,13902
zhao_topk,1,14032
zhao_topk,1,14040
zhao_topk,1,14041
zhao_topk,1,14047
zhao_topk,1,14121
zhao_topk,1,14131
zhao_topk,1,14156
zhao_topk,1,14215
zhao_topk,1,14244
zhao_topk,1,14254
zhao_topk,1,14256
zhao_topk,1,14268
zhao_topk,1,14298
zhao_topk,1,14300
zhao_topk,1,14327
zhao_topk,2,17
zhao_topk,2,54
zhao_topk,2,72
zhao_topk,2,86
zhao_topk,2,138
zhao_topk,2,150
zhao_topk,2,208
zhao_topk,2,392
zhao_topk,2,410
zhao_topk,2,475
zhao_topk,2,531
zhao_topk,2,558
zhao_topk,2,563
zhao_topk,2,579
zhao_topk,2,611
zhao_topk,2,640
zhao_topk,2,674
zhao_topk,2,692
zhao_topk,2,714
zhao_topk,2,810
zhao_topk,2,885
zhao_topk,2,895
zhao_topk,2,914
zhao_topk,2,922
zhao_topk,2,930
zhao_topk,2,1012
zhao_topk,2,1039
zhao_topk,2,1070
zhao_topk,2,1131
zhao_topk,2,1139
zhao_topk,2,1154
zhao_topk,2,1189
zhao_topk,2,1230
zhao_topk,2,1311
zhao_topk,2,1328
zhao_topk,2,1499
zhao_topk,2,1601
zhao_topk,2,1683
zhao_topk,2,1702
zhao_topk,2,1818
zhao_topk,2,1832
zhao_topk,2,1858
zhao_topk,2,1940
zhao_topk,2,1946
zhao_topk,2,1949
zhao_topk,2,1993
zhao_topk,2,1994
zhao_topk,2,1996
zhao_topk,2,2015
zhao_topk,2,2019
zhao_topk,2,2035
zhao_topk,2,2045
zhao_topk,2,2064
zhao_topk,2,2105
zhao_topk,2,2125
zhao_topk,2,2129
zhao_topk,2,2275
zhao_topk,2,2371
zhao_topk,2,2482
zhao_topk,2,2507
zhao_topk,2,2516
zhao_topk,2,2648
zhao_topk,2,2649
zhao_topk,2,2661
zhao_topk,2,2676
zhao_topk,2,2725
zhao_topk,2,2741
zhao_topk,2,2748
zhao_topk,2,2798
zhao_topk,2,2809
zhao_topk,2,2882
zhao_topk,2,2922
zhao_topk,2,2947
zhao_topk,2,2975
zhao_topk,2,3005
zhao_topk,2,3126
zhao_topk,2,3128
zhao_topk,2,3174
zhao_topk,2,3177
zhao_topk,2,3194
zhao_topk,2,3197
zhao_topk,2,3246
zhao_topk,2,3267
zhao_topk,2,3301
zhao_topk,2,3328
zhao_topk,2,3338
zhao_topk,2,3372
zhao_topk,2,3373
zhao_topk,2,3413
zhao_topk,2,3479
zhao_topk,2,3553
zhao_topk,2,3640
zhao_topk,2,3660
zhao_topk,2,3663
zhao_topk,2,3709
zhao_topk,2,3723
zhao_topk,2,3796
zhao_topk,2,3862
zhao_topk,2,3869
zhao_topk,2,3881
zhao_topk,2,3885
zhao_topk,2,3901
zhao_topk,2,3959
zhao_topk,2,3996
zhao_topk,2,4021
zhao_topk,2,4032
zhao_topk,2,4077
zhao_topk,2,4107
zhao_topk,2,4138
zhao_topk,2,4173
zhao_topk,2,4175
zhao_topk,2,4190
zhao_topk,2,4259
zhao_topk,2,4270
zhao_topk,2,4293
zhao_topk,2,4352
zhao_topk,2,4359
zhao_topk,2,4403
zhao_topk,2,4417
zhao_topk,2,4526
zhao_topk,2,4555
zhao_topk,2,4601
zhao_topk,2,4615
zhao_topk,2,4632
zhao_topk,2,4639
zhao_topk,2,4702
zhao_topk,2,4747
zhao_topk,2,4786
zhao_topk,2,4803
zhao_topk,2,4810
zhao_topk,2,4831
zhao_topk,2,4847
zhao_topk,2,4936
zhao_topk,2,5032
zhao_topk,2,5050
zhao_topk,2,5058
zhao_topk,2,5213
zhao_topk,2,5241
zhao_topk,2,5276
zhao_topk,2,5308
zhao_topk,2,5422
zhao_topk,2,5423
zhao_topk,2,5470
zhao_topk,2,5488
zhao_topk,2,5499
zhao_topk,2,5502
zhao_topk,2,5503
zhao_topk,2,5620
zhao_topk,2,5641
zhao_topk,2,5644
zhao_topk,2,5668
zhao_topk,2,5681
zhao_topk,2,5800
zhao_topk,2,5843
zhao_topk,2,5844
zhao_topk,2,5891
zhao_topk,2,5941
zhao_topk,2,5997
zhao_topk,2,6057
zhao_topk,2,6113
zhao_topk,2,6219
zhao_topk,2,6252
zhao_topk,2,6391
zhao_topk,2,6395
zhao_topk,2,6433
zhao_topk,2,6533
zhao_topk,2,6536
zhao_topk,2,6562
zhao_topk,2,6614
zhao_topk,2,6618
zhao_topk,2,6762
zhao_topk,2,6791
zhao_topk,2,6833
zhao_topk,2,6853
zhao_topk,2,6869
zhao_topk,2,6893
zhao_topk,2,6922
zhao_topk,2,6924
zhao_topk,2,6951
zhao_topk,2,6973
zhao_topk,2,7061
zhao_topk,2,7067
zhao_topk,2,7120
zhao_topk,2,7127
zhao_topk,2,7133
zhao_topk,2,7163
zhao_topk,2,7192
zhao_topk,2,7252
zhao_topk,2,7277
zhao_topk,2,7307
zhao_topk,2,7317
zhao_topk,2,7332
zhao_topk,2,7360
zhao_topk,2,7377
zhao_topk,2,7436
zhao_topk,2,7521
zhao_topk,2,7572
zhao_topk,2,7620
zhao_topk,2,7628
zhao_topk,2,7692
zhao_topk,2,7724
zhao_topk,2,7735
zhao_topk,2,7799
zhao_topk,2,7890
zhao_topk,2,7994
zhao_topk,2,8017
zhao_topk,2,8045
zhao_topk,2,8070
zhao_topk,2,8077
zhao_topk,2,8106
zhao_topk,2,8121
zhao_topk,2,8132
zhao_topk,2,8225
zhao_topk,2,8228
zhao_topk,2,8252
zhao_topk,2,8354
zhao_topk,2,8404
zhao_topk,2,8406
zhao_topk,2,8510
zhao_topk,2,8584
zhao_topk,2,8586
zhao_topk,2,8615
zhao_topk,2,8690
zhao_topk,2,8736
zhao_topk,2,8843
zhao_topk,2,8853
zhao_topk,2,8858
zhao_topk,2,8872
zhao_topk,2,8918
zhao_topk,2,8925
zhao_topk,2,9009
zhao_topk,2,9038
zhao_topk,2,9078
zhao_topk,2,9099
zhao_topk,2,9128
zhao_topk,2,9130
zhao_topk,2,9159
zhao_topk,2,9208
zhao_topk,2,9222
zhao_topk,2,9231
zhao_topk,2,9246
zhao_topk,2,9255
zhao_topk,2,9345
zhao_topk,2,9353
zhao_topk,2,9374
zhao_topk,2,9395
zhao_topk,2,9407
zhao_topk,2,9552
zhao_topk,2,9598
zhao_topk,2,9616
zhao_topk,2,9667
zhao_topk,2,9672
zhao_topk,2,9676
zhao_topk,2,9680
zhao_topk,2,9683
zhao_topk,2,9758
zhao_topk,2,9805
zhao_topk,2,9808
zhao_topk,2,9856
zhao_topk,2,9858
zhao_topk,2,9882
zhao_topk,2,9914
zhao_topk,2,9950
zhao_topk,2,9968
zhao_topk,2,9988
zhao_topk,2,10006
zhao_topk,2,10207
zhao_topk,2,10346
zhao_topk,2,10375
zhao_topk,2,10376
zhao_topk,2,10405
zhao_topk,2,10455
zhao_topk,2,10465
zhao_topk,2,10499
zhao_topk,2,10504
zhao_topk,2,10510
zhao_topk,2,10524
zhao_topk,2,10576
zhao_topk,2,10602
zhao_topk,2,10709
zhao_topk,2,10723
zhao_topk,2,10753
zhao_topk,2,10930
zhao_topk,2,10953
zhao_topk,2,10967
zhao_topk,2,11013
zhao_topk,2,11015
zhao_topk,2,11017
zhao_topk,2,11041
zhao_topk,2,11212
zhao_topk,2,11217
zhao_topk,2,11298
zhao_topk,2,11324
zhao_topk,2,11348
zhao_topk,2,11374
zhao_topk,2,11405
zhao_topk,2,11413
zhao_topk,2,11454
zhao_topk,2,11464
zhao_topk,2,11506
zhao_topk,2,11507
zhao_topk,2,11582
zhao_topk,2,11649
zhao_topk,2,11715
zhao_topk,2,11776
zhao_topk,2,11847
zhao_topk,2,11857
zhao_topk,2,11861
zhao_topk,2,11863
zhao_topk,2,11898
zhao_topk,2,11931
zhao_topk,2,12046
zhao_topk,2,12070
zhao_topk,2,12078
zhao_topk,2,12080
zhao_topk,2,12087
zhao_topk,2,12097
zhao_topk,2,12099
zhao_topk,2,12167
zhao_topk,2,12277
zhao_topk,2,12381
zhao_topk,2,12388
zhao_topk,2,12417
zhao_topk,2,12475
zhao_topk,2,12578
zhao_topk,2,12603
zhao_topk,2,12705
zhao_topk,2,12739
zhao_topk,2,12761
zhao_topk,2,12805
zhao_topk,2,12820
zhao_topk,2,12825
zhao_topk,2,12880
zhao_topk,2,12917
zhao_topk,2,12950
zhao_topk,2,12961
zhao_topk,2,13023
zhao_topk,2,13072
zhao_topk,2,13093
zhao_topk,2,13094
zhao_topk,2,13144
zhao_topk,2,13146
zhao_topk,2,13166
zhao_topk,2,13170
zhao_topk,2,13172
zhao_topk,2,13237
zhao_topk,2,13353
zhao_topk,2,13392
zhao_topk,2,13416
zhao_topk,2,13437
zhao_topk,2,13440
zhao_topk,2,13473
zhao_topk,2,13490
zhao_topk,2,13578
zhao_topk,2,13642
zhao_topk,2,13693
zhao_topk,2,13695
zhao_topk,2,13729
zhao_topk,2,13831
zhao_topk,2,13840
zhao_topk,2,13924
zhao_topk,2,13932
zhao_topk,2,13938
zhao_topk,2,13942
zhao_topk,2,13951
zhao_topk,2,13955
zhao_topk,2,13976
zhao_topk,2,13977
zhao_topk,2,14048
zhao_topk,2,14074
zhao_topk,2,14137
zhao_topk,2,14143
zhao_topk,2,14211
zhao_topk,2,14241
zhao_topk,2,14246
zhao_topk,2,14286
zhao_topk,3,67
zhao_topk,3,92
zhao_topk,3,161
zhao_topk,3,162
zhao_topk,3,175
zhao_topk,3,352
zhao_topk,3,408
zhao_topk,3,430
zhao_topk,3,436
zhao_topk,3,470
zhao_topk,3,504
zhao_topk,3,544
zhao_topk,3,588
zhao_topk,3,640
zhao_topk,3,727
zhao_topk,3,746
zhao_topk,3,749
zhao_topk,3,771
zhao_topk,3,804
zhao_topk,3,815
zhao_topk,3,952
zhao_topk,3,1012
zhao_topk,3,1074
zhao_topk,3,1080
zhao_topk,3,1138
zhao_topk,3,1158
zhao_topk,3,1160
zhao_topk,3,1175
zhao_topk,3,1353
zhao_topk,3,1454
zhao_topk,3,1500
zhao_topk,3,1530
zhao_topk,3,1563
zhao_topk,3,1574
zhao_topk,3,1649
zhao_topk,3,1669
zhao_topk,3,1708
zhao_topk,3,1728
zhao_topk,3,1747
zhao_topk,3,1763
zhao_topk,3,1834
zhao_topk,3,1895
zhao_topk,3,1943
zhao_topk,3,1957
zhao_topk,3,1990
zhao_topk,3,2010
zhao_topk,3,2069
zhao_topk,3,2113
zhao_topk,3,2145
zhao_topk,3,2194
zhao_topk,3,2238
zhao_topk,3,2258
zhao_topk,3,2276
zhao_topk,3,2284
zhao_topk,3,2335
zhao_topk,3,2359
zhao_topk,3,2399
zhao_topk,3,2458
zhao_topk,3,2459
zhao_topk,3,2482
zhao_topk,3,2606
zhao_topk,3,2785
zhao_topk,3,2917
zhao_topk,3,2975
zhao_topk,3,2990
zhao_topk,3,3005
zhao_topk,3,3016
zhao_topk,3,3037
zhao_topk,3,3038
zhao_topk,3,3117
zhao_topk,3,3168
zhao_topk,3,3185
zhao_topk,3,3214
zhao_topk,3,3229
zhao_topk,3,3260
zhao_topk,3,3302
zhao_topk,3,3483
zhao_topk,3,3543
zhao_topk,3,3667
zhao_topk,3,3692
zhao_topk,3,3746
zhao_topk,3,3751
zhao_topk,3,3768
zhao_topk,3,3813
zhao_topk,3,3840
zhao_topk,3,3874
zhao_topk,3,3982
zhao_topk,3,4061
zhao_topk,3,4283
zhao_topk,3,4409
zhao_topk,3,4566
zhao_topk,3,4677
zhao_topk,3,4725
zhao_topk,3,4820
zhao_topk,3,4884
zhao_topk,3,5025
zhao_topk,3,5058
zhao_topk,3,5071
zhao_topk,3,5138
zhao_topk,3,5167
zhao_topk,3,5171
zhao_topk,3,5244
zhao_topk,3,5299
zhao_topk,3,5350
zhao_topk,3,5399
zhao_topk,3,5530
zhao_topk,3,5539
zhao_topk,3,5557
zhao_topk,3,5588
zhao_topk,3,5751
zhao_topk,3,5779
zhao_topk,3,5820
zhao_topk,3,5869
zhao_topk,3,5895
zhao_topk,3,6058
zhao_topk,3,6085
zhao_topk,3,6087
zhao_topk,3,6305
zhao_topk,3,6390
zhao_topk,3,6425
zhao_topk,3,6529
zhao_topk,3,6577
zhao_topk,3,6827
zhao_topk,3,6831
zhao_topk,3,6848
zhao_topk,3,6864
zhao_topk,3,6908
zhao_topk,3,6961
zhao_topk,3,7053
zhao_topk,3,7085
zhao_topk,3,7114
zhao_topk,3,7131
zhao_topk,3,7212
zhao_topk,3,7213
zhao_topk,3,7255
zhao_topk,3,7339
zhao_topk,3,7405
zhao_topk,3,7431
zhao_topk,3,7449
zhao_topk,3,7450
zhao_topk,3,7551
zhao_topk,3,7677
zhao_topk,3,7683
zhao_topk,3,7766
zhao_topk,3,7797
zhao_topk,3,7842
zhao_topk,3,8097
zhao_topk,3,8140
zhao_topk,3,8176
zhao_topk,3,8201
zhao_topk,3,8231
zhao_topk,3,8297
zhao_topk,3,8355
zhao_topk,3,8359
zhao_topk,3,8492
zhao_topk,3,8565
zhao_topk,3,8601
zhao_topk,3,8644
zhao_topk,3,8730
zhao_topk,3,8750
zhao_topk,3,8926
zhao_topk,3,8935
zhao_topk,3,9030
zhao_topk,3,9166
zhao_topk,3,9171
zhao_topk,3,9204
zhao_topk,3,9217
zhao_topk,3,9252
zhao_topk,3,9287
zhao_topk,3,9405
zhao_topk,3,9513
zhao_topk,3,9531
zhao_topk,3,9539
zhao_topk,3,9579
zhao_topk,3,9622
zhao_topk,3,9673
zhao_topk,3,9792
zhao_topk,3,9793
zhao_topk,3,9870
zhao_topk,3,9890
zhao_topk,3,9908
zhao_topk,3,9922
zhao_topk,3,9948
zhao_topk,3,9961
zhao_topk,3,10108
zhao_topk,3,10109
zhao_topk,3,10297
zhao_topk,3,10328
zhao_topk,3,10329
zhao_topk,3,10351
zhao_topk,3,10392
zhao_topk,3,10591
zhao_topk,3,10629
zhao_topk,3,10654
zhao_topk,3,10683
zhao_topk,3,10723
zhao_topk,3,10733
zhao_topk,3,10777
zhao_topk,3,10784
zhao_topk,3,10793
zhao_topk,3,10818
zhao_topk,3,10835
zhao_topk,3,10836
zhao_topk,3,10855
zhao_topk,3,10866
zhao_topk,3,10949
zhao_topk,3,10950
zhao_topk,3,11012
zhao_topk,3,11018
zhao_topk,3,11084
zhao_topk,3,11112
zhao_topk,3,11187
zhao_topk,3,11194
zhao_topk,3,11264
zhao_topk,3,11336
zhao_topk,3,11354
zhao_topk,3,11396
zhao_topk,3,11398
zhao_topk,3,11452
zhao_topk,3,11533
zhao_topk,3,11588
zhao_topk,3,11688
zhao_topk,3,11738
zhao_topk,3,11761
zhao_topk,3,11840
zhao_topk,3,11951
zhao_topk,3,12073
zhao_topk,3,12140
zhao_topk,3,12179
zhao_topk,3,12225
zhao_topk,3,12344
zhao_topk,3,12362
zhao_topk,3,12414
zhao_topk,3,12461
zhao_topk,3,12486
zhao_topk,3,12650
zhao_topk,3,12679
zhao_topk,3,12706
zhao_topk,3,12889
zhao_topk,3,12913
zhao_topk,3,12946
zhao_topk,3,12958
zhao_topk,3,12969
zhao_topk,3,13051
zhao_topk,3,13176
zhao_topk,3,13442
zhao_topk,3,13486
zhao_topk,3,13538
zhao_topk,3,13603
zhao_topk,3,13640
zhao_topk,3,13641
zhao_topk,3,13673
zhao_topk,3,13690
zhao_topk,3,13731
zhao_topk,3,13846
zhao_topk,3,13863
zhao_topk,3,13905
zhao_topk,3,13969
zhao_topk,3,13999
zhao_topk,3,14016
zhao_topk,3,14027
zhao_topk,3,14176
zhao_topk,3,14182
zhao_topk,3,14208
zhao_topk,3,14267
zhao_topk,4,27
zhao_topk,4,60
zhao_topk,4,121
zhao_topk,4,155
zhao_topk,4,259
zhao_topk,4,323
zhao_topk,4,353
zhao_topk,4,379
zhao_topk,4,442
zhao_topk,4,512
zhao_topk,4,520
zhao_topk,4,526
zhao_topk,4,616
zhao_topk,4,652
zhao_topk,4,657
zhao_topk,4,759
zhao_topk,4,801
zhao_topk,4,985
zhao_topk,4,1016
zhao_topk,4,1088
zhao_topk,4,1111
zhao_topk,4,1142
zhao_topk,4,1154
zhao_topk,4,1178
zhao_topk,4,1194
zhao_topk,4,1197
zhao_topk,4,1207
zhao_topk,4,1296
zhao_topk,4,1363
zhao_topk,4,1382
zhao_topk,4,1407
zhao_topk,4,1415
zhao_topk,4,1428
zhao_topk,4,1574
zhao_topk,4,1618
zhao_topk,4,1721
zhao_topk,4,1759
zhao_topk,4,1912
zhao_topk,4,1955
zhao_topk,4,1967
zhao_topk,4,1979
zhao_topk,4,2027
zhao_topk,4,2039
zhao_topk,4,2108
zhao_topk,4,2217
zhao_topk,4,2255
zhao_topk,4,2366
zhao_topk,4,2388
zhao_topk,4,2433
zhao_topk,4,2435
zhao_topk,4,2487
zhao_topk,4,2501
zhao_topk,4,2526
zhao_topk,4,2577
zhao_topk,4,2617
zhao_topk,4,2636
zhao_topk,4,2640
zhao_topk,4,2712
zhao_topk,4,2822
zhao_topk,4,2842
zhao_topk,4,2885
zhao_topk,4,2907
zhao_topk,4,2975
zhao_topk,4,2999
zhao_topk,4,3027
zhao_topk,4,3029
zhao_topk,4,3053
zhao_topk,4,3086
zhao_topk,4,3105
zhao_topk,4,3168
zhao_topk,4,3178
zhao_topk,4,3369
zhao_topk,4,3420
zhao_topk,4,3425
zhao_topk,4,3427
zhao_topk,4,3499
zhao_topk,4,3517
zhao_topk,4,3599
zhao_topk,4,3624
zhao_topk,4,3630
zhao_topk,4,3652
zhao_topk,4,3701
zhao_topk,4,3739
zhao_topk,4,3829
zhao_topk,4,3847
zhao_topk,4,3874
zhao_topk,4,3884
zhao_topk,4,3908
zhao_topk,4,3981
zhao_topk,4,4001
zhao_topk,4,4009
zhao_topk,4,4152
zhao_topk,4,4266
zhao_topk,4,4270
zhao_topk,4,4291
zhao_topk,4,4302
zhao_topk,4,4310
zhao_topk,4,4345
zhao_topk,4,4396
zhao_topk,4,4416
zhao_topk,4,4445
zhao_topk,4,4500
zhao_topk,4,4544
zhao_topk,4,4547
zhao_topk,4,4548
zhao_topk,4,4597
zhao_topk,4,4614
zhao_topk,4,4687
zhao_topk,4,4856
zhao_topk,4,4873
zhao_topk,4,4898
zhao_topk,4,4988
zhao_topk,4,5019
zhao_topk,4,5045
zhao_topk,4,5110
zhao_topk,4,5260
zhao_topk,4,5267
zhao_topk,4,5427
zhao_topk,4,5443
zhao_topk,4,5549
zhao_topk,4,5556
zhao_topk,4,5610
zhao_topk,4,5627
zhao_topk,4,5647
zhao_topk,4,5674
zhao_topk,4,5720
zhao_topk,4,5731
zhao_topk,4,5765
zhao_topk,4,5804
zhao_topk,4,5810
zhao_topk,4,5812
zhao_topk,4,5879
zhao_topk,4,6064
zhao_topk,4,6075
zhao_topk,4,6116
zhao_topk,4,6157
zhao_topk,4,6233
zhao_topk,4,6286
zhao_topk,4,6289
zhao_topk,4,6320
zhao_topk,4,6326
zhao_topk,4,6333
zhao_topk,4,6434
zhao_topk,4,6491
zhao_topk,4,6518
zhao_topk,4,6527
zhao_topk,4,6546
zhao_topk,4,6587
zhao_topk,4,6588
zhao_topk,4,6603
zhao_topk,4,6611
zhao_topk,4,6634
zhao_topk,4,6648
zhao_topk,4,6729
zhao_topk,4,6770
zhao_topk,4,6787
zhao_topk,4,6848
zhao_topk,4,7094
zhao_topk,4,7113
zhao_topk,4,7147
zhao_topk,4,7150
zhao_topk,4,7251
zhao_topk,4,7288
zhao_topk,4,7334
zhao_topk,4,7347
zhao_topk,4,7372
zhao_topk,4,7379
zhao_topk,4,7392
zhao_topk,4,7513
zhao_topk,4,7523
zhao_topk,4,7574
zhao_topk,4,7578
zhao_topk,4,7743
zhao_topk,4,7888
zhao_topk,4,7955
zhao_topk,4,8022
zhao_topk,4,8036
zhao_topk,4,8037
zhao_topk,4,8102
zhao_topk,4,8113
zhao_topk,4,8123
zhao_topk,4,8154
zhao_topk,4,8203
zhao_topk,4,8207
zhao_topk,4,8247
zhao_topk,4,8299
zhao_topk,4,8326
zhao_topk,4,8340
zhao_topk,4,8346
zhao_topk,4,8432
zhao_topk,4,8461
zhao_topk,4,8497
zhao_topk,4,8621
zhao_topk,4,8626
zhao_topk,4,8691
zhao_topk,4,8695
zhao_topk,4,8742
zhao_topk,4,8816
zhao_topk,4,8843
zhao_topk,4,9010
zhao_topk,4,9104
zhao_topk,4,9204
zhao_topk,4,9222
zhao_topk,4,9240
zhao_topk,4,9258
zhao_topk,4,9331
zhao_topk,4,9371
zhao_topk,4,9408
zhao_topk,4,9431
zhao_topk,4,9485
zhao_topk,4,9488
zhao_topk,4,9514
zhao_topk,4,9563
zhao_topk,4,9580
zhao_topk,4,9599
zhao_topk,4,9637
zhao_topk,4,9648
zhao_topk,4,9795
zhao_topk,4,9836
zhao_topk,4,10042
zhao_topk,4,10072
zhao_topk,4,10118
zhao_topk,4,10188
zhao_topk,4,10275
zhao_topk,4,10276
zhao_topk,4,10297
zhao_topk,4,10328
zhao_topk,4,10334
zhao_topk,4,10412
zhao_topk,4,10424
zhao_topk,4,10427
zhao_topk,4,10464
zhao_topk,4,10492
zhao_topk,4,10508
zhao_topk,4,10511
zhao_topk,4,10516
zhao_topk,4,10655
zhao_topk,4,10656
zhao_topk,4,10664
zhao_topk,4,10675
zhao_topk,4,10711
zhao_topk,4,10739
zhao_topk,4,10768
zhao_topk,4,10770
zhao_topk,4,10845
zhao_topk,4,10849
zhao_topk,4,10854
zhao_topk,4,10906
zhao_topk,4,10928
zhao_topk,4,10965
zhao_topk,4,11140
zhao_topk,4,11163
zhao_topk,4,11277
zhao_topk,4,11399
zhao_topk,4,11457
zhao_topk,4,11480
zhao_topk,4,11532
zhao_topk,4,11610
zhao_topk,4,11621
zhao_topk,4,11647
zhao_topk,4,11683
zhao_topk,4,11701
zhao_topk,4,11812
zhao_topk,4,11819
zhao_topk,4,11847
zhao_topk,4,11877
zhao_topk,4,11943
zhao_topk,4,12042
zhao_topk,4,12119
zhao_topk,4,12150
zhao_topk,4,12251
zhao_topk,4,12270
zhao_topk,4,12340
zhao_topk,4,12450
zhao_topk,4,12512
zhao_topk,4,12542
zhao_topk,4,12556
zhao_topk,4,12575
zhao_topk,4,12771
zhao_topk,4,12815
zhao_topk,4,12885
zhao_topk,4,12934
zhao_topk,4,12935
zhao_topk,4,12973
zhao_topk,4,12990
zhao_topk,4,13006
zhao_topk,4,13008
zhao_topk,4,13039
zhao_topk,4,13045
zhao_topk,4,13222
zhao_topk,4,13304
zhao_topk,4,13343
zhao_topk,4,13446
zhao_topk,4,13586
zhao_topk,4,13599
zhao_topk,4,13775
zhao_topk,4,13848
zhao_topk,4,13907
zhao_topk,4,13921
zhao_topk,4,14120
zhao_topk,4,14199
zhao_topk,4,14240
zhao_topk,4,14272
zhao_topk,4,14308
zhao_topk,5,5
zhao_topk,5,34
zhao_topk,5,36
zhao_topk,5,154
zhao_topk,5,247
zhao_topk,5,314
zhao_topk,5,389
zhao_topk,5,543
zhao_topk,5,565
zhao_topk,5,622
zhao_topk,5,643
zhao_topk,5,799
zhao_topk,5,937
zhao_topk,5,1063
zhao_topk,5,1116
zhao_topk,5,1209
zhao_topk,5,1242
zhao_topk,5,1264
zhao_topk,5,1282
zhao_topk,5,1298
zhao_topk,5,1301
zhao_topk,5,1314
zhao_topk,5,1338
zhao_topk,5,1399
zhao_topk,5,1429
zhao_topk,5,1447
zhao_topk,5,1529
zhao_topk,5,1665
zhao_topk,5,1691
zhao_topk,5,1698
zhao_topk,5,1729
zhao_topk,5,1774
zhao_topk,5,1920
zhao_topk,5,1927
zhao_topk,5,1976
zhao_topk,5,2284
zhao_topk,5,2443
zhao_topk,5,2519
zhao_topk,5,2534
zhao_topk,5,2643
zhao_topk,5,2657
zhao_topk,5,2709
zhao_topk,5,2795
zhao_topk,5,2817
zhao_topk,5,2892
zhao_topk,5,2893
zhao_topk,5,2898
zhao_topk,5,2941
zhao_topk,5,2978
zhao_topk,5,2988
zhao_topk,5,3001
zhao_topk,5,3047
zhao_topk,5,3071
zhao_topk,5,3129
zhao_topk,5,3150
zhao_topk,5,3187
zhao_topk,5,3369
zhao_topk,5,3393
zhao_topk,5,3396
zhao_topk,5,3439
zhao_topk,5,3463
zhao_topk,5,3481
zhao_topk,5,3604
zhao_topk,5,3685
zhao_topk,5,3781
zhao_topk,5,3934
zhao_topk,5,3981
zhao_topk,5,4060
zhao_topk,5,4101
zhao_topk,5,4102
zhao_topk,5,4202
zhao_topk,5,4205
zhao_topk,5,4333
zhao_topk,5,4379
zhao_topk,5,4449
zhao_topk,5,4522
zhao_topk,5,4533
zhao_topk,5,4584
zhao_topk,5,4685
zhao_topk,5,4708
zhao_topk,5,4711
zhao_topk,5,4836
zhao_topk,5,4837
zhao_topk,5,4861
zhao_topk,5,4974
zhao_topk,5,4992
zhao_topk,5,5016
zhao_topk,5,5060
zhao_topk,5,5118
zhao_topk,5,5147
zhao_topk,5,5212
zhao_topk,5,5219
zhao_topk,5,5229
zhao_topk,5,5244
zhao_topk,5,5258
zhao_topk,5,5270
zhao_topk,5,5293
zhao_topk,5,5354
zhao_topk,5,5402
zhao_topk,5,5404
zhao_topk,5,5412
zhao_topk,5,5427
zhao_topk,5,5481
zhao_topk,5,5525
zhao_topk,5,5568
zhao_topk,5,5584
zhao_topk,5,5740
zhao_topk,5,5775
zhao_topk,5,6152
zhao_topk,5,6180
zhao_topk,5,6200
zhao_topk,5,6201
zhao_topk,5,6220
zhao_topk,5,6257
zhao_topk,5,6379
zhao_topk,5,6398
zhao_topk,5,6508
zhao_topk,5,6524
zhao_topk,5,6560
zhao_topk,5,6570
zhao_topk,5,6583
zhao_topk,5,6584
zhao_topk,5,6587
zhao_topk,5,6675
zhao_topk,5,6739
zhao_topk,5,6764
zhao_topk,5,6785
zhao_topk,5,6786
zhao_topk,5,6808
zhao_topk,5,6834
zhao_topk,5,6857
zhao_topk,5,6955
zhao_topk,5,6981
zhao_topk,5,7001
zhao_topk,5,7005
zhao_topk,5,7012
zhao_topk,5,7016
zhao_topk,5,7077
zhao_topk,5,7078
zhao_topk,5,7136
zhao_topk,5,7156
zhao_topk,5,7206
zhao_topk,5,7235
zhao_topk,5,7252
zhao_topk,5,7284
zhao_topk,5,7381
zhao_topk,5,7382
zhao_topk,5,7412
zhao_topk,5,7435
zhao_topk,5,7525
zhao_topk,5,7590
zhao_topk,5,7602
zhao_topk,5,7652
zhao_topk,5,7843
zhao_topk,5,7885
zhao_topk,5,7951
zhao_topk,5,7994
zhao_topk,5,8038
zhao_topk,5,8128
zhao_topk,5,8203
zhao_topk,5,8230
zhao_topk,5,8368
zhao_topk,5,8416
zhao_topk,5,8453
zhao_topk,5,8478
zhao_topk,5,8529
zhao_topk,5,8673
zhao_topk,5,8783
zhao_topk,5,8788
zhao_topk,5,8949
zhao_topk,5,9080
zhao_topk,5,9093
zhao_topk,5,9151
zhao_topk,5,9192
zhao_topk,5,9286
zhao_topk,5,9314
zhao_topk,5,9348
zhao_topk,5,9483
zhao_topk,5,9539
zhao_topk,5,9545
zhao_topk,5,9817
zhao_topk,5,9842
zhao_topk,5,9910
zhao_topk,5,10041
zhao_topk,5,10131
zhao_topk,5,10248
zhao_topk,5,10258
zhao_topk,5,10275
zhao_topk,5,10433
zhao_topk,5,10499
zhao_topk,5,10515
zhao_topk,5,10634
zhao_topk,5,10671
zhao_topk,5,10736
zhao_topk,5,10844
zhao_topk,5,10862
zhao_topk,5,10926
zhao_topk,5,11043
zhao_topk,5,11276
zhao_topk,5,11278
zhao_topk,5,11283
zhao_topk,5,11302
zhao_topk,5,11312
zhao_topk,5,11614
zhao_topk,5,11661
zhao_topk,5,11693
zhao_topk,5,11852
zhao_topk,5,11883
zhao_topk,5,11910
zhao_topk,5,11982
zhao_topk,5,12091
zhao_topk,5,12092
zhao_topk,5,12124
zhao_topk,5,12127
zhao_topk,5,12144
zhao_topk,5,12154
zhao_topk,5,12309
zhao_topk,5,12422
zhao_topk,5,12466
zhao_topk,5,12484
zhao_topk,5,12485
zhao_topk,5,12494
zhao_topk,5,12506
zhao_topk,5,12553
zhao_topk,5,12660
zhao_topk,5,13142
zhao_topk,5,13264
zhao_topk,5,13278
zhao_topk,5,13364
zhao_topk,5,13406
zhao_topk,5,13418
zhao_topk,5,13419
zhao_topk,5,13454
zhao_topk,5,13463
zhao_topk,5,13513
zhao_topk,5,13532
zhao_topk,5,13548
zhao_topk,5,13647
zhao_topk,5,13855
zhao_topk,5,13861
zhao_topk,5,13927
zhao_topk,5,13945
zhao_topk,5,13950
zhao_topk,5,13962
zhao_topk,5,14001
zhao_topk,5,14005
zhao_topk,5,14089
zhao_topk,5,14135
zhao_topk,5,14152
zhao_topk,5,14182
zhao_topk,5,14206
zhao_topk,5,14294
zhao_topk,5,14300
zhao_topk,5,14304
zhao_topk,6,37
zhao_topk,6,234
zhao_topk,6,251
zhao_topk,6,319
zhao_topk,6,340
zhao_topk,6,399
zhao_topk,6,430
zhao_topk,6,441
zhao_topk,6,580
zhao_topk,6,826
zhao_topk,6,847
zhao_topk,6,942
zhao_topk,6,976
zhao_topk,6,1003
zhao_topk,6,1022
zhao_topk,6,1067
zhao_topk,6,1086
zhao_topk,6,1133
zhao_topk,6,1269
zhao_topk,6,1271
zhao_topk,6,1273
zhao_topk,6,1274
zhao_topk,6,1278
zhao_topk,6,1307
zhao_topk,6,1312
zhao_topk,6,1392
zhao_topk,6,1399
zhao_topk,6,1417
zhao_topk,6,1478
zhao_topk,6,1508
zhao_topk,6,1537
zhao_topk,6,1687
zhao_topk,6,1704
zhao_topk,6,1782
zhao_topk,6,1821
zhao_topk,6,1875
zhao_topk,6,2009
zhao_topk,6,2075
zhao_topk,6,2134
zhao_topk,6,2158
zhao_topk,6,2280
zhao_topk,6,2361
zhao_topk,6,2404
zhao_topk,6,2439
zhao_topk,6,2453
zhao_topk,6,2469
zhao_topk,6,2470
zhao_topk,6,2643
zhao_topk,6,2665
zhao_topk,6,2843
zhao_topk,6,2938
zhao_topk,6,3176
zhao_topk,6,3423
zhao_topk,6,3502
zhao_topk,6,3607
zhao_topk,6,3620
zhao_topk,6,3730
zhao_topk,6,3999
zhao_topk,6,4070
zhao_topk,6,4125
zhao_topk,6,4284
zhao_topk,6,4292
zhao_topk,6,4311
zhao_topk,6,4341
zhao_topk,6,4354
zhao_topk,6,4437
zhao_topk,6,4486
zhao_topk,6,4528
zhao_topk,6,4585
zhao_topk,6,4590
zhao_topk,6,4649
zhao_topk,6,4689
zhao_topk,6,4701
zhao_topk,6,4733
zhao_topk,6,4814
zhao_topk,6,4818
zhao_topk,6,4855
zhao_topk,6,4860
zhao_topk,6,4893
zhao_topk,6,4911
zhao_topk,6,4918
zhao_topk,6,4966
zhao_topk,6,5038
zhao_topk,6,5080
zhao_topk,6,5096
zhao_topk,6,5134
zhao_topk,6,5384
zhao_topk,6,5430
zhao_topk,6,5479
zhao_topk,6,5517
zhao_topk,6,5697
zhao_topk,6,5834
zhao_topk,6,5866
zhao_topk,6,5965
zhao_topk,6,6107
zhao_topk,6,6271
zhao_topk,6,6273
zhao_topk,6,6371
zhao_topk,6,6398
zhao_topk,6,6451
zhao_topk,6,6457
zhao_topk,6,6471
zhao_topk,6,6477
zhao_topk,6,6598
zhao_topk,6,6702
zhao_topk,6,6820
zhao_topk,6,7021
zhao_topk,6,7048
zhao_topk,6,7136
zhao_topk,6,7162
zhao_topk,6,7168
zhao_topk,6,7170
zhao_topk,6,7426
zhao_topk,6,7457
zhao_topk,6,7511
zhao_topk,6,7575
zhao_topk,6,7704
zhao_topk,6,7705
zhao_topk,6,7829
zhao_topk,6,7858
zhao_topk,6,7872
zhao_topk,6,7886
zhao_topk,6,7934
zhao_topk,6,7960
zhao_topk,6,8034
zhao_topk,6,8103
zhao_topk,6,8477
zhao_topk,6,8517
zhao_topk,6,8533
zhao_topk,6,8536
zhao_topk,6,8571
zhao_topk,6,8601
zhao_topk,6,8830
zhao_topk,6,8885
zhao_topk,6,8887
zhao_topk,6,8934
zhao_topk,6,8938
zhao_topk,6,8942
zhao_topk,6,8978
zhao_topk,6,9103
zhao_topk,6,9109
zhao_topk,6,9123
zhao_topk,6,9241
zhao_topk,6,9466
zhao_topk,6,9467
zhao_topk,6,9472
zhao_topk,6,9511
zhao_topk,6,9514
zhao_topk,6,9524
zhao_topk,6,9588
zhao_topk,6,9716
zhao_topk,6,9763
zhao_topk,6,9829
zhao_topk,6,9845
zhao_topk,6,9933
zhao_topk,6,10005
zhao_topk,6,10021
zhao_topk,6,10040
zhao_topk,6,10094
zhao_topk,6,10113
zhao_topk,6,10160
zhao_topk,6,10213
zhao_topk,6,10331
zhao_topk,6,10439
zhao_topk,6,10458
zhao_topk,6,10462
zhao_topk,6,10487
zhao_topk,6,10496
zhao_topk,6,10506
zhao_topk,6,10511
zhao_topk,6,10528
zhao_topk,6,10628
zhao_topk,6,10653
zhao_topk,6,10666
zhao_topk,6,10772
zhao_topk,6,10788
zhao_topk,6,10831
zhao_topk,6,10840
zhao_topk,6,10877
zhao_topk,6,10951
zhao_topk,6,11122
zhao_topk,6,11170
zhao_topk,6,11182
zhao_topk,6,11232
zhao_topk,6,11250
zhao_topk,6,11268
zhao_topk,6,11281
zhao_topk,6,11459
zhao_topk,6,11511
zhao_topk,6,11573
zhao_topk,6,11581
zhao_topk,6,11593
zhao_topk,6,11623
zhao_topk,6,11650
zhao_topk,6,11682
zhao_topk,6,11705
zhao_topk,6,11890
zhao_topk,6,11946
zhao_topk,6,11967
zhao_topk,6,11968
zhao_topk,6,11975
zhao_topk,6,11984
zhao_topk,6,11996
zhao_topk,6,12044
zhao_topk,6,12137
zhao_topk,6,12140
zhao_topk,6,12147
zhao_topk,6,12307
zhao_topk,6,12319
zhao_topk,6,12390
zhao_topk,6,12397
zhao_topk,6,12423
zhao_topk,6,12432
zhao_topk,6,12481
zhao_topk,6,12506
zhao_topk,6,12511
zhao_topk,6,12622
zhao_topk,6,12689
zhao_topk,6,12769
zhao_topk,6,12847
zhao_topk,6,12862
zhao_topk,6,12929
zhao_topk,6,12958
zhao_topk,6,13042
zhao_topk,6,13105
zhao_topk,6,13127
zhao_topk,6,13129
zhao_topk,6,13181
zhao_topk,6,13218
zhao_topk,6,13242
zhao_topk,6,13431
zhao_topk,6,13476
zhao_topk,6,13478
zhao_topk,6,13483
zhao_topk,6,13522
zhao_topk,6,13543
zhao_topk,6,13738
zhao_topk,6,13803
zhao_topk,6,13855
zhao_topk,6,13945
zhao_topk,6,13966
zhao_topk,6,14004
zhao_topk,6,14244
zhao_topk,7,52
zhao_topk,7,73
zhao_topk,7,184
zhao_topk,7,224
zhao_topk,7,354
zhao_topk,7,405
zhao_topk,7,434
zhao_topk,7,447
zhao_topk,7,467
zhao_topk,7,510
zhao_topk,7,530
zhao_topk,7,699
zhao_topk,7,801
zhao_topk,7,953
zhao_topk,7,980
zhao_topk,7,996
zhao_topk,7,1006
zhao_topk,7,1045
zhao_topk,7,1185
zhao_topk,7,1241
zhao_topk,7,1460
zhao_topk,7,1543
zhao_topk,7,1592
zhao_topk,7,1727
zhao_topk,7,1829
zhao_topk,7,1885
zhao_topk,7,1970
zhao_topk,7,1994
zhao_topk,7,2109
zhao_topk,7,2130
zhao_topk,7,2155
zhao_topk,7,2172
zhao_topk,7,2176
zhao_topk,7,2197
zhao_topk,7,2317
zhao_topk,7,2324
zhao_topk,7,2488
zhao_topk,7,2536
zhao_topk,7,2823
zhao_topk,7,2847
zhao_topk,7,2934
zhao_topk,7,2992
zhao_topk,7,3112
zhao_topk,7,3125
zhao_topk,7,3149
zhao_topk,7,3189
zhao_topk,7,3203
zhao_topk,7,3273
zhao_topk,7,3315
zhao_topk,7,3336
zhao_topk,7,3397
zhao_topk,7,3403
zhao_topk,7,3412
zhao_topk,7,3480
zhao_topk,7,3510
zhao_topk,7,3538
zhao_topk,7,3555
zhao_topk,7,3629
zhao_topk,7,3697
zhao_topk,7,3720
zhao_topk,7,3734
zhao_topk,7,3901
zhao_topk,7,3925
zhao_topk,7,4026
zhao_topk,7,4159
zhao_topk,7,4235
zhao_topk,7,4316
zhao_topk,7,4351
zhao_topk,7,4383
zhao_topk,7,4395
zhao_topk,7,4490
zhao_topk,7,4493
zhao_topk,7,4661
zhao_topk,7,4703
zhao_topk,7,4750
zhao_topk,7,4794
zhao_topk,7,4798
zhao_topk,7,4809
zhao_topk,7,4840
zhao_topk,7,4978
zhao_topk,7,5007
zhao_topk,7,5038
zhao_topk,7,5041
zhao_topk,7,5049
zhao_topk,7,5074
zhao_topk,7,5191
zhao_topk,7,5332
zhao_topk,7,5433
zhao_topk,7,5532
zhao_topk,7,5763
zhao_topk,7,6007
zhao_topk,7,6117
zhao_topk,7,6133
zhao_topk,7,6141
zhao_topk,7,6198
zhao_topk,7,6205
zhao_topk,7,6216
zhao_topk,7,6337
zhao_topk,7,6392
zhao_topk,7,6440
zhao_topk,7,6478
zhao_topk,7,6673
zhao_topk,7,6694
zhao_topk,7,6719
zhao_topk,7,6791
zhao_topk,7,6830
zhao_topk,7,6878
zhao_topk,7,6892
zhao_topk,7,6934
zhao_topk,7,7016
zhao_topk,7,7106
zhao_topk,7,7317
zhao_topk,7,7394
zhao_topk,7,7417
zhao_topk,7,7481
zhao_topk,7,7612
zhao_topk,7,7654
zhao_topk,7,7742
zhao_topk,7,7756
zhao_topk,7,7826
zhao_topk,7,7833
zhao_topk,7,7848
zhao_topk,7,7855
zhao_topk,7,7882
zhao_topk,7,7936
zhao_topk,7,7980
zhao_topk,7,8008
zhao_topk,7,8019
zhao_topk,7,8042
zhao_topk,7,8052
zhao_topk,7,8070
zhao_topk,7,8078
zhao_topk,7,8196
zhao_topk,7,8202
zhao_topk,7,8236
zhao_topk,7,8287
zhao_topk,7,8315
zhao_topk,7,8334
zhao_topk,7,8389
zhao_topk,7,8418
zhao_topk,7,8496
zhao_topk,7,8630
zhao_topk,7,8934
zhao_topk,7,9044
zhao_topk,7,9078
zhao_topk,7,9105
zhao_topk,7,9247
zhao_topk,7,9300
zhao_topk,7,9353
zhao_topk,7,9387
zhao_topk,7,9406
zhao_topk,7,9451
zhao_topk,7,9576
zhao_topk,7,9759
zhao_topk,7,9808
zhao_topk,7,9960
zhao_topk,7,9983
zhao_topk,7,10009
zhao_topk,7,10068
zhao_topk,7,10283
zhao_topk,7,10302
zhao_topk,7,10366
zhao_topk,7,10506
zhao_topk,7,10556
zhao_topk,7,10612
zhao_topk,7,10704
zhao_topk,7,10756
zhao_topk,7,10801
zhao_topk,7,10815
zhao_topk,7,10824
zhao_topk,7,10930
zhao_topk,7,10948
zhao_topk,7,10951
zhao_topk,7,10953
zhao_topk,7,11002
zhao_topk,7,11009
zhao_topk,7,11031
zhao_topk,7,11154
zhao_topk,7,11163
zhao_topk,7,11416
zhao_topk,7,11441
zhao_topk,7,11464
zhao_topk,7,11469
zhao_topk,7,11473
zhao_topk,7,11513
zhao_topk,7,11706
zhao_topk,7,11752
zhao_topk,7,11793
zhao_topk,7,11897
zhao_topk,7,11917
zhao_topk,7,11986
zhao_topk,7,11990
zhao_topk,7,12022
zhao_topk,7,12023
zhao_topk,7,12067
zhao_topk,7,12075
zhao_topk,7,12157
zhao_topk,7,12220
zhao_topk,7,12230
zhao_topk,7,12295
zhao_topk,7,12430
zhao_topk,7,12448
zhao_topk,7,12491
zhao_topk,7,12514
zhao_topk,7,12553
zhao_topk,7,12566
zhao_topk,7,12578
zhao_topk,7,12584
zhao_topk,7,12655
zhao_topk,7,12659
zhao_topk,7,12725
zhao_topk,7,12851
zhao_topk,7,12856
zhao_topk,7,13018
zhao_topk,7,13058
zhao_topk,7,13116
zhao_topk,7,13229
zhao_topk,7,13409
zhao_topk,7,13455
zhao_topk,7,13547
zhao_topk,7,13564
zhao_topk,7,13574
zhao_topk,7,13665
zhao_topk,7,13708
zhao_topk,7,13756
zhao_topk,7,13849
zhao_topk,7,13907
zhao_topk,7,13926
zhao_topk,7,13943
zhao_topk,7,14021
zhao_topk,7,14070
zhao_topk,7,14106
zhao_topk,7,14145
zhao_topk,7,14181
zhao_topk,7,14206
zhao_topk,7,14252
zhao_topk,7,14297
zhao_topk,8,3
zhao_topk,8,23
zhao_topk,8,64
zhao_topk,8,78
zhao_topk,8,108
zhao_topk,8,116
zhao_topk,8,286
zhao_topk,8,295
zhao_topk,8,319
zhao_topk,8,349
zhao_topk,8,352
zhao_topk,8,389
zhao_topk,8,418
zhao_topk,8,423
zhao_topk,8,699
zhao_topk,8,802
zhao_topk,8,819
zhao_topk,8,897
zhao_topk,8,978
zhao_topk,8,1131
zhao_topk,8,1156
zhao_topk,8,1184
zhao_topk,8,1422
zhao_topk,8,1430
zhao_topk,8,1691
zhao_topk,8,1736
zhao_topk,8,1789
zhao_topk,8,1854
zhao_topk,8,1869
zhao_topk,8,1880
zhao_topk,8,2006
zhao_topk,8,2212
zhao_topk,8,2322
zhao_topk,8,2547
zhao_topk,8,2639
zhao_topk,8,2675
zhao_topk,8,2712
zhao_topk,8,3075
zhao_topk,8,3132
zhao_topk,8,3133
zhao_topk,8,3167
zhao_topk,8,3170
zhao_topk,8,3229
zhao_topk,8,3366
zhao_topk,8,3440
zhao_topk,8,3470
zhao_topk,8,3531
zhao_topk,8,3583
zhao_topk,8,3604
zhao_topk,8,3634
zhao_topk,8,3948
zhao_topk,8,3954
zhao_topk,8,4060
zhao_topk,8,4076
zhao_topk,8,4102
zhao_topk,8,4114
zhao_topk,8,4154
zhao_topk,8,4180
zhao_topk,8,4272
zhao_topk,8,4334
zhao_topk,8,4463
zhao_topk,8,4602
zhao_topk,8,4693
zhao_topk,8,4706
zhao_topk,8,4785
zhao_topk,8,4788
zhao_topk,8,4822
zhao_topk,8,4893
zhao_topk,8,4933
zhao_topk,8,4954
zhao_topk,8,5001
zhao_topk,8,5109
zhao_topk,8,5119
zhao_topk,8,5245
zhao_topk,8,5258
zhao_topk,8,5296
zhao_topk,8,5378
zhao_topk,8,5479
zhao_topk,8,5563
zhao_topk,8,5710
zhao_topk,8,5762
zhao_topk,8,5776
zhao_topk,8,5785
zhao_topk,8,5792
zhao_topk,8,5845
zhao_topk,8,5875
zhao_topk,8,6182
zhao_topk,8,6283
zhao_topk,8,6413
zhao_topk,8,6476
zhao_topk,8,6501
zhao_topk,8,6551
zhao_topk,8,6731
zhao_topk,8,6733
zhao_topk,8,6823
zhao_topk,8,6838
zhao_topk,8,6911
zhao_topk,8,7081
zhao_topk,8,7082
zhao_topk,8,7209
zhao_topk,8,7231
zhao_topk,8,7236
zhao_topk,8,7281
zhao_topk,8,7311
zhao_topk,8,7331
zhao_topk,8,7333
zhao_topk,8,7493
zhao_topk,8,7503
zhao_topk,8,7539
zhao_topk,8,7545
zhao_topk,8,7630
zhao_topk,8,7670
zhao_topk,8,7825
zhao_topk,8,7861
zhao_topk,8,7914
zhao_topk,8,7970
zhao_topk,8,8010
zhao_topk,8,8050
zhao_topk,8,8075
zhao_topk,8,8176
zhao_topk,8,8214
zhao_topk,8,8224
zhao_topk,8,8228
zhao_topk,8,8304
zhao_topk,8,8317
zhao_topk,8,8486
zhao_topk,8,8566
zhao_topk,8,8580
zhao_topk,8,8585
zhao_topk,8,8590
zhao_topk,8,8599
zhao_topk,8,8621
zhao_topk,8,8670
zhao_topk,8,8835
zhao_topk,8,8902
zhao_topk,8,8912
zhao_topk,8,8961
zhao_topk,8,9034
zhao_topk,8,9046
zhao_topk,8,9062
zhao_topk,8,9192
zhao_topk,8,9276
zhao_topk,8,9293
zhao_topk,8,9373
zhao_topk,8,9383
zhao_topk,8,9527
zhao_topk,8,9536
zhao_topk,8,9578
zhao_topk,8,9600
zhao_topk,8,9620
zhao_topk,8,9823
zhao_topk,8,9837
zhao_topk,8,9847
zhao_topk,8,9901
zhao_topk,8,9966
zhao_topk,8,10081
zhao_topk,8,10195
zhao_topk,8,10216
zhao_topk,8,10337
zhao_topk,8,10376
zhao_topk,8,10386
zhao_topk,8,10415
zhao_topk,8,10514
zhao_topk,8,10578
zhao_topk,8,10599
zhao_topk,8,10657
zhao_topk,8,10712
zhao_topk,8,10761
zhao_topk,8,10830
zhao_topk,8,10963
zhao_topk,8,11022
zhao_topk,8,11119
zhao_topk,8,11129
zhao_topk,8,11304
zhao_topk,8,11312
zhao_topk,8,11314
zhao_topk,8,11351
zhao_topk,8,11354
zhao_topk,8,11355
zhao_topk,8,11378
zhao_topk,8,11397
zhao_topk,8,11410
zhao_topk,8,11413
zhao_topk,8,11419
zhao_topk,8,11420
zhao_topk,8,11436
zhao_topk,8,11482
zhao_topk,8,11595
zhao_topk,8,11596
zhao_topk,8,11664
zhao_topk,8,11724
zhao_topk,8,11758
zhao_topk,8,11916
zhao_topk,8,11939
zhao_topk,8,12079
zhao_topk,8,12170
zhao_topk,8,12172
zhao_topk,8,12215
zhao_topk,8,12234
zhao_topk,8,12256
zhao_topk,8,12298
zhao_topk,8,12312
zhao_topk,8,12324
zhao_topk,8,12329
zhao_topk,8,12332
zhao_topk,8,12338
zhao_topk,8,12413
zhao_topk,8,12565
zhao_topk,8,12587
zhao_topk,8,12675
zhao_topk,8,12837
zhao_topk,8,12876
zhao_topk,8,12951
zhao_topk,8,12957
zhao_topk,8,12982
zhao_topk,8,13044
zhao_topk,8,13105
zhao_topk,8,13110
zhao_topk,8,13256
zhao_topk,8,13362
zhao_topk,8,13468
zhao_topk,8,13545
zhao_topk,8,13566
zhao_topk,8,13589
zhao_topk,8,13616
zhao_topk,8,13634
zhao_topk,8,13650
zhao_topk,8,13700
zhao_topk,8,13766
zhao_topk,8,13920
zhao_topk,8,14015
zhao_topk,8,14084
zhao_topk,8,14124
zhao_topk,8,14181
zhao_topk,8,14280
zhao_topk,9,102
zhao_topk,9,136
zhao_topk,9,153
zhao_topk,9,155
zhao_topk,9,171
zhao_topk,9,217
zhao_topk,9,334
zhao_topk,9,392
zhao_topk,9,449
zhao_topk,9,513
zhao_topk,9,529
zhao_topk,9,569
zhao_topk,9,676
zhao_topk,9,698
zhao_topk,9,713
zhao_topk,9,747
zhao_topk,9,779
zhao_topk,9,827
zhao_topk,9,859
zhao_topk,9,884
zhao_topk,9,994
zhao_topk,9,1065
zhao_topk,9,1090
zhao_topk,9,1151
zhao_topk,9,1229
zhao_topk,9,1290
zhao_topk,9,1293
zhao_topk,9,1336
zhao_topk,9,1374
zhao_topk,9,1430
zhao_topk,9,1455
zhao_topk,9,1694
zhao_topk,9,1737
zhao_topk,9,1786
zhao_topk,9,1793
zhao_topk,9,1933
zhao_topk,9,1994
zhao_topk,9,2022
zhao_topk,9,2025
zhao_topk,9,2114
zhao_topk,9,2249
zhao_topk,9,2373
zhao_topk,9,2444
zhao_topk,9,2649
zhao_topk,9,2794
zhao_topk,9,2814
zhao_topk,9,2901
zhao_topk,9,2989
zhao_topk,9,3027
zhao_topk,9,3034
zhao_topk,9,3098
zhao_topk,9,3188
zhao_topk,9,3239
zhao_topk,9,3273
zhao_topk,9,3300
zhao_topk,9,3324
zhao_topk,9,3354
zhao_topk,9,3693
zhao_topk,9,3812
zhao_topk,9,3908
zhao_topk,9,3914
zhao_topk,9,3951
zhao_topk,9,3990
zhao_topk,9,4235
zhao_topk,9,4255
zhao_topk,9,4276
zhao_topk,9,4300
zhao_topk,9,4321
zhao_topk,9,4339
zhao_topk,9,4373
zhao_topk,9,4387
zhao_topk,9,4433
zhao_topk,9,4434
zhao_topk,9,4504
zhao_topk,9,4594
zhao_topk,9,4597
zhao_topk,9,4637
zhao_topk,9,4677
zhao_topk,9,4684
zhao_topk,9,4692
zhao_topk,9,4704
zhao_topk,9,4721
zhao_topk,9,4796
zhao_topk,9,4856
zhao_topk,9,4934
zhao_topk,9,5156
zhao_topk,9,5188
zhao_topk,9,5287
zhao_topk,9,5342
zhao_topk,9,5390
zhao_topk,9,5679
zhao_topk,9,5714
zhao_topk,9,5729
zhao_topk,9,5844
zhao_topk,9,5950
zhao_topk,9,5991
zhao_topk,9,6042
zhao_topk,9,6117
zhao_topk,9,6384
zhao_topk,9,6545
zhao_topk,9,6577
zhao_topk,9,6583
zhao_topk,9,6611
zhao_topk,9,6646
zhao_topk,9,6683
zhao_topk,9,6748
zhao_topk,9,6783
zhao_topk,9,6879
zhao_topk,9,6944
zhao_topk,9,6989
zhao_topk,9,7126
zhao_topk,9,7246
zhao_topk,9,7270
zhao_topk,9,7329
zhao_topk,9,7544
zhao_topk,9,7694
zhao_topk,9,7699
zhao_topk,9,7819
zhao_topk,9,7906
zhao_topk,9,7952
zhao_topk,9,8066
zhao_topk,9,8229
zhao_topk,9,8530
zhao_topk,9,8663
zhao_topk,9,8690
zhao_topk,9,8726
zhao_topk,9,8815
zhao_topk,9,8860
zhao_topk,9,8877
zhao_topk,9,9131
zhao_topk,9,9138
zhao_topk,9,9316
zhao_topk,9,9454
zhao_topk,9,9494
zhao_topk,9,9497
zhao_topk,9,9507
zhao_topk,9,9543
zhao_topk,9,9573
zhao_topk,9,9614
zhao_topk,9,9622
zhao_topk,9,9685
zhao_topk,9,9810
zhao_topk,9,9877
zhao_topk,9,10010
zhao_topk,9,10264
zhao_topk,9,10269
zhao_topk,9,10318
zhao_topk,9,10340
zhao_topk,9,10362
zhao_topk,9,10424
zhao_topk,9,10550
zhao_topk,9,10557
zhao_topk,9,10649
zhao_topk,9,10681
zhao_topk,9,10687
zhao_topk,9,10707
zhao_topk,9,10759
zhao_topk,9,10797
zhao_topk,9,10815
zhao_topk,9,10846
zhao_topk,9,10930
zhao_topk,9,10991
zhao_topk,9,11087
zhao_topk,9,11248
zhao_topk,9,11266
zhao_topk,9,11286
zhao_topk,9,11415
zhao_topk,9,11472
zhao_topk,9,11598
zhao_topk,9,11651
zhao_topk,9,11723
zhao_topk,9,11792
zhao_topk,9,11812
zhao_topk,9,11854
zhao_topk,9,11863
zhao_topk,9,11864
zhao_topk,9,11928
zhao_topk,9,12002
zhao_topk,9,12022
zhao_topk,9,12032
zhao_topk,9,12191
zhao_topk,9,12249
zhao_topk,9,12288
zhao_topk,9,12312
zhao_topk,9,12317
zhao_topk,9,12338
zhao_topk,9,12464
zhao_topk,9,12473
zhao_topk,9,12507
zhao_topk,9,12578
zhao_topk,9,12642
zhao_topk,9,12654
zhao_topk,9,12694
zhao_topk,9,12724
zhao_topk,9,12929
zhao_topk,9,12986
zhao_topk,9,12991
zhao_topk,9,13009
zhao_topk,9,13013
zhao_topk,9,13052
zhao_topk,9,13253
zhao_topk,9,13313
zhao_topk,9,13409
zhao_topk,9,13460
zhao_topk,9,13513
zhao_topk,9,13777
zhao_topk,9,13815
zhao_topk,9,13844
zhao_topk,9,13879
zhao_topk,9,14018
zhao_topk,9,14039
zhao_topk,9,14047
zhao_topk,9,14062
zhao_topk,9,14104
zhao_topk,9,14178
zhao_topk,10,96
zhao_topk,10,141
zhao_topk,10,246
zhao_topk,10,320
zhao_topk,10,452
zhao_topk,10,501
zhao_topk,10,593
zhao_topk,10,650
zhao_topk,10,695
zhao_topk,10,704
zhao_topk,10,715
zhao_topk,10,783
zhao_topk,10,853
zhao_topk,10,1037
zhao_topk,10,1151
zhao_topk,10,1156
zhao_topk,10,1189
zhao_topk,10,1369
zhao_topk,10,1451
zhao_topk,10,1511
zhao_topk,10,1534
zhao_topk,10,1609
zhao_topk,10,1648
zhao_topk,10,1656
zhao_topk,10,1736
zhao_topk,10,1750
zhao_topk,10,1768
zhao_topk,10,1801
zhao_topk,10,1859
zhao_topk,10,2035
zhao_topk,10,2059
zhao_topk,10,2096
zhao_topk,10,2140
zhao_topk,10,2220
zhao_topk,10,2257
zhao_topk,10,2268
zhao_topk,10,2277
zhao_topk,10,2437
zhao_topk,10,2504
zhao_topk,10,2714
zhao_topk,10,2829
zhao_topk,10,2911
zhao_topk,10,2931
zhao_topk,10,2977
zhao_topk,10,3084
zhao_topk,10,3159
zhao_topk,10,3204
zhao_topk,10,3210
zhao_topk,10,3430
zhao_topk,10,3456
zhao_topk,10,3535
zhao_topk,10,3565
zhao_topk,10,3609
zhao_topk,10,3809
zhao_topk,10,3931
zhao_topk,10,4071
zhao_topk,10,4105
zhao_topk,10,4199
zhao_topk,10,4202
zhao_topk,10,4434
zhao_topk,10,4511
zhao_topk,10,4553
zhao_topk,10,4582
zhao_topk,10,4749
zhao_topk,10,4819
zhao_topk,10,4910
zhao_topk,10,4978
zhao_topk,10,5110
zhao_topk,10,5190
zhao_topk,10,5207
zhao_topk,10,5288
zhao_topk,10,5323
zhao_topk,10,5339
zhao_topk,10,5352
zhao_topk,10,5556
zhao_topk,10,5606
zhao_topk,10,5710
zhao_topk,10,5755
zhao_topk,10,5787
zhao_topk,10,5823
zhao_topk,10,5999
zhao_topk,10,6096
zhao_topk,10,6184
zhao_topk,10,6185
zhao_topk,10,6201
zhao_topk,10,6284
zhao_topk,10,6337
zhao_topk,10,6345
zhao_topk,10,6508
zhao_topk,10,6522
zhao_topk,10,6630
zhao_topk,10,6667
zhao_topk,10,6706
zhao_topk,10,6709
zhao_topk,10,6718
zhao_topk,10,6759
zhao_topk,10,7030
zhao_topk,10,7033
zhao_topk,10,7231
zhao_topk,10,7305
zhao_topk,10,7310
zhao_topk,10,7319
zhao_topk,10,7329
zhao_topk,10,7379
zhao_topk,10,7386
zhao_topk,10,7528
zhao_topk,10,7641
zhao_topk,10,7642
zhao_topk,10,7653
zhao_topk,10,7689
zhao_topk,10,7999
zhao_topk,10,8060
zhao_topk,10,8356
zhao_topk,10,8359
zhao_topk,10,8445
zhao_topk,10,8546
zhao_topk,10,8682
zhao_topk,10,8740
zhao_topk,10,8769
zhao_topk,10,8888
zhao_topk,10,9050
zhao_topk,10,9080
zhao_topk,10,9132
zhao_topk,10,9229
zhao_topk,10,9259
zhao_topk,10,9322
zhao_topk,10,9468
zhao_topk,10,9495
zhao_topk,10,9579
zhao_topk,10,9593
zhao_topk,10,9779
zhao_topk,10,9795
zhao_topk,10,10012
zhao_topk,10,10081
zhao_topk,10,10116
zhao_topk,10,10141
zhao_topk,10,10191
zhao_topk,10,10197
zhao_topk,10,10254
zhao_topk,10,10269
zhao_topk,10,10341
zhao_topk,10,10415
zhao_topk,10,10587
zhao_topk,10,10621
zhao_topk,10,10632
zhao_topk,10,10707
zhao_topk,10,10713
zhao_topk,10,10730
zhao_topk,10,10745
zhao_topk,10,10914
zhao_topk,10,10925
zhao_topk,10,11066
zhao_topk,10,11073
zhao_topk,10,11157
zhao_topk,10,11159
zhao_topk,10,11253
zhao_topk,10,11349
zhao_topk,10,11375
zhao_topk,10,11401
zhao_topk,10,11447
zhao_topk,10,11519
zhao_topk,10,11570
zhao_topk,10,11614
zhao_topk,10,11649
zhao_topk,10,11718
zhao_topk,10,11855
zhao_topk,10,11864
zhao_topk,10,12009
zhao_topk,10,12026
zhao_topk,10,12058
zhao_topk,10,12060
zhao_topk,10,12328
zhao_topk,10,12457
zhao_topk,10,12478
zhao_topk,10,12570
zhao_topk,10,12747
zhao_topk,10,12824
zhao_topk,10,12879
zhao_topk,10,13008
zhao_topk,10,13023
zhao_topk,10,13032
zhao_topk,10,13285
zhao_topk,10,13525
zhao_topk,10,13538
zhao_topk,10,13557
zhao_topk,10,13750
zhao_topk,10,13824
zhao_topk,10,13849
zhao_topk,10,13939
zhao_topk,10,14115
zhao_topk,10,14167
zhao_topk,10,14261
zhao_topk,10,14295
zhao_topk,11,42
zhao_topk,11,83
zhao_topk,11,187
zhao_topk,11,220
zhao_topk,11,307
zhao_topk,11,358
zhao_topk,11,370
zhao_topk,11,403
zhao_topk,11,432
zhao_topk,11,465
zhao_topk,11,632
zhao_topk,11,640
zhao_topk,11,724
zhao_topk,11,767
zhao_topk,11,791
zhao_topk,11,836
zhao_topk,11,867
zhao_topk,11,876
zhao_topk,11,888
zhao_topk,11,898
zhao_topk,11,912
zhao_topk,11,939
zhao_topk,11,951
zhao_topk,11,1022
zhao_topk,11,1052
zhao_topk,11,1092
zhao_topk,11,1124
zhao_topk,11,1362
zhao_topk,11,1438
zhao_topk,11,1502
zhao_topk,11,1514
zhao_topk,11,1525
zhao_topk,11,1556
zhao_topk,11,1701
zhao_topk,11,1754
zhao_topk,11,1792
zhao_topk,11,1803
zhao_topk,11,1846
zhao_topk,11,2035
zhao_topk,11,2079
zhao_topk,11,2184
zhao_topk,11,2203
zhao_topk,11,2207
zhao_topk,11,2289
zhao_topk,11,2573
zhao_topk,11,2582
zhao_topk,11,2613
zhao_topk,11,2726
zhao_topk,11,2741
zhao_topk,11,2766
zhao_topk,11,3014
zhao_topk,11,3032
zhao_topk,11,3328
zhao_topk,11,3339
zhao_topk,11,3360
zhao_topk,11,3450
zhao_topk,11,3471
zhao_topk,11,3502
zhao_topk,11,3539
zhao_topk,11,3542
zhao_topk,11,3664
zhao_topk,11,3677
zhao_topk,11,3794
zhao_topk,11,3871
zhao_topk,11,3889
zhao_topk,11,3930
zhao_topk,11,3969
zhao_topk,11,3988
zhao_topk,11,4001
zhao_topk,11,4052
zhao_topk,11,4085
zhao_topk,11,4090
zhao_topk,11,4124
zhao_topk,11,4146
zhao_topk,11,4210
zhao_topk,11,4219
zhao_topk,11,4246
zhao_topk,11,4256
zhao_topk,11,4367
zhao_topk,11,4448
zhao_topk,11,4480
zhao_topk,11,4512
zhao_topk,11,4521
zhao_topk,11,4596
zhao_topk,11,4686
zhao_topk,11,4825
zhao_topk,11,4848
zhao_topk,11,4868
zhao_topk,11,4905
zhao_topk,11,4994
zhao_topk,11,5010
zhao_topk,11,5133
zhao_topk,11,5200
zhao_topk,11,5313
zhao_topk,11,5380
zhao_topk,11,5451
zhao_topk,11,5465
zhao_topk,11,5488
zhao_topk,11,5501
zhao_topk,11,5522
zhao_topk,11,5652
zhao_topk,11,5659
zhao_topk,11,5737
zhao_topk,11,5840
zhao_topk,11,5870
zhao_topk,11,5901
zhao_topk,11,6014
zhao_topk,11,6022
zhao_topk,11,6266
zhao_topk,11,6293
zhao_topk,11,6394
zhao_topk,11,6451
zhao_topk,11,6464
zhao_topk,11,6478
zhao_topk,11,6541
zhao_topk,11,6576
zhao_topk,11,6812
zhao_topk,11,6816
zhao_topk,11,6878
zhao_topk,11,6897
zhao_topk,11,6913
zhao_topk,11,6948
zhao_topk,11,7124
zhao_topk,11,7150
zhao_topk,11,7153
zhao_topk,11,7225
zhao_topk,11,7264
zhao_topk,11,7273
zhao_topk,11,7340
zhao_topk,11,7382
zhao_topk,11,7441
zhao_topk,11,7451
zhao_topk,11,7520
zhao_topk,11,7525
zhao_topk,11,7531
zhao_topk,11,7564
zhao_topk,11,7575
zhao_topk,11,7624
zhao_topk,11,7639
zhao_topk,11,7684
zhao_topk,11,7761
zhao_topk,11,7834
zhao_topk,11,7903
zhao_topk,11,7916
zhao_topk,11,7993
zhao_topk,11,8081
zhao_topk,11,8190
zhao_topk,11,8215
zhao_topk,11,8261
zhao_topk,11,8343
zhao_topk,11,8348
zhao_topk,11,8356
zhao_topk,11,8643
zhao_topk,11,8664
zhao_topk,11,8683
zhao_topk,11,8702
zhao_topk,11,8711
zhao_topk,11,8853
zhao_topk,11,8872
zhao_topk,11,8873
zhao_topk,11,8935
zhao_topk,11,9000
zhao_topk,11,9058
zhao_topk,11,9091
zhao_topk,11,9156
zhao_topk,11,9233
zhao_topk,11,9237
zhao_topk,11,9240
zhao_topk,11,9367
zhao_topk,11,9409
zhao_topk,11,9416
zhao_topk,11,9424
zhao_topk,11,9442
zhao_topk,11,9535
zhao_topk,11,9719
zhao_topk,11,9781
zhao_topk,11,9845
zhao_topk,11,9864
zhao_topk,11,10007
zhao_topk,11,10135
zhao_topk,11,10186
zhao_topk,11,10189
zhao_topk,11,10192
zhao_topk,11,10215
zhao_topk,11,10419
zhao_topk,11,10424
zhao_topk,11,10482
zhao_topk,11,10537
zhao_topk,11,10555
zhao_topk,11,10576
zhao_topk,11,10594
zhao_topk,11,10713
zhao_topk,11,10724
zhao_topk,11,10797
zhao_topk,11,10844
zhao_topk,11,10898
zhao_topk,11,10961
zhao_topk,11,11149
zhao_topk,11,11258
zhao_topk,11,11266
zhao_topk,11,11321
zhao_topk,11,11352
zhao_topk,11,11362
zhao_topk,11,11445
zhao_topk,11,11530
zhao_topk,11,11538
zhao_topk,11,11584
zhao_topk,11,11719
zhao_topk,11,11736
zhao_topk,11,11926
zhao_topk,11,11927
zhao_topk,11,11949
zhao_topk,11,12053
zhao_topk,11,12071
zhao_topk,11,12073
zhao_topk,11,12082
zhao_topk,11,12099
zhao_topk,11,12152
zhao_topk,11,12177
zhao_topk,11,12263
zhao_topk,11,12269
zhao_topk,11,12293
zhao_topk,11,12356
zhao_topk,11,12401
zhao_topk,11,12417
zhao_topk,11,12467
zhao_topk,11,12561
zhao_topk,11,12607
zhao_topk,11,12635
zhao_topk,11,12687
zhao_topk,11,12699
zhao_topk,11,12700
zhao_topk,11,12963
zhao_topk,11,12966
zhao_topk,11,13042
zhao_topk,11,13046
zhao_topk,11,13050
zhao_topk,11,13106
zhao_topk,11,13183
zhao_topk,11,13240
zhao_topk,11,13317
zhao_topk,11,13359
zhao_topk,11,13368
zhao_topk,11,13384
zhao_topk,11,13442
zhao_topk,11,13444
zhao_topk,11,13459
zhao_topk,11,13460
zhao_topk,11,13464
zhao_topk,11,13466
zhao_topk,11,13490
zhao_topk,11,13638
zhao_topk,11,13675
zhao_topk,11,13724
zhao_topk,11,13737
zhao_topk,11,13744
zhao_topk,11,13782
zhao_topk,11,13843
zhao_topk,11,13978
zhao_topk,11,14033
zhao_topk,11,14049
zhao_topk,11,14084
zhao_topk,11,14092
zhao_topk,11,14120
zhao_topk,11,14164
zhao_topk,11,14180
zhao_topk,11,14256
zhao_topk,11,14301
zhao_topk,11,14305
zhao_topk,12,93
zhao_topk,12,190
zhao_topk,12,289
zhao_topk,12,329
zhao_topk,12,339
zhao_topk,12,360
zhao_topk,12,364
zhao_topk,12,376
zhao_topk,12,493
zhao_topk,12,532
zhao_topk,12,750
zhao_topk,12,761
zhao_topk,12,904
zhao_topk,12,945
zhao_topk,12,1010
zhao_topk,12,1087
zhao_topk,12,1138
zhao_topk,12,1224
zhao_topk,12,1225
zhao_topk,12,1313
zhao_topk,12,1327
zhao_topk,12,1336
zhao_topk,12,1382
zhao_topk,12,1391
zhao_topk,12,1459
zhao_topk,12,1489
zhao_topk,12,1495
zhao_topk,12,1526
zhao_topk,12,1559
zhao_topk,12,1575
zhao_topk,12,1576
zhao_topk,12,1586
zhao_topk,12,1640
zhao_topk,12,1708
zhao_topk,12,1728
zhao_topk,12,1743
zhao_topk,12,1755
zhao_topk,12,1778
zhao_topk,12,1820
zhao_topk,12,1842
zhao_topk,12,1949
zhao_topk,12,1951
zhao_topk,12,2021
zhao_topk,12,2071
zhao_topk,12,2080
zhao_topk,12,2140
zhao_topk,12,2232
zhao_topk,12,2238
zhao_topk,12,2303
zhao_topk,12,2404
zhao_topk,12,2413
zhao_topk,12,2438
zhao_topk,12,2481
zhao_topk,12,2512
zhao_topk,12,2515
zhao_topk,12,2516
zhao_topk,12,2570
zhao_topk,12,2577
zhao_topk,12,2643
zhao_topk,12,2644
zhao_topk,12,2723
zhao_topk,12,2812
zhao_topk,12,2896
zhao_topk,12,2976
zhao_topk,12,2982
zhao_topk,12,3003
zhao_topk,12,3025
zhao_topk,12,3100
zhao_topk,12,3136
zhao_topk,12,3259
zhao_topk,12,3263
zhao_topk,12,3282
zhao_topk,12,3306
zhao_topk,12,3331
zhao_topk,12,3341
zhao_topk,12,3359
zhao_topk,12,3388
zhao_topk,12,3390
zhao_topk,12,3415
zhao_topk,12,3474
zhao_topk,12,3509
zhao_topk,12,3526
zhao_topk,12,3639
zhao_topk,12,3662
zhao_topk,12,3729
zhao_topk,12,3740
zhao_topk,12,3938
zhao_topk,12,3941
zhao_topk,12,3967
zhao_topk,12,3983
zhao_topk,12,4036
zhao_topk,12,4062
zhao_topk,12,4117
zhao_topk,12,4134
zhao_topk,12,4189
zhao_topk,12,4236
zhao_topk,12,4265
zhao_topk,12,4286
zhao_topk,12,4308
zhao_topk,12,4319
zhao_topk,12,4396
zhao_topk,12,4404
zhao_topk,12,4439
zhao_topk,12,4484
zhao_topk,12,4498
zhao_topk,12,4546
zhao_topk,12,4560
zhao_topk,12,4567
zhao_topk,12,4595
zhao_topk,12,4650
zhao_topk,12,4697
zhao_topk,12,4718
zhao_topk,12,4724
zhao_topk,12,4776
zhao_topk,12,4796
zhao_topk,12,4900
zhao_topk,12,4926
zhao_topk,12,4992
zhao_topk,12,5160
zhao_topk,12,5178
zhao_topk,12,5208
zhao_topk,12,5247
zhao_topk,12,5260
zhao_topk,12,5277
zhao_topk,12,5287
zhao_topk,12,5356
zhao_topk,12,5434
zhao_topk,12,5435
zhao_topk,12,5447
zhao_topk,12,5461
zhao_topk,12,5496
zhao_topk,12,5581
zhao_topk,12,5689
zhao_topk,12,5740
zhao_topk,12,5802
zhao_topk,12,5811
zhao_topk,12,5834
zhao_topk,12,5857
zhao_topk,12,5886
zhao_topk,12,5899
zhao_topk,12,6028
zhao_topk,12,6063
zhao_topk,12,6078
zhao_topk,12,6131
zhao_topk,12,6144
zhao_topk,12,6150
zhao_topk,12,6187
zhao_topk,12,6222
zhao_topk,12,6255
zhao_topk,12,6339
zhao_topk,12,6357
zhao_topk,12,6395
zhao_topk,12,6426
zhao_topk,12,6520
zhao_topk,12,6546
zhao_topk,12,6561
zhao_topk,12,6581
zhao_topk,12,6600
zhao_topk,12,6613
zhao_topk,12,6618
zhao_topk,12,6755
zhao_topk,12,6770
zhao_topk,12,6779
zhao_topk,12,6790
zhao_topk,12,6792
zhao_topk,12,6807
zhao_topk,12,6859
zhao_topk,12,6885
zhao_topk,12,6904
zhao_topk,12,6912
zhao_topk,12,6973
zhao_topk,12,7086
zhao_topk,12,7094
zhao_topk,12,7101
zhao_topk,12,7114
zhao_topk,12,7213
zhao_topk,12,7215
zhao_topk,12,7221
zhao_topk,12,7328
zhao_topk,12,7470
zhao_topk,12,7480
zhao_topk,12,7561
zhao_topk,12,7584
zhao_topk,12,7588
zhao_topk,12,7640
zhao_topk,12,7717
zhao_topk,12,7872
zhao_topk,12,7877
zhao_topk,12,7896
zhao_topk,12,7935
zhao_topk,12,7950
zhao_topk,12,8017
zhao_topk,12,8182
zhao_topk,12,8343
zhao_topk,12,8386
zhao_topk,12,8389
zhao_topk,12,8435
zhao_topk,12,8479
zhao_topk,12,8484
zhao_topk,12,8540
zhao_topk,12,8633
zhao_topk,12,8636
zhao_topk,12,8655
zhao_topk,12,8743
zhao_topk,12,8835
zhao_topk,12,8845
zhao_topk,12,8861
zhao_topk,12,8893
zhao_topk,12,8929
zhao_topk,12,8978
zhao_topk,12,9002
zhao_topk,12,9067
zhao_topk,12,9176
zhao_topk,12,9203
zhao_topk,12,9229
zhao_topk,12,9278
zhao_topk,12,9287
zhao_topk,12,9293
zhao_topk,12,9310
zhao_topk,12,9336
zhao_topk,12,9392
zhao_topk,12,9422
zhao_topk,12,9444
zhao_topk,12,9477
zhao_topk,12,9511
zhao_topk,12,9598
zhao_topk,12,9683
zhao_topk,12,9695
zhao_topk,12,9790
zhao_topk,12,9795
zhao_topk,12,9797
zhao_topk,12,9920
zhao_topk,12,9938
zhao_topk,12,9945
zhao_topk,12,9966
zhao_topk,12,10036
zhao_topk,12,10079
zhao_topk,12,10099
zhao_topk,12,10110
zhao_topk,12,10160
zhao_topk,12,10192
zhao_topk,12,10294
zhao_topk,12,10330
zhao_topk,12,10356
zhao_topk,12,10372
zhao_topk,12,10373
zhao_topk,12,10376
zhao_topk,12,10381
zhao_topk,12,10397
zhao_topk,12,10408
zhao_topk,12,10511
zhao_topk,12,10570
zhao_topk,12,10577
zhao_topk,12,10661
zhao_topk,12,10665
zhao_topk,12,10736
zhao_topk,12,10737
zhao_topk,12,10781
zhao_topk,12,10860
zhao_topk,12,10907
zhao_topk,12,10914
zhao_topk,12,10926
zhao_topk,12,10951
zhao_topk,12,10969
zhao_topk,12,10989
zhao_topk,12,11011
zhao_topk,12,11040
zhao_topk,12,11064
zhao_topk,12,11078
zhao_topk,12,11094
zhao_topk,12,11139
zhao_topk,12,11162
zhao_topk,12,11185
zhao_topk,12,11193
zhao_topk,12,11217
zhao_topk,12,11229
zhao_topk,12,11237
zhao_topk,12,11250
zhao_topk,12,11256
zhao_topk,12,11262
zhao_topk,12,11414
zhao_topk,12,11428
zhao_topk,12,11446
zhao_topk,12,11451
zhao_topk,12,11452
zhao_topk,12,11460
zhao_topk,12,11481
zhao_topk,12,11507
zhao_topk,12,11532
zhao_topk,12,11594
zhao_topk,12,11639
zhao_topk,12,11705
zhao_topk,12,11729
zhao_topk,12,11756
zhao_topk,12,11771
zhao_topk,12,11800
zhao_topk,12,11831
zhao_topk,12,11912
zhao_topk,12,11994
zhao_topk,12,12026
zhao_topk,12,12113
zhao_topk,12,12131
zhao_topk,12,12145
zhao_topk,12,12196
zhao_topk,12,12205
zhao_topk,12,12209
zhao_topk,12,12231
zhao_topk,12,12286
zhao_topk,12,12298
zhao_topk,12,12306
zhao_topk,12,12356
zhao_topk,12,12390
zhao_topk,12,12457
zhao_topk,12,12535
zhao_topk,12,12541
zhao_topk,12,12591
zhao_topk,12,12654
zhao_topk,12,12683
zhao_topk,12,12702
zhao_topk,12,12773
zhao_topk,12,12793
zhao_topk,12,12851
zhao_topk,12,12882
zhao_topk,12,12890
zhao_topk,12,12953
zhao_topk,12,13129
zhao_topk,12,13143
zhao_topk,12,13264
zhao_topk,12,13269
zhao_topk,12,13274
zhao_topk,12,13275
zhao_topk,12,13282
zhao_topk,12,13288
zhao_topk,12,13402
zhao_topk,12,13466
zhao_topk,12,13517
zhao_topk,12,13529
zhao_topk,12,13555
zhao_topk,12,13558
zhao_topk,12,13562
zhao_topk,12,13714
zhao_topk,12,13783
zhao_topk,12,13806
zhao_topk,12,13834
zhao_topk,12,13860
zhao_topk,12,13868
zhao_topk,12,13881
zhao_topk,12,13890
zhao_topk,12,13969
zhao_topk,12,13973
zhao_topk,12,14031
zhao_topk,12,14042
zhao_topk,12,14105
zhao_topk,12,14207
zhao_topk,12,14260
zhao_topk,12,14297
zhao_topk,12,14326
zhao_topk,13,103
zhao_topk,13,229
zhao_topk,13,281
zhao_topk,13,294
zhao_topk,13,348
zhao_topk,13,384
zhao_topk,13,500
zhao_topk,13,599
zhao_topk,13,600
zhao_topk,13,601
zhao_topk,13,647
zhao_topk,13,667
zhao_topk,13,668
zhao_topk,13,724
zhao_topk,13,783
zhao_topk,13,912
zhao_topk,13,943
zhao_topk,13,954
zhao_topk,13,976
zhao_topk,13,982
zhao_topk,13,993
zhao_topk,13,1065
zhao_topk,13,1125
zhao_topk,13,1135
zhao_topk,13,1244
zhao_topk,13,1261
zhao_topk,13,1342
zhao_topk,13,1346
zhao_topk,13,1367
zhao_topk,13,1378
zhao_topk,13,1385
zhao_topk,13,1488
zhao_topk,13,1565
zhao_topk,13,1595
zhao_topk,13,1644
zhao_topk,13,1660
zhao_topk,13,1679
zhao_topk,13,1789
zhao_topk,13,1804
zhao_topk,13,1814
zhao_topk,13,1828
zhao_topk,13,1857
zhao_topk,13,1923
zhao_topk,13,1924
zhao_topk,13,1939
zhao_topk,13,1950
zhao_topk,13,2035
zhao_topk,13,2046
zhao_topk,13,2104
zhao_topk,13,2308
zhao_topk,13,2423
zhao_topk,13,2425
zhao_topk,13,2427
zhao_topk,13,2452
zhao_topk,13,2482
zhao_topk,13,2488
zhao_topk,13,2618
zhao_topk,13,2741
zhao_topk,13,2756
zhao_topk,13,2999
zhao_topk,13,3029
zhao_topk,13,3032
zhao_topk,13,3067
zhao_topk,13,3099
zhao_topk,13,3183
zhao_topk,13,3206
zhao_topk,13,3229
zhao_topk,13,3264
zhao_topk,13,3272
zhao_topk,13,3314
zhao_topk,13,3408
zhao_topk,13,3433
zhao_topk,13,3557
zhao_topk,13,3670
zhao_topk,13,3844
zhao_topk,13,3845
zhao_topk,13,3935
zhao_topk,13,4030
zhao_topk,13,4032
zhao_topk,13,4044
zhao_topk,13,4065
zhao_topk,13,4097
zhao_topk,13,4101
zhao_topk,13,4149
zhao_topk,13,4205
zhao_topk,13,4208
zhao_topk,13,4306
zhao_topk,13,4386
zhao_topk,13,4389
zhao_topk,13,4404
zhao_topk,13,4436
zhao_topk,13,4514
zhao_topk,13,4646
zhao_topk,13,4661
zhao_topk,13,4685
zhao_topk,13,4688
zhao_topk,13,4730
zhao_topk,13,4870
zhao_topk,13,4898
zhao_topk,13,4905
zhao_topk,13,4923
zhao_topk,13,4961
zhao_topk,13,5026
zhao_topk,13,5097
zhao_topk,13,5102
zhao_topk,13,5234
zhao_topk,13,5276
zhao_topk,13,5294
zhao_topk,13,5335
zhao_topk,13,5418
zhao_topk,13,5560
zhao_topk,13,5637
zhao_topk,13,5656
zhao_topk,13,5694
zhao_topk,13,5773
zhao_topk,13,5775
zhao_topk,13,5835
zhao_topk,13,5873
zhao_topk,13,6044
zhao_topk,13,6070
zhao_topk,13,6209
zhao_topk,13,6213
zhao_topk,13,6235
zhao_topk,13,6275
zhao_topk,13,6356
zhao_topk,13,6555
zhao_topk,13,6571
zhao_topk,13,6588
zhao_topk,13,6641
zhao_topk,13,6644
zhao_topk,13,6658
zhao_topk,13,6690
zhao_topk,13,6697
zhao_topk,13,6737
zhao_topk,13,6900
zhao_topk,13,6911
zhao_topk,13,6952
zhao_topk,13,6999
zhao_topk,13,7079
zhao_topk,13,7159
zhao_topk,13,7181
zhao_topk,13,7224
zhao_topk,13,7240
zhao_topk,13,7286
zhao_topk,13,7344
zhao_topk,13,7525
zhao_topk,13,7554
zhao_topk,13,7566
zhao_topk,13,7585
zhao_topk,13,7606
zhao_topk,13,7631
zhao_topk,13,7766
zhao_topk,13,7884
zhao_topk,13,7965
zhao_topk,13,7980
zhao_topk,13,8008
zhao_topk,13,8022
zhao_topk,13,8031
zhao_topk,13,8124
zhao_topk,13,8143
zhao_topk,13,8237
zhao_topk,13,8244
zhao_topk,13,8310
zhao_topk,13,8383
zhao_topk,13,8425
zhao_topk,13,8521
zhao_topk,13,8522
zhao_topk,13,8674
zhao_topk,13,8818
zhao_topk,13,8958
zhao_topk,13,8959
zhao_topk,13,8985
zhao_topk,13,9025
zhao_topk,13,9082
zhao_topk,13,9084
zhao_topk,13,9100
zhao_topk,13,9124
zhao_topk,13,9139
zhao_topk,13,9240
zhao_topk,13,9244
zhao_topk,13,9281
zhao_topk,13,9322
zhao_topk,13,9330
zhao_topk,13,9404
zhao_topk,13,9455
zhao_topk,13,9507
zhao_topk,13,9583
zhao_topk,13,9649
zhao_topk,13,10010
zhao_topk,13,10033
zhao_topk,13,10048
zhao_topk,13,10101
zhao_topk,13,10179
zhao_topk,13,10198
zhao_topk,13,10238
zhao_topk,13,10315
zhao_topk,13,10406
zhao_topk,13,10415
zhao_topk,13,10435
zhao_topk,13,10449
zhao_topk,13,10450
zhao_topk,13,10479
zhao_topk,13,10615
zhao_topk,13,10626
zhao_topk,13,10677
zhao_topk,13,10939
zhao_topk,13,11065
zhao_topk,13,11163
zhao_topk,13,11238
zhao_topk,13,11347
zhao_topk,13,11450
zhao_topk,13,11481
zhao_topk,13,11500
zhao_topk,13,11578
zhao_topk,13,11660
zhao_topk,13,11666
zhao_topk,13,11669
zhao_topk,13,11679
zhao_topk,13,11685
zhao_topk,13,11818
zhao_topk,13,11875
zhao_topk,13,11924
zhao_topk,13,12039
zhao_topk,13,12075
zhao_topk,13,12135
zhao_topk,13,12168
zhao_topk,13,12316
zhao_topk,13,12427
zhao_topk,13,12428
zhao_topk,13,12485
zhao_topk,13,12570
zhao_topk,13,12580
zhao_topk,13,12590
zhao_topk,13,12624
zhao_topk,13,12664
zhao_topk,13,12704
zhao_topk,13,12719
zhao_topk,13,12865
zhao_topk,13,13125
zhao_topk,13,13215
zhao_topk,13,13351
zhao_topk,13,13366
zhao_topk,13,13545
zhao_topk,13,13614
zhao_topk,13,13660
zhao_topk,13,13672
zhao_topk,13,13730
zhao_topk,13,13808
zhao_topk,13,13827
zhao_topk,13,13853
zhao_topk,13,13877
zhao_topk,13,13905
zhao_topk,13,13953
zhao_topk,13,14123
zhao_topk,13,14146
zhao_topk,13,14170
zhao_topk,13,14173
zhao_topk,13,14191
zhao_topk,14,4
zhao_topk,14,6
zhao_topk,14,24
zhao_topk,14,57
zhao_topk,14,186
zhao_topk,14,242
zhao_topk,14,464
zhao_topk,14,545
zhao_topk,14,574
zhao_topk,14,590
zhao_topk,14,733
zhao_topk,14,833
zhao_topk,14,892
zhao_topk,14,897
zhao_topk,14,907
zhao_topk,14,995
zhao_topk,14,1079
zhao_topk,14,1206
zhao_topk,14,1226
zhao_topk,14,1249
zhao_topk,14,1330
zhao_topk,14,1379
zhao_topk,14,1464
zhao_topk,14,1576
zhao_topk,14,1598
zhao_topk,14,1640
zhao_topk,14,1752
zhao_topk,14,1754
zhao_topk,14,1863
zhao_topk,14,1907
zhao_topk,14,1942
zhao_topk,14,2057
zhao_topk,14,2204
zhao_topk,14,2249
zhao_topk,14,2362
zhao_topk,14,2412
zhao_topk,14,2450
zhao_topk,14,2515
zhao_topk,14,2524
zhao_topk,14,2537
zhao_topk,14,2692
zhao_topk,14,2693
zhao_topk,14,2717
zhao_topk,14,2777
zhao_topk,14,2871
zhao_topk,14,2913
zhao_topk,14,2982
zhao_topk,14,3007
zhao_topk,14,3081
zhao_topk,14,3184
zhao_topk,14,3212
zhao_topk,14,3246
zhao_topk,14,3366
zhao_topk,14,3417
zhao_topk,14,3464
zhao_topk,14,3475
zhao_topk,14,3501
zhao_topk,14,3527
zhao_topk,14,3636
zhao_topk,14,3686
zhao_topk,14,3695
zhao_topk,14,3698
zhao_topk,14,3747
zhao_topk,14,3750
zhao_topk,14,3784
zhao_topk,14,3865
zhao_topk,14,3870
zhao_topk,14,4000
zhao_topk,14,4043
zhao_topk,14,4095
zhao_topk,14,4142
zhao_topk,14,4187
zhao_topk,14,4258
zhao_topk,14,4269
zhao_topk,14,4328
zhao_topk,14,4346
zhao_topk,14,4366
zhao_topk,14,4458
zhao_topk,14,4479
zhao_topk,14,4491
zhao_topk,14,4501
zhao_topk,14,4512
zhao_topk,14,4522
zhao_topk,14,4544
zhao_topk,14,4638
zhao_topk,14,4649
zhao_topk,14,4658
zhao_topk,14,4730
zhao_topk,14,4755
zhao_topk,14,4776
zhao_topk,14,4848
zhao_topk,14,5032
zhao_topk,14,5056
zhao_topk,14,5089
zhao_topk,14,5163
zhao_topk,14,5269
zhao_topk,14,5412
zhao_topk,14,5430
zhao_topk,14,5538
zhao_topk,14,5546
zhao_topk,14,5558
zhao_topk,14,5563
zhao_topk,14,5641
zhao_topk,14,5649
zhao_topk,14,5662
zhao_topk,14,5729
zhao_topk,14,5762
zhao_topk,14,5823
zhao_topk,14,5834
zhao_topk,14,5879
zhao_topk,14,5932
zhao_topk,14,6119
zhao_topk,14,6133
zhao_topk,14,6177
zhao_topk,14,6197
zhao_topk,14,6246
zhao_topk,14,6341
zhao_topk,14,6382
zhao_topk,14,6385
zhao_topk,14,6458
zhao_topk,14,6558
zhao_topk,14,6640
zhao_topk,14,6674
zhao_topk,14,6689
zhao_topk,14,6705
zhao_topk,14,6787
zhao_topk,14,6829
zhao_topk,14,6929
zhao_topk,14,7138
zhao_topk,14,7160
zhao_topk,14,7202
zhao_topk,14,7235
zhao_topk,14,7265
zhao_topk,14,7317
zhao_topk,14,7337
zhao_topk,14,7367
zhao_topk,14,7384
zhao_topk,14,7386
zhao_topk,14,7417
zhao_topk,14,7446
zhao_topk,14,7467
zhao_topk,14,7541
zhao_topk,14,7542
zhao_topk,14,7551
zhao_topk,14,7586
zhao_topk,14,7618
zhao_topk,14,7712
zhao_topk,14,7736
zhao_topk,14,7858
zhao_topk,14,7914
zhao_topk,14,7917
zhao_topk,14,7922
zhao_topk,14,8009
zhao_topk,14,8088
zhao_topk,14,8090
zhao_topk,14,8174
zhao_topk,14,8225
zhao_topk,14,8349
zhao_topk,14,8361
zhao_topk,14,8371
zhao_topk,14,8397
zhao_topk,14,8419
zhao_topk,14,8455
zhao_topk,14,8504
zhao_topk,14,8553
zhao_topk,14,8593
zhao_topk,14,8648
zhao_topk,14,8660
zhao_topk,14,8704
zhao_topk,14,8738
zhao_topk,14,8761
zhao_topk,14,8785
zhao_topk,14,8864
zhao_topk,14,8909
zhao_topk,14,8931
zhao_topk,14,9002
zhao_topk,14,9013
zhao_topk,14,9020
zhao_topk,14,9035
zhao_topk,14,9062
zhao_topk,14,9117
zhao_topk,14,9262
zhao_topk,14,9315
zhao_topk,14,9318
zhao_topk,14,9326
zhao_topk,14,9345
zhao_topk,14,9375
zhao_topk,14,9421
zhao_topk,14,9431
zhao_topk,14,9466
zhao_topk,14,9482
zhao_topk,14,9486
zhao_topk,14,9584
zhao_topk,14,9711
zhao_topk,14,9724
zhao_topk,14,9764
zhao_topk,14,9953
zhao_topk,14,10026
zhao_topk,14,10148
zhao_topk,14,10280
zhao_topk,14,10302
zhao_topk,14,10317
zhao_topk,14,10372
zhao_topk,14,10389
zhao_topk,14,10513
zhao_topk,14,10744
zhao_topk,14,10798
zhao_topk,14,10878
zhao_topk,14,11049
zhao_topk,14,11244
zhao_topk,14,11265
zhao_topk,14,11318
zhao_topk,14,11391
zhao_topk,14,11414
zhao_topk,14,11469
zhao_topk,14,11603
zhao_topk,14,11631
zhao_topk,14,11647
zhao_topk,14,11693
zhao_topk,14,11703
zhao_topk,14,11715
zhao_topk,14,11722
zhao_topk,14,11773
zhao_topk,14,11873
zhao_topk,14,11887
zhao_topk,14,11946
zhao_topk,14,12019
zhao_topk,14,12057
zhao_topk,14,12101
zhao_topk,14,12188
zhao_topk,14,12270
zhao_topk,14,12493
zhao_topk,14,12524
zhao_topk,14,12639
zhao_topk,14,12688
zhao_topk,14,12691
zhao_topk,14,12711
zhao_topk,14,12760
zhao_topk,14,12839
zhao_topk,14,12843
zhao_topk,14,12844
zhao_topk,14,12925
zhao_topk,14,12927
zhao_topk,14,13047
zhao_topk,14,13073
zhao_topk,14,13085
zhao_topk,14,13182
zhao_topk,14,13200
zhao_topk,14,13315
zhao_topk,14,13329
zhao_topk,14,13335
zhao_topk,14,13344
zhao_topk,14,13420
zhao_topk,14,13455
zhao_topk,14,13464
zhao_topk,14,13469
zhao_topk,14,13521
zhao_topk,14,13601
zhao_topk,14,13640
zhao_topk,14,13735
zhao_topk,14,13798
zhao_topk,14,13902
zhao_topk,14,14020
zhao_topk,14,14071
zhao_topk,14,14095
zhao_topk,14,14125
zhao_topk,14,14152
zhao_topk,14,14281
zhao_topk,14,14301
zhao_topk,14,14313
zhao_topk,15,421
zhao_topk,15,688
zhao_topk,15,780
zhao_topk,15,783
zhao_topk,15,828
zhao_topk,15,973
zhao_topk,15,1180
zhao_topk,15,1330
zhao_topk,15,1355
zhao_topk,15,1392
zhao_topk,15,1394
zhao_topk,15,1453
zhao_topk,15,1473
zhao_topk,15,1516
zhao_topk,15,1597
zhao_topk,15,1613
zhao_topk,15,1620
zhao_topk,15,1688
zhao_topk,15,1735
zhao_topk,15,1816
zhao_topk,15,1867
zhao_topk,15,1871
zhao_topk,15,1935
zhao_topk,15,1959
zhao_topk,15,2002
zhao_topk,15,2064
zhao_topk,15,2280
zhao_topk,15,2292
zhao_topk,15,2326
zhao_topk,15,2395
zhao_topk,15,2505
zhao_topk,15,2518
zhao_topk,15,2562
zhao_topk,15,2599
zhao_topk,15,2613
zhao_topk,15,2618
zhao_topk,15,2660
zhao_topk,15,2715
zhao_topk,15,2740
zhao_topk,15,2820
zhao_topk,15,3002
zhao_topk,15,3136
zhao_topk,15,3231
zhao_topk,15,3346
zhao_topk,15,3355
zhao_topk,15,3414
zhao_topk,15,3498
zhao_topk,15,3519
zhao_topk,15,3542
zhao_topk,15,3599
zhao_topk,15,3668
zhao_topk,15,3791
zhao_topk,15,3917
zhao_topk,15,3965
zhao_topk,15,3997
zhao_topk,15,4085
zhao_topk,15,4183
zhao_topk,15,4351
zhao_topk,15,4454
zhao_topk,15,4476
zhao_topk,15,4485
zhao_topk,15,4503
zhao_topk,15,4525
zhao_topk,15,4528
zhao_topk,15,4547
zhao_topk,15,4681
zhao_topk,15,4719
zhao_topk,15,4722
zhao_topk,15,4739
zhao_topk,15,4792
zhao_topk,15,4933
zhao_topk,15,4959
zhao_topk,15,4975
zhao_topk,15,5069
zhao_topk,15,5135
zhao_topk,15,5155
zhao_topk,15,5168
zhao_topk,15,5225
zhao_topk,15,5431
zhao_topk,15,5459
zhao_topk,15,5704
zhao_topk,15,5727
zhao_topk,15,5749
zhao_topk,15,5862
zhao_topk,15,5908
zhao_topk,15,5979
zhao_topk,15,6031
zhao_topk,15,6069
zhao_topk,15,6103
zhao_topk,15,6148
zhao_topk,15,6149
zhao_topk,15,6164
zhao_topk,15,6233
zhao_topk,15,6320
zhao_topk,15,6463
zhao_topk,15,6547
zhao_topk,15,6835
zhao_topk,15,6888
zhao_topk,15,6982
zhao_topk,15,7021
zhao_topk,15,7066
zhao_topk,15,7153
zhao_topk,15,7157
zhao_topk,15,7209
zhao_topk,15,7338
zhao_topk,15,7429
zhao_topk,15,7490
zhao_topk,15,7492
zhao_topk,15,7566
zhao_topk,15,7655
zhao_topk,15,7667
zhao_topk,15,7669
zhao_topk,15,7691
zhao_topk,15,7708
zhao_topk,15,7732
zhao_topk,15,7922
zhao_topk,15,7958
zhao_topk,15,7959
zhao_topk,15,7965
zhao_topk,15,7974
zhao_topk,15,8017
zhao_topk,15,8077
zhao_topk,15,8213
zhao_topk,15,8305
zhao_topk,15,8390
zhao_topk,15,8452
zhao_topk,15,8570
zhao_topk,15,8577
zhao_topk,15,8598
zhao_topk,15,8650
zhao_topk,15,8668
zhao_topk,15,8744
zhao_topk,15,8764
zhao_topk,15,8929
zhao_topk,15,9033
zhao_topk,15,9069
zhao_topk,15,9113
zhao_topk,15,9115
zhao_topk,15,9121
zhao_topk,15,9136
zhao_topk,15,9147
zhao_topk,15,9206
zhao_topk,15,9256
zhao_topk,15,9366
zhao_topk,15,9388
zhao_topk,15,9393
zhao_topk,15,9402
zhao_topk,15,9448
zhao_topk,15,9473
zhao_topk,15,9501
zhao_topk,15,9522
zhao_topk,15,9646
zhao_topk,15,9786
zhao_topk,15,9816
zhao_topk,15,9860
zhao_topk,15,9880
zhao_topk,15,9890
zhao_topk,15,9925
zhao_topk,15,9949
zhao_topk,15,10103
zhao_topk,15,10190
zhao_topk,15,10235
zhao_topk,15,10238
zhao_topk,15,10306
zhao_topk,15,10432
zhao_topk,15,10495
zhao_topk,15,10510
zhao_topk,15,10516
zhao_topk,15,10553
zhao_topk,15,10641
zhao_topk,15,10717
zhao_topk,15,10764
zhao_topk,15,10816
zhao_topk,15,10829
zhao_topk,15,10923
zhao_topk,15,10926
zhao_topk,15,10959
zhao_topk,15,10972
zhao_topk,15,11086
zhao_topk,15,11150
zhao_topk,15,11159
zhao_topk,15,11202
zhao_topk,15,11228
zhao_topk,15,11280
zhao_topk,15,11312
zhao_topk,15,11369
zhao_topk,15,11415
zhao_topk,15,11492
zhao_topk,15,11526
zhao_topk,15,11571
zhao_topk,15,11583
zhao_topk,15,11604
zhao_topk,15,11749
zhao_topk,15,11792
zhao_topk,15,11853
zhao_topk,15,11907
zhao_topk,15,11991
zhao_topk,15,12139
zhao_topk,15,12331
zhao_topk,15,12395
zhao_topk,15,12397
zhao_topk,15,12406
zhao_topk,15,12479
zhao_topk,15,12489
zhao_topk,15,12593
zhao_topk,15,12688
zhao_topk,15,12699
zhao_topk,15,12706
zhao_topk,15,12753
zhao_topk,15,12757
zhao_topk,15,12782
zhao_topk,15,12803
zhao_topk,15,12809
zhao_topk,15,12892
zhao_topk,15,12917
zhao_topk,15,12953
zhao_topk,15,12971
zhao_topk,15,13078
zhao_topk,15,13260
zhao_topk,15,13315
zhao_topk,15,13384
zhao_topk,15,13403
zhao_topk,15,13423
zhao_topk,15,13518
zhao_topk,15,13525
zhao_topk,15,13583
zhao_topk,15,13591
zhao_topk,15,13700
zhao_topk,15,13705
zhao_topk,15,13916
zhao_topk,15,14092
zhao_topk,15,14128
zhao_topk,15,14132
zhao_topk,15,14189
zhao_topk,15,14284
zhao_topk,15,14301
zhao_topk,16,24
zhao_topk,16,107
zhao_topk,16,142
zhao_topk,16,185
zhao_topk,16,348
zhao_topk,16,373
zhao_topk,16,390
zhao_topk,16,429
zhao_topk,16,458
zhao_topk,16,479
zhao_topk,16,529
zhao_topk,16,594
zhao_topk,16,693
zhao_topk,16,781
zhao_topk,16,823
zhao_topk,16,834
zhao_topk,16,867
zhao_topk,16,958
zhao_topk,16,989
zhao_topk,16,1026
zhao_topk,16,1050
zhao_topk,16,1128
zhao_topk,16,1146
zhao_topk,16,1159
zhao_topk,16,1241
zhao_topk,16,1299
zhao_topk,16,1374
zhao_topk,16,1424
zhao_topk,16,1583
zhao_topk,16,1756
zhao_topk,16,1760
zhao_topk,16,1881
zhao_topk,16,1924
zhao_topk,16,1936
zhao_topk,16,1951
zhao_topk,16,1986
zhao_topk,16,2121
zhao_topk,16,2161
zhao_topk,16,2201
zhao_topk,16,2203
zhao_topk,16,2287
zhao_topk,16,2350
zhao_topk,16,2399
zhao_topk,16,2467
zhao_topk,16,2494
zhao_topk,16,2636
zhao_topk,16,2717
zhao_topk,16,2719
zhao_topk,16,2882
zhao_topk,16,2928
zhao_topk,16,3172
zhao_topk,16,3230
zhao_topk,16,3368
zhao_topk,16,3401
zhao_topk,16,3427
zhao_topk,16,3463
zhao_topk,16,3619
zhao_topk,16,3998
zhao_topk,16,4114
zhao_topk,16,4115
zhao_topk,16,4123
zhao_topk,16,4201
zhao_topk,16,4235
zhao_topk,16,4304
zhao_topk,16,4309
zhao_topk,16,4374
zhao_topk,16,4401
zhao_topk,16,4537
zhao_topk,16,4602
zhao_topk,16,4659
zhao_topk,16,4880
zhao_topk,16,4992
zhao_topk,16,5030
zhao_topk,16,5033
zhao_topk,16,5198
zhao_topk,16,5213
zhao_topk,16,5357
zhao_topk,16,5364
zhao_topk,16,5378
zhao_topk,16,5388
zhao_topk,16,5494
zhao_topk,16,5497
zhao_topk,16,5545
zhao_topk,16,5576
zhao_topk,16,5637
zhao_topk,16,5813
zhao_topk,16,5917
zhao_topk,16,5924
zhao_topk,16,6070
zhao_topk,16,6078
zhao_topk,16,6118
zhao_topk,16,6160
zhao_topk,16,6202
zhao_topk,16,6294
zhao_topk,16,6364
zhao_topk,16,6373
zhao_topk,16,6521
zhao_topk,16,6523
zhao_topk,16,6644
zhao_topk,16,6731
zhao_topk,16,6737
zhao_topk,16,6738
zhao_topk,16,6752
zhao_topk,16,6876
zhao_topk,16,6893
zhao_topk,16,7014
zhao_topk,16,7021
zhao_topk,16,7027
zhao_topk,16,7048
zhao_topk,16,7051
zhao_topk,16,7164
zhao_topk,16,7288
zhao_topk,16,7292
zhao_topk,16,7380
zhao_topk,16,7411
zhao_topk,16,7476
zhao_topk,16,7535
zhao_topk,16,7560
zhao_topk,16,7591
zhao_topk,16,7600
zhao_topk,16,7733
zhao_topk,16,7919
zhao_topk,16,7965
zhao_topk,16,8099
zhao_topk,16,8107
zhao_topk,16,8130
zhao_topk,16,8156
zhao_topk,16,8186
zhao_topk,16,8462
zhao_topk,16,8562
zhao_topk,16,8578
zhao_topk,16,8648
zhao_topk,16,8705
zhao_topk,16,8787
zhao_topk,16,8831
zhao_topk,16,8865
zhao_topk,16,8873
zhao_topk,16,8912
zhao_topk,16,8969
zhao_topk,16,8985
zhao_topk,16,8988
zhao_topk,16,9015
zhao_topk,16,9027
zhao_topk,16,9050
zhao_topk,16,9055
zhao_topk,16,9120
zhao_topk,16,9214
zhao_topk,16,9219
zhao_topk,16,9249
zhao_topk,16,9290
zhao_topk,16,9394
zhao_topk,16,9600
zhao_topk,16,9615
zhao_topk,16,9685
zhao_topk,16,9883
zhao_topk,16,9901
zhao_topk,16,9912
zhao_topk,16,9960
zhao_topk,16,9963
zhao_topk,16,9988
zhao_topk,16,10015
zhao_topk,16,10163
zhao_topk,16,10204
zhao_topk,16,10246
zhao_topk,16,10292
zhao_topk,16,10549
zhao_topk,16,10553
zhao_topk,16,10581
zhao_topk,16,10629
zhao_topk,16,10631
zhao_topk,16,10670
zhao_topk,16,10844
zhao_topk,16,11000
zhao_topk,16,11009
zhao_topk,16,11023
zhao_topk,16,11212
zhao_topk,16,11267
zhao_topk,16,11277
zhao_topk,16,11290
zhao_topk,16,11331
zhao_topk,16,11468
zhao_topk,16,11477
zhao_topk,16,11537
zhao_topk,16,11602
zhao_topk,16,11836
zhao_topk,16,12012
zhao_topk,16,12129
zhao_topk,16,12131
zhao_topk,16,12180
zhao_topk,16,12193
zhao_topk,16,12263
zhao_topk,16,12360
zhao_topk,16,12417
zhao_topk,16,12442
zhao_topk,16,12588
zhao_topk,16,12706
zhao_topk,16,12720
zhao_topk,16,12741
zhao_topk,16,12803
zhao_topk,16,12896
zhao_topk,16,12924
zhao_topk,16,12975
zhao_topk,16,13099
zhao_topk,16,13156
zhao_topk,16,13256
zhao_topk,16,13295
zhao_topk,16,13314
zhao_topk,16,13422
zhao_topk,16,13580
zhao_topk,16,13779
zhao_topk,16,13962
zhao_topk,16,14075
zhao_topk,16,14082
zhao_topk,16,14157
zhao_topk,16,14209
zhao_topk,17,83
zhao_topk,17,96
zhao_topk,17,106
zhao_topk,17,123
zhao_topk,17,228
zhao_topk,17,239
zhao_topk,17,242
zhao_topk,17,250
zhao_topk,17,431
zhao_topk,17,491
zhao_topk,17,500
zhao_topk,17,587
zhao_topk,17,724
zhao_topk,17,799
zhao_topk,17,826
zhao_topk,17,839
zhao_topk,17,894
zhao_topk,17,1012
zhao_topk,17,1143
zhao_topk,17,1146
zhao_topk,17,1191
zhao_topk,17,1241
zhao_topk,17,1402
zhao_topk,17,1435
zhao_topk,17,1451
zhao_topk,17,1555
zhao_topk,17,1580
zhao_topk,17,1705
zhao_topk,17,1830
zhao_topk,17,1841
zhao_topk,17,1994
zhao_topk,17,2160
zhao_topk,17,2169
zhao_topk,17,2170
zhao_topk,17,2176
zhao_topk,17,2271
zhao_topk,17,2307
zhao_topk,17,2319
zhao_topk,17,2395
zhao_topk,17,2476
zhao_topk,17,2591
zhao_topk,17,2636
zhao_topk,17,2668
zhao_topk,17,2713
zhao_topk,17,2784
zhao_topk,17,2844
zhao_topk,17,2901
zhao_topk,17,3139
zhao_topk,17,3267
zhao_topk,17,3271
zhao_topk,17,3313
zhao_topk,17,3405
zhao_topk,17,3533
zhao_topk,17,3574
zhao_topk,17,3601
zhao_topk,17,4024
zhao_topk,17,4061
zhao_topk,17,4065
zhao_topk,17,4140
zhao_topk,17,4397
zhao_topk,17,4542
zhao_topk,17,4577
zhao_topk,17,4777
zhao_topk,17,4818
zhao_topk,17,4942
zhao_topk,17,5124
zhao_topk,17,5151
zhao_topk,17,5172
zhao_topk,17,5300
zhao_topk,17,5322
zhao_topk,17,5388
zhao_topk,17,5465
zhao_topk,17,5527
zhao_topk,17,5531
zhao_topk,17,5809
zhao_topk,17,5829
zhao_topk,17,5842
zhao_topk,17,5874
zhao_topk,17,5939
zhao_topk,17,5995
zhao_topk,17,6109
zhao_topk,17,6157
zhao_topk,17,6222
zhao_topk,17,6226
zhao_topk,17,6270
zhao_topk,17,6317
zhao_topk,17,6327
zhao_topk,17,6345
zhao_topk,17,6439
zhao_topk,17,6530
zhao_topk,17,6568
zhao_topk,17,6585
zhao_topk,17,6719
zhao_topk,17,6842
zhao_topk,17,6935
zhao_topk,17,6964
zhao_topk,17,6976
zhao_topk,17,7060
zhao_topk,17,7130
zhao_topk,17,7172
zhao_topk,17,7270
zhao_topk,17,7275
zhao_topk,17,7381
zhao_topk,17,7437
zhao_topk,17,7471
zhao_topk,17,7522
zhao_topk,17,7549
zhao_topk,17,7591
zhao_topk,17,7656
zhao_topk,17,7736
zhao_topk,17,7769
zhao_topk,17,7791
zhao_topk,17,7810
zhao_topk,17,7942
zhao_topk,17,8143
zhao_topk,17,8148
zhao_topk,17,8202
zhao_topk,17,8320
zhao_topk,17,8357
zhao_topk,17,8392
zhao_topk,17,8406
zhao_topk,17,8445
zhao_topk,17,8459
zhao_topk,17,8557
zhao_topk,17,8675
zhao_topk,17,8758
zhao_topk,17,8931
zhao_topk,17,9004
zhao_topk,17,9053
zhao_topk,17,9110
zhao_topk,17,9168
zhao_topk,17,9219
zhao_topk,17,9228
zhao_topk,17,9271
zhao_topk,17,9282
zhao_topk,17,9298
zhao_topk,17,9309
zhao_topk,17,9310
zhao_topk,17,9341
zhao_topk,17,9348
zhao_topk,17,9360
zhao_topk,17,9401
zhao_topk,17,9426
zhao_topk,17,9472
zhao_topk,17,9478
zhao_topk,17,9529
zhao_topk,17,10066
zhao_topk,17,10083
zhao_topk,17,10272
zhao_topk,17,10396
zhao_topk,17,10415
zhao_topk,17,10598
zhao_topk,17,10607
zhao_topk,17,10680
zhao_topk,17,10979
zhao_topk,17,11038
zhao_topk,17,11142
zhao_topk,17,11161
zhao_topk,17,11202
zhao_topk,17,11270
zhao_topk,17,11456
zhao_topk,17,11575
zhao_topk,17,11673
zhao_topk,17,11742
zhao_topk,17,11783
zhao_topk,17,11817
zhao_topk,17,11835
zhao_topk,17,11957
zhao_topk,17,11983
zhao_topk,17,12050
zhao_topk,17,12127
zhao_topk,17,12279
zhao_topk,17,12286
zhao_topk,17,12309
zhao_topk,17,12384
zhao_topk,17,12404
zhao_topk,17,12441
zhao_topk,17,12546
zhao_topk,17,12658
zhao_topk,17,12768
zhao_topk,17,12996
zhao_topk,17,13001
zhao_topk,17,13189
zhao_topk,17,13385
zhao_topk,17,13441
zhao_topk,17,13530
zhao_topk,17,13589
zhao_topk,17,13622
zhao_topk,17,13669
zhao_topk,17,13696
zhao_topk,17,13775
zhao_topk,17,13830
zhao_topk,17,13836
zhao_topk,17,13881
zhao_topk,17,14096
zhao_topk,17,14199
zhao_topk,17,14210
zhao_topk,17,14223
zhao_topk,17,14318
zhao_topk,18,60
zhao_topk,18,68
zhao_topk,18,84
zhao_topk,18,158
zhao_topk,18,179
zhao_topk,18,214
zhao_topk,18,343
zhao_topk,18,511
zhao_topk,18,563
zhao_topk,18,749
zhao_topk,18,924
zhao_topk,18,969
zhao_topk,18,1017
zhao_topk,18,1036
zhao_topk,18,1095
zhao_topk,18,1110
zhao_topk,18,1122
zhao_topk,18,1201
zhao_topk,18,1205
zhao_topk,18,1312
zhao_topk,18,1393
zhao_topk,18,1454
zhao_topk,18,1462
zhao_topk,18,1529
zhao_topk,18,1561
zhao_topk,18,1597
zhao_topk,18,1700
zhao_topk,18,1804
zhao_topk,18,1904
zhao_topk,18,1934
zhao_topk,18,1979
zhao_topk,18,2106
zhao_topk,18,2142
zhao_topk,18,2145
zhao_topk,18,2309
zhao_topk,18,2460
zhao_topk,18,2551
zhao_topk,18,2944
zhao_topk,18,3014
zhao_topk,18,3445
zhao_topk,18,3461
zhao_topk,18,3493
zhao_topk,18,3659
zhao_topk,18,3728
zhao_topk,18,3928
zhao_topk,18,4132
zhao_topk,18,4171
zhao_topk,18,4232
zhao_topk,18,4279
zhao_topk,18,4391
zhao_topk,18,4439
zhao_topk,18,4552
zhao_topk,18,4684
zhao_topk,18,4714
zhao_topk,18,4854
zhao_topk,18,4857
zhao_topk,18,4922
zhao_topk,18,4956
zhao_topk,18,5057
zhao_topk,18,5365
zhao_topk,18,5398
zhao_topk,18,5431
zhao_topk,18,5535
zhao_topk,18,5537
zhao_topk,18,5541
zhao_topk,18,5563
zhao_topk,18,5576
zhao_topk,18,5591
zhao_topk,18,5656
zhao_topk,18,5765
zhao_topk,18,5810
zhao_topk,18,5813
zhao_topk,18,5849
zhao_topk,18,5941
zhao_topk,18,5957
zhao_topk,18,6117
zhao_topk,18,6172
zhao_topk,18,6223
zhao_topk,18,6233
zhao_topk,18,6322
zhao_topk,18,6355
zhao_topk,18,6356
zhao_topk,18,6363
zhao_topk,18,6431
zhao_topk,18,6543
zhao_topk,18,6613
zhao_topk,18,6615
zhao_topk,18,6744
zhao_topk,18,6790
zhao_topk,18,6838
zhao_topk,18,6862
zhao_topk,18,6877
zhao_topk,18,6917
zhao_topk,18,6940
zhao_topk,18,6965
zhao_topk,18,7279
zhao_topk,18,7417
zhao_topk,18,7464
zhao_topk,18,7756
zhao_topk,18,7994
zhao_topk,18,8160
zhao_topk,18,8413
zhao_topk,18,8415
zhao_topk,18,8432
zhao_topk,18,8446
zhao_topk,18,8463
zhao_topk,18,8547
zhao_topk,18,8563
zhao_topk,18,8576
zhao_topk,18,8695
zhao_topk,18,8706
zhao_topk,18,8960
zhao_topk,18,9058
zhao_topk,18,9245
zhao_topk,18,9289
zhao_topk,18,9345
zhao_topk,18,9419
zhao_topk,18,9475
zhao_topk,18,9480
zhao_topk,18,9537
zhao_topk,18,9548
zhao_topk,18,9669
zhao_topk,18,10156
zhao_topk,18,10294
zhao_topk,18,10314
zhao_topk,18,10439
zhao_topk,18,10520
zhao_topk,18,10538
zhao_topk,18,10678
zhao_topk,18,10742
zhao_topk,18,10996
zhao_topk,18,11101
zhao_topk,18,11107
zhao_topk,18,11138
zhao_topk,18,11214
zhao_topk,18,11215
zhao_topk,18,11307
zhao_topk,18,11380
zhao_topk,18,11387
zhao_topk,18,11468
zhao_topk,18,11567
zhao_topk,18,11591
zhao_topk,18,11798
zhao_topk,18,11872
zhao_topk,18,11929
zhao_topk,18,11933
zhao_topk,18,12063
zhao_topk,18,12125
zhao_topk,18,12219
zhao_topk,18,12357
zhao_topk,18,12385
zhao_topk,18,12438
zhao_topk,18,12475
zhao_topk,18,12525
zhao_topk,18,12578
zhao_topk,18,12631
zhao_topk,18,12797
zhao_topk,18,13044
zhao_topk,18,13067
zhao_topk,18,13071
zhao_topk,18,13215
zhao_topk,18,13431
zhao_topk,18,13529
zhao_topk,18,13570
zhao_topk,18,13664
zhao_topk,18,13755
zhao_topk,18,13780
zhao_topk,18,13926
zhao_topk,18,14128
zhao_topk,18,14135
zhao_topk,18,14247
zhao_topk,18,14280
zhao_topk,18,14296
zhao_topk,19,47
zhao_topk,19,82
zhao_topk,19,120
zhao_topk,19,121
zhao_topk,19,167
zhao_topk,19,265
zhao_topk,19,278
zhao_topk,19,353
zhao_topk,19,464
zhao_topk,19,494
zhao_topk,19,574
zhao_topk,19,660
zhao_topk,19,717
zhao_topk,19,781
zhao_topk,19,813
zhao_topk,19,842
zhao_topk,19,1017
zhao_topk,19,1050
zhao_topk,19,1054
zhao_topk,19,1112
zhao_topk,19,1165
zhao_topk,19,1166
zhao_topk,19,1261
zhao_topk,19,1297
zhao_topk,19,1305
zhao_topk,19,1399
zhao_topk,19,1450
zhao_topk,19,1471
zhao_topk,19,1510
zhao_topk,19,1762
zhao_topk,19,1846
zhao_topk,19,1923
zhao_topk,19,1954
zhao_topk,19,1983
zhao_topk,19,2005
zhao_topk,19,2024
zhao_topk,19,2041
zhao_topk,19,2048
zhao_topk,19,2059
zhao_topk,19,2089
zhao_topk,19,2289
zhao_topk,19,2446
zhao_topk,19,2523
zhao_topk,19,2526
zhao_topk,19,2534
zhao_topk,19,2535
zhao_topk,19,2610
zhao_topk,19,2822
zhao_topk,19,2999
zhao_topk,19,3000
zhao_topk,19,3135
zhao_topk,19,3443
zhao_topk,19,3455
zhao_topk,19,3513
zhao_topk,19,3566
zhao_topk,19,3651
zhao_topk,19,3748
zhao_topk,19,3876
zhao_topk,19,3931
zhao_topk,19,3945
zhao_topk,19,3974
zhao_topk,19,4012
zhao_topk,19,4076
zhao_topk,19,4096
zhao_topk,19,4278
zhao_topk,19,4282
zhao_topk,19,4513
zhao_topk,19,4617
zhao_topk,19,4687
zhao_topk,19,4712
zhao_topk,19,4760
zhao_topk,19,4791
zhao_topk,19,4914
zhao_topk,19,4942
zhao_topk,19,5048
zhao_topk,19,5178
zhao_topk,19,5247
zhao_topk,19,5310
zhao_topk,19,5344
zhao_topk,19,5389
zhao_topk,19,5473
zhao_topk,19,5630
zhao_topk,19,5935
zhao_topk,19,6053
zhao_topk,19,6126
zhao_topk,19,6144
zhao_topk,19,6198
zhao_topk,19,6235
zhao_topk,19,6403
zhao_topk,19,6667
zhao_topk,19,6679
zhao_topk,19,6706
zhao_topk,19,6852
zhao_topk,19,6859
zhao_topk,19,6916
zhao_topk,19,7222
zhao_topk,19,7393
zhao_topk,19,7494
zhao_topk,19,7676
zhao_topk,19,7775
zhao_topk,19,7889
zhao_topk,19,8119
zhao_topk,19,8235
zhao_topk,19,8500
zhao_topk,19,8529
zhao_topk,19,8664
zhao_topk,19,8675
zhao_topk,19,8693
zhao_topk,19,8811
zhao_topk,19,8872
zhao_topk,19,9240
zhao_topk,19,9478
zhao_topk,19,9566
zhao_topk,19,9590
zhao_topk,19,9599
zhao_topk,19,9666
zhao_topk,19,9765
zhao_topk,19,9852
zhao_topk,19,9875
zhao_topk,19,10010
zhao_topk,19,10078
zhao_topk,19,10096
zhao_topk,19,10161
zhao_topk,19,10259
zhao_topk,19,10348
zhao_topk,19,10419
zhao_topk,19,10445
zhao_topk,19,10471
zhao_topk,19,10640
zhao_topk,19,10660
zhao_topk,19,10724
zhao_topk,19,10739
zhao_topk,19,10875
zhao_topk,19,10931
zhao_topk,19,10962
zhao_topk,19,10974
zhao_topk,19,10983
zhao_topk,19,11070
zhao_topk,19,11103
zhao_topk,19,11138
zhao_topk,19,11399
zhao_topk,19,11402
zhao_topk,19,11637
zhao_topk,19,11716
zhao_topk,19,11735
zhao_topk,19,11751
zhao_topk,19,11771
zhao_topk,19,11818
zhao_topk,19,12007
zhao_topk,19,12164
zhao_topk,19,12535
zhao_topk,19,12574
zhao_topk,19,12694
zhao_topk,19,12939
zhao_topk,19,13054
zhao_topk,19,13057
zhao_topk,19,13222
zhao_topk,19,13374
zhao_topk,19,13453
zhao_topk,19,13525
zhao_topk,19,13645
zhao_topk,19,13697
zhao_topk,19,13730
zhao_topk,19,13740
zhao_topk,19,13779
zhao_topk,19,13845
zhao_topk,19,13985
zhao_topk,19,14119
zhao_topk,19,14143
zhao_topk,19,14185
zhao_topk,20,13
zhao_topk,20,67
zhao_topk,20,152
zhao_topk,20,254
zhao_topk,20,273
zhao_topk,20,302
zhao_topk,20,500
zhao_topk,20,688
zhao_topk,20,786
zhao_topk,20,1043
zhao_topk,20,1234
zhao_topk,20,1404
zhao_topk,20,1573
zhao_topk,20,1607
zhao_topk,20,1940
zhao_topk,20,2269
zhao_topk,20,2332
zhao_topk,20,2526
zhao_topk,20,2551
zhao_topk,20,2593
zhao_topk,20,2597
zhao_topk,20,2676
zhao_topk,20,2806
zhao_topk,20,2873
zhao_topk,20,2890
zhao_topk,20,2994
zhao_topk,20,3010
zhao_topk,20,3304
zhao_topk,20,3343
zhao_topk,20,3498
zhao_topk,20,3568
zhao_topk,20,3701
zhao_topk,20,3725
zhao_topk,20,3808
zhao_topk,20,3810
zhao_topk,20,3837
zhao_topk,20,3847
zhao_topk,20,3853
zhao_topk,20,3876
zhao_topk,20,3917
zhao_topk,20,3970
zhao_topk,20,3972
zhao_topk,20,4025
zhao_topk,20,4060
zhao_topk,20,4114
zhao_topk,20,4368
zhao_topk,20,4458
zhao_topk,20,4493
zhao_topk,20,4578
zhao_topk,20,4715
zhao_topk,20,4741
zhao_topk,20,4761
zhao_topk,20,4961
zhao_topk,20,5016
zhao_topk,20,5237
zhao_topk,20,5270
zhao_topk,20,5288
zhao_topk,20,5333
zhao_topk,20,5399
zhao_topk,20,5410
zhao_topk,20,5520
zhao_topk,20,5603
zhao_topk,20,5735
zhao_topk,20,5740
zhao_topk,20,5759
zhao_topk,20,5771
zhao_topk,20,5873
zhao_topk,20,5905
zhao_topk,20,6289
zhao_topk,20,6305
zhao_topk,20,6324
zhao_topk,20,6619
zhao_topk,20,6748
zhao_topk,20,6763
zhao_topk,20,6767
zhao_topk,20,6776
zhao_topk,20,6954
zhao_topk,20,7141
zhao_topk,20,7202
zhao_topk,20,7416
zhao_topk,20,7552
zhao_topk,20,7644
zhao_topk,20,7896
zhao_topk,20,8083
zhao_topk,20,8266
zhao_topk,20,8388
zhao_topk,20,8524
zhao_topk,20,8650
zhao_topk,20,8711
zhao_topk,20,8848
zhao_topk,20,8869
zhao_topk,20,8917
zhao_topk,20,9059
zhao_topk,20,9078
zhao_topk,20,9238
zhao_topk,20,9428
zhao_topk,20,9543
zhao_topk,20,9566
zhao_topk,20,9661
zhao_topk,20,10127
zhao_topk,20,10147
zhao_topk,20,10168
zhao_topk,20,10194
zhao_topk,20,10275
zhao_topk,20,10321
zhao_topk,20,10425
zhao_topk,20,10719
zhao_topk,20,10927
zhao_topk,20,11377
zhao_topk,20,11457
zhao_topk,20,11490
zhao_topk,20,11582
zhao_topk,20,11768
zhao_topk,20,11897
zhao_topk,20,11980
zhao_topk,20,11985
zhao_topk,20,12005
zhao_topk,20,12040
zhao_topk,20,12114
zhao_topk,20,12204
zhao_topk,20,12286
zhao_topk,20,12388
zhao_topk,20,12390
zhao_topk,20,12441
zhao_topk,20,12502
zhao_topk,20,12594
zhao_topk,20,12745
zhao_topk,20,12911
zhao_topk,20,12948
zhao_topk,20,12971
zhao_topk,20,12979
zhao_topk,20,13161
zhao_topk,20,13223
zhao_topk,20,13354
zhao_topk,20,13374
zhao_topk,20,13528
zhao_topk,20,13804
zhao_topk,20,13844
zhao_topk,20,13869
zhao_topk,20,13875
zhao_topk,20,13961
zhao_topk,20,14058
zhao_topk,20,14106
zhao_topk,21,120
zhao_topk,21,376
zhao_topk,21,414
zhao_topk,21,433
zhao_topk,21,698
zhao_topk,21,702
zhao_topk,21,713
zhao_topk,21,760
zhao_topk,21,822
zhao_topk,21,941
zhao_topk,21,1103
zhao_topk,21,1210
zhao_topk,21,1216
zhao_topk,21,1330
zhao_topk,21,1382
zhao_topk,21,1603
zhao_topk,21,1802
zhao_topk,21,1825
zhao_topk,21,2171
zhao_topk,21,2302
zhao_topk,21,2349
zhao_topk,21,2359
zhao_topk,21,2360
zhao_topk,21,2510
zhao_topk,21,2544
zhao_topk,21,2552
zhao_topk,21,2698
zhao_topk,21,2703
zhao_topk,21,2730
zhao_topk,21,2894
zhao_topk,21,2955
zhao_topk,21,3057
zhao_topk,21,3304
zhao_topk,21,3340
zhao_topk,21,3477
zhao_topk,21,3512
zhao_topk,21,3810
zhao_topk,21,3940
zhao_topk,21,4167
zhao_topk,21,4208
zhao_topk,21,4312
zhao_topk,21,4445
zhao_topk,21,4602
zhao_topk,21,4626
zhao_topk,21,4722
zhao_topk,21,4759
zhao_topk,21,4815
zhao_topk,21,4850
zhao_topk,21,4935
zhao_topk,21,5087
zhao_topk,21,5091
zhao_topk,21,5158
zhao_topk,21,5177
zhao_topk,21,5280
zhao_topk,21,5691
zhao_topk,21,5752
zhao_topk,21,5779
zhao_topk,21,5833
zhao_topk,21,5981
zhao_topk,21,6041
zhao_topk,21,6084
zhao_topk,21,6168
zhao_topk,21,6243
zhao_topk,21,6388
zhao_topk,21,6408
zhao_topk,21,6424
zhao_topk,21,6426
zhao_topk,21,6527
zhao_topk,21,6538
zhao_topk,21,6933
zhao_topk,21,7051
zhao_topk,21,7271
zhao_topk,21,7394
zhao_topk,21,7416
zhao_topk,21,7591
zhao_topk,21,7712
zhao_topk,21,7725
zhao_topk,21,7774
zhao_topk,21,7872
zhao_topk,21,7905
zhao_topk,21,7923
zhao_topk,21,8046
zhao_topk,21,8054
zhao_topk,21,8077
zhao_topk,21,8215
zhao_topk,21,8252
zhao_topk,21,8259
zhao_topk,21,8315
zhao_topk,21,8329
zhao_topk,21,8337
zhao_topk,21,8391
zhao_topk,21,8506
zhao_topk,21,8599
zhao_topk,21,8692
zhao_topk,21,8734
zhao_topk,21,8863
zhao_topk,21,8891
zhao_topk,21,8895
zhao_topk,21,8926
zhao_topk,21,9008
zhao_topk,21,9052
zhao_topk,21,9186
zhao_topk,21,9255
zhao_topk,21,9283
zhao_topk,21,9301
zhao_topk,21,9360
zhao_topk,21,9427
zhao_topk,21,9498
zhao_topk,21,9511
zhao_topk,21,9571
zhao_topk,21,9581
zhao_topk,21,9625
zhao_topk,21,9703
zhao_topk,21,9804
zhao_topk,21,9838
zhao_topk,21,9848
zhao_topk,21,9875
zhao_topk,21,9886
zhao_topk,21,9896
zhao_topk,21,9911
zhao_topk,21,10092
zhao_topk,21,10176
zhao_topk,21,10289
zhao_topk,21,10529
zhao_topk,21,10566
zhao_topk,21,10699
zhao_topk,21,10723
zhao_topk,21,10877
zhao_topk,21,10919
zhao_topk,21,10922
zhao_topk,21,10983
zhao_topk,21,11053
zhao_topk,21,11160
zhao_topk,21,11206
zhao_topk,21,11221
zhao_topk,21,11641
zhao_topk,21,11642
zhao_topk,21,11688
zhao_topk,21,11853
zhao_topk,21,11869
zhao_topk,21,11987
zhao_topk,21,12033
zhao_topk,21,12052
zhao_topk,21,12067
zhao_topk,21,12084
zhao_topk,21,12102
zhao_topk,21,12107
zhao_topk,21,12314
zhao_topk,21,12318
zhao_topk,21,12373
zhao_topk,21,12426
zhao_topk,21,12452
zhao_topk,21,12554
zhao_topk,21,12579
zhao_topk,21,12666
zhao_topk,21,12692
zhao_topk,21,12693
zhao_topk,21,13111
zhao_topk,21,13204
zhao_topk,21,13230
zhao_topk,21,13359
zhao_topk,21,13398
zhao_topk,21,13452
zhao_topk,21,13489
zhao_topk,21,13602
zhao_topk,21,13717
zhao_topk,21,13776
zhao_topk,21,13783
zhao_topk,21,13996
zhao_topk,21,14072
zhao_topk,21,14169
zhao_topk,21,14221
zhao_topk,21,14245
zhao_topk,21,14272
zhao_topk,22,67
zhao_topk,22,115
zhao_topk,22,275
zhao_topk,22,348
zhao_topk,22,383
zhao_topk,22,476
zhao_topk,22,526
zhao_topk,22,527
zhao_topk,22,592
zhao_topk,22,610
zhao_topk,22,818
zhao_topk,22,838
zhao_topk,22,1070
zhao_topk,22,1083
zhao_topk,22,1138
zhao_topk,22,1405
zhao_topk,22,1568
zhao_topk,22,1683
zhao_topk,22,1685
zhao_topk,22,1848
zhao_topk,22,1855
zhao_topk,22,1861
zhao_topk,22,2214
zhao_topk,22,2234
zhao_topk,22,2472
zhao_topk,22,2573
zhao_topk,22,2598
zhao_topk,22,2784
zhao_topk,22,2844
zhao_topk,22,2901
zhao_topk,22,2940
zhao_topk,22,3003
zhao_topk,22,3380
zhao_topk,22,3435
zhao_topk,22,3459
zhao_topk,22,3558
zhao_topk,22,3629
zhao_topk,22,3642
zhao_topk,22,3648
zhao_topk,22,3936
zhao_topk,22,3959
zhao_topk,22,3981
zhao_topk,22,4059
zhao_topk,22,4157
zhao_topk,22,4246
zhao_topk,22,4407
zhao_topk,22,4433
zhao_topk,22,4539
zhao_topk,22,4861
zhao_topk,22,4989
zhao_topk,22,5046
zhao_topk,22,5051
zhao_topk,22,5247
zhao_topk,22,5320
zhao_topk,22,5345
zhao_topk,22,5547
zhao_topk,22,5802
zhao_topk,22,5848
zhao_topk,22,5888
zhao_topk,22,5957
zhao_topk,22,6032
zhao_topk,22,6118
zhao_topk,22,6293
zhao_topk,22,6459
zhao_topk,22,6473
zhao_topk,22,6670
zhao_topk,22,6723
zhao_topk,22,6800
zhao_topk,22,6863
zhao_topk,22,7242
zhao_topk,22,7353
zhao_topk,22,7399
zhao_topk,22,7515
zhao_topk,22,7568
zhao_topk,22,7842
zhao_topk,22,7850
zhao_topk,22,8016
zhao_topk,22,8042
zhao_topk,22,8084
zhao_topk,22,8140
zhao_topk,22,8199
zhao_topk,22,8254
zhao_topk,22,8555
zhao_topk,22,8623
zhao_topk,22,8861
zhao_topk,22,8976
zhao_topk,22,9008
zhao_topk,22,9278
zhao_topk,22,9287
zhao_topk,22,9327
zhao_topk,22,9467
zhao_topk,22,9539
zhao_topk,22,9901
zhao_topk,22,10297
zhao_topk,22,10324
zhao_topk,22,10478
zhao_topk,22,10536
zhao_topk,22,10562
zhao_topk,22,10578
zhao_topk,22,10805
zhao_topk,22,10844
zhao_topk,22,10871
zhao_topk,22,10995
zhao_topk,22,11106
zhao_topk,22,11279
zhao_topk,22,11400
zhao_topk,22,11520
zhao_topk,22,11607
zhao_topk,22,11714
zhao_topk,22,11884
zhao_topk,22,11889
zhao_topk,22,12019
zhao_topk,22,12065
zhao_topk,22,12088
zhao_topk,22,12121
zhao_topk,22,12156
zhao_topk,22,12305
zhao_topk,22,12428
zhao_topk,22,12441
zhao_topk,22,12646
zhao_topk,22,12871
zhao_topk,22,13047
zhao_topk,22,13124
zhao_topk,22,13260
zhao_topk,22,13309
zhao_topk,22,13328
zhao_topk,22,13332
zhao_topk,22,13444
zhao_topk,22,13515
zhao_topk,22,13544
zhao_topk,22,13554
zhao_topk,22,13734
zhao_topk,22,14027
zhao_topk,22,14035
zhao_topk,22,14052
zhao_topk,22,14126
zhao_topk,23,52
zhao_topk,23,252
zhao_topk,23,306
zhao_topk,23,509
zhao_topk,23,519
zhao_topk,23,727
zhao_topk,23,744
zhao_topk,23,860
zhao_topk,23,887
zhao_topk,23,1120
zhao_topk,23,1219
zhao_topk,23,1292
zhao_topk,23,1390
zhao_topk,23,1441
zhao_topk,23,1635
zhao_topk,23,1751
zhao_topk,23,1881
zhao_topk,23,2042
zhao_topk,23,2074
zhao_topk,23,2116
zhao_topk,23,2131
zhao_topk,23,2139
zhao_topk,23,2375
zhao_topk,23,2565
zhao_topk,23,2709
zhao_topk,23,2814
zhao_topk,23,2834
zhao_topk,23,3053
zhao_topk,23,3068
zhao_topk,23,3393
zhao_topk,23,3505
zhao_topk,23,3607
zhao_topk,23,3729
zhao_topk,23,3804
zhao_topk,23,3840
zhao_topk,23,4144
zhao_topk,23,4498
zhao_topk,23,4703
zhao_topk,23,4769
zhao_topk,23,4808
zhao_topk,23,4884
zhao_topk,23,5023
zhao_topk,23,5118
zhao_topk,23,5129
zhao_topk,23,5186
zhao_topk,23,5298
zhao_topk,23,5538
zhao_topk,23,5722
zhao_topk,23,5765
zhao_topk,23,5794
zhao_topk,23,5868
zhao_topk,23,5901
zhao_topk,23,5942
zhao_topk,23,6019
zhao_topk,23,6046
zhao_topk,23,6182
zhao_topk,23,6274
zhao_topk,23,6314
zhao_topk,23,6419
zhao_topk,23,6674
zhao_topk,23,6740
zhao_topk,23,6839
zhao_topk,23,7207
zhao_topk,23,7298
zhao_topk,23,7708
zhao_topk,23,8221
zhao_topk,23,8575
zhao_topk,23,8765
zhao_topk,23,8795
zhao_topk,23,9021
zhao_topk,23,9075
zhao_topk,23,9140
zhao_topk,23,9253
zhao_topk,23,9321
zhao_topk,23,9657
zhao_topk,23,10006
zhao_topk,23,10245
zhao_topk,23,10303
zhao_topk,23,10306
zhao_topk,23,10332
zhao_topk,23,10637
zhao_topk,23,10730
zhao_topk,23,10901
zhao_topk,23,10983
zhao_topk,23,11002
zhao_topk,23,11154
zhao_topk,23,11259
zhao_topk,23,11268
zhao_topk,23,11396
zhao_topk,23,11484
zhao_topk,23,11696
zhao_topk,23,11719
zhao_topk,23,11734
zhao_topk,23,11765
zhao_topk,23,12005
zhao_topk,23,12156
zhao_topk,23,12274
zhao_topk,23,12485
zhao_topk,23,12726
zhao_topk,23,12741
zhao_topk,23,12811
zhao_topk,23,12973
zhao_topk,23,13108
zhao_topk,23,13140
zhao_topk,23,13141
zhao_topk,23,13240
zhao_topk,23,13249
zhao_topk,23,13455
zhao_topk,23,13591
zhao_topk,23,13680
zhao_topk,23,13687
zhao_topk,23,13705
zhao_topk,23,13749
zhao_topk,23,13844
zhao_topk,23,13954
zhao_topk,23,14250
zhao_topk,23,14262
zhao_topk,23,14277
zhao_topk,24,188
zhao_topk,24,284
zhao_topk,24,416
zhao_topk,24,466
zhao_topk,24,507
zhao_topk,24,583
zhao_topk,24,684
zhao_topk,24,695
zhao_topk,24,763
zhao_topk,24,1207
zhao_topk,24,1392
zhao_topk,24,1504
zhao_topk,24,1805
zhao_topk,24,1814
zhao_topk,24,1825
zhao_topk,24,1880
zhao_topk,24,1897
zhao_topk,24,1992
zhao_topk,24,2290
zhao_topk,24,2383
zhao_topk,24,2397
zhao_topk,24,2486
zhao_topk,24,2598
zhao_topk,24,2641
zhao_topk,24,2660
zhao_topk,24,2804
zhao_topk,24,2807
zhao_topk,24,2819
zhao_topk,24,3089
zhao_topk,24,3125
zhao_topk,24,3198
zhao_topk,24,3233
zhao_topk,24,3254
zhao_topk,24,3309
zhao_topk,24,3356
zhao_topk,24,3574
zhao_topk,24,3619
zhao_topk,24,3778
zhao_topk,24,3842
zhao_topk,24,4102
zhao_topk,24,4379
zhao_topk,24,4668
zhao_topk,24,4876
zhao_topk,24,5054
zhao_topk,24,5220
zhao_topk,24,5318
zhao_topk,24,5326
zhao_topk,24,5610
zhao_topk,24,5798
zhao_topk,24,5903
zhao_topk,24,6059
zhao_topk,24,6081
zhao_topk,24,6280
zhao_topk,24,6497
zhao_topk,24,6699
zhao_topk,24,7077
zhao_topk,24,7322
zhao_topk,24,7337
zhao_topk,24,7402
zhao_topk,24,7478
zhao_topk,24,7647
zhao_topk,24,7748
zhao_topk,24,7891
zhao_topk,24,8082
zhao_topk,24,8303
zhao_topk,24,8465
zhao_topk,24,8482
zhao_topk,24,8540
zhao_topk,24,8558
zhao_topk,24,8561
zhao_topk,24,8706
zhao_topk,24,8765
zhao_topk,24,8824
zhao_topk,24,8989
zhao_topk,24,9171
zhao_topk,24,9183
zhao_topk,24,9246
zhao_topk,24,9627
zhao_topk,24,9648
zhao_topk,24,9753
zhao_topk,24,9790
zhao_topk,24,9812
zhao_topk,24,9978
zhao_topk,24,10073
zhao_topk,24,10164
zhao_topk,24,10189
zhao_topk,24,10293
zhao_topk,24,10353
zhao_topk,24,10901
zhao_topk,24,11159
zhao_topk,24,11221
zhao_topk,24,11418
zhao_topk,24,11443
zhao_topk,24,11654
zhao_topk,24,11746
zhao_topk,24,11754
zhao_topk,24,11915
zhao_topk,24,11981
zhao_topk,24,12273
zhao_topk,24,12334
zhao_topk,24,12354
zhao_topk,24,12415
zhao_topk,24,12539
zhao_topk,24,12801
zhao_topk,24,13041
zhao_topk,24,13108
zhao_topk,24,13215
zhao_topk,24,13267
zhao_topk,24,13439
zhao_topk,24,13474
zhao_topk,24,13877
zhao_topk,24,13916
zhao_topk,24,13959
zhao_topk,24,14043
zhao_topk,24,14077
zhao_topk,24,14134
zhao_topk,24,14190
zhao_topk,24,14292
zhao_topk,25,108
zhao_topk,25,206
zhao_topk,25,213
zhao_topk,25,319
zhao_topk,25,391
zhao_topk,25,410
zhao_topk,25,449
zhao_topk,25,500
zhao_topk,25,560
zhao_topk,25,790
zhao_topk,25,906
zhao_topk,25,1111
zhao_topk,25,1317
zhao_topk,25,1457
zhao_topk,25,1684
zhao_topk,25,1685
zhao_topk,25,1958
zhao_topk,25,2084
zhao_topk,25,2226
zhao_topk,25,2462
zhao_topk,25,2631
zhao_topk,25,2637
zhao_topk,25,3037
zhao_topk,25,3071
zhao_topk,25,3118
zhao_topk,25,3176
zhao_topk,25,3313
zhao_topk,25,3324
zhao_topk,25,3599
zhao_topk,25,3634
zhao_topk,25,3649
zhao_topk,25,3743
zhao_topk,25,3897
zhao_topk,25,3957
zhao_topk,25,4152
zhao_topk,25,4265
zhao_topk,25,4293
zhao_topk,25,4354
zhao_topk,25,4473
zhao_topk,25,4507
zhao_topk,25,4643
zhao_topk,25,4692
zhao_topk,25,4726
zhao_topk,25,4934
zhao_topk,25,4969
zhao_topk,25,4981
zhao_topk,25,5065
zhao_topk,25,5131
zhao_topk,25,5164
zhao_topk,25,5250
zhao_topk,25,5263
zhao_topk,25,5296
zhao_topk,25,5503
zhao_topk,25,5511
zhao_topk,25,5526
zhao_topk,25,5563
zhao_topk,25,5598
zhao_topk,25,5805
zhao_topk,25,5934
zhao_topk,25,6110
zhao_topk,25,6241
zhao_topk,25,6287
zhao_topk,25,6290
zhao_topk,25,6455
zhao_topk,25,6565
zhao_topk,25,6654
zhao_topk,25,6748
zhao_topk,25,6796
zhao_topk,25,6851
zhao_topk,25,7015
zhao_topk,25,7070
zhao_topk,25,7138
zhao_topk,25,7155
zhao_topk,25,7217
zhao_topk,25,7313
zhao_topk,25,7490
zhao_topk,25,7586
zhao_topk,25,7619
zhao_topk,25,7688
zhao_topk,25,7783
zhao_topk,25,7867
zhao_topk,25,7923
zhao_topk,25,7944
zhao_topk,25,8021
zhao_topk,25,8035
zhao_topk,25,8171
zhao_topk,25,8327
zhao_topk,25,8356
zhao_topk,25,8400
zhao_topk,25,8469
zhao_topk,25,8560
zhao_topk,25,8692
zhao_topk,25,8739
zhao_topk,25,8807
zhao_topk,25,8941
zhao_topk,25,9392
zhao_topk,25,9447
zhao_topk,25,9449
zhao_topk,25,9461
zhao_topk,25,9491
zhao_topk,25,9594
zhao_topk,25,9630
zhao_topk,25,9659
zhao_topk,25,9845
zhao_topk,25,9848
zhao_topk,25,9876
zhao_topk,25,9888
zhao_topk,25,9896
zhao_topk,25,9944
zhao_topk,25,10021
zhao_topk,25,10085
zhao_topk,25,10154
zhao_topk,25,10273
zhao_topk,25,10315
zhao_topk,25,10326
zhao_topk,25,10419
zhao_topk,25,10433
zhao_topk,25,10465
zhao_topk,25,10497
zhao_topk,25,10528
zhao_topk,25,10595
zhao_topk,25,10647
zhao_topk,25,10649
zhao_topk,25,11080
zhao_topk,25,11224
zhao_topk,25,11278
zhao_topk,25,11318
zhao_topk,25,11387
zhao_topk,25,11449
zhao_topk,25,11544
zhao_topk,25,11584
zhao_topk,25,11604
zhao_topk,25,11617
zhao_topk,25,11622
zhao_topk,25,11658
zhao_topk,25,12198
zhao_topk,25,12308
zhao_topk,25,12633
zhao_topk,25,12715
zhao_topk,25,12954
zhao_topk,25,13062
zhao_topk,25,13105
zhao_topk,25,13130
zhao_topk,25,13291
zhao_topk,25,13382
zhao_topk,25,13410
zhao_topk,25,13622
zhao_topk,25,13700
zhao_topk,25,13772
zhao_topk,25,13881
zhao_topk,25,13958
zhao_topk,25,13989
zhao_topk,25,14166
zhao_topk,25,14171
zhao_topk,26,105
zhao_topk,26,161
zhao_topk,26,192
zhao_topk,26,198
zhao_topk,26,335
zhao_topk,26,425
zhao_topk,26,450
zhao_topk,26,592
zhao_topk,26,645
zhao_topk,26,692
zhao_topk,26,783
zhao_topk,26,806
zhao_topk,26,808
zhao_topk,26,867
zhao_topk,26,924
zhao_topk,26,964
zhao_topk,26,1133
zhao_topk,26,1224
zhao_topk,26,1287
zhao_topk,26,1329
zhao_topk,26,1345
zhao_topk,26,1367
zhao_topk,26,1396
zhao_topk,26,1420
zhao_topk,26,1478
zhao_topk,26,1548
zhao_topk,26,1549
zhao_topk,26,1588
zhao_topk,26,1714
zhao_topk,26,1716
zhao_topk,26,1727
zhao_topk,26,1926
zhao_topk,26,1969
zhao_topk,26,2042
zhao_topk,26,2242
zhao_topk,26,2244
zhao_topk,26,2288
zhao_topk,26,2293
zhao_topk,26,2407
zhao_topk,26,2434
zhao_topk,26,2537
zhao_topk,26,2563
zhao_topk,26,2589
zhao_topk,26,2592
zhao_topk,26,2645
zhao_topk,26,2686
zhao_topk,26,2691
zhao_topk,26,2776
zhao_topk,26,2788
zhao_topk,26,2928
zhao_topk,26,2962
zhao_topk,26,3022
zhao_topk,26,3028
zhao_topk,26,3039
zhao_topk,26,3050
zhao_topk,26,3075
zhao_topk,26,3082
zhao_topk,26,3127
zhao_topk,26,3169
zhao_topk,26,3331
zhao_topk,26,3370
zhao_topk,26,3397
zhao_topk,26,3426
zhao_topk,26,3436
zhao_topk,26,3474
zhao_topk,26,3558
zhao_topk,26,3741
zhao_topk,26,3768
zhao_topk,26,3828
zhao_topk,26,4010
zhao_topk,26,4042
zhao_topk,26,4068
zhao_topk,26,4073
zhao_topk,26,4129
zhao_topk,26,4192
zhao_topk,26,4323
zhao_topk,26,4343
zhao_topk,26,4362
zhao_topk,26,4419
zhao_topk,26,4452
zhao_topk,26,4544
zhao_topk,26,4565
zhao_topk,26,4677
zhao_topk,26,4706
zhao_topk,26,4739
zhao_topk,26,4760
zhao_topk,26,4806
zhao_topk,26,4818
zhao_topk,26,4878
zhao_topk,26,4897
zhao_topk,26,4936
zhao_topk,26,4984
zhao_topk,26,5080
zhao_topk,26,5133
zhao_topk,26,5149
zhao_topk,26,5153
zhao_topk,26,5179
zhao_topk,26,5189
zhao_topk,26,5269
zhao_topk,26,5283
zhao_topk,26,5301
zhao_topk,26,5487
zhao_topk,26,5506
zhao_topk,26,5670
zhao_topk,26,5677
zhao_topk,26,5683
zhao_topk,26,5744
zhao_topk,26,5799
zhao_topk,26,5805
zhao_topk,26,5852
zhao_topk,26,5916
zhao_topk,26,5933
zhao_topk,26,6204
zhao_topk,26,6212
zhao_topk,26,6297
zhao_topk,26,6306
zhao_topk,26,6366
zhao_topk,26,6445
zhao_topk,26,6493
zhao_topk,26,6601
zhao_topk,26,6653
zhao_topk,26,6678
zhao_topk,26,6698
zhao_topk,26,6704
zhao_topk,26,6812
zhao_topk,26,6844
zhao_topk,26,6880
zhao_topk,26,6937
zhao_topk,26,6958
zhao_topk,26,6982
zhao_topk,26,7014
zhao_topk,26,7061
zhao_topk,26,7112
zhao_topk,26,7147
zhao_topk,26,7269
zhao_topk,26,7303
zhao_topk,26,7360
zhao_topk,26,7363
zhao_topk,26,7374
zhao_topk,26,7377
zhao_topk,26,7426
zhao_topk,26,7609
zhao_topk,26,7675
zhao_topk,26,7747
zhao_topk,26,7836
zhao_topk,26,7866
zhao_topk,26,7886
zhao_topk,26,7919
zhao_topk,26,7935
zhao_topk,26,7942
zhao_topk,26,7953
zhao_topk,26,8033
zhao_topk,26,8035
zhao_topk,26,8083
zhao_topk,26,8156
zhao_topk,26,8159
zhao_topk,26,8200
zhao_topk,26,8263
zhao_topk,26,8274
zhao_topk,26,8388
zhao_topk,26,8429
zhao_topk,26,8439
zhao_topk,26,8456
zhao_topk,26,8482
zhao_topk,26,8507
zhao_topk,26,8610
zhao_topk,26,8618
zhao_topk,26,8670
zhao_topk,26,8726
zhao_topk,26,8854
zhao_topk,26,8935
zhao_topk,26,9003
zhao_topk,26,9091
zhao_topk,26,9160
zhao_topk,26,9190
zhao_topk,26,9202
zhao_topk,26,9267
zhao_topk,26,9302
zhao_topk,26,9502
zhao_topk,26,9609
zhao_topk,26,9621
zhao_topk,26,9731
zhao_topk,26,9783
zhao_topk,26,9921
zhao_topk,26,9949
zhao_topk,26,10015
zhao_topk,26,10023
zhao_topk,26,10070
zhao_topk,26,10192
zhao_topk,26,10257
zhao_topk,26,10285
zhao_topk,26,10360
zhao_topk,26,10461
zhao_topk,26,10477
zhao_topk,26,10524
zhao_topk,26,10759
zhao_topk,26,10829
zhao_topk,26,10845
zhao_topk,26,11033
zhao_topk,26,11138
zhao_topk,26,11148
zhao_topk,26,11152
zhao_topk,26,11172
zhao_topk,26,11276
zhao_topk,26,11278
zhao_topk,26,11311
zhao_topk,26,11322
zhao_topk,26,11331
zhao_topk,26,11344
zhao_topk,26,11364
zhao_topk,26,11407
zhao_topk,26,11419
zhao_topk,26,11455
zhao_topk,26,11489
zhao_topk,26,11554
zhao_topk,26,11621
zhao_topk,26,11669
zhao_topk,26,11754
zhao_topk,26,11948
zhao_topk,26,12054
zhao_topk,26,12058
zhao_topk,26,12084
zhao_topk,26,12113
zhao_topk,26,12218
zhao_topk,26,12228
zhao_topk,26,12244
zhao_topk,26,12256
zhao_topk,26,12300
zhao_topk,26,12345
zhao_topk,26,12509
zhao_topk,26,12532
zhao_topk,26,12735
zhao_topk,26,12801
zhao_topk,26,12807
zhao_topk,26,12852
zhao_topk,26,12861
zhao_topk,26,12977
zhao_topk,26,13092
zhao_topk,26,13128
zhao_topk,26,13129
zhao_topk,26,13136
zhao_topk,26,13141
zhao_topk,26,13191
zhao_topk,26,13195
zhao_topk,26,13242
zhao_topk,26,13267
zhao_topk,26,13359
zhao_topk,26,13688
zhao_topk,26,13734
zhao_topk,26,13759
zhao_topk,26,13783
zhao_topk,26,13827
zhao_topk,26,13860
zhao_topk,26,13910
zhao_topk,26,13954
zhao_topk,26,14012
zhao_topk,26,14013
zhao_topk,26,14023
zhao_topk,26,14124
zhao_topk,26,14220
zhao_topk,26,14256
zhao_topk,27,0
zhao_topk,27,33
zhao_topk,27,38
zhao_topk,27,74
zhao_topk,27,131
zhao_topk,27,175
zhao_topk,27,244
zhao_topk,27,288
zhao_topk,27,322
zhao_topk,27,357
zhao_topk,27,391
zhao_topk,27,410
zhao_topk,27,435
zhao_topk,27,445
zhao_topk,27,462
zhao_topk,27,500
zhao_topk,27,562
zhao_topk,27,572
zhao_topk,27,611
zhao_topk,27,627
zhao_topk,27,657
zhao_topk,27,683
zhao_topk,27,702
zhao_topk,27,716
zhao_topk,27,791
zhao_topk,27,798
zhao_topk,27,800
zhao_topk,27,946
zhao_topk,27,974
zhao_topk,27,977
zhao_topk,27,1035
zhao_topk,27,1044
zhao_topk,27,1106
zhao_topk,27,1138
zhao_topk,27,1169
zhao_topk,27,1199
zhao_topk,27,1206
zhao_topk,27,1293
zhao_topk,27,1361
zhao_topk,27,1439
zhao_topk,27,1471
zhao_topk,27,1532
zhao_topk,27,1562
zhao_topk,27,1571
zhao_topk,27,1690
zhao_topk,27,1772
zhao_topk,27,1779
zhao_topk,27,1780
zhao_topk,27,1929
zhao_topk,27,1965
zhao_topk,27,1971
zhao_topk,27,2012
zhao_topk,27,2014
zhao_topk,27,2016
zhao_topk,27,2050
zhao_topk,27,2106
zhao_topk,27,2142
zhao_topk,27,2170
zhao_topk,27,2192
zhao_topk,27,2225
zhao_topk,27,2248
zhao_topk,27,2280
zhao_topk,27,2298
zhao_topk,27,2305
zhao_topk,27,2360
zhao_topk,27,2491
zhao_topk,27,2530
zhao_topk,27,2534
zhao_topk,27,2548
zhao_topk,27,2576
zhao_topk,27,2695
zhao_topk,27,2836
zhao_topk,27,2844
zhao_topk,27,2850
zhao_topk,27,2878
zhao_topk,27,2926
zhao_topk,27,2971
zhao_topk,27,2974
zhao_topk,27,2986
zhao_topk,27,3014
zhao_topk,27,3101
zhao_topk,27,3110
zhao_topk,27,3118
zhao_topk,27,3141
zhao_topk,27,3195
zhao_topk,27,3219
zhao_topk,27,3229
zhao_topk,27,3231
zhao_topk,27,3240
zhao_topk,27,3290
zhao_topk,27,3293
zhao_topk,27,3374
zhao_topk,27,3430
zhao_topk,27,3470
zhao_topk,27,3472
zhao_topk,27,3480
zhao_topk,27,3524
zhao_topk,27,3526
zhao_topk,27,3529
zhao_topk,27,3536
zhao_topk,27,3574
zhao_topk,27,3653
zhao_topk,27,3673
zhao_topk,27,3732
zhao_topk,27,3755
zhao_topk,27,3768
zhao_topk,27,3778
zhao_topk,27,3840
zhao_topk,27,3857
zhao_topk,27,3866
zhao_topk,27,3878
zhao_topk,27,3936
zhao_topk,27,3960
zhao_topk,27,3969
zhao_topk,27,3989
zhao_topk,27,4002
zhao_topk,27,4110
zhao_topk,27,4112
zhao_topk,27,4153
zhao_topk,27,4187
zhao_topk,27,4216
zhao_topk,27,4268
zhao_topk,27,4332
zhao_topk,27,4371
zhao_topk,27,4402
zhao_topk,27,4462
zhao_topk,27,4495
zhao_topk,27,4504
zhao_topk,27,4506
zhao_topk,27,4633
zhao_topk,27,4637
zhao_topk,27,4647
zhao_topk,27,4674
zhao_topk,27,4696
zhao_topk,27,4702
zhao_topk,27,4706
zhao_topk,27,4742
zhao_topk,27,4752
zhao_topk,27,4774
zhao_topk,27,4884
zhao_topk,27,4900
zhao_topk,27,4951
zhao_topk,27,4968
zhao_topk,27,5001
zhao_topk,27,5048
zhao_topk,27,5142
zhao_topk,27,5147
zhao_topk,27,5181
zhao_topk,27,5339
zhao_topk,27,5387
zhao_topk,27,5612
zhao_topk,27,5792
zhao_topk,27,5869
zhao_topk,27,5885
zhao_topk,27,5937
zhao_topk,27,6022
zhao_topk,27,6057
zhao_topk,27,6070
zhao_topk,27,6153
zhao_topk,27,6170
zhao_topk,27,6179
zhao_topk,27,6188
zhao_topk,27,6215
zhao_topk,27,6239
zhao_topk,27,6240
zhao_topk,27,6256
zhao_topk,27,6280
zhao_topk,27,6281
zhao_topk,27,6282
zhao_topk,27,6289
zhao_topk,27,6296
zhao_topk,27,6384
zhao_topk,27,6417
zhao_topk,27,6442
zhao_topk,27,6541
zhao_topk,27,6554
zhao_topk,27,6631
zhao_topk,27,6679
zhao_topk,27,6684
zhao_topk,27,6737
zhao_topk,27,6816
zhao_topk,27,6890
zhao_topk,27,7044
zhao_topk,27,7090
zhao_topk,27,7100
zhao_topk,27,7115
zhao_topk,27,7129
zhao_topk,27,7180
zhao_topk,27,7186
zhao_topk,27,7277
zhao_topk,27,7307
zhao_topk,27,7334
zhao_topk,27,7388
zhao_topk,27,7523
zhao_topk,27,7545
zhao_topk,27,7612
zhao_topk,27,7722
zhao_topk,27,7827
zhao_topk,27,7942
zhao_topk,27,7954
zhao_topk,27,8051
zhao_topk,27,8095
zhao_topk,27,8121
zhao_topk,27,8140
zhao_topk,27,8191
zhao_topk,27,8210
zhao_topk,27,8243
zhao_topk,27,8306
zhao_topk,27,8387
zhao_topk,27,8540
zhao_topk,27,8581
zhao_topk,27,8656
zhao_topk,27,8711
zhao_topk,27,8738
zhao_topk,27,8796
zhao_topk,27,8805
zhao_topk,27,8888
zhao_topk,27,8896
zhao_topk,27,8967
zhao_topk,27,9019
zhao_topk,27,9092
zhao_topk,27,9119
zhao_topk,27,9131
zhao_topk,27,9149
zhao_topk,27,9385
zhao_topk,27,9402
zhao_topk,27,9425
zhao_topk,27,9450
zhao_topk,27,9532
zhao_topk,27,9547
zhao_topk,27,9611
zhao_topk,27,9615
zhao_topk,27,9661
zhao_topk,27,9712
zhao_topk,27,9904
zhao_topk,27,9923
zhao_topk,27,9926
zhao_topk,27,10132
zhao_topk,27,10151
zhao_topk,27,10194
zhao_topk,27,10252
zhao_topk,27,10292
zhao_topk,27,10374
zhao_topk,27,10495
zhao_topk,27,10500
zhao_topk,27,10512
zhao_topk,27,10519
zhao_topk,27,10544
zhao_topk,27,10594
zhao_topk,27,10603
zhao_topk,27,10646
zhao_topk,27,10672
zhao_topk,27,10788
zhao_topk,27,10813
zhao_topk,27,10839
zhao_topk,27,10859
zhao_topk,27,10916
zhao_topk,27,10936
zhao_topk,27,10939
zhao_topk,27,10970
zhao_topk,27,10983
zhao_topk,27,11015
zhao_topk,27,11026
zhao_topk,27,11063
zhao_topk,27,11071
zhao_topk,27,11089
zhao_topk,27,11094
zhao_topk,27,11133
zhao_topk,27,11182
zhao_topk,27,11228
zhao_topk,27,11265
zhao_topk,27,11298
zhao_topk,27,11512
zhao_topk,27,11527
zhao_topk,27,11556
zhao_topk,27,11567
zhao_topk,27,11594
zhao_topk,27,11613
zhao_topk,27,11636
zhao_topk,27,11637
zhao_topk,27,11676
zhao_topk,27,11691
zhao_topk,27,11728
zhao_topk,27,11759
zhao_topk,27,11784
zhao_topk,27,11791
zhao_topk,27,11804
zhao_topk,27,11815
zhao_topk,27,11829
zhao_topk,27,11841
zhao_topk,27,11897
zhao_topk,27,11930
zhao_topk,27,11932
zhao_topk,27,11948
zhao_topk,27,11990
zhao_topk,27,11991
zhao_topk,27,12012
zhao_topk,27,12134
zhao_topk,27,12262
zhao_topk,27,12313
zhao_topk,27,12329
zhao_topk,27,12342
zhao_topk,27,12395
zhao_topk,27,12428
zhao_topk,27,12466
zhao_topk,27,12521
zhao_topk,27,12536
zhao_topk,27,12562
zhao_topk,27,12584
zhao_topk,27,12660
zhao_topk,27,12673
zhao_topk,27,12792
zhao_topk,27,12827
zhao_topk,27,12888
zhao_topk,27,12902
zhao_topk,27,12947
zhao_topk,27,12955
zhao_topk,27,12956
zhao_topk,27,13030
zhao_topk,27,13048
zhao_topk,27,13104
zhao_topk,27,13118
zhao_topk,27,13122
zhao_topk,27,13132
zhao_topk,27,13135
zhao_topk,27,13157
zhao_topk,27,13174
zhao_topk,27,13180
zhao_topk,27,13241
zhao_topk,27,13253
zhao_topk,27,13296
zhao_topk,27,13298
zhao_topk,27,13328
zhao_topk,27,13362
zhao_topk,27,13427
zhao_topk,27,13445
zhao_topk,27,13476
zhao_topk,27,13489
zhao_topk,27,13495
zhao_topk,27,13521
zhao_topk,27,13524
zhao_topk,27,13528
zhao_topk,27,13559
zhao_topk,27,13587
zhao_topk,27,13710
zhao_topk,27,13723
zhao_topk,27,13732
zhao_topk,27,13751
zhao_topk,27,13829
zhao_topk,27,13843
zhao_topk,27,13853
zhao_topk,27,13857
zhao_topk,27,13885
zhao_topk,27,13912
zhao_topk,27,13988
zhao_topk,27,14067
zhao_topk,27,14103
zhao_topk,27,14186
zhao_topk,27,14191
zhao_topk,27,14219
zhao_topk,27,14264
zhao_topk,27,14294
zhao_topk,27,14295
zhao_topk,28,6
zhao_topk,28,30
zhao_topk,28,75
zhao_topk,28,94
zhao_topk,28,105
zhao_topk,28,156
zhao_topk,28,166
zhao_topk,28,171
zhao_topk,28,202
zhao_topk,28,306
zhao_topk,28,309
zhao_topk,28,339
zhao_topk,28,364
zhao_topk,28,444
zhao_topk,28,447
zhao_topk,28,482
zhao_topk,28,490
zhao_topk,28,511
zhao_topk,28,551
zhao_topk,28,623
zhao_topk,28,647
zhao_topk,28,742
zhao_topk,28,774
zhao_topk,28,781
zhao_topk,28,799
zhao_topk,28,829
zhao_topk,28,855
zhao_topk,28,867
zhao_topk,28,956
zhao_topk,28,981
zhao_topk,28,985
zhao_topk,28,999
zhao_topk,28,1016
zhao_topk,28,1021
zhao_topk,28,1022
zhao_topk,28,1023
zhao_topk,28,1047
zhao_topk,28,1064
zhao_topk,28,1096
zhao_topk,28,1114
zhao_topk,28,1154
zhao_topk,28,1217
zhao_topk,28,1352
zhao_topk,28,1356
zhao_topk,28,1358
zhao_topk,28,1407
zhao_topk,28,1446
zhao_topk,28,1449
zhao_topk,28,1478
zhao_topk,28,1525
zhao_topk,28,1537
zhao_topk,28,1580
zhao_topk,28,1622
zhao_topk,28,1648
zhao_topk,28,1656
zhao_topk,28,1681
zhao_topk,28,1692
zhao_topk,28,1693
zhao_topk,28,1711
zhao_topk,28,1731
zhao_topk,28,1746
zhao_topk,28,1790
zhao_topk,28,1807
zhao_topk,28,1932
zhao_topk,28,1945
zhao_topk,28,1975
zhao_topk,28,1985
zhao_topk,28,2001
zhao_topk,28,2043
zhao_topk,28,2069
zhao_topk,28,2100
zhao_topk,28,2130
zhao_topk,28,2215
zhao_topk,28,2248
zhao_topk,28,2268
zhao_topk,28,2276
zhao_topk,28,2282
zhao_topk,28,2312
zhao_topk,28,2347
zhao_topk,28,2357
zhao_topk,28,2359
zhao_topk,28,2385
zhao_topk,28,2430
zhao_topk,28,2446
zhao_topk,28,2460
zhao_topk,28,2472
zhao_topk,28,2516
zhao_topk,28,2517
zhao_topk,28,2560
zhao_topk,28,2574
zhao_topk,28,2618
zhao_topk,28,2637
zhao_topk,28,2644
zhao_topk,28,2697
zhao_topk,28,2714
zhao_topk,28,2750
zhao_topk,28,2760
zhao_topk,28,2761
zhao_topk,28,2831
zhao_topk,28,2838
zhao_topk,28,2847
zhao_topk,28,2856
zhao_topk,28,2870
zhao_topk,28,2876
zhao_topk,28,2921
zhao_topk,28,2953
zhao_topk,28,2971
zhao_topk,28,3161
zhao_topk,28,3179
zhao_topk,28,3198
zhao_topk,28,3217
zhao_topk,28,3225
zhao_topk,28,3258
zhao_topk,28,3281
zhao_topk,28,3287
zhao_topk,28,3333
zhao_topk,28,3339
zhao_topk,28,3343
zhao_topk,28,3362
zhao_topk,28,3381
zhao_topk,28,3399
zhao_topk,28,3424
zhao_topk,28,3429
zhao_topk,28,3505
zhao_topk,28,3520
zhao_topk,28,3524
zhao_topk,28,3542
zhao_topk,28,3569
zhao_topk,28,3577
zhao_topk,28,3620
zhao_topk,28,3651
zhao_topk,28,3703
zhao_topk,28,3724
zhao_topk,28,3758
zhao_topk,28,3762
zhao_topk,28,3779
zhao_topk,28,3854
zhao_topk,28,3862
zhao_topk,28,3893
zhao_topk,28,3898
zhao_topk,28,3906
zhao_topk,28,3907
zhao_topk,28,3909
zhao_topk,28,3998
zhao_topk,28,4001
zhao_topk,28,4002
zhao_topk,28,4028
zhao_topk,28,4064
zhao_topk,28,4088
zhao_topk,28,4187
zhao_topk,28,4233
zhao_topk,28,4306
zhao_topk,28,4320
zhao_topk,28,4328
zhao_topk,28,4379
zhao_topk,28,4382
zhao_topk,28,4421
zhao_topk,28,4501
zhao_topk,28,4560
zhao_topk,28,4587
zhao_topk,28,4593
zhao_topk,28,4626
zhao_topk,28,4666
zhao_topk,28,4704
zhao_topk,28,4710
zhao_topk,28,4743
zhao_topk,28,4885
zhao_topk,28,4905
zhao_topk,28,4915
zhao_topk,28,4937
zhao_topk,28,4940
zhao_topk,28,4948
zhao_topk,28,4954
zhao_topk,28,5027
zhao_topk,28,5029
zhao_topk,28,5039
zhao_topk,28,5042
zhao_topk,28,5045
zhao_topk,28,5056
zhao_topk,28,5058
zhao_topk,28,5085
zhao_topk,28,5142
zhao_topk,28,5172
zhao_topk,28,5198
zhao_topk,28,5203
zhao_topk,28,5238
zhao_topk,28,5273
zhao_topk,28,5322
zhao_topk,28,5332
zhao_topk,28,5336
zhao_topk,28,5387
zhao_topk,28,5389
zhao_topk,28,5418
zhao_topk,28,5436
zhao_topk,28,5451
zhao_topk,28,5467
zhao_topk,28,5482
zhao_topk,28,5484
zhao_topk,28,5542
zhao_topk,28,5580
zhao_topk,28,5595
zhao_topk,28,5633
zhao_topk,28,5657
zhao_topk,28,5661
zhao_topk,28,5679
zhao_topk,28,5692
zhao_topk,28,5719
zhao_topk,28,5732
zhao_topk,28,5770
zhao_topk,28,5804
zhao_topk,28,5811
zhao_topk,28,5819
zhao_topk,28,5878
zhao_topk,28,5882
zhao_topk,28,5915
zhao_topk,28,5934
zhao_topk,28,5952
zhao_topk,28,5961
zhao_topk,28,6005
zhao_topk,28,6048
zhao_topk,28,6073
zhao_topk,28,6075
zhao_topk,28,6107
zhao_topk,28,6129
zhao_topk,28,6170
zhao_topk,28,6199
zhao_topk,28,6200
zhao_topk,28,6269
zhao_topk,28,6278
zhao_topk,28,6401
zhao_topk,28,6404
zhao_topk,28,6502
zhao_topk,28,6530
zhao_topk,28,6531
zhao_topk,28,6586
zhao_topk,28,6597
zhao_topk,28,6638
zhao_topk,28,6657
zhao_topk,28,6665
zhao_topk,28,6682
zhao_topk,28,6684
zhao_topk,28,6700
zhao_topk,28,6728
zhao_topk,28,6778
zhao_topk,28,6810
zhao_topk,28,6826
zhao_topk,28,6829
zhao_topk,28,6852
zhao_topk,28,6885
zhao_topk,28,6901
zhao_topk,28,6926
zhao_topk,28,6955
zhao_topk,28,6962
zhao_topk,28,6980
zhao_topk,28,6987
zhao_topk,28,6994
zhao_topk,28,6999
zhao_topk,28,7002
zhao_topk,28,7031
zhao_topk,28,7055
zhao_topk,28,7064
zhao_topk,28,7066
zhao_topk,28,7082
zhao_topk,28,7152
zhao_topk,28,7161
zhao_topk,28,7167
zhao_topk,28,7262
zhao_topk,28,7274
zhao_topk,28,7282
zhao_topk,28,7284
zhao_topk,28,7289
zhao_topk,28,7309
zhao_topk,28,7318
zhao_topk,28,7326
zhao_topk,28,7353
zhao_topk,28,7385
zhao_topk,28,7429
zhao_topk,28,7433
zhao_topk,28,7550
zhao_topk,28,7561
zhao_topk,28,7614
zhao_topk,28,7615
zhao_topk,28,7620
zhao_topk,28,7673
zhao_topk,28,7680
zhao_topk,28,7702
zhao_topk,28,7811
zhao_topk,28,7839
zhao_topk,28,7871
zhao_topk,28,7888
zhao_topk,28,7903
zhao_topk,28,7926
zhao_topk,28,7985
zhao_topk,28,8015
zhao_topk,28,8131
zhao_topk,28,8195
zhao_topk,28,8203
zhao_topk,28,8208
zhao_topk,28,8259
zhao_topk,28,8268
zhao_topk,28,8269
zhao_topk,28,8288
zhao_topk,28,8293
zhao_topk,28,8308
zhao_topk,28,8314
zhao_topk,28,8364
zhao_topk,28,8389
zhao_topk,28,8406
zhao_topk,28,8430
zhao_topk,28,8443
zhao_topk,28,8470
zhao_topk,28,8488
zhao_topk,28,8506
zhao_topk,28,8513
zhao_topk,28,8523
zhao_topk,28,8574
zhao_topk,28,8661
zhao_topk,28,8740
zhao_topk,28,8791
zhao_topk,28,8803
zhao_topk,28,8886
zhao_topk,28,8888
zhao_topk,28,8911
zhao_topk,28,8952
zhao_topk,28,8988
zhao_topk,28,9014
zhao_topk,28,9026
zhao_topk,28,9106
zhao_topk,28,9108
zhao_topk,28,9152
zhao_topk,28,9158
zhao_topk,28,9166
zhao_topk,28,9170
zhao_topk,28,9189
zhao_topk,28,9212
zhao_topk,28,9269
zhao_topk,28,9278
zhao_topk,28,9296
zhao_topk,28,9342
zhao_topk,28,9386
zhao_topk,28,9477
zhao_topk,28,9485
zhao_topk,28,9486
zhao_topk,28,9573
zhao_topk,28,9599
zhao_topk,28,9625
zhao_topk,28,9642
zhao_topk,28,9648
zhao_topk,28,9680
zhao_topk,28,9687
zhao_topk,28,9736
zhao_topk,28,9771
zhao_topk,28,9779
zhao_topk,28,9780
zhao_topk,28,9789
zhao_topk,28,9806
zhao_topk,28,9854
zhao_topk,28,9924
zhao_topk,28,9928
zhao_topk,28,9947
zhao_topk,28,9949
zhao_topk,28,9954
zhao_topk,28,9963
zhao_topk,28,9966
zhao_topk,28,9997
zhao_topk,28,10007
zhao_topk,28,10021
zhao_topk,28,10052
zhao_topk,28,10066
zhao_topk,28,10131
zhao_topk,28,10157
zhao_topk,28,10168
zhao_topk,28,10192
zhao_topk,28,10200
zhao_topk,28,10214
zhao_topk,28,10243
zhao_topk,28,10282
zhao_topk,28,10312
zhao_topk,28,10320
zhao_topk,28,10358
zhao_topk,28,10405
zhao_topk,28,10465
zhao_topk,28,10483
zhao_topk,28,10491
zhao_topk,28,10507
zhao_topk,28,10537
zhao_topk,28,10543
zhao_topk,28,10571
zhao_topk,28,10634
zhao_topk,28,10649
zhao_topk,28,10669
zhao_topk,28,10706
zhao_topk,28,10766
zhao_topk,28,10800
zhao_topk,28,10824
zhao_topk,28,10843
zhao_topk,28,10887
zhao_topk,28,10898
zhao_topk,28,10901
zhao_topk,28,10922
zhao_topk,28,10998
zhao_topk,28,11007
zhao_topk,28,11029
zhao_topk,28,11041
zhao_topk,28,11052
zhao_topk,28,11063
zhao_topk,28,11098
zhao_topk,28,11137
zhao_topk,28,11179
zhao_topk,28,11218
zhao_topk,28,11238
zhao_topk,28,11241
zhao_topk,28,11293
zhao_topk,28,11369
zhao_topk,28,11374
zhao_topk,28,11391
zhao_topk,28,11392
zhao_topk,28,11405
zhao_topk,28,11414
zhao_topk,28,11437
zhao_topk,28,11454
zhao_topk,28,11478
zhao_topk,28,11500
zhao_topk,28,11501
zhao_topk,28,11564
zhao_topk,28,11567
zhao_topk,28,11628
zhao_topk,28,11641
zhao_topk,28,11647
zhao_topk,28,11657
zhao_topk,28,11666
zhao_topk,28,11681
zhao_topk,28,11702
zhao_topk,28,11706
zhao_topk,28,11712
zhao_topk,28,11722
zhao_topk,28,11734
zhao_topk,28,11803
zhao_topk,28,11809
zhao_topk,28,11833
zhao_topk,28,11837
zhao_topk,28,11840
zhao_topk,28,11921
zhao_topk,28,11929
zhao_topk,28,11964
zhao_topk,28,11982
zhao_topk,28,12049
zhao_topk,28,12067
zhao_topk,28,12072
zhao_topk,28,12074
zhao_topk,28,12087
zhao_topk,28,12145
zhao_topk,28,12167
zhao_topk,28,12209
zhao_topk,28,12221
zhao_topk,28,12253
zhao_topk,28,12279
zhao_topk,28,12296
zhao_topk,28,12364
zhao_topk,28,12402
zhao_topk,28,12424
zhao_topk,28,12459
zhao_topk,28,12468
zhao_topk,28,12481
zhao_topk,28,12523
zhao_topk,28,12551
zhao_topk,28,12675
zhao_topk,28,12698
zhao_topk,28,12702
zhao_topk,28,12707
zhao_topk,28,12733
zhao_topk,28,12739
zhao_topk,28,12768
zhao_topk,28,12794
zhao_topk,28,12842
zhao_topk,28,12884
zhao_topk,28,12928
zhao_topk,28,12930
zhao_topk,28,12956
zhao_topk,28,12968
zhao_topk,28,12996
zhao_topk,28,13044
zhao_topk,28,13144
zhao_topk,28,13208
zhao_topk,28,13221
zhao_topk,28,13243
zhao_topk,28,13262
zhao_topk,28,13266
zhao_topk,28,13270
zhao_topk,28,13326
zhao_topk,28,13350
zhao_topk,28,13369
zhao_topk,28,13373
zhao_topk,28,13420
zhao_topk,28,13473
zhao_topk,28,13483
zhao_topk,28,13525
zhao_topk,28,13527
zhao_topk,28,13560
zhao_topk,28,13583
zhao_topk,28,13603
zhao_topk,28,13608
zhao_topk,28,13614
zhao_topk,28,13615
zhao_topk,28,13681
zhao_topk,28,13682
zhao_topk,28,13684
zhao_topk,28,13758
zhao_topk,28,13812
zhao_topk,28,13818
zhao_topk,28,13864
zhao_topk,28,13888
zhao_topk,28,13928
zhao_topk,28,13975
zhao_topk,28,13983
zhao_topk,28,14007
zhao_topk,28,14014
zhao_topk,28,14017
zhao_topk,28,14018
zhao_topk,28,14041
zhao_topk,28,14071
zhao_topk,28,14086
zhao_topk,28,14096
zhao_topk,28,14107
zhao_topk,28,14111
zhao_topk,28,14117
zhao_topk,28,14127
zhao_topk,28,14129
zhao_topk,28,14163
zhao_topk,28,14173
zhao_topk,28,14193
zhao_topk,28,14222
zhao_topk,28,14239
zhao_topk,28,14244
zhao_topk,28,14262
zhao_topk,28,14320
zhao_topk,29,5
zhao_topk,29,108
zhao_topk,29,129
zhao_topk,29,142
zhao_topk,29,156
zhao_topk,29,254
zhao_topk,29,258
zhao_topk,29,285
zhao_topk,29,299
zhao_topk,29,313
zhao_topk,29,339
zhao_topk,29,368
zhao_topk,29,401
zhao_topk,29,417
zhao_topk,29,421
zhao_topk,29,452
zhao_topk,29,512
zhao_topk,29,514
zhao_topk,29,518
zhao_topk,29,546
zhao_topk,29,573
zhao_topk,29,578
zhao_topk,29,624
zhao_topk,29,629
zhao_topk,29,664
zhao_topk,29,666
zhao_topk,29,675
zhao_topk,29,695
zhao_topk,29,706
zhao_topk,29,715
zhao_topk,29,742
zhao_topk,29,750
zhao_topk,29,763
zhao_topk,29,796
zhao_topk,29,808
zhao_topk,29,872
zhao_topk,29,923
zhao_topk,29,943
zhao_topk,29,962
zhao_topk,29,969
zhao_topk,29,987
zhao_topk,29,995
zhao_topk,29,1016
zhao_topk,29,1021
zhao_topk,29,1024
zhao_topk,29,1040
zhao_topk,29,1084
zhao_topk,29,1091
zhao_topk,29,1114
zhao_topk,29,1123
zhao_topk,29,1125
zhao_topk,29,1127
zhao_topk,29,1155
zhao_topk,29,1168
zhao_topk,29,1173
zhao_topk,29,1175
zhao_topk,29,1180
zhao_topk,29,1189
zhao_topk,29,1222
zhao_topk,29,1246
zhao_topk,29,1251
zhao_topk,29,1275
zhao_topk,29,1294
zhao_topk,29,1303
zhao_topk,29,1338
zhao_topk,29,1355
zhao_topk,29,1356
zhao_topk,29,1367
zhao_topk,29,1370
zhao_topk,29,1380
zhao_topk,29,1381
zhao_topk,29,1393
zhao_topk,29,1516
zhao_topk,29,1523
zhao_topk,29,1550
zhao_topk,29,1563
zhao_topk,29,1569
zhao_topk,29,1613
zhao_topk,29,1619
zhao_topk,29,1646
zhao_topk,29,1658
zhao_topk,29,1668
zhao_topk,29,1710
zhao_topk,29,1729
zhao_topk,29,1749
zhao_topk,29,1755
zhao_topk,29,1773
zhao_topk,29,1779
zhao_topk,29,1784
zhao_topk,29,1785
zhao_topk,29,1790
zhao_topk,29,1792
zhao_topk,29,1823
zhao_topk,29,1875
zhao_topk,29,1878
zhao_topk,29,1884
zhao_topk,29,1919
zhao_topk,29,1928
zhao_topk,29,1983
zhao_topk,29,2021
zhao_topk,29,2099
zhao_topk,29,2167
zhao_topk,29,2169
zhao_topk,29,2205
zhao_topk,29,2214
zhao_topk,29,2223
zhao_topk,29,2310
zhao_topk,29,2311
zhao_topk,29,2380
zhao_topk,29,2385
zhao_topk,29,2388
zhao_topk,29,2397
zhao_topk,29,2401
zhao_topk,29,2410
zhao_topk,29,2421
zhao_topk,29,2422
zhao_topk,29,2423
zhao_topk,29,2447
zhao_topk,29,2560
zhao_topk,29,2583
zhao_topk,29,2603
zhao_topk,29,2606
zhao_topk,29,2647
zhao_topk,29,2650
zhao_topk,29,2688
zhao_topk,29,2713
zhao_topk,29,2715
zhao_topk,29,2736
zhao_topk,29,2788
zhao_topk,29,2790
zhao_topk,29,2803
zhao_topk,29,2823
zhao_topk,29,2836
zhao_topk,29,2846
zhao_topk,29,2872
zhao_topk,29,2904
zhao_topk,29,2908
zhao_topk,29,2913
zhao_topk,29,2914
zhao_topk,29,2918
zhao_topk,29,2947
zhao_topk,29,2971
zhao_topk,29,2988
zhao_topk,29,3041
zhao_topk,29,3045
zhao_topk,29,3069
zhao_topk,29,3086
zhao_topk,29,3093
zhao_topk,29,3115
zhao_topk,29,3123
zhao_topk,29,3158
zhao_topk,29,3197
zhao_topk,29,3209
zhao_topk,29,3214
zhao_topk,29,3243
zhao_topk,29,3296
zhao_topk,29,3311
zhao_topk,29,3338
zhao_topk,29,3400
zhao_topk,29,3411
zhao_topk,29,3414
zhao_topk,29,3426
zhao_topk,29,3431
zhao_topk,29,3433
zhao_topk,29,3438
zhao_topk,29,3468
zhao_topk,29,3490
zhao_topk,29,3538
zhao_topk,29,3629
zhao_topk,29,3631
zhao_topk,29,3637
zhao_topk,29,3641
zhao_topk,29,3687
zhao_topk,29,3694
zhao_topk,29,3716
zhao_topk,29,3720
zhao_topk,29,3746
zhao_topk,29,3765
zhao_topk,29,3783
zhao_topk,29,3786
zhao_topk,29,3798
zhao_topk,29,3817
zhao_topk,29,3843
zhao_topk,29,3895
zhao_topk,29,3912
zhao_topk,29,3925
zhao_topk,29,3949
zhao_topk,29,3952
zhao_topk,29,3969
zhao_topk,29,3976
zhao_topk,29,3979
zhao_topk,29,4006
zhao_topk,29,4037
zhao_topk,29,4048
zhao_topk,29,4094
zhao_topk,29,4113
zhao_topk,29,4145
zhao_topk,29,4161
zhao_topk,29,4165
zhao_topk,29,4181
zhao_topk,29,4189
zhao_topk,29,4193
zhao_topk,29,4200
zhao_topk,29,4210
zhao_topk,29,4247
zhao_topk,29,4266
zhao_topk,29,4313
zhao_topk,29,4314
zhao_topk,29,4332
zhao_topk,29,4360
zhao_topk,29,4375
zhao_topk,29,4420
zhao_topk,29,4424
zhao_topk,29,4469
zhao_topk,29,4491
zhao_topk,29,4512
zhao_topk,29,4555
zhao_topk,29,4566
zhao_topk,29,4594
zhao_topk,29,4598
zhao_topk,29,4625
zhao_topk,29,4634
zhao_topk,29,4650
zhao_topk,29,4661
zhao_topk,29,4663
zhao_topk,29,4670
zhao_topk,29,4686
zhao_topk,29,4702
zhao_topk,29,4705
zhao_topk,29,4735
zhao_topk,29,4740
zhao_topk,29,4785
zhao_topk,29,4827
zhao_topk,29,4834
zhao_topk,29,4843
zhao_topk,29,4854
zhao_topk,29,4917
zhao_topk,29,4918
zhao_topk,29,4960
zhao_topk,29,4968
zhao_topk,29,4986
zhao_topk,29,5003
zhao_topk,29,5025
zhao_topk,29,5074
zhao_topk,29,5101
zhao_topk,29,5134
zhao_topk,29,5178
zhao_topk,29,5182
zhao_topk,29,5190
zhao_topk,29,5195
zhao_topk,29,5200
zhao_topk,29,5230
zhao_topk,29,5234
zhao_topk,29,5277
zhao_topk,29,5320
zhao_topk,29,5323
zhao_topk,29,5337
zhao_topk,29,5343
zhao_topk,29,5363
zhao_topk,29,5419
zhao_topk,29,5440
zhao_topk,29,5469
zhao_topk,29,5589
zhao_topk,29,5629
zhao_topk,29,5653
zhao_topk,29,5676
zhao_topk,29,5688
zhao_topk,29,5785
zhao_topk,29,5790
zhao_topk,29,5793
zhao_topk,29,5834
zhao_topk,29,5852
zhao_topk,29,5866
zhao_topk,29,5926
zhao_topk,29,5983
zhao_topk,29,5986
zhao_topk,29,6008
zhao_topk,29,6026
zhao_topk,29,6070
zhao_topk,29,6081
zhao_topk,29,6086
zhao_topk,29,6089
zhao_topk,29,6122
zhao_topk,29,6128
zhao_topk,29,6133
zhao_topk,29,6168
zhao_topk,29,6227
zhao_topk,29,6244
zhao_topk,29,6253
zhao_topk,29,6256
zhao_topk,29,6257
zhao_topk,29,6266
zhao_topk,29,6281
zhao_topk,29,6295
zhao_topk,29,6301
zhao_topk,29,6332
zhao_topk,29,6346
zhao_topk,29,6348
zhao_topk,29,6372
zhao_topk,29,6380
zhao_topk,29,6385
zhao_topk,29,6400
zhao_topk,29,6422
zhao_topk,29,6435
zhao_topk,29,6454
zhao_topk,29,6481
zhao_topk,29,6482
zhao_topk,29,6491
zhao_topk,29,6495
zhao_topk,29,6538
zhao_topk,29,6543
zhao_topk,29,6555
zhao_topk,29,6571
zhao_topk,29,6599
zhao_topk,29,6603
zhao_topk,29,6606
zhao_topk,29,6609
zhao_topk,29,6613
zhao_topk,29,6623
zhao_topk,29,6636
zhao_topk,29,6676
zhao_topk,29,6710
zhao_topk,29,6732
zhao_topk,29,6739
zhao_topk,29,6774
zhao_topk,29,6782
zhao_topk,29,6792
zhao_topk,29,6859
zhao_topk,29,6864
zhao_topk,29,6894
zhao_topk,29,6908
zhao_topk,29,6911
zhao_topk,29,6914
zhao_topk,29,6926
zhao_topk,29,6987
zhao_topk,29,7003
zhao_topk,29,7036
zhao_topk,29,7041
zhao_topk,29,7042
zhao_topk,29,7067
zhao_topk,29,7073
zhao_topk,29,7103
zhao_topk,29,7125
zhao_topk,29,7141
zhao_topk,29,7168
zhao_topk,29,7175
zhao_topk,29,7181
zhao_topk,29,7194
zhao_topk,29,7206
zhao_topk,29,7232
zhao_topk,29,7238
zhao_topk,29,7265
zhao_topk,29,7284
zhao_topk,29,7325
zhao_topk,29,7328
zhao_topk,29,7338
zhao_topk,29,7349
zhao_topk,29,7352
zhao_topk,29,7358
zhao_topk,29,7359
zhao_topk,29,7375
zhao_topk,29,7396
zhao_topk,29,7410
zhao_topk,29,7414
zhao_topk,29,7425
zhao_topk,29,7428
zhao_topk,29,7461
zhao_topk,29,7479
zhao_topk,29,7509
zhao_topk,29,7514
zhao_topk,29,7517
zhao_topk,29,7522
zhao_topk,29,7548
zhao_topk,29,7558
zhao_topk,29,7566
zhao_topk,29,7570
zhao_topk,29,7574
zhao_topk,29,7595
zhao_topk,29,7607
zhao_topk,29,7616
zhao_topk,29,7620
zhao_topk,29,7647
zhao_topk,29,7658
zhao_topk,29,7661
zhao_topk,29,7679
zhao_topk,29,7686
zhao_topk,29,7733
zhao_topk,29,7761
zhao_topk,29,7777
zhao_topk,29,7829
zhao_topk,29,7839
zhao_topk,29,7874
zhao_topk,29,7898
zhao_topk,29,7906
zhao_topk,29,7910
zhao_topk,29,7925
zhao_topk,29,7953
zhao_topk,29,7975
zhao_topk,29,7979
zhao_topk,29,7986
zhao_topk,29,7999
zhao_topk,29,8029
zhao_topk,29,8031
zhao_topk,29,8044
zhao_topk,29,8088
zhao_topk,29,8099
zhao_topk,29,8119
zhao_topk,29,8198
zhao_topk,29,8209
zhao_topk,29,8219
zhao_topk,29,8220
zhao_topk,29,8265
zhao_topk,29,8281
zhao_topk,29,8291
zhao_topk,29,8296
zhao_topk,29,8309
zhao_topk,29,8314
zhao_topk,29,8364
zhao_topk,29,8374
zhao_topk,29,8384
zhao_topk,29,8424
zhao_topk,29,8469
zhao_topk,29,8488
zhao_topk,29,8499
zhao_topk,29,8527
zhao_topk,29,8529
zhao_topk,29,8533
zhao_topk,29,8568
zhao_topk,29,8601
zhao_topk,29,8605
zhao_topk,29,8610
zhao_topk,29,8615
zhao_topk,29,8642
zhao_topk,29,8656
zhao_topk,29,8674
zhao_topk,29,8713
zhao_topk,29,8740
zhao_topk,29,8741
zhao_topk,29,8753
zhao_topk,29,8765
zhao_topk,29,8788
zhao_topk,29,8845
zhao_topk,29,8890
zhao_topk,29,8946
zhao_topk,29,8993
zhao_topk,29,8997
zhao_topk,29,9000
zhao_topk,29,9042
zhao_topk,29,9046
zhao_topk,29,9055
zhao_topk,29,9060
zhao_topk,29,9083
zhao_topk,29,9117
zhao_topk,29,9120
zhao_topk,29,9129
zhao_topk,29,9142
zhao_topk,29,9164
zhao_topk,29,9197
zhao_topk,29,9221
zhao_topk,29,9222
zhao_topk,29,9228
zhao_topk,29,9262
zhao_topk,29,9267
zhao_topk,29,9298
zhao_topk,29,9316
zhao_topk,29,9361
zhao_topk,29,9387
zhao_topk,29,9400
zhao_topk,29,9403
zhao_topk,29,9424
zhao_topk,29,9458
zhao_topk,29,9467
zhao_topk,29,9483
zhao_topk,29,9502
zhao_topk,29,9513
zhao_topk,29,9523
zhao_topk,29,9533
zhao_topk,29,9571
zhao_topk,29,9580
zhao_topk,29,9588
zhao_topk,29,9595
zhao_topk,29,9616
zhao_topk,29,9621
zhao_topk,29,9654
zhao_topk,29,9663
zhao_topk,29,9686
zhao_topk,29,9706
zhao_topk,29,9711
zhao_topk,29,9718
zhao_topk,29,9738
zhao_topk,29,9750
zhao_topk,29,9757
zhao_topk,29,9803
zhao_topk,29,9804
zhao_topk,29,9818
zhao_topk,29,9869
zhao_topk,29,9901
zhao_topk,29,9923
zhao_topk,29,9929
zhao_topk,29,9936
zhao_topk,29,9954
zhao_topk,29,9969
zhao_topk,29,9972
zhao_topk,29,10029
zhao_topk,29,10030
zhao_topk,29,10035
zhao_topk,29,10092
zhao_topk,29,10112
zhao_topk,29,10119
zhao_topk,29,10167
zhao_topk,29,10184
zhao_topk,29,10188
zhao_topk,29,10191
zhao_topk,29,10202
zhao_topk,29,10254
zhao_topk,29,10255
zhao_topk,29,10297
zhao_topk,29,10300
zhao_topk,29,10308
zhao_topk,29,10317
zhao_topk,29,10358
zhao_topk,29,10402
zhao_topk,29,10407
zhao_topk,29,10417
zhao_topk,29,10431
zhao_topk,29,10520
zhao_topk,29,10580
zhao_topk,29,10586
zhao_topk,29,10629
zhao_topk,29,10640
zhao_topk,29,10651
zhao_topk,29,10662
zhao_topk,29,10665
zhao_topk,29,10666
zhao_topk,29,10686
zhao_topk,29,10717
zhao_topk,29,10723
zhao_topk,29,10726
zhao_topk,29,10742
zhao_topk,29,10749
zhao_topk,29,10751
zhao_topk,29,10788
zhao_topk,29,10799
zhao_topk,29,10803
zhao_topk,29,10824
zhao_topk,29,10833
zhao_topk,29,10837
zhao_topk,29,10857
zhao_topk,29,10894
zhao_topk,29,10899
zhao_topk,29,10901
zhao_topk,29,10902
zhao_topk,29,10946
zhao_topk,29,10987
zhao_topk,29,11008
zhao_topk,29,11037
zhao_topk,29,11082
zhao_topk,29,11100
zhao_topk,29,11110
zhao_topk,29,11123
zhao_topk,29,11145
zhao_topk,29,11151
zhao_topk,29,11171
zhao_topk,29,11176
zhao_topk,29,11181
zhao_topk,29,11187
zhao_topk,29,11191
zhao_topk,29,11196
zhao_topk,29,11202
zhao_topk,29,11225
zhao_topk,29,11270
zhao_topk,29,11285
zhao_topk,29,11295
zhao_topk,29,11317
zhao_topk,29,11326
zhao_topk,29,11334
zhao_topk,29,11347
zhao_topk,29,11351
zhao_topk,29,11372
zhao_topk,29,11374
zhao_topk,29,11377
zhao_topk,29,11384
zhao_topk,29,11388
zhao_topk,29,11395
zhao_topk,29,11412
zhao_topk,29,11434
zhao_topk,29,11457
zhao_topk,29,11475
zhao_topk,29,11490
zhao_topk,29,11492
zhao_topk,29,11498
zhao_topk,29,11511
zhao_topk,29,11523
zhao_topk,29,11533
zhao_topk,29,11535
zhao_topk,29,11543
zhao_topk,29,11605
zhao_topk,29,11607
zhao_topk,29,11642
zhao_topk,29,11643
zhao_topk,29,11650
zhao_topk,29,11655
zhao_topk,29,11663
zhao_topk,29,11696
zhao_topk,29,11700
zhao_topk,29,11740
zhao_topk,29,11761
zhao_topk,29,11772
zhao_topk,29,11785
zhao_topk,29,11791
zhao_topk,29,11794
zhao_topk,29,11800
zhao_topk,29,11819
zhao_topk,29,11885
zhao_topk,29,11909
zhao_topk,29,11929
zhao_topk,29,11937
zhao_topk,29,11956
zhao_topk,29,11961
zhao_topk,29,11977
zhao_topk,29,11997
zhao_topk,29,12010
zhao_topk,29,12012
zhao_topk,29,12048
zhao_topk,29,12067
zhao_topk,29,12092
zhao_topk,29,12095
zhao_topk,29,12104
zhao_topk,29,12117
zhao_topk,29,12129
zhao_topk,29,12134
zhao_topk,29,12141
zhao_topk,29,12155
zhao_topk,29,12177
zhao_topk,29,12187
zhao_topk,29,12191
zhao_topk,29,12206
zhao_topk,29,12207
zhao_topk,29,12211
zhao_topk,29,12217
zhao_topk,29,12248
zhao_topk,29,12267
zhao_topk,29,12287
zhao_topk,29,12303
zhao_topk,29,12326
zhao_topk,29,12400
zhao_topk,29,12405
zhao_topk,29,12452
zhao_topk,29,12465
zhao_topk,29,12466
zhao_topk,29,12476
zhao_topk,29,12488
zhao_topk,29,12533
zhao_topk,29,12537
zhao_topk,29,12566
zhao_topk,29,12580
zhao_topk,29,12593
zhao_topk,29,12602
zhao_topk,29,12605
zhao_topk,29,12622
zhao_topk,29,12631
zhao_topk,29,12635
zhao_topk,29,12644
zhao_topk,29,12657
zhao_topk,29,12670
zhao_topk,29,12691
zhao_topk,29,12770
zhao_topk,29,12784
zhao_topk,29,12796
zhao_topk,29,12858
zhao_topk,29,12877
zhao_topk,29,12896
zhao_topk,29,12910
zhao_topk,29,12915
zhao_topk,29,12940
zhao_topk,29,12947
zhao_topk,29,12972
zhao_topk,29,12988
zhao_topk,29,12996
zhao_topk,29,13031
zhao_topk,29,13036
zhao_topk,29,13042
zhao_topk,29,13092
zhao_topk,29,13118
zhao_topk,29,13181
zhao_topk,29,13210
zhao_topk,29,13231
zhao_topk,29,13238
zhao_topk,29,13274
zhao_topk,29,13275
zhao_topk,29,13276
zhao_topk,29,13285
zhao_topk,29,13299
zhao_topk,29,13304
zhao_topk,29,13321
zhao_topk,29,13350
zhao_topk,29,13358
zhao_topk,29,13372
zhao_topk,29,13378
zhao_topk,29,13401
zhao_topk,29,13405
zhao_topk,29,13411
zhao_topk,29,13413
zhao_topk,29,13445
zhao_topk,29,13467
zhao_topk,29,13569
zhao_topk,29,13575
zhao_topk,29,13594
zhao_topk,29,13664
zhao_topk,29,13667
zhao_topk,29,13686
zhao_topk,29,13687
zhao_topk,29,13688
zhao_topk,29,13690
zhao_topk,29,13704
zhao_topk,29,13757
zhao_topk,29,13769
zhao_topk,29,13771
zhao_topk,29,13790
zhao_topk,29,13816
zhao_topk,29,13822
zhao_topk,29,13859
zhao_topk,29,13867
zhao_topk,29,13873
zhao_topk,29,13940
zhao_topk,29,13948
zhao_topk,29,13979
zhao_topk,29,14011
zhao_topk,29,14012
zhao_topk,29,14017
zhao_topk,29,14023
zhao_topk,29,14025
zhao_topk,29,14070
zhao_topk,29,14095
zhao_topk,29,14108
zhao_topk,29,14120
zhao_topk,29,14145
zhao_topk,29,14163
zhao_topk,29,14165
zhao_topk,29,14177
zhao_topk,29,14205
zhao_topk,29,14249
zhao_topk,29,14314
zhao_topk,30,10
zhao_topk,30,17
zhao_topk,30,23
zhao_topk,30,35
zhao_topk,30,58
zhao_topk,30,62
zhao_topk,30,85
zhao_topk,30,120
zhao_topk,30,125
zhao_topk,30,139
zhao_topk,30,151
zhao_topk,30,172
zhao_topk,30,191
zhao_topk,30,217
zhao_topk,30,224
zhao_topk,30,225
zhao_topk,30,240
zhao_topk,30,248
zhao_topk,30,253
zhao_topk,30,271
zhao_topk,30,276
zhao_topk,30,283
zhao_topk,30,292
zhao_topk,30,305
zhao_topk,30,317
zhao_topk,30,334
zhao_topk,30,360
zhao_topk,30,367
zhao_topk,30,404
zhao_topk,30,409
zhao_topk,30,410
zhao_topk,30,420
zhao_topk,30,422
zhao_topk,30,458
zhao_topk,30,468
zhao_topk,30,472
zhao_topk,30,526
zhao_topk,30,535
zhao_topk,30,545
zhao_topk,30,557
zhao_topk,30,559
zhao_topk,30,625
zhao_topk,30,635
zhao_topk,30,655
zhao_topk,30,699
zhao_topk,30,703
zhao_topk,30,722
zhao_topk,30,728
zhao_topk,30,735
zhao_topk,30,779
zhao_topk,30,797
zhao_topk,30,801
zhao_topk,30,806
zhao_topk,30,837
zhao_topk,30,840
zhao_topk,30,841
zhao_topk,30,855
zhao_topk,30,858
zhao_topk,30,862
zhao_topk,30,874
zhao_topk,30,903
zhao_topk,30,934
zhao_topk,30,936
zhao_topk,30,950
zhao_topk,30,965
zhao_topk,30,995
zhao_topk,30,999
zhao_topk,30,1033
zhao_topk,30,1036
zhao_topk,30,1050
zhao_topk,30,1067
zhao_topk,30,1077
zhao_topk,30,1084
zhao_topk,30,1112
zhao_topk,30,1119
zhao_topk,30,1124
zhao_topk,30,1130
zhao_topk,30,1144
zhao_topk,30,1152
zhao_topk,30,1167
zhao_topk,30,1171
zhao_topk,30,1235
zhao_topk,30,1239
zhao_topk,30,1249
zhao_topk,30,1252
zhao_topk,30,1253
zhao_topk,30,1274
zhao_topk,30,1280
zhao_topk,30,1296
zhao_topk,30,1297
zhao_topk,30,1303
zhao_topk,30,1307
zhao_topk,30,1311
zhao_topk,30,1326
zhao_topk,30,1332
zhao_topk,30,1342
zhao_topk,30,1365
zhao_topk,30,1369
zhao_topk,30,1391
zhao_topk,30,1425
zhao_topk,30,1431
zhao_topk,30,1457
zhao_topk,30,1464
zhao_topk,30,1466
zhao_topk,30,1472
zhao_topk,30,1482
zhao_topk,30,1496
zhao_topk,30,1516
zhao_topk,30,1521
zhao_topk,30,1529
zhao_topk,30,1548
zhao_topk,30,1551
zhao_topk,30,1552
zhao_topk,30,1562
zhao_topk,30,1570
zhao_topk,30,1579
zhao_topk,30,1584
zhao_topk,30,1608
zhao_topk,30,1609
zhao_topk,30,1617
zhao_topk,30,1668
zhao_topk,30,1681
zhao_topk,30,1698
zhao_topk,30,1719
zhao_topk,30,1724
zhao_topk,30,1735
zhao_topk,30,1777
zhao_topk,30,1791
zhao_topk,30,1793
zhao_topk,30,1795
zhao_topk,30,1801
zhao_topk,30,1819
zhao_topk,30,1823
zhao_topk,30,1829
zhao_topk,30,1845
zhao_topk,30,1861
zhao_topk,30,1864
zhao_topk,30,1867
zhao_topk,30,1874
zhao_topk,30,1885
zhao_topk,30,1891
zhao_topk,30,1914
zhao_topk,30,1934
zhao_topk,30,1935
zhao_topk,30,1950
zhao_topk,30,1969
zhao_topk,30,1978
zhao_topk,30,2005
zhao_topk,30,2018
zhao_topk,30,2019
zhao_topk,30,2025
zhao_topk,30,2026
zhao_topk,30,2070
zhao_topk,30,2074
zhao_topk,30,2087
zhao_topk,30,2117
zhao_topk,30,2120
zhao_topk,30,2127
zhao_topk,30,2195
zhao_topk,30,2196
zhao_topk,30,2204
zhao_topk,30,2214
zhao_topk,30,2226
zhao_topk,30,2268
zhao_topk,30,2273
zhao_topk,30,2297
zhao_topk,30,2306
zhao_topk,30,2309
zhao_topk,30,2310
zhao_topk,30,2341
zhao_topk,30,2363
zhao_topk,30,2367
zhao_topk,30,2369
zhao_topk,30,2403
zhao_topk,30,2405
zhao_topk,30,2422
zhao_topk,30,2427
zhao_topk,30,2440
zhao_topk,30,2441
zhao_topk,30,2446
zhao_topk,30,2453
zhao_topk,30,2458
zhao_topk,30,2470
zhao_topk,30,2474
zhao_topk,30,2486
zhao_topk,30,2516
zhao_topk,30,2521
zhao_topk,30,2547
zhao_topk,30,2614
zhao_topk,30,2627
zhao_topk,30,2653
zhao_topk,30,2654
zhao_topk,30,2677
zhao_topk,30,2709
zhao_topk,30,2724
zhao_topk,30,2730
zhao_topk,30,2743
zhao_topk,30,2762
zhao_topk,30,2767
zhao_topk,30,2780
zhao_topk,30,2792
zhao_topk,30,2798
zhao_topk,30,2806
zhao_topk,30,2815
zhao_topk,30,2904
zhao_topk,30,2907
zhao_topk,30,2908
zhao_topk,30,2939
zhao_topk,30,2951
zhao_topk,30,2969
zhao_topk,30,2990
zhao_topk,30,3000
zhao_topk,30,3006
zhao_topk,30,3015
zhao_topk,30,3017
zhao_topk,30,3032
zhao_topk,30,3059
zhao_topk,30,3078
zhao_topk,30,3086
zhao_topk,30,3097
zhao_topk,30,3109
zhao_topk,30,3136
zhao_topk,30,3137
zhao_topk,30,3141
zhao_topk,30,3152
zhao_topk,30,3175
zhao_topk,30,3195
zhao_topk,30,3242
zhao_topk,30,3271
zhao_topk,30,3292
zhao_topk,30,3295
zhao_topk,30,3296
zhao_topk,30,3307
zhao_topk,30,3310
zhao_topk,30,3331
zhao_topk,30,3332
zhao_topk,30,3336
zhao_topk,30,3342
zhao_topk,30,3346
zhao_topk,30,3364
zhao_topk,30,3382
zhao_topk,30,3397
zhao_topk,30,3404
zhao_topk,30,3413
zhao_topk,30,3415
zhao_topk,30,3416
zhao_topk,30,3425
zhao_topk,30,3429
zhao_topk,30,3430
zhao_topk,30,3434
zhao_topk,30,3478
zhao_topk,30,3533
zhao_topk,30,3542
zhao_topk,30,3543
zhao_topk,30,3557
zhao_topk,30,3574
zhao_topk,30,3583
zhao_topk,30,3587
zhao_topk,30,3600
zhao_topk,30,3623
zhao_topk,30,3673
zhao_topk,30,3675
zhao_topk,30,3695
zhao_topk,30,3700
zhao_topk,30,3724
zhao_topk,30,3739
zhao_topk,30,3775
zhao_topk,30,3776
zhao_topk,30,3786
zhao_topk,30,3798
zhao_topk,30,3802
zhao_topk,30,3803
zhao_topk,30,3813
zhao_topk,30,3833
zhao_topk,30,3843
zhao_topk,30,3856
zhao_topk,30,3876
zhao_topk,30,3878
zhao_topk,30,3903
zhao_topk,30,3912
zhao_topk,30,3914
zhao_topk,30,3930
zhao_topk,30,3937
zhao_topk,30,3940
zhao_topk,30,3970
zhao_topk,30,4006
zhao_topk,30,4015
zhao_topk,30,4028
zhao_topk,30,4035
zhao_topk,30,4079
zhao_topk,30,4084
zhao_topk,30,4092
zhao_topk,30,4133
zhao_topk,30,4200
zhao_topk,30,4208
zhao_topk,30,4211
zhao_topk,30,4213
zhao_topk,30,4238
zhao_topk,30,4239
zhao_topk,30,4240
zhao_topk,30,4257
zhao_topk,30,4261
zhao_topk,30,4280
zhao_topk,30,4306
zhao_topk,30,4318
zhao_topk,30,4334
zhao_topk,30,4338
zhao_topk,30,4341
zhao_topk,30,4345
zhao_topk,30,4346
zhao_topk,30,4350
zhao_topk,30,4361
zhao_topk,30,4381
zhao_topk,30,4382
zhao_topk,30,4384
zhao_topk,30,4410
zhao_topk,30,4426
zhao_topk,30,4431
zhao_topk,30,4438
zhao_topk,30,4459
zhao_topk,30,4472
zhao_topk,30,4497
zhao_topk,30,4503
zhao_topk,30,4518
zhao_topk,30,4541
zhao_topk,30,4546
zhao_topk,30,4664
zhao_topk,30,4668
zhao_topk,30,4673
zhao_topk,30,4684
zhao_topk,30,4713
zhao_topk,30,4796
zhao_topk,30,4800
zhao_topk,30,4829
zhao_topk,30,4834
zhao_topk,30,4842
zhao_topk,30,4852
zhao_topk,30,4882
zhao_topk,30,4886
zhao_topk,30,4893
zhao_topk,30,4903
zhao_topk,30,4911
zhao_topk,30,4936
zhao_topk,30,4949
zhao_topk,30,4994
zhao_topk,30,5024
zhao_topk,30,5035
zhao_topk,30,5042
zhao_topk,30,5043
zhao_topk,30,5072
zhao_topk,30,5073
zhao_topk,30,5081
zhao_topk,30,5088
zhao_topk,30,5106
zhao_topk,30,5114
zhao_topk,30,5122
zhao_topk,30,5131
zhao_topk,30,5172
zhao_topk,30,5194
zhao_topk,30,5195
zhao_topk,30,5251
zhao_topk,30,5253
zhao_topk,30,5259
zhao_topk,30,5269
zhao_topk,30,5290
zhao_topk,30,5320
zhao_topk,30,5323
zhao_topk,30,5333
zhao_topk,30,5336
zhao_topk,30,5358
zhao_topk,30,5366
zhao_topk,30,5375
zhao_topk,30,5423
zhao_topk,30,5426
zhao_topk,30,5427
zhao_topk,30,5442
zhao_topk,30,5473
zhao_topk,30,5486
zhao_topk,30,5490
zhao_topk,30,5506
zhao_topk,30,5526
zhao_topk,30,5528
zhao_topk,30,5547
zhao_topk,30,5549
zhao_topk,30,5591
zhao_topk,30,5624
zhao_topk,30,5646
zhao_topk,30,5649
zhao_topk,30,5687
zhao_topk,30,5695
zhao_topk,30,5701
zhao_topk,30,5705
zhao_topk,30,5713
zhao_topk,30,5718
zhao_topk,30,5737
zhao_topk,30,5748
zhao_topk,30,5752
zhao_topk,30,5790
zhao_topk,30,5794
zhao_topk,30,5804
zhao_topk,30,5814
zhao_topk,30,5832
zhao_topk,30,5840
zhao_topk,30,5850
zhao_topk,30,5852
zhao_topk,30,5854
zhao_topk,30,5860
zhao_topk,30,5872
zhao_topk,30,5886
zhao_topk,30,5901
zhao_topk,30,5905
zhao_topk,30,5906
zhao_topk,30,5912
zhao_topk,30,5914
zhao_topk,30,5920
zhao_topk,30,5944
zhao_topk,30,5948
zhao_topk,30,5951
zhao_topk,30,5961
zhao_topk,30,6021
zhao_topk,30,6083
zhao_topk,30,6093
zhao_topk,30,6096
zhao_topk,30,6110
zhao_topk,30,6159
zhao_topk,30,6168
zhao_topk,30,6183
zhao_topk,30,6196
zhao_topk,30,6199
zhao_topk,30,6203
zhao_topk,30,6204
zhao_topk,30,6209
zhao_topk,30,6211
zhao_topk,30,6220
zhao_topk,30,6240
zhao_topk,30,6252
zhao_topk,30,6255
zhao_topk,30,6275
zhao_topk,30,6290
zhao_topk,30,6331
zhao_topk,30,6336
zhao_topk,30,6372
zhao_topk,30,6380
zhao_topk,30,6396
zhao_topk,30,6404
zhao_topk,30,6406
zhao_topk,30,6424
zhao_topk,30,6433
zhao_topk,30,6448
zhao_topk,30,6462
zhao_topk,30,6486
zhao_topk,30,6491
zhao_topk,30,6499
zhao_topk,30,6539
zhao_topk,30,6547
zhao_topk,30,6555
zhao_topk,30,6578
zhao_topk,30,6582
zhao_topk,30,6595
zhao_topk,30,6618
zhao_topk,30,6625
zhao_topk,30,6632
zhao_topk,30,6640
zhao_topk,30,6659
zhao_topk,30,6663
zhao_topk,30,6669
zhao_topk,30,6680
zhao_topk,30,6707
zhao_topk,30,6716
zhao_topk,30,6725
zhao_topk,30,6742
zhao_topk,30,6764
zhao_topk,30,6770
zhao_topk,30,6779
zhao_topk,30,6816
zhao_topk,30,6831
zhao_topk,30,6851
zhao_topk,30,6889
zhao_topk,30,6893
zhao_topk,30,6894
zhao_topk,30,6937
zhao_topk,30,6939
zhao_topk,30,6948
zhao_topk,30,6954
zhao_topk,30,6961
zhao_topk,30,6971
zhao_topk,30,6976
zhao_topk,30,6989
zhao_topk,30,6992
zhao_topk,30,6999
zhao_topk,30,7002
zhao_topk,30,7015
zhao_topk,30,7016
zhao_topk,30,7024
zhao_topk,30,7037
zhao_topk,30,7066
zhao_topk,30,7076
zhao_topk,30,7091
zhao_topk,30,7095
zhao_topk,30,7144
zhao_topk,30,7146
zhao_topk,30,7204
zhao_topk,30,7207
zhao_topk,30,7282
zhao_topk,30,7286
zhao_topk,30,7299
zhao_topk,30,7304
zhao_topk,30,7305
zhao_topk,30,7322
zhao_topk,30,7325
zhao_topk,30,7331
zhao_topk,30,7346
zhao_topk,30,7366
zhao_topk,30,7367
zhao_topk,30,7393
zhao_topk,30,7398
zhao_topk,30,7410
zhao_topk,30,7419
zhao_topk,30,7422
zhao_topk,30,7423
zhao_topk,30,7428
zhao_topk,30,7431
zhao_topk,30,7463
zhao_topk,30,7550
zhao_topk,30,7577
zhao_topk,30,7600
zhao_topk,30,7609
zhao_topk,30,7616
zhao_topk,30,7624
zhao_topk,30,7638
zhao_topk,30,7660
zhao_topk,30,7663
zhao_topk,30,7668
zhao_topk,30,7674
zhao_topk,30,7675
zhao_topk,30,7676
zhao_topk,30,7691
zhao_topk,30,7699
zhao_topk,30,7705
zhao_topk,30,7708
zhao_topk,30,7744
zhao_topk,30,7747
zhao_topk,30,7748
zhao_topk,30,7752
zhao_topk,30,7755
zhao_topk,30,7776
zhao_topk,30,7779
zhao_topk,30,7790
zhao_topk,30,7813
zhao_topk,30,7814
zhao_topk,30,7834
zhao_topk,30,7843
zhao_topk,30,7857
zhao_topk,30,7872
zhao_topk,30,7908
zhao_topk,30,7910
zhao_topk,30,7958
zhao_topk,30,7969
zhao_topk,30,7985
zhao_topk,30,7999
zhao_topk,30,8023
zhao_topk,30,8026
zhao_topk,30,8028
zhao_topk,30,8057
zhao_topk,30,8082
zhao_topk,30,8084
zhao_topk,30,8125
zhao_topk,30,8127
zhao_topk,30,8132
zhao_topk,30,8200
zhao_topk,30,8212
zhao_topk,30,8223
zhao_topk,30,8226
zhao_topk,30,8242
zhao_topk,30,8247
zhao_topk,30,8248
zhao_topk,30,8288
zhao_topk,30,8295
zhao_topk,30,8309
zhao_topk,30,8319
zhao_topk,30,8321
zhao_topk,30,8349
zhao_topk,30,8366
zhao_topk,30,8371
zhao_topk,30,8382
zhao_topk,30,8385
zhao_topk,30,8392
zhao_topk,30,8418
zhao_topk,30,8426
zhao_topk,30,8427
zhao_topk,30,8491
zhao_topk,30,8539
zhao_topk,30,8562
zhao_topk,30,8570
zhao_topk,30,8610
zhao_topk,30,8631
zhao_topk,30,8634
zhao_topk,30,8638
zhao_topk,30,8639
zhao_topk,30,8652
zhao_topk,30,8662
zhao_topk,30,8688
zhao_topk,30,8698
zhao_topk,30,8699
zhao_topk,30,8711
zhao_topk,30,8716
zhao_topk,30,8724
zhao_topk,30,8726
zhao_topk,30,8737
zhao_topk,30,8749
zhao_topk,30,8771
zhao_topk,30,8803
zhao_topk,30,8845
zhao_topk,30,8853
zhao_topk,30,8855
zhao_topk,30,8856
zhao_topk,30,8884
zhao_topk,30,8886
zhao_topk,30,8892
zhao_topk,30,8911
zhao_topk,30,8932
zhao_topk,30,8954
zhao_topk,30,8959
zhao_topk,30,8960
zhao_topk,30,8983
zhao_topk,30,9025
zhao_topk,30,9027
zhao_topk,30,9031
zhao_topk,30,9044
zhao_topk,30,9086
zhao_topk,30,9094
zhao_topk,30,9096
zhao_topk,30,9100
zhao_topk,30,9105
zhao_topk,30,9106
zhao_topk,30,9114
zhao_topk,30,9117
zhao_topk,30,9125
zhao_topk,30,9138
zhao_topk,30,9151
zhao_topk,30,9191
zhao_topk,30,9198
zhao_topk,30,9210
zhao_topk,30,9211
zhao_topk,30,9237
zhao_topk,30,9239
zhao_topk,30,9240
zhao_topk,30,9247
zhao_topk,30,9255
zhao_topk,30,9257
zhao_topk,30,9261
zhao_topk,30,9276
zhao_topk,30,9296
zhao_topk,30,9307
zhao_topk,30,9314
zhao_topk,30,9324
zhao_topk,30,9329
zhao_topk,30,9333
zhao_topk,30,9350
zhao_topk,30,9355
zhao_topk,30,9382
zhao_topk,30,9387
zhao_topk,30,9402
zhao_topk,30,9433
zhao_topk,30,9439
zhao_topk,30,9465
zhao_topk,30,9485
zhao_topk,30,9499
zhao_topk,30,9504
zhao_topk,30,9513
zhao_topk,30,9514
zhao_topk,30,9544
zhao_topk,30,9556
zhao_topk,30,9558
zhao_topk,30,9559
zhao_topk,30,9591
zhao_topk,30,9598
zhao_topk,30,9604
zhao_topk,30,9608
zhao_topk,30,9621
zhao_topk,30,9657
zhao_topk,30,9670
zhao_topk,30,9691
zhao_topk,30,9698
zhao_topk,30,9701
zhao_topk,30,9708
zhao_topk,30,9716
zhao_topk,30,9717
zhao_topk,30,9725
zhao_topk,30,9735
zhao_topk,30,9739
zhao_topk,30,9756
zhao_topk,30,9761
zhao_topk,30,9787
zhao_topk,30,9788
zhao_topk,30,9793
zhao_topk,30,9816
zhao_topk,30,9832
zhao_topk,30,9833
zhao_topk,30,9834
zhao_topk,30,9841
zhao_topk,30,9893
zhao_topk,30,9957
zhao_topk,30,9959
zhao_topk,30,9965
zhao_topk,30,9974
zhao_topk,30,10001
zhao_topk,30,10006
zhao_topk,30,10023
zhao_topk,30,10032
zhao_topk,30,10052
zhao_topk,30,10062
zhao_topk,30,10083
zhao_topk,30,10104
zhao_topk,30,10117
zhao_topk,30,10126
zhao_topk,30,10139
zhao_topk,30,10196
zhao_topk,30,10254
zhao_topk,30,10265
zhao_topk,30,10272
zhao_topk,30,10295
zhao_topk,30,10321
zhao_topk,30,10322
zhao_topk,30,10329
zhao_topk,30,10339
zhao_topk,30,10341
zhao_topk,30,10343
zhao_topk,30,10353
zhao_topk,30,10364
zhao_topk,30,10365
zhao_topk,30,10408
zhao_topk,30,10428
zhao_topk,30,10431
zhao_topk,30,10433
zhao_topk,30,10473
zhao_topk,30,10494
zhao_topk,30,10498
zhao_topk,30,10518
zhao_topk,30,10563
zhao_topk,30,10599
zhao_topk,30,10617
zhao_topk,30,10634
zhao_topk,30,10641
zhao_topk,30,10645
zhao_topk,30,10682
zhao_topk,30,10687
zhao_topk,30,10711
zhao_topk,30,10725
zhao_topk,30,10739
zhao_topk,30,10767
zhao_topk,30,10777
zhao_topk,30,10790
zhao_topk,30,10794
zhao_topk,30,10821
zhao_topk,30,10824
zhao_topk,30,10830
zhao_topk,30,10840
zhao_topk,30,10849
zhao_topk,30,10853
zhao_topk,30,10880
zhao_topk,30,10887
zhao_topk,30,10915
zhao_topk,30,10933
zhao_topk,30,10941
zhao_topk,30,10949
zhao_topk,30,10950
zhao_topk,30,10952
zhao_topk,30,10974
zhao_topk,30,10997
zhao_topk,30,11022
zhao_topk,30,11055
zhao_topk,30,11076
zhao_topk,30,11084
zhao_topk,30,11089
zhao_topk,30,11103
zhao_topk,30,11104
zhao_topk,30,11106
zhao_topk,30,11109
zhao_topk,30,11131
zhao_topk,30,11141
zhao_topk,30,11151
zhao_topk,30,11169
zhao_topk,30,11200
zhao_topk,30,11240
zhao_topk,30,11258
zhao_topk,30,11268
zhao_topk,30,11272
zhao_topk,30,11289
zhao_topk,30,11294
zhao_topk,30,11307
zhao_topk,30,11328
zhao_topk,30,11360
zhao_topk,30,11377
zhao_topk,30,11389
zhao_topk,30,11415
zhao_topk,30,11430
zhao_topk,30,11463
zhao_topk,30,11484
zhao_topk,30,11486
zhao_topk,30,11494
zhao_topk,30,11504
zhao_topk,30,11510
zhao_topk,30,11533
zhao_topk,30,11538
zhao_topk,30,11545
zhao_topk,30,11574
zhao_topk,30,11592
zhao_topk,30,11613
zhao_topk,30,11625
zhao_topk,30,11703
zhao_topk,30,11706
zhao_topk,30,11716
zhao_topk,30,11752
zhao_topk,30,11755
zhao_topk,30,11768
zhao_topk,30,11785
zhao_topk,30,11803
zhao_topk,30,11810
zhao_topk,30,11813
zhao_topk,30,11842
zhao_topk,30,11859
zhao_topk,30,11860
zhao_topk,30,11883
zhao_topk,30,11889
zhao_topk,30,11898
zhao_topk,30,11920
zhao_topk,30,11976
zhao_topk,30,12009
zhao_topk,30,12012
zhao_topk,30,12016
zhao_topk,30,12077
zhao_topk,30,12103
zhao_topk,30,12127
zhao_topk,30,12135
zhao_topk,30,12153
zhao_topk,30,12179
zhao_topk,30,12185
zhao_topk,30,12200
zhao_topk,30,12202
zhao_topk,30,12246
zhao_topk,30,12255
zhao_topk,30,12258
zhao_topk,30,12287
zhao_topk,30,12302
zhao_topk,30,12351
zhao_topk,30,12371
zhao_topk,30,12377
zhao_topk,30,12379
zhao_topk,30,12383
zhao_topk,30,12387
zhao_topk,30,12395
zhao_topk,30,12419
zhao_topk,30,12446
zhao_topk,30,12460
zhao_topk,30,12463
zhao_topk,30,12476
zhao_topk,30,12484
zhao_topk,30,12495
zhao_topk,30,12499
zhao_topk,30,12512
zhao_topk,30,12522
zhao_topk,30,12523
zhao_topk,30,12524
zhao_topk,30,12534
zhao_topk,30,12554
zhao_topk,30,12556
zhao_topk,30,12568
zhao_topk,30,12573
zhao_topk,30,12582
zhao_topk,30,12586
zhao_topk,30,12602
zhao_topk,30,12641
zhao_topk,30,12660
zhao_topk,30,12662
zhao_topk,30,12673
zhao_topk,30,12687
zhao_topk,30,12689
zhao_topk,30,12700
zhao_topk,30,12711
zhao_topk,30,12728
zhao_topk,30,12730
zhao_topk,30,12741
zhao_topk,30,12787
zhao_topk,30,12811
zhao_topk,30,12814
zhao_topk,30,12824
zhao_topk,30,12827
zhao_topk,30,12861
zhao_topk,30,12878
zhao_topk,30,12903
zhao_topk,30,12914
zhao_topk,30,12926
zhao_topk,30,12933
zhao_topk,30,12935
zhao_topk,30,12939
zhao_topk,30,12963
zhao_topk,30,12965
zhao_topk,30,12991
zhao_topk,30,13006
zhao_topk,30,13021
zhao_topk,30,13032
zhao_topk,30,13047
zhao_topk,30,13048
zhao_topk,30,13049
zhao_topk,30,13058
zhao_topk,30,13059
zhao_topk,30,13122
zhao_topk,30,13140
zhao_topk,30,13159
zhao_topk,30,13168
zhao_topk,30,13175
zhao_topk,30,13182
zhao_topk,30,13224
zhao_topk,30,13226
zhao_topk,30,13235
zhao_topk,30,13248
zhao_topk,30,13252
zhao_topk,30,13292
zhao_topk,30,13308
zhao_topk,30,13356
zhao_topk,30,13359
zhao_topk,30,13364
zhao_topk,30,13392
zhao_topk,30,13459
zhao_topk,30,13487
zhao_topk,30,13496
zhao_topk,30,13499
zhao_topk,30,13538
zhao_topk,30,13546
zhao_topk,30,13567
zhao_topk,30,13570
zhao_topk,30,13575
zhao_topk,30,13584
zhao_topk,30,13587
zhao_topk,30,13607
zhao_topk,30,13622
zhao_topk,30,13628
zhao_topk,30,13655
zhao_topk,30,13661
zhao_topk,30,13679
zhao_topk,30,13681
zhao_topk,30,13698
zhao_topk,30,13711
zhao_topk,30,13742
zhao_topk,30,13759
zhao_topk,30,13790
zhao_topk,30,13811
zhao_topk,30,13846
zhao_topk,30,13848
zhao_topk,30,13867
zhao_topk,30,13869
zhao_topk,30,13883
zhao_topk,30,13890
zhao_topk,30,13935
zhao_topk,30,13953
zhao_topk,30,13957
zhao_topk,30,13988
zhao_topk,30,14008
zhao_topk,30,14016
zhao_topk,30,14069
zhao_topk,30,14095
zhao_topk,30,14108
zhao_topk,30,14109
zhao_topk,30,14130
zhao_topk,30,14146
zhao_topk,30,14154
zhao_topk,30,14158
zhao_topk,30,14159
zhao_topk,30,14161
zhao_topk,30,14181
zhao_topk,30,14192
zhao_topk,30,14211
zhao_topk,30,14215
zhao_topk,30,14229
zhao_topk,30,14244
zhao_topk,30,14261
zhao_topk,30,14271
zhao_topk,30,14280
zhao_topk,30,14282
zhao_topk,30,14288
zhao_topk,30,14298
zhao_topk,31,5
zhao_topk,31,16
zhao_topk,31,26
zhao_topk,31,33
zhao_topk,31,66
zhao_topk,31,75
zhao_topk,31,102
zhao_topk,31,105
zhao_topk,31,118
zhao_topk,31,124
zhao_topk,31,154
zhao_topk,31,167
zhao_topk,31,181
zhao_topk,31,190
zhao_topk,31,194
zhao_topk,31,207
zhao_topk,31,218
zhao_topk,31,247
zhao_topk,31,260
zhao_topk,31,269
zhao_topk,31,270
zhao_topk,31,273
zhao_topk,31,287
zhao_topk,31,289
zhao_topk,31,291
zhao_topk,31,293
zhao_topk,31,311
zhao_topk,31,316
zhao_topk,31,345
zhao_topk,31,353
zhao_topk,31,374
zhao_topk,31,380
zhao_topk,31,395
zhao_topk,31,416
zhao_topk,31,420
zhao_topk,31,437
zhao_topk,31,486
zhao_topk,31,507
zhao_topk,31,515
zhao_topk,31,531
zhao_topk,31,566
zhao_topk,31,609
zhao_topk,31,660
zhao_topk,31,674
zhao_topk,31,693
zhao_topk,31,695
zhao_topk,31,711
zhao_topk,31,714
zhao_topk,31,732
zhao_topk,31,743
zhao_topk,31,755
zhao_topk,31,767
zhao_topk,31,787
zhao_topk,31,791
zhao_topk,31,794
zhao_topk,31,801
zhao_topk,31,803
zhao_topk,31,830
zhao_topk,31,847
zhao_topk,31,850
zhao_topk,31,855
zhao_topk,31,880
zhao_topk,31,882
zhao_topk,31,888
zhao_topk,31,890
zhao_topk,31,894
zhao_topk,31,900
zhao_topk,31,946
zhao_topk,31,953
zhao_topk,31,963
zhao_topk,31,996
zhao_topk,31,997
zhao_topk,31,1000
zhao_topk,31,1050
zhao_topk,31,1057
zhao_topk,31,1058
zhao_topk,31,1078
zhao_topk,31,1079
zhao_topk,31,1087
zhao_topk,31,1090
zhao_topk,31,1095
zhao_topk,31,1129
zhao_topk,31,1136
zhao_topk,31,1157
zhao_topk,31,1159
zhao_topk,31,1165
zhao_topk,31,1186
zhao_topk,31,1190
zhao_topk,31,1202
zhao_topk,31,1209
zhao_topk,31,1232
zhao_topk,31,1236
zhao_topk,31,1244
zhao_topk,31,1320
zhao_topk,31,1324
zhao_topk,31,1340
zhao_topk,31,1370
zhao_topk,31,1385
zhao_topk,31,1386
zhao_topk,31,1395
zhao_topk,31,1415
zhao_topk,31,1438
zhao_topk,31,1467
zhao_topk,31,1493
zhao_topk,31,1506
zhao_topk,31,1513
zhao_topk,31,1519
zhao_topk,31,1526
zhao_topk,31,1533
zhao_topk,31,1534
zhao_topk,31,1537
zhao_topk,31,1542
zhao_topk,31,1559
zhao_topk,31,1572
zhao_topk,31,1584
zhao_topk,31,1585
zhao_topk,31,1609
zhao_topk,31,1614
zhao_topk,31,1625
zhao_topk,31,1654
zhao_topk,31,1663
zhao_topk,31,1678
zhao_topk,31,1679
zhao_topk,31,1681
zhao_topk,31,1712
zhao_topk,31,1739
zhao_topk,31,1760
zhao_topk,31,1781
zhao_topk,31,1787
zhao_topk,31,1793
zhao_topk,31,1798
zhao_topk,31,1811
zhao_topk,31,1813
zhao_topk,31,1816
zhao_topk,31,1831
zhao_topk,31,1834
zhao_topk,31,1894
zhao_topk,31,1906
zhao_topk,31,1919
zhao_topk,31,1920
zhao_topk,31,1922
zhao_topk,31,1928
zhao_topk,31,1940
zhao_topk,31,1946
zhao_topk,31,1955
zhao_topk,31,1969
zhao_topk,31,1977
zhao_topk,31,1986
zhao_topk,31,1997
zhao_topk,31,2003
zhao_topk,31,2004
zhao_topk,31,2012
zhao_topk,31,2036
zhao_topk,31,2046
zhao_topk,31,2047
zhao_topk,31,2076
zhao_topk,31,2080
zhao_topk,31,2100
zhao_topk,31,2108
zhao_topk,31,2117
zhao_topk,31,2129
zhao_topk,31,2140
zhao_topk,31,2155
zhao_topk,31,2163
zhao_topk,31,2171
zhao_topk,31,2181
zhao_topk,31,2187
zhao_topk,31,2188
zhao_topk,31,2207
zhao_topk,31,2215
zhao_topk,31,2221
zhao_topk,31,2223
zhao_topk,31,2224
zhao_topk,31,2229
zhao_topk,31,2241
zhao_topk,31,2268
zhao_topk,31,2294
zhao_topk,31,2299
zhao_topk,31,2305
zhao_topk,31,2313
zhao_topk,31,2344
zhao_topk,31,2369
zhao_topk,31,2398
zhao_topk,31,2467
zhao_topk,31,2474
zhao_topk,31,2477
zhao_topk,31,2485
zhao_topk,31,2495
zhao_topk,31,2511
zhao_topk,31,2525
zhao_topk,31,2528
zhao_topk,31,2535
zhao_topk,31,2549
zhao_topk,31,2552
zhao_topk,31,2564
zhao_topk,31,2566
zhao_topk,31,2567
zhao_topk,31,2572
zhao_topk,31,2575
zhao_topk,31,2611
zhao_topk,31,2631
zhao_topk,31,2653
zhao_topk,31,2657
zhao_topk,31,2675
zhao_topk,31,2747
zhao_topk,31,2754
zhao_topk,31,2756
zhao_topk,31,2775
zhao_topk,31,2796
zhao_topk,31,2799
zhao_topk,31,2800
zhao_topk,31,2818
zhao_topk,31,2820
zhao_topk,31,2836
zhao_topk,31,2847
zhao_topk,31,2858
zhao_topk,31,2875
zhao_topk,31,2878
zhao_topk,31,2885
zhao_topk,31,2895
zhao_topk,31,2919
zhao_topk,31,2928
zhao_topk,31,2945
zhao_topk,31,2948
zhao_topk,31,2954
zhao_topk,31,2958
zhao_topk,31,2968
zhao_topk,31,3012
zhao_topk,31,3015
zhao_topk,31,3023
zhao_topk,31,3032
zhao_topk,31,3061
zhao_topk,31,3084
zhao_topk,31,3095
zhao_topk,31,3096
zhao_topk,31,3104
zhao_topk,31,3114
zhao_topk,31,3115
zhao_topk,31,3119
zhao_topk,31,3130
zhao_topk,31,3135
zhao_topk,31,3146
zhao_topk,31,3166
zhao_topk,31,3175
zhao_topk,31,3183
zhao_topk,31,3197
zhao_topk,31,3235
zhao_topk,31,3251
zhao_topk,31,3252
zhao_topk,31,3256
zhao_topk,31,3268
zhao_topk,31,3384
zhao_topk,31,3387
zhao_topk,31,3388
zhao_topk,31,3409
zhao_topk,31,3410
zhao_topk,31,3420
zhao_topk,31,3428
zhao_topk,31,3435
zhao_topk,31,3444
zhao_topk,31,3451
zhao_topk,31,3464
zhao_topk,31,3474
zhao_topk,31,3485
zhao_topk,31,3486
zhao_topk,31,3487
zhao_topk,31,3493
zhao_topk,31,3499
zhao_topk,31,3506
zhao_topk,31,3514
zhao_topk,31,3515
zhao_topk,31,3540
zhao_topk,31,3548
zhao_topk,31,3559
zhao_topk,31,3568
zhao_topk,31,3571
zhao_topk,31,3583
zhao_topk,31,3589
zhao_topk,31,3599
zhao_topk,31,3611
zhao_topk,31,3616
zhao_topk,31,3620
zhao_topk,31,3621
zhao_topk,31,3630
zhao_topk,31,3646
zhao_topk,31,3680
zhao_topk,31,3689
zhao_topk,31,3691
zhao_topk,31,3701
zhao_topk,31,3710
zhao_topk,31,3750
zhao_topk,31,3759
zhao_topk,31,3769
zhao_topk,31,3811
zhao_topk,31,3828
zhao_topk,31,3830
zhao_topk,31,3849
zhao_topk,31,3859
zhao_topk,31,3863
zhao_topk,31,3871
zhao_topk,31,3872
zhao_topk,31,3878
zhao_topk,31,3880
zhao_topk,31,3897
zhao_topk,31,3971
zhao_topk,31,3990
zhao_topk,31,4015
zhao_topk,31,4037
zhao_topk,31,4046
zhao_topk,31,4062
zhao_topk,31,4064
zhao_topk,31,4097
zhao_topk,31,4098
zhao_topk,31,4145
zhao_topk,31,4157
zhao_topk,31,4160
zhao_topk,31,4164
zhao_topk,31,4178
zhao_topk,31,4179
zhao_topk,31,4181
zhao_topk,31,4193
zhao_topk,31,4221
zhao_topk,31,4229
zhao_topk,31,4233
zhao_topk,31,4249
zhao_topk,31,4257
zhao_topk,31,4261
zhao_topk,31,4275
zhao_topk,31,4302
zhao_topk,31,4326
zhao_topk,31,4352
zhao_topk,31,4373
zhao_topk,31,4374
zhao_topk,31,4382
zhao_topk,31,4400
zhao_topk,31,4426
zhao_topk,31,4433
zhao_topk,31,4436
zhao_topk,31,4457
zhao_topk,31,4501
zhao_topk,31,4510
zhao_topk,31,4512
zhao_topk,31,4517
zhao_topk,31,4518
zhao_topk,31,4523
zhao_topk,31,4560
zhao_topk,31,4581
zhao_topk,31,4589
zhao_topk,31,4594
zhao_topk,31,4609
zhao_topk,31,4625
zhao_topk,31,4626
zhao_topk,31,4633
zhao_topk,31,4645
zhao_topk,31,4652
zhao_topk,31,4653
zhao_topk,31,4655
zhao_topk,31,4661
zhao_topk,31,4663
zhao_topk,31,4679
zhao_topk,31,4710
zhao_topk,31,4738
zhao_topk,31,4762
zhao_topk,31,4768
zhao_topk,31,4778
zhao_topk,31,4786
zhao_topk,31,4788
zhao_topk,31,4790
zhao_topk,31,4791
zhao_topk,31,4810
zhao_topk,31,4820
zhao_topk,31,4851
zhao_topk,31,4862
zhao_topk,31,4873
zhao_topk,31,4892
zhao_topk,31,4983
zhao_topk,31,5021
zhao_topk,31,5029
zhao_topk,31,5041
zhao_topk,31,5062
zhao_topk,31,5068
zhao_topk,31,5082
zhao_topk,31,5097
zhao_topk,31,5099
zhao_topk,31,5118
zhao_topk,31,5124
zhao_topk,31,5161
zhao_topk,31,5189
zhao_topk,31,5204
zhao_topk,31,5206
zhao_topk,31,5230
zhao_topk,31,5248
zhao_topk,31,5253
zhao_topk,31,5283
zhao_topk,31,5288
zhao_topk,31,5294
zhao_topk,31,5311
zhao_topk,31,5313
zhao_topk,31,5314
zhao_topk,31,5335
zhao_topk,31,5345
zhao_topk,31,5369
zhao_topk,31,5371
zhao_topk,31,5399
zhao_topk,31,5403
zhao_topk,31,5448
zhao_topk,31,5471
zhao_topk,31,5491
zhao_topk,31,5493
zhao_topk,31,5509
zhao_topk,31,5517
zhao_topk,31,5540
zhao_topk,31,5542
zhao_topk,31,5553
zhao_topk,31,5562
zhao_topk,31,5593
zhao_topk,31,5615
zhao_topk,31,5617
zhao_topk,31,5624
zhao_topk,31,5636
zhao_topk,31,5644
zhao_topk,31,5648
zhao_topk,31,5711
zhao_topk,31,5720
zhao_topk,31,5722
zhao_topk,31,5728
zhao_topk,31,5745
zhao_topk,31,5748
zhao_topk,31,5758
zhao_topk,31,5772
zhao_topk,31,5804
zhao_topk,31,5814
zhao_topk,31,5826
zhao_topk,31,5831
zhao_topk,31,5838
zhao_topk,31,5850
zhao_topk,31,5852
zhao_topk,31,5864
zhao_topk,31,5883
zhao_topk,31,5919
zhao_topk,31,5924
zhao_topk,31,5932
zhao_topk,31,5933
zhao_topk,31,5934
zhao_topk,31,5936
zhao_topk,31,5939
zhao_topk,31,5940
zhao_topk,31,5971
zhao_topk,31,5975
zhao_topk,31,6000
zhao_topk,31,6009
zhao_topk,31,6018
zhao_topk,31,6038
zhao_topk,31,6059
zhao_topk,31,6069
zhao_topk,31,6072
zhao_topk,31,6076
zhao_topk,31,6077
zhao_topk,31,6082
zhao_topk,31,6086
zhao_topk,31,6096
zhao_topk,31,6099
zhao_topk,31,6109
zhao_topk,31,6130
zhao_topk,31,6143
zhao_topk,31,6159
zhao_topk,31,6179
zhao_topk,31,6224
zhao_topk,31,6243
zhao_topk,31,6247
zhao_topk,31,6249
zhao_topk,31,6266
zhao_topk,31,6306
zhao_topk,31,6326
zhao_topk,31,6351
zhao_topk,31,6352
zhao_topk,31,6355
zhao_topk,31,6386
zhao_topk,31,6403
zhao_topk,31,6419
zhao_topk,31,6424
zhao_topk,31,6430
zhao_topk,31,6432
zhao_topk,31,6452
zhao_topk,31,6466
zhao_topk,31,6467
zhao_topk,31,6489
zhao_topk,31,6510
zhao_topk,31,6536
zhao_topk,31,6575
zhao_topk,31,6600
zhao_topk,31,6609
zhao_topk,31,6614
zhao_topk,31,6639
zhao_topk,31,6651
zhao_topk,31,6657
zhao_topk,31,6691
zhao_topk,31,6696
zhao_topk,31,6700
zhao_topk,31,6704
zhao_topk,31,6725
zhao_topk,31,6734
zhao_topk,31,6776
zhao_topk,31,6908
zhao_topk,31,6952
zhao_topk,31,6955
zhao_topk,31,6998
zhao_topk,31,7000
zhao_topk,31,7001
zhao_topk,31,7019
zhao_topk,31,7020
zhao_topk,31,7038
zhao_topk,31,7052
zhao_topk,31,7104
zhao_topk,31,7115
zhao_topk,31,7122
zhao_topk,31,7124
zhao_topk,31,7192
zhao_topk,31,7193
zhao_topk,31,7208
zhao_topk,31,7217
zhao_topk,31,7224
zhao_topk,31,7228
zhao_topk,31,7245
zhao_topk,31,7262
zhao_topk,31,7264
zhao_topk,31,7278
zhao_topk,31,7281
zhao_topk,31,7309
zhao_topk,31,7360
zhao_topk,31,7387
zhao_topk,31,7416
zhao_topk,31,7429
zhao_topk,31,7450
zhao_topk,31,7474
zhao_topk,31,7476
zhao_topk,31,7504
zhao_topk,31,7513
zhao_topk,31,7514
zhao_topk,31,7566
zhao_topk,31,7592
zhao_topk,31,7598
zhao_topk,31,7605
zhao_topk,31,7607
zhao_topk,31,7626
zhao_topk,31,7632
zhao_topk,31,7638
zhao_topk,31,7673
zhao_topk,31,7683
zhao_topk,31,7684
zhao_topk,31,7687
zhao_topk,31,7693
zhao_topk,31,7706
zhao_topk,31,7727
zhao_topk,31,7769
zhao_topk,31,7784
zhao_topk,31,7812
zhao_topk,31,7840
zhao_topk,31,7842
zhao_topk,31,7844
zhao_topk,31,7851
zhao_topk,31,7859
zhao_topk,31,7861
zhao_topk,31,7862
zhao_topk,31,7866
zhao_topk,31,7873
zhao_topk,31,7900
zhao_topk,31,7906
zhao_topk,31,7944
zhao_topk,31,7960
zhao_topk,31,7973
zhao_topk,31,8028
zhao_topk,31,8053
zhao_topk,31,8060
zhao_topk,31,8074
zhao_topk,31,8094
zhao_topk,31,8095
zhao_topk,31,8098
zhao_topk,31,8118
zhao_topk,31,8149
zhao_topk,31,8154
zhao_topk,31,8169
zhao_topk,31,8190
zhao_topk,31,8193
zhao_topk,31,8203
zhao_topk,31,8229
zhao_topk,31,8240
zhao_topk,31,8260
zhao_topk,31,8272
zhao_topk,31,8275
zhao_topk,31,8279
zhao_topk,31,8305
zhao_topk,31,8310
zhao_topk,31,8320
zhao_topk,31,8345
zhao_topk,31,8350
zhao_topk,31,8359
zhao_topk,31,8371
zhao_topk,31,8382
zhao_topk,31,8400
zhao_topk,31,8410
zhao_topk,31,8416
zhao_topk,31,8450
zhao_topk,31,8458
zhao_topk,31,8506
zhao_topk,31,8524
zhao_topk,31,8537
zhao_topk,31,8544
zhao_topk,31,8566
zhao_topk,31,8583
zhao_topk,31,8591
zhao_topk,31,8622
zhao_topk,31,8652
zhao_topk,31,8653
zhao_topk,31,8657
zhao_topk,31,8664
zhao_topk,31,8717
zhao_topk,31,8732
zhao_topk,31,8745
zhao_topk,31,8750
zhao_topk,31,8766
zhao_topk,31,8771
zhao_topk,31,8784
zhao_topk,31,8791
zhao_topk,31,8792
zhao_topk,31,8862
zhao_topk,31,8884
zhao_topk,31,8910
zhao_topk,31,8937
zhao_topk,31,8950
zhao_topk,31,8953
zhao_topk,31,8959
zhao_topk,31,8984
zhao_topk,31,8990
zhao_topk,31,9005
zhao_topk,31,9028
zhao_topk,31,9032
zhao_topk,31,9044
zhao_topk,31,9047
zhao_topk,31,9050
zhao_topk,31,9091
zhao_topk,31,9114
zhao_topk,31,9119
zhao_topk,31,9125
zhao_topk,31,9127
zhao_topk,31,9144
zhao_topk,31,9171
zhao_topk,31,9175
zhao_topk,31,9187
zhao_topk,31,9191
zhao_topk,31,9231
zhao_topk,31,9235
zhao_topk,31,9239
zhao_topk,31,9242
zhao_topk,31,9247
zhao_topk,31,9252
zhao_topk,31,9256
zhao_topk,31,9262
zhao_topk,31,9272
zhao_topk,31,9276
zhao_topk,31,9350
zhao_topk,31,9355
zhao_topk,31,9375
zhao_topk,31,9387
zhao_topk,31,9410
zhao_topk,31,9416
zhao_topk,31,9420
zhao_topk,31,9454
zhao_topk,31,9465
zhao_topk,31,9504
zhao_topk,31,9519
zhao_topk,31,9521
zhao_topk,31,9538
zhao_topk,31,9551
zhao_topk,31,9555
zhao_topk,31,9559
zhao_topk,31,9573
zhao_topk,31,9575
zhao_topk,31,9587
zhao_topk,31,9589
zhao_topk,31,9592
zhao_topk,31,9628
zhao_topk,31,9639
zhao_topk,31,9658
zhao_topk,31,9663
zhao_topk,31,9664
zhao_topk,31,9665
zhao_topk,31,9678
zhao_topk,31,9692
zhao_topk,31,9705
zhao_topk,31,9796
zhao_topk,31,9818
zhao_topk,31,9825
zhao_topk,31,9828
zhao_topk,31,9858
zhao_topk,31,9866
zhao_topk,31,9903
zhao_topk,31,9919
zhao_topk,31,9949
zhao_topk,31,9955
zhao_topk,31,9968
zhao_topk,31,9974
zhao_topk,31,9976
zhao_topk,31,9995
zhao_topk,31,10007
zhao_topk,31,10010
zhao_topk,31,10014
zhao_topk,31,10030
zhao_topk,31,10035
zhao_topk,31,10036
zhao_topk,31,10075
zhao_topk,31,10094
zhao_topk,31,10100
zhao_topk,31,10107
zhao_topk,31,10129
zhao_topk,31,10158
zhao_topk,31,10165
zhao_topk,31,10180
zhao_topk,31,10210
zhao_topk,31,10211
zhao_topk,31,10220
zhao_topk,31,10233
zhao_topk,31,10238
zhao_topk,31,10241
zhao_topk,31,10252
zhao_topk,31,10285
zhao_topk,31,10318
zhao_topk,31,10329
zhao_topk,31,10334
zhao_topk,31,10348
zhao_topk,31,10363
zhao_topk,31,10392
zhao_topk,31,10399
zhao_topk,31,10436
zhao_topk,31,10439
zhao_topk,31,10452
zhao_topk,31,10456
zhao_topk,31,10459
zhao_topk,31,10471
zhao_topk,31,10490
zhao_topk,31,10492
zhao_topk,31,10505
zhao_topk,31,10519
zhao_topk,31,10555
zhao_topk,31,10575
zhao_topk,31,10584
zhao_topk,31,10590
zhao_topk,31,10595
zhao_topk,31,10620
zhao_topk,31,10644
zhao_topk,31,10669
zhao_topk,31,10674
zhao_topk,31,10691
zhao_topk,31,10697
zhao_topk,31,10715
zhao_topk,31,10716
zhao_topk,31,10741
zhao_topk,31,10757
zhao_topk,31,10759
zhao_topk,31,10771
zhao_topk,31,10775
zhao_topk,31,10783
zhao_topk,31,10788
zhao_topk,31,10797
zhao_topk,31,10800
zhao_topk,31,10803
zhao_topk,31,10826
zhao_topk,31,10830
zhao_topk,31,10834
zhao_topk,31,10843
zhao_topk,31,10850
zhao_topk,31,10855
zhao_topk,31,10880
zhao_topk,31,10883
zhao_topk,31,10893
zhao_topk,31,10897
zhao_topk,31,10908
zhao_topk,31,10912
zhao_topk,31,10946
zhao_topk,31,10956
zhao_topk,31,10966
zhao_topk,31,10973
zhao_topk,31,11003
zhao_topk,31,11010
zhao_topk,31,11013
zhao_topk,31,11024
zhao_topk,31,11062
zhao_topk,31,11071
zhao_topk,31,11079
zhao_topk,31,11080
zhao_topk,31,11084
zhao_topk,31,11085
zhao_topk,31,11119
zhao_topk,31,11120
zhao_topk,31,11184
zhao_topk,31,11185
zhao_topk,31,11198
zhao_topk,31,11234
zhao_topk,31,11243
zhao_topk,31,11244
zhao_topk,31,11256
zhao_topk,31,11264
zhao_topk,31,11266
zhao_topk,31,11267
zhao_topk,31,11304
zhao_topk,31,11314
zhao_topk,31,11321
zhao_topk,31,11325
zhao_topk,31,11342
zhao_topk,31,11350
zhao_topk,31,11386
zhao_topk,31,11405
zhao_topk,31,11456
zhao_topk,31,11483
zhao_topk,31,11486
zhao_topk,31,11488
zhao_topk,31,11489
zhao_topk,31,11492
zhao_topk,31,11497
zhao_topk,31,11504
zhao_topk,31,11509
zhao_topk,31,11518
zhao_topk,31,11541
zhao_topk,31,11562
zhao_topk,31,11572
zhao_topk,31,11579
zhao_topk,31,11581
zhao_topk,31,11598
zhao_topk,31,11620
zhao_topk,31,11626
zhao_topk,31,11638
zhao_topk,31,11640
zhao_topk,31,11680
zhao_topk,31,11695
zhao_topk,31,11699
zhao_topk,31,11741
zhao_topk,31,11752
zhao_topk,31,11769
zhao_topk,31,11770
zhao_topk,31,11808
zhao_topk,31,11817
zhao_topk,31,11843
zhao_topk,31,11903
zhao_topk,31,11913
zhao_topk,31,11929
zhao_topk,31,11961
zhao_topk,31,11965
zhao_topk,31,11985
zhao_topk,31,11989
zhao_topk,31,11999
zhao_topk,31,12004
zhao_topk,31,12032
zhao_topk,31,12033
zhao_topk,31,12035
zhao_topk,31,12039
zhao_topk,31,12043
zhao_topk,31,12046
zhao_topk,31,12048
zhao_topk,31,12081
zhao_topk,31,12111
zhao_topk,31,12119
zhao_topk,31,12123
zhao_topk,31,12130
zhao_topk,31,12145
zhao_topk,31,12150
zhao_topk,31,12156
zhao_topk,31,12185
zhao_topk,31,12193
zhao_topk,31,12202
zhao_topk,31,12222
zhao_topk,31,12226
zhao_topk,31,12248
zhao_topk,31,12252
zhao_topk,31,12256
zhao_topk,31,12270
zhao_topk,31,12292
zhao_topk,31,12298
zhao_topk,31,12323
zhao_topk,31,12326
zhao_topk,31,12358
zhao_topk,31,12365
zhao_topk,31,12387
zhao_topk,31,12423
zhao_topk,31,12425
zhao_topk,31,12446
zhao_topk,31,12511
zhao_topk,31,12514
zhao_topk,31,12517
zhao_topk,31,12525
zhao_topk,31,12527
zhao_topk,31,12529
zhao_topk,31,12591
zhao_topk,31,12616
zhao_topk,31,12668
zhao_topk,31,12676
zhao_topk,31,12713
zhao_topk,31,12730
zhao_topk,31,12731
zhao_topk,31,12732
zhao_topk,31,12750
zhao_topk,31,12773
zhao_topk,31,12785
zhao_topk,31,12814
zhao_topk,31,12818
zhao_topk,31,12839
zhao_topk,31,12841
zhao_topk,31,12861
zhao_topk,31,12878
zhao_topk,31,12913
zhao_topk,31,12922
zhao_topk,31,12923
zhao_topk,31,12950
zhao_topk,31,12951
zhao_topk,31,12968
zhao_topk,31,12971
zhao_topk,31,12982
zhao_topk,31,12996
zhao_topk,31,13027
zhao_topk,31,13030
zhao_topk,31,13034
zhao_topk,31,13038
zhao_topk,31,13060
zhao_topk,31,13062
zhao_topk,31,13076
zhao_topk,31,13102
zhao_topk,31,13110
zhao_topk,31,13115
zhao_topk,31,13122
zhao_topk,31,13183
zhao_topk,31,13185
zhao_topk,31,13188
zhao_topk,31,13189
zhao_topk,31,13197
zhao_topk,31,13208
zhao_topk,31,13247
zhao_topk,31,13250
zhao_topk,31,13253
zhao_topk,31,13264
zhao_topk,31,13273
zhao_topk,31,13279
zhao_topk,31,13282
zhao_topk,31,13292
zhao_topk,31,13293
zhao_topk,31,13304
zhao_topk,31,13325
zhao_topk,31,13328
zhao_topk,31,13336
zhao_topk,31,13368
zhao_topk,31,13369
zhao_topk,31,13392
zhao_topk,31,13414
zhao_topk,31,13432
zhao_topk,31,13448
zhao_topk,31,13457
zhao_topk,31,13470
zhao_topk,31,13476
zhao_topk,31,13518
zhao_topk,31,13530
zhao_topk,31,13544
zhao_topk,31,13555
zhao_topk,31,13575
zhao_topk,31,13578
zhao_topk,31,13605
zhao_topk,31,13610
zhao_topk,31,13622
zhao_topk,31,13630
zhao_topk,31,13647
zhao_topk,31,13648
zhao_topk,31,13649
zhao_topk,31,13691
zhao_topk,31,13692
zhao_topk,31,13707
zhao_topk,31,13727
zhao_topk,31,13754
zhao_topk,31,13774
zhao_topk,31,13801
zhao_topk,31,13802
zhao_topk,31,13808
zhao_topk,31,13812
zhao_topk,31,13814
zhao_topk,31,13833
zhao_topk,31,13849
zhao_topk,31,13869
zhao_topk,31,13891
zhao_topk,31,13933
zhao_topk,31,13943
zhao_topk,31,13957
zhao_topk,31,13989
zhao_topk,31,13995
zhao_topk,31,13999
zhao_topk,31,14012
zhao_topk,31,14027
zhao_topk,31,14058
zhao_topk,31,14073
zhao_topk,31,14103
zhao_topk,31,14106
zhao_topk,31,14107
zhao_topk,31,14108
zhao_topk,31,14111
zhao_topk,31,14113
zhao_topk,31,14179
zhao_topk,31,14196
zhao_topk,31,14197
zhao_topk,31,14201
zhao_topk,31,14211
zhao_topk,31,14224
zhao_topk,31,14239
zhao_topk,31,14266
zhao_topk,31,14276
zhao_topk,31,14293
zhao_topk,31,14299
zhao_topk,31,14321
