variant,layer,neuron_index
wang,0,611
wang,0,699
wang,0,703
wang,0,762
wang,0,989
wang,0,1151
wang,0,1193
wang,0,1228
wang,0,1253
wang,0,1408
wang,0,1590
wang,0,1689
wang,0,1726
wang,0,1737
wang,0,1981
wang,0,2266
wang,0,2358
wang,0,2453
wang,0,2542
wang,0,2699
wang,0,3242
wang,0,3267
wang,0,3292
wang,0,3297
wang,0,3348
wang,0,3400
wang,0,3405
wang,0,3741
wang,0,3817
wang,0,3858
wang,0,4077
wang,0,4098
wang,0,4252
wang,0,4481
wang,0,4581
wang,0,4696
wang,0,4715
wang,0,4797
wang,0,4878
wang,0,5080
wang,0,5159
wang,0,5169
wang,0,5236
wang,0,5250
wang,0,5283
wang,0,5357
wang,0,5914
wang,0,5956
wang,0,6076
wang,0,6135
wang,0,6332
wang,0,6344
wang,0,6436
wang,0,6530
wang,0,6677
wang,0,6743
wang,0,6766
wang,0,7068
wang,0,7279
wang,0,7378
wang,0,7386
wang,0,7495
wang,0,7669
wang,0,7749
wang,0,8092
wang,0,8253
wang,0,8367
wang,0,8465
wang,0,8866
wang,0,8963
wang,0,8975
wang,0,9345
wang,0,9362
wang,0,9519
wang,0,9846
wang,0,9983
wang,0,10127
wang,0,10188
wang,0,10190
wang,0,10268
wang,0,10486
wang,0,10539
wang,0,10953
wang,0,11122
wang,0,11282
wang,0,11314
wang,0,11338
wang,0,11425
wang,0,11484
wang,0,11579
wang,0,11752
wang,0,11762
wang,0,11801
wang,0,11910
wang,0,12242
wang,0,12261
wang,0,12271
wang,0,12339
wang,0,12417
wang,0,12564
wang,0,12650
wang,0,12810
wang,0,12813
wang,0,12934
wang,0,13531
wang,0,13539
wang,0,13618
wang,0,13622
wang,0,13808
wang,0,13834
wang,0,13838
wang,0,13869
wang,0,13879
wang,0,14042
wang,0,14131
wang,0,14168
wang,1,733
wang,1,1306
wang,1,1335
wang,1,1576
wang,1,2273
wang,1,2532
wang,1,2757
wang,1,3463
wang,1,5410
wang,1,5573
wang,1,5786
wang,1,7550
wang,1,7843
wang,1,8738
wang,1,9067
wang,1,10912
wang,1,11000
wang,1,11737
wang,1,11951
wang,1,12219
wang,1,12834
wang,1,13361
wang,2,72
wang,2,92
wang,2,285
wang,2,338
wang,2,378
wang,2,555
wang,2,614
wang,2,621
wang,2,684
wang,2,709
wang,2,755
wang,2,842
wang,2,847
wang,2,901
wang,2,977
wang,2,1020
wang,2,1031
wang,2,1081
wang,2,1286
wang,2,1301
wang,2,1588
wang,2,1608
wang,2,1698
wang,2,1928
wang,2,2148
wang,2,2159
wang,2,2191
wang,2,2266
wang,2,2368
wang,2,2378
wang,2,2470
wang,2,2585
wang,2,2669
wang,2,2882
wang,2,2919
wang,2,3133
wang,2,3229
wang,2,3241
wang,2,3284
wang,2,3301
wang,2,3328
wang,2,3470
wang,2,3558
wang,2,3561
wang,2,3620
wang,2,3633
wang,2,3727
wang,2,3796
wang,2,3948
wang,2,4157
wang,2,4235
wang,2,4244
wang,2,4259
wang,2,4359
wang,2,4430
wang,2,4510
wang,2,4557
wang,2,4591
wang,2,4639
wang,2,4658
wang,2,4732
wang,2,4767
wang,2,4800
wang,2,4882
wang,2,5025
wang,2,5157
wang,2,5172
wang,2,5187
wang,2,5219
wang,2,5276
wang,2,5332
wang,2,5399
wang,2,5488
wang,2,5585
wang,2,5681
wang,2,5777
wang,2,5863
wang,2,5917
wang,2,5965
wang,2,5979
wang,2,6179
wang,2,6219
wang,2,6250
wang,2,6252
wang,2,6272
wang,2,6394
wang,2,6858
wang,2,6922
wang,2,6925
wang,2,6926
wang,2,6973
wang,2,7034
wang,2,7163
wang,2,7173
wang,2,7246
wang,2,7327
wang,2,7436
wang,2,7583
wang,2,7611
wang,2,7776
wang,2,7936
wang,2,7949
wang,2,8037
wang,2,8071
wang,2,8135
wang,2,8343
wang,2,8412
wang,2,8427
wang,2,8552
wang,2,8660
wang,2,8725
wang,2,8740
wang,2,8787
wang,2,8876
wang,2,9123
wang,2,9229
wang,2,9255
wang,2,9260
wang,2,9310
wang,2,9353
wang,2,9423
wang,2,9754
wang,2,9805
wang,2,9841
wang,2,9956
wang,2,9961
wang,2,9962
wang,2,9969
wang,2,10014
wang,2,10053
wang,2,10178
wang,2,10217
wang,2,10272
wang,2,10383
wang,2,10429
wang,2,10524
wang,2,10583
wang,2,10753
wang,2,11015
wang,2,11030
wang,2,11075
wang,2,11315
wang,2,11501
wang,2,11734
wang,2,11737
wang,2,11757
wang,2,11781
wang,2,11843
wang,2,11871
wang,2,11931
wang,2,12087
wang,2,12311
wang,2,12388
wang,2,12475
wang,2,12523
wang,2,12659
wang,2,12673
wang,2,12751
wang,2,12825
wang,2,12879
wang,2,12917
wang,2,12991
wang,2,13038
wang,2,13183
wang,2,13257
wang,2,13418
wang,2,13419
wang,2,13432
wang,2,13496
wang,2,13642
wang,2,13712
wang,2,13729
wang,2,13739
wang,2,13787
wang,2,13808
wang,2,13826
wang,2,13866
wang,2,13924
wang,2,13930
wang,2,13935
wang,2,13951
wang,2,13992
wang,2,14028
wang,2,14040
wang,2,14072
wang,2,14104
wang,2,14213
wang,3,280
wang,3,319
wang,3,352
wang,3,355
wang,3,527
wang,3,567
wang,3,570
wang,3,588
wang,3,640
wang,3,666
wang,3,824
wang,3,940
wang,3,996
wang,3,998
wang,3,1169
wang,3,1242
wang,3,1404
wang,3,1426
wang,3,1437
wang,3,1476
wang,3,1498
wang,3,1510
wang,3,1555
wang,3,1563
wang,3,1564
wang,3,1832
wang,3,1879
wang,3,1936
wang,3,1956
wang,3,1983
wang,3,2145
wang,3,2152
wang,3,2298
wang,3,2444
wang,3,2628
wang,3,2662
wang,3,2708
wang,3,2826
wang,3,2833
wang,3,2915
wang,3,2939
wang,3,2959
wang,3,2960
wang,3,2962
wang,3,2970
wang,3,3134
wang,3,3184
wang,3,3204
wang,3,3240
wang,3,3245
wang,3,3294
wang,3,3460
wang,3,3490
wang,3,3543
wang,3,3555
wang,3,3739
wang,3,3740
wang,3,3754
wang,3,3853
wang,3,3980
wang,3,4059
wang,3,4102
wang,3,4166
wang,3,4249
wang,3,4341
wang,3,4387
wang,3,4434
wang,3,4547
wang,3,4551
wang,3,4556
wang,3,4619
wang,3,4621
wang,3,4750
wang,3,4923
wang,3,5057
wang,3,5079
wang,3,5098
wang,3,5190
wang,3,5205
wang,3,5213
wang,3,5253
wang,3,5299
wang,3,5314
wang,3,5319
wang,3,5320
wang,3,5358
wang,3,5450
wang,3,5455
wang,3,5539
wang,3,5604
wang,3,5647
wang,3,5654
wang,3,5660
wang,3,5718
wang,3,5770
wang,3,5780
wang,3,5866
wang,3,5869
wang,3,5908
wang,3,5938
wang,3,5953
wang,3,6011
wang,3,6045
wang,3,6060
wang,3,6072
wang,3,6182
wang,3,6188
wang,3,6195
wang,3,6212
wang,3,6250
wang,3,6299
wang,3,6307
wang,3,6309
wang,3,6346
wang,3,6374
wang,3,6375
wang,3,6401
wang,3,6404
wang,3,6413
wang,3,6480
wang,3,6508
wang,3,6589
wang,3,6595
wang,3,6694
wang,3,6710
wang,3,6792
wang,3,6862
wang,3,6944
wang,3,6950
wang,3,6995
wang,3,6997
wang,3,7005
wang,3,7120
wang,3,7245
wang,3,7255
wang,3,7312
wang,3,7335
wang,3,7339
wang,3,7459
wang,3,7549
wang,3,7576
wang,3,7579
wang,3,7598
wang,3,7654
wang,3,7725
wang,3,7756
wang,3,7785
wang,3,7804
wang,3,7909
wang,3,8035
wang,3,8044
wang,3,8079
wang,3,8105
wang,3,8190
wang,3,8334
wang,3,8418
wang,3,8472
wang,3,8501
wang,3,8567
wang,3,8612
wang,3,8648
wang,3,8672
wang,3,8696
wang,3,8849
wang,3,8879
wang,3,8912
wang,3,8926
wang,3,8931
wang,3,8948
wang,3,8952
wang,3,9011
wang,3,9013
wang,3,9014
wang,3,9050
wang,3,9058
wang,3,9195
wang,3,9204
wang,3,9217
wang,3,9224
wang,3,9333
wang,3,9359
wang,3,9365
wang,3,9513
wang,3,9542
wang,3,9546
wang,3,9625
wang,3,9693
wang,3,9707
wang,3,9887
wang,3,9890
wang,3,9894
wang,3,9919
wang,3,9920
wang,3,9922
wang,3,10043
wang,3,10078
wang,3,10094
wang,3,10109
wang,3,10118
wang,3,10124
wang,3,10176
wang,3,10177
wang,3,10405
wang,3,10512
wang,3,10520
wang,3,10534
wang,3,10550
wang,3,10709
wang,3,10733
wang,3,10821
wang,3,10865
wang,3,10995
wang,3,11039
wang,3,11049
wang,3,11070
wang,3,11168
wang,3,11177
wang,3,11264
wang,3,11297
wang,3,11307
wang,3,11316
wang,3,11405
wang,3,11452
wang,3,11503
wang,3,11533
wang,3,11674
wang,3,11738
wang,3,11827
wang,3,11851
wang,3,11866
wang,3,11957
wang,3,11961
wang,3,12062
wang,3,12133
wang,3,12195
wang,3,12209
wang,3,12211
wang,3,12246
wang,3,12254
wang,3,12266
wang,3,12268
wang,3,12281
wang,3,12414
wang,3,12459
wang,3,12538
wang,3,12571
wang,3,12617
wang,3,12741
wang,3,12784
wang,3,12800
wang,3,12809
wang,3,12878
wang,3,12889
wang,3,12904
wang,3,12958
wang,3,13127
wang,3,13248
wang,3,13255
wang,3,13280
wang,3,13289
wang,3,13304
wang,3,13453
wang,3,13478
wang,3,13527
wang,3,13531
wang,3,13538
wang,3,13629
wang,3,13645
wang,3,13670
wang,3,13690
wang,3,13739
wang,3,13743
wang,3,13748
wang,3,13772
wang,3,13888
wang,3,13981
wang,3,14004
wang,3,14016
wang,3,14058
wang,3,14114
wang,3,14182
wang,3,14192
wang,3,14241
wang,3,14256
wang,3,14294
wang,3,14334
wang,4,61
wang,4,75
wang,4,190
wang,4,193
wang,4,204
wang,4,346
wang,4,412
wang,4,487
wang,4,512
wang,4,517
wang,4,593
wang,4,599
wang,4,668
wang,4,722
wang,4,774
wang,4,969
wang,4,990
wang,4,1081
wang,4,1089
wang,4,1133
wang,4,1242
wang,4,1251
wang,4,1368
wang,4,1374
wang,4,1446
wang,4,1454
wang,4,1563
wang,4,1692
wang,4,1694
wang,4,1696
wang,4,1744
wang,4,1992
wang,4,2080
wang,4,2201
wang,4,2287
wang,4,2288
wang,4,2359
wang,4,2416
wang,4,2435
wang,4,2443
wang,4,2526
wang,4,2737
wang,4,2738
wang,4,2747
wang,4,2964
wang,4,2967
wang,4,2995
wang,4,3091
wang,4,3101
wang,4,3156
wang,4,3177
wang,4,3223
wang,4,3241
wang,4,3246
wang,4,3260
wang,4,3427
wang,4,3519
wang,4,3624
wang,4,3695
wang,4,3736
wang,4,3807
wang,4,3981
wang,4,3991
wang,4,3994
wang,4,4070
wang,4,4141
wang,4,4253
wang,4,4265
wang,4,4266
wang,4,4273
wang,4,4285
wang,4,4296
wang,4,4341
wang,4,4494
wang,4,4540
wang,4,4559
wang,4,4562
wang,4,4650
wang,4,4652
wang,4,4671
wang,4,4807
wang,4,4808
wang,4,4851
wang,4,4857
wang,4,4915
wang,4,4934
wang,4,4936
wang,4,4970
wang,4,5014
wang,4,5089
wang,4,5249
wang,4,5330
wang,4,5384
wang,4,5443
wang,4,5544
wang,4,5574
wang,4,5610
wang,4,5637
wang,4,5681
wang,4,5728
wang,4,5731
wang,4,5738
wang,4,5775
wang,4,5799
wang,4,5852
wang,4,5873
wang,4,5915
wang,4,5948
wang,4,5964
wang,4,5992
wang,4,6134
wang,4,6143
wang,4,6172
wang,4,6236
wang,4,6238
wang,4,6312
wang,4,6337
wang,4,6361
wang,4,6365
wang,4,6390
wang,4,6488
wang,4,6530
wang,4,6531
wang,4,6598
wang,4,6728
wang,4,6789
wang,4,6792
wang,4,6825
wang,4,6923
wang,4,6981
wang,4,7122
wang,4,7169
wang,4,7258
wang,4,7267
wang,4,7268
wang,4,7324
wang,4,7372
wang,4,7452
wang,4,7464
wang,4,7528
wang,4,7554
wang,4,7615
wang,4,7625
wang,4,7704
wang,4,7751
wang,4,7791
wang,4,7811
wang,4,7846
wang,4,7872
wang,4,7955
wang,4,7957
wang,4,8067
wang,4,8071
wang,4,8245
wang,4,8262
wang,4,8280
wang,4,8286
wang,4,8292
wang,4,8328
wang,4,8334
wang,4,8339
wang,4,8346
wang,4,8348
wang,4,8384
wang,4,8436
wang,4,8498
wang,4,8538
wang,4,8663
wang,4,8691
wang,4,8700
wang,4,8726
wang,4,8746
wang,4,8758
wang,4,8832
wang,4,8886
wang,4,8891
wang,4,8987
wang,4,9003
wang,4,9158
wang,4,9203
wang,4,9328
wang,4,9374
wang,4,9387
wang,4,9392
wang,4,9582
wang,4,9752
wang,4,9795
wang,4,9839
wang,4,9876
wang,4,10096
wang,4,10188
wang,4,10241
wang,4,10272
wang,4,10275
wang,4,10282
wang,4,10297
wang,4,10345
wang,4,10401
wang,4,10424
wang,4,10447
wang,4,10546
wang,4,10554
wang,4,10596
wang,4,10614
wang,4,10620
wang,4,11053
wang,4,11079
wang,4,11185
wang,4,11243
wang,4,11274
wang,4,11276
wang,4,11320
wang,4,11366
wang,4,11422
wang,4,11538
wang,4,11591
wang,4,11649
wang,4,11701
wang,4,11774
wang,4,11810
wang,4,11932
wang,4,11978
wang,4,11986
wang,4,12108
wang,4,12162
wang,4,12175
wang,4,12205
wang,4,12270
wang,4,12309
wang,4,12538
wang,4,12542
wang,4,12558
wang,4,12595
wang,4,12602
wang,4,12603
wang,4,12609
wang,4,12626
wang,4,12639
wang,4,12660
wang,4,12662
wang,4,12853
wang,4,12896
wang,4,12932
wang,4,12933
wang,4,12934
wang,4,12970
wang,4,13008
wang,4,13145
wang,4,13213
wang,4,13233
wang,4,13236
wang,4,13295
wang,4,13407
wang,4,13446
wang,4,13505
wang,4,13569
wang,4,13801
wang,4,13830
wang,4,13874
wang,4,13994
wang,4,14074
wang,4,14089
wang,5,34
wang,5,51
wang,5,149
wang,5,163
wang,5,357
wang,5,430
wang,5,449
wang,5,453
wang,5,484
wang,5,488
wang,5,541
wang,5,576
wang,5,606
wang,5,619
wang,5,626
wang,5,720
wang,5,722
wang,5,731
wang,5,740
wang,5,939
wang,5,959
wang,5,966
wang,5,977
wang,5,1062
wang,5,1077
wang,5,1079
wang,5,1107
wang,5,1127
wang,5,1182
wang,5,1201
wang,5,1211
wang,5,1298
wang,5,1317
wang,5,1357
wang,5,1360
wang,5,1399
wang,5,1410
wang,5,1411
wang,5,1426
wang,5,1502
wang,5,1507
wang,5,1526
wang,5,1528
wang,5,1544
wang,5,1559
wang,5,1665
wang,5,1727
wang,5,1730
wang,5,1741
wang,5,1764
wang,5,1778
wang,5,1781
wang,5,1998
wang,5,2112
wang,5,2158
wang,5,2172
wang,5,2200
wang,5,2228
wang,5,2274
wang,5,2284
wang,5,2404
wang,5,2425
wang,5,2441
wang,5,2511
wang,5,2519
wang,5,2589
wang,5,2591
wang,5,2719
wang,5,2865
wang,5,2883
wang,5,2923
wang,5,3047
wang,5,3099
wang,5,3113
wang,5,3132
wang,5,3134
wang,5,3155
wang,5,3190
wang,5,3194
wang,5,3199
wang,5,3212
wang,5,3247
wang,5,3253
wang,5,3318
wang,5,3389
wang,5,3390
wang,5,3481
wang,5,3540
wang,5,3607
wang,5,3622
wang,5,3634
wang,5,3685
wang,5,3704
wang,5,3752
wang,5,3805
wang,5,3874
wang,5,3878
wang,5,3879
wang,5,3915
wang,5,3928
wang,5,3966
wang,5,4115
wang,5,4148
wang,5,4196
wang,5,4248
wang,5,4331
wang,5,4407
wang,5,4429
wang,5,4476
wang,5,4493
wang,5,4499
wang,5,4519
wang,5,4644
wang,5,4663
wang,5,4724
wang,5,4748
wang,5,4869
wang,5,4996
wang,5,5002
wang,5,5016
wang,5,5090
wang,5,5091
wang,5,5153
wang,5,5185
wang,5,5191
wang,5,5203
wang,5,5229
wang,5,5248
wang,5,5275
wang,5,5334
wang,5,5364
wang,5,5377
wang,5,5459
wang,5,5462
wang,5,5465
wang,5,5504
wang,5,5507
wang,5,5514
wang,5,5571
wang,5,5599
wang,5,5607
wang,5,5675
wang,5,5798
wang,5,5951
wang,5,6036
wang,5,6114
wang,5,6181
wang,5,6249
wang,5,6279
wang,5,6290
wang,5,6357
wang,5,6410
wang,5,6607
wang,5,6609
wang,5,6633
wang,5,6795
wang,5,6813
wang,5,6898
wang,5,6915
wang,5,6945
wang,5,6952
wang,5,6955
wang,5,6982
wang,5,7016
wang,5,7067
wang,5,7133
wang,5,7261
wang,5,7308
wang,5,7346
wang,5,7446
wang,5,7481
wang,5,7495
wang,5,7501
wang,5,7520
wang,5,7567
wang,5,7581
wang,5,7620
wang,5,7633
wang,5,7657
wang,5,7729
wang,5,7798
wang,5,7835
wang,5,7861
wang,5,7873
wang,5,7897
wang,5,7899
wang,5,7969
wang,5,7994
wang,5,8007
wang,5,8038
wang,5,8117
wang,5,8151
wang,5,8153
wang,5,8212
wang,5,8230
wang,5,8250
wang,5,8298
wang,5,8316
wang,5,8457
wang,5,8468
wang,5,8611
wang,5,8612
wang,5,8623
wang,5,8636
wang,5,8679
wang,5,8744
wang,5,8874
wang,5,8921
wang,5,8939
wang,5,8949
wang,5,8975
wang,5,9065
wang,5,9227
wang,5,9273
wang,5,9362
wang,5,9369
wang,5,9391
wang,5,9417
wang,5,9466
wang,5,9557
wang,5,9570
wang,5,9605
wang,5,9626
wang,5,9657
wang,5,9717
wang,5,9724
wang,5,9810
wang,5,9814
wang,5,9815
wang,5,9888
wang,5,10041
wang,5,10054
wang,5,10072
wang,5,10120
wang,5,10154
wang,5,10209
wang,5,10218
wang,5,10235
wang,5,10268
wang,5,10291
wang,5,10332
wang,5,10362
wang,5,10385
wang,5,10499
wang,5,10618
wang,5,10677
wang,5,10721
wang,5,10722
wang,5,10724
wang,5,10738
wang,5,10789
wang,5,10795
wang,5,10813
wang,5,10862
wang,5,10872
wang,5,10924
wang,5,10926
wang,5,10942
wang,5,10965
wang,5,11068
wang,5,11085
wang,5,11123
wang,5,11147
wang,5,11241
wang,5,11410
wang,5,11529
wang,5,11630
wang,5,11643
wang,5,11731
wang,5,11828
wang,5,11864
wang,5,11883
wang,5,11900
wang,5,11902
wang,5,11910
wang,5,11992
wang,5,12004
wang,5,12126
wang,5,12127
wang,5,12183
wang,5,12203
wang,5,12259
wang,5,12380
wang,5,12490
wang,5,12544
wang,5,12551
wang,5,12552
wang,5,12585
wang,5,12588
wang,5,12591
wang,5,12631
wang,5,12661
wang,5,12682
wang,5,12714
wang,5,12733
wang,5,12787
wang,5,12790
wang,5,12830
wang,5,12868
wang,5,12944
wang,5,12980
wang,5,12990
wang,5,12995
wang,5,13041
wang,5,13054
wang,5,13171
wang,5,13254
wang,5,13268
wang,5,13314
wang,5,13412
wang,5,13548
wang,5,13615
wang,5,13644
wang,5,13661
wang,5,13701
wang,5,13739
wang,5,13950
wang,5,13965
wang,5,14004
wang,5,14036
wang,5,14152
wang,5,14182
wang,5,14194
wang,5,14199
wang,6,21
wang,6,32
wang,6,62
wang,6,111
wang,6,127
wang,6,155
wang,6,214
wang,6,281
wang,6,343
wang,6,438
wang,6,451
wang,6,461
wang,6,477
wang,6,498
wang,6,550
wang,6,566
wang,6,599
wang,6,634
wang,6,837
wang,6,847
wang,6,848
wang,6,868
wang,6,894
wang,6,987
wang,6,1059
wang,6,1098
wang,6,1159
wang,6,1169
wang,6,1248
wang,6,1264
wang,6,1271
wang,6,1312
wang,6,1332
wang,6,1372
wang,6,1381
wang,6,1435
wang,6,1447
wang,6,1469
wang,6,1491
wang,6,1583
wang,6,1585
wang,6,1593
wang,6,1691
wang,6,1696
wang,6,1732
wang,6,1801
wang,6,1809
wang,6,1858
wang,6,1873
wang,6,1896
wang,6,1897
wang,6,1928
wang,6,1938
wang,6,2032
wang,6,2060
wang,6,2107
wang,6,2139
wang,6,2161
wang,6,2171
wang,6,2210
wang,6,2290
wang,6,2340
wang,6,2419
wang,6,2433
wang,6,2453
wang,6,2458
wang,6,2533
wang,6,2544
wang,6,2554
wang,6,2641
wang,6,2660
wang,6,2686
wang,6,2755
wang,6,2840
wang,6,2868
wang,6,2919
wang,6,2934
wang,6,2938
wang,6,2956
wang,6,3005
wang,6,3011
wang,6,3115
wang,6,3134
wang,6,3144
wang,6,3157
wang,6,3166
wang,6,3208
wang,6,3318
wang,6,3343
wang,6,3350
wang,6,3353
wang,6,3411
wang,6,3420
wang,6,3446
wang,6,3488
wang,6,3568
wang,6,3574
wang,6,3592
wang,6,3611
wang,6,3628
wang,6,3654
wang,6,3664
wang,6,3704
wang,6,3730
wang,6,3754
wang,6,3852
wang,6,3891
wang,6,4016
wang,6,4069
wang,6,4077
wang,6,4097
wang,6,4114
wang,6,4121
wang,6,4163
wang,6,4361
wang,6,4426
wang,6,4465
wang,6,4486
wang,6,4551
wang,6,4585
wang,6,4687
wang,6,4718
wang,6,4722
wang,6,4748
wang,6,4781
wang,6,4817
wang,6,4855
wang,6,4862
wang,6,4942
wang,6,4973
wang,6,4976
wang,6,5005
wang,6,5009
wang,6,5030
wang,6,5080
wang,6,5090
wang,6,5091
wang,6,5157
wang,6,5187
wang,6,5206
wang,6,5244
wang,6,5247
wang,6,5308
wang,6,5325
wang,6,5336
wang,6,5342
wang,6,5371
wang,6,5399
wang,6,5416
wang,6,5561
wang,6,5612
wang,6,5803
wang,6,5880
wang,6,5934
wang,6,6078
wang,6,6231
wang,6,6322
wang,6,6340
wang,6,6414
wang,6,6458
wang,6,6574
wang,6,6590
wang,6,6655
wang,6,6659
wang,6,6690
wang,6,6700
wang,6,6771
wang,6,6791
wang,6,6825
wang,6,6858
wang,6,6895
wang,6,7035
wang,6,7061
wang,6,7079
wang,6,7110
wang,6,7184
wang,6,7209
wang,6,7308
wang,6,7318
wang,6,7397
wang,6,7415
wang,6,7426
wang,6,7472
wang,6,7473
wang,6,7536
wang,6,7539
wang,6,7569
wang,6,7668
wang,6,7705
wang,6,7730
wang,6,7750
wang,6,7778
wang,6,7936
wang,6,7994
wang,6,8050
wang,6,8073
wang,6,8087
wang,6,8089
wang,6,8099
wang,6,8127
wang,6,8129
wang,6,8154
wang,6,8159
wang,6,8169
wang,6,8337
wang,6,8385
wang,6,8450
wang,6,8456
wang,6,8467
wang,6,8491
wang,6,8519
wang,6,8578
wang,6,8605
wang,6,8650
wang,6,8653
wang,6,8673
wang,6,8709
wang,6,8731
wang,6,8733
wang,6,8876
wang,6,8885
wang,6,8934
wang,6,9066
wang,6,9103
wang,6,9209
wang,6,9226
wang,6,9232
wang,6,9255
wang,6,9262
wang,6,9265
wang,6,9314
wang,6,9319
wang,6,9410
wang,6,9471
wang,6,9554
wang,6,9564
wang,6,9662
wang,6,9678
wang,6,9685
wang,6,9746
wang,6,9768
wang,6,9779
wang,6,9790
wang,6,9796
wang,6,9827
wang,6,9831
wang,6,9907
wang,6,9917
wang,6,9921
wang,6,9981
wang,6,9986
wang,6,10107
wang,6,10113
wang,6,10114
wang,6,10120
wang,6,10130
wang,6,10164
wang,6,10183
wang,6,10213
wang,6,10258
wang,6,10274
wang,6,10316
wang,6,10349
wang,6,10351
wang,6,10366
wang,6,10390
wang,6,10438
wang,6,10575
wang,6,10624
wang,6,10673
wang,6,10743
wang,6,10781
wang,6,10905
wang,6,10948
wang,6,10951
wang,6,11001
wang,6,11060
wang,6,11101
wang,6,11129
wang,6,11150
wang,6,11245
wang,6,11277
wang,6,11341
wang,6,11374
wang,6,11485
wang,6,11559
wang,6,11580
wang,6,11586
wang,6,11623
wang,6,11690
wang,6,11709
wang,6,11875
wang,6,11998
wang,6,12003
wang,6,12040
wang,6,12050
wang,6,12087
wang,6,12106
wang,6,12116
wang,6,12137
wang,6,12171
wang,6,12236
wang,6,12302
wang,6,12398
wang,6,12430
wang,6,12431
wang,6,12480
wang,6,12494
wang,6,12536
wang,6,12543
wang,6,12606
wang,6,12670
wang,6,12691
wang,6,12730
wang,6,12775
wang,6,12829
wang,6,12881
wang,6,12987
wang,6,13078
wang,6,13097
wang,6,13160
wang,6,13182
wang,6,13220
wang,6,13286
wang,6,13318
wang,6,13340
wang,6,13353
wang,6,13384
wang,6,13469
wang,6,13572
wang,6,13579
wang,6,13596
wang,6,13608
wang,6,13618
wang,6,13652
wang,6,13675
wang,6,13682
wang,6,13685
wang,6,13730
wang,6,13766
wang,6,13774
wang,6,13783
wang,6,13805
wang,6,13894
wang,6,13902
wang,6,13917
wang,6,13959
wang,6,14046
wang,6,14050
wang,6,14051
wang,6,14055
wang,6,14087
wang,6,14096
wang,6,14162
wang,6,14226
wang,6,14235
wang,6,14275
wang,6,14334
wang,7,63
wang,7,69
wang,7,147
wang,7,252
wang,7,321
wang,7,338
wang,7,398
wang,7,420
wang,7,480
wang,7,506
wang,7,580
wang,7,617
wang,7,633
wang,7,665
wang,7,708
wang,7,754
wang,7,760
wang,7,780
wang,7,813
wang,7,824
wang,7,861
wang,7,872
wang,7,913
wang,7,919
wang,7,939
wang,7,946
wang,7,957
wang,7,1112
wang,7,1117
wang,7,1127
wang,7,1155
wang,7,1227
wang,7,1277
wang,7,1290
wang,7,1342
wang,7,1390
wang,7,1427
wang,7,1450
wang,7,1454
wang,7,1477
wang,7,1491
wang,7,1698
wang,7,1812
wang,7,1838
wang,7,1851
wang,7,1963
wang,7,2137
wang,7,2307
wang,7,2308
wang,7,2341
wang,7,2369
wang,7,2370
wang,7,2375
wang,7,2448
wang,7,2471
wang,7,2472
wang,7,2488
wang,7,2497
wang,7,2524
wang,7,2536
wang,7,2553
wang,7,2613
wang,7,2687
wang,7,2722
wang,7,2728
wang,7,2736
wang,7,2765
wang,7,2816
wang,7,2833
wang,7,2872
wang,7,2879
wang,7,2899
wang,7,2925
wang,7,2932
wang,7,2933
wang,7,2956
wang,7,2964
wang,7,2968
wang,7,2975
wang,7,3007
wang,7,3035
wang,7,3118
wang,7,3125
wang,7,3149
wang,7,3200
wang,7,3203
wang,7,3209
wang,7,3252
wang,7,3253
wang,7,3261
wang,7,3276
wang,7,3304
wang,7,3305
wang,7,3343
wang,7,3361
wang,7,3367
wang,7,3440
wang,7,3519
wang,7,3555
wang,7,3562
wang,7,3574
wang,7,3626
wang,7,3724
wang,7,3741
wang,7,3818
wang,7,3828
wang,7,3852
wang,7,3866
wang,7,3886
wang,7,3888
wang,7,3893
wang,7,3921
wang,7,3947
wang,7,3971
wang,7,3995
wang,7,4009
wang,7,4179
wang,7,4216
wang,7,4288
wang,7,4304
wang,7,4332
wang,7,4353
wang,7,4355
wang,7,4405
wang,7,4490
wang,7,4583
wang,7,4593
wang,7,4632
wang,7,4633
wang,7,4695
wang,7,4703
wang,7,4716
wang,7,4738
wang,7,4787
wang,7,4791
wang,7,4810
wang,7,4817
wang,7,4889
wang,7,4929
wang,7,4946
wang,7,5004
wang,7,5010
wang,7,5037
wang,7,5071
wang,7,5082
wang,7,5211
wang,7,5228
wang,7,5239
wang,7,5304
wang,7,5313
wang,7,5322
wang,7,5362
wang,7,5387
wang,7,5393
wang,7,5446
wang,7,5505
wang,7,5556
wang,7,5595
wang,7,5597
wang,7,5623
wang,7,5685
wang,7,5709
wang,7,5738
wang,7,5796
wang,7,5798
wang,7,5969
wang,7,6085
wang,7,6091
wang,7,6132
wang,7,6205
wang,7,6228
wang,7,6273
wang,7,6322
wang,7,6502
wang,7,6535
wang,7,6553
wang,7,6597
wang,7,6599
wang,7,6600
wang,7,6803
wang,7,6827
wang,7,6900
wang,7,6904
wang,7,6962
wang,7,6963
wang,7,7004
wang,7,7031
wang,7,7102
wang,7,7193
wang,7,7211
wang,7,7212
wang,7,7244
wang,7,7266
wang,7,7273
wang,7,7289
wang,7,7322
wang,7,7377
wang,7,7406
wang,7,7478
wang,7,7497
wang,7,7582
wang,7,7601
wang,7,7636
wang,7,7733
wang,7,7829
wang,7,7835
wang,7,7847
wang,7,7864
wang,7,7873
wang,7,7921
wang,7,7943
wang,7,7974
wang,7,8059
wang,7,8196
wang,7,8243
wang,7,8297
wang,7,8302
wang,7,8307
wang,7,8424
wang,7,8437
wang,7,8565
wang,7,8571
wang,7,8669
wang,7,8728
wang,7,8769
wang,7,8811
wang,7,8815
wang,7,8821
wang,7,8829
wang,7,8850
wang,7,8865
wang,7,8964
wang,7,9023
wang,7,9081
wang,7,9090
wang,7,9150
wang,7,9272
wang,7,9292
wang,7,9300
wang,7,9314
wang,7,9321
wang,7,9340
wang,7,9371
wang,7,9403
wang,7,9448
wang,7,9564
wang,7,9565
wang,7,9639
wang,7,9703
wang,7,9716
wang,7,9727
wang,7,9730
wang,7,9750
wang,7,9816
wang,7,9831
wang,7,9872
wang,7,9940
wang,7,9961
wang,7,10014
wang,7,10156
wang,7,10190
wang,7,10191
wang,7,10220
wang,7,10280
wang,7,10322
wang,7,10345
wang,7,10370
wang,7,10401
wang,7,10422
wang,7,10481
wang,7,10520
wang,7,10592
wang,7,10622
wang,7,10691
wang,7,10729
wang,7,10806
wang,7,10834
wang,7,10842
wang,7,10866
wang,7,10935
wang,7,11025
wang,7,11035
wang,7,11048
wang,7,11056
wang,7,11067
wang,7,11098
wang,7,11113
wang,7,11126
wang,7,11163
wang,7,11201
wang,7,11205
wang,7,11354
wang,7,11393
wang,7,11417
wang,7,11439
wang,7,11447
wang,7,11468
wang,7,11478
wang,7,11484
wang,7,11532
wang,7,11542
wang,7,11596
wang,7,11695
wang,7,11744
wang,7,11747
wang,7,11764
wang,7,11774
wang,7,11810
wang,7,11990
wang,7,12012
wang,7,12014
wang,7,12090
wang,7,12281
wang,7,12287
wang,7,12297
wang,7,12408
wang,7,12548
wang,7,12609
wang,7,12668
wang,7,12686
wang,7,12719
wang,7,12765
wang,7,12769
wang,7,12770
wang,7,12784
wang,7,12791
wang,7,12806
wang,7,12811
wang,7,12845
wang,7,12856
wang,7,12859
wang,7,12869
wang,7,12910
wang,7,13003
wang,7,13042
wang,7,13052
wang,7,13070
wang,7,13111
wang,7,13114
wang,7,13166
wang,7,13184
wang,7,13214
wang,7,13305
wang,7,13365
wang,7,13472
wang,7,13527
wang,7,13573
wang,7,13616
wang,7,13679
wang,7,13730
wang,7,13775
wang,7,13797
wang,7,13874
wang,7,13875
wang,7,13900
wang,7,13907
wang,7,14015
wang,7,14018
wang,7,14030
wang,7,14067
wang,7,14081
wang,7,14107
wang,7,14146
wang,7,14175
wang,7,14181
wang,7,14206
wang,7,14273
wang,7,14297
wang,8,18
wang,8,49
wang,8,51
wang,8,64
wang,8,108
wang,8,113
wang,8,126
wang,8,128
wang,8,133
wang,8,251
wang,8,272
wang,8,287
wang,8,352
wang,8,421
wang,8,455
wang,8,471
wang,8,479
wang,8,483
wang,8,519
wang,8,547
wang,8,633
wang,8,651
wang,8,652
wang,8,689
wang,8,701
wang,8,711
wang,8,741
wang,8,770
wang,8,790
wang,8,844
wang,8,939
wang,8,941
wang,8,970
wang,8,1063
wang,8,1073
wang,8,1117
wang,8,1131
wang,8,1156
wang,8,1171
wang,8,1175
wang,8,1245
wang,8,1294
wang,8,1348
wang,8,1352
wang,8,1406
wang,8,1408
wang,8,1422
wang,8,1430
wang,8,1437
wang,8,1462
wang,8,1610
wang,8,1658
wang,8,1697
wang,8,1702
wang,8,1773
wang,8,1828
wang,8,1829
wang,8,1883
wang,8,1941
wang,8,2023
wang,8,2053
wang,8,2056
wang,8,2102
wang,8,2118
wang,8,2124
wang,8,2322
wang,8,2349
wang,8,2421
wang,8,2422
wang,8,2450
wang,8,2452
wang,8,2455
wang,8,2469
wang,8,2573
wang,8,2617
wang,8,2623
wang,8,2633
wang,8,2673
wang,8,2675
wang,8,2711
wang,8,2721
wang,8,2757
wang,8,2794
wang,8,2868
wang,8,2914
wang,8,2934
wang,8,2952
wang,8,2987
wang,8,3093
wang,8,3165
wang,8,3166
wang,8,3257
wang,8,3346
wang,8,3434
wang,8,3466
wang,8,3486
wang,8,3539
wang,8,3673
wang,8,3737
wang,8,3912
wang,8,4003
wang,8,4015
wang,8,4034
wang,8,4137
wang,8,4150
wang,8,4166
wang,8,4226
wang,8,4233
wang,8,4244
wang,8,4252
wang,8,4290
wang,8,4398
wang,8,4408
wang,8,4469
wang,8,4497
wang,8,4529
wang,8,4533
wang,8,4540
wang,8,4648
wang,8,4660
wang,8,4692
wang,8,4715
wang,8,4720
wang,8,4751
wang,8,4760
wang,8,4779
wang,8,4785
wang,8,4855
wang,8,4888
wang,8,4900
wang,8,4971
wang,8,4998
wang,8,5060
wang,8,5076
wang,8,5144
wang,8,5156
wang,8,5182
wang,8,5241
wang,8,5254
wang,8,5266
wang,8,5339
wang,8,5352
wang,8,5353
wang,8,5410
wang,8,5458
wang,8,5475
wang,8,5522
wang,8,5551
wang,8,5566
wang,8,5582
wang,8,5625
wang,8,5688
wang,8,5695
wang,8,5736
wang,8,5763
wang,8,5880
wang,8,5883
wang,8,5930
wang,8,5935
wang,8,5956
wang,8,5969
wang,8,5988
wang,8,6055
wang,8,6187
wang,8,6197
wang,8,6217
wang,8,6219
wang,8,6225
wang,8,6256
wang,8,6309
wang,8,6358
wang,8,6371
wang,8,6389
wang,8,6417
wang,8,6482
wang,8,6512
wang,8,6542
wang,8,6551
wang,8,6604
wang,8,6676
wang,8,6731
wang,8,6763
wang,8,6768
wang,8,6823
wang,8,6978
wang,8,6993
wang,8,7007
wang,8,7031
wang,8,7037
wang,8,7053
wang,8,7080
wang,8,7081
wang,8,7093
wang,8,7095
wang,8,7107
wang,8,7130
wang,8,7140
wang,8,7171
wang,8,7179
wang,8,7196
wang,8,7236
wang,8,7334
wang,8,7434
wang,8,7484
wang,8,7502
wang,8,7608
wang,8,7648
wang,8,7710
wang,8,7726
wang,8,7729
wang,8,7735
wang,8,7747
wang,8,7779
wang,8,7821
wang,8,7831
wang,8,7859
wang,8,7871
wang,8,7912
wang,8,7928
wang,8,8018
wang,8,8022
wang,8,8074
wang,8,8094
wang,8,8107
wang,8,8155
wang,8,8227
wang,8,8311
wang,8,8411
wang,8,8443
wang,8,8449
wang,8,8468
wang,8,8487
wang,8,8559
wang,8,8669
wang,8,8694
wang,8,8723
wang,8,8726
wang,8,8765
wang,8,8832
wang,8,8873
wang,8,8917
wang,8,8961
wang,8,9035
wang,8,9097
wang,8,9110
wang,8,9111
wang,8,9130
wang,8,9154
wang,8,9170
wang,8,9182
wang,8,9211
wang,8,9217
wang,8,9219
wang,8,9257
wang,8,9290
wang,8,9312
wang,8,9335
wang,8,9349
wang,8,9444
wang,8,9543
wang,8,9597
wang,8,9621
wang,8,9712
wang,8,9743
wang,8,9831
wang,8,9835
wang,8,9841
wang,8,9964
wang,8,9966
wang,8,10006
wang,8,10042
wang,8,10047
wang,8,10103
wang,8,10146
wang,8,10196
wang,8,10254
wang,8,10275
wang,8,10338
wang,8,10370
wang,8,10379
wang,8,10384
wang,8,10386
wang,8,10420
wang,8,10493
wang,8,10604
wang,8,10618
wang,8,10621
wang,8,10679
wang,8,10682
wang,8,10685
wang,8,10712
wang,8,10730
wang,8,10732
wang,8,10738
wang,8,10776
wang,8,10808
wang,8,10830
wang,8,10894
wang,8,10901
wang,8,10916
wang,8,10947
wang,8,10981
wang,8,11001
wang,8,11023
wang,8,11101
wang,8,11127
wang,8,11150
wang,8,11158
wang,8,11165
wang,8,11258
wang,8,11302
wang,8,11309
wang,8,11310
wang,8,11333
wang,8,11351
wang,8,11398
wang,8,11420
wang,8,11426
wang,8,11526
wang,8,11628
wang,8,11633
wang,8,11658
wang,8,11659
wang,8,11705
wang,8,11726
wang,8,11742
wang,8,11749
wang,8,11785
wang,8,11863
wang,8,11926
wang,8,11989
wang,8,12004
wang,8,12012
wang,8,12022
wang,8,12109
wang,8,12139
wang,8,12140
wang,8,12149
wang,8,12170
wang,8,12196
wang,8,12226
wang,8,12357
wang,8,12380
wang,8,12408
wang,8,12413
wang,8,12438
wang,8,12476
wang,8,12492
wang,8,12501
wang,8,12507
wang,8,12627
wang,8,12668
wang,8,12689
wang,8,12758
wang,8,12820
wang,8,12881
wang,8,12886
wang,8,12928
wang,8,12955
wang,8,12957
wang,8,12992
wang,8,12994
wang,8,13060
wang,8,13078
wang,8,13149
wang,8,13174
wang,8,13177
wang,8,13198
wang,8,13215
wang,8,13224
wang,8,13302
wang,8,13337
wang,8,13392
wang,8,13396
wang,8,13437
wang,8,13477
wang,8,13500
wang,8,13520
wang,8,13523
wang,8,13611
wang,8,13616
wang,8,13638
wang,8,13656
wang,8,13796
wang,8,13810
wang,8,13909
wang,8,13947
wang,8,13962
wang,8,13980
wang,8,13998
wang,8,13999
wang,8,14014
wang,8,14075
wang,8,14194
wang,8,14221
wang,8,14273
wang,8,14280
wang,8,14282
wang,8,14283
wang,8,14301
wang,8,14302
wang,8,14311
wang,8,14324
wang,8,14330
wang,9,62
wang,9,114
wang,9,179
wang,9,258
wang,9,263
wang,9,354
wang,9,455
wang,9,513
wang,9,591
wang,9,593
wang,9,613
wang,9,718
wang,9,730
wang,9,764
wang,9,779
wang,9,817
wang,9,846
wang,9,905
wang,9,931
wang,9,959
wang,9,966
wang,9,979
wang,9,1005
wang,9,1029
wang,9,1034
wang,9,1068
wang,9,1080
wang,9,1117
wang,9,1206
wang,9,1214
wang,9,1225
wang,9,1283
wang,9,1419
wang,9,1424
wang,9,1463
wang,9,1516
wang,9,1532
wang,9,1560
wang,9,1597
wang,9,1603
wang,9,1690
wang,9,1718
wang,9,1793
wang,9,1853
wang,9,1907
wang,9,1985
wang,9,2008
wang,9,2034
wang,9,2039
wang,9,2078
wang,9,2095
wang,9,2122
wang,9,2134
wang,9,2179
wang,9,2208
wang,9,2243
wang,9,2280
wang,9,2339
wang,9,2387
wang,9,2491
wang,9,2513
wang,9,2539
wang,9,2541
wang,9,2558
wang,9,2602
wang,9,2666
wang,9,2764
wang,9,2807
wang,9,2814
wang,9,2818
wang,9,2845
wang,9,2868
wang,9,2896
wang,9,2927
wang,9,2996
wang,9,3039
wang,9,3061
wang,9,3091
wang,9,3098
wang,9,3107
wang,9,3144
wang,9,3158
wang,9,3225
wang,9,3247
wang,9,3262
wang,9,3296
wang,9,3299
wang,9,3354
wang,9,3386
wang,9,3421
wang,9,3434
wang,9,3468
wang,9,3489
wang,9,3497
wang,9,3535
wang,9,3562
wang,9,3570
wang,9,3674
wang,9,3761
wang,9,3763
wang,9,3774
wang,9,3791
wang,9,3857
wang,9,3884
wang,9,3895
wang,9,3929
wang,9,3984
wang,9,4004
wang,9,4058
wang,9,4092
wang,9,4297
wang,9,4390
wang,9,4435
wang,9,4537
wang,9,4562
wang,9,4569
wang,9,4594
wang,9,4597
wang,9,4690
wang,9,4704
wang,9,4716
wang,9,4856
wang,9,4864
wang,9,4935
wang,9,4944
wang,9,4980
wang,9,4990
wang,9,5060
wang,9,5069
wang,9,5077
wang,9,5127
wang,9,5184
wang,9,5236
wang,9,5305
wang,9,5349
wang,9,5403
wang,9,5406
wang,9,5423
wang,9,5461
wang,9,5464
wang,9,5495
wang,9,5509
wang,9,5535
wang,9,5579
wang,9,5594
wang,9,5670
wang,9,5679
wang,9,5714
wang,9,5766
wang,9,5779
wang,9,5783
wang,9,5802
wang,9,5813
wang,9,5853
wang,9,5854
wang,9,5867
wang,9,5887
wang,9,5899
wang,9,5900
wang,9,5914
wang,9,5924
wang,9,5952
wang,9,5988
wang,9,5994
wang,9,6033
wang,9,6042
wang,9,6064
wang,9,6091
wang,9,6116
wang,9,6129
wang,9,6160
wang,9,6176
wang,9,6185
wang,9,6197
wang,9,6236
wang,9,6241
wang,9,6242
wang,9,6280
wang,9,6294
wang,9,6413
wang,9,6453
wang,9,6481
wang,9,6486
wang,9,6496
wang,9,6500
wang,9,6505
wang,9,6525
wang,9,6532
wang,9,6574
wang,9,6610
wang,9,6705
wang,9,6724
wang,9,6726
wang,9,6730
wang,9,6777
wang,9,6797
wang,9,6873
wang,9,6889
wang,9,6922
wang,9,6992
wang,9,7037
wang,9,7057
wang,9,7093
wang,9,7129
wang,9,7155
wang,9,7157
wang,9,7274
wang,9,7310
wang,9,7326
wang,9,7363
wang,9,7365
wang,9,7400
wang,9,7408
wang,9,7455
wang,9,7507
wang,9,7520
wang,9,7530
wang,9,7544
wang,9,7611
wang,9,7631
wang,9,7636
wang,9,7640
wang,9,7652
wang,9,7653
wang,9,7688
wang,9,7699
wang,9,7746
wang,9,7779
wang,9,7786
wang,9,7787
wang,9,7809
wang,9,7874
wang,9,7900
wang,9,7913
wang,9,7918
wang,9,7975
wang,9,7986
wang,9,8020
wang,9,8034
wang,9,8045
wang,9,8193
wang,9,8197
wang,9,8224
wang,9,8233
wang,9,8386
wang,9,8468
wang,9,8531
wang,9,8548
wang,9,8561
wang,9,8587
wang,9,8590
wang,9,8617
wang,9,8691
wang,9,8698
wang,9,8728
wang,9,8773
wang,9,8785
wang,9,8804
wang,9,8989
wang,9,8992
wang,9,8993
wang,9,9086
wang,9,9172
wang,9,9175
wang,9,9199
wang,9,9299
wang,9,9306
wang,9,9325
wang,9,9339
wang,9,9357
wang,9,9368
wang,9,9420
wang,9,9439
wang,9,9469
wang,9,9473
wang,9,9474
wang,9,9493
wang,9,9494
wang,9,9519
wang,9,9529
wang,9,9563
wang,9,9608
wang,9,9645
wang,9,9660
wang,9,9677
wang,9,9693
wang,9,9771
wang,9,9787
wang,9,9799
wang,9,9824
wang,9,9826
wang,9,9836
wang,9,9879
wang,9,9912
wang,9,9945
wang,9,9962
wang,9,10020
wang,9,10027
wang,9,10071
wang,9,10073
wang,9,10112
wang,9,10148
wang,9,10163
wang,9,10206
wang,9,10237
wang,9,10310
wang,9,10340
wang,9,10368
wang,9,10496
wang,9,10519
wang,9,10542
wang,9,10569
wang,9,10570
wang,9,10575
wang,9,10640
wang,9,10665
wang,9,10689
wang,9,10735
wang,9,10763
wang,9,10774
wang,9,10820
wang,9,10846
wang,9,10865
wang,9,10888
wang,9,10889
wang,9,10956
wang,9,10961
wang,9,10963
wang,9,10979
wang,9,11016
wang,9,11047
wang,9,11075
wang,9,11076
wang,9,11137
wang,9,11163
wang,9,11234
wang,9,11245
wang,9,11279
wang,9,11299
wang,9,11327
wang,9,11449
wang,9,11472
wang,9,11506
wang,9,11527
wang,9,11537
wang,9,11543
wang,9,11556
wang,9,11570
wang,9,11582
wang,9,11633
wang,9,11676
wang,9,11741
wang,9,11793
wang,9,11825
wang,9,11865
wang,9,11897
wang,9,11936
wang,9,11978
wang,9,11982
wang,9,11998
wang,9,12002
wang,9,12003
wang,9,12007
wang,9,12065
wang,9,12110
wang,9,12216
wang,9,12246
wang,9,12338
wang,9,12367
wang,9,12379
wang,9,12549
wang,9,12608
wang,9,12629
wang,9,12703
wang,9,12731
wang,9,12869
wang,9,12936
wang,9,12955
wang,9,12986
wang,9,12991
wang,9,12995
wang,9,13043
wang,9,13055
wang,9,13068
wang,9,13086
wang,9,13133
wang,9,13170
wang,9,13176
wang,9,13273
wang,9,13296
wang,9,13316
wang,9,13345
wang,9,13381
wang,9,13382
wang,9,13403
wang,9,13495
wang,9,13512
wang,9,13554
wang,9,13594
wang,9,13602
wang,9,13608
wang,9,13622
wang,9,13626
wang,9,13647
wang,9,13689
wang,9,13717
wang,9,13734
wang,9,13753
wang,9,13778
wang,9,13886
wang,9,13889
wang,9,13952
wang,9,14031
wang,9,14104
wang,9,14178
wang,9,14265
wang,9,14278
wang,9,14296
wang,10,72
wang,10,75
wang,10,119
wang,10,145
wang,10,158
wang,10,184
wang,10,247
wang,10,259
wang,10,260
wang,10,326
wang,10,416
wang,10,427
wang,10,578
wang,10,624
wang,10,631
wang,10,715
wang,10,738
wang,10,762
wang,10,782
wang,10,802
wang,10,817
wang,10,861
wang,10,878
wang,10,920
wang,10,954
wang,10,1024
wang,10,1081
wang,10,1091
wang,10,1153
wang,10,1288
wang,10,1297
wang,10,1327
wang,10,1392
wang,10,1431
wang,10,1451
wang,10,1494
wang,10,1543
wang,10,1579
wang,10,1584
wang,10,1587
wang,10,1624
wang,10,1648
wang,10,1839
wang,10,1863
wang,10,1880
wang,10,1906
wang,10,1960
wang,10,1973
wang,10,1979
wang,10,1984
wang,10,2005
wang,10,2049
wang,10,2077
wang,10,2199
wang,10,2206
wang,10,2238
wang,10,2277
wang,10,2317
wang,10,2324
wang,10,2348
wang,10,2367
wang,10,2375
wang,10,2396
wang,10,2404
wang,10,2437
wang,10,2441
wang,10,2451
wang,10,2479
wang,10,2489
wang,10,2610
wang,10,2652
wang,10,2667
wang,10,2694
wang,10,2698
wang,10,2702
wang,10,2746
wang,10,2809
wang,10,2828
wang,10,2832
wang,10,2845
wang,10,2855
wang,10,2983
wang,10,2999
wang,10,3056
wang,10,3083
wang,10,3100
wang,10,3147
wang,10,3203
wang,10,3206
wang,10,3292
wang,10,3406
wang,10,3463
wang,10,3468
wang,10,3522
wang,10,3534
wang,10,3601
wang,10,3609
wang,10,3729
wang,10,3745
wang,10,3809
wang,10,3905
wang,10,3915
wang,10,3942
wang,10,3973
wang,10,3978
wang,10,4013
wang,10,4036
wang,10,4123
wang,10,4171
wang,10,4199
wang,10,4205
wang,10,4259
wang,10,4282
wang,10,4304
wang,10,4385
wang,10,4386
wang,10,4388
wang,10,4403
wang,10,4414
wang,10,4530
wang,10,4542
wang,10,4562
wang,10,4575
wang,10,4579
wang,10,4604
wang,10,4610
wang,10,4697
wang,10,4701
wang,10,4795
wang,10,4828
wang,10,4857
wang,10,4903
wang,10,4913
wang,10,4978
wang,10,4988
wang,10,4993
wang,10,5005
wang,10,5025
wang,10,5094
wang,10,5125
wang,10,5157
wang,10,5188
wang,10,5191
wang,10,5203
wang,10,5264
wang,10,5322
wang,10,5324
wang,10,5350
wang,10,5358
wang,10,5370
wang,10,5396
wang,10,5437
wang,10,5468
wang,10,5472
wang,10,5481
wang,10,5561
wang,10,5563
wang,10,5567
wang,10,5577
wang,10,5739
wang,10,5755
wang,10,5765
wang,10,5766
wang,10,5796
wang,10,5803
wang,10,5928
wang,10,5989
wang,10,6026
wang,10,6096
wang,10,6143
wang,10,6185
wang,10,6210
wang,10,6230
wang,10,6233
wang,10,6326
wang,10,6343
wang,10,6347
wang,10,6362
wang,10,6399
wang,10,6412
wang,10,6415
wang,10,6423
wang,10,6441
wang,10,6485
wang,10,6504
wang,10,6516
wang,10,6567
wang,10,6634
wang,10,6699
wang,10,6704
wang,10,6766
wang,10,6847
wang,10,6962
wang,10,6967
wang,10,7015
wang,10,7028
wang,10,7086
wang,10,7127
wang,10,7194
wang,10,7255
wang,10,7260
wang,10,7305
wang,10,7310
wang,10,7313
wang,10,7384
wang,10,7411
wang,10,7434
wang,10,7452
wang,10,7469
wang,10,7542
wang,10,7653
wang,10,7767
wang,10,7803
wang,10,7831
wang,10,7850
wang,10,7964
wang,10,7991
wang,10,8038
wang,10,8120
wang,10,8140
wang,10,8182
wang,10,8210
wang,10,8224
wang,10,8268
wang,10,8289
wang,10,8297
wang,10,8299
wang,10,8332
wang,10,8367
wang,10,8392
wang,10,8445
wang,10,8462
wang,10,8469
wang,10,8492
wang,10,8551
wang,10,8590
wang,10,8628
wang,10,8664
wang,10,8669
wang,10,8682
wang,10,8730
wang,10,8740
wang,10,8741
wang,10,8791
wang,10,8855
wang,10,8999
wang,10,9006
wang,10,9053
wang,10,9064
wang,10,9088
wang,10,9103
wang,10,9132
wang,10,9153
wang,10,9196
wang,10,9202
wang,10,9229
wang,10,9259
wang,10,9265
wang,10,9267
wang,10,9282
wang,10,9313
wang,10,9359
wang,10,9366
wang,10,9378
wang,10,9395
wang,10,9538
wang,10,9693
wang,10,9696
wang,10,9717
wang,10,9737
wang,10,9746
wang,10,9798
wang,10,9839
wang,10,9910
wang,10,9936
wang,10,9946
wang,10,9997
wang,10,10028
wang,10,10032
wang,10,10072
wang,10,10108
wang,10,10165
wang,10,10188
wang,10,10243
wang,10,10245
wang,10,10254
wang,10,10259
wang,10,10368
wang,10,10415
wang,10,10423
wang,10,10433
wang,10,10439
wang,10,10462
wang,10,10468
wang,10,10474
wang,10,10524
wang,10,10551
wang,10,10573
wang,10,10585
wang,10,10635
wang,10,10715
wang,10,10752
wang,10,10759
wang,10,10776
wang,10,10835
wang,10,10846
wang,10,10862
wang,10,10882
wang,10,10890
wang,10,10924
wang,10,10925
wang,10,10943
wang,10,11000
wang,10,11128
wang,10,11139
wang,10,11141
wang,10,11162
wang,10,11190
wang,10,11210
wang,10,11219
wang,10,11233
wang,10,11239
wang,10,11252
wang,10,11258
wang,10,11333
wang,10,11349
wang,10,11375
wang,10,11397
wang,10,11412
wang,10,11503
wang,10,11578
wang,10,11611
wang,10,11706
wang,10,11707
wang,10,11711
wang,10,11723
wang,10,11758
wang,10,11870
wang,10,11871
wang,10,11886
wang,10,11889
wang,10,11902
wang,10,12268
wang,10,12270
wang,10,12281
wang,10,12289
wang,10,12323
wang,10,12359
wang,10,12411
wang,10,12441
wang,10,12445
wang,10,12567
wang,10,12573
wang,10,12591
wang,10,12616
wang,10,12626
wang,10,12642
wang,10,12645
wang,10,12709
wang,10,12876
wang,10,12888
wang,10,12910
wang,10,13020
wang,10,13025
wang,10,13031
wang,10,13069
wang,10,13241
wang,10,13252
wang,10,13269
wang,10,13294
wang,10,13328
wang,10,13344
wang,10,13383
wang,10,13410
wang,10,13422
wang,10,13441
wang,10,13456
wang,10,13554
wang,10,13583
wang,10,13605
wang,10,13612
wang,10,13645
wang,10,13707
wang,10,13729
wang,10,13777
wang,10,13846
wang,10,13860
wang,10,13870
wang,10,13895
wang,10,13966
wang,10,13993
wang,10,14004
wang,10,14054
wang,10,14055
wang,10,14087
wang,10,14137
wang,10,14167
wang,10,14258
wang,10,14275
wang,10,14295
wang,10,14328
wang,10,14329
wang,11,19
wang,11,77
wang,11,78
wang,11,82
wang,11,86
wang,11,98
wang,11,126
wang,11,187
wang,11,207
wang,11,245
wang,11,292
wang,11,322
wang,11,389
wang,11,412
wang,11,434
wang,11,478
wang,11,576
wang,11,643
wang,11,653
wang,11,655
wang,11,674
wang,11,699
wang,11,715
wang,11,763
wang,11,767
wang,11,776
wang,11,792
wang,11,828
wang,11,836
wang,11,846
wang,11,854
wang,11,879
wang,11,886
wang,11,898
wang,11,939
wang,11,976
wang,11,1009
wang,11,1018
wang,11,1076
wang,11,1164
wang,11,1174
wang,11,1209
wang,11,1223
wang,11,1235
wang,11,1241
wang,11,1254
wang,11,1264
wang,11,1292
wang,11,1343
wang,11,1369
wang,11,1395
wang,11,1397
wang,11,1412
wang,11,1468
wang,11,1502
wang,11,1524
wang,11,1623
wang,11,1683
wang,11,1706
wang,11,1756
wang,11,1781
wang,11,1792
wang,11,1794
wang,11,1903
wang,11,1928
wang,11,1958
wang,11,2026
wang,11,2053
wang,11,2166
wang,11,2170
wang,11,2198
wang,11,2254
wang,11,2304
wang,11,2370
wang,11,2390
wang,11,2400
wang,11,2406
wang,11,2512
wang,11,2582
wang,11,2590
wang,11,2620
wang,11,2723
wang,11,2741
wang,11,2753
wang,11,2819
wang,11,2845
wang,11,2885
wang,11,2920
wang,11,2946
wang,11,2966
wang,11,3032
wang,11,3048
wang,11,3082
wang,11,3113
wang,11,3205
wang,11,3213
wang,11,3228
wang,11,3328
wang,11,3360
wang,11,3367
wang,11,3553
wang,11,3619
wang,11,3638
wang,11,3645
wang,11,3650
wang,11,3674
wang,11,3679
wang,11,3695
wang,11,3705
wang,11,3741
wang,11,3760
wang,11,3785
wang,11,3811
wang,11,3834
wang,11,3839
wang,11,3892
wang,11,3927
wang,11,3942
wang,11,3946
wang,11,3953
wang,11,3969
wang,11,4034
wang,11,4035
wang,11,4088
wang,11,4141
wang,11,4145
wang,11,4146
wang,11,4197
wang,11,4227
wang,11,4258
wang,11,4273
wang,11,4507
wang,11,4633
wang,11,4654
wang,11,4663
wang,11,4682
wang,11,4778
wang,11,4843
wang,11,4844
wang,11,4846
wang,11,4924
wang,11,4963
wang,11,4999
wang,11,5077
wang,11,5104
wang,11,5137
wang,11,5147
wang,11,5151
wang,11,5159
wang,11,5230
wang,11,5231
wang,11,5236
wang,11,5288
wang,11,5290
wang,11,5315
wang,11,5327
wang,11,5348
wang,11,5376
wang,11,5408
wang,11,5412
wang,11,5469
wang,11,5471
wang,11,5499
wang,11,5500
wang,11,5508
wang,11,5532
wang,11,5560
wang,11,5612
wang,11,5652
wang,11,5675
wang,11,5737
wang,11,5828
wang,11,5839
wang,11,5877
wang,11,5885
wang,11,5901
wang,11,5960
wang,11,5996
wang,11,5999
wang,11,6031
wang,11,6070
wang,11,6137
wang,11,6148
wang,11,6169
wang,11,6212
wang,11,6281
wang,11,6293
wang,11,6302
wang,11,6344
wang,11,6353
wang,11,6367
wang,11,6383
wang,11,6490
wang,11,6491
wang,11,6502
wang,11,6582
wang,11,6632
wang,11,6646
wang,11,6658
wang,11,6674
wang,11,6691
wang,11,6729
wang,11,6731
wang,11,6737
wang,11,6766
wang,11,6786
wang,11,6821
wang,11,6841
wang,11,6852
wang,11,6869
wang,11,6903
wang,11,6907
wang,11,6911
wang,11,6962
wang,11,7011
wang,11,7015
wang,11,7027
wang,11,7057
wang,11,7064
wang,11,7094
wang,11,7106
wang,11,7300
wang,11,7352
wang,11,7364
wang,11,7395
wang,11,7494
wang,11,7508
wang,11,7616
wang,11,7641
wang,11,7643
wang,11,7661
wang,11,7693
wang,11,7745
wang,11,7761
wang,11,7779
wang,11,7803
wang,11,7809
wang,11,7886
wang,11,7891
wang,11,7912
wang,11,7922
wang,11,7934
wang,11,7993
wang,11,8016
wang,11,8034
wang,11,8113
wang,11,8154
wang,11,8191
wang,11,8260
wang,11,8282
wang,11,8285
wang,11,8286
wang,11,8304
wang,11,8344
wang,11,8348
wang,11,8390
wang,11,8407
wang,11,8482
wang,11,8494
wang,11,8536
wang,11,8562
wang,11,8655
wang,11,8703
wang,11,8738
wang,11,8784
wang,11,8826
wang,11,8888
wang,11,8898
wang,11,8930
wang,11,8989
wang,11,9020
wang,11,9045
wang,11,9057
wang,11,9143
wang,11,9184
wang,11,9192
wang,11,9232
wang,11,9254
wang,11,9342
wang,11,9400
wang,11,9460
wang,11,9493
wang,11,9563
wang,11,9566
wang,11,9584
wang,11,9593
wang,11,9728
wang,11,9730
wang,11,9984
wang,11,10027
wang,11,10047
wang,11,10078
wang,11,10081
wang,11,10085
wang,11,10096
wang,11,10189
wang,11,10198
wang,11,10238
wang,11,10274
wang,11,10333
wang,11,10368
wang,11,10380
wang,11,10469
wang,11,10522
wang,11,10535
wang,11,10598
wang,11,10724
wang,11,10738
wang,11,10812
wang,11,10850
wang,11,10880
wang,11,10891
wang,11,10930
wang,11,10949
wang,11,10998
wang,11,11063
wang,11,11104
wang,11,11119
wang,11,11120
wang,11,11154
wang,11,11181
wang,11,11287
wang,11,11330
wang,11,11372
wang,11,11380
wang,11,11390
wang,11,11459
wang,11,11465
wang,11,11498
wang,11,11523
wang,11,11552
wang,11,11563
wang,11,11648
wang,11,11679
wang,11,11710
wang,11,11798
wang,11,11850
wang,11,11918
wang,11,11923
wang,11,11928
wang,11,11949
wang,11,12014
wang,11,12058
wang,11,12087
wang,11,12126
wang,11,12177
wang,11,12192
wang,11,12239
wang,11,12241
wang,11,12269
wang,11,12284
wang,11,12290
wang,11,12308
wang,11,12363
wang,11,12385
wang,11,12394
wang,11,12396
wang,11,12405
wang,11,12417
wang,11,12457
wang,11,12492
wang,11,12513
wang,11,12529
wang,11,12555
wang,11,12621
wang,11,12633
wang,11,12673
wang,11,12699
wang,11,12789
wang,11,12803
wang,11,12807
wang,11,12855
wang,11,12875
wang,11,12917
wang,11,12920
wang,11,13008
wang,11,13057
wang,11,13078
wang,11,13107
wang,11,13168
wang,11,13173
wang,11,13196
wang,11,13223
wang,11,13241
wang,11,13284
wang,11,13417
wang,11,13442
wang,11,13456
wang,11,13460
wang,11,13462
wang,11,13464
wang,11,13544
wang,11,13551
wang,11,13560
wang,11,13565
wang,11,13691
wang,11,13788
wang,11,13904
wang,11,13919
wang,11,13941
wang,11,13958
wang,11,13963
wang,11,13995
wang,11,14011
wang,11,14049
wang,11,14050
wang,11,14059
wang,11,14069
wang,11,14113
wang,11,14146
wang,11,14234
wang,11,14245
wang,11,14271
wang,11,14274
wang,11,14314
wang,12,5
wang,12,26
wang,12,30
wang,12,35
wang,12,99
wang,12,224
wang,12,231
wang,12,234
wang,12,245
wang,12,247
wang,12,259
wang,12,299
wang,12,336
wang,12,354
wang,12,360
wang,12,425
wang,12,499
wang,12,504
wang,12,546
wang,12,595
wang,12,684
wang,12,696
wang,12,707
wang,12,737
wang,12,761
wang,12,771
wang,12,798
wang,12,823
wang,12,833
wang,12,845
wang,12,858
wang,12,924
wang,12,1002
wang,12,1122
wang,12,1187
wang,12,1193
wang,12,1195
wang,12,1196
wang,12,1225
wang,12,1255
wang,12,1262
wang,12,1314
wang,12,1331
wang,12,1334
wang,12,1340
wang,12,1439
wang,12,1444
wang,12,1481
wang,12,1489
wang,12,1493
wang,12,1497
wang,12,1505
wang,12,1510
wang,12,1539
wang,12,1563
wang,12,1775
wang,12,1782
wang,12,1810
wang,12,1815
wang,12,1824
wang,12,1873
wang,12,1935
wang,12,1952
wang,12,2014
wang,12,2015
wang,12,2101
wang,12,2119
wang,12,2141
wang,12,2156
wang,12,2176
wang,12,2198
wang,12,2219
wang,12,2243
wang,12,2254
wang,12,2263
wang,12,2335
wang,12,2354
wang,12,2364
wang,12,2381
wang,12,2397
wang,12,2402
wang,12,2413
wang,12,2535
wang,12,2571
wang,12,2577
wang,12,2678
wang,12,2691
wang,12,2711
wang,12,2860
wang,12,2878
wang,12,2886
wang,12,2910
wang,12,2963
wang,12,2987
wang,12,2997
wang,12,3018
wang,12,3088
wang,12,3107
wang,12,3128
wang,12,3236
wang,12,3244
wang,12,3267
wang,12,3298
wang,12,3299
wang,12,3350
wang,12,3361
wang,12,3375
wang,12,3404
wang,12,3506
wang,12,3532
wang,12,3544
wang,12,3545
wang,12,3588
wang,12,3601
wang,12,3635
wang,12,3686
wang,12,3693
wang,12,3700
wang,12,3734
wang,12,3747
wang,12,3779
wang,12,3794
wang,12,3838
wang,12,3851
wang,12,3885
wang,12,3900
wang,12,3929
wang,12,3959
wang,12,3967
wang,12,4005
wang,12,4011
wang,12,4019
wang,12,4023
wang,12,4024
wang,12,4065
wang,12,4127
wang,12,4149
wang,12,4182
wang,12,4214
wang,12,4247
wang,12,4277
wang,12,4293
wang,12,4453
wang,12,4498
wang,12,4515
wang,12,4537
wang,12,4557
wang,12,4611
wang,12,4626
wang,12,4661
wang,12,4688
wang,12,4744
wang,12,4762
wang,12,4768
wang,12,4778
wang,12,4809
wang,12,4851
wang,12,4856
wang,12,4888
wang,12,4918
wang,12,4940
wang,12,4974
wang,12,4992
wang,12,5006
wang,12,5139
wang,12,5207
wang,12,5275
wang,12,5277
wang,12,5287
wang,12,5312
wang,12,5324
wang,12,5450
wang,12,5460
wang,12,5461
wang,12,5496
wang,12,5503
wang,12,5504
wang,12,5536
wang,12,5540
wang,12,5614
wang,12,5624
wang,12,5632
wang,12,5796
wang,12,5831
wang,12,5909
wang,12,5913
wang,12,5919
wang,12,5946
wang,12,6030
wang,12,6063
wang,12,6081
wang,12,6119
wang,12,6137
wang,12,6175
wang,12,6190
wang,12,6193
wang,12,6277
wang,12,6279
wang,12,6281
wang,12,6292
wang,12,6304
wang,12,6390
wang,12,6447
wang,12,6448
wang,12,6491
wang,12,6525
wang,12,6581
wang,12,6618
wang,12,6643
wang,12,6649
wang,12,6689
wang,12,6692
wang,12,6774
wang,12,6792
wang,12,6821
wang,12,6851
wang,12,6904
wang,12,6950
wang,12,6966
wang,12,7033
wang,12,7063
wang,12,7070
wang,12,7221
wang,12,7259
wang,12,7294
wang,12,7298
wang,12,7342
wang,12,7349
wang,12,7382
wang,12,7433
wang,12,7467
wang,12,7532
wang,12,7551
wang,12,7557
wang,12,7568
wang,12,7623
wang,12,7632
wang,12,7660
wang,12,7676
wang,12,7721
wang,12,7752
wang,12,7766
wang,12,7781
wang,12,7793
wang,12,7805
wang,12,7844
wang,12,7888
wang,12,7896
wang,12,7978
wang,12,8032
wang,12,8042
wang,12,8097
wang,12,8198
wang,12,8238
wang,12,8240
wang,12,8243
wang,12,8250
wang,12,8258
wang,12,8319
wang,12,8386
wang,12,8397
wang,12,8419
wang,12,8422
wang,12,8455
wang,12,8459
wang,12,8512
wang,12,8568
wang,12,8595
wang,12,8705
wang,12,8859
wang,12,8895
wang,12,8929
wang,12,8947
wang,12,8978
wang,12,9000
wang,12,9004
wang,12,9035
wang,12,9085
wang,12,9114
wang,12,9129
wang,12,9142
wang,12,9150
wang,12,9229
wang,12,9245
wang,12,9247
wang,12,9254
wang,12,9258
wang,12,9266
wang,12,9288
wang,12,9303
wang,12,9409
wang,12,9444
wang,12,9455
wang,12,9467
wang,12,9533
wang,12,9565
wang,12,9573
wang,12,9581
wang,12,9587
wang,12,9673
wang,12,9772
wang,12,9777
wang,12,9795
wang,12,9797
wang,12,9799
wang,12,9804
wang,12,9841
wang,12,9860
wang,12,9906
wang,12,10016
wang,12,10029
wang,12,10051
wang,12,10100
wang,12,10107
wang,12,10151
wang,12,10154
wang,12,10174
wang,12,10277
wang,12,10334
wang,12,10381
wang,12,10397
wang,12,10480
wang,12,10580
wang,12,10591
wang,12,10629
wang,12,10670
wang,12,10690
wang,12,10705
wang,12,10746
wang,12,10793
wang,12,10807
wang,12,10813
wang,12,10867
wang,12,10889
wang,12,10943
wang,12,10984
wang,12,10989
wang,12,11123
wang,12,11148
wang,12,11155
wang,12,11250
wang,12,11262
wang,12,11445
wang,12,11472
wang,12,11477
wang,12,11496
wang,12,11607
wang,12,11610
wang,12,11727
wang,12,11781
wang,12,11785
wang,12,11794
wang,12,11799
wang,12,11823
wang,12,11872
wang,12,11873
wang,12,11927
wang,12,12004
wang,12,12065
wang,12,12099
wang,12,12166
wang,12,12205
wang,12,12281
wang,12,12301
wang,12,12306
wang,12,12327
wang,12,12410
wang,12,12431
wang,12,12472
wang,12,12483
wang,12,12490
wang,12,12500
wang,12,12503
wang,12,12521
wang,12,12530
wang,12,12565
wang,12,12584
wang,12,12591
wang,12,12701
wang,12,12739
wang,12,12753
wang,12,12763
wang,12,12793
wang,12,12812
wang,12,12871
wang,12,12892
wang,12,12900
wang,12,12935
wang,12,13011
wang,12,13034
wang,12,13048
wang,12,13053
wang,12,13073
wang,12,13074
wang,12,13159
wang,12,13198
wang,12,13217
wang,12,13237
wang,12,13291
wang,12,13368
wang,12,13395
wang,12,13422
wang,12,13485
wang,12,13498
wang,12,13508
wang,12,13513
wang,12,13539
wang,12,13542
wang,12,13555
wang,12,13568
wang,12,13588
wang,12,13622
wang,12,13654
wang,12,13727
wang,12,13738
wang,12,13756
wang,12,13783
wang,12,13789
wang,12,13821
wang,12,13838
wang,12,13852
wang,12,13867
wang,12,13868
wang,12,13909
wang,12,13916
wang,12,13954
wang,12,14001
wang,12,14051
wang,12,14103
wang,12,14129
wang,12,14208
wang,12,14235
wang,12,14269
wang,12,14283
wang,12,14296
wang,12,14309
wang,12,14318
wang,12,14329
wang,13,37
wang,13,44
wang,13,54
wang,13,157
wang,13,179
wang,13,202
wang,13,237
wang,13,272
wang,13,307
wang,13,370
wang,13,394
wang,13,411
wang,13,424
wang,13,426
wang,13,480
wang,13,528
wang,13,594
wang,13,599
wang,13,614
wang,13,667
wang,13,729
wang,13,750
wang,13,766
wang,13,818
wang,13,853
wang,13,883
wang,13,884
wang,13,954
wang,13,1047
wang,13,1057
wang,13,1075
wang,13,1076
wang,13,1110
wang,13,1120
wang,13,1128
wang,13,1134
wang,13,1187
wang,13,1199
wang,13,1240
wang,13,1274
wang,13,1301
wang,13,1317
wang,13,1350
wang,13,1378
wang,13,1385
wang,13,1421
wang,13,1436
wang,13,1472
wang,13,1527
wang,13,1528
wang,13,1572
wang,13,1613
wang,13,1623
wang,13,1640
wang,13,1679
wang,13,1680
wang,13,1719
wang,13,1745
wang,13,1781
wang,13,1790
wang,13,1816
wang,13,1828
wang,13,1856
wang,13,1879
wang,13,1880
wang,13,1917
wang,13,1922
wang,13,1953
wang,13,1975
wang,13,1991
wang,13,2033
wang,13,2041
wang,13,2050
wang,13,2072
wang,13,2073
wang,13,2113
wang,13,2145
wang,13,2169
wang,13,2212
wang,13,2251
wang,13,2272
wang,13,2286
wang,13,2361
wang,13,2372
wang,13,2417
wang,13,2462
wang,13,2516
wang,13,2523
wang,13,2532
wang,13,2546
wang,13,2550
wang,13,2575
wang,13,2619
wang,13,2654
wang,13,2721
wang,13,2747
wang,13,2787
wang,13,2797
wang,13,2817
wang,13,2830
wang,13,2837
wang,13,2844
wang,13,2847
wang,13,2862
wang,13,2884
wang,13,2894
wang,13,2926
wang,13,2979
wang,13,3046
wang,13,3069
wang,13,3112
wang,13,3187
wang,13,3237
wang,13,3240
wang,13,3270
wang,13,3368
wang,13,3422
wang,13,3557
wang,13,3662
wang,13,3783
wang,13,3843
wang,13,3898
wang,13,3914
wang,13,4016
wang,13,4027
wang,13,4036
wang,13,4038
wang,13,4067
wang,13,4081
wang,13,4114
wang,13,4131
wang,13,4231
wang,13,4274
wang,13,4297
wang,13,4325
wang,13,4337
wang,13,4381
wang,13,4389
wang,13,4411
wang,13,4418
wang,13,4475
wang,13,4478
wang,13,4483
wang,13,4558
wang,13,4664
wang,13,4700
wang,13,4703
wang,13,4707
wang,13,4737
wang,13,4831
wang,13,4867
wang,13,4931
wang,13,4959
wang,13,4961
wang,13,5004
wang,13,5097
wang,13,5109
wang,13,5117
wang,13,5167
wang,13,5172
wang,13,5317
wang,13,5320
wang,13,5324
wang,13,5337
wang,13,5349
wang,13,5366
wang,13,5383
wang,13,5410
wang,13,5428
wang,13,5441
wang,13,5529
wang,13,5534
wang,13,5538
wang,13,5551
wang,13,5571
wang,13,5650
wang,13,5706
wang,13,5711
wang,13,5739
wang,13,5751
wang,13,5798
wang,13,5808
wang,13,5818
wang,13,5839
wang,13,5856
wang,13,6007
wang,13,6050
wang,13,6063
wang,13,6091
wang,13,6099
wang,13,6212
wang,13,6235
wang,13,6295
wang,13,6383
wang,13,6391
wang,13,6419
wang,13,6468
wang,13,6497
wang,13,6504
wang,13,6552
wang,13,6553
wang,13,6677
wang,13,6726
wang,13,6764
wang,13,6771
wang,13,6854
wang,13,6888
wang,13,6972
wang,13,6989
wang,13,6998
wang,13,7008
wang,13,7032
wang,13,7068
wang,13,7111
wang,13,7113
wang,13,7144
wang,13,7177
wang,13,7283
wang,13,7307
wang,13,7395
wang,13,7429
wang,13,7494
wang,13,7554
wang,13,7580
wang,13,7588
wang,13,7617
wang,13,7652
wang,13,7653
wang,13,7705
wang,13,7727
wang,13,7742
wang,13,7755
wang,13,7787
wang,13,7821
wang,13,7826
wang,13,7834
wang,13,7846
wang,13,7904
wang,13,7912
wang,13,7913
wang,13,7964
wang,13,7970
wang,13,7983
wang,13,8018
wang,13,8046
wang,13,8047
wang,13,8056
wang,13,8076
wang,13,8082
wang,13,8139
wang,13,8145
wang,13,8228
wang,13,8245
wang,13,8281
wang,13,8310
wang,13,8316
wang,13,8325
wang,13,8330
wang,13,8356
wang,13,8369
wang,13,8384
wang,13,8417
wang,13,8514
wang,13,8550
wang,13,8612
wang,13,8629
wang,13,8641
wang,13,8705
wang,13,8750
wang,13,8752
wang,13,8753
wang,13,8822
wang,13,8823
wang,13,8852
wang,13,8877
wang,13,8893
wang,13,8901
wang,13,9142
wang,13,9172
wang,13,9179
wang,13,9190
wang,13,9240
wang,13,9241
wang,13,9249
wang,13,9261
wang,13,9311
wang,13,9314
wang,13,9330
wang,13,9336
wang,13,9340
wang,13,9342
wang,13,9371
wang,13,9376
wang,13,9392
wang,13,9403
wang,13,9415
wang,13,9422
wang,13,9426
wang,13,9435
wang,13,9458
wang,13,9492
wang,13,9494
wang,13,9503
wang,13,9506
wang,13,9522
wang,13,9541
wang,13,9568
wang,13,9575
wang,13,9661
wang,13,9678
wang,13,9687
wang,13,9698
wang,13,9754
wang,13,9782
wang,13,9816
wang,13,9848
wang,13,9858
wang,13,9896
wang,13,10053
wang,13,10054
wang,13,10055
wang,13,10062
wang,13,10069
wang,13,10134
wang,13,10139
wang,13,10154
wang,13,10161
wang,13,10198
wang,13,10238
wang,13,10268
wang,13,10281
wang,13,10321
wang,13,10352
wang,13,10427
wang,13,10445
wang,13,10449
wang,13,10450
wang,13,10482
wang,13,10483
wang,13,10506
wang,13,10522
wang,13,10556
wang,13,10613
wang,13,10653
wang,13,10672
wang,13,10677
wang,13,10719
wang,13,10734
wang,13,10798
wang,13,10826
wang,13,10838
wang,13,10859
wang,13,10939
wang,13,10944
wang,13,10970
wang,13,11007
wang,13,11012
wang,13,11056
wang,13,11090
wang,13,11182
wang,13,11220
wang,13,11277
wang,13,11281
wang,13,11349
wang,13,11350
wang,13,11417
wang,13,11436
wang,13,11441
wang,13,11443
wang,13,11494
wang,13,11508
wang,13,11547
wang,13,11550
wang,13,11567
wang,13,11597
wang,13,11605
wang,13,11606
wang,13,11618
wang,13,11635
wang,13,11639
wang,13,11669
wang,13,11679
wang,13,11710
wang,13,11712
wang,13,11750
wang,13,11755
wang,13,11828
wang,13,11841
wang,13,11866
wang,13,11879
wang,13,11932
wang,13,11970
wang,13,12050
wang,13,12059
wang,13,12066
wang,13,12096
wang,13,12105
wang,13,12147
wang,13,12222
wang,13,12228
wang,13,12248
wang,13,12258
wang,13,12271
wang,13,12287
wang,13,12300
wang,13,12305
wang,13,12356
wang,13,12376
wang,13,12418
wang,13,12485
wang,13,12503
wang,13,12518
wang,13,12570
wang,13,12590
wang,13,12627
wang,13,12638
wang,13,12740
wang,13,12808
wang,13,12851
wang,13,12858
wang,13,12916
wang,13,12937
wang,13,12964
wang,13,13022
wang,13,13044
wang,13,13046
wang,13,13122
wang,13,13146
wang,13,13201
wang,13,13263
wang,13,13267
wang,13,13309
wang,13,13321
wang,13,13342
wang,13,13366
wang,13,13392
wang,13,13429
wang,13,13451
wang,13,13508
wang,13,13518
wang,13,13561
wang,13,13582
wang,13,13584
wang,13,13591
wang,13,13608
wang,13,13652
wang,13,13660
wang,13,13674
wang,13,13703
wang,13,13784
wang,13,13838
wang,13,13879
wang,13,13880
wang,13,13890
wang,13,13897
wang,13,13898
wang,13,13909
wang,13,13916
wang,13,13966
wang,13,13981
wang,13,13986
wang,13,14014
wang,13,14047
wang,13,14071
wang,13,14074
wang,13,14077
wang,13,14102
wang,13,14104
wang,13,14119
wang,13,14129
wang,13,14138
wang,13,14156
wang,13,14160
wang,13,14184
wang,13,14204
wang,13,14218
wang,13,14228
wang,13,14229
wang,13,14288
wang,14,61
wang,14,64
wang,14,75
wang,14,81
wang,14,113
wang,14,134
wang,14,154
wang,14,162
wang,14,178
wang,14,186
wang,14,226
wang,14,261
wang,14,268
wang,14,273
wang,14,294
wang,14,405
wang,14,441
wang,14,450
wang,14,451
wang,14,546
wang,14,564
wang,14,663
wang,14,666
wang,14,683
wang,14,702
wang,14,708
wang,14,724
wang,14,750
wang,14,753
wang,14,793
wang,14,808
wang,14,814
wang,14,857
wang,14,901
wang,14,928
wang,14,954
wang,14,975
wang,14,1002
wang,14,1014
wang,14,1061
wang,14,1091
wang,14,1129
wang,14,1166
wang,14,1194
wang,14,1237
wang,14,1264
wang,14,1303
wang,14,1362
wang,14,1383
wang,14,1388
wang,14,1440
wang,14,1441
wang,14,1456
wang,14,1464
wang,14,1511
wang,14,1546
wang,14,1559
wang,14,1560
wang,14,1653
wang,14,1690
wang,14,1693
wang,14,1699
wang,14,1727
wang,14,1733
wang,14,1743
wang,14,1788
wang,14,1796
wang,14,1810
wang,14,1830
wang,14,1863
wang,14,2007
wang,14,2050
wang,14,2057
wang,14,2063
wang,14,2089
wang,14,2107
wang,14,2116
wang,14,2166
wang,14,2212
wang,14,2217
wang,14,2229
wang,14,2233
wang,14,2273
wang,14,2291
wang,14,2318
wang,14,2347
wang,14,2379
wang,14,2437
wang,14,2565
wang,14,2592
wang,14,2617
wang,14,2618
wang,14,2647
wang,14,2701
wang,14,2725
wang,14,2741
wang,14,2759
wang,14,2822
wang,14,2848
wang,14,2858
wang,14,2866
wang,14,2913
wang,14,2932
wang,14,2990
wang,14,3081
wang,14,3116
wang,14,3119
wang,14,3124
wang,14,3143
wang,14,3145
wang,14,3189
wang,14,3266
wang,14,3275
wang,14,3405
wang,14,3507
wang,14,3592
wang,14,3605
wang,14,3716
wang,14,3720
wang,14,3739
wang,14,3757
wang,14,3867
wang,14,3877
wang,14,3917
wang,14,3930
wang,14,3981
wang,14,3993
wang,14,3997
wang,14,4045
wang,14,4049
wang,14,4050
wang,14,4060
wang,14,4204
wang,14,4247
wang,14,4249
wang,14,4283
wang,14,4329
wang,14,4371
wang,14,4443
wang,14,4484
wang,14,4543
wang,14,4671
wang,14,4719
wang,14,4805
wang,14,4832
wang,14,4848
wang,14,4862
wang,14,4904
wang,14,4915
wang,14,5011
wang,14,5042
wang,14,5056
wang,14,5104
wang,14,5163
wang,14,5203
wang,14,5220
wang,14,5313
wang,14,5314
wang,14,5332
wang,14,5369
wang,14,5391
wang,14,5415
wang,14,5441
wang,14,5454
wang,14,5460
wang,14,5479
wang,14,5480
wang,14,5533
wang,14,5546
wang,14,5630
wang,14,5718
wang,14,5721
wang,14,5730
wang,14,5764
wang,14,5861
wang,14,5879
wang,14,5883
wang,14,5911
wang,14,5962
wang,14,5965
wang,14,5992
wang,14,6031
wang,14,6124
wang,14,6136
wang,14,6146
wang,14,6185
wang,14,6190
wang,14,6197
wang,14,6210
wang,14,6234
wang,14,6246
wang,14,6265
wang,14,6266
wang,14,6334
wang,14,6371
wang,14,6380
wang,14,6436
wang,14,6466
wang,14,6511
wang,14,6544
wang,14,6652
wang,14,6675
wang,14,6734
wang,14,6767
wang,14,6938
wang,14,6949
wang,14,7017
wang,14,7066
wang,14,7095
wang,14,7104
wang,14,7149
wang,14,7171
wang,14,7184
wang,14,7222
wang,14,7251
wang,14,7265
wang,14,7277
wang,14,7307
wang,14,7383
wang,14,7508
wang,14,7513
wang,14,7536
wang,14,7541
wang,14,7542
wang,14,7611
wang,14,7618
wang,14,7660
wang,14,7673
wang,14,7744
wang,14,7809
wang,14,7843
wang,14,7885
wang,14,7906
wang,14,8047
wang,14,8076
wang,14,8077
wang,14,8097
wang,14,8138
wang,14,8194
wang,14,8219
wang,14,8220
wang,14,8243
wang,14,8269
wang,14,8282
wang,14,8331
wang,14,8355
wang,14,8361
wang,14,8377
wang,14,8440
wang,14,8504
wang,14,8511
wang,14,8577
wang,14,8590
wang,14,8688
wang,14,8712
wang,14,8738
wang,14,8742
wang,14,8748
wang,14,8756
wang,14,8758
wang,14,8770
wang,14,8789
wang,14,8802
wang,14,8864
wang,14,8906
wang,14,8913
wang,14,8940
wang,14,8960
wang,14,9020
wang,14,9055
wang,14,9078
wang,14,9096
wang,14,9228
wang,14,9239
wang,14,9257
wang,14,9318
wang,14,9327
wang,14,9461
wang,14,9466
wang,14,9472
wang,14,9491
wang,14,9590
wang,14,9605
wang,14,9641
wang,14,9687
wang,14,9710
wang,14,9711
wang,14,9722
wang,14,9724
wang,14,9828
wang,14,9834
wang,14,9859
wang,14,9890
wang,14,9908
wang,14,9919
wang,14,9932
wang,14,9942
wang,14,9976
wang,14,10131
wang,14,10132
wang,14,10134
wang,14,10144
wang,14,10149
wang,14,10169
wang,14,10184
wang,14,10186
wang,14,10221
wang,14,10239
wang,14,10265
wang,14,10274
wang,14,10299
wang,14,10303
wang,14,10323
wang,14,10363
wang,14,10408
wang,14,10414
wang,14,10453
wang,14,10512
wang,14,10526
wang,14,10556
wang,14,10790
wang,14,10798
wang,14,10803
wang,14,10819
wang,14,10824
wang,14,10874
wang,14,10875
wang,14,10884
wang,14,10937
wang,14,10940
wang,14,10981
wang,14,10990
wang,14,11002
wang,14,11046
wang,14,11112
wang,14,11293
wang,14,11317
wang,14,11340
wang,14,11343
wang,14,11352
wang,14,11434
wang,14,11480
wang,14,11528
wang,14,11534
wang,14,11571
wang,14,11604
wang,14,11631
wang,14,11661
wang,14,11663
wang,14,11680
wang,14,11690
wang,14,11705
wang,14,11733
wang,14,11766
wang,14,11785
wang,14,11835
wang,14,11852
wang,14,11861
wang,14,11863
wang,14,11886
wang,14,11911
wang,14,11919
wang,14,12033
wang,14,12067
wang,14,12124
wang,14,12127
wang,14,12271
wang,14,12316
wang,14,12321
wang,14,12335
wang,14,12342
wang,14,12382
wang,14,12435
wang,14,12447
wang,14,12451
wang,14,12461
wang,14,12469
wang,14,12490
wang,14,12506
wang,14,12551
wang,14,12585
wang,14,12647
wang,14,12669
wang,14,12729
wang,14,12736
wang,14,12758
wang,14,12767
wang,14,12792
wang,14,12803
wang,14,12811
wang,14,12821
wang,14,12823
wang,14,12846
wang,14,12852
wang,14,12856
wang,14,12986
wang,14,13019
wang,14,13100
wang,14,13108
wang,14,13135
wang,14,13166
wang,14,13182
wang,14,13293
wang,14,13298
wang,14,13300
wang,14,13315
wang,14,13331
wang,14,13359
wang,14,13445
wang,14,13459
wang,14,13499
wang,14,13519
wang,14,13522
wang,14,13524
wang,14,13583
wang,14,13596
wang,14,13615
wang,14,13617
wang,14,13622
wang,14,13630
wang,14,13719
wang,14,13748
wang,14,13755
wang,14,13757
wang,14,13781
wang,14,13795
wang,14,13806
wang,14,13824
wang,14,13831
wang,14,13862
wang,14,13892
wang,14,13983
wang,14,13988
wang,14,14067
wang,14,14071
wang,14,14080
wang,14,14095
wang,14,14135
wang,14,14151
wang,14,14167
wang,14,14243
wang,14,14246
wang,14,14281
wang,14,14313
wang,14,14318
wang,14,14319
wang,14,14322
wang,15,35
wang,15,54
wang,15,129
wang,15,164
wang,15,168
wang,15,202
wang,15,268
wang,15,274
wang,15,308
wang,15,350
wang,15,378
wang,15,412
wang,15,689
wang,15,709
wang,15,718
wang,15,757
wang,15,767
wang,15,818
wang,15,819
wang,15,877
wang,15,880
wang,15,908
wang,15,957
wang,15,1091
wang,15,1114
wang,15,1115
wang,15,1119
wang,15,1309
wang,15,1326
wang,15,1331
wang,15,1344
wang,15,1376
wang,15,1442
wang,15,1488
wang,15,1495
wang,15,1511
wang,15,1529
wang,15,1596
wang,15,1643
wang,15,1702
wang,15,1706
wang,15,1719
wang,15,1721
wang,15,1733
wang,15,1776
wang,15,1835
wang,15,1871
wang,15,1930
wang,15,2076
wang,15,2100
wang,15,2173
wang,15,2202
wang,15,2271
wang,15,2329
wang,15,2379
wang,15,2425
wang,15,2447
wang,15,2518
wang,15,2553
wang,15,2676
wang,15,2680
wang,15,2719
wang,15,2745
wang,15,2823
wang,15,2853
wang,15,2867
wang,15,2904
wang,15,2909
wang,15,2982
wang,15,3023
wang,15,3031
wang,15,3054
wang,15,3055
wang,15,3129
wang,15,3166
wang,15,3216
wang,15,3224
wang,15,3234
wang,15,3243
wang,15,3264
wang,15,3318
wang,15,3324
wang,15,3352
wang,15,3461
wang,15,3486
wang,15,3524
wang,15,3548
wang,15,3613
wang,15,3646
wang,15,3661
wang,15,3705
wang,15,3733
wang,15,3738
wang,15,3778
wang,15,3808
wang,15,3816
wang,15,3820
wang,15,3861
wang,15,3927
wang,15,3933
wang,15,4039
wang,15,4096
wang,15,4101
wang,15,4128
wang,15,4129
wang,15,4158
wang,15,4167
wang,15,4183
wang,15,4301
wang,15,4307
wang,15,4330
wang,15,4352
wang,15,4409
wang,15,4476
wang,15,4502
wang,15,4519
wang,15,4545
wang,15,4549
wang,15,4596
wang,15,4621
wang,15,4630
wang,15,4656
wang,15,4668
wang,15,4706
wang,15,4789
wang,15,4824
wang,15,4842
wang,15,4882
wang,15,4884
wang,15,4906
wang,15,4972
wang,15,5012
wang,15,5037
wang,15,5086
wang,15,5100
wang,15,5156
wang,15,5172
wang,15,5198
wang,15,5209
wang,15,5228
wang,15,5301
wang,15,5412
wang,15,5431
wang,15,5436
wang,15,5450
wang,15,5455
wang,15,5546
wang,15,5554
wang,15,5683
wang,15,5694
wang,15,5747
wang,15,5760
wang,15,5838
wang,15,5862
wang,15,5895
wang,15,5900
wang,15,5920
wang,15,5937
wang,15,6113
wang,15,6120
wang,15,6164
wang,15,6171
wang,15,6176
wang,15,6229
wang,15,6308
wang,15,6350
wang,15,6360
wang,15,6375
wang,15,6443
wang,15,6640
wang,15,6661
wang,15,6692
wang,15,6730
wang,15,6765
wang,15,6839
wang,15,6843
wang,15,6844
wang,15,6874
wang,15,6886
wang,15,6901
wang,15,6912
wang,15,6918
wang,15,6944
wang,15,7010
wang,15,7028
wang,15,7029
wang,15,7163
wang,15,7186
wang,15,7193
wang,15,7224
wang,15,7227
wang,15,7234
wang,15,7241
wang,15,7267
wang,15,7279
wang,15,7289
wang,15,7345
wang,15,7398
wang,15,7441
wang,15,7449
wang,15,7452
wang,15,7474
wang,15,7495
wang,15,7566
wang,15,7587
wang,15,7654
wang,15,7766
wang,15,7807
wang,15,7851
wang,15,7860
wang,15,7882
wang,15,7922
wang,15,7956
wang,15,7992
wang,15,8038
wang,15,8054
wang,15,8117
wang,15,8165
wang,15,8210
wang,15,8218
wang,15,8260
wang,15,8280
wang,15,8284
wang,15,8388
wang,15,8485
wang,15,8491
wang,15,8508
wang,15,8528
wang,15,8536
wang,15,8569
wang,15,8570
wang,15,8597
wang,15,8645
wang,15,8661
wang,15,8718
wang,15,8772
wang,15,8789
wang,15,8809
wang,15,8811
wang,15,8884
wang,15,8919
wang,15,8948
wang,15,8964
wang,15,9009
wang,15,9069
wang,15,9104
wang,15,9113
wang,15,9137
wang,15,9143
wang,15,9166
wang,15,9180
wang,15,9228
wang,15,9232
wang,15,9248
wang,15,9269
wang,15,9372
wang,15,9419
wang,15,9544
wang,15,9611
wang,15,9621
wang,15,9732
wang,15,9762
wang,15,9815
wang,15,9816
wang,15,9860
wang,15,9899
wang,15,9916
wang,15,9919
wang,15,9926
wang,15,10042
wang,15,10050
wang,15,10071
wang,15,10098
wang,15,10106
wang,15,10159
wang,15,10193
wang,15,10229
wang,15,10330
wang,15,10337
wang,15,10379
wang,15,10381
wang,15,10388
wang,15,10390
wang,15,10427
wang,15,10436
wang,15,10444
wang,15,10457
wang,15,10573
wang,15,10580
wang,15,10591
wang,15,10594
wang,15,10600
wang,15,10752
wang,15,10757
wang,15,10787
wang,15,10829
wang,15,10840
wang,15,10865
wang,15,10868
wang,15,10945
wang,15,11005
wang,15,11012
wang,15,11052
wang,15,11117
wang,15,11129
wang,15,11143
wang,15,11148
wang,15,11155
wang,15,11258
wang,15,11268
wang,15,11403
wang,15,11404
wang,15,11413
wang,15,11537
wang,15,11569
wang,15,11734
wang,15,11735
wang,15,11749
wang,15,11781
wang,15,11808
wang,15,11884
wang,15,11900
wang,15,11910
wang,15,11921
wang,15,11934
wang,15,12048
wang,15,12166
wang,15,12198
wang,15,12213
wang,15,12236
wang,15,12270
wang,15,12435
wang,15,12479
wang,15,12483
wang,15,12497
wang,15,12567
wang,15,12571
wang,15,12593
wang,15,12627
wang,15,12704
wang,15,12726
wang,15,12728
wang,15,12749
wang,15,12782
wang,15,12783
wang,15,12790
wang,15,12844
wang,15,12861
wang,15,12870
wang,15,12896
wang,15,12908
wang,15,12930
wang,15,12953
wang,15,12964
wang,15,12998
wang,15,13034
wang,15,13052
wang,15,13132
wang,15,13139
wang,15,13176
wang,15,13211
wang,15,13255
wang,15,13256
wang,15,13283
wang,15,13315
wang,15,13346
wang,15,13351
wang,15,13402
wang,15,13409
wang,15,13454
wang,15,13456
wang,15,13463
wang,15,13505
wang,15,13522
wang,15,13531
wang,15,13539
wang,15,13551
wang,15,13568
wang,15,13620
wang,15,13752
wang,15,13759
wang,15,13808
wang,15,13920
wang,15,13930
wang,15,13932
wang,15,13946
wang,15,14013
wang,15,14027
wang,15,14046
wang,15,14161
wang,15,14179
wang,15,14184
wang,15,14188
wang,15,14200
wang,15,14232
wang,15,14263
wang,15,14286
wang,15,14326
wang,16,151
wang,16,184
wang,16,208
wang,16,345
wang,16,436
wang,16,441
wang,16,450
wang,16,458
wang,16,485
wang,16,491
wang,16,611
wang,16,613
wang,16,644
wang,16,654
wang,16,705
wang,16,707
wang,16,743
wang,16,887
wang,16,895
wang,16,904
wang,16,958
wang,16,1013
wang,16,1095
wang,16,1146
wang,16,1213
wang,16,1241
wang,16,1244
wang,16,1249
wang,16,1278
wang,16,1279
wang,16,1299
wang,16,1328
wang,16,1370
wang,16,1374
wang,16,1387
wang,16,1394
wang,16,1501
wang,16,1512
wang,16,1567
wang,16,1570
wang,16,1612
wang,16,1629
wang,16,1656
wang,16,1734
wang,16,1760
wang,16,1834
wang,16,1916
wang,16,1937
wang,16,1947
wang,16,1957
wang,16,1999
wang,16,2135
wang,16,2141
wang,16,2155
wang,16,2239
wang,16,2256
wang,16,2287
wang,16,2313
wang,16,2333
wang,16,2345
wang,16,2349
wang,16,2423
wang,16,2450
wang,16,2463
wang,16,2470
wang,16,2498
wang,16,2592
wang,16,2602
wang,16,2627
wang,16,2679
wang,16,2729
wang,16,2751
wang,16,2760
wang,16,2766
wang,16,2770
wang,16,2884
wang,16,2928
wang,16,2995
wang,16,3010
wang,16,3027
wang,16,3029
wang,16,3030
wang,16,3077
wang,16,3088
wang,16,3092
wang,16,3097
wang,16,3131
wang,16,3172
wang,16,3204
wang,16,3224
wang,16,3245
wang,16,3253
wang,16,3263
wang,16,3264
wang,16,3265
wang,16,3358
wang,16,3366
wang,16,3374
wang,16,3466
wang,16,3514
wang,16,3521
wang,16,3523
wang,16,3543
wang,16,3643
wang,16,3690
wang,16,3710
wang,16,3714
wang,16,3784
wang,16,3881
wang,16,3988
wang,16,3998
wang,16,4039
wang,16,4072
wang,16,4123
wang,16,4152
wang,16,4188
wang,16,4197
wang,16,4227
wang,16,4238
wang,16,4240
wang,16,4248
wang,16,4287
wang,16,4304
wang,16,4357
wang,16,4392
wang,16,4411
wang,16,4425
wang,16,4472
wang,16,4477
wang,16,4539
wang,16,4558
wang,16,4571
wang,16,4589
wang,16,4615
wang,16,4722
wang,16,4793
wang,16,4830
wang,16,4934
wang,16,4995
wang,16,5125
wang,16,5139
wang,16,5145
wang,16,5176
wang,16,5205
wang,16,5224
wang,16,5225
wang,16,5229
wang,16,5327
wang,16,5451
wang,16,5464
wang,16,5478
wang,16,5483
wang,16,5516
wang,16,5529
wang,16,5666
wang,16,5694
wang,16,5695
wang,16,5739
wang,16,5818
wang,16,5841
wang,16,5875
wang,16,5911
wang,16,5944
wang,16,5964
wang,16,6003
wang,16,6084
wang,16,6149
wang,16,6239
wang,16,6285
wang,16,6304
wang,16,6309
wang,16,6310
wang,16,6321
wang,16,6344
wang,16,6361
wang,16,6363
wang,16,6437
wang,16,6487
wang,16,6521
wang,16,6556
wang,16,6591
wang,16,6656
wang,16,6738
wang,16,6744
wang,16,6752
wang,16,6832
wang,16,6837
wang,16,6848
wang,16,6895
wang,16,6929
wang,16,6950
wang,16,6953
wang,16,7014
wang,16,7089
wang,16,7146
wang,16,7205
wang,16,7214
wang,16,7366
wang,16,7387
wang,16,7411
wang,16,7429
wang,16,7448
wang,16,7455
wang,16,7491
wang,16,7593
wang,16,7667
wang,16,7708
wang,16,7748
wang,16,7847
wang,16,7878
wang,16,7952
wang,16,7988
wang,16,8028
wang,16,8053
wang,16,8055
wang,16,8078
wang,16,8099
wang,16,8106
wang,16,8137
wang,16,8213
wang,16,8252
wang,16,8255
wang,16,8343
wang,16,8355
wang,16,8385
wang,16,8414
wang,16,8433
wang,16,8499
wang,16,8509
wang,16,8540
wang,16,8569
wang,16,8596
wang,16,8658
wang,16,8697
wang,16,8706
wang,16,8768
wang,16,8884
wang,16,8991
wang,16,9031
wang,16,9086
wang,16,9094
wang,16,9120
wang,16,9125
wang,16,9154
wang,16,9214
wang,16,9238
wang,16,9251
wang,16,9304
wang,16,9375
wang,16,9378
wang,16,9398
wang,16,9422
wang,16,9452
wang,16,9515
wang,16,9644
wang,16,9679
wang,16,9686
wang,16,9711
wang,16,9739
wang,16,9810
wang,16,9937
wang,16,10048
wang,16,10091
wang,16,10102
wang,16,10116
wang,16,10125
wang,16,10150
wang,16,10180
wang,16,10181
wang,16,10193
wang,16,10200
wang,16,10203
wang,16,10234
wang,16,10298
wang,16,10317
wang,16,10337
wang,16,10381
wang,16,10456
wang,16,10487
wang,16,10508
wang,16,10553
wang,16,10575
wang,16,10581
wang,16,10634
wang,16,10670
wang,16,10696
wang,16,10737
wang,16,10758
wang,16,10763
wang,16,10780
wang,16,10783
wang,16,10820
wang,16,10843
wang,16,10861
wang,16,10889
wang,16,10912
wang,16,10923
wang,16,10932
wang,16,10962
wang,16,10985
wang,16,10995
wang,16,11023
wang,16,11028
wang,16,11075
wang,16,11130
wang,16,11136
wang,16,11141
wang,16,11261
wang,16,11281
wang,16,11302
wang,16,11331
wang,16,11339
wang,16,11396
wang,16,11405
wang,16,11430
wang,16,11460
wang,16,11536
wang,16,11551
wang,16,11559
wang,16,11641
wang,16,11681
wang,16,11701
wang,16,11736
wang,16,11750
wang,16,11771
wang,16,11828
wang,16,11947
wang,16,11965
wang,16,11992
wang,16,12067
wang,16,12129
wang,16,12177
wang,16,12195
wang,16,12202
wang,16,12204
wang,16,12363
wang,16,12404
wang,16,12433
wang,16,12481
wang,16,12569
wang,16,12610
wang,16,12656
wang,16,12676
wang,16,12702
wang,16,12754
wang,16,12757
wang,16,12765
wang,16,12890
wang,16,12911
wang,16,12930
wang,16,12959
wang,16,12972
wang,16,13011
wang,16,13081
wang,16,13088
wang,16,13089
wang,16,13141
wang,16,13146
wang,16,13155
wang,16,13156
wang,16,13171
wang,16,13193
wang,16,13214
wang,16,13233
wang,16,13321
wang,16,13340
wang,16,13348
wang,16,13356
wang,16,13529
wang,16,13576
wang,16,13601
wang,16,13637
wang,16,13683
wang,16,13700
wang,16,13770
wang,16,13772
wang,16,13811
wang,16,13830
wang,16,13849
wang,16,13864
wang,16,13919
wang,16,13924
wang,16,13985
wang,16,14010
wang,16,14025
wang,16,14055
wang,16,14127
wang,16,14145
wang,16,14159
wang,16,14205
wang,16,14208
wang,16,14245
wang,16,14292
wang,16,14318
wang,16,14320
wang,17,23
wang,17,81
wang,17,154
wang,17,242
wang,17,245
wang,17,279
wang,17,338
wang,17,354
wang,17,372
wang,17,386
wang,17,406
wang,17,411
wang,17,421
wang,17,431
wang,17,513
wang,17,515
wang,17,538
wang,17,587
wang,17,645
wang,17,661
wang,17,767
wang,17,825
wang,17,853
wang,17,876
wang,17,1038
wang,17,1195
wang,17,1270
wang,17,1307
wang,17,1333
wang,17,1349
wang,17,1373
wang,17,1383
wang,17,1483
wang,17,1507
wang,17,1601
wang,17,1632
wang,17,1728
wang,17,1777
wang,17,1812
wang,17,1855
wang,17,1875
wang,17,1972
wang,17,1982
wang,17,1993
wang,17,2102
wang,17,2110
wang,17,2158
wang,17,2169
wang,17,2195
wang,17,2204
wang,17,2271
wang,17,2291
wang,17,2294
wang,17,2305
wang,17,2310
wang,17,2333
wang,17,2366
wang,17,2383
wang,17,2438
wang,17,2578
wang,17,2636
wang,17,2656
wang,17,2675
wang,17,2679
wang,17,2687
wang,17,2694
wang,17,2717
wang,17,2733
wang,17,2760
wang,17,2823
wang,17,2844
wang,17,2877
wang,17,2908
wang,17,2940
wang,17,2996
wang,17,3079
wang,17,3111
wang,17,3121
wang,17,3160
wang,17,3180
wang,17,3217
wang,17,3229
wang,17,3271
wang,17,3303
wang,17,3329
wang,17,3350
wang,17,3390
wang,17,3414
wang,17,3415
wang,17,3461
wang,17,3467
wang,17,3542
wang,17,3556
wang,17,3713
wang,17,3752
wang,17,3776
wang,17,3875
wang,17,3920
wang,17,3937
wang,17,4065
wang,17,4114
wang,17,4126
wang,17,4144
wang,17,4156
wang,17,4188
wang,17,4189
wang,17,4198
wang,17,4226
wang,17,4343
wang,17,4513
wang,17,4560
wang,17,4587
wang,17,4647
wang,17,4652
wang,17,4733
wang,17,4957
wang,17,5016
wang,17,5026
wang,17,5076
wang,17,5079
wang,17,5090
wang,17,5091
wang,17,5092
wang,17,5141
wang,17,5191
wang,17,5217
wang,17,5232
wang,17,5275
wang,17,5298
wang,17,5313
wang,17,5322
wang,17,5347
wang,17,5371
wang,17,5452
wang,17,5460
wang,17,5468
wang,17,5487
wang,17,5514
wang,17,5528
wang,17,5567
wang,17,5601
wang,17,5615
wang,17,5659
wang,17,5671
wang,17,5701
wang,17,5707
wang,17,5794
wang,17,5901
wang,17,6004
wang,17,6008
wang,17,6013
wang,17,6045
wang,17,6134
wang,17,6157
wang,17,6158
wang,17,6192
wang,17,6223
wang,17,6226
wang,17,6314
wang,17,6513
wang,17,6533
wang,17,6595
wang,17,6646
wang,17,6718
wang,17,6843
wang,17,6918
wang,17,6935
wang,17,6972
wang,17,7000
wang,17,7065
wang,17,7078
wang,17,7124
wang,17,7125
wang,17,7176
wang,17,7213
wang,17,7218
wang,17,7253
wang,17,7290
wang,17,7301
wang,17,7311
wang,17,7330
wang,17,7364
wang,17,7446
wang,17,7448
wang,17,7494
wang,17,7500
wang,17,7522
wang,17,7556
wang,17,7584
wang,17,7653
wang,17,7753
wang,17,7767
wang,17,7782
wang,17,7853
wang,17,7878
wang,17,7925
wang,17,7930
wang,17,7977
wang,17,7980
wang,17,7989
wang,17,8176
wang,17,8205
wang,17,8257
wang,17,8376
wang,17,8399
wang,17,8433
wang,17,8447
wang,17,8456
wang,17,8554
wang,17,8557
wang,17,8623
wang,17,8636
wang,17,8649
wang,17,8678
wang,17,8687
wang,17,8707
wang,17,8728
wang,17,8801
wang,17,8961
wang,17,9000
wang,17,9004
wang,17,9024
wang,17,9050
wang,17,9053
wang,17,9065
wang,17,9070
wang,17,9081
wang,17,9092
wang,17,9101
wang,17,9192
wang,17,9219
wang,17,9228
wang,17,9232
wang,17,9255
wang,17,9309
wang,17,9318
wang,17,9341
wang,17,9360
wang,17,9392
wang,17,9551
wang,17,9578
wang,17,9601
wang,17,9631
wang,17,9642
wang,17,9688
wang,17,9778
wang,17,9786
wang,17,9828
wang,17,9846
wang,17,9879
wang,17,9894
wang,17,10083
wang,17,10189
wang,17,10204
wang,17,10212
wang,17,10272
wang,17,10284
wang,17,10285
wang,17,10287
wang,17,10296
wang,17,10452
wang,17,10454
wang,17,10460
wang,17,10470
wang,17,10532
wang,17,10572
wang,17,10577
wang,17,10613
wang,17,10629
wang,17,10712
wang,17,10724
wang,17,10746
wang,17,10748
wang,17,10762
wang,17,10856
wang,17,10891
wang,17,10896
wang,17,10962
wang,17,10981
wang,17,10998
wang,17,11065
wang,17,11073
wang,17,11142
wang,17,11270
wang,17,11301
wang,17,11333
wang,17,11343
wang,17,11354
wang,17,11362
wang,17,11378
wang,17,11390
wang,17,11413
wang,17,11515
wang,17,11516
wang,17,11518
wang,17,11566
wang,17,11619
wang,17,11624
wang,17,11656
wang,17,11704
wang,17,11731
wang,17,11732
wang,17,11747
wang,17,11768
wang,17,11770
wang,17,11833
wang,17,11870
wang,17,11905
wang,17,11948
wang,17,12059
wang,17,12060
wang,17,12100
wang,17,12105
wang,17,12117
wang,17,12370
wang,17,12430
wang,17,12445
wang,17,12447
wang,17,12452
wang,17,12475
wang,17,12496
wang,17,12623
wang,17,12677
wang,17,12687
wang,17,12692
wang,17,12705
wang,17,12721
wang,17,12722
wang,17,12851
wang,17,12882
wang,17,12890
wang,17,12927
wang,17,12947
wang,17,12950
wang,17,13042
wang,17,13045
wang,17,13081
wang,17,13209
wang,17,13353
wang,17,13357
wang,17,13474
wang,17,13583
wang,17,13607
wang,17,13622
wang,17,13644
wang,17,13659
wang,17,13696
wang,17,13698
wang,17,13703
wang,17,13743
wang,17,13749
wang,17,13803
wang,17,13855
wang,17,13893
wang,17,13936
wang,17,13986
wang,17,14039
wang,17,14085
wang,17,14096
wang,17,14127
wang,17,14141
wang,17,14209
wang,17,14210
wang,17,14222
wang,17,14223
wang,18,36
wang,18,63
wang,18,99
wang,18,100
wang,18,125
wang,18,143
wang,18,152
wang,18,179
wang,18,216
wang,18,248
wang,18,262
wang,18,290
wang,18,310
wang,18,325
wang,18,398
wang,18,485
wang,18,510
wang,18,568
wang,18,788
wang,18,807
wang,18,820
wang,18,846
wang,18,874
wang,18,940
wang,18,953
wang,18,967
wang,18,974
wang,18,1020
wang,18,1105
wang,18,1110
wang,18,1207
wang,18,1211
wang,18,1314
wang,18,1324
wang,18,1336
wang,18,1436
wang,18,1454
wang,18,1509
wang,18,1602
wang,18,1615
wang,18,1635
wang,18,1713
wang,18,1720
wang,18,1819
wang,18,1894
wang,18,1959
wang,18,2016
wang,18,2017
wang,18,2064
wang,18,2246
wang,18,2329
wang,18,2346
wang,18,2384
wang,18,2413
wang,18,2583
wang,18,2614
wang,18,2627
wang,18,2648
wang,18,2775
wang,18,2795
wang,18,2797
wang,18,2896
wang,18,3017
wang,18,3056
wang,18,3064
wang,18,3094
wang,18,3101
wang,18,3217
wang,18,3236
wang,18,3261
wang,18,3270
wang,18,3276
wang,18,3292
wang,18,3350
wang,18,3374
wang,18,3375
wang,18,3398
wang,18,3544
wang,18,3548
wang,18,3553
wang,18,3678
wang,18,3685
wang,18,3687
wang,18,3700
wang,18,3746
wang,18,3750
wang,18,3767
wang,18,3833
wang,18,3859
wang,18,3866
wang,18,3871
wang,18,3885
wang,18,3916
wang,18,3917
wang,18,3952
wang,18,4144
wang,18,4159
wang,18,4160
wang,18,4164
wang,18,4167
wang,18,4169
wang,18,4180
wang,18,4213
wang,18,4216
wang,18,4223
wang,18,4232
wang,18,4275
wang,18,4276
wang,18,4318
wang,18,4348
wang,18,4369
wang,18,4469
wang,18,4545
wang,18,4552
wang,18,4576
wang,18,4719
wang,18,4776
wang,18,4840
wang,18,4841
wang,18,4843
wang,18,4846
wang,18,4858
wang,18,4865
wang,18,4881
wang,18,4902
wang,18,4922
wang,18,4942
wang,18,4958
wang,18,5008
wang,18,5015
wang,18,5056
wang,18,5071
wang,18,5145
wang,18,5212
wang,18,5213
wang,18,5228
wang,18,5241
wang,18,5249
wang,18,5261
wang,18,5367
wang,18,5532
wang,18,5544
wang,18,5563
wang,18,5584
wang,18,5590
wang,18,5622
wang,18,5696
wang,18,5705
wang,18,5713
wang,18,5722
wang,18,5779
wang,18,5813
wang,18,5872
wang,18,5879
wang,18,5922
wang,18,5964
wang,18,6072
wang,18,6226
wang,18,6316
wang,18,6319
wang,18,6331
wang,18,6351
wang,18,6375
wang,18,6581
wang,18,6592
wang,18,6641
wang,18,6786
wang,18,6894
wang,18,7056
wang,18,7062
wang,18,7110
wang,18,7148
wang,18,7185
wang,18,7198
wang,18,7205
wang,18,7241
wang,18,7247
wang,18,7262
wang,18,7293
wang,18,7346
wang,18,7409
wang,18,7417
wang,18,7459
wang,18,7578
wang,18,7634
wang,18,7762
wang,18,7777
wang,18,7822
wang,18,7874
wang,18,7895
wang,18,7987
wang,18,7999
wang,18,8041
wang,18,8075
wang,18,8096
wang,18,8146
wang,18,8199
wang,18,8202
wang,18,8301
wang,18,8333
wang,18,8366
wang,18,8420
wang,18,8426
wang,18,8432
wang,18,8435
wang,18,8441
wang,18,8547
wang,18,8557
wang,18,8652
wang,18,8878
wang,18,8979
wang,18,8986
wang,18,9024
wang,18,9109
wang,18,9137
wang,18,9194
wang,18,9197
wang,18,9261
wang,18,9284
wang,18,9289
wang,18,9308
wang,18,9320
wang,18,9327
wang,18,9476
wang,18,9494
wang,18,9529
wang,18,9551
wang,18,9564
wang,18,9612
wang,18,9691
wang,18,9697
wang,18,9705
wang,18,9792
wang,18,9797
wang,18,9837
wang,18,9845
wang,18,9855
wang,18,9869
wang,18,9915
wang,18,9920
wang,18,9949
wang,18,9953
wang,18,10048
wang,18,10122
wang,18,10171
wang,18,10237
wang,18,10294
wang,18,10316
wang,18,10322
wang,18,10349
wang,18,10386
wang,18,10445
wang,18,10503
wang,18,10517
wang,18,10528
wang,18,10548
wang,18,10552
wang,18,10566
wang,18,10632
wang,18,10646
wang,18,10716
wang,18,10718
wang,18,10781
wang,18,10823
wang,18,10836
wang,18,10855
wang,18,10868
wang,18,10925
wang,18,11018
wang,18,11090
wang,18,11145
wang,18,11162
wang,18,11171
wang,18,11307
wang,18,11365
wang,18,11443
wang,18,11447
wang,18,11549
wang,18,11576
wang,18,11621
wang,18,11657
wang,18,11718
wang,18,11750
wang,18,11772
wang,18,11794
wang,18,11831
wang,18,11835
wang,18,11866
wang,18,11872
wang,18,11894
wang,18,11926
wang,18,11959
wang,18,11969
wang,18,12033
wang,18,12095
wang,18,12125
wang,18,12213
wang,18,12248
wang,18,12335
wang,18,12354
wang,18,12377
wang,18,12395
wang,18,12427
wang,18,12443
wang,18,12451
wang,18,12459
wang,18,12471
wang,18,12482
wang,18,12488
wang,18,12493
wang,18,12512
wang,18,12652
wang,18,12671
wang,18,12690
wang,18,12765
wang,18,12790
wang,18,12792
wang,18,12797
wang,18,12843
wang,18,12859
wang,18,12942
wang,18,12969
wang,18,12995
wang,18,13006
wang,18,13040
wang,18,13067
wang,18,13118
wang,18,13165
wang,18,13190
wang,18,13274
wang,18,13285
wang,18,13322
wang,18,13375
wang,18,13437
wang,18,13443
wang,18,13506
wang,18,13559
wang,18,13585
wang,18,13738
wang,18,13780
wang,18,13818
wang,18,13864
wang,18,13868
wang,18,13926
wang,18,14000
wang,18,14012
wang,18,14086
wang,18,14112
wang,18,14135
wang,18,14211
wang,18,14266
wang,18,14324
wang,19,30
wang,19,47
wang,19,83
wang,19,121
wang,19,185
wang,19,273
wang,19,284
wang,19,342
wang,19,613
wang,19,798
wang,19,839
wang,19,900
wang,19,962
wang,19,975
wang,19,978
wang,19,1017
wang,19,1030
wang,19,1040
wang,19,1054
wang,19,1153
wang,19,1270
wang,19,1300
wang,19,1380
wang,19,1399
wang,19,1595
wang,19,1739
wang,19,1783
wang,19,1821
wang,19,1826
wang,19,1855
wang,19,1872
wang,19,1880
wang,19,1966
wang,19,2010
wang,19,2039
wang,19,2045
wang,19,2048
wang,19,2058
wang,19,2059
wang,19,2093
wang,19,2207
wang,19,2260
wang,19,2283
wang,19,2291
wang,19,2357
wang,19,2361
wang,19,2386
wang,19,2448
wang,19,2480
wang,19,2498
wang,19,2526
wang,19,2538
wang,19,2668
wang,19,2811
wang,19,2866
wang,19,2875
wang,19,2949
wang,19,2966
wang,19,2976
wang,19,3009
wang,19,3038
wang,19,3076
wang,19,3151
wang,19,3171
wang,19,3183
wang,19,3197
wang,19,3241
wang,19,3258
wang,19,3340
wang,19,3404
wang,19,3457
wang,19,3499
wang,19,3563
wang,19,3636
wang,19,3736
wang,19,3766
wang,19,3848
wang,19,3869
wang,19,3918
wang,19,3956
wang,19,3983
wang,19,4197
wang,19,4269
wang,19,4284
wang,19,4328
wang,19,4343
wang,19,4492
wang,19,4513
wang,19,4535
wang,19,4574
wang,19,4577
wang,19,4631
wang,19,4659
wang,19,4687
wang,19,4751
wang,19,4762
wang,19,4841
wang,19,4882
wang,19,4997
wang,19,5009
wang,19,5084
wang,19,5247
wang,19,5281
wang,19,5296
wang,19,5303
wang,19,5356
wang,19,5375
wang,19,5418
wang,19,5529
wang,19,5533
wang,19,5598
wang,19,5622
wang,19,5632
wang,19,5637
wang,19,5657
wang,19,5727
wang,19,5808
wang,19,6032
wang,19,6042
wang,19,6053
wang,19,6066
wang,19,6118
wang,19,6165
wang,19,6176
wang,19,6197
wang,19,6257
wang,19,6274
wang,19,6276
wang,19,6280
wang,19,6341
wang,19,6376
wang,19,6384
wang,19,6471
wang,19,6710
wang,19,6725
wang,19,6829
wang,19,6848
wang,19,6852
wang,19,6881
wang,19,6897
wang,19,6946
wang,19,6954
wang,19,6965
wang,19,7074
wang,19,7180
wang,19,7338
wang,19,7519
wang,19,7528
wang,19,7583
wang,19,7644
wang,19,7734
wang,19,7760
wang,19,7767
wang,19,7782
wang,19,7796
wang,19,7808
wang,19,7842
wang,19,7855
wang,19,7875
wang,19,7923
wang,19,7928
wang,19,7958
wang,19,7966
wang,19,7979
wang,19,8139
wang,19,8149
wang,19,8156
wang,19,8167
wang,19,8234
wang,19,8271
wang,19,8281
wang,19,8337
wang,19,8362
wang,19,8416
wang,19,8459
wang,19,8537
wang,19,8540
wang,19,8594
wang,19,8791
wang,19,8800
wang,19,8811
wang,19,8829
wang,19,8935
wang,19,9068
wang,19,9110
wang,19,9320
wang,19,9346
wang,19,9420
wang,19,9426
wang,19,9477
wang,19,9578
wang,19,9590
wang,19,9640
wang,19,9649
wang,19,9740
wang,19,9767
wang,19,9875
wang,19,9901
wang,19,9987
wang,19,10003
wang,19,10047
wang,19,10071
wang,19,10095
wang,19,10103
wang,19,10134
wang,19,10196
wang,19,10199
wang,19,10288
wang,19,10348
wang,19,10371
wang,19,10372
wang,19,10378
wang,19,10466
wang,19,10471
wang,19,10512
wang,19,10550
wang,19,10613
wang,19,10680
wang,19,10718
wang,19,10849
wang,19,10898
wang,19,10931
wang,19,10942
wang,19,10944
wang,19,11092
wang,19,11103
wang,19,11130
wang,19,11140
wang,19,11180
wang,19,11398
wang,19,11402
wang,19,11426
wang,19,11471
wang,19,11485
wang,19,11520
wang,19,11563
wang,19,11650
wang,19,11663
wang,19,11687
wang,19,11694
wang,19,11771
wang,19,11871
wang,19,11953
wang,19,12000
wang,19,12014
wang,19,12029
wang,19,12126
wang,19,12168
wang,19,12199
wang,19,12206
wang,19,12238
wang,19,12247
wang,19,12446
wang,19,12468
wang,19,12556
wang,19,12566
wang,19,12611
wang,19,12710
wang,19,12740
wang,19,12771
wang,19,12809
wang,19,12844
wang,19,12884
wang,19,12975
wang,19,13010
wang,19,13032
wang,19,13054
wang,19,13087
wang,19,13090
wang,19,13097
wang,19,13103
wang,19,13165
wang,19,13252
wang,19,13374
wang,19,13387
wang,19,13389
wang,19,13414
wang,19,13453
wang,19,13478
wang,19,13528
wang,19,13621
wang,19,13688
wang,19,13824
wang,19,13837
wang,19,13873
wang,19,13947
wang,19,13970
wang,19,14000
wang,19,14005
wang,19,14013
wang,19,14045
wang,19,14118
wang,19,14128
wang,19,14169
wang,19,14182
wang,19,14190
wang,19,14294
wang,19,14329
wang,19,14331
wang,20,7
wang,20,59
wang,20,90
wang,20,140
wang,20,143
wang,20,155
wang,20,173
wang,20,338
wang,20,355
wang,20,430
wang,20,455
wang,20,493
wang,20,541
wang,20,549
wang,20,589
wang,20,665
wang,20,666
wang,20,682
wang,20,762
wang,20,793
wang,20,838
wang,20,966
wang,20,973
wang,20,985
wang,20,991
wang,20,1012
wang,20,1015
wang,20,1036
wang,20,1043
wang,20,1097
wang,20,1302
wang,20,1306
wang,20,1367
wang,20,1407
wang,20,1419
wang,20,1443
wang,20,1538
wang,20,1587
wang,20,1737
wang,20,1747
wang,20,1800
wang,20,1822
wang,20,1942
wang,20,1985
wang,20,2057
wang,20,2177
wang,20,2236
wang,20,2270
wang,20,2275
wang,20,2292
wang,20,2320
wang,20,2322
wang,20,2332
wang,20,2367
wang,20,2384
wang,20,2386
wang,20,2389
wang,20,2445
wang,20,2472
wang,20,2526
wang,20,2536
wang,20,2597
wang,20,2603
wang,20,2665
wang,20,2673
wang,20,2748
wang,20,2810
wang,20,2873
wang,20,2950
wang,20,2984
wang,20,3010
wang,20,3108
wang,20,3117
wang,20,3164
wang,20,3185
wang,20,3190
wang,20,3221
wang,20,3246
wang,20,3271
wang,20,3472
wang,20,3485
wang,20,3493
wang,20,3568
wang,20,3677
wang,20,3708
wang,20,3725
wang,20,3729
wang,20,3742
wang,20,3747
wang,20,3787
wang,20,3802
wang,20,3846
wang,20,3882
wang,20,3927
wang,20,3940
wang,20,4032
wang,20,4053
wang,20,4054
wang,20,4060
wang,20,4312
wang,20,4348
wang,20,4392
wang,20,4426
wang,20,4451
wang,20,4587
wang,20,4624
wang,20,4634
wang,20,4825
wang,20,4841
wang,20,4887
wang,20,4950
wang,20,5027
wang,20,5161
wang,20,5186
wang,20,5221
wang,20,5240
wang,20,5294
wang,20,5382
wang,20,5410
wang,20,5425
wang,20,5435
wang,20,5480
wang,20,5520
wang,20,5571
wang,20,5604
wang,20,5636
wang,20,5645
wang,20,5724
wang,20,5725
wang,20,5737
wang,20,5785
wang,20,5859
wang,20,5888
wang,20,5896
wang,20,5901
wang,20,6008
wang,20,6011
wang,20,6071
wang,20,6106
wang,20,6159
wang,20,6265
wang,20,6359
wang,20,6412
wang,20,6432
wang,20,6445
wang,20,6461
wang,20,6501
wang,20,6539
wang,20,6619
wang,20,6786
wang,20,6826
wang,20,6830
wang,20,6886
wang,20,6966
wang,20,7018
wang,20,7117
wang,20,7120
wang,20,7195
wang,20,7196
wang,20,7202
wang,20,7212
wang,20,7256
wang,20,7317
wang,20,7371
wang,20,7424
wang,20,7583
wang,20,7640
wang,20,7683
wang,20,7782
wang,20,7872
wang,20,7897
wang,20,7942
wang,20,7999
wang,20,8083
wang,20,8096
wang,20,8106
wang,20,8212
wang,20,8223
wang,20,8314
wang,20,8323
wang,20,8337
wang,20,8339
wang,20,8494
wang,20,8624
wang,20,8631
wang,20,8654
wang,20,8711
wang,20,8718
wang,20,8729
wang,20,8741
wang,20,8752
wang,20,8783
wang,20,8841
wang,20,9059
wang,20,9071
wang,20,9080
wang,20,9083
wang,20,9088
wang,20,9173
wang,20,9202
wang,20,9211
wang,20,9364
wang,20,9423
wang,20,9424
wang,20,9428
wang,20,9449
wang,20,9489
wang,20,9516
wang,20,9518
wang,20,9532
wang,20,9550
wang,20,9574
wang,20,9623
wang,20,9626
wang,20,9722
wang,20,9746
wang,20,9864
wang,20,9900
wang,20,9928
wang,20,9956
wang,20,10017
wang,20,10073
wang,20,10093
wang,20,10120
wang,20,10266
wang,20,10278
wang,20,10321
wang,20,10488
wang,20,10540
wang,20,10546
wang,20,10600
wang,20,10739
wang,20,10774
wang,20,10786
wang,20,10850
wang,20,10902
wang,20,10906
wang,20,10944
wang,20,10959
wang,20,11031
wang,20,11170
wang,20,11291
wang,20,11320
wang,20,11337
wang,20,11348
wang,20,11351
wang,20,11380
wang,20,11438
wang,20,11582
wang,20,11613
wang,20,11624
wang,20,11641
wang,20,11862
wang,20,11868
wang,20,11962
wang,20,12078
wang,20,12158
wang,20,12193
wang,20,12306
wang,20,12393
wang,20,12541
wang,20,12546
wang,20,12675
wang,20,12695
wang,20,12778
wang,20,12815
wang,20,12826
wang,20,12941
wang,20,12953
wang,20,13016
wang,20,13042
wang,20,13130
wang,20,13326
wang,20,13384
wang,20,13421
wang,20,13443
wang,20,13467
wang,20,13469
wang,20,13494
wang,20,13522
wang,20,13528
wang,20,13576
wang,20,13589
wang,20,13669
wang,20,13684
wang,20,13702
wang,20,13753
wang,20,13774
wang,20,13803
wang,20,13967
wang,20,13974
wang,20,13976
wang,20,13989
wang,20,14052
wang,20,14217
wang,20,14248
wang,20,14335
wang,21,58
wang,21,98
wang,21,182
wang,21,184
wang,21,291
wang,21,327
wang,21,357
wang,21,359
wang,21,376
wang,21,385
wang,21,432
wang,21,486
wang,21,517
wang,21,559
wang,21,622
wang,21,692
wang,21,706
wang,21,713
wang,21,822
wang,21,908
wang,21,936
wang,21,953
wang,21,1008
wang,21,1013
wang,21,1049
wang,21,1075
wang,21,1117
wang,21,1149
wang,21,1189
wang,21,1214
wang,21,1227
wang,21,1268
wang,21,1297
wang,21,1386
wang,21,1465
wang,21,1467
wang,21,1546
wang,21,1549
wang,21,1718
wang,21,1755
wang,21,1797
wang,21,1806
wang,21,1821
wang,21,1841
wang,21,1947
wang,21,2150
wang,21,2237
wang,21,2266
wang,21,2302
wang,21,2425
wang,21,2468
wang,21,2488
wang,21,2564
wang,21,2565
wang,21,2568
wang,21,2670
wang,21,2698
wang,21,2749
wang,21,2757
wang,21,2782
wang,21,2791
wang,21,2817
wang,21,2826
wang,21,2857
wang,21,2885
wang,21,2913
wang,21,2927
wang,21,2966
wang,21,3083
wang,21,3167
wang,21,3256
wang,21,3259
wang,21,3278
wang,21,3332
wang,21,3344
wang,21,3436
wang,21,3477
wang,21,3479
wang,21,3483
wang,21,3518
wang,21,3522
wang,21,3537
wang,21,3545
wang,21,3584
wang,21,3686
wang,21,3783
wang,21,3790
wang,21,3854
wang,21,3863
wang,21,3940
wang,21,3946
wang,21,4036
wang,21,4053
wang,21,4060
wang,21,4065
wang,21,4067
wang,21,4069
wang,21,4090
wang,21,4192
wang,21,4279
wang,21,4618
wang,21,4626
wang,21,4667
wang,21,4687
wang,21,4713
wang,21,4853
wang,21,4895
wang,21,4900
wang,21,4958
wang,21,5042
wang,21,5113
wang,21,5146
wang,21,5151
wang,21,5179
wang,21,5188
wang,21,5215
wang,21,5229
wang,21,5251
wang,21,5280
wang,21,5331
wang,21,5355
wang,21,5375
wang,21,5405
wang,21,5428
wang,21,5625
wang,21,5638
wang,21,5654
wang,21,5685
wang,21,5775
wang,21,5779
wang,21,5905
wang,21,5914
wang,21,5931
wang,21,5969
wang,21,6053
wang,21,6062
wang,21,6068
wang,21,6095
wang,21,6096
wang,21,6112
wang,21,6238
wang,21,6239
wang,21,6243
wang,21,6302
wang,21,6347
wang,21,6363
wang,21,6373
wang,21,6423
wang,21,6426
wang,21,6515
wang,21,6527
wang,21,6531
wang,21,6607
wang,21,6622
wang,21,6634
wang,21,6714
wang,21,6817
wang,21,6821
wang,21,6839
wang,21,6889
wang,21,6894
wang,21,6905
wang,21,6916
wang,21,6927
wang,21,6930
wang,21,7024
wang,21,7234
wang,21,7288
wang,21,7309
wang,21,7357
wang,21,7445
wang,21,7492
wang,21,7552
wang,21,7577
wang,21,7600
wang,21,7635
wang,21,7664
wang,21,7671
wang,21,7677
wang,21,7712
wang,21,7753
wang,21,7822
wang,21,7896
wang,21,7905
wang,21,7911
wang,21,7948
wang,21,8000
wang,21,8012
wang,21,8046
wang,21,8118
wang,21,8132
wang,21,8164
wang,21,8179
wang,21,8183
wang,21,8210
wang,21,8375
wang,21,8414
wang,21,8448
wang,21,8479
wang,21,8486
wang,21,8544
wang,21,8558
wang,21,8559
wang,21,8560
wang,21,8597
wang,21,8698
wang,21,8702
wang,21,8714
wang,21,8734
wang,21,8761
wang,21,8767
wang,21,8816
wang,21,9046
wang,21,9054
wang,21,9205
wang,21,9209
wang,21,9236
wang,21,9438
wang,21,9593
wang,21,9615
wang,21,9722
wang,21,9810
wang,21,9838
wang,21,9844
wang,21,9853
wang,21,9859
wang,21,9865
wang,21,9890
wang,21,9897
wang,21,9927
wang,21,10046
wang,21,10088
wang,21,10092
wang,21,10098
wang,21,10259
wang,21,10272
wang,21,10289
wang,21,10388
wang,21,10396
wang,21,10416
wang,21,10449
wang,21,10458
wang,21,10461
wang,21,10495
wang,21,10585
wang,21,10706
wang,21,10720
wang,21,10783
wang,21,10832
wang,21,10935
wang,21,10970
wang,21,11016
wang,21,11324
wang,21,11400
wang,21,11415
wang,21,11447
wang,21,11496
wang,21,11510
wang,21,11542
wang,21,11547
wang,21,11569
wang,21,11578
wang,21,11586
wang,21,11620
wang,21,11621
wang,21,11633
wang,21,11639
wang,21,11667
wang,21,11698
wang,21,11790
wang,21,11808
wang,21,11942
wang,21,11959
wang,21,12043
wang,21,12066
wang,21,12107
wang,21,12157
wang,21,12185
wang,21,12196
wang,21,12201
wang,21,12238
wang,21,12277
wang,21,12306
wang,21,12309
wang,21,12315
wang,21,12323
wang,21,12373
wang,21,12380
wang,21,12431
wang,21,12498
wang,21,12508
wang,21,12606
wang,21,12659
wang,21,12722
wang,21,12735
wang,21,12766
wang,21,12817
wang,21,12831
wang,21,12867
wang,21,12873
wang,21,12944
wang,21,12952
wang,21,12962
wang,21,13032
wang,21,13044
wang,21,13046
wang,21,13063
wang,21,13087
wang,21,13094
wang,21,13103
wang,21,13134
wang,21,13222
wang,21,13234
wang,21,13277
wang,21,13374
wang,21,13440
wang,21,13446
wang,21,13457
wang,21,13498
wang,21,13505
wang,21,13545
wang,21,13566
wang,21,13568
wang,21,13572
wang,21,13707
wang,21,13720
wang,21,13746
wang,21,13823
wang,21,13875
wang,21,13882
wang,21,13922
wang,21,13947
wang,21,13952
wang,21,14091
wang,21,14102
wang,21,14106
wang,21,14129
wang,21,14145
wang,21,14169
wang,21,14221
wang,22,20
wang,22,42
wang,22,149
wang,22,178
wang,22,289
wang,22,307
wang,22,526
wang,22,527
wang,22,571
wang,22,579
wang,22,595
wang,22,642
wang,22,728
wang,22,1026
wang,22,1031
wang,22,1038
wang,22,1177
wang,22,1187
wang,22,1265
wang,22,1350
wang,22,1354
wang,22,1448
wang,22,1468
wang,22,1469
wang,22,1487
wang,22,1490
wang,22,1492
wang,22,1509
wang,22,1547
wang,22,1671
wang,22,1759
wang,22,1800
wang,22,1855
wang,22,1988
wang,22,2019
wang,22,2087
wang,22,2141
wang,22,2181
wang,22,2219
wang,22,2359
wang,22,2450
wang,22,2461
wang,22,2485
wang,22,2571
wang,22,2577
wang,22,2642
wang,22,2652
wang,22,2691
wang,22,2765
wang,22,2851
wang,22,2871
wang,22,2876
wang,22,2893
wang,22,2901
wang,22,3012
wang,22,3025
wang,22,3186
wang,22,3225
wang,22,3247
wang,22,3334
wang,22,3336
wang,22,3375
wang,22,3409
wang,22,3459
wang,22,3525
wang,22,3635
wang,22,3646
wang,22,3762
wang,22,3766
wang,22,3806
wang,22,3871
wang,22,3982
wang,22,4003
wang,22,4017
wang,22,4116
wang,22,4164
wang,22,4213
wang,22,4435
wang,22,4500
wang,22,4533
wang,22,4539
wang,22,4544
wang,22,4604
wang,22,4767
wang,22,4798
wang,22,4804
wang,22,4826
wang,22,4878
wang,22,4946
wang,22,4963
wang,22,5031
wang,22,5062
wang,22,5110
wang,22,5145
wang,22,5185
wang,22,5249
wang,22,5285
wang,22,5340
wang,22,5452
wang,22,5520
wang,22,5523
wang,22,5535
wang,22,5566
wang,22,5657
wang,22,5659
wang,22,5780
wang,22,5848
wang,22,5866
wang,22,5948
wang,22,5981
wang,22,6038
wang,22,6083
wang,22,6118
wang,22,6138
wang,22,6151
wang,22,6172
wang,22,6209
wang,22,6300
wang,22,6371
wang,22,6382
wang,22,6406
wang,22,6451
wang,22,6524
wang,22,6670
wang,22,6716
wang,22,6723
wang,22,6729
wang,22,6731
wang,22,6851
wang,22,6863
wang,22,6897
wang,22,7007
wang,22,7034
wang,22,7036
wang,22,7064
wang,22,7069
wang,22,7084
wang,22,7104
wang,22,7164
wang,22,7192
wang,22,7542
wang,22,7566
wang,22,7581
wang,22,7723
wang,22,7739
wang,22,7749
wang,22,7855
wang,22,7883
wang,22,7949
wang,22,7989
wang,22,8005
wang,22,8042
wang,22,8088
wang,22,8121
wang,22,8150
wang,22,8249
wang,22,8254
wang,22,8257
wang,22,8267
wang,22,8336
wang,22,8385
wang,22,8511
wang,22,8625
wang,22,8811
wang,22,8822
wang,22,8839
wang,22,8850
wang,22,8862
wang,22,8937
wang,22,9027
wang,22,9063
wang,22,9078
wang,22,9101
wang,22,9112
wang,22,9185
wang,22,9326
wang,22,9435
wang,22,9466
wang,22,9467
wang,22,9495
wang,22,9531
wang,22,9547
wang,22,9574
wang,22,9687
wang,22,9689
wang,22,9792
wang,22,10180
wang,22,10210
wang,22,10267
wang,22,10292
wang,22,10324
wang,22,10354
wang,22,10436
wang,22,10512
wang,22,10556
wang,22,10564
wang,22,10566
wang,22,10602
wang,22,10627
wang,22,10760
wang,22,10765
wang,22,10767
wang,22,10777
wang,22,10807
wang,22,10820
wang,22,11022
wang,22,11074
wang,22,11106
wang,22,11108
wang,22,11326
wang,22,11427
wang,22,11490
wang,22,11511
wang,22,11546
wang,22,11599
wang,22,11622
wang,22,11677
wang,22,11715
wang,22,11768
wang,22,11856
wang,22,11865
wang,22,11979
wang,22,12024
wang,22,12079
wang,22,12086
wang,22,12203
wang,22,12305
wang,22,12546
wang,22,12557
wang,22,12586
wang,22,12694
wang,22,12697
wang,22,12710
wang,22,12812
wang,22,12853
wang,22,12871
wang,22,12880
wang,22,12958
wang,22,12959
wang,22,12960
wang,22,12986
wang,22,12999
wang,22,13153
wang,22,13500
wang,22,13503
wang,22,13558
wang,22,13644
wang,22,13713
wang,22,13792
wang,22,13902
wang,22,13910
wang,22,13925
wang,22,13931
wang,22,13935
wang,22,13939
wang,22,13969
wang,22,13972
wang,22,13999
wang,22,14063
wang,22,14163
wang,22,14165
wang,22,14168
wang,23,27
wang,23,55
wang,23,122
wang,23,141
wang,23,153
wang,23,180
wang,23,259
wang,23,306
wang,23,357
wang,23,393
wang,23,410
wang,23,489
wang,23,530
wang,23,557
wang,23,670
wang,23,677
wang,23,731
wang,23,738
wang,23,839
wang,23,945
wang,23,1014
wang,23,1102
wang,23,1171
wang,23,1227
wang,23,1283
wang,23,1299
wang,23,1306
wang,23,1316
wang,23,1337
wang,23,1382
wang,23,1385
wang,23,1428
wang,23,1676
wang,23,1695
wang,23,1732
wang,23,1751
wang,23,1776
wang,23,1854
wang,23,2078
wang,23,2138
wang,23,2140
wang,23,2161
wang,23,2197
wang,23,2240
wang,23,2330
wang,23,2361
wang,23,2375
wang,23,2386
wang,23,2396
wang,23,2434
wang,23,2484
wang,23,2540
wang,23,2557
wang,23,2565
wang,23,2627
wang,23,2632
wang,23,2708
wang,23,2816
wang,23,2863
wang,23,2913
wang,23,2931
wang,23,2954
wang,23,2956
wang,23,2964
wang,23,2978
wang,23,3013
wang,23,3101
wang,23,3116
wang,23,3166
wang,23,3239
wang,23,3264
wang,23,3287
wang,23,3321
wang,23,3376
wang,23,3461
wang,23,3599
wang,23,3681
wang,23,3724
wang,23,3728
wang,23,3729
wang,23,3765
wang,23,3767
wang,23,3782
wang,23,3791
wang,23,3809
wang,23,3839
wang,23,3905
wang,23,3980
wang,23,4144
wang,23,4218
wang,23,4365
wang,23,4398
wang,23,4455
wang,23,4526
wang,23,4579
wang,23,4593
wang,23,4774
wang,23,4775
wang,23,4830
wang,23,4836
wang,23,4869
wang,23,4990
wang,23,4995
wang,23,5015
wang,23,5083
wang,23,5129
wang,23,5205
wang,23,5218
wang,23,5386
wang,23,5437
wang,23,5578
wang,23,5594
wang,23,5605
wang,23,5666
wang,23,5679
wang,23,5729
wang,23,5822
wang,23,5955
wang,23,5973
wang,23,6025
wang,23,6053
wang,23,6252
wang,23,6258
wang,23,6259
wang,23,6274
wang,23,6413
wang,23,6423
wang,23,6543
wang,23,6578
wang,23,6668
wang,23,6696
wang,23,6704
wang,23,6734
wang,23,6738
wang,23,6809
wang,23,6839
wang,23,6877
wang,23,6956
wang,23,7014
wang,23,7086
wang,23,7156
wang,23,7296
wang,23,7302
wang,23,7311
wang,23,7408
wang,23,7409
wang,23,7446
wang,23,7656
wang,23,7666
wang,23,7689
wang,23,7734
wang,23,7762
wang,23,7802
wang,23,7876
wang,23,7890
wang,23,7926
wang,23,7946
wang,23,8026
wang,23,8098
wang,23,8112
wang,23,8121
wang,23,8161
wang,23,8188
wang,23,8226
wang,23,8249
wang,23,8293
wang,23,8342
wang,23,8402
wang,23,8406
wang,23,8466
wang,23,8534
wang,23,8559
wang,23,8623
wang,23,8747
wang,23,8768
wang,23,8923
wang,23,8992
wang,23,9018
wang,23,9021
wang,23,9022
wang,23,9047
wang,23,9075
wang,23,9078
wang,23,9148
wang,23,9219
wang,23,9236
wang,23,9249
wang,23,9297
wang,23,9355
wang,23,9411
wang,23,9425
wang,23,9448
wang,23,9450
wang,23,9488
wang,23,9512
wang,23,9523
wang,23,9620
wang,23,9634
wang,23,9657
wang,23,9717
wang,23,9726
wang,23,9788
wang,23,9926
wang,23,9969
wang,23,10067
wang,23,10125
wang,23,10182
wang,23,10303
wang,23,10306
wang,23,10363
wang,23,10377
wang,23,10429
wang,23,10452
wang,23,10512
wang,23,10533
wang,23,10557
wang,23,10569
wang,23,10600
wang,23,10637
wang,23,10778
wang,23,10892
wang,23,10949
wang,23,10972
wang,23,11001
wang,23,11018
wang,23,11055
wang,23,11060
wang,23,11069
wang,23,11172
wang,23,11274
wang,23,11337
wang,23,11340
wang,23,11663
wang,23,11671
wang,23,11694
wang,23,11733
wang,23,11993
wang,23,12012
wang,23,12036
wang,23,12095
wang,23,12164
wang,23,12181
wang,23,12184
wang,23,12276
wang,23,12277
wang,23,12485
wang,23,12537
wang,23,12567
wang,23,12702
wang,23,12733
wang,23,12766
wang,23,12932
wang,23,13022
wang,23,13046
wang,23,13084
wang,23,13096
wang,23,13108
wang,23,13220
wang,23,13259
wang,23,13372
wang,23,13622
wang,23,13709
wang,23,13764
wang,23,13893
wang,23,13909
wang,23,13972
wang,23,13985
wang,23,14009
wang,23,14016
wang,23,14047
wang,23,14068
wang,23,14073
wang,23,14089
wang,23,14090
wang,23,14103
wang,23,14167
wang,23,14231
wang,23,14262
wang,24,19
wang,24,29
wang,24,259
wang,24,311
wang,24,316
wang,24,418
wang,24,425
wang,24,430
wang,24,450
wang,24,466
wang,24,507
wang,24,545
wang,24,596
wang,24,644
wang,24,671
wang,24,760
wang,24,833
wang,24,929
wang,24,950
wang,24,969
wang,24,987
wang,24,1000
wang,24,1049
wang,24,1056
wang,24,1077
wang,24,1323
wang,24,1392
wang,24,1414
wang,24,1596
wang,24,1651
wang,24,1685
wang,24,1880
wang,24,1882
wang,24,1956
wang,24,1983
wang,24,2009
wang,24,2174
wang,24,2189
wang,24,2296
wang,24,2297
wang,24,2356
wang,24,2370
wang,24,2380
wang,24,2400
wang,24,2476
wang,24,2481
wang,24,2517
wang,24,2519
wang,24,2605
wang,24,2665
wang,24,2697
wang,24,2711
wang,24,2797
wang,24,2807
wang,24,2834
wang,24,2840
wang,24,2857
wang,24,2928
wang,24,2934
wang,24,3024
wang,24,3082
wang,24,3089
wang,24,3123
wang,24,3137
wang,24,3166
wang,24,3210
wang,24,3439
wang,24,3447
wang,24,3520
wang,24,3619
wang,24,3670
wang,24,3737
wang,24,3773
wang,24,3784
wang,24,3936
wang,24,3953
wang,24,3957
wang,24,3997
wang,24,4002
wang,24,4033
wang,24,4102
wang,24,4155
wang,24,4288
wang,24,4324
wang,24,4327
wang,24,4367
wang,24,4439
wang,24,4458
wang,24,4459
wang,24,4540
wang,24,4575
wang,24,4692
wang,24,4714
wang,24,4734
wang,24,4788
wang,24,4805
wang,24,4884
wang,24,4895
wang,24,5002
wang,24,5023
wang,24,5064
wang,24,5139
wang,24,5141
wang,24,5180
wang,24,5227
wang,24,5326
wang,24,5372
wang,24,5467
wang,24,5498
wang,24,5516
wang,24,5519
wang,24,5530
wang,24,5535
wang,24,5583
wang,24,5623
wang,24,5698
wang,24,5743
wang,24,5767
wang,24,5784
wang,24,5862
wang,24,5881
wang,24,5915
wang,24,5916
wang,24,6001
wang,24,6198
wang,24,6213
wang,24,6225
wang,24,6392
wang,24,6393
wang,24,6394
wang,24,6419
wang,24,6442
wang,24,6446
wang,24,6483
wang,24,6489
wang,24,6507
wang,24,6514
wang,24,6638
wang,24,6673
wang,24,6740
wang,24,6879
wang,24,6913
wang,24,6943
wang,24,6979
wang,24,7030
wang,24,7048
wang,24,7050
wang,24,7078
wang,24,7126
wang,24,7138
wang,24,7235
wang,24,7273
wang,24,7289
wang,24,7297
wang,24,7364
wang,24,7375
wang,24,7409
wang,24,7415
wang,24,7462
wang,24,7468
wang,24,7491
wang,24,7559
wang,24,7560
wang,24,7631
wang,24,7793
wang,24,7845
wang,24,7880
wang,24,7891
wang,24,7947
wang,24,8086
wang,24,8134
wang,24,8189
wang,24,8306
wang,24,8336
wang,24,8366
wang,24,8380
wang,24,8444
wang,24,8463
wang,24,8558
wang,24,8635
wang,24,8669
wang,24,8686
wang,24,8689
wang,24,8702
wang,24,8707
wang,24,8711
wang,24,8730
wang,24,8734
wang,24,8746
wang,24,8749
wang,24,8774
wang,24,8777
wang,24,8778
wang,24,8824
wang,24,8918
wang,24,9040
wang,24,9126
wang,24,9132
wang,24,9154
wang,24,9171
wang,24,9183
wang,24,9213
wang,24,9359
wang,24,9437
wang,24,9540
wang,24,9572
wang,24,9648
wang,24,9680
wang,24,9734
wang,24,9739
wang,24,9798
wang,24,9812
wang,24,9858
wang,24,9865
wang,24,9901
wang,24,10067
wang,24,10131
wang,24,10180
wang,24,10188
wang,24,10203
wang,24,10211
wang,24,10242
wang,24,10376
wang,24,10402
wang,24,10481
wang,24,10521
wang,24,10609
wang,24,10668
wang,24,10686
wang,24,10855
wang,24,10919
wang,24,10951
wang,24,10955
wang,24,11074
wang,24,11218
wang,24,11221
wang,24,11223
wang,24,11245
wang,24,11251
wang,24,11288
wang,24,11348
wang,24,11380
wang,24,11397
wang,24,11411
wang,24,11438
wang,24,11447
wang,24,11473
wang,24,11477
wang,24,11482
wang,24,11483
wang,24,11504
wang,24,11532
wang,24,11576
wang,24,11597
wang,24,11627
wang,24,11654
wang,24,11754
wang,24,11889
wang,24,11927
wang,24,12008
wang,24,12019
wang,24,12196
wang,24,12224
wang,24,12269
wang,24,12315
wang,24,12316
wang,24,12319
wang,24,12354
wang,24,12359
wang,24,12397
wang,24,12471
wang,24,12552
wang,24,12599
wang,24,12602
wang,24,12634
wang,24,12719
wang,24,12744
wang,24,12797
wang,24,12893
wang,24,13069
wang,24,13150
wang,24,13225
wang,24,13254
wang,24,13360
wang,24,13370
wang,24,13410
wang,24,13431
wang,24,13439
wang,24,13480
wang,24,13498
wang,24,13511
wang,24,13528
wang,24,13594
wang,24,13754
wang,24,13770
wang,24,13867
wang,24,13869
wang,24,13870
wang,24,13965
wang,24,14049
wang,24,14073
wang,24,14134
wang,24,14181
wang,24,14200
wang,24,14229
wang,25,43
wang,25,67
wang,25,128
wang,25,211
wang,25,244
wang,25,305
wang,25,358
wang,25,391
wang,25,462
wang,25,563
wang,25,594
wang,25,635
wang,25,724
wang,25,783
wang,25,784
wang,25,791
wang,25,814
wang,25,815
wang,25,848
wang,25,876
wang,25,950
wang,25,986
wang,25,1083
wang,25,1170
wang,25,1230
wang,25,1342
wang,25,1363
wang,25,1416
wang,25,1478
wang,25,1506
wang,25,1514
wang,25,1622
wang,25,1651
wang,25,1735
wang,25,1776
wang,25,1795
wang,25,1895
wang,25,2011
wang,25,2025
wang,25,2084
wang,25,2289
wang,25,2355
wang,25,2424
wang,25,2446
wang,25,2450
wang,25,2480
wang,25,2503
wang,25,2618
wang,25,2634
wang,25,2668
wang,25,2776
wang,25,2780
wang,25,2817
wang,25,2914
wang,25,3032
wang,25,3118
wang,25,3136
wang,25,3146
wang,25,3154
wang,25,3181
wang,25,3249
wang,25,3256
wang,25,3352
wang,25,3470
wang,25,3493
wang,25,3525
wang,25,3591
wang,25,3594
wang,25,3606
wang,25,3616
wang,25,3634
wang,25,3677
wang,25,3704
wang,25,3750
wang,25,3787
wang,25,3897
wang,25,3911
wang,25,3976
wang,25,3982
wang,25,3995
wang,25,4065
wang,25,4145
wang,25,4154
wang,25,4304
wang,25,4328
wang,25,4346
wang,25,4435
wang,25,4450
wang,25,4516
wang,25,4525
wang,25,4576
wang,25,4733
wang,25,4793
wang,25,4816
wang,25,4918
wang,25,4953
wang,25,5009
wang,25,5010
wang,25,5023
wang,25,5079
wang,25,5082
wang,25,5083
wang,25,5106
wang,25,5131
wang,25,5225
wang,25,5232
wang,25,5243
wang,25,5271
wang,25,5343
wang,25,5348
wang,25,5402
wang,25,5448
wang,25,5513
wang,25,5539
wang,25,5663
wang,25,5673
wang,25,5675
wang,25,5676
wang,25,5727
wang,25,5802
wang,25,5816
wang,25,5835
wang,25,5871
wang,25,5888
wang,25,5922
wang,25,5965
wang,25,6050
wang,25,6147
wang,25,6170
wang,25,6171
wang,25,6229
wang,25,6301
wang,25,6420
wang,25,6461
wang,25,6477
wang,25,6510
wang,25,6531
wang,25,6882
wang,25,7031
wang,25,7076
wang,25,7105
wang,25,7185
wang,25,7219
wang,25,7231
wang,25,7374
wang,25,7415
wang,25,7426
wang,25,7482
wang,25,7538
wang,25,7589
wang,25,7610
wang,25,7670
wang,25,7688
wang,25,7730
wang,25,7732
wang,25,7741
wang,25,7773
wang,25,7796
wang,25,7841
wang,25,7844
wang,25,7870
wang,25,7904
wang,25,7914
wang,25,7954
wang,25,7987
wang,25,8071
wang,25,8101
wang,25,8132
wang,25,8159
wang,25,8166
wang,25,8254
wang,25,8333
wang,25,8349
wang,25,8368
wang,25,8390
wang,25,8400
wang,25,8427
wang,25,8441
wang,25,8481
wang,25,8494
wang,25,8532
wang,25,8545
wang,25,8548
wang,25,8692
wang,25,8739
wang,25,8793
wang,25,8807
wang,25,8838
wang,25,8874
wang,25,8908
wang,25,8919
wang,25,8983
wang,25,9186
wang,25,9192
wang,25,9223
wang,25,9262
wang,25,9362
wang,25,9451
wang,25,9508
wang,25,9535
wang,25,9559
wang,25,9560
wang,25,9571
wang,25,9637
wang,25,9719
wang,25,9758
wang,25,9761
wang,25,9820
wang,25,9888
wang,25,9944
wang,25,9945
wang,25,9954
wang,25,9975
wang,25,9981
wang,25,10021
wang,25,10104
wang,25,10119
wang,25,10187
wang,25,10199
wang,25,10207
wang,25,10223
wang,25,10253
wang,25,10310
wang,25,10384
wang,25,10391
wang,25,10430
wang,25,10445
wang,25,10448
wang,25,10467
wang,25,10549
wang,25,10582
wang,25,10659
wang,25,10679
wang,25,10691
wang,25,10711
wang,25,10785
wang,25,10898
wang,25,10927
wang,25,11030
wang,25,11089
wang,25,11108
wang,25,11122
wang,25,11174
wang,25,11180
wang,25,11242
wang,25,11274
wang,25,11363
wang,25,11392
wang,25,11418
wang,25,11419
wang,25,11442
wang,25,11618
wang,25,11717
wang,25,11743
wang,25,11771
wang,25,11875
wang,25,11921
wang,25,11955
wang,25,11981
wang,25,12068
wang,25,12078
wang,25,12198
wang,25,12205
wang,25,12214
wang,25,12251
wang,25,12263
wang,25,12277
wang,25,12319
wang,25,12389
wang,25,12400
wang,25,12418
wang,25,12471
wang,25,12492
wang,25,12497
wang,25,12546
wang,25,12659
wang,25,12681
wang,25,12691
wang,25,12815
wang,25,12828
wang,25,12951
wang,25,13055
wang,25,13062
wang,25,13198
wang,25,13210
wang,25,13251
wang,25,13332
wang,25,13382
wang,25,13410
wang,25,13419
wang,25,13422
wang,25,13499
wang,25,13665
wang,25,13684
wang,25,13703
wang,25,13710
wang,25,13754
wang,25,13805
wang,25,13817
wang,25,13819
wang,25,13897
wang,25,13936
wang,25,13989
wang,25,14025
wang,25,14028
wang,25,14037
wang,25,14062
wang,25,14065
wang,25,14200
wang,25,14223
wang,25,14308
wang,25,14320
wang,26,12
wang,26,26
wang,26,111
wang,26,192
wang,26,225
wang,26,249
wang,26,262
wang,26,305
wang,26,315
wang,26,385
wang,26,387
wang,26,402
wang,26,450
wang,26,752
wang,26,852
wang,26,954
wang,26,959
wang,26,989
wang,26,1041
wang,26,1046
wang,26,1062
wang,26,1065
wang,26,1098
wang,26,1453
wang,26,1455
wang,26,1480
wang,26,1488
wang,26,1548
wang,26,1629
wang,26,1703
wang,26,1779
wang,26,1839
wang,26,1855
wang,26,1870
wang,26,1914
wang,26,1969
wang,26,2042
wang,26,2085
wang,26,2128
wang,26,2293
wang,26,2582
wang,26,2725
wang,26,2788
wang,26,3022
wang,26,3028
wang,26,3093
wang,26,3121
wang,26,3133
wang,26,3169
wang,26,3339
wang,26,3340
wang,26,3384
wang,26,3492
wang,26,3509
wang,26,3654
wang,26,3659
wang,26,3671
wang,26,3701
wang,26,3804
wang,26,3847
wang,26,3854
wang,26,3932
wang,26,4006
wang,26,4011
wang,26,4032
wang,26,4073
wang,26,4077
wang,26,4102
wang,26,4155
wang,26,4307
wang,26,4343
wang,26,4365
wang,26,4444
wang,26,4508
wang,26,4607
wang,26,4615
wang,26,4665
wang,26,4704
wang,26,4801
wang,26,4810
wang,26,4868
wang,26,4927
wang,26,4984
wang,26,5062
wang,26,5067
wang,26,5080
wang,26,5099
wang,26,5189
wang,26,5298
wang,26,5357
wang,26,5378
wang,26,5405
wang,26,5668
wang,26,5673
wang,26,5695
wang,26,5697
wang,26,5823
wang,26,5828
wang,26,5918
wang,26,5949
wang,26,5991
wang,26,6017
wang,26,6070
wang,26,6297
wang,26,6300
wang,26,6306
wang,26,6415
wang,26,6421
wang,26,6432
wang,26,6470
wang,26,6501
wang,26,6566
wang,26,6592
wang,26,6723
wang,26,6741
wang,26,6752
wang,26,6812
wang,26,6844
wang,26,6884
wang,26,7014
wang,26,7118
wang,26,7189
wang,26,7267
wang,26,7269
wang,26,7279
wang,26,7288
wang,26,7305
wang,26,7312
wang,26,7333
wang,26,7360
wang,26,7363
wang,26,7377
wang,26,7463
wang,26,7491
wang,26,7496
wang,26,7625
wang,26,7711
wang,26,7719
wang,26,7755
wang,26,7886
wang,26,7940
wang,26,7958
wang,26,7997
wang,26,8000
wang,26,8008
wang,26,8036
wang,26,8050
wang,26,8136
wang,26,8200
wang,26,8202
wang,26,8273
wang,26,8320
wang,26,8347
wang,26,8357
wang,26,8505
wang,26,8518
wang,26,8775
wang,26,9181
wang,26,9289
wang,26,9489
wang,26,9490
wang,26,9517
wang,26,9563
wang,26,9665
wang,26,9695
wang,26,9706
wang,26,9876
wang,26,9907
wang,26,9955
wang,26,9985
wang,26,10070
wang,26,10091
wang,26,10239
wang,26,10318
wang,26,10322
wang,26,10361
wang,26,10461
wang,26,10540
wang,26,10556
wang,26,10829
wang,26,10838
wang,26,10929
wang,26,11003
wang,26,11134
wang,26,11169
wang,26,11278
wang,26,11343
wang,26,11419
wang,26,11488
wang,26,11541
wang,26,11551
wang,26,11580
wang,26,11616
wang,26,11738
wang,26,12079
wang,26,12084
wang,26,12113
wang,26,12203
wang,26,12226
wang,26,12229
wang,26,12370
wang,26,12462
wang,26,12474
wang,26,12508
wang,26,12532
wang,26,12565
wang,26,12570
wang,26,12579
wang,26,12608
wang,26,12620
wang,26,12661
wang,26,12667
wang,26,12687
wang,26,12708
wang,26,12801
wang,26,12831
wang,26,12894
wang,26,12962
wang,26,13061
wang,26,13085
wang,26,13115
wang,26,13129
wang,26,13270
wang,26,13283
wang,26,13308
wang,26,13515
wang,26,13601
wang,26,13644
wang,26,13667
wang,26,13808
wang,26,13897
wang,26,13930
wang,26,14003
wang,26,14088
wang,26,14090
wang,26,14100
wang,26,14257
wang,27,35
wang,27,45
wang,27,62
wang,27,81
wang,27,115
wang,27,167
wang,27,175
wang,27,186
wang,27,189
wang,27,288
wang,27,316
wang,27,374
wang,27,462
wang,27,463
wang,27,509
wang,27,514
wang,27,528
wang,27,569
wang,27,594
wang,27,596
wang,27,605
wang,27,622
wang,27,643
wang,27,660
wang,27,702
wang,27,790
wang,27,798
wang,27,802
wang,27,892
wang,27,1028
wang,27,1133
wang,27,1151
wang,27,1253
wang,27,1355
wang,27,1370
wang,27,1562
wang,27,1633
wang,27,1674
wang,27,1690
wang,27,1742
wang,27,1780
wang,27,1805
wang,27,1833
wang,27,1883
wang,27,1979
wang,27,2034
wang,27,2035
wang,27,2052
wang,27,2093
wang,27,2102
wang,27,2118
wang,27,2155
wang,27,2165
wang,27,2214
wang,27,2249
wang,27,2264
wang,27,2343
wang,27,2475
wang,27,2503
wang,27,2520
wang,27,2522
wang,27,2599
wang,27,2640
wang,27,2674
wang,27,2721
wang,27,2773
wang,27,2794
wang,27,2837
wang,27,3083
wang,27,3118
wang,27,3140
wang,27,3141
wang,27,3171
wang,27,3217
wang,27,3223
wang,27,3240
wang,27,3278
wang,27,3324
wang,27,3442
wang,27,3506
wang,27,3653
wang,27,3662
wang,27,3794
wang,27,3829
wang,27,3839
wang,27,3847
wang,27,3865
wang,27,3873
wang,27,3878
wang,27,3885
wang,27,3891
wang,27,3918
wang,27,3977
wang,27,4179
wang,27,4186
wang,27,4216
wang,27,4220
wang,27,4321
wang,27,4333
wang,27,4349
wang,27,4433
wang,27,4450
wang,27,4476
wang,27,4558
wang,27,4563
wang,27,4696
wang,27,4898
wang,27,4900
wang,27,4907
wang,27,4918
wang,27,4968
wang,27,5070
wang,27,5092
wang,27,5108
wang,27,5128
wang,27,5130
wang,27,5147
wang,27,5205
wang,27,5233
wang,27,5302
wang,27,5378
wang,27,5424
wang,27,5463
wang,27,5492
wang,27,5497
wang,27,5514
wang,27,5528
wang,27,5530
wang,27,5587
wang,27,5628
wang,27,5774
wang,27,5782
wang,27,5800
wang,27,5810
wang,27,5843
wang,27,5867
wang,27,5870
wang,27,5900
wang,27,5906
wang,27,5923
wang,27,5945
wang,27,5962
wang,27,6017
wang,27,6130
wang,27,6243
wang,27,6314
wang,27,6378
wang,27,6503
wang,27,6547
wang,27,6584
wang,27,6589
wang,27,6600
wang,27,6602
wang,27,6628
wang,27,6652
wang,27,6688
wang,27,6700
wang,27,6717
wang,27,6959
wang,27,6995
wang,27,7047
wang,27,7090
wang,27,7099
wang,27,7108
wang,27,7186
wang,27,7200
wang,27,7257
wang,27,7283
wang,27,7472
wang,27,7490
wang,27,7499
wang,27,7528
wang,27,7596
wang,27,7606
wang,27,7612
wang,27,7665
wang,27,7672
wang,27,7767
wang,27,7772
wang,27,7827
wang,27,7830
wang,27,7882
wang,27,7924
wang,27,7988
wang,27,8041
wang,27,8051
wang,27,8083
wang,27,8235
wang,27,8249
wang,27,8252
wang,27,8277
wang,27,8295
wang,27,8305
wang,27,8311
wang,27,8320
wang,27,8363
wang,27,8375
wang,27,8391
wang,27,8454
wang,27,8457
wang,27,8463
wang,27,8482
wang,27,8512
wang,27,8556
wang,27,8739
wang,27,8768
wang,27,8777
wang,27,8786
wang,27,8801
wang,27,8807
wang,27,8884
wang,27,8906
wang,27,8959
wang,27,9023
wang,27,9032
wang,27,9038
wang,27,9048
wang,27,9091
wang,27,9169
wang,27,9183
wang,27,9226
wang,27,9347
wang,27,9387
wang,27,9415
wang,27,9421
wang,27,9434
wang,27,9499
wang,27,9600
wang,27,9619
wang,27,9623
wang,27,9654
wang,27,9896
wang,27,9926
wang,27,9951
wang,27,9991
wang,27,9992
wang,27,10102
wang,27,10123
wang,27,10133
wang,27,10137
wang,27,10154
wang,27,10214
wang,27,10302
wang,27,10306
wang,27,10352
wang,27,10411
wang,27,10465
wang,27,10512
wang,27,10519
wang,27,10548
wang,27,10607
wang,27,10614
wang,27,10663
wang,27,10769
wang,27,10813
wang,27,10854
wang,27,10876
wang,27,10916
wang,27,10923
wang,27,10957
wang,27,11015
wang,27,11055
wang,27,11079
wang,27,11090
wang,27,11108
wang,27,11132
wang,27,11257
wang,27,11265
wang,27,11272
wang,27,11326
wang,27,11359
wang,27,11363
wang,27,11383
wang,27,11415
wang,27,11469
wang,27,11489
wang,27,11527
wang,27,11567
wang,27,11636
wang,27,11672
wang,27,11841
wang,27,11973
wang,27,12102
wang,27,12160
wang,27,12183
wang,27,12230
wang,27,12411
wang,27,12455
wang,27,12490
wang,27,12602
wang,27,12632
wang,27,12636
wang,27,12673
wang,27,12887
wang,27,12916
wang,27,12926
wang,27,12956
wang,27,13025
wang,27,13030
wang,27,13047
wang,27,13160
wang,27,13174
wang,27,13231
wang,27,13289
wang,27,13347
wang,27,13476
wang,27,13578
wang,27,13610
wang,27,13683
wang,27,13694
wang,27,13711
wang,27,13745
wang,27,13751
wang,27,13810
wang,27,13885
wang,27,13895
wang,27,13988
wang,27,14021
wang,27,14025
wang,27,14111
wang,27,14115
wang,27,14124
wang,27,14147
wang,27,14247
wang,27,14294
wang,27,14315
wang,28,30
wang,28,51
wang,28,156
wang,28,211
wang,28,364
wang,28,482
wang,28,545
wang,28,547
wang,28,625
wang,28,748
wang,28,818
wang,28,846
wang,28,912
wang,28,986
wang,28,1030
wang,28,1131
wang,28,1194
wang,28,1222
wang,28,1343
wang,28,1407
wang,28,1447
wang,28,1477
wang,28,1526
wang,28,1594
wang,28,1600
wang,28,1790
wang,28,1823
wang,28,2074
wang,28,2128
wang,28,2248
wang,28,2307
wang,28,2348
wang,28,2465
wang,28,2494
wang,28,2608
wang,28,2622
wang,28,2636
wang,28,2760
wang,28,2807
wang,28,2831
wang,28,2842
wang,28,2901
wang,28,2906
wang,28,2936
wang,28,2976
wang,28,3141
wang,28,3308
wang,28,3333
wang,28,3363
wang,28,3424
wang,28,3505
wang,28,3515
wang,28,3520
wang,28,3692
wang,28,3737
wang,28,3754
wang,28,3862
wang,28,4013
wang,28,4080
wang,28,4123
wang,28,4162
wang,28,4164
wang,28,4231
wang,28,4233
wang,28,4284
wang,28,4382
wang,28,4396
wang,28,4587
wang,28,4593
wang,28,4686
wang,28,4764
wang,28,4814
wang,28,4920
wang,28,5026
wang,28,5039
wang,28,5085
wang,28,5140
wang,28,5151
wang,28,5203
wang,28,5268
wang,28,5299
wang,28,5339
wang,28,5580
wang,28,5596
wang,28,5657
wang,28,5758
wang,28,5853
wang,28,5856
wang,28,5878
wang,28,5934
wang,28,5961
wang,28,6265
wang,28,6313
wang,28,6419
wang,28,6561
wang,28,6596
wang,28,6646
wang,28,6756
wang,28,6810
wang,28,6829
wang,28,6858
wang,28,6901
wang,28,6960
wang,28,6987
wang,28,7031
wang,28,7080
wang,28,7107
wang,28,7205
wang,28,7267
wang,28,7328
wang,28,7334
wang,28,7464
wang,28,7614
wang,28,7615
wang,28,7737
wang,28,7766
wang,28,7782
wang,28,7888
wang,28,7913
wang,28,7927
wang,28,8195
wang,28,8235
wang,28,8265
wang,28,8276
wang,28,8470
wang,28,8525
wang,28,8602
wang,28,8637
wang,28,8685
wang,28,8900
wang,28,8985
wang,28,9152
wang,28,9225
wang,28,9260
wang,28,9267
wang,28,9336
wang,28,9397
wang,28,9461
wang,28,9482
wang,28,9693
wang,28,9828
wang,28,9947
wang,28,10168
wang,28,10405
wang,28,10480
wang,28,10537
wang,28,10558
wang,28,10767
wang,28,10851
wang,28,10898
wang,28,10922
wang,28,10927
wang,28,10945
wang,28,10968
wang,28,10991
wang,28,11000
wang,28,11060
wang,28,11063
wang,28,11248
wang,28,11293
wang,28,11312
wang,28,11405
wang,28,11474
wang,28,11546
wang,28,11558
wang,28,11584
wang,28,11593
wang,28,11647
wang,28,11702
wang,28,11741
wang,28,11851
wang,28,11878
wang,28,11921
wang,28,11954
wang,28,11992
wang,28,12025
wang,28,12034
wang,28,12138
wang,28,12167
wang,28,12209
wang,28,12302
wang,28,12481
wang,28,12523
wang,28,12747
wang,28,12775
wang,28,13139
wang,28,13215
wang,28,13278
wang,28,13393
wang,28,13439
wang,28,13560
wang,28,13608
wang,28,13680
wang,28,13736
wang,28,13753
wang,28,13755
wang,28,13924
wang,28,13948
wang,28,13949
wang,28,14030
wang,28,14042
wang,28,14265
wang,28,14293
wang,29,16
wang,29,75
wang,29,81
wang,29,166
wang,29,223
wang,29,257
wang,29,309
wang,29,404
wang,29,434
wang,29,507
wang,29,520
wang,29,546
wang,29,582
wang,29,712
wang,29,763
wang,29,1155
wang,29,1175
wang,29,1221
wang,29,1246
wang,29,1251
wang,29,1294
wang,29,1521
wang,29,1527
wang,29,1609
wang,29,1637
wang,29,1678
wang,29,1724
wang,29,1779
wang,29,1808
wang,29,1875
wang,29,1882
wang,29,1890
wang,29,1919
wang,29,1933
wang,29,1983
wang,29,2092
wang,29,2094
wang,29,2202
wang,29,2227
wang,29,2239
wang,29,2265
wang,29,2710
wang,29,2715
wang,29,2788
wang,29,2855
wang,29,2914
wang,29,3033
wang,29,3127
wang,29,3154
wang,29,3224
wang,29,3225
wang,29,3320
wang,29,3400
wang,29,3408
wang,29,3433
wang,29,3438
wang,29,3485
wang,29,3511
wang,29,3543
wang,29,3608
wang,29,3637
wang,29,3640
wang,29,3687
wang,29,3707
wang,29,3716
wang,29,4018
wang,29,4027
wang,29,4029
wang,29,4103
wang,29,4112
wang,29,4126
wang,29,4145
wang,29,4165
wang,29,4267
wang,29,4292
wang,29,4428
wang,29,4493
wang,29,4526
wang,29,4533
wang,29,4555
wang,29,4641
wang,29,4655
wang,29,4670
wang,29,4780
wang,29,4834
wang,29,4843
wang,29,4918
wang,29,4946
wang,29,5017
wang,29,5127
wang,29,5131
wang,29,5230
wang,29,5257
wang,29,5319
wang,29,5411
wang,29,5506
wang,29,5527
wang,29,5612
wang,29,5834
wang,29,5848
wang,29,5870
wang,29,5986
wang,29,6070
wang,29,6074
wang,29,6187
wang,29,6368
wang,29,6493
wang,29,6635
wang,29,6692
wang,29,6774
wang,29,6830
wang,29,6907
wang,29,6909
wang,29,7067
wang,29,7161
wang,29,7163
wang,29,7222
wang,29,7295
wang,29,7349
wang,29,7425
wang,29,7447
wang,29,7481
wang,29,7523
wang,29,7566
wang,29,7702
wang,29,7704
wang,29,7731
wang,29,7777
wang,29,8031
wang,29,8172
wang,29,8193
wang,29,8199
wang,29,8289
wang,29,8331
wang,29,8459
wang,29,8530
wang,29,8610
wang,29,8631
wang,29,8656
wang,29,8675
wang,29,8782
wang,29,8846
wang,29,8862
wang,29,8918
wang,29,8946
wang,29,8978
wang,29,8993
wang,29,9055
wang,29,9243
wang,29,9301
wang,29,9417
wang,29,9467
wang,29,9468
wang,29,9513
wang,29,9571
wang,29,9621
wang,29,9711
wang,29,9759
wang,29,9884
wang,29,9923
wang,29,9954
wang,29,10012
wang,29,10092
wang,29,10121
wang,29,10242
wang,29,10353
wang,29,10367
wang,29,10372
wang,29,10376
wang,29,10480
wang,29,10503
wang,29,10519
wang,29,10572
wang,29,10813
wang,29,10909
wang,29,10924
wang,29,11005
wang,29,11191
wang,29,11225
wang,29,11317
wang,29,11326
wang,29,11360
wang,29,11388
wang,29,11395
wang,29,11446
wang,29,11460
wang,29,11538
wang,29,11644
wang,29,11716
wang,29,11785
wang,29,11794
wang,29,11835
wang,29,11900
wang,29,11909
wang,29,12041
wang,29,12112
wang,29,12163
wang,29,12180
wang,29,12191
wang,29,12284
wang,29,12326
wang,29,12387
wang,29,12507
wang,29,12509
wang,29,12533
wang,29,12548
wang,29,13013
wang,29,13036
wang,29,13118
wang,29,13217
wang,29,13258
wang,29,13274
wang,29,13362
wang,29,13381
wang,29,13432
wang,29,13582
wang,29,13594
wang,29,13715
wang,29,13769
wang,29,13859
wang,29,13892
wang,29,13958
wang,29,14011
wang,29,14023
wang,29,14079
wang,29,14091
wang,29,14102
wang,29,14145
wang,29,14153
wang,29,14177
wang,29,14198
wang,30,43
wang,30,59
wang,30,164
wang,30,168
wang,30,236
wang,30,271
wang,30,280
wang,30,306
wang,30,358
wang,30,420
wang,30,555
wang,30,600
wang,30,625
wang,30,630
wang,30,773
wang,30,792
wang,30,810
wang,30,916
wang,30,964
wang,30,984
wang,30,986
wang,30,1015
wang,30,1103
wang,30,1171
wang,30,1302
wang,30,1365
wang,30,1379
wang,30,1503
wang,30,1561
wang,30,1562
wang,30,1592
wang,30,1595
wang,30,1648
wang,30,1681
wang,30,1739
wang,30,1741
wang,30,1797
wang,30,1801
wang,30,1943
wang,30,1961
wang,30,1969
wang,30,2005
wang,30,2069
wang,30,2096
wang,30,2117
wang,30,2120
wang,30,2339
wang,30,2458
wang,30,2486
wang,30,2521
wang,30,2533
wang,30,2549
wang,30,2562
wang,30,2593
wang,30,2653
wang,30,2894
wang,30,2932
wang,30,3053
wang,30,3136
wang,30,3260
wang,30,3405
wang,30,3430
wang,30,3587
wang,30,3700
wang,30,3719
wang,30,3727
wang,30,3842
wang,30,3855
wang,30,3971
wang,30,4017
wang,30,4040
wang,30,4063
wang,30,4077
wang,30,4131
wang,30,4199
wang,30,4224
wang,30,4240
wang,30,4246
wang,30,4306
wang,30,4346
wang,30,4361
wang,30,4381
wang,30,4438
wang,30,4684
wang,30,4711
wang,30,4718
wang,30,4772
wang,30,4815
wang,30,4837
wang,30,4903
wang,30,5022
wang,30,5042
wang,30,5043
wang,30,5099
wang,30,5114
wang,30,5304
wang,30,5336
wang,30,5359
wang,30,5366
wang,30,5384
wang,30,5388
wang,30,5473
wang,30,5490
wang,30,5526
wang,30,5549
wang,30,5582
wang,30,5601
wang,30,5739
wang,30,5785
wang,30,5834
wang,30,5860
wang,30,5905
wang,30,5939
wang,30,5948
wang,30,5951
wang,30,5961
wang,30,5980
wang,30,6013
wang,30,6159
wang,30,6297
wang,30,6378
wang,30,6388
wang,30,6424
wang,30,6493
wang,30,6507
wang,30,6579
wang,30,6623
wang,30,6632
wang,30,6716
wang,30,6816
wang,30,6855
wang,30,6894
wang,30,6932
wang,30,6978
wang,30,6989
wang,30,7036
wang,30,7041
wang,30,7110
wang,30,7207
wang,30,7259
wang,30,7305
wang,30,7410
wang,30,7442
wang,30,7456
wang,30,7463
wang,30,7466
wang,30,7613
wang,30,7675
wang,30,7676
wang,30,7696
wang,30,7872
wang,30,7997
wang,30,8036
wang,30,8040
wang,30,8078
wang,30,8113
wang,30,8157
wang,30,8226
wang,30,8261
wang,30,8326
wang,30,8361
wang,30,8392
wang,30,8393
wang,30,8522
wang,30,8587
wang,30,8677
wang,30,8726
wang,30,8832
wang,30,8836
wang,30,9025
wang,30,9106
wang,30,9114
wang,30,9127
wang,30,9138
wang,30,9226
wang,30,9255
wang,30,9291
wang,30,9306
wang,30,9333
wang,30,9389
wang,30,9390
wang,30,9621
wang,30,9686
wang,30,9732
wang,30,9737
wang,30,9745
wang,30,9846
wang,30,10023
wang,30,10055
wang,30,10110
wang,30,10111
wang,30,10207
wang,30,10263
wang,30,10292
wang,30,10303
wang,30,10343
wang,30,10445
wang,30,10493
wang,30,10548
wang,30,10638
wang,30,10664
wang,30,10821
wang,30,10893
wang,30,10985
wang,30,11019
wang,30,11050
wang,30,11188
wang,30,11251
wang,30,11258
wang,30,11272
wang,30,11303
wang,30,11398
wang,30,11484
wang,30,11510
wang,30,11603
wang,30,11887
wang,30,11920
wang,30,12005
wang,30,12012
wang,30,12016
wang,30,12025
wang,30,12115
wang,30,12150
wang,30,12166
wang,30,12258
wang,30,12381
wang,30,12395
wang,30,12406
wang,30,12446
wang,30,12457
wang,30,12512
wang,30,12526
wang,30,12531
wang,30,12591
wang,30,12711
wang,30,12940
wang,30,13020
wang,30,13047
wang,30,13048
wang,30,13084
wang,30,13252
wang,30,13304
wang,30,13325
wang,30,13342
wang,30,13536
wang,30,13622
wang,30,13720
wang,30,13741
wang,30,13753
wang,30,13829
wang,30,13935
wang,30,13939
wang,30,13989
wang,30,14139
wang,30,14143
wang,30,14181
wang,30,14215
wang,30,14246
wang,30,14261
wang,31,69
wang,31,118
wang,31,247
wang,31,416
wang,31,420
wang,31,437
wang,31,515
wang,31,602
wang,31,674
wang,31,795
wang,31,888
wang,31,984
wang,31,996
wang,31,997
wang,31,1000
wang,31,1006
wang,31,1045
wang,31,1129
wang,31,1157
wang,31,1190
wang,31,1343
wang,31,1386
wang,31,1504
wang,31,1506
wang,31,1519
wang,31,1542
wang,31,1625
wang,31,1654
wang,31,1668
wang,31,1681
wang,31,1776
wang,31,1778
wang,31,1946
wang,31,1973
wang,31,2111
wang,31,2207
wang,31,2223
wang,31,2304
wang,31,2467
wang,31,2653
wang,31,2754
wang,31,2756
wang,31,2943
wang,31,2945
wang,31,2954
wang,31,2984
wang,31,3023
wang,31,3166
wang,31,3175
wang,31,3265
wang,31,3268
wang,31,3309
wang,31,3409
wang,31,3410
wang,31,3461
wang,31,3548
wang,31,3607
wang,31,3646
wang,31,3771
wang,31,3811
wang,31,3927
wang,31,3971
wang,31,4179
wang,31,4239
wang,31,4261
wang,31,4341
wang,31,4426
wang,31,4436
wang,31,4577
wang,31,4655
wang,31,4670
wang,31,4710
wang,31,4768
wang,31,4786
wang,31,4788
wang,31,5036
wang,31,5099
wang,31,5253
wang,31,5395
wang,31,5399
wang,31,5406
wang,31,5540
wang,31,5554
wang,31,5604
wang,31,5615
wang,31,5748
wang,31,5756
wang,31,5838
wang,31,5891
wang,31,5919
wang,31,5933
wang,31,6005
wang,31,6099
wang,31,6159
wang,31,6227
wang,31,6467
wang,31,6566
wang,31,6575
wang,31,6657
wang,31,7054
wang,31,7104
wang,31,7124
wang,31,7197
wang,31,7278
wang,31,7314
wang,31,7342
wang,31,7416
wang,31,7450
wang,31,7611
wang,31,7626
wang,31,7646
wang,31,7745
wang,31,7844
wang,31,7861
wang,31,7892
wang,31,7944
wang,31,7959
wang,31,8053
wang,31,8060
wang,31,8118
wang,31,8331
wang,31,8363
wang,31,8432
wang,31,8583
wang,31,8591
wang,31,8625
wang,31,8652
wang,31,8682
wang,31,8700
wang,31,8720
wang,31,8745
wang,31,8750
wang,31,8784
wang,31,8829
wang,31,8937
wang,31,8954
wang,31,9047
wang,31,9050
wang,31,9058
wang,31,9114
wang,31,9247
wang,31,9301
wang,31,9393
wang,31,9402
wang,31,9416
wang,31,9426
wang,31,9465
wang,31,9575
wang,31,9769
wang,31,9825
wang,31,9837
wang,31,9841
wang,31,9850
wang,31,9854
wang,31,9906
wang,31,9907
wang,31,10073
wang,31,10107
wang,31,10143
wang,31,10345
wang,31,10405
wang,31,10489
wang,31,10575
wang,31,10584
wang,31,10662
wang,31,10674
wang,31,10892
wang,31,10973
wang,31,11010
wang,31,11013
wang,31,11057
wang,31,11175
wang,31,11222
wang,31,11234
wang,31,11248
wang,31,11321
wang,31,11581
wang,31,11638
wang,31,11752
wang,31,11856
wang,31,12004
wang,31,12032
wang,31,12145
wang,31,12174
wang,31,12260
wang,31,12295
wang,31,12406
wang,31,12446
wang,31,12529
wang,31,12540
wang,31,12713
wang,31,12719
wang,31,12863
wang,31,12913
wang,31,13027
wang,31,13030
wang,31,13189
wang,31,13336
wang,31,13419
wang,31,13544
wang,31,13590
wang,31,13650
wang,31,13801
wang,31,13869
wang,31,13882
wang,31,13883
wang,31,13909
wang,31,13926
wang,31,13995
wang,31,14073
wang,31,14107
wang,31,14123
wang,31,14256
wang,31,14276
wang,31,14299
