variant,layer,neuron_index
zhao_relative_epsilon,0,491
zhao_relative_epsilon,0,8268
zhao_relative_epsilon,0,10585
zhao_relative_epsilon,0,10902
zhao_relative_epsilon,0,11311
zhao_relative_epsilon,0,13463
zhao_relative_epsilon,1,198
zhao_relative_epsilon,1,2427
zhao_relative_epsilon,2,86
zhao_relative_epsilon,2,138
zhao_relative_epsilon,2,475
zhao_relative_epsilon,2,558
zhao_relative_epsilon,2,692
zhao_relative_epsilon,2,714
zhao_relative_epsilon,2,1012
zhao_relative_epsilon,2,1039
zhao_relative_epsilon,2,1139
zhao_relative_epsilon,2,1154
zhao_relative_epsilon,2,1189
zhao_relative_epsilon,2,1601
zhao_relative_epsilon,2,1683
zhao_relative_epsilon,2,1940
zhao_relative_epsilon,2,1946
zhao_relative_epsilon,2,1996
zhao_relative_epsilon,2,2045
zhao_relative_epsilon,2,2125
zhao_relative_epsilon,2,2129
zhao_relative_epsilon,2,2482
zhao_relative_epsilon,2,2507
zhao_relative_epsilon,2,2649
zhao_relative_epsilon,2,2676
zhao_relative_epsilon,2,2725
zhao_relative_epsilon,2,2741
zhao_relative_epsilon,2,2882
zhao_relative_epsilon,2,2975
zhao_relative_epsilon,2,3005
zhao_relative_epsilon,2,3174
zhao_relative_epsilon,2,3177
zhao_relative_epsilon,2,3301
zhao_relative_epsilon,2,3328
zhao_relative_epsilon,2,3338
zhao_relative_epsilon,2,3372
zhao_relative_epsilon,2,3373
zhao_relative_epsilon,2,3479
zhao_relative_epsilon,2,3553
zhao_relative_epsilon,2,3709
zhao_relative_epsilon,2,3796
zhao_relative_epsilon,2,3862
zhao_relative_epsilon,2,3996
zhao_relative_epsilon,2,4077
zhao_relative_epsilon,2,4107
zhao_relative_epsilon,2,4190
zhao_relative_epsilon,2,4259
zhao_relative_epsilon,2,4270
zhao_relative_epsilon,2,4359
zhao_relative_epsilon,2,4403
zhao_relative_epsilon,2,4555
zhao_relative_epsilon,2,4601
zhao_relative_epsilon,2,4786
zhao_relative_epsilon,2,5276
zhao_relative_epsilon,2,5308
zhao_relative_epsilon,2,5470
zhao_relative_epsilon,2,5503
zhao_relative_epsilon,2,5641
zhao_relative_epsilon,2,5644
zhao_relative_epsilon,2,5668
zhao_relative_epsilon,2,5681
zhao_relative_epsilon,2,5800
zhao_relative_epsilon,2,5843
zhao_relative_epsilon,2,5844
zhao_relative_epsilon,2,5891
zhao_relative_epsilon,2,5997
zhao_relative_epsilon,2,6113
zhao_relative_epsilon,2,6614
zhao_relative_epsilon,2,6762
zhao_relative_epsilon,2,6791
zhao_relative_epsilon,2,6833
zhao_relative_epsilon,2,6853
zhao_relative_epsilon,2,6922
zhao_relative_epsilon,2,7067
zhao_relative_epsilon,2,7307
zhao_relative_epsilon,2,7332
zhao_relative_epsilon,2,7360
zhao_relative_epsilon,2,7628
zhao_relative_epsilon,2,7890
zhao_relative_epsilon,2,7994
zhao_relative_epsilon,2,8077
zhao_relative_epsilon,2,8106
zhao_relative_epsilon,2,8132
zhao_relative_epsilon,2,8225
zhao_relative_epsilon,2,8406
zhao_relative_epsilon,2,8510
zhao_relative_epsilon,2,8843
zhao_relative_epsilon,2,8872
zhao_relative_epsilon,2,9038
zhao_relative_epsilon,2,9208
zhao_relative_epsilon,2,9246
zhao_relative_epsilon,2,9374
zhao_relative_epsilon,2,9407
zhao_relative_epsilon,2,9805
zhao_relative_epsilon,2,9808
zhao_relative_epsilon,2,9856
zhao_relative_epsilon,2,9858
zhao_relative_epsilon,2,9950
zhao_relative_epsilon,2,9968
zhao_relative_epsilon,2,9988
zhao_relative_epsilon,2,10006
zhao_relative_epsilon,2,10207
zhao_relative_epsilon,2,10346
zhao_relative_epsilon,2,10405
zhao_relative_epsilon,2,10465
zhao_relative_epsilon,2,10510
zhao_relative_epsilon,2,10524
zhao_relative_epsilon,2,10709
zhao_relative_epsilon,2,10723
zhao_relative_epsilon,2,10953
zhao_relative_epsilon,2,11217
zhao_relative_epsilon,2,11298
zhao_relative_epsilon,2,11324
zhao_relative_epsilon,2,11649
zhao_relative_epsilon,2,11857
zhao_relative_epsilon,2,11861
zhao_relative_epsilon,2,11863
zhao_relative_epsilon,2,11898
zhao_relative_epsilon,2,11931
zhao_relative_epsilon,2,12167
zhao_relative_epsilon,2,12277
zhao_relative_epsilon,2,12417
zhao_relative_epsilon,2,12475
zhao_relative_epsilon,2,12705
zhao_relative_epsilon,2,12761
zhao_relative_epsilon,2,12805
zhao_relative_epsilon,2,13072
zhao_relative_epsilon,2,13353
zhao_relative_epsilon,2,13437
zhao_relative_epsilon,2,13440
zhao_relative_epsilon,2,13473
zhao_relative_epsilon,2,13729
zhao_relative_epsilon,2,13831
zhao_relative_epsilon,2,13924
zhao_relative_epsilon,2,13942
zhao_relative_epsilon,2,13951
zhao_relative_epsilon,2,13955
zhao_relative_epsilon,2,14048
zhao_relative_epsilon,2,14074
zhao_relative_epsilon,2,14137
zhao_relative_epsilon,2,14211
zhao_relative_epsilon,2,14241
zhao_relative_epsilon,2,14246
zhao_relative_epsilon,2,14286
zhao_relative_epsilon,3,67
zhao_relative_epsilon,3,92
zhao_relative_epsilon,3,161
zhao_relative_epsilon,3,162
zhao_relative_epsilon,3,352
zhao_relative_epsilon,3,430
zhao_relative_epsilon,3,470
zhao_relative_epsilon,3,504
zhao_relative_epsilon,3,544
zhao_relative_epsilon,3,588
zhao_relative_epsilon,3,640
zhao_relative_epsilon,3,699
zhao_relative_epsilon,3,727
zhao_relative_epsilon,3,749
zhao_relative_epsilon,3,804
zhao_relative_epsilon,3,815
zhao_relative_epsilon,3,952
zhao_relative_epsilon,3,1012
zhao_relative_epsilon,3,1074
zhao_relative_epsilon,3,1138
zhao_relative_epsilon,3,1158
zhao_relative_epsilon,3,1160
zhao_relative_epsilon,3,1175
zhao_relative_epsilon,3,1500
zhao_relative_epsilon,3,1530
zhao_relative_epsilon,3,1563
zhao_relative_epsilon,3,1574
zhao_relative_epsilon,3,1649
zhao_relative_epsilon,3,1679
zhao_relative_epsilon,3,1708
zhao_relative_epsilon,3,1728
zhao_relative_epsilon,3,1747
zhao_relative_epsilon,3,1763
zhao_relative_epsilon,3,1990
zhao_relative_epsilon,3,2010
zhao_relative_epsilon,3,2113
zhao_relative_epsilon,3,2145
zhao_relative_epsilon,3,2194
zhao_relative_epsilon,3,2238
zhao_relative_epsilon,3,2276
zhao_relative_epsilon,3,2284
zhao_relative_epsilon,3,2326
zhao_relative_epsilon,3,2359
zhao_relative_epsilon,3,2399
zhao_relative_epsilon,3,2458
zhao_relative_epsilon,3,2606
zhao_relative_epsilon,3,2785
zhao_relative_epsilon,3,2975
zhao_relative_epsilon,3,3005
zhao_relative_epsilon,3,3081
zhao_relative_epsilon,3,3117
zhao_relative_epsilon,3,3168
zhao_relative_epsilon,3,3185
zhao_relative_epsilon,3,3214
zhao_relative_epsilon,3,3229
zhao_relative_epsilon,3,3260
zhao_relative_epsilon,3,3302
zhao_relative_epsilon,3,3344
zhao_relative_epsilon,3,3483
zhao_relative_epsilon,3,3543
zhao_relative_epsilon,3,3692
zhao_relative_epsilon,3,3751
zhao_relative_epsilon,3,3768
zhao_relative_epsilon,3,3813
zhao_relative_epsilon,3,3840
zhao_relative_epsilon,3,3982
zhao_relative_epsilon,3,4061
zhao_relative_epsilon,3,4116
zhao_relative_epsilon,3,4283
zhao_relative_epsilon,3,4409
zhao_relative_epsilon,3,4566
zhao_relative_epsilon,3,4725
zhao_relative_epsilon,3,4820
zhao_relative_epsilon,3,4884
zhao_relative_epsilon,3,5025
zhao_relative_epsilon,3,5058
zhao_relative_epsilon,3,5071
zhao_relative_epsilon,3,5099
zhao_relative_epsilon,3,5167
zhao_relative_epsilon,3,5171
zhao_relative_epsilon,3,5299
zhao_relative_epsilon,3,5399
zhao_relative_epsilon,3,5530
zhao_relative_epsilon,3,5539
zhao_relative_epsilon,3,5588
zhao_relative_epsilon,3,5654
zhao_relative_epsilon,3,5751
zhao_relative_epsilon,3,5779
zhao_relative_epsilon,3,5820
zhao_relative_epsilon,3,5869
zhao_relative_epsilon,3,5895
zhao_relative_epsilon,3,6058
zhao_relative_epsilon,3,6085
zhao_relative_epsilon,3,6087
zhao_relative_epsilon,3,6305
zhao_relative_epsilon,3,6390
zhao_relative_epsilon,3,6425
zhao_relative_epsilon,3,6529
zhao_relative_epsilon,3,6577
zhao_relative_epsilon,3,6831
zhao_relative_epsilon,3,6848
zhao_relative_epsilon,3,6864
zhao_relative_epsilon,3,6908
zhao_relative_epsilon,3,6961
zhao_relative_epsilon,3,7085
zhao_relative_epsilon,3,7114
zhao_relative_epsilon,3,7131
zhao_relative_epsilon,3,7212
zhao_relative_epsilon,3,7255
zhao_relative_epsilon,3,7431
zhao_relative_epsilon,3,7449
zhao_relative_epsilon,3,7450
zhao_relative_epsilon,3,7551
zhao_relative_epsilon,3,7657
zhao_relative_epsilon,3,7677
zhao_relative_epsilon,3,7766
zhao_relative_epsilon,3,7797
zhao_relative_epsilon,3,7842
zhao_relative_epsilon,3,7864
zhao_relative_epsilon,3,8097
zhao_relative_epsilon,3,8140
zhao_relative_epsilon,3,8176
zhao_relative_epsilon,3,8297
zhao_relative_epsilon,3,8355
zhao_relative_epsilon,3,8492
zhao_relative_epsilon,3,8565
zhao_relative_epsilon,3,8601
zhao_relative_epsilon,3,8644
zhao_relative_epsilon,3,8730
zhao_relative_epsilon,3,8849
zhao_relative_epsilon,3,8926
zhao_relative_epsilon,3,8935
zhao_relative_epsilon,3,9030
zhao_relative_epsilon,3,9171
zhao_relative_epsilon,3,9204
zhao_relative_epsilon,3,9217
zhao_relative_epsilon,3,9287
zhao_relative_epsilon,3,9405
zhao_relative_epsilon,3,9513
zhao_relative_epsilon,3,9531
zhao_relative_epsilon,3,9579
zhao_relative_epsilon,3,9622
zhao_relative_epsilon,3,9673
zhao_relative_epsilon,3,9792
zhao_relative_epsilon,3,9870
zhao_relative_epsilon,3,9890
zhao_relative_epsilon,3,9908
zhao_relative_epsilon,3,9922
zhao_relative_epsilon,3,9948
zhao_relative_epsilon,3,10108
zhao_relative_epsilon,3,10109
zhao_relative_epsilon,3,10328
zhao_relative_epsilon,3,10329
zhao_relative_epsilon,3,10351
zhao_relative_epsilon,3,10355
zhao_relative_epsilon,3,10392
zhao_relative_epsilon,3,10591
zhao_relative_epsilon,3,10629
zhao_relative_epsilon,3,10683
zhao_relative_epsilon,3,10733
zhao_relative_epsilon,3,10777
zhao_relative_epsilon,3,10793
zhao_relative_epsilon,3,10835
zhao_relative_epsilon,3,10836
zhao_relative_epsilon,3,10855
zhao_relative_epsilon,3,10866
zhao_relative_epsilon,3,10949
zhao_relative_epsilon,3,10950
zhao_relative_epsilon,3,11012
zhao_relative_epsilon,3,11018
zhao_relative_epsilon,3,11084
zhao_relative_epsilon,3,11112
zhao_relative_epsilon,3,11194
zhao_relative_epsilon,3,11264
zhao_relative_epsilon,3,11336
zhao_relative_epsilon,3,11354
zhao_relative_epsilon,3,11396
zhao_relative_epsilon,3,11398
zhao_relative_epsilon,3,11452
zhao_relative_epsilon,3,11533
zhao_relative_epsilon,3,11588
zhao_relative_epsilon,3,11688
zhao_relative_epsilon,3,11738
zhao_relative_epsilon,3,11761
zhao_relative_epsilon,3,11840
zhao_relative_epsilon,3,11951
zhao_relative_epsilon,3,12073
zhao_relative_epsilon,3,12225
zhao_relative_epsilon,3,12344
zhao_relative_epsilon,3,12461
zhao_relative_epsilon,3,12486
zhao_relative_epsilon,3,12650
zhao_relative_epsilon,3,12679
zhao_relative_epsilon,3,12706
zhao_relative_epsilon,3,12889
zhao_relative_epsilon,3,12969
zhao_relative_epsilon,3,13176
zhao_relative_epsilon,3,13442
zhao_relative_epsilon,3,13486
zhao_relative_epsilon,3,13538
zhao_relative_epsilon,3,13603
zhao_relative_epsilon,3,13640
zhao_relative_epsilon,3,13641
zhao_relative_epsilon,3,13673
zhao_relative_epsilon,3,13690
zhao_relative_epsilon,3,13731
zhao_relative_epsilon,3,13846
zhao_relative_epsilon,3,13863
zhao_relative_epsilon,3,13969
zhao_relative_epsilon,3,14016
zhao_relative_epsilon,3,14027
zhao_relative_epsilon,3,14208
zhao_relative_epsilon,3,14267
zhao_relative_epsilon,4,27
zhao_relative_epsilon,4,121
zhao_relative_epsilon,4,155
zhao_relative_epsilon,4,259
zhao_relative_epsilon,4,353
zhao_relative_epsilon,4,379
zhao_relative_epsilon,4,442
zhao_relative_epsilon,4,512
zhao_relative_epsilon,4,652
zhao_relative_epsilon,4,657
zhao_relative_epsilon,4,759
zhao_relative_epsilon,4,801
zhao_relative_epsilon,4,1016
zhao_relative_epsilon,4,1111
zhao_relative_epsilon,4,1154
zhao_relative_epsilon,4,1178
zhao_relative_epsilon,4,1197
zhao_relative_epsilon,4,1296
zhao_relative_epsilon,4,1407
zhao_relative_epsilon,4,1415
zhao_relative_epsilon,4,1428
zhao_relative_epsilon,4,1618
zhao_relative_epsilon,4,1721
zhao_relative_epsilon,4,1979
zhao_relative_epsilon,4,2027
zhao_relative_epsilon,4,2039
zhao_relative_epsilon,4,2217
zhao_relative_epsilon,4,2255
zhao_relative_epsilon,4,2388
zhao_relative_epsilon,4,2435
zhao_relative_epsilon,4,2487
zhao_relative_epsilon,4,2526
zhao_relative_epsilon,4,2577
zhao_relative_epsilon,4,2617
zhao_relative_epsilon,4,2636
zhao_relative_epsilon,4,2822
zhao_relative_epsilon,4,2842
zhao_relative_epsilon,4,2885
zhao_relative_epsilon,4,2907
zhao_relative_epsilon,4,2975
zhao_relative_epsilon,4,2999
zhao_relative_epsilon,4,3027
zhao_relative_epsilon,4,3029
zhao_relative_epsilon,4,3053
zhao_relative_epsilon,4,3105
zhao_relative_epsilon,4,3168
zhao_relative_epsilon,4,3178
zhao_relative_epsilon,4,3191
zhao_relative_epsilon,4,3420
zhao_relative_epsilon,4,3427
zhao_relative_epsilon,4,3517
zhao_relative_epsilon,4,3624
zhao_relative_epsilon,4,3630
zhao_relative_epsilon,4,3701
zhao_relative_epsilon,4,3739
zhao_relative_epsilon,4,3829
zhao_relative_epsilon,4,3847
zhao_relative_epsilon,4,3874
zhao_relative_epsilon,4,3884
zhao_relative_epsilon,4,3908
zhao_relative_epsilon,4,3981
zhao_relative_epsilon,4,4001
zhao_relative_epsilon,4,4009
zhao_relative_epsilon,4,4152
zhao_relative_epsilon,4,4270
zhao_relative_epsilon,4,4310
zhao_relative_epsilon,4,4345
zhao_relative_epsilon,4,4396
zhao_relative_epsilon,4,4416
zhao_relative_epsilon,4,4547
zhao_relative_epsilon,4,4614
zhao_relative_epsilon,4,4676
zhao_relative_epsilon,4,4687
zhao_relative_epsilon,4,4873
zhao_relative_epsilon,4,4988
zhao_relative_epsilon,4,5110
zhao_relative_epsilon,4,5267
zhao_relative_epsilon,4,5427
zhao_relative_epsilon,4,5443
zhao_relative_epsilon,4,5549
zhao_relative_epsilon,4,5556
zhao_relative_epsilon,4,5610
zhao_relative_epsilon,4,5627
zhao_relative_epsilon,4,5647
zhao_relative_epsilon,4,5674
zhao_relative_epsilon,4,5731
zhao_relative_epsilon,4,5804
zhao_relative_epsilon,4,5810
zhao_relative_epsilon,4,5812
zhao_relative_epsilon,4,5879
zhao_relative_epsilon,4,6116
zhao_relative_epsilon,4,6157
zhao_relative_epsilon,4,6233
zhao_relative_epsilon,4,6320
zhao_relative_epsilon,4,6491
zhao_relative_epsilon,4,6518
zhao_relative_epsilon,4,6587
zhao_relative_epsilon,4,6588
zhao_relative_epsilon,4,6611
zhao_relative_epsilon,4,6634
zhao_relative_epsilon,4,6648
zhao_relative_epsilon,4,6770
zhao_relative_epsilon,4,7147
zhao_relative_epsilon,4,7150
zhao_relative_epsilon,4,7251
zhao_relative_epsilon,4,7288
zhao_relative_epsilon,4,7334
zhao_relative_epsilon,4,7347
zhao_relative_epsilon,4,7372
zhao_relative_epsilon,4,7379
zhao_relative_epsilon,4,7392
zhao_relative_epsilon,4,7513
zhao_relative_epsilon,4,7523
zhao_relative_epsilon,4,7888
zhao_relative_epsilon,4,7955
zhao_relative_epsilon,4,8022
zhao_relative_epsilon,4,8036
zhao_relative_epsilon,4,8037
zhao_relative_epsilon,4,8102
zhao_relative_epsilon,4,8113
zhao_relative_epsilon,4,8154
zhao_relative_epsilon,4,8203
zhao_relative_epsilon,4,8207
zhao_relative_epsilon,4,8247
zhao_relative_epsilon,4,8340
zhao_relative_epsilon,4,8346
zhao_relative_epsilon,4,8432
zhao_relative_epsilon,4,8461
zhao_relative_epsilon,4,8497
zhao_relative_epsilon,4,8621
zhao_relative_epsilon,4,8626
zhao_relative_epsilon,4,8691
zhao_relative_epsilon,4,8695
zhao_relative_epsilon,4,8742
zhao_relative_epsilon,4,8816
zhao_relative_epsilon,4,9010
zhao_relative_epsilon,4,9104
zhao_relative_epsilon,4,9240
zhao_relative_epsilon,4,9258
zhao_relative_epsilon,4,9408
zhao_relative_epsilon,4,9431
zhao_relative_epsilon,4,9563
zhao_relative_epsilon,4,9580
zhao_relative_epsilon,4,9599
zhao_relative_epsilon,4,9637
zhao_relative_epsilon,4,9795
zhao_relative_epsilon,4,10072
zhao_relative_epsilon,4,10118
zhao_relative_epsilon,4,10188
zhao_relative_epsilon,4,10275
zhao_relative_epsilon,4,10276
zhao_relative_epsilon,4,10334
zhao_relative_epsilon,4,10424
zhao_relative_epsilon,4,10508
zhao_relative_epsilon,4,10511
zhao_relative_epsilon,4,10656
zhao_relative_epsilon,4,10675
zhao_relative_epsilon,4,10711
zhao_relative_epsilon,4,10849
zhao_relative_epsilon,4,10854
zhao_relative_epsilon,4,10906
zhao_relative_epsilon,4,10928
zhao_relative_epsilon,4,11140
zhao_relative_epsilon,4,11163
zhao_relative_epsilon,4,11277
zhao_relative_epsilon,4,11399
zhao_relative_epsilon,4,11480
zhao_relative_epsilon,4,11532
zhao_relative_epsilon,4,11621
zhao_relative_epsilon,4,11647
zhao_relative_epsilon,4,11683
zhao_relative_epsilon,4,11701
zhao_relative_epsilon,4,11812
zhao_relative_epsilon,4,11847
zhao_relative_epsilon,4,11877
zhao_relative_epsilon,4,11943
zhao_relative_epsilon,4,12042
zhao_relative_epsilon,4,12150
zhao_relative_epsilon,4,12251
zhao_relative_epsilon,4,12270
zhao_relative_epsilon,4,12340
zhao_relative_epsilon,4,12450
zhao_relative_epsilon,4,12512
zhao_relative_epsilon,4,12542
zhao_relative_epsilon,4,12556
zhao_relative_epsilon,4,12575
zhao_relative_epsilon,4,12815
zhao_relative_epsilon,4,12885
zhao_relative_epsilon,4,12934
zhao_relative_epsilon,4,12935
zhao_relative_epsilon,4,12990
zhao_relative_epsilon,4,13008
zhao_relative_epsilon,4,13036
zhao_relative_epsilon,4,13039
zhao_relative_epsilon,4,13045
zhao_relative_epsilon,4,13304
zhao_relative_epsilon,4,13343
zhao_relative_epsilon,4,13446
zhao_relative_epsilon,4,13599
zhao_relative_epsilon,4,13775
zhao_relative_epsilon,4,13907
zhao_relative_epsilon,4,13921
zhao_relative_epsilon,4,14272
zhao_relative_epsilon,4,14308
zhao_relative_epsilon,5,34
zhao_relative_epsilon,5,154
zhao_relative_epsilon,5,247
zhao_relative_epsilon,5,389
zhao_relative_epsilon,5,543
zhao_relative_epsilon,5,564
zhao_relative_epsilon,5,565
zhao_relative_epsilon,5,622
zhao_relative_epsilon,5,643
zhao_relative_epsilon,5,799
zhao_relative_epsilon,5,1242
zhao_relative_epsilon,5,1264
zhao_relative_epsilon,5,1282
zhao_relative_epsilon,5,1298
zhao_relative_epsilon,5,1310
zhao_relative_epsilon,5,1314
zhao_relative_epsilon,5,1338
zhao_relative_epsilon,5,1429
zhao_relative_epsilon,5,1447
zhao_relative_epsilon,5,1665
zhao_relative_epsilon,5,1698
zhao_relative_epsilon,5,1729
zhao_relative_epsilon,5,1920
zhao_relative_epsilon,5,1927
zhao_relative_epsilon,5,2284
zhao_relative_epsilon,5,2443
zhao_relative_epsilon,5,2534
zhao_relative_epsilon,5,2709
zhao_relative_epsilon,5,2795
zhao_relative_epsilon,5,2892
zhao_relative_epsilon,5,2893
zhao_relative_epsilon,5,2898
zhao_relative_epsilon,5,2941
zhao_relative_epsilon,5,2988
zhao_relative_epsilon,5,3001
zhao_relative_epsilon,5,3047
zhao_relative_epsilon,5,3071
zhao_relative_epsilon,5,3150
zhao_relative_epsilon,5,3187
zhao_relative_epsilon,5,3393
zhao_relative_epsilon,5,3396
zhao_relative_epsilon,5,3439
zhao_relative_epsilon,5,3463
zhao_relative_epsilon,5,3604
zhao_relative_epsilon,5,3685
zhao_relative_epsilon,5,3934
zhao_relative_epsilon,5,3981
zhao_relative_epsilon,5,4060
zhao_relative_epsilon,5,4102
zhao_relative_epsilon,5,4202
zhao_relative_epsilon,5,4205
zhao_relative_epsilon,5,4333
zhao_relative_epsilon,5,4379
zhao_relative_epsilon,5,4449
zhao_relative_epsilon,5,4533
zhao_relative_epsilon,5,4685
zhao_relative_epsilon,5,4708
zhao_relative_epsilon,5,4837
zhao_relative_epsilon,5,4861
zhao_relative_epsilon,5,4992
zhao_relative_epsilon,5,5016
zhao_relative_epsilon,5,5060
zhao_relative_epsilon,5,5118
zhao_relative_epsilon,5,5147
zhao_relative_epsilon,5,5219
zhao_relative_epsilon,5,5229
zhao_relative_epsilon,5,5244
zhao_relative_epsilon,5,5270
zhao_relative_epsilon,5,5293
zhao_relative_epsilon,5,5354
zhao_relative_epsilon,5,5412
zhao_relative_epsilon,5,5427
zhao_relative_epsilon,5,5481
zhao_relative_epsilon,5,5584
zhao_relative_epsilon,5,5740
zhao_relative_epsilon,5,6152
zhao_relative_epsilon,5,6180
zhao_relative_epsilon,5,6200
zhao_relative_epsilon,5,6201
zhao_relative_epsilon,5,6220
zhao_relative_epsilon,5,6257
zhao_relative_epsilon,5,6379
zhao_relative_epsilon,5,6398
zhao_relative_epsilon,5,6508
zhao_relative_epsilon,5,6524
zhao_relative_epsilon,5,6560
zhao_relative_epsilon,5,6570
zhao_relative_epsilon,5,6583
zhao_relative_epsilon,5,6739
zhao_relative_epsilon,5,6764
zhao_relative_epsilon,5,6786
zhao_relative_epsilon,5,6808
zhao_relative_epsilon,5,6834
zhao_relative_epsilon,5,6857
zhao_relative_epsilon,5,6955
zhao_relative_epsilon,5,7005
zhao_relative_epsilon,5,7012
zhao_relative_epsilon,5,7077
zhao_relative_epsilon,5,7078
zhao_relative_epsilon,5,7156
zhao_relative_epsilon,5,7206
zhao_relative_epsilon,5,7252
zhao_relative_epsilon,5,7284
zhao_relative_epsilon,5,7381
zhao_relative_epsilon,5,7382
zhao_relative_epsilon,5,7412
zhao_relative_epsilon,5,7525
zhao_relative_epsilon,5,7602
zhao_relative_epsilon,5,7604
zhao_relative_epsilon,5,7652
zhao_relative_epsilon,5,7843
zhao_relative_epsilon,5,7951
zhao_relative_epsilon,5,7994
zhao_relative_epsilon,5,8038
zhao_relative_epsilon,5,8203
zhao_relative_epsilon,5,8416
zhao_relative_epsilon,5,8478
zhao_relative_epsilon,5,8529
zhao_relative_epsilon,5,9080
zhao_relative_epsilon,5,9093
zhao_relative_epsilon,5,9286
zhao_relative_epsilon,5,9348
zhao_relative_epsilon,5,9483
zhao_relative_epsilon,5,9545
zhao_relative_epsilon,5,9842
zhao_relative_epsilon,5,9910
zhao_relative_epsilon,5,10131
zhao_relative_epsilon,5,10433
zhao_relative_epsilon,5,10634
zhao_relative_epsilon,5,10736
zhao_relative_epsilon,5,10862
zhao_relative_epsilon,5,10926
zhao_relative_epsilon,5,11043
zhao_relative_epsilon,5,11276
zhao_relative_epsilon,5,11283
zhao_relative_epsilon,5,11302
zhao_relative_epsilon,5,11312
zhao_relative_epsilon,5,11614
zhao_relative_epsilon,5,11661
zhao_relative_epsilon,5,11693
zhao_relative_epsilon,5,11910
zhao_relative_epsilon,5,12124
zhao_relative_epsilon,5,12127
zhao_relative_epsilon,5,12144
zhao_relative_epsilon,5,12154
zhao_relative_epsilon,5,12466
zhao_relative_epsilon,5,12484
zhao_relative_epsilon,5,12485
zhao_relative_epsilon,5,12494
zhao_relative_epsilon,5,12506
zhao_relative_epsilon,5,12553
zhao_relative_epsilon,5,12660
zhao_relative_epsilon,5,13142
zhao_relative_epsilon,5,13406
zhao_relative_epsilon,5,13418
zhao_relative_epsilon,5,13419
zhao_relative_epsilon,5,13861
zhao_relative_epsilon,5,13927
zhao_relative_epsilon,5,13950
zhao_relative_epsilon,5,14005
zhao_relative_epsilon,5,14089
zhao_relative_epsilon,5,14135
zhao_relative_epsilon,5,14152
zhao_relative_epsilon,5,14182
zhao_relative_epsilon,5,14206
zhao_relative_epsilon,5,14300
zhao_relative_epsilon,5,14304
zhao_relative_epsilon,6,340
zhao_relative_epsilon,6,399
zhao_relative_epsilon,6,847
zhao_relative_epsilon,6,976
zhao_relative_epsilon,6,1133
zhao_relative_epsilon,6,1271
zhao_relative_epsilon,6,1278
zhao_relative_epsilon,6,1312
zhao_relative_epsilon,6,1399
zhao_relative_epsilon,6,1704
zhao_relative_epsilon,6,1782
zhao_relative_epsilon,6,1821
zhao_relative_epsilon,6,2134
zhao_relative_epsilon,6,2404
zhao_relative_epsilon,6,2439
zhao_relative_epsilon,6,2453
zhao_relative_epsilon,6,2469
zhao_relative_epsilon,6,2665
zhao_relative_epsilon,6,2843
zhao_relative_epsilon,6,2938
zhao_relative_epsilon,6,3423
zhao_relative_epsilon,6,4125
zhao_relative_epsilon,6,4292
zhao_relative_epsilon,6,4354
zhao_relative_epsilon,6,4437
zhao_relative_epsilon,6,4486
zhao_relative_epsilon,6,4590
zhao_relative_epsilon,6,4689
zhao_relative_epsilon,6,4855
zhao_relative_epsilon,6,5080
zhao_relative_epsilon,6,5134
zhao_relative_epsilon,6,5430
zhao_relative_epsilon,6,5479
zhao_relative_epsilon,6,5697
zhao_relative_epsilon,6,5866
zhao_relative_epsilon,6,6107
zhao_relative_epsilon,6,6398
zhao_relative_epsilon,6,6457
zhao_relative_epsilon,6,6471
zhao_relative_epsilon,6,6477
zhao_relative_epsilon,6,6702
zhao_relative_epsilon,6,7021
zhao_relative_epsilon,6,7136
zhao_relative_epsilon,6,7162
zhao_relative_epsilon,6,7168
zhao_relative_epsilon,6,7704
zhao_relative_epsilon,6,7858
zhao_relative_epsilon,6,7960
zhao_relative_epsilon,6,8103
zhao_relative_epsilon,6,8206
zhao_relative_epsilon,6,8571
zhao_relative_epsilon,6,8601
zhao_relative_epsilon,6,8885
zhao_relative_epsilon,6,8922
zhao_relative_epsilon,6,8934
zhao_relative_epsilon,6,8948
zhao_relative_epsilon,6,9467
zhao_relative_epsilon,6,9514
zhao_relative_epsilon,6,9524
zhao_relative_epsilon,6,9829
zhao_relative_epsilon,6,9845
zhao_relative_epsilon,6,10462
zhao_relative_epsilon,6,10487
zhao_relative_epsilon,6,10496
zhao_relative_epsilon,6,10511
zhao_relative_epsilon,6,10653
zhao_relative_epsilon,6,10831
zhao_relative_epsilon,6,10840
zhao_relative_epsilon,6,10951
zhao_relative_epsilon,6,11170
zhao_relative_epsilon,6,11250
zhao_relative_epsilon,6,11268
zhao_relative_epsilon,6,11459
zhao_relative_epsilon,6,11573
zhao_relative_epsilon,6,11623
zhao_relative_epsilon,6,11682
zhao_relative_epsilon,6,11705
zhao_relative_epsilon,6,11946
zhao_relative_epsilon,6,12140
zhao_relative_epsilon,6,12307
zhao_relative_epsilon,6,12390
zhao_relative_epsilon,6,12511
zhao_relative_epsilon,6,12689
zhao_relative_epsilon,6,12769
zhao_relative_epsilon,6,12847
zhao_relative_epsilon,6,13105
zhao_relative_epsilon,6,13218
zhao_relative_epsilon,6,13476
zhao_relative_epsilon,6,13803
zhao_relative_epsilon,6,13945
zhao_relative_epsilon,7,21
zhao_relative_epsilon,7,36
zhao_relative_epsilon,7,41
zhao_relative_epsilon,7,52
zhao_relative_epsilon,7,73
zhao_relative_epsilon,7,77
zhao_relative_epsilon,7,123
zhao_relative_epsilon,7,138
zhao_relative_epsilon,7,184
zhao_relative_epsilon,7,224
zhao_relative_epsilon,7,354
zhao_relative_epsilon,7,378
zhao_relative_epsilon,7,405
zhao_relative_epsilon,7,430
zhao_relative_epsilon,7,434
zhao_relative_epsilon,7,447
zhao_relative_epsilon,7,461
zhao_relative_epsilon,7,467
zhao_relative_epsilon,7,510
zhao_relative_epsilon,7,530
zhao_relative_epsilon,7,551
zhao_relative_epsilon,7,639
zhao_relative_epsilon,7,658
zhao_relative_epsilon,7,686
zhao_relative_epsilon,7,698
zhao_relative_epsilon,7,699
zhao_relative_epsilon,7,707
zhao_relative_epsilon,7,801
zhao_relative_epsilon,7,823
zhao_relative_epsilon,7,833
zhao_relative_epsilon,7,839
zhao_relative_epsilon,7,848
zhao_relative_epsilon,7,953
zhao_relative_epsilon,7,980
zhao_relative_epsilon,7,990
zhao_relative_epsilon,7,996
zhao_relative_epsilon,7,1006
zhao_relative_epsilon,7,1045
zhao_relative_epsilon,7,1164
zhao_relative_epsilon,7,1178
zhao_relative_epsilon,7,1185
zhao_relative_epsilon,7,1219
zhao_relative_epsilon,7,1241
zhao_relative_epsilon,7,1295
zhao_relative_epsilon,7,1309
zhao_relative_epsilon,7,1333
zhao_relative_epsilon,7,1343
zhao_relative_epsilon,7,1393
zhao_relative_epsilon,7,1460
zhao_relative_epsilon,7,1518
zhao_relative_epsilon,7,1543
zhao_relative_epsilon,7,1551
zhao_relative_epsilon,7,1592
zhao_relative_epsilon,7,1616
zhao_relative_epsilon,7,1627
zhao_relative_epsilon,7,1706
zhao_relative_epsilon,7,1727
zhao_relative_epsilon,7,1731
zhao_relative_epsilon,7,1811
zhao_relative_epsilon,7,1829
zhao_relative_epsilon,7,1840
zhao_relative_epsilon,7,1885
zhao_relative_epsilon,7,1923
zhao_relative_epsilon,7,1970
zhao_relative_epsilon,7,1994
zhao_relative_epsilon,7,2006
zhao_relative_epsilon,7,2109
zhao_relative_epsilon,7,2130
zhao_relative_epsilon,7,2155
zhao_relative_epsilon,7,2172
zhao_relative_epsilon,7,2176
zhao_relative_epsilon,7,2197
zhao_relative_epsilon,7,2242
zhao_relative_epsilon,7,2272
zhao_relative_epsilon,7,2292
zhao_relative_epsilon,7,2308
zhao_relative_epsilon,7,2317
zhao_relative_epsilon,7,2324
zhao_relative_epsilon,7,2356
zhao_relative_epsilon,7,2392
zhao_relative_epsilon,7,2488
zhao_relative_epsilon,7,2536
zhao_relative_epsilon,7,2701
zhao_relative_epsilon,7,2723
zhao_relative_epsilon,7,2806
zhao_relative_epsilon,7,2815
zhao_relative_epsilon,7,2823
zhao_relative_epsilon,7,2829
zhao_relative_epsilon,7,2847
zhao_relative_epsilon,7,2934
zhao_relative_epsilon,7,2983
zhao_relative_epsilon,7,2992
zhao_relative_epsilon,7,3005
zhao_relative_epsilon,7,3013
zhao_relative_epsilon,7,3070
zhao_relative_epsilon,7,3102
zhao_relative_epsilon,7,3112
zhao_relative_epsilon,7,3125
zhao_relative_epsilon,7,3149
zhao_relative_epsilon,7,3189
zhao_relative_epsilon,7,3200
zhao_relative_epsilon,7,3203
zhao_relative_epsilon,7,3228
zhao_relative_epsilon,7,3273
zhao_relative_epsilon,7,3301
zhao_relative_epsilon,7,3303
zhao_relative_epsilon,7,3315
zhao_relative_epsilon,7,3331
zhao_relative_epsilon,7,3336
zhao_relative_epsilon,7,3397
zhao_relative_epsilon,7,3403
zhao_relative_epsilon,7,3412
zhao_relative_epsilon,7,3480
zhao_relative_epsilon,7,3488
zhao_relative_epsilon,7,3510
zhao_relative_epsilon,7,3514
zhao_relative_epsilon,7,3527
zhao_relative_epsilon,7,3535
zhao_relative_epsilon,7,3538
zhao_relative_epsilon,7,3555
zhao_relative_epsilon,7,3629
zhao_relative_epsilon,7,3654
zhao_relative_epsilon,7,3697
zhao_relative_epsilon,7,3720
zhao_relative_epsilon,7,3728
zhao_relative_epsilon,7,3734
zhao_relative_epsilon,7,3739
zhao_relative_epsilon,7,3748
zhao_relative_epsilon,7,3754
zhao_relative_epsilon,7,3866
zhao_relative_epsilon,7,3901
zhao_relative_epsilon,7,3925
zhao_relative_epsilon,7,3964
zhao_relative_epsilon,7,4026
zhao_relative_epsilon,7,4100
zhao_relative_epsilon,7,4114
zhao_relative_epsilon,7,4159
zhao_relative_epsilon,7,4186
zhao_relative_epsilon,7,4235
zhao_relative_epsilon,7,4257
zhao_relative_epsilon,7,4269
zhao_relative_epsilon,7,4316
zhao_relative_epsilon,7,4351
zhao_relative_epsilon,7,4366
zhao_relative_epsilon,7,4383
zhao_relative_epsilon,7,4389
zhao_relative_epsilon,7,4395
zhao_relative_epsilon,7,4407
zhao_relative_epsilon,7,4436
zhao_relative_epsilon,7,4484
zhao_relative_epsilon,7,4490
zhao_relative_epsilon,7,4493
zhao_relative_epsilon,7,4519
zhao_relative_epsilon,7,4582
zhao_relative_epsilon,7,4587
zhao_relative_epsilon,7,4607
zhao_relative_epsilon,7,4611
zhao_relative_epsilon,7,4631
zhao_relative_epsilon,7,4632
zhao_relative_epsilon,7,4646
zhao_relative_epsilon,7,4661
zhao_relative_epsilon,7,4694
zhao_relative_epsilon,7,4703
zhao_relative_epsilon,7,4750
zhao_relative_epsilon,7,4794
zhao_relative_epsilon,7,4798
zhao_relative_epsilon,7,4809
zhao_relative_epsilon,7,4840
zhao_relative_epsilon,7,4841
zhao_relative_epsilon,7,4930
zhao_relative_epsilon,7,4978
zhao_relative_epsilon,7,5007
zhao_relative_epsilon,7,5038
zhao_relative_epsilon,7,5041
zhao_relative_epsilon,7,5049
zhao_relative_epsilon,7,5074
zhao_relative_epsilon,7,5082
zhao_relative_epsilon,7,5191
zhao_relative_epsilon,7,5209
zhao_relative_epsilon,7,5235
zhao_relative_epsilon,7,5242
zhao_relative_epsilon,7,5271
zhao_relative_epsilon,7,5332
zhao_relative_epsilon,7,5395
zhao_relative_epsilon,7,5433
zhao_relative_epsilon,7,5439
zhao_relative_epsilon,7,5446
zhao_relative_epsilon,7,5468
zhao_relative_epsilon,7,5532
zhao_relative_epsilon,7,5572
zhao_relative_epsilon,7,5596
zhao_relative_epsilon,7,5602
zhao_relative_epsilon,7,5639
zhao_relative_epsilon,7,5725
zhao_relative_epsilon,7,5728
zhao_relative_epsilon,7,5763
zhao_relative_epsilon,7,5801
zhao_relative_epsilon,7,5874
zhao_relative_epsilon,7,5916
zhao_relative_epsilon,7,5925
zhao_relative_epsilon,7,5987
zhao_relative_epsilon,7,6002
zhao_relative_epsilon,7,6007
zhao_relative_epsilon,7,6070
zhao_relative_epsilon,7,6117
zhao_relative_epsilon,7,6130
zhao_relative_epsilon,7,6133
zhao_relative_epsilon,7,6141
zhao_relative_epsilon,7,6146
zhao_relative_epsilon,7,6181
zhao_relative_epsilon,7,6196
zhao_relative_epsilon,7,6198
zhao_relative_epsilon,7,6205
zhao_relative_epsilon,7,6216
zhao_relative_epsilon,7,6231
zhao_relative_epsilon,7,6330
zhao_relative_epsilon,7,6337
zhao_relative_epsilon,7,6360
zhao_relative_epsilon,7,6392
zhao_relative_epsilon,7,6440
zhao_relative_epsilon,7,6455
zhao_relative_epsilon,7,6478
zhao_relative_epsilon,7,6555
zhao_relative_epsilon,7,6590
zhao_relative_epsilon,7,6594
zhao_relative_epsilon,7,6596
zhao_relative_epsilon,7,6597
zhao_relative_epsilon,7,6634
zhao_relative_epsilon,7,6655
zhao_relative_epsilon,7,6673
zhao_relative_epsilon,7,6694
zhao_relative_epsilon,7,6719
zhao_relative_epsilon,7,6729
zhao_relative_epsilon,7,6756
zhao_relative_epsilon,7,6784
zhao_relative_epsilon,7,6791
zhao_relative_epsilon,7,6819
zhao_relative_epsilon,7,6830
zhao_relative_epsilon,7,6867
zhao_relative_epsilon,7,6878
zhao_relative_epsilon,7,6892
zhao_relative_epsilon,7,6898
zhao_relative_epsilon,7,6934
zhao_relative_epsilon,7,6969
zhao_relative_epsilon,7,6976
zhao_relative_epsilon,7,7016
zhao_relative_epsilon,7,7065
zhao_relative_epsilon,7,7106
zhao_relative_epsilon,7,7107
zhao_relative_epsilon,7,7145
zhao_relative_epsilon,7,7203
zhao_relative_epsilon,7,7229
zhao_relative_epsilon,7,7317
zhao_relative_epsilon,7,7362
zhao_relative_epsilon,7,7377
zhao_relative_epsilon,7,7394
zhao_relative_epsilon,7,7417
zhao_relative_epsilon,7,7419
zhao_relative_epsilon,7,7478
zhao_relative_epsilon,7,7481
zhao_relative_epsilon,7,7499
zhao_relative_epsilon,7,7502
zhao_relative_epsilon,7,7560
zhao_relative_epsilon,7,7612
zhao_relative_epsilon,7,7617
zhao_relative_epsilon,7,7635
zhao_relative_epsilon,7,7654
zhao_relative_epsilon,7,7676
zhao_relative_epsilon,7,7742
zhao_relative_epsilon,7,7756
zhao_relative_epsilon,7,7826
zhao_relative_epsilon,7,7833
zhao_relative_epsilon,7,7839
zhao_relative_epsilon,7,7848
zhao_relative_epsilon,7,7855
zhao_relative_epsilon,7,7882
zhao_relative_epsilon,7,7936
zhao_relative_epsilon,7,7980
zhao_relative_epsilon,7,7982
zhao_relative_epsilon,7,8008
zhao_relative_epsilon,7,8019
zhao_relative_epsilon,7,8042
zhao_relative_epsilon,7,8052
zhao_relative_epsilon,7,8059
zhao_relative_epsilon,7,8068
zhao_relative_epsilon,7,8070
zhao_relative_epsilon,7,8078
zhao_relative_epsilon,7,8120
zhao_relative_epsilon,7,8122
zhao_relative_epsilon,7,8161
zhao_relative_epsilon,7,8172
zhao_relative_epsilon,7,8193
zhao_relative_epsilon,7,8196
zhao_relative_epsilon,7,8202
zhao_relative_epsilon,7,8233
zhao_relative_epsilon,7,8236
zhao_relative_epsilon,7,8287
zhao_relative_epsilon,7,8315
zhao_relative_epsilon,7,8320
zhao_relative_epsilon,7,8334
zhao_relative_epsilon,7,8341
zhao_relative_epsilon,7,8389
zhao_relative_epsilon,7,8418
zhao_relative_epsilon,7,8431
zhao_relative_epsilon,7,8496
zhao_relative_epsilon,7,8514
zhao_relative_epsilon,7,8571
zhao_relative_epsilon,7,8592
zhao_relative_epsilon,7,8627
zhao_relative_epsilon,7,8630
zhao_relative_epsilon,7,8703
zhao_relative_epsilon,7,8716
zhao_relative_epsilon,7,8768
zhao_relative_epsilon,7,8815
zhao_relative_epsilon,7,8899
zhao_relative_epsilon,7,8934
zhao_relative_epsilon,7,9006
zhao_relative_epsilon,7,9040
zhao_relative_epsilon,7,9044
zhao_relative_epsilon,7,9078
zhao_relative_epsilon,7,9105
zhao_relative_epsilon,7,9143
zhao_relative_epsilon,7,9186
zhao_relative_epsilon,7,9247
zhao_relative_epsilon,7,9300
zhao_relative_epsilon,7,9321
zhao_relative_epsilon,7,9353
zhao_relative_epsilon,7,9387
zhao_relative_epsilon,7,9406
zhao_relative_epsilon,7,9428
zhao_relative_epsilon,7,9437
zhao_relative_epsilon,7,9451
zhao_relative_epsilon,7,9484
zhao_relative_epsilon,7,9576
zhao_relative_epsilon,7,9593
zhao_relative_epsilon,7,9594
zhao_relative_epsilon,7,9622
zhao_relative_epsilon,7,9657
zhao_relative_epsilon,7,9751
zhao_relative_epsilon,7,9759
zhao_relative_epsilon,7,9808
zhao_relative_epsilon,7,9876
zhao_relative_epsilon,7,9883
zhao_relative_epsilon,7,9934
zhao_relative_epsilon,7,9960
zhao_relative_epsilon,7,9972
zhao_relative_epsilon,7,9983
zhao_relative_epsilon,7,10006
zhao_relative_epsilon,7,10008
zhao_relative_epsilon,7,10009
zhao_relative_epsilon,7,10036
zhao_relative_epsilon,7,10053
zhao_relative_epsilon,7,10068
zhao_relative_epsilon,7,10135
zhao_relative_epsilon,7,10143
zhao_relative_epsilon,7,10221
zhao_relative_epsilon,7,10283
zhao_relative_epsilon,7,10284
zhao_relative_epsilon,7,10302
zhao_relative_epsilon,7,10309
zhao_relative_epsilon,7,10325
zhao_relative_epsilon,7,10366
zhao_relative_epsilon,7,10368
zhao_relative_epsilon,7,10506
zhao_relative_epsilon,7,10556
zhao_relative_epsilon,7,10605
zhao_relative_epsilon,7,10612
zhao_relative_epsilon,7,10615
zhao_relative_epsilon,7,10659
zhao_relative_epsilon,7,10676
zhao_relative_epsilon,7,10704
zhao_relative_epsilon,7,10756
zhao_relative_epsilon,7,10815
zhao_relative_epsilon,7,10824
zhao_relative_epsilon,7,10863
zhao_relative_epsilon,7,10918
zhao_relative_epsilon,7,10930
zhao_relative_epsilon,7,10948
zhao_relative_epsilon,7,10951
zhao_relative_epsilon,7,10953
zhao_relative_epsilon,7,11002
zhao_relative_epsilon,7,11009
zhao_relative_epsilon,7,11031
zhao_relative_epsilon,7,11114
zhao_relative_epsilon,7,11128
zhao_relative_epsilon,7,11154
zhao_relative_epsilon,7,11163
zhao_relative_epsilon,7,11197
zhao_relative_epsilon,7,11201
zhao_relative_epsilon,7,11236
zhao_relative_epsilon,7,11293
zhao_relative_epsilon,7,11340
zhao_relative_epsilon,7,11346
zhao_relative_epsilon,7,11357
zhao_relative_epsilon,7,11367
zhao_relative_epsilon,7,11416
zhao_relative_epsilon,7,11441
zhao_relative_epsilon,7,11464
zhao_relative_epsilon,7,11469
zhao_relative_epsilon,7,11473
zhao_relative_epsilon,7,11481
zhao_relative_epsilon,7,11505
zhao_relative_epsilon,7,11507
zhao_relative_epsilon,7,11513
zhao_relative_epsilon,7,11520
zhao_relative_epsilon,7,11656
zhao_relative_epsilon,7,11678
zhao_relative_epsilon,7,11700
zhao_relative_epsilon,7,11706
zhao_relative_epsilon,7,11736
zhao_relative_epsilon,7,11737
zhao_relative_epsilon,7,11752
zhao_relative_epsilon,7,11757
zhao_relative_epsilon,7,11781
zhao_relative_epsilon,7,11793
zhao_relative_epsilon,7,11822
zhao_relative_epsilon,7,11873
zhao_relative_epsilon,7,11897
zhao_relative_epsilon,7,11917
zhao_relative_epsilon,7,11928
zhao_relative_epsilon,7,11986
zhao_relative_epsilon,7,11990
zhao_relative_epsilon,7,12022
zhao_relative_epsilon,7,12023
zhao_relative_epsilon,7,12052
zhao_relative_epsilon,7,12067
zhao_relative_epsilon,7,12075
zhao_relative_epsilon,7,12110
zhao_relative_epsilon,7,12123
zhao_relative_epsilon,7,12146
zhao_relative_epsilon,7,12157
zhao_relative_epsilon,7,12169
zhao_relative_epsilon,7,12209
zhao_relative_epsilon,7,12220
zhao_relative_epsilon,7,12230
zhao_relative_epsilon,7,12280
zhao_relative_epsilon,7,12282
zhao_relative_epsilon,7,12295
zhao_relative_epsilon,7,12358
zhao_relative_epsilon,7,12423
zhao_relative_epsilon,7,12430
zhao_relative_epsilon,7,12448
zhao_relative_epsilon,7,12486
zhao_relative_epsilon,7,12491
zhao_relative_epsilon,7,12497
zhao_relative_epsilon,7,12501
zhao_relative_epsilon,7,12514
zhao_relative_epsilon,7,12553
zhao_relative_epsilon,7,12566
zhao_relative_epsilon,7,12578
zhao_relative_epsilon,7,12584
zhao_relative_epsilon,7,12623
zhao_relative_epsilon,7,12644
zhao_relative_epsilon,7,12655
zhao_relative_epsilon,7,12659
zhao_relative_epsilon,7,12669
zhao_relative_epsilon,7,12725
zhao_relative_epsilon,7,12759
zhao_relative_epsilon,7,12796
zhao_relative_epsilon,7,12838
zhao_relative_epsilon,7,12851
zhao_relative_epsilon,7,12856
zhao_relative_epsilon,7,12913
zhao_relative_epsilon,7,12935
zhao_relative_epsilon,7,12992
zhao_relative_epsilon,7,13018
zhao_relative_epsilon,7,13058
zhao_relative_epsilon,7,13067
zhao_relative_epsilon,7,13075
zhao_relative_epsilon,7,13116
zhao_relative_epsilon,7,13184
zhao_relative_epsilon,7,13229
zhao_relative_epsilon,7,13282
zhao_relative_epsilon,7,13293
zhao_relative_epsilon,7,13311
zhao_relative_epsilon,7,13409
zhao_relative_epsilon,7,13415
zhao_relative_epsilon,7,13455
zhao_relative_epsilon,7,13486
zhao_relative_epsilon,7,13502
zhao_relative_epsilon,7,13547
zhao_relative_epsilon,7,13564
zhao_relative_epsilon,7,13574
zhao_relative_epsilon,7,13698
zhao_relative_epsilon,7,13708
zhao_relative_epsilon,7,13749
zhao_relative_epsilon,7,13756
zhao_relative_epsilon,7,13794
zhao_relative_epsilon,7,13841
zhao_relative_epsilon,7,13849
zhao_relative_epsilon,7,13907
zhao_relative_epsilon,7,13926
zhao_relative_epsilon,7,13943
zhao_relative_epsilon,7,13949
zhao_relative_epsilon,7,13961
zhao_relative_epsilon,7,14001
zhao_relative_epsilon,7,14021
zhao_relative_epsilon,7,14028
zhao_relative_epsilon,7,14070
zhao_relative_epsilon,7,14106
zhao_relative_epsilon,7,14145
zhao_relative_epsilon,7,14176
zhao_relative_epsilon,7,14181
zhao_relative_epsilon,7,14206
zhao_relative_epsilon,7,14252
zhao_relative_epsilon,7,14264
zhao_relative_epsilon,7,14289
zhao_relative_epsilon,7,14297
zhao_relative_epsilon,7,14316
zhao_relative_epsilon,7,14329
zhao_relative_epsilon,8,3
zhao_relative_epsilon,8,23
zhao_relative_epsilon,8,64
zhao_relative_epsilon,8,78
zhao_relative_epsilon,8,108
zhao_relative_epsilon,8,116
zhao_relative_epsilon,8,163
zhao_relative_epsilon,8,286
zhao_relative_epsilon,8,295
zhao_relative_epsilon,8,319
zhao_relative_epsilon,8,349
zhao_relative_epsilon,8,352
zhao_relative_epsilon,8,364
zhao_relative_epsilon,8,389
zhao_relative_epsilon,8,405
zhao_relative_epsilon,8,418
zhao_relative_epsilon,8,423
zhao_relative_epsilon,8,478
zhao_relative_epsilon,8,746
zhao_relative_epsilon,8,802
zhao_relative_epsilon,8,819
zhao_relative_epsilon,8,897
zhao_relative_epsilon,8,993
zhao_relative_epsilon,8,1048
zhao_relative_epsilon,8,1055
zhao_relative_epsilon,8,1131
zhao_relative_epsilon,8,1156
zhao_relative_epsilon,8,1157
zhao_relative_epsilon,8,1184
zhao_relative_epsilon,8,1401
zhao_relative_epsilon,8,1422
zhao_relative_epsilon,8,1425
zhao_relative_epsilon,8,1430
zhao_relative_epsilon,8,1629
zhao_relative_epsilon,8,1691
zhao_relative_epsilon,8,1706
zhao_relative_epsilon,8,1736
zhao_relative_epsilon,8,1789
zhao_relative_epsilon,8,1846
zhao_relative_epsilon,8,1854
zhao_relative_epsilon,8,1869
zhao_relative_epsilon,8,1880
zhao_relative_epsilon,8,2006
zhao_relative_epsilon,8,2212
zhao_relative_epsilon,8,2322
zhao_relative_epsilon,8,2334
zhao_relative_epsilon,8,2367
zhao_relative_epsilon,8,2421
zhao_relative_epsilon,8,2455
zhao_relative_epsilon,8,2537
zhao_relative_epsilon,8,2547
zhao_relative_epsilon,8,2639
zhao_relative_epsilon,8,2675
zhao_relative_epsilon,8,2706
zhao_relative_epsilon,8,2712
zhao_relative_epsilon,8,3075
zhao_relative_epsilon,8,3128
zhao_relative_epsilon,8,3132
zhao_relative_epsilon,8,3133
zhao_relative_epsilon,8,3167
zhao_relative_epsilon,8,3170
zhao_relative_epsilon,8,3229
zhao_relative_epsilon,8,3359
zhao_relative_epsilon,8,3366
zhao_relative_epsilon,8,3440
zhao_relative_epsilon,8,3470
zhao_relative_epsilon,8,3531
zhao_relative_epsilon,8,3583
zhao_relative_epsilon,8,3604
zhao_relative_epsilon,8,3609
zhao_relative_epsilon,8,3634
zhao_relative_epsilon,8,3738
zhao_relative_epsilon,8,3757
zhao_relative_epsilon,8,3880
zhao_relative_epsilon,8,3954
zhao_relative_epsilon,8,4060
zhao_relative_epsilon,8,4061
zhao_relative_epsilon,8,4076
zhao_relative_epsilon,8,4102
zhao_relative_epsilon,8,4109
zhao_relative_epsilon,8,4114
zhao_relative_epsilon,8,4154
zhao_relative_epsilon,8,4180
zhao_relative_epsilon,8,4272
zhao_relative_epsilon,8,4334
zhao_relative_epsilon,8,4369
zhao_relative_epsilon,8,4399
zhao_relative_epsilon,8,4463
zhao_relative_epsilon,8,4602
zhao_relative_epsilon,8,4693
zhao_relative_epsilon,8,4706
zhao_relative_epsilon,8,4785
zhao_relative_epsilon,8,4788
zhao_relative_epsilon,8,4822
zhao_relative_epsilon,8,4882
zhao_relative_epsilon,8,4893
zhao_relative_epsilon,8,4932
zhao_relative_epsilon,8,5109
zhao_relative_epsilon,8,5245
zhao_relative_epsilon,8,5258
zhao_relative_epsilon,8,5296
zhao_relative_epsilon,8,5355
zhao_relative_epsilon,8,5563
zhao_relative_epsilon,8,5600
zhao_relative_epsilon,8,5638
zhao_relative_epsilon,8,5710
zhao_relative_epsilon,8,5776
zhao_relative_epsilon,8,5785
zhao_relative_epsilon,8,5792
zhao_relative_epsilon,8,5793
zhao_relative_epsilon,8,5845
zhao_relative_epsilon,8,5875
zhao_relative_epsilon,8,5948
zhao_relative_epsilon,8,6015
zhao_relative_epsilon,8,6060
zhao_relative_epsilon,8,6101
zhao_relative_epsilon,8,6182
zhao_relative_epsilon,8,6413
zhao_relative_epsilon,8,6501
zhao_relative_epsilon,8,6551
zhao_relative_epsilon,8,6635
zhao_relative_epsilon,8,6731
zhao_relative_epsilon,8,6733
zhao_relative_epsilon,8,6823
zhao_relative_epsilon,8,6838
zhao_relative_epsilon,8,6911
zhao_relative_epsilon,8,7082
zhao_relative_epsilon,8,7209
zhao_relative_epsilon,8,7236
zhao_relative_epsilon,8,7245
zhao_relative_epsilon,8,7281
zhao_relative_epsilon,8,7311
zhao_relative_epsilon,8,7331
zhao_relative_epsilon,8,7332
zhao_relative_epsilon,8,7333
zhao_relative_epsilon,8,7468
zhao_relative_epsilon,8,7503
zhao_relative_epsilon,8,7539
zhao_relative_epsilon,8,7545
zhao_relative_epsilon,8,7585
zhao_relative_epsilon,8,7630
zhao_relative_epsilon,8,7670
zhao_relative_epsilon,8,7825
zhao_relative_epsilon,8,7843
zhao_relative_epsilon,8,7914
zhao_relative_epsilon,8,7929
zhao_relative_epsilon,8,7970
zhao_relative_epsilon,8,8010
zhao_relative_epsilon,8,8050
zhao_relative_epsilon,8,8075
zhao_relative_epsilon,8,8176
zhao_relative_epsilon,8,8214
zhao_relative_epsilon,8,8224
zhao_relative_epsilon,8,8240
zhao_relative_epsilon,8,8304
zhao_relative_epsilon,8,8317
zhao_relative_epsilon,8,8486
zhao_relative_epsilon,8,8580
zhao_relative_epsilon,8,8585
zhao_relative_epsilon,8,8590
zhao_relative_epsilon,8,8670
zhao_relative_epsilon,8,8702
zhao_relative_epsilon,8,8902
zhao_relative_epsilon,8,8912
zhao_relative_epsilon,8,8961
zhao_relative_epsilon,8,9034
zhao_relative_epsilon,8,9046
zhao_relative_epsilon,8,9062
zhao_relative_epsilon,8,9192
zhao_relative_epsilon,8,9276
zhao_relative_epsilon,8,9293
zhao_relative_epsilon,8,9362
zhao_relative_epsilon,8,9373
zhao_relative_epsilon,8,9383
zhao_relative_epsilon,8,9480
zhao_relative_epsilon,8,9527
zhao_relative_epsilon,8,9536
zhao_relative_epsilon,8,9578
zhao_relative_epsilon,8,9620
zhao_relative_epsilon,8,9662
zhao_relative_epsilon,8,9702
zhao_relative_epsilon,8,9823
zhao_relative_epsilon,8,9837
zhao_relative_epsilon,8,9847
zhao_relative_epsilon,8,9901
zhao_relative_epsilon,8,9937
zhao_relative_epsilon,8,9999
zhao_relative_epsilon,8,10077
zhao_relative_epsilon,8,10081
zhao_relative_epsilon,8,10195
zhao_relative_epsilon,8,10216
zhao_relative_epsilon,8,10299
zhao_relative_epsilon,8,10337
zhao_relative_epsilon,8,10376
zhao_relative_epsilon,8,10386
zhao_relative_epsilon,8,10388
zhao_relative_epsilon,8,10415
zhao_relative_epsilon,8,10492
zhao_relative_epsilon,8,10514
zhao_relative_epsilon,8,10578
zhao_relative_epsilon,8,10599
zhao_relative_epsilon,8,10611
zhao_relative_epsilon,8,10657
zhao_relative_epsilon,8,10712
zhao_relative_epsilon,8,10724
zhao_relative_epsilon,8,10761
zhao_relative_epsilon,8,10830
zhao_relative_epsilon,8,10865
zhao_relative_epsilon,8,10963
zhao_relative_epsilon,8,11022
zhao_relative_epsilon,8,11047
zhao_relative_epsilon,8,11084
zhao_relative_epsilon,8,11129
zhao_relative_epsilon,8,11262
zhao_relative_epsilon,8,11314
zhao_relative_epsilon,8,11351
zhao_relative_epsilon,8,11354
zhao_relative_epsilon,8,11378
zhao_relative_epsilon,8,11397
zhao_relative_epsilon,8,11410
zhao_relative_epsilon,8,11413
zhao_relative_epsilon,8,11419
zhao_relative_epsilon,8,11420
zhao_relative_epsilon,8,11436
zhao_relative_epsilon,8,11482
zhao_relative_epsilon,8,11595
zhao_relative_epsilon,8,11596
zhao_relative_epsilon,8,11664
zhao_relative_epsilon,8,11724
zhao_relative_epsilon,8,11758
zhao_relative_epsilon,8,11845
zhao_relative_epsilon,8,11861
zhao_relative_epsilon,8,11916
zhao_relative_epsilon,8,11939
zhao_relative_epsilon,8,12079
zhao_relative_epsilon,8,12170
zhao_relative_epsilon,8,12172
zhao_relative_epsilon,8,12256
zhao_relative_epsilon,8,12298
zhao_relative_epsilon,8,12312
zhao_relative_epsilon,8,12324
zhao_relative_epsilon,8,12329
zhao_relative_epsilon,8,12332
zhao_relative_epsilon,8,12485
zhao_relative_epsilon,8,12565
zhao_relative_epsilon,8,12587
zhao_relative_epsilon,8,12675
zhao_relative_epsilon,8,12767
zhao_relative_epsilon,8,12837
zhao_relative_epsilon,8,12951
zhao_relative_epsilon,8,12957
zhao_relative_epsilon,8,13044
zhao_relative_epsilon,8,13063
zhao_relative_epsilon,8,13105
zhao_relative_epsilon,8,13110
zhao_relative_epsilon,8,13256
zhao_relative_epsilon,8,13362
zhao_relative_epsilon,8,13468
zhao_relative_epsilon,8,13500
zhao_relative_epsilon,8,13545
zhao_relative_epsilon,8,13566
zhao_relative_epsilon,8,13589
zhao_relative_epsilon,8,13616
zhao_relative_epsilon,8,13634
zhao_relative_epsilon,8,13645
zhao_relative_epsilon,8,13650
zhao_relative_epsilon,8,13700
zhao_relative_epsilon,8,13766
zhao_relative_epsilon,8,14124
zhao_relative_epsilon,8,14181
zhao_relative_epsilon,8,14272
zhao_relative_epsilon,8,14280
zhao_relative_epsilon,9,46
zhao_relative_epsilon,9,102
zhao_relative_epsilon,9,136
zhao_relative_epsilon,9,153
zhao_relative_epsilon,9,155
zhao_relative_epsilon,9,171
zhao_relative_epsilon,9,180
zhao_relative_epsilon,9,193
zhao_relative_epsilon,9,217
zhao_relative_epsilon,9,224
zhao_relative_epsilon,9,334
zhao_relative_epsilon,9,392
zhao_relative_epsilon,9,449
zhao_relative_epsilon,9,513
zhao_relative_epsilon,9,529
zhao_relative_epsilon,9,566
zhao_relative_epsilon,9,569
zhao_relative_epsilon,9,633
zhao_relative_epsilon,9,676
zhao_relative_epsilon,9,713
zhao_relative_epsilon,9,736
zhao_relative_epsilon,9,747
zhao_relative_epsilon,9,779
zhao_relative_epsilon,9,827
zhao_relative_epsilon,9,859
zhao_relative_epsilon,9,884
zhao_relative_epsilon,9,963
zhao_relative_epsilon,9,994
zhao_relative_epsilon,9,1065
zhao_relative_epsilon,9,1090
zhao_relative_epsilon,9,1151
zhao_relative_epsilon,9,1290
zhao_relative_epsilon,9,1336
zhao_relative_epsilon,9,1374
zhao_relative_epsilon,9,1430
zhao_relative_epsilon,9,1455
zhao_relative_epsilon,9,1466
zhao_relative_epsilon,9,1667
zhao_relative_epsilon,9,1670
zhao_relative_epsilon,9,1694
zhao_relative_epsilon,9,1718
zhao_relative_epsilon,9,1736
zhao_relative_epsilon,9,1737
zhao_relative_epsilon,9,1745
zhao_relative_epsilon,9,1786
zhao_relative_epsilon,9,1793
zhao_relative_epsilon,9,1897
zhao_relative_epsilon,9,1933
zhao_relative_epsilon,9,1994
zhao_relative_epsilon,9,2025
zhao_relative_epsilon,9,2249
zhao_relative_epsilon,9,2309
zhao_relative_epsilon,9,2365
zhao_relative_epsilon,9,2373
zhao_relative_epsilon,9,2385
zhao_relative_epsilon,9,2444
zhao_relative_epsilon,9,2563
zhao_relative_epsilon,9,2649
zhao_relative_epsilon,9,2732
zhao_relative_epsilon,9,2777
zhao_relative_epsilon,9,2794
zhao_relative_epsilon,9,2814
zhao_relative_epsilon,9,2901
zhao_relative_epsilon,9,2989
zhao_relative_epsilon,9,3027
zhao_relative_epsilon,9,3034
zhao_relative_epsilon,9,3098
zhao_relative_epsilon,9,3188
zhao_relative_epsilon,9,3239
zhao_relative_epsilon,9,3273
zhao_relative_epsilon,9,3354
zhao_relative_epsilon,9,3357
zhao_relative_epsilon,9,3365
zhao_relative_epsilon,9,3469
zhao_relative_epsilon,9,3487
zhao_relative_epsilon,9,3546
zhao_relative_epsilon,9,3651
zhao_relative_epsilon,9,3693
zhao_relative_epsilon,9,3812
zhao_relative_epsilon,9,3815
zhao_relative_epsilon,9,3869
zhao_relative_epsilon,9,3908
zhao_relative_epsilon,9,3914
zhao_relative_epsilon,9,3951
zhao_relative_epsilon,9,3990
zhao_relative_epsilon,9,4040
zhao_relative_epsilon,9,4057
zhao_relative_epsilon,9,4181
zhao_relative_epsilon,9,4235
zhao_relative_epsilon,9,4255
zhao_relative_epsilon,9,4276
zhao_relative_epsilon,9,4300
zhao_relative_epsilon,9,4301
zhao_relative_epsilon,9,4321
zhao_relative_epsilon,9,4339
zhao_relative_epsilon,9,4373
zhao_relative_epsilon,9,4387
zhao_relative_epsilon,9,4433
zhao_relative_epsilon,9,4434
zhao_relative_epsilon,9,4504
zhao_relative_epsilon,9,4594
zhao_relative_epsilon,9,4597
zhao_relative_epsilon,9,4621
zhao_relative_epsilon,9,4637
zhao_relative_epsilon,9,4677
zhao_relative_epsilon,9,4684
zhao_relative_epsilon,9,4692
zhao_relative_epsilon,9,4704
zhao_relative_epsilon,9,4721
zhao_relative_epsilon,9,4732
zhao_relative_epsilon,9,4796
zhao_relative_epsilon,9,4856
zhao_relative_epsilon,9,4934
zhao_relative_epsilon,9,4937
zhao_relative_epsilon,9,5069
zhao_relative_epsilon,9,5188
zhao_relative_epsilon,9,5282
zhao_relative_epsilon,9,5287
zhao_relative_epsilon,9,5297
zhao_relative_epsilon,9,5342
zhao_relative_epsilon,9,5364
zhao_relative_epsilon,9,5390
zhao_relative_epsilon,9,5411
zhao_relative_epsilon,9,5449
zhao_relative_epsilon,9,5555
zhao_relative_epsilon,9,5639
zhao_relative_epsilon,9,5679
zhao_relative_epsilon,9,5694
zhao_relative_epsilon,9,5714
zhao_relative_epsilon,9,5727
zhao_relative_epsilon,9,5729
zhao_relative_epsilon,9,5844
zhao_relative_epsilon,9,5886
zhao_relative_epsilon,9,5929
zhao_relative_epsilon,9,5950
zhao_relative_epsilon,9,5952
zhao_relative_epsilon,9,5991
zhao_relative_epsilon,9,6013
zhao_relative_epsilon,9,6117
zhao_relative_epsilon,9,6319
zhao_relative_epsilon,9,6384
zhao_relative_epsilon,9,6577
zhao_relative_epsilon,9,6611
zhao_relative_epsilon,9,6646
zhao_relative_epsilon,9,6683
zhao_relative_epsilon,9,6748
zhao_relative_epsilon,9,6751
zhao_relative_epsilon,9,6783
zhao_relative_epsilon,9,6806
zhao_relative_epsilon,9,6850
zhao_relative_epsilon,9,6879
zhao_relative_epsilon,9,6944
zhao_relative_epsilon,9,7006
zhao_relative_epsilon,9,7054
zhao_relative_epsilon,9,7125
zhao_relative_epsilon,9,7126
zhao_relative_epsilon,9,7202
zhao_relative_epsilon,9,7246
zhao_relative_epsilon,9,7270
zhao_relative_epsilon,9,7318
zhao_relative_epsilon,9,7544
zhao_relative_epsilon,9,7694
zhao_relative_epsilon,9,7699
zhao_relative_epsilon,9,7819
zhao_relative_epsilon,9,7906
zhao_relative_epsilon,9,7952
zhao_relative_epsilon,9,8066
zhao_relative_epsilon,9,8074
zhao_relative_epsilon,9,8097
zhao_relative_epsilon,9,8213
zhao_relative_epsilon,9,8224
zhao_relative_epsilon,9,8229
zhao_relative_epsilon,9,8280
zhao_relative_epsilon,9,8530
zhao_relative_epsilon,9,8663
zhao_relative_epsilon,9,8690
zhao_relative_epsilon,9,8726
zhao_relative_epsilon,9,8815
zhao_relative_epsilon,9,8860
zhao_relative_epsilon,9,8877
zhao_relative_epsilon,9,8975
zhao_relative_epsilon,9,8997
zhao_relative_epsilon,9,9131
zhao_relative_epsilon,9,9133
zhao_relative_epsilon,9,9138
zhao_relative_epsilon,9,9209
zhao_relative_epsilon,9,9316
zhao_relative_epsilon,9,9454
zhao_relative_epsilon,9,9497
zhao_relative_epsilon,9,9507
zhao_relative_epsilon,9,9543
zhao_relative_epsilon,9,9573
zhao_relative_epsilon,9,9614
zhao_relative_epsilon,9,9622
zhao_relative_epsilon,9,9685
zhao_relative_epsilon,9,9799
zhao_relative_epsilon,9,9810
zhao_relative_epsilon,9,9877
zhao_relative_epsilon,9,9878
zhao_relative_epsilon,9,9961
zhao_relative_epsilon,9,10010
zhao_relative_epsilon,9,10206
zhao_relative_epsilon,9,10264
zhao_relative_epsilon,9,10269
zhao_relative_epsilon,9,10318
zhao_relative_epsilon,9,10340
zhao_relative_epsilon,9,10362
zhao_relative_epsilon,9,10364
zhao_relative_epsilon,9,10398
zhao_relative_epsilon,9,10424
zhao_relative_epsilon,9,10470
zhao_relative_epsilon,9,10515
zhao_relative_epsilon,9,10519
zhao_relative_epsilon,9,10550
zhao_relative_epsilon,9,10556
zhao_relative_epsilon,9,10557
zhao_relative_epsilon,9,10649
zhao_relative_epsilon,9,10681
zhao_relative_epsilon,9,10687
zhao_relative_epsilon,9,10707
zhao_relative_epsilon,9,10759
zhao_relative_epsilon,9,10797
zhao_relative_epsilon,9,10815
zhao_relative_epsilon,9,10846
zhao_relative_epsilon,9,10869
zhao_relative_epsilon,9,10930
zhao_relative_epsilon,9,10979
zhao_relative_epsilon,9,10991
zhao_relative_epsilon,9,11007
zhao_relative_epsilon,9,11081
zhao_relative_epsilon,9,11084
zhao_relative_epsilon,9,11087
zhao_relative_epsilon,9,11168
zhao_relative_epsilon,9,11181
zhao_relative_epsilon,9,11248
zhao_relative_epsilon,9,11266
zhao_relative_epsilon,9,11286
zhao_relative_epsilon,9,11356
zhao_relative_epsilon,9,11415
zhao_relative_epsilon,9,11428
zhao_relative_epsilon,9,11472
zhao_relative_epsilon,9,11564
zhao_relative_epsilon,9,11598
zhao_relative_epsilon,9,11723
zhao_relative_epsilon,9,11792
zhao_relative_epsilon,9,11804
zhao_relative_epsilon,9,11812
zhao_relative_epsilon,9,11823
zhao_relative_epsilon,9,11854
zhao_relative_epsilon,9,11928
zhao_relative_epsilon,9,12002
zhao_relative_epsilon,9,12022
zhao_relative_epsilon,9,12032
zhao_relative_epsilon,9,12139
zhao_relative_epsilon,9,12179
zhao_relative_epsilon,9,12191
zhao_relative_epsilon,9,12232
zhao_relative_epsilon,9,12249
zhao_relative_epsilon,9,12288
zhao_relative_epsilon,9,12312
zhao_relative_epsilon,9,12317
zhao_relative_epsilon,9,12338
zhao_relative_epsilon,9,12464
zhao_relative_epsilon,9,12473
zhao_relative_epsilon,9,12507
zhao_relative_epsilon,9,12554
zhao_relative_epsilon,9,12563
zhao_relative_epsilon,9,12578
zhao_relative_epsilon,9,12642
zhao_relative_epsilon,9,12654
zhao_relative_epsilon,9,12694
zhao_relative_epsilon,9,12724
zhao_relative_epsilon,9,12736
zhao_relative_epsilon,9,12743
zhao_relative_epsilon,9,12929
zhao_relative_epsilon,9,12980
zhao_relative_epsilon,9,12986
zhao_relative_epsilon,9,12991
zhao_relative_epsilon,9,13009
zhao_relative_epsilon,9,13013
zhao_relative_epsilon,9,13052
zhao_relative_epsilon,9,13253
zhao_relative_epsilon,9,13279
zhao_relative_epsilon,9,13295
zhao_relative_epsilon,9,13313
zhao_relative_epsilon,9,13409
zhao_relative_epsilon,9,13460
zhao_relative_epsilon,9,13493
zhao_relative_epsilon,9,13513
zhao_relative_epsilon,9,13670
zhao_relative_epsilon,9,13754
zhao_relative_epsilon,9,13777
zhao_relative_epsilon,9,13815
zhao_relative_epsilon,9,13819
zhao_relative_epsilon,9,13844
zhao_relative_epsilon,9,13879
zhao_relative_epsilon,9,13929
zhao_relative_epsilon,9,14018
zhao_relative_epsilon,9,14039
zhao_relative_epsilon,9,14047
zhao_relative_epsilon,9,14054
zhao_relative_epsilon,9,14062
zhao_relative_epsilon,9,14071
zhao_relative_epsilon,9,14104
zhao_relative_epsilon,9,14122
zhao_relative_epsilon,9,14178
zhao_relative_epsilon,9,14228
zhao_relative_epsilon,9,14313
zhao_relative_epsilon,10,96
zhao_relative_epsilon,10,141
zhao_relative_epsilon,10,320
zhao_relative_epsilon,10,452
zhao_relative_epsilon,10,501
zhao_relative_epsilon,10,593
zhao_relative_epsilon,10,631
zhao_relative_epsilon,10,650
zhao_relative_epsilon,10,853
zhao_relative_epsilon,10,1037
zhao_relative_epsilon,10,1151
zhao_relative_epsilon,10,1156
zhao_relative_epsilon,10,1189
zhao_relative_epsilon,10,1369
zhao_relative_epsilon,10,1511
zhao_relative_epsilon,10,1609
zhao_relative_epsilon,10,1648
zhao_relative_epsilon,10,1656
zhao_relative_epsilon,10,1750
zhao_relative_epsilon,10,1768
zhao_relative_epsilon,10,2035
zhao_relative_epsilon,10,2059
zhao_relative_epsilon,10,2096
zhao_relative_epsilon,10,2220
zhao_relative_epsilon,10,2257
zhao_relative_epsilon,10,2268
zhao_relative_epsilon,10,2277
zhao_relative_epsilon,10,2911
zhao_relative_epsilon,10,3159
zhao_relative_epsilon,10,3204
zhao_relative_epsilon,10,3456
zhao_relative_epsilon,10,3565
zhao_relative_epsilon,10,3708
zhao_relative_epsilon,10,3809
zhao_relative_epsilon,10,3931
zhao_relative_epsilon,10,4105
zhao_relative_epsilon,10,4199
zhao_relative_epsilon,10,4489
zhao_relative_epsilon,10,4749
zhao_relative_epsilon,10,4819
zhao_relative_epsilon,10,4978
zhao_relative_epsilon,10,5091
zhao_relative_epsilon,10,5110
zhao_relative_epsilon,10,5190
zhao_relative_epsilon,10,5288
zhao_relative_epsilon,10,5323
zhao_relative_epsilon,10,5556
zhao_relative_epsilon,10,5710
zhao_relative_epsilon,10,5755
zhao_relative_epsilon,10,5787
zhao_relative_epsilon,10,5823
zhao_relative_epsilon,10,6096
zhao_relative_epsilon,10,6184
zhao_relative_epsilon,10,6185
zhao_relative_epsilon,10,6201
zhao_relative_epsilon,10,6284
zhao_relative_epsilon,10,6345
zhao_relative_epsilon,10,6522
zhao_relative_epsilon,10,6667
zhao_relative_epsilon,10,6706
zhao_relative_epsilon,10,6709
zhao_relative_epsilon,10,6759
zhao_relative_epsilon,10,6777
zhao_relative_epsilon,10,6940
zhao_relative_epsilon,10,6983
zhao_relative_epsilon,10,7033
zhao_relative_epsilon,10,7305
zhao_relative_epsilon,10,7310
zhao_relative_epsilon,10,7319
zhao_relative_epsilon,10,7528
zhao_relative_epsilon,10,7641
zhao_relative_epsilon,10,7642
zhao_relative_epsilon,10,7653
zhao_relative_epsilon,10,7689
zhao_relative_epsilon,10,7885
zhao_relative_epsilon,10,7999
zhao_relative_epsilon,10,8060
zhao_relative_epsilon,10,8356
zhao_relative_epsilon,10,8359
zhao_relative_epsilon,10,8445
zhao_relative_epsilon,10,8546
zhao_relative_epsilon,10,8682
zhao_relative_epsilon,10,8740
zhao_relative_epsilon,10,8769
zhao_relative_epsilon,10,8815
zhao_relative_epsilon,10,8888
zhao_relative_epsilon,10,9050
zhao_relative_epsilon,10,9132
zhao_relative_epsilon,10,9259
zhao_relative_epsilon,10,9322
zhao_relative_epsilon,10,9468
zhao_relative_epsilon,10,9579
zhao_relative_epsilon,10,9593
zhao_relative_epsilon,10,9779
zhao_relative_epsilon,10,9795
zhao_relative_epsilon,10,10012
zhao_relative_epsilon,10,10116
zhao_relative_epsilon,10,10191
zhao_relative_epsilon,10,10197
zhao_relative_epsilon,10,10415
zhao_relative_epsilon,10,10621
zhao_relative_epsilon,10,10632
zhao_relative_epsilon,10,10713
zhao_relative_epsilon,10,10914
zhao_relative_epsilon,10,11073
zhao_relative_epsilon,10,11157
zhao_relative_epsilon,10,11253
zhao_relative_epsilon,10,11349
zhao_relative_epsilon,10,11401
zhao_relative_epsilon,10,11447
zhao_relative_epsilon,10,11570
zhao_relative_epsilon,10,11852
zhao_relative_epsilon,10,11864
zhao_relative_epsilon,10,12026
zhao_relative_epsilon,10,12060
zhao_relative_epsilon,10,12457
zhao_relative_epsilon,10,12879
zhao_relative_epsilon,10,13032
zhao_relative_epsilon,10,13525
zhao_relative_epsilon,10,13538
zhao_relative_epsilon,10,13557
zhao_relative_epsilon,10,13849
zhao_relative_epsilon,10,13939
zhao_relative_epsilon,10,14080
zhao_relative_epsilon,10,14115
zhao_relative_epsilon,10,14261
zhao_relative_epsilon,10,14295
zhao_relative_epsilon,11,42
zhao_relative_epsilon,11,83
zhao_relative_epsilon,11,163
zhao_relative_epsilon,11,187
zhao_relative_epsilon,11,220
zhao_relative_epsilon,11,260
zhao_relative_epsilon,11,307
zhao_relative_epsilon,11,319
zhao_relative_epsilon,11,333
zhao_relative_epsilon,11,358
zhao_relative_epsilon,11,370
zhao_relative_epsilon,11,403
zhao_relative_epsilon,11,406
zhao_relative_epsilon,11,424
zhao_relative_epsilon,11,465
zhao_relative_epsilon,11,632
zhao_relative_epsilon,11,640
zhao_relative_epsilon,11,724
zhao_relative_epsilon,11,763
zhao_relative_epsilon,11,767
zhao_relative_epsilon,11,791
zhao_relative_epsilon,11,823
zhao_relative_epsilon,11,836
zhao_relative_epsilon,11,867
zhao_relative_epsilon,11,876
zhao_relative_epsilon,11,888
zhao_relative_epsilon,11,898
zhao_relative_epsilon,11,912
zhao_relative_epsilon,11,939
zhao_relative_epsilon,11,951
zhao_relative_epsilon,11,1011
zhao_relative_epsilon,11,1022
zhao_relative_epsilon,11,1052
zhao_relative_epsilon,11,1092
zhao_relative_epsilon,11,1155
zhao_relative_epsilon,11,1271
zhao_relative_epsilon,11,1362
zhao_relative_epsilon,11,1420
zhao_relative_epsilon,11,1438
zhao_relative_epsilon,11,1502
zhao_relative_epsilon,11,1514
zhao_relative_epsilon,11,1525
zhao_relative_epsilon,11,1556
zhao_relative_epsilon,11,1693
zhao_relative_epsilon,11,1701
zhao_relative_epsilon,11,1754
zhao_relative_epsilon,11,1792
zhao_relative_epsilon,11,1803
zhao_relative_epsilon,11,1846
zhao_relative_epsilon,11,2035
zhao_relative_epsilon,11,2079
zhao_relative_epsilon,11,2144
zhao_relative_epsilon,11,2203
zhao_relative_epsilon,11,2207
zhao_relative_epsilon,11,2289
zhao_relative_epsilon,11,2557
zhao_relative_epsilon,11,2573
zhao_relative_epsilon,11,2582
zhao_relative_epsilon,11,2613
zhao_relative_epsilon,11,2726
zhao_relative_epsilon,11,2741
zhao_relative_epsilon,11,2766
zhao_relative_epsilon,11,3014
zhao_relative_epsilon,11,3032
zhao_relative_epsilon,11,3261
zhao_relative_epsilon,11,3306
zhao_relative_epsilon,11,3328
zhao_relative_epsilon,11,3339
zhao_relative_epsilon,11,3360
zhao_relative_epsilon,11,3450
zhao_relative_epsilon,11,3471
zhao_relative_epsilon,11,3502
zhao_relative_epsilon,11,3542
zhao_relative_epsilon,11,3664
zhao_relative_epsilon,11,3677
zhao_relative_epsilon,11,3703
zhao_relative_epsilon,11,3794
zhao_relative_epsilon,11,3871
zhao_relative_epsilon,11,3889
zhao_relative_epsilon,11,3930
zhao_relative_epsilon,11,3969
zhao_relative_epsilon,11,3988
zhao_relative_epsilon,11,4001
zhao_relative_epsilon,11,4052
zhao_relative_epsilon,11,4090
zhao_relative_epsilon,11,4146
zhao_relative_epsilon,11,4210
zhao_relative_epsilon,11,4219
zhao_relative_epsilon,11,4256
zhao_relative_epsilon,11,4367
zhao_relative_epsilon,11,4448
zhao_relative_epsilon,11,4472
zhao_relative_epsilon,11,4480
zhao_relative_epsilon,11,4512
zhao_relative_epsilon,11,4521
zhao_relative_epsilon,11,4596
zhao_relative_epsilon,11,4686
zhao_relative_epsilon,11,4741
zhao_relative_epsilon,11,4825
zhao_relative_epsilon,11,4829
zhao_relative_epsilon,11,4848
zhao_relative_epsilon,11,4868
zhao_relative_epsilon,11,4905
zhao_relative_epsilon,11,4942
zhao_relative_epsilon,11,4994
zhao_relative_epsilon,11,5010
zhao_relative_epsilon,11,5133
zhao_relative_epsilon,11,5137
zhao_relative_epsilon,11,5200
zhao_relative_epsilon,11,5313
zhao_relative_epsilon,11,5380
zhao_relative_epsilon,11,5433
zhao_relative_epsilon,11,5451
zhao_relative_epsilon,11,5465
zhao_relative_epsilon,11,5488
zhao_relative_epsilon,11,5501
zhao_relative_epsilon,11,5522
zhao_relative_epsilon,11,5587
zhao_relative_epsilon,11,5652
zhao_relative_epsilon,11,5659
zhao_relative_epsilon,11,5737
zhao_relative_epsilon,11,5790
zhao_relative_epsilon,11,5839
zhao_relative_epsilon,11,5840
zhao_relative_epsilon,11,5870
zhao_relative_epsilon,11,5901
zhao_relative_epsilon,11,5967
zhao_relative_epsilon,11,6014
zhao_relative_epsilon,11,6022
zhao_relative_epsilon,11,6158
zhao_relative_epsilon,11,6266
zhao_relative_epsilon,11,6293
zhao_relative_epsilon,11,6387
zhao_relative_epsilon,11,6394
zhao_relative_epsilon,11,6451
zhao_relative_epsilon,11,6452
zhao_relative_epsilon,11,6464
zhao_relative_epsilon,11,6478
zhao_relative_epsilon,11,6541
zhao_relative_epsilon,11,6576
zhao_relative_epsilon,11,6661
zhao_relative_epsilon,11,6812
zhao_relative_epsilon,11,6816
zhao_relative_epsilon,11,6878
zhao_relative_epsilon,11,6897
zhao_relative_epsilon,11,6913
zhao_relative_epsilon,11,6948
zhao_relative_epsilon,11,6998
zhao_relative_epsilon,11,7075
zhao_relative_epsilon,11,7124
zhao_relative_epsilon,11,7150
zhao_relative_epsilon,11,7153
zhao_relative_epsilon,11,7225
zhao_relative_epsilon,11,7264
zhao_relative_epsilon,11,7273
zhao_relative_epsilon,11,7340
zhao_relative_epsilon,11,7382
zhao_relative_epsilon,11,7441
zhao_relative_epsilon,11,7451
zhao_relative_epsilon,11,7511
zhao_relative_epsilon,11,7520
zhao_relative_epsilon,11,7525
zhao_relative_epsilon,11,7531
zhao_relative_epsilon,11,7564
zhao_relative_epsilon,11,7575
zhao_relative_epsilon,11,7624
zhao_relative_epsilon,11,7639
zhao_relative_epsilon,11,7684
zhao_relative_epsilon,11,7761
zhao_relative_epsilon,11,7834
zhao_relative_epsilon,11,7903
zhao_relative_epsilon,11,7916
zhao_relative_epsilon,11,7993
zhao_relative_epsilon,11,8004
zhao_relative_epsilon,11,8081
zhao_relative_epsilon,11,8190
zhao_relative_epsilon,11,8215
zhao_relative_epsilon,11,8261
zhao_relative_epsilon,11,8343
zhao_relative_epsilon,11,8348
zhao_relative_epsilon,11,8356
zhao_relative_epsilon,11,8401
zhao_relative_epsilon,11,8593
zhao_relative_epsilon,11,8664
zhao_relative_epsilon,11,8683
zhao_relative_epsilon,11,8702
zhao_relative_epsilon,11,8711
zhao_relative_epsilon,11,8839
zhao_relative_epsilon,11,8853
zhao_relative_epsilon,11,8872
zhao_relative_epsilon,11,8873
zhao_relative_epsilon,11,8930
zhao_relative_epsilon,11,8935
zhao_relative_epsilon,11,9000
zhao_relative_epsilon,11,9058
zhao_relative_epsilon,11,9091
zhao_relative_epsilon,11,9148
zhao_relative_epsilon,11,9156
zhao_relative_epsilon,11,9233
zhao_relative_epsilon,11,9240
zhao_relative_epsilon,11,9367
zhao_relative_epsilon,11,9392
zhao_relative_epsilon,11,9409
zhao_relative_epsilon,11,9416
zhao_relative_epsilon,11,9424
zhao_relative_epsilon,11,9442
zhao_relative_epsilon,11,9462
zhao_relative_epsilon,11,9535
zhao_relative_epsilon,11,9719
zhao_relative_epsilon,11,9781
zhao_relative_epsilon,11,9845
zhao_relative_epsilon,11,9864
zhao_relative_epsilon,11,10085
zhao_relative_epsilon,11,10135
zhao_relative_epsilon,11,10186
zhao_relative_epsilon,11,10192
zhao_relative_epsilon,11,10215
zhao_relative_epsilon,11,10249
zhao_relative_epsilon,11,10264
zhao_relative_epsilon,11,10419
zhao_relative_epsilon,11,10424
zhao_relative_epsilon,11,10482
zhao_relative_epsilon,11,10520
zhao_relative_epsilon,11,10537
zhao_relative_epsilon,11,10555
zhao_relative_epsilon,11,10576
zhao_relative_epsilon,11,10594
zhao_relative_epsilon,11,10713
zhao_relative_epsilon,11,10724
zhao_relative_epsilon,11,10726
zhao_relative_epsilon,11,10797
zhao_relative_epsilon,11,10844
zhao_relative_epsilon,11,10961
zhao_relative_epsilon,11,11149
zhao_relative_epsilon,11,11258
zhao_relative_epsilon,11,11266
zhao_relative_epsilon,11,11321
zhao_relative_epsilon,11,11352
zhao_relative_epsilon,11,11362
zhao_relative_epsilon,11,11445
zhao_relative_epsilon,11,11530
zhao_relative_epsilon,11,11538
zhao_relative_epsilon,11,11584
zhao_relative_epsilon,11,11634
zhao_relative_epsilon,11,11667
zhao_relative_epsilon,11,11736
zhao_relative_epsilon,11,11926
zhao_relative_epsilon,11,11927
zhao_relative_epsilon,11,11949
zhao_relative_epsilon,11,12053
zhao_relative_epsilon,11,12071
zhao_relative_epsilon,11,12073
zhao_relative_epsilon,11,12082
zhao_relative_epsilon,11,12099
zhao_relative_epsilon,11,12152
zhao_relative_epsilon,11,12177
zhao_relative_epsilon,11,12263
zhao_relative_epsilon,11,12269
zhao_relative_epsilon,11,12356
zhao_relative_epsilon,11,12401
zhao_relative_epsilon,11,12417
zhao_relative_epsilon,11,12467
zhao_relative_epsilon,11,12531
zhao_relative_epsilon,11,12561
zhao_relative_epsilon,11,12607
zhao_relative_epsilon,11,12621
zhao_relative_epsilon,11,12635
zhao_relative_epsilon,11,12687
zhao_relative_epsilon,11,12700
zhao_relative_epsilon,11,12897
zhao_relative_epsilon,11,12966
zhao_relative_epsilon,11,12988
zhao_relative_epsilon,11,13039
zhao_relative_epsilon,11,13042
zhao_relative_epsilon,11,13046
zhao_relative_epsilon,11,13048
zhao_relative_epsilon,11,13050
zhao_relative_epsilon,11,13104
zhao_relative_epsilon,11,13106
zhao_relative_epsilon,11,13183
zhao_relative_epsilon,11,13240
zhao_relative_epsilon,11,13317
zhao_relative_epsilon,11,13350
zhao_relative_epsilon,11,13359
zhao_relative_epsilon,11,13368
zhao_relative_epsilon,11,13384
zhao_relative_epsilon,11,13442
zhao_relative_epsilon,11,13444
zhao_relative_epsilon,11,13459
zhao_relative_epsilon,11,13460
zhao_relative_epsilon,11,13464
zhao_relative_epsilon,11,13466
zhao_relative_epsilon,11,13490
zhao_relative_epsilon,11,13638
zhao_relative_epsilon,11,13675
zhao_relative_epsilon,11,13737
zhao_relative_epsilon,11,13744
zhao_relative_epsilon,11,13782
zhao_relative_epsilon,11,13843
zhao_relative_epsilon,11,13978
zhao_relative_epsilon,11,14033
zhao_relative_epsilon,11,14049
zhao_relative_epsilon,11,14057
zhao_relative_epsilon,11,14084
zhao_relative_epsilon,11,14092
zhao_relative_epsilon,11,14120
zhao_relative_epsilon,11,14164
zhao_relative_epsilon,11,14180
zhao_relative_epsilon,11,14256
zhao_relative_epsilon,11,14301
zhao_relative_epsilon,11,14305
zhao_relative_epsilon,12,93
zhao_relative_epsilon,12,110
zhao_relative_epsilon,12,190
zhao_relative_epsilon,12,225
zhao_relative_epsilon,12,229
zhao_relative_epsilon,12,234
zhao_relative_epsilon,12,289
zhao_relative_epsilon,12,317
zhao_relative_epsilon,12,319
zhao_relative_epsilon,12,329
zhao_relative_epsilon,12,339
zhao_relative_epsilon,12,341
zhao_relative_epsilon,12,345
zhao_relative_epsilon,12,360
zhao_relative_epsilon,12,364
zhao_relative_epsilon,12,376
zhao_relative_epsilon,12,381
zhao_relative_epsilon,12,470
zhao_relative_epsilon,12,493
zhao_relative_epsilon,12,513
zhao_relative_epsilon,12,515
zhao_relative_epsilon,12,532
zhao_relative_epsilon,12,580
zhao_relative_epsilon,12,581
zhao_relative_epsilon,12,584
zhao_relative_epsilon,12,622
zhao_relative_epsilon,12,665
zhao_relative_epsilon,12,734
zhao_relative_epsilon,12,744
zhao_relative_epsilon,12,750
zhao_relative_epsilon,12,761
zhao_relative_epsilon,12,768
zhao_relative_epsilon,12,775
zhao_relative_epsilon,12,853
zhao_relative_epsilon,12,883
zhao_relative_epsilon,12,885
zhao_relative_epsilon,12,904
zhao_relative_epsilon,12,945
zhao_relative_epsilon,12,1010
zhao_relative_epsilon,12,1087
zhao_relative_epsilon,12,1118
zhao_relative_epsilon,12,1126
zhao_relative_epsilon,12,1138
zhao_relative_epsilon,12,1171
zhao_relative_epsilon,12,1184
zhao_relative_epsilon,12,1193
zhao_relative_epsilon,12,1224
zhao_relative_epsilon,12,1225
zhao_relative_epsilon,12,1250
zhao_relative_epsilon,12,1260
zhao_relative_epsilon,12,1275
zhao_relative_epsilon,12,1280
zhao_relative_epsilon,12,1301
zhao_relative_epsilon,12,1313
zhao_relative_epsilon,12,1321
zhao_relative_epsilon,12,1327
zhao_relative_epsilon,12,1336
zhao_relative_epsilon,12,1351
zhao_relative_epsilon,12,1382
zhao_relative_epsilon,12,1391
zhao_relative_epsilon,12,1411
zhao_relative_epsilon,12,1449
zhao_relative_epsilon,12,1489
zhao_relative_epsilon,12,1495
zhao_relative_epsilon,12,1526
zhao_relative_epsilon,12,1532
zhao_relative_epsilon,12,1558
zhao_relative_epsilon,12,1559
zhao_relative_epsilon,12,1572
zhao_relative_epsilon,12,1575
zhao_relative_epsilon,12,1576
zhao_relative_epsilon,12,1577
zhao_relative_epsilon,12,1586
zhao_relative_epsilon,12,1620
zhao_relative_epsilon,12,1708
zhao_relative_epsilon,12,1728
zhao_relative_epsilon,12,1743
zhao_relative_epsilon,12,1755
zhao_relative_epsilon,12,1774
zhao_relative_epsilon,12,1778
zhao_relative_epsilon,12,1791
zhao_relative_epsilon,12,1820
zhao_relative_epsilon,12,1842
zhao_relative_epsilon,12,1891
zhao_relative_epsilon,12,1949
zhao_relative_epsilon,12,1951
zhao_relative_epsilon,12,1974
zhao_relative_epsilon,12,1975
zhao_relative_epsilon,12,1983
zhao_relative_epsilon,12,2021
zhao_relative_epsilon,12,2063
zhao_relative_epsilon,12,2071
zhao_relative_epsilon,12,2080
zhao_relative_epsilon,12,2099
zhao_relative_epsilon,12,2124
zhao_relative_epsilon,12,2140
zhao_relative_epsilon,12,2162
zhao_relative_epsilon,12,2189
zhao_relative_epsilon,12,2232
zhao_relative_epsilon,12,2238
zhao_relative_epsilon,12,2271
zhao_relative_epsilon,12,2272
zhao_relative_epsilon,12,2280
zhao_relative_epsilon,12,2302
zhao_relative_epsilon,12,2303
zhao_relative_epsilon,12,2305
zhao_relative_epsilon,12,2331
zhao_relative_epsilon,12,2368
zhao_relative_epsilon,12,2381
zhao_relative_epsilon,12,2404
zhao_relative_epsilon,12,2413
zhao_relative_epsilon,12,2438
zhao_relative_epsilon,12,2481
zhao_relative_epsilon,12,2512
zhao_relative_epsilon,12,2515
zhao_relative_epsilon,12,2516
zhao_relative_epsilon,12,2533
zhao_relative_epsilon,12,2539
zhao_relative_epsilon,12,2554
zhao_relative_epsilon,12,2561
zhao_relative_epsilon,12,2570
zhao_relative_epsilon,12,2574
zhao_relative_epsilon,12,2577
zhao_relative_epsilon,12,2581
zhao_relative_epsilon,12,2621
zhao_relative_epsilon,12,2643
zhao_relative_epsilon,12,2644
zhao_relative_epsilon,12,2663
zhao_relative_epsilon,12,2723
zhao_relative_epsilon,12,2780
zhao_relative_epsilon,12,2812
zhao_relative_epsilon,12,2840
zhao_relative_epsilon,12,2876
zhao_relative_epsilon,12,2896
zhao_relative_epsilon,12,2909
zhao_relative_epsilon,12,2937
zhao_relative_epsilon,12,2941
zhao_relative_epsilon,12,2962
zhao_relative_epsilon,12,2976
zhao_relative_epsilon,12,2982
zhao_relative_epsilon,12,2995
zhao_relative_epsilon,12,3003
zhao_relative_epsilon,12,3025
zhao_relative_epsilon,12,3034
zhao_relative_epsilon,12,3064
zhao_relative_epsilon,12,3100
zhao_relative_epsilon,12,3130
zhao_relative_epsilon,12,3136
zhao_relative_epsilon,12,3149
zhao_relative_epsilon,12,3228
zhao_relative_epsilon,12,3237
zhao_relative_epsilon,12,3259
zhao_relative_epsilon,12,3263
zhao_relative_epsilon,12,3282
zhao_relative_epsilon,12,3306
zhao_relative_epsilon,12,3331
zhao_relative_epsilon,12,3341
zhao_relative_epsilon,12,3359
zhao_relative_epsilon,12,3388
zhao_relative_epsilon,12,3390
zhao_relative_epsilon,12,3415
zhao_relative_epsilon,12,3474
zhao_relative_epsilon,12,3489
zhao_relative_epsilon,12,3501
zhao_relative_epsilon,12,3509
zhao_relative_epsilon,12,3526
zhao_relative_epsilon,12,3556
zhao_relative_epsilon,12,3578
zhao_relative_epsilon,12,3601
zhao_relative_epsilon,12,3608
zhao_relative_epsilon,12,3620
zhao_relative_epsilon,12,3639
zhao_relative_epsilon,12,3662
zhao_relative_epsilon,12,3729
zhao_relative_epsilon,12,3740
zhao_relative_epsilon,12,3769
zhao_relative_epsilon,12,3776
zhao_relative_epsilon,12,3813
zhao_relative_epsilon,12,3858
zhao_relative_epsilon,12,3874
zhao_relative_epsilon,12,3926
zhao_relative_epsilon,12,3938
zhao_relative_epsilon,12,3941
zhao_relative_epsilon,12,3967
zhao_relative_epsilon,12,3983
zhao_relative_epsilon,12,4036
zhao_relative_epsilon,12,4062
zhao_relative_epsilon,12,4067
zhao_relative_epsilon,12,4103
zhao_relative_epsilon,12,4134
zhao_relative_epsilon,12,4189
zhao_relative_epsilon,12,4195
zhao_relative_epsilon,12,4236
zhao_relative_epsilon,12,4253
zhao_relative_epsilon,12,4265
zhao_relative_epsilon,12,4268
zhao_relative_epsilon,12,4286
zhao_relative_epsilon,12,4288
zhao_relative_epsilon,12,4308
zhao_relative_epsilon,12,4319
zhao_relative_epsilon,12,4396
zhao_relative_epsilon,12,4404
zhao_relative_epsilon,12,4439
zhao_relative_epsilon,12,4484
zhao_relative_epsilon,12,4497
zhao_relative_epsilon,12,4498
zhao_relative_epsilon,12,4509
zhao_relative_epsilon,12,4534
zhao_relative_epsilon,12,4537
zhao_relative_epsilon,12,4546
zhao_relative_epsilon,12,4560
zhao_relative_epsilon,12,4567
zhao_relative_epsilon,12,4570
zhao_relative_epsilon,12,4592
zhao_relative_epsilon,12,4595
zhao_relative_epsilon,12,4616
zhao_relative_epsilon,12,4638
zhao_relative_epsilon,12,4643
zhao_relative_epsilon,12,4650
zhao_relative_epsilon,12,4691
zhao_relative_epsilon,12,4697
zhao_relative_epsilon,12,4718
zhao_relative_epsilon,12,4723
zhao_relative_epsilon,12,4724
zhao_relative_epsilon,12,4744
zhao_relative_epsilon,12,4776
zhao_relative_epsilon,12,4790
zhao_relative_epsilon,12,4796
zhao_relative_epsilon,12,4849
zhao_relative_epsilon,12,4874
zhao_relative_epsilon,12,4900
zhao_relative_epsilon,12,4926
zhao_relative_epsilon,12,4992
zhao_relative_epsilon,12,5067
zhao_relative_epsilon,12,5104
zhao_relative_epsilon,12,5124
zhao_relative_epsilon,12,5160
zhao_relative_epsilon,12,5178
zhao_relative_epsilon,12,5204
zhao_relative_epsilon,12,5225
zhao_relative_epsilon,12,5227
zhao_relative_epsilon,12,5247
zhao_relative_epsilon,12,5260
zhao_relative_epsilon,12,5277
zhao_relative_epsilon,12,5280
zhao_relative_epsilon,12,5287
zhao_relative_epsilon,12,5350
zhao_relative_epsilon,12,5356
zhao_relative_epsilon,12,5388
zhao_relative_epsilon,12,5399
zhao_relative_epsilon,12,5434
zhao_relative_epsilon,12,5435
zhao_relative_epsilon,12,5447
zhao_relative_epsilon,12,5461
zhao_relative_epsilon,12,5486
zhao_relative_epsilon,12,5496
zhao_relative_epsilon,12,5512
zhao_relative_epsilon,12,5570
zhao_relative_epsilon,12,5581
zhao_relative_epsilon,12,5582
zhao_relative_epsilon,12,5644
zhao_relative_epsilon,12,5671
zhao_relative_epsilon,12,5684
zhao_relative_epsilon,12,5689
zhao_relative_epsilon,12,5740
zhao_relative_epsilon,12,5755
zhao_relative_epsilon,12,5758
zhao_relative_epsilon,12,5802
zhao_relative_epsilon,12,5811
zhao_relative_epsilon,12,5821
zhao_relative_epsilon,12,5831
zhao_relative_epsilon,12,5834
zhao_relative_epsilon,12,5845
zhao_relative_epsilon,12,5857
zhao_relative_epsilon,12,5886
zhao_relative_epsilon,12,5899
zhao_relative_epsilon,12,5902
zhao_relative_epsilon,12,5903
zhao_relative_epsilon,12,5996
zhao_relative_epsilon,12,6028
zhao_relative_epsilon,12,6057
zhao_relative_epsilon,12,6063
zhao_relative_epsilon,12,6064
zhao_relative_epsilon,12,6066
zhao_relative_epsilon,12,6068
zhao_relative_epsilon,12,6078
zhao_relative_epsilon,12,6117
zhao_relative_epsilon,12,6131
zhao_relative_epsilon,12,6133
zhao_relative_epsilon,12,6144
zhao_relative_epsilon,12,6150
zhao_relative_epsilon,12,6166
zhao_relative_epsilon,12,6187
zhao_relative_epsilon,12,6222
zhao_relative_epsilon,12,6241
zhao_relative_epsilon,12,6255
zhao_relative_epsilon,12,6260
zhao_relative_epsilon,12,6267
zhao_relative_epsilon,12,6278
zhao_relative_epsilon,12,6338
zhao_relative_epsilon,12,6339
zhao_relative_epsilon,12,6357
zhao_relative_epsilon,12,6384
zhao_relative_epsilon,12,6395
zhao_relative_epsilon,12,6426
zhao_relative_epsilon,12,6501
zhao_relative_epsilon,12,6520
zhao_relative_epsilon,12,6546
zhao_relative_epsilon,12,6554
zhao_relative_epsilon,12,6561
zhao_relative_epsilon,12,6581
zhao_relative_epsilon,12,6600
zhao_relative_epsilon,12,6613
zhao_relative_epsilon,12,6618
zhao_relative_epsilon,12,6650
zhao_relative_epsilon,12,6679
zhao_relative_epsilon,12,6755
zhao_relative_epsilon,12,6770
zhao_relative_epsilon,12,6779
zhao_relative_epsilon,12,6790
zhao_relative_epsilon,12,6792
zhao_relative_epsilon,12,6793
zhao_relative_epsilon,12,6807
zhao_relative_epsilon,12,6844
zhao_relative_epsilon,12,6859
zhao_relative_epsilon,12,6885
zhao_relative_epsilon,12,6904
zhao_relative_epsilon,12,6912
zhao_relative_epsilon,12,6917
zhao_relative_epsilon,12,6960
zhao_relative_epsilon,12,6973
zhao_relative_epsilon,12,7038
zhao_relative_epsilon,12,7055
zhao_relative_epsilon,12,7083
zhao_relative_epsilon,12,7086
zhao_relative_epsilon,12,7091
zhao_relative_epsilon,12,7094
zhao_relative_epsilon,12,7101
zhao_relative_epsilon,12,7114
zhao_relative_epsilon,12,7173
zhao_relative_epsilon,12,7196
zhao_relative_epsilon,12,7206
zhao_relative_epsilon,12,7213
zhao_relative_epsilon,12,7215
zhao_relative_epsilon,12,7219
zhao_relative_epsilon,12,7220
zhao_relative_epsilon,12,7221
zhao_relative_epsilon,12,7244
zhao_relative_epsilon,12,7269
zhao_relative_epsilon,12,7270
zhao_relative_epsilon,12,7280
zhao_relative_epsilon,12,7314
zhao_relative_epsilon,12,7328
zhao_relative_epsilon,12,7342
zhao_relative_epsilon,12,7470
zhao_relative_epsilon,12,7480
zhao_relative_epsilon,12,7485
zhao_relative_epsilon,12,7555
zhao_relative_epsilon,12,7557
zhao_relative_epsilon,12,7561
zhao_relative_epsilon,12,7563
zhao_relative_epsilon,12,7584
zhao_relative_epsilon,12,7588
zhao_relative_epsilon,12,7597
zhao_relative_epsilon,12,7598
zhao_relative_epsilon,12,7602
zhao_relative_epsilon,12,7632
zhao_relative_epsilon,12,7640
zhao_relative_epsilon,12,7676
zhao_relative_epsilon,12,7710
zhao_relative_epsilon,12,7717
zhao_relative_epsilon,12,7784
zhao_relative_epsilon,12,7832
zhao_relative_epsilon,12,7860
zhao_relative_epsilon,12,7872
zhao_relative_epsilon,12,7877
zhao_relative_epsilon,12,7896
zhao_relative_epsilon,12,7905
zhao_relative_epsilon,12,7935
zhao_relative_epsilon,12,7950
zhao_relative_epsilon,12,7952
zhao_relative_epsilon,12,7972
zhao_relative_epsilon,12,7984
zhao_relative_epsilon,12,7989
zhao_relative_epsilon,12,8015
zhao_relative_epsilon,12,8017
zhao_relative_epsilon,12,8044
zhao_relative_epsilon,12,8070
zhao_relative_epsilon,12,8107
zhao_relative_epsilon,12,8149
zhao_relative_epsilon,12,8181
zhao_relative_epsilon,12,8182
zhao_relative_epsilon,12,8197
zhao_relative_epsilon,12,8243
zhao_relative_epsilon,12,8277
zhao_relative_epsilon,12,8282
zhao_relative_epsilon,12,8308
zhao_relative_epsilon,12,8343
zhao_relative_epsilon,12,8365
zhao_relative_epsilon,12,8386
zhao_relative_epsilon,12,8389
zhao_relative_epsilon,12,8395
zhao_relative_epsilon,12,8419
zhao_relative_epsilon,12,8435
zhao_relative_epsilon,12,8459
zhao_relative_epsilon,12,8479
zhao_relative_epsilon,12,8484
zhao_relative_epsilon,12,8540
zhao_relative_epsilon,12,8583
zhao_relative_epsilon,12,8593
zhao_relative_epsilon,12,8604
zhao_relative_epsilon,12,8628
zhao_relative_epsilon,12,8632
zhao_relative_epsilon,12,8633
zhao_relative_epsilon,12,8636
zhao_relative_epsilon,12,8655
zhao_relative_epsilon,12,8674
zhao_relative_epsilon,12,8724
zhao_relative_epsilon,12,8743
zhao_relative_epsilon,12,8770
zhao_relative_epsilon,12,8790
zhao_relative_epsilon,12,8835
zhao_relative_epsilon,12,8845
zhao_relative_epsilon,12,8861
zhao_relative_epsilon,12,8893
zhao_relative_epsilon,12,8908
zhao_relative_epsilon,12,8927
zhao_relative_epsilon,12,8929
zhao_relative_epsilon,12,8964
zhao_relative_epsilon,12,8978
zhao_relative_epsilon,12,9001
zhao_relative_epsilon,12,9002
zhao_relative_epsilon,12,9003
zhao_relative_epsilon,12,9041
zhao_relative_epsilon,12,9051
zhao_relative_epsilon,12,9059
zhao_relative_epsilon,12,9067
zhao_relative_epsilon,12,9073
zhao_relative_epsilon,12,9074
zhao_relative_epsilon,12,9138
zhao_relative_epsilon,12,9176
zhao_relative_epsilon,12,9203
zhao_relative_epsilon,12,9205
zhao_relative_epsilon,12,9229
zhao_relative_epsilon,12,9258
zhao_relative_epsilon,12,9265
zhao_relative_epsilon,12,9270
zhao_relative_epsilon,12,9278
zhao_relative_epsilon,12,9287
zhao_relative_epsilon,12,9293
zhao_relative_epsilon,12,9310
zhao_relative_epsilon,12,9336
zhao_relative_epsilon,12,9356
zhao_relative_epsilon,12,9385
zhao_relative_epsilon,12,9392
zhao_relative_epsilon,12,9422
zhao_relative_epsilon,12,9444
zhao_relative_epsilon,12,9448
zhao_relative_epsilon,12,9474
zhao_relative_epsilon,12,9477
zhao_relative_epsilon,12,9505
zhao_relative_epsilon,12,9511
zhao_relative_epsilon,12,9593
zhao_relative_epsilon,12,9598
zhao_relative_epsilon,12,9601
zhao_relative_epsilon,12,9643
zhao_relative_epsilon,12,9680
zhao_relative_epsilon,12,9683
zhao_relative_epsilon,12,9691
zhao_relative_epsilon,12,9695
zhao_relative_epsilon,12,9710
zhao_relative_epsilon,12,9790
zhao_relative_epsilon,12,9795
zhao_relative_epsilon,12,9797
zhao_relative_epsilon,12,9800
zhao_relative_epsilon,12,9810
zhao_relative_epsilon,12,9873
zhao_relative_epsilon,12,9898
zhao_relative_epsilon,12,9906
zhao_relative_epsilon,12,9920
zhao_relative_epsilon,12,9923
zhao_relative_epsilon,12,9945
zhao_relative_epsilon,12,9966
zhao_relative_epsilon,12,9973
zhao_relative_epsilon,12,10021
zhao_relative_epsilon,12,10028
zhao_relative_epsilon,12,10036
zhao_relative_epsilon,12,10079
zhao_relative_epsilon,12,10083
zhao_relative_epsilon,12,10085
zhao_relative_epsilon,12,10099
zhao_relative_epsilon,12,10110
zhao_relative_epsilon,12,10125
zhao_relative_epsilon,12,10137
zhao_relative_epsilon,12,10160
zhao_relative_epsilon,12,10256
zhao_relative_epsilon,12,10294
zhao_relative_epsilon,12,10330
zhao_relative_epsilon,12,10334
zhao_relative_epsilon,12,10356
zhao_relative_epsilon,12,10372
zhao_relative_epsilon,12,10373
zhao_relative_epsilon,12,10376
zhao_relative_epsilon,12,10381
zhao_relative_epsilon,12,10397
zhao_relative_epsilon,12,10408
zhao_relative_epsilon,12,10418
zhao_relative_epsilon,12,10431
zhao_relative_epsilon,12,10456
zhao_relative_epsilon,12,10511
zhao_relative_epsilon,12,10532
zhao_relative_epsilon,12,10549
zhao_relative_epsilon,12,10566
zhao_relative_epsilon,12,10568
zhao_relative_epsilon,12,10570
zhao_relative_epsilon,12,10577
zhao_relative_epsilon,12,10648
zhao_relative_epsilon,12,10661
zhao_relative_epsilon,12,10665
zhao_relative_epsilon,12,10736
zhao_relative_epsilon,12,10737
zhao_relative_epsilon,12,10749
zhao_relative_epsilon,12,10779
zhao_relative_epsilon,12,10781
zhao_relative_epsilon,12,10788
zhao_relative_epsilon,12,10860
zhao_relative_epsilon,12,10865
zhao_relative_epsilon,12,10867
zhao_relative_epsilon,12,10907
zhao_relative_epsilon,12,10914
zhao_relative_epsilon,12,10926
zhao_relative_epsilon,12,10930
zhao_relative_epsilon,12,10943
zhao_relative_epsilon,12,10951
zhao_relative_epsilon,12,10969
zhao_relative_epsilon,12,10989
zhao_relative_epsilon,12,11011
zhao_relative_epsilon,12,11040
zhao_relative_epsilon,12,11064
zhao_relative_epsilon,12,11078
zhao_relative_epsilon,12,11094
zhao_relative_epsilon,12,11126
zhao_relative_epsilon,12,11139
zhao_relative_epsilon,12,11162
zhao_relative_epsilon,12,11164
zhao_relative_epsilon,12,11181
zhao_relative_epsilon,12,11185
zhao_relative_epsilon,12,11192
zhao_relative_epsilon,12,11193
zhao_relative_epsilon,12,11217
zhao_relative_epsilon,12,11229
zhao_relative_epsilon,12,11237
zhao_relative_epsilon,12,11250
zhao_relative_epsilon,12,11256
zhao_relative_epsilon,12,11257
zhao_relative_epsilon,12,11262
zhao_relative_epsilon,12,11282
zhao_relative_epsilon,12,11364
zhao_relative_epsilon,12,11391
zhao_relative_epsilon,12,11414
zhao_relative_epsilon,12,11428
zhao_relative_epsilon,12,11446
zhao_relative_epsilon,12,11451
zhao_relative_epsilon,12,11452
zhao_relative_epsilon,12,11458
zhao_relative_epsilon,12,11460
zhao_relative_epsilon,12,11475
zhao_relative_epsilon,12,11481
zhao_relative_epsilon,12,11507
zhao_relative_epsilon,12,11532
zhao_relative_epsilon,12,11573
zhao_relative_epsilon,12,11594
zhao_relative_epsilon,12,11639
zhao_relative_epsilon,12,11705
zhao_relative_epsilon,12,11706
zhao_relative_epsilon,12,11722
zhao_relative_epsilon,12,11729
zhao_relative_epsilon,12,11756
zhao_relative_epsilon,12,11771
zhao_relative_epsilon,12,11781
zhao_relative_epsilon,12,11800
zhao_relative_epsilon,12,11811
zhao_relative_epsilon,12,11821
zhao_relative_epsilon,12,11831
zhao_relative_epsilon,12,11840
zhao_relative_epsilon,12,11849
zhao_relative_epsilon,12,11857
zhao_relative_epsilon,12,11858
zhao_relative_epsilon,12,11912
zhao_relative_epsilon,12,11994
zhao_relative_epsilon,12,12001
zhao_relative_epsilon,12,12026
zhao_relative_epsilon,12,12091
zhao_relative_epsilon,12,12094
zhao_relative_epsilon,12,12113
zhao_relative_epsilon,12,12131
zhao_relative_epsilon,12,12145
zhao_relative_epsilon,12,12177
zhao_relative_epsilon,12,12196
zhao_relative_epsilon,12,12205
zhao_relative_epsilon,12,12209
zhao_relative_epsilon,12,12231
zhao_relative_epsilon,12,12247
zhao_relative_epsilon,12,12286
zhao_relative_epsilon,12,12298
zhao_relative_epsilon,12,12302
zhao_relative_epsilon,12,12306
zhao_relative_epsilon,12,12338
zhao_relative_epsilon,12,12356
zhao_relative_epsilon,12,12390
zhao_relative_epsilon,12,12457
zhao_relative_epsilon,12,12472
zhao_relative_epsilon,12,12473
zhao_relative_epsilon,12,12535
zhao_relative_epsilon,12,12541
zhao_relative_epsilon,12,12591
zhao_relative_epsilon,12,12597
zhao_relative_epsilon,12,12638
zhao_relative_epsilon,12,12654
zhao_relative_epsilon,12,12658
zhao_relative_epsilon,12,12683
zhao_relative_epsilon,12,12701
zhao_relative_epsilon,12,12702
zhao_relative_epsilon,12,12755
zhao_relative_epsilon,12,12773
zhao_relative_epsilon,12,12793
zhao_relative_epsilon,12,12795
zhao_relative_epsilon,12,12834
zhao_relative_epsilon,12,12851
zhao_relative_epsilon,12,12854
zhao_relative_epsilon,12,12882
zhao_relative_epsilon,12,12888
zhao_relative_epsilon,12,12890
zhao_relative_epsilon,12,12916
zhao_relative_epsilon,12,12953
zhao_relative_epsilon,12,13053
zhao_relative_epsilon,12,13076
zhao_relative_epsilon,12,13111
zhao_relative_epsilon,12,13113
zhao_relative_epsilon,12,13129
zhao_relative_epsilon,12,13143
zhao_relative_epsilon,12,13159
zhao_relative_epsilon,12,13264
zhao_relative_epsilon,12,13269
zhao_relative_epsilon,12,13274
zhao_relative_epsilon,12,13275
zhao_relative_epsilon,12,13282
zhao_relative_epsilon,12,13288
zhao_relative_epsilon,12,13291
zhao_relative_epsilon,12,13296
zhao_relative_epsilon,12,13309
zhao_relative_epsilon,12,13334
zhao_relative_epsilon,12,13368
zhao_relative_epsilon,12,13402
zhao_relative_epsilon,12,13405
zhao_relative_epsilon,12,13457
zhao_relative_epsilon,12,13466
zhao_relative_epsilon,12,13474
zhao_relative_epsilon,12,13490
zhao_relative_epsilon,12,13517
zhao_relative_epsilon,12,13520
zhao_relative_epsilon,12,13529
zhao_relative_epsilon,12,13531
zhao_relative_epsilon,12,13555
zhao_relative_epsilon,12,13558
zhao_relative_epsilon,12,13562
zhao_relative_epsilon,12,13573
zhao_relative_epsilon,12,13602
zhao_relative_epsilon,12,13672
zhao_relative_epsilon,12,13714
zhao_relative_epsilon,12,13742
zhao_relative_epsilon,12,13783
zhao_relative_epsilon,12,13806
zhao_relative_epsilon,12,13824
zhao_relative_epsilon,12,13834
zhao_relative_epsilon,12,13848
zhao_relative_epsilon,12,13855
zhao_relative_epsilon,12,13860
zhao_relative_epsilon,12,13868
zhao_relative_epsilon,12,13873
zhao_relative_epsilon,12,13881
zhao_relative_epsilon,12,13890
zhao_relative_epsilon,12,13936
zhao_relative_epsilon,12,13969
zhao_relative_epsilon,12,13973
zhao_relative_epsilon,12,14007
zhao_relative_epsilon,12,14031
zhao_relative_epsilon,12,14036
zhao_relative_epsilon,12,14042
zhao_relative_epsilon,12,14051
zhao_relative_epsilon,12,14065
zhao_relative_epsilon,12,14079
zhao_relative_epsilon,12,14080
zhao_relative_epsilon,12,14097
zhao_relative_epsilon,12,14105
zhao_relative_epsilon,12,14129
zhao_relative_epsilon,12,14151
zhao_relative_epsilon,12,14160
zhao_relative_epsilon,12,14165
zhao_relative_epsilon,12,14207
zhao_relative_epsilon,12,14211
zhao_relative_epsilon,12,14260
zhao_relative_epsilon,12,14274
zhao_relative_epsilon,12,14297
zhao_relative_epsilon,12,14308
zhao_relative_epsilon,12,14326
zhao_relative_epsilon,13,229
zhao_relative_epsilon,13,348
zhao_relative_epsilon,13,384
zhao_relative_epsilon,13,599
zhao_relative_epsilon,13,647
zhao_relative_epsilon,13,724
zhao_relative_epsilon,13,783
zhao_relative_epsilon,13,912
zhao_relative_epsilon,13,982
zhao_relative_epsilon,13,1065
zhao_relative_epsilon,13,1125
zhao_relative_epsilon,13,1135
zhao_relative_epsilon,13,1244
zhao_relative_epsilon,13,1261
zhao_relative_epsilon,13,1342
zhao_relative_epsilon,13,1385
zhao_relative_epsilon,13,1644
zhao_relative_epsilon,13,1660
zhao_relative_epsilon,13,1857
zhao_relative_epsilon,13,1923
zhao_relative_epsilon,13,1924
zhao_relative_epsilon,13,1950
zhao_relative_epsilon,13,2046
zhao_relative_epsilon,13,2308
zhao_relative_epsilon,13,2452
zhao_relative_epsilon,13,3029
zhao_relative_epsilon,13,3272
zhao_relative_epsilon,13,3408
zhao_relative_epsilon,13,3557
zhao_relative_epsilon,13,3670
zhao_relative_epsilon,13,3935
zhao_relative_epsilon,13,4032
zhao_relative_epsilon,13,4044
zhao_relative_epsilon,13,4101
zhao_relative_epsilon,13,4205
zhao_relative_epsilon,13,4208
zhao_relative_epsilon,13,4389
zhao_relative_epsilon,13,4646
zhao_relative_epsilon,13,4688
zhao_relative_epsilon,13,4730
zhao_relative_epsilon,13,4870
zhao_relative_epsilon,13,4898
zhao_relative_epsilon,13,4905
zhao_relative_epsilon,13,4923
zhao_relative_epsilon,13,5026
zhao_relative_epsilon,13,5102
zhao_relative_epsilon,13,5276
zhao_relative_epsilon,13,5294
zhao_relative_epsilon,13,5418
zhao_relative_epsilon,13,5656
zhao_relative_epsilon,13,5775
zhao_relative_epsilon,13,5835
zhao_relative_epsilon,13,6044
zhao_relative_epsilon,13,6209
zhao_relative_epsilon,13,6213
zhao_relative_epsilon,13,6356
zhao_relative_epsilon,13,6588
zhao_relative_epsilon,13,6644
zhao_relative_epsilon,13,6658
zhao_relative_epsilon,13,6690
zhao_relative_epsilon,13,6697
zhao_relative_epsilon,13,6900
zhao_relative_epsilon,13,6999
zhao_relative_epsilon,13,7079
zhao_relative_epsilon,13,7159
zhao_relative_epsilon,13,7224
zhao_relative_epsilon,13,7286
zhao_relative_epsilon,13,7554
zhao_relative_epsilon,13,7766
zhao_relative_epsilon,13,7980
zhao_relative_epsilon,13,8022
zhao_relative_epsilon,13,8031
zhao_relative_epsilon,13,8143
zhao_relative_epsilon,13,8310
zhao_relative_epsilon,13,8383
zhao_relative_epsilon,13,8522
zhao_relative_epsilon,13,8818
zhao_relative_epsilon,13,8958
zhao_relative_epsilon,13,8959
zhao_relative_epsilon,13,8985
zhao_relative_epsilon,13,9025
zhao_relative_epsilon,13,9084
zhao_relative_epsilon,13,9124
zhao_relative_epsilon,13,9139
zhao_relative_epsilon,13,9281
zhao_relative_epsilon,13,9404
zhao_relative_epsilon,13,9455
zhao_relative_epsilon,13,9507
zhao_relative_epsilon,13,10101
zhao_relative_epsilon,13,10179
zhao_relative_epsilon,13,10449
zhao_relative_epsilon,13,10479
zhao_relative_epsilon,13,10677
zhao_relative_epsilon,13,10939
zhao_relative_epsilon,13,11065
zhao_relative_epsilon,13,11347
zhao_relative_epsilon,13,11578
zhao_relative_epsilon,13,11666
zhao_relative_epsilon,13,11818
zhao_relative_epsilon,13,11875
zhao_relative_epsilon,13,12039
zhao_relative_epsilon,13,12135
zhao_relative_epsilon,13,12316
zhao_relative_epsilon,13,12428
zhao_relative_epsilon,13,12570
zhao_relative_epsilon,13,12580
zhao_relative_epsilon,13,12704
zhao_relative_epsilon,13,12719
zhao_relative_epsilon,13,12865
zhao_relative_epsilon,13,13125
zhao_relative_epsilon,13,13215
zhao_relative_epsilon,13,13351
zhao_relative_epsilon,13,13366
zhao_relative_epsilon,13,13614
zhao_relative_epsilon,13,13672
zhao_relative_epsilon,13,13730
zhao_relative_epsilon,13,13853
zhao_relative_epsilon,13,13905
zhao_relative_epsilon,13,13953
zhao_relative_epsilon,13,14173
zhao_relative_epsilon,14,4
zhao_relative_epsilon,14,6
zhao_relative_epsilon,14,57
zhao_relative_epsilon,14,242
zhao_relative_epsilon,14,892
zhao_relative_epsilon,14,907
zhao_relative_epsilon,14,1576
zhao_relative_epsilon,14,1640
zhao_relative_epsilon,14,1942
zhao_relative_epsilon,14,2057
zhao_relative_epsilon,14,2717
zhao_relative_epsilon,14,3417
zhao_relative_epsilon,14,3475
zhao_relative_epsilon,14,3686
zhao_relative_epsilon,14,3747
zhao_relative_epsilon,14,3750
zhao_relative_epsilon,14,4269
zhao_relative_epsilon,14,4366
zhao_relative_epsilon,14,4458
zhao_relative_epsilon,14,4491
zhao_relative_epsilon,14,4512
zhao_relative_epsilon,14,5056
zhao_relative_epsilon,14,5430
zhao_relative_epsilon,14,5641
zhao_relative_epsilon,14,5649
zhao_relative_epsilon,14,5834
zhao_relative_epsilon,14,5879
zhao_relative_epsilon,14,5932
zhao_relative_epsilon,14,7202
zhao_relative_epsilon,14,7317
zhao_relative_epsilon,14,7367
zhao_relative_epsilon,14,7386
zhao_relative_epsilon,14,7446
zhao_relative_epsilon,14,7541
zhao_relative_epsilon,14,7586
zhao_relative_epsilon,14,7736
zhao_relative_epsilon,14,7858
zhao_relative_epsilon,14,7917
zhao_relative_epsilon,14,8090
zhao_relative_epsilon,14,8361
zhao_relative_epsilon,14,8419
zhao_relative_epsilon,14,8455
zhao_relative_epsilon,14,8504
zhao_relative_epsilon,14,8553
zhao_relative_epsilon,14,8648
zhao_relative_epsilon,14,8660
zhao_relative_epsilon,14,8738
zhao_relative_epsilon,14,8909
zhao_relative_epsilon,14,9013
zhao_relative_epsilon,14,9318
zhao_relative_epsilon,14,9326
zhao_relative_epsilon,14,9431
zhao_relative_epsilon,14,9466
zhao_relative_epsilon,14,9482
zhao_relative_epsilon,14,10372
zhao_relative_epsilon,14,11414
zhao_relative_epsilon,14,11603
zhao_relative_epsilon,14,11773
zhao_relative_epsilon,14,11873
zhao_relative_epsilon,14,12019
zhao_relative_epsilon,14,12188
zhao_relative_epsilon,14,12639
zhao_relative_epsilon,14,12688
zhao_relative_epsilon,14,12760
zhao_relative_epsilon,14,12843
zhao_relative_epsilon,14,12927
zhao_relative_epsilon,14,13047
zhao_relative_epsilon,14,13315
zhao_relative_epsilon,14,13344
zhao_relative_epsilon,14,13469
zhao_relative_epsilon,14,13601
zhao_relative_epsilon,14,13798
zhao_relative_epsilon,14,14095
zhao_relative_epsilon,15,421
zhao_relative_epsilon,15,688
zhao_relative_epsilon,15,780
zhao_relative_epsilon,15,828
zhao_relative_epsilon,15,1355
zhao_relative_epsilon,15,1394
zhao_relative_epsilon,15,1453
zhao_relative_epsilon,15,1613
zhao_relative_epsilon,15,1688
zhao_relative_epsilon,15,1867
zhao_relative_epsilon,15,1871
zhao_relative_epsilon,15,2292
zhao_relative_epsilon,15,2395
zhao_relative_epsilon,15,2660
zhao_relative_epsilon,15,3346
zhao_relative_epsilon,15,3498
zhao_relative_epsilon,15,3791
zhao_relative_epsilon,15,3917
zhao_relative_epsilon,15,4454
zhao_relative_epsilon,15,4525
zhao_relative_epsilon,15,4722
zhao_relative_epsilon,15,4739
zhao_relative_epsilon,15,5155
zhao_relative_epsilon,15,5459
zhao_relative_epsilon,15,5862
zhao_relative_epsilon,15,5908
zhao_relative_epsilon,15,6148
zhao_relative_epsilon,15,6149
zhao_relative_epsilon,15,6164
zhao_relative_epsilon,15,6888
zhao_relative_epsilon,15,7021
zhao_relative_epsilon,15,7157
zhao_relative_epsilon,15,7566
zhao_relative_epsilon,15,7669
zhao_relative_epsilon,15,7691
zhao_relative_epsilon,15,7708
zhao_relative_epsilon,15,7732
zhao_relative_epsilon,15,7922
zhao_relative_epsilon,15,8017
zhao_relative_epsilon,15,8390
zhao_relative_epsilon,15,8668
zhao_relative_epsilon,15,9221
zhao_relative_epsilon,15,9646
zhao_relative_epsilon,15,9816
zhao_relative_epsilon,15,9925
zhao_relative_epsilon,15,10190
zhao_relative_epsilon,15,10238
zhao_relative_epsilon,15,10495
zhao_relative_epsilon,15,10641
zhao_relative_epsilon,15,10764
zhao_relative_epsilon,15,10816
zhao_relative_epsilon,15,10926
zhao_relative_epsilon,15,11202
zhao_relative_epsilon,15,11526
zhao_relative_epsilon,15,11571
zhao_relative_epsilon,15,11604
zhao_relative_epsilon,15,11853
zhao_relative_epsilon,15,12395
zhao_relative_epsilon,15,12892
zhao_relative_epsilon,15,12953
zhao_relative_epsilon,15,12971
zhao_relative_epsilon,15,13423
zhao_relative_epsilon,15,13583
zhao_relative_epsilon,15,14132
zhao_relative_epsilon,15,14179
zhao_relative_epsilon,16,429
zhao_relative_epsilon,16,781
zhao_relative_epsilon,16,834
zhao_relative_epsilon,16,1241
zhao_relative_epsilon,16,1760
zhao_relative_epsilon,16,2121
zhao_relative_epsilon,16,2399
zhao_relative_epsilon,16,2467
zhao_relative_epsilon,16,3172
zhao_relative_epsilon,16,3230
zhao_relative_epsilon,16,4123
zhao_relative_epsilon,16,5033
zhao_relative_epsilon,16,5213
zhao_relative_epsilon,16,5388
zhao_relative_epsilon,16,6078
zhao_relative_epsilon,16,6373
zhao_relative_epsilon,16,6521
zhao_relative_epsilon,16,6738
zhao_relative_epsilon,16,6893
zhao_relative_epsilon,16,7048
zhao_relative_epsilon,16,7292
zhao_relative_epsilon,16,7476
zhao_relative_epsilon,16,8099
zhao_relative_epsilon,16,8705
zhao_relative_epsilon,16,8787
zhao_relative_epsilon,16,8873
zhao_relative_epsilon,16,9249
zhao_relative_epsilon,16,9901
zhao_relative_epsilon,16,10204
zhao_relative_epsilon,16,10549
zhao_relative_epsilon,16,11277
zhao_relative_epsilon,16,11331
zhao_relative_epsilon,16,11468
zhao_relative_epsilon,16,11602
zhao_relative_epsilon,16,12193
zhao_relative_epsilon,16,12588
zhao_relative_epsilon,16,13256
zhao_relative_epsilon,16,13314
zhao_relative_epsilon,16,13422
zhao_relative_epsilon,16,14209
zhao_relative_epsilon,17,83
zhao_relative_epsilon,17,96
zhao_relative_epsilon,17,431
zhao_relative_epsilon,17,587
zhao_relative_epsilon,17,724
zhao_relative_epsilon,17,1012
zhao_relative_epsilon,17,1241
zhao_relative_epsilon,17,1580
zhao_relative_epsilon,17,1830
zhao_relative_epsilon,17,2160
zhao_relative_epsilon,17,2636
zhao_relative_epsilon,17,2784
zhao_relative_epsilon,17,2901
zhao_relative_epsilon,17,3267
zhao_relative_epsilon,17,3533
zhao_relative_epsilon,17,4397
zhao_relative_epsilon,17,5151
zhao_relative_epsilon,17,5322
zhao_relative_epsilon,17,6327
zhao_relative_epsilon,17,6439
zhao_relative_epsilon,17,6568
zhao_relative_epsilon,17,6842
zhao_relative_epsilon,17,6964
zhao_relative_epsilon,17,7130
zhao_relative_epsilon,17,7275
zhao_relative_epsilon,17,7381
zhao_relative_epsilon,17,7522
zhao_relative_epsilon,17,7769
zhao_relative_epsilon,17,7791
zhao_relative_epsilon,17,7810
zhao_relative_epsilon,17,8143
zhao_relative_epsilon,17,8320
zhao_relative_epsilon,17,8357
zhao_relative_epsilon,17,8406
zhao_relative_epsilon,17,8445
zhao_relative_epsilon,17,8459
zhao_relative_epsilon,17,8557
zhao_relative_epsilon,17,9004
zhao_relative_epsilon,17,9271
zhao_relative_epsilon,17,9298
zhao_relative_epsilon,17,9309
zhao_relative_epsilon,17,9529
zhao_relative_epsilon,17,10066
zhao_relative_epsilon,17,10415
zhao_relative_epsilon,17,10680
zhao_relative_epsilon,17,10979
zhao_relative_epsilon,17,11142
zhao_relative_epsilon,17,11161
zhao_relative_epsilon,17,11957
zhao_relative_epsilon,17,11983
zhao_relative_epsilon,17,12384
zhao_relative_epsilon,17,12996
zhao_relative_epsilon,17,13441
zhao_relative_epsilon,17,13696
zhao_relative_epsilon,17,13836
zhao_relative_epsilon,17,14096
zhao_relative_epsilon,17,14199
zhao_relative_epsilon,17,14318
zhao_relative_epsilon,18,60
zhao_relative_epsilon,18,179
zhao_relative_epsilon,18,563
zhao_relative_epsilon,18,1110
zhao_relative_epsilon,18,1122
zhao_relative_epsilon,18,1454
zhao_relative_epsilon,18,1597
zhao_relative_epsilon,18,2106
zhao_relative_epsilon,18,2460
zhao_relative_epsilon,18,3493
zhao_relative_epsilon,18,5941
zhao_relative_epsilon,18,6223
zhao_relative_epsilon,18,6613
zhao_relative_epsilon,18,6877
zhao_relative_epsilon,18,6940
zhao_relative_epsilon,18,7417
zhao_relative_epsilon,18,7464
zhao_relative_epsilon,18,8160
zhao_relative_epsilon,18,8413
zhao_relative_epsilon,18,8463
zhao_relative_epsilon,18,9058
zhao_relative_epsilon,18,9289
zhao_relative_epsilon,18,9419
zhao_relative_epsilon,18,9537
zhao_relative_epsilon,18,9669
zhao_relative_epsilon,18,10439
zhao_relative_epsilon,18,11215
zhao_relative_epsilon,18,11468
zhao_relative_epsilon,18,11798
zhao_relative_epsilon,18,11872
zhao_relative_epsilon,18,12063
zhao_relative_epsilon,18,12578
zhao_relative_epsilon,18,12797
zhao_relative_epsilon,18,13570
zhao_relative_epsilon,18,13780
zhao_relative_epsilon,18,14280
zhao_relative_epsilon,18,14296
zhao_relative_epsilon,19,1261
zhao_relative_epsilon,19,1762
zhao_relative_epsilon,19,2523
zhao_relative_epsilon,19,3443
zhao_relative_epsilon,19,3931
zhao_relative_epsilon,19,4513
zhao_relative_epsilon,19,7393
zhao_relative_epsilon,19,9590
zhao_relative_epsilon,19,10660
zhao_relative_epsilon,19,10739
zhao_relative_epsilon,19,11751
zhao_relative_epsilon,19,12164
zhao_relative_epsilon,19,13845
zhao_relative_epsilon,19,14185
zhao_relative_epsilon,20,1234
zhao_relative_epsilon,20,1404
zhao_relative_epsilon,20,2269
zhao_relative_epsilon,20,2526
zhao_relative_epsilon,20,2873
zhao_relative_epsilon,20,3847
zhao_relative_epsilon,20,3853
zhao_relative_epsilon,20,3917
zhao_relative_epsilon,20,3972
zhao_relative_epsilon,20,4060
zhao_relative_epsilon,20,5237
zhao_relative_epsilon,20,5270
zhao_relative_epsilon,20,5288
zhao_relative_epsilon,20,5410
zhao_relative_epsilon,20,5759
zhao_relative_epsilon,20,5771
zhao_relative_epsilon,20,6289
zhao_relative_epsilon,20,6763
zhao_relative_epsilon,20,6954
zhao_relative_epsilon,20,7552
zhao_relative_epsilon,20,8083
zhao_relative_epsilon,20,8869
zhao_relative_epsilon,20,9238
zhao_relative_epsilon,20,9543
zhao_relative_epsilon,20,10425
zhao_relative_epsilon,20,10719
zhao_relative_epsilon,20,11768
zhao_relative_epsilon,20,11985
zhao_relative_epsilon,20,12114
zhao_relative_epsilon,20,13223
zhao_relative_epsilon,20,13961
zhao_relative_epsilon,21,713
zhao_relative_epsilon,21,760
zhao_relative_epsilon,21,1103
zhao_relative_epsilon,21,1210
zhao_relative_epsilon,21,1382
zhao_relative_epsilon,21,2349
zhao_relative_epsilon,21,2359
zhao_relative_epsilon,21,2698
zhao_relative_epsilon,21,2894
zhao_relative_epsilon,21,2955
zhao_relative_epsilon,21,3477
zhao_relative_epsilon,21,3810
zhao_relative_epsilon,21,4312
zhao_relative_epsilon,21,4445
zhao_relative_epsilon,21,4626
zhao_relative_epsilon,21,4759
zhao_relative_epsilon,21,4935
zhao_relative_epsilon,21,5087
zhao_relative_epsilon,21,5280
zhao_relative_epsilon,21,5691
zhao_relative_epsilon,21,5752
zhao_relative_epsilon,21,5779
zhao_relative_epsilon,21,5833
zhao_relative_epsilon,21,6041
zhao_relative_epsilon,21,6084
zhao_relative_epsilon,21,6408
zhao_relative_epsilon,21,6424
zhao_relative_epsilon,21,6426
zhao_relative_epsilon,21,6538
zhao_relative_epsilon,21,7394
zhao_relative_epsilon,21,7712
zhao_relative_epsilon,21,7872
zhao_relative_epsilon,21,8046
zhao_relative_epsilon,21,8054
zhao_relative_epsilon,21,8077
zhao_relative_epsilon,21,8252
zhao_relative_epsilon,21,8329
zhao_relative_epsilon,21,8734
zhao_relative_epsilon,21,8863
zhao_relative_epsilon,21,9703
zhao_relative_epsilon,21,9848
zhao_relative_epsilon,21,9875
zhao_relative_epsilon,21,9886
zhao_relative_epsilon,21,9911
zhao_relative_epsilon,21,10289
zhao_relative_epsilon,21,10699
zhao_relative_epsilon,21,10983
zhao_relative_epsilon,21,11206
zhao_relative_epsilon,21,12033
zhao_relative_epsilon,21,12067
zhao_relative_epsilon,21,12107
zhao_relative_epsilon,21,12554
zhao_relative_epsilon,21,12666
zhao_relative_epsilon,21,13204
zhao_relative_epsilon,21,13230
zhao_relative_epsilon,21,13359
zhao_relative_epsilon,21,13398
zhao_relative_epsilon,21,13489
zhao_relative_epsilon,21,14245
zhao_relative_epsilon,22,476
zhao_relative_epsilon,22,1083
zhao_relative_epsilon,22,1138
zhao_relative_epsilon,22,1861
zhao_relative_epsilon,22,2472
zhao_relative_epsilon,22,2940
zhao_relative_epsilon,22,3642
zhao_relative_epsilon,22,4433
zhao_relative_epsilon,22,4989
zhao_relative_epsilon,22,5345
zhao_relative_epsilon,22,6032
zhao_relative_epsilon,22,6723
zhao_relative_epsilon,22,7399
zhao_relative_epsilon,22,10478
zhao_relative_epsilon,22,10578
zhao_relative_epsilon,22,10995
zhao_relative_epsilon,22,11106
zhao_relative_epsilon,22,12156
zhao_relative_epsilon,22,12305
zhao_relative_epsilon,22,13332
zhao_relative_epsilon,22,14052
zhao_relative_epsilon,23,306
zhao_relative_epsilon,23,727
zhao_relative_epsilon,23,2565
zhao_relative_epsilon,23,4144
zhao_relative_epsilon,23,4769
zhao_relative_epsilon,23,5023
zhao_relative_epsilon,23,5722
zhao_relative_epsilon,23,5765
zhao_relative_epsilon,23,5901
zhao_relative_epsilon,23,9075
zhao_relative_epsilon,23,9657
zhao_relative_epsilon,23,10303
zhao_relative_epsilon,23,11002
zhao_relative_epsilon,23,11719
zhao_relative_epsilon,23,12156
zhao_relative_epsilon,23,13141
zhao_relative_epsilon,23,13591
zhao_relative_epsilon,24,684
zhao_relative_epsilon,24,1392
zhao_relative_epsilon,24,2804
zhao_relative_epsilon,24,4379
zhao_relative_epsilon,24,4668
zhao_relative_epsilon,24,5326
zhao_relative_epsilon,24,5610
zhao_relative_epsilon,24,7647
zhao_relative_epsilon,24,8082
zhao_relative_epsilon,24,8540
zhao_relative_epsilon,24,8765
zhao_relative_epsilon,24,8824
zhao_relative_epsilon,24,11915
zhao_relative_epsilon,24,12539
zhao_relative_epsilon,24,13267
zhao_relative_epsilon,25,206
zhao_relative_epsilon,25,213
zhao_relative_epsilon,25,319
zhao_relative_epsilon,25,391
zhao_relative_epsilon,25,500
zhao_relative_epsilon,25,560
zhao_relative_epsilon,25,790
zhao_relative_epsilon,25,1111
zhao_relative_epsilon,25,1317
zhao_relative_epsilon,25,1457
zhao_relative_epsilon,25,1742
zhao_relative_epsilon,25,1958
zhao_relative_epsilon,25,2226
zhao_relative_epsilon,25,2631
zhao_relative_epsilon,25,2637
zhao_relative_epsilon,25,3037
zhao_relative_epsilon,25,3118
zhao_relative_epsilon,25,3176
zhao_relative_epsilon,25,3313
zhao_relative_epsilon,25,3599
zhao_relative_epsilon,25,3649
zhao_relative_epsilon,25,3897
zhao_relative_epsilon,25,3957
zhao_relative_epsilon,25,4152
zhao_relative_epsilon,25,4265
zhao_relative_epsilon,25,4354
zhao_relative_epsilon,25,4473
zhao_relative_epsilon,25,4507
zhao_relative_epsilon,25,4726
zhao_relative_epsilon,25,4969
zhao_relative_epsilon,25,4981
zhao_relative_epsilon,25,5065
zhao_relative_epsilon,25,5131
zhao_relative_epsilon,25,5263
zhao_relative_epsilon,25,5503
zhao_relative_epsilon,25,5563
zhao_relative_epsilon,25,5598
zhao_relative_epsilon,25,5934
zhao_relative_epsilon,25,6455
zhao_relative_epsilon,25,6654
zhao_relative_epsilon,25,6748
zhao_relative_epsilon,25,6851
zhao_relative_epsilon,25,7015
zhao_relative_epsilon,25,7040
zhao_relative_epsilon,25,7155
zhao_relative_epsilon,25,7313
zhao_relative_epsilon,25,7490
zhao_relative_epsilon,25,7619
zhao_relative_epsilon,25,7783
zhao_relative_epsilon,25,7867
zhao_relative_epsilon,25,8021
zhao_relative_epsilon,25,8035
zhao_relative_epsilon,25,8400
zhao_relative_epsilon,25,8464
zhao_relative_epsilon,25,8469
zhao_relative_epsilon,25,8692
zhao_relative_epsilon,25,8739
zhao_relative_epsilon,25,8941
zhao_relative_epsilon,25,9447
zhao_relative_epsilon,25,9449
zhao_relative_epsilon,25,9461
zhao_relative_epsilon,25,9491
zhao_relative_epsilon,25,9594
zhao_relative_epsilon,25,9845
zhao_relative_epsilon,25,9848
zhao_relative_epsilon,25,9876
zhao_relative_epsilon,25,9888
zhao_relative_epsilon,25,9896
zhao_relative_epsilon,25,10021
zhao_relative_epsilon,25,10085
zhao_relative_epsilon,25,10273
zhao_relative_epsilon,25,10315
zhao_relative_epsilon,25,10326
zhao_relative_epsilon,25,10419
zhao_relative_epsilon,25,10465
zhao_relative_epsilon,25,10647
zhao_relative_epsilon,25,11080
zhao_relative_epsilon,25,11387
zhao_relative_epsilon,25,11449
zhao_relative_epsilon,25,11584
zhao_relative_epsilon,25,11604
zhao_relative_epsilon,25,11622
zhao_relative_epsilon,25,11658
zhao_relative_epsilon,25,12198
zhao_relative_epsilon,25,12308
zhao_relative_epsilon,25,12633
zhao_relative_epsilon,25,12715
zhao_relative_epsilon,25,13062
zhao_relative_epsilon,25,13130
zhao_relative_epsilon,25,13291
zhao_relative_epsilon,25,13382
zhao_relative_epsilon,25,13410
zhao_relative_epsilon,25,13700
zhao_relative_epsilon,25,13772
zhao_relative_epsilon,25,13958
zhao_relative_epsilon,25,13989
zhao_relative_epsilon,25,14166
zhao_relative_epsilon,25,14171
zhao_relative_epsilon,26,450
zhao_relative_epsilon,26,592
zhao_relative_epsilon,26,1396
zhao_relative_epsilon,26,1478
zhao_relative_epsilon,26,1727
zhao_relative_epsilon,26,2293
zhao_relative_epsilon,26,2434
zhao_relative_epsilon,26,2589
zhao_relative_epsilon,26,2645
zhao_relative_epsilon,26,2686
zhao_relative_epsilon,26,2788
zhao_relative_epsilon,26,3426
zhao_relative_epsilon,26,4760
zhao_relative_epsilon,26,5805
zhao_relative_epsilon,26,6601
zhao_relative_epsilon,26,7374
zhao_relative_epsilon,26,7919
zhao_relative_epsilon,26,9190
zhao_relative_epsilon,26,9783
zhao_relative_epsilon,26,10070
zhao_relative_epsilon,26,12113
zhao_relative_epsilon,26,13136
zhao_relative_epsilon,26,14013
zhao_relative_epsilon,27,0
zhao_relative_epsilon,27,33
zhao_relative_epsilon,27,38
zhao_relative_epsilon,27,131
zhao_relative_epsilon,27,175
zhao_relative_epsilon,27,357
zhao_relative_epsilon,27,391
zhao_relative_epsilon,27,445
zhao_relative_epsilon,27,462
zhao_relative_epsilon,27,562
zhao_relative_epsilon,27,611
zhao_relative_epsilon,27,791
zhao_relative_epsilon,27,798
zhao_relative_epsilon,27,974
zhao_relative_epsilon,27,977
zhao_relative_epsilon,27,1044
zhao_relative_epsilon,27,1471
zhao_relative_epsilon,27,1562
zhao_relative_epsilon,27,1571
zhao_relative_epsilon,27,1690
zhao_relative_epsilon,27,1772
zhao_relative_epsilon,27,1971
zhao_relative_epsilon,27,2012
zhao_relative_epsilon,27,2016
zhao_relative_epsilon,27,2170
zhao_relative_epsilon,27,2298
zhao_relative_epsilon,27,2491
zhao_relative_epsilon,27,2548
zhao_relative_epsilon,27,2974
zhao_relative_epsilon,27,2986
zhao_relative_epsilon,27,3101
zhao_relative_epsilon,27,3110
zhao_relative_epsilon,27,3195
zhao_relative_epsilon,27,3219
zhao_relative_epsilon,27,3231
zhao_relative_epsilon,27,3430
zhao_relative_epsilon,27,3470
zhao_relative_epsilon,27,3524
zhao_relative_epsilon,27,3574
zhao_relative_epsilon,27,3673
zhao_relative_epsilon,27,3778
zhao_relative_epsilon,27,3936
zhao_relative_epsilon,27,3969
zhao_relative_epsilon,27,4110
zhao_relative_epsilon,27,4112
zhao_relative_epsilon,27,4371
zhao_relative_epsilon,27,4462
zhao_relative_epsilon,27,4495
zhao_relative_epsilon,27,4674
zhao_relative_epsilon,27,4696
zhao_relative_epsilon,27,4702
zhao_relative_epsilon,27,4742
zhao_relative_epsilon,27,4752
zhao_relative_epsilon,27,4884
zhao_relative_epsilon,27,5048
zhao_relative_epsilon,27,5147
zhao_relative_epsilon,27,5612
zhao_relative_epsilon,27,5792
zhao_relative_epsilon,27,5937
zhao_relative_epsilon,27,6022
zhao_relative_epsilon,27,6153
zhao_relative_epsilon,27,6188
zhao_relative_epsilon,27,6215
zhao_relative_epsilon,27,6256
zhao_relative_epsilon,27,6281
zhao_relative_epsilon,27,6384
zhao_relative_epsilon,27,6442
zhao_relative_epsilon,27,6679
zhao_relative_epsilon,27,6684
zhao_relative_epsilon,27,6816
zhao_relative_epsilon,27,6890
zhao_relative_epsilon,27,7044
zhao_relative_epsilon,27,7090
zhao_relative_epsilon,27,7180
zhao_relative_epsilon,27,7277
zhao_relative_epsilon,27,7307
zhao_relative_epsilon,27,7545
zhao_relative_epsilon,27,7612
zhao_relative_epsilon,27,7722
zhao_relative_epsilon,27,7942
zhao_relative_epsilon,27,8051
zhao_relative_epsilon,27,8095
zhao_relative_epsilon,27,8140
zhao_relative_epsilon,27,8191
zhao_relative_epsilon,27,8306
zhao_relative_epsilon,27,8540
zhao_relative_epsilon,27,8738
zhao_relative_epsilon,27,8796
zhao_relative_epsilon,27,8896
zhao_relative_epsilon,27,9402
zhao_relative_epsilon,27,9425
zhao_relative_epsilon,27,9450
zhao_relative_epsilon,27,9615
zhao_relative_epsilon,27,9661
zhao_relative_epsilon,27,9904
zhao_relative_epsilon,27,10132
zhao_relative_epsilon,27,10194
zhao_relative_epsilon,27,10252
zhao_relative_epsilon,27,10495
zhao_relative_epsilon,27,10500
zhao_relative_epsilon,27,10512
zhao_relative_epsilon,27,10519
zhao_relative_epsilon,27,10672
zhao_relative_epsilon,27,10813
zhao_relative_epsilon,27,10916
zhao_relative_epsilon,27,10970
zhao_relative_epsilon,27,11133
zhao_relative_epsilon,27,11228
zhao_relative_epsilon,27,11265
zhao_relative_epsilon,27,11512
zhao_relative_epsilon,27,11527
zhao_relative_epsilon,27,11556
zhao_relative_epsilon,27,11567
zhao_relative_epsilon,27,11594
zhao_relative_epsilon,27,11613
zhao_relative_epsilon,27,11759
zhao_relative_epsilon,27,11784
zhao_relative_epsilon,27,11804
zhao_relative_epsilon,27,11815
zhao_relative_epsilon,27,11829
zhao_relative_epsilon,27,11897
zhao_relative_epsilon,27,11932
zhao_relative_epsilon,27,12012
zhao_relative_epsilon,27,12313
zhao_relative_epsilon,27,12428
zhao_relative_epsilon,27,12521
zhao_relative_epsilon,27,12536
zhao_relative_epsilon,27,12562
zhao_relative_epsilon,27,12584
zhao_relative_epsilon,27,12660
zhao_relative_epsilon,27,12888
zhao_relative_epsilon,27,12955
zhao_relative_epsilon,27,12956
zhao_relative_epsilon,27,13135
zhao_relative_epsilon,27,13157
zhao_relative_epsilon,27,13174
zhao_relative_epsilon,27,13180
zhao_relative_epsilon,27,13241
zhao_relative_epsilon,27,13298
zhao_relative_epsilon,27,13476
zhao_relative_epsilon,27,13495
zhao_relative_epsilon,27,13528
zhao_relative_epsilon,27,13587
zhao_relative_epsilon,27,13710
zhao_relative_epsilon,27,13732
zhao_relative_epsilon,27,13853
zhao_relative_epsilon,27,13857
zhao_relative_epsilon,27,14191
zhao_relative_epsilon,27,14264
zhao_relative_epsilon,27,14294
zhao_relative_epsilon,27,14295
zhao_relative_epsilon,28,6
zhao_relative_epsilon,28,447
zhao_relative_epsilon,28,855
zhao_relative_epsilon,28,1023
zhao_relative_epsilon,28,1449
zhao_relative_epsilon,28,1478
zhao_relative_epsilon,28,1580
zhao_relative_epsilon,28,1692
zhao_relative_epsilon,28,1790
zhao_relative_epsilon,28,2268
zhao_relative_epsilon,28,2460
zhao_relative_epsilon,28,2472
zhao_relative_epsilon,28,2838
zhao_relative_epsilon,28,2847
zhao_relative_epsilon,28,2856
zhao_relative_epsilon,28,3198
zhao_relative_epsilon,28,3343
zhao_relative_epsilon,28,3893
zhao_relative_epsilon,28,4002
zhao_relative_epsilon,28,4064
zhao_relative_epsilon,28,4233
zhao_relative_epsilon,28,4382
zhao_relative_epsilon,28,4593
zhao_relative_epsilon,28,5238
zhao_relative_epsilon,28,5418
zhao_relative_epsilon,28,6005
zhao_relative_epsilon,28,6107
zhao_relative_epsilon,28,6199
zhao_relative_epsilon,28,6269
zhao_relative_epsilon,28,6278
zhao_relative_epsilon,28,6826
zhao_relative_epsilon,28,6962
zhao_relative_epsilon,28,7031
zhao_relative_epsilon,28,7284
zhao_relative_epsilon,28,7615
zhao_relative_epsilon,28,7702
zhao_relative_epsilon,28,7811
zhao_relative_epsilon,28,7871
zhao_relative_epsilon,28,8131
zhao_relative_epsilon,28,9806
zhao_relative_epsilon,28,9954
zhao_relative_epsilon,28,10007
zhao_relative_epsilon,28,11567
zhao_relative_epsilon,28,11921
zhao_relative_epsilon,28,12049
zhao_relative_epsilon,28,12074
zhao_relative_epsilon,28,12167
zhao_relative_epsilon,28,12523
zhao_relative_epsilon,28,12739
zhao_relative_epsilon,28,13044
zhao_relative_epsilon,28,13614
zhao_relative_epsilon,28,14117
zhao_relative_epsilon,28,14244
zhao_relative_epsilon,29,5
zhao_relative_epsilon,29,108
zhao_relative_epsilon,29,142
zhao_relative_epsilon,29,258
zhao_relative_epsilon,29,285
zhao_relative_epsilon,29,417
zhao_relative_epsilon,29,421
zhao_relative_epsilon,29,452
zhao_relative_epsilon,29,512
zhao_relative_epsilon,29,518
zhao_relative_epsilon,29,573
zhao_relative_epsilon,29,578
zhao_relative_epsilon,29,624
zhao_relative_epsilon,29,629
zhao_relative_epsilon,29,664
zhao_relative_epsilon,29,666
zhao_relative_epsilon,29,706
zhao_relative_epsilon,29,715
zhao_relative_epsilon,29,763
zhao_relative_epsilon,29,808
zhao_relative_epsilon,29,923
zhao_relative_epsilon,29,969
zhao_relative_epsilon,29,987
zhao_relative_epsilon,29,1016
zhao_relative_epsilon,29,1084
zhao_relative_epsilon,29,1091
zhao_relative_epsilon,29,1114
zhao_relative_epsilon,29,1123
zhao_relative_epsilon,29,1127
zhao_relative_epsilon,29,1168
zhao_relative_epsilon,29,1175
zhao_relative_epsilon,29,1189
zhao_relative_epsilon,29,1246
zhao_relative_epsilon,29,1251
zhao_relative_epsilon,29,1275
zhao_relative_epsilon,29,1294
zhao_relative_epsilon,29,1303
zhao_relative_epsilon,29,1338
zhao_relative_epsilon,29,1355
zhao_relative_epsilon,29,1370
zhao_relative_epsilon,29,1381
zhao_relative_epsilon,29,1563
zhao_relative_epsilon,29,1569
zhao_relative_epsilon,29,1613
zhao_relative_epsilon,29,1658
zhao_relative_epsilon,29,1710
zhao_relative_epsilon,29,1749
zhao_relative_epsilon,29,1773
zhao_relative_epsilon,29,1785
zhao_relative_epsilon,29,1878
zhao_relative_epsilon,29,1884
zhao_relative_epsilon,29,1919
zhao_relative_epsilon,29,1983
zhao_relative_epsilon,29,2021
zhao_relative_epsilon,29,2099
zhao_relative_epsilon,29,2167
zhao_relative_epsilon,29,2169
zhao_relative_epsilon,29,2205
zhao_relative_epsilon,29,2223
zhao_relative_epsilon,29,2310
zhao_relative_epsilon,29,2388
zhao_relative_epsilon,29,2410
zhao_relative_epsilon,29,2422
zhao_relative_epsilon,29,2423
zhao_relative_epsilon,29,2560
zhao_relative_epsilon,29,2647
zhao_relative_epsilon,29,2688
zhao_relative_epsilon,29,2713
zhao_relative_epsilon,29,2715
zhao_relative_epsilon,29,2736
zhao_relative_epsilon,29,2788
zhao_relative_epsilon,29,2790
zhao_relative_epsilon,29,2803
zhao_relative_epsilon,29,2836
zhao_relative_epsilon,29,2908
zhao_relative_epsilon,29,2913
zhao_relative_epsilon,29,2947
zhao_relative_epsilon,29,2971
zhao_relative_epsilon,29,3041
zhao_relative_epsilon,29,3045
zhao_relative_epsilon,29,3069
zhao_relative_epsilon,29,3093
zhao_relative_epsilon,29,3115
zhao_relative_epsilon,29,3158
zhao_relative_epsilon,29,3214
zhao_relative_epsilon,29,3243
zhao_relative_epsilon,29,3296
zhao_relative_epsilon,29,3311
zhao_relative_epsilon,29,3338
zhao_relative_epsilon,29,3400
zhao_relative_epsilon,29,3438
zhao_relative_epsilon,29,3468
zhao_relative_epsilon,29,3490
zhao_relative_epsilon,29,3629
zhao_relative_epsilon,29,3637
zhao_relative_epsilon,29,3641
zhao_relative_epsilon,29,3687
zhao_relative_epsilon,29,3746
zhao_relative_epsilon,29,3783
zhao_relative_epsilon,29,3817
zhao_relative_epsilon,29,3895
zhao_relative_epsilon,29,3949
zhao_relative_epsilon,29,3952
zhao_relative_epsilon,29,3976
zhao_relative_epsilon,29,4006
zhao_relative_epsilon,29,4037
zhao_relative_epsilon,29,4048
zhao_relative_epsilon,29,4113
zhao_relative_epsilon,29,4145
zhao_relative_epsilon,29,4161
zhao_relative_epsilon,29,4165
zhao_relative_epsilon,29,4189
zhao_relative_epsilon,29,4200
zhao_relative_epsilon,29,4314
zhao_relative_epsilon,29,4332
zhao_relative_epsilon,29,4360
zhao_relative_epsilon,29,4420
zhao_relative_epsilon,29,4424
zhao_relative_epsilon,29,4566
zhao_relative_epsilon,29,4598
zhao_relative_epsilon,29,4634
zhao_relative_epsilon,29,4663
zhao_relative_epsilon,29,4670
zhao_relative_epsilon,29,4705
zhao_relative_epsilon,29,4735
zhao_relative_epsilon,29,4827
zhao_relative_epsilon,29,4834
zhao_relative_epsilon,29,4843
zhao_relative_epsilon,29,4854
zhao_relative_epsilon,29,4918
zhao_relative_epsilon,29,4960
zhao_relative_epsilon,29,4968
zhao_relative_epsilon,29,5025
zhao_relative_epsilon,29,5074
zhao_relative_epsilon,29,5182
zhao_relative_epsilon,29,5195
zhao_relative_epsilon,29,5230
zhao_relative_epsilon,29,5277
zhao_relative_epsilon,29,5337
zhao_relative_epsilon,29,5363
zhao_relative_epsilon,29,5419
zhao_relative_epsilon,29,5469
zhao_relative_epsilon,29,5589
zhao_relative_epsilon,29,5629
zhao_relative_epsilon,29,5653
zhao_relative_epsilon,29,5785
zhao_relative_epsilon,29,5790
zhao_relative_epsilon,29,5834
zhao_relative_epsilon,29,5866
zhao_relative_epsilon,29,6026
zhao_relative_epsilon,29,6086
zhao_relative_epsilon,29,6122
zhao_relative_epsilon,29,6128
zhao_relative_epsilon,29,6168
zhao_relative_epsilon,29,6227
zhao_relative_epsilon,29,6244
zhao_relative_epsilon,29,6253
zhao_relative_epsilon,29,6257
zhao_relative_epsilon,29,6266
zhao_relative_epsilon,29,6281
zhao_relative_epsilon,29,6301
zhao_relative_epsilon,29,6380
zhao_relative_epsilon,29,6400
zhao_relative_epsilon,29,6435
zhao_relative_epsilon,29,6481
zhao_relative_epsilon,29,6491
zhao_relative_epsilon,29,6495
zhao_relative_epsilon,29,6538
zhao_relative_epsilon,29,6543
zhao_relative_epsilon,29,6571
zhao_relative_epsilon,29,6599
zhao_relative_epsilon,29,6603
zhao_relative_epsilon,29,6623
zhao_relative_epsilon,29,6636
zhao_relative_epsilon,29,6732
zhao_relative_epsilon,29,6739
zhao_relative_epsilon,29,6774
zhao_relative_epsilon,29,6859
zhao_relative_epsilon,29,6894
zhao_relative_epsilon,29,6911
zhao_relative_epsilon,29,6987
zhao_relative_epsilon,29,7125
zhao_relative_epsilon,29,7175
zhao_relative_epsilon,29,7181
zhao_relative_epsilon,29,7206
zhao_relative_epsilon,29,7328
zhao_relative_epsilon,29,7349
zhao_relative_epsilon,29,7352
zhao_relative_epsilon,29,7358
zhao_relative_epsilon,29,7359
zhao_relative_epsilon,29,7375
zhao_relative_epsilon,29,7414
zhao_relative_epsilon,29,7428
zhao_relative_epsilon,29,7461
zhao_relative_epsilon,29,7479
zhao_relative_epsilon,29,7509
zhao_relative_epsilon,29,7514
zhao_relative_epsilon,29,7517
zhao_relative_epsilon,29,7548
zhao_relative_epsilon,29,7558
zhao_relative_epsilon,29,7570
zhao_relative_epsilon,29,7595
zhao_relative_epsilon,29,7616
zhao_relative_epsilon,29,7661
zhao_relative_epsilon,29,7679
zhao_relative_epsilon,29,7702
zhao_relative_epsilon,29,7777
zhao_relative_epsilon,29,7839
zhao_relative_epsilon,29,7898
zhao_relative_epsilon,29,7910
zhao_relative_epsilon,29,7925
zhao_relative_epsilon,29,7953
zhao_relative_epsilon,29,7979
zhao_relative_epsilon,29,7986
zhao_relative_epsilon,29,7999
zhao_relative_epsilon,29,8031
zhao_relative_epsilon,29,8088
zhao_relative_epsilon,29,8099
zhao_relative_epsilon,29,8198
zhao_relative_epsilon,29,8219
zhao_relative_epsilon,29,8220
zhao_relative_epsilon,29,8265
zhao_relative_epsilon,29,8296
zhao_relative_epsilon,29,8364
zhao_relative_epsilon,29,8374
zhao_relative_epsilon,29,8384
zhao_relative_epsilon,29,8424
zhao_relative_epsilon,29,8469
zhao_relative_epsilon,29,8499
zhao_relative_epsilon,29,8529
zhao_relative_epsilon,29,8533
zhao_relative_epsilon,29,8568
zhao_relative_epsilon,29,8656
zhao_relative_epsilon,29,8674
zhao_relative_epsilon,29,8713
zhao_relative_epsilon,29,8741
zhao_relative_epsilon,29,8753
zhao_relative_epsilon,29,8765
zhao_relative_epsilon,29,8845
zhao_relative_epsilon,29,8993
zhao_relative_epsilon,29,9000
zhao_relative_epsilon,29,9046
zhao_relative_epsilon,29,9055
zhao_relative_epsilon,29,9083
zhao_relative_epsilon,29,9117
zhao_relative_epsilon,29,9129
zhao_relative_epsilon,29,9142
zhao_relative_epsilon,29,9221
zhao_relative_epsilon,29,9222
zhao_relative_epsilon,29,9228
zhao_relative_epsilon,29,9262
zhao_relative_epsilon,29,9267
zhao_relative_epsilon,29,9316
zhao_relative_epsilon,29,9387
zhao_relative_epsilon,29,9458
zhao_relative_epsilon,29,9467
zhao_relative_epsilon,29,9502
zhao_relative_epsilon,29,9513
zhao_relative_epsilon,29,9523
zhao_relative_epsilon,29,9571
zhao_relative_epsilon,29,9580
zhao_relative_epsilon,29,9588
zhao_relative_epsilon,29,9595
zhao_relative_epsilon,29,9654
zhao_relative_epsilon,29,9686
zhao_relative_epsilon,29,9706
zhao_relative_epsilon,29,9711
zhao_relative_epsilon,29,9738
zhao_relative_epsilon,29,9750
zhao_relative_epsilon,29,9757
zhao_relative_epsilon,29,9869
zhao_relative_epsilon,29,9901
zhao_relative_epsilon,29,9929
zhao_relative_epsilon,29,9969
zhao_relative_epsilon,29,10030
zhao_relative_epsilon,29,10035
zhao_relative_epsilon,29,10092
zhao_relative_epsilon,29,10112
zhao_relative_epsilon,29,10167
zhao_relative_epsilon,29,10184
zhao_relative_epsilon,29,10191
zhao_relative_epsilon,29,10254
zhao_relative_epsilon,29,10255
zhao_relative_epsilon,29,10297
zhao_relative_epsilon,29,10308
zhao_relative_epsilon,29,10407
zhao_relative_epsilon,29,10417
zhao_relative_epsilon,29,10431
zhao_relative_epsilon,29,10586
zhao_relative_epsilon,29,10651
zhao_relative_epsilon,29,10662
zhao_relative_epsilon,29,10665
zhao_relative_epsilon,29,10666
zhao_relative_epsilon,29,10726
zhao_relative_epsilon,29,10749
zhao_relative_epsilon,29,10788
zhao_relative_epsilon,29,10799
zhao_relative_epsilon,29,10824
zhao_relative_epsilon,29,10837
zhao_relative_epsilon,29,10857
zhao_relative_epsilon,29,10899
zhao_relative_epsilon,29,10901
zhao_relative_epsilon,29,11082
zhao_relative_epsilon,29,11100
zhao_relative_epsilon,29,11110
zhao_relative_epsilon,29,11123
zhao_relative_epsilon,29,11151
zhao_relative_epsilon,29,11171
zhao_relative_epsilon,29,11176
zhao_relative_epsilon,29,11181
zhao_relative_epsilon,29,11270
zhao_relative_epsilon,29,11285
zhao_relative_epsilon,29,11295
zhao_relative_epsilon,29,11317
zhao_relative_epsilon,29,11334
zhao_relative_epsilon,29,11347
zhao_relative_epsilon,29,11351
zhao_relative_epsilon,29,11372
zhao_relative_epsilon,29,11374
zhao_relative_epsilon,29,11384
zhao_relative_epsilon,29,11388
zhao_relative_epsilon,29,11475
zhao_relative_epsilon,29,11492
zhao_relative_epsilon,29,11498
zhao_relative_epsilon,29,11511
zhao_relative_epsilon,29,11523
zhao_relative_epsilon,29,11543
zhao_relative_epsilon,29,11605
zhao_relative_epsilon,29,11607
zhao_relative_epsilon,29,11642
zhao_relative_epsilon,29,11650
zhao_relative_epsilon,29,11663
zhao_relative_epsilon,29,11696
zhao_relative_epsilon,29,11700
zhao_relative_epsilon,29,11761
zhao_relative_epsilon,29,11772
zhao_relative_epsilon,29,11791
zhao_relative_epsilon,29,11794
zhao_relative_epsilon,29,11819
zhao_relative_epsilon,29,11885
zhao_relative_epsilon,29,11909
zhao_relative_epsilon,29,11929
zhao_relative_epsilon,29,11937
zhao_relative_epsilon,29,11961
zhao_relative_epsilon,29,11977
zhao_relative_epsilon,29,12010
zhao_relative_epsilon,29,12048
zhao_relative_epsilon,29,12067
zhao_relative_epsilon,29,12092
zhao_relative_epsilon,29,12104
zhao_relative_epsilon,29,12117
zhao_relative_epsilon,29,12134
zhao_relative_epsilon,29,12155
zhao_relative_epsilon,29,12211
zhao_relative_epsilon,29,12217
zhao_relative_epsilon,29,12248
zhao_relative_epsilon,29,12267
zhao_relative_epsilon,29,12287
zhao_relative_epsilon,29,12400
zhao_relative_epsilon,29,12405
zhao_relative_epsilon,29,12465
zhao_relative_epsilon,29,12466
zhao_relative_epsilon,29,12488
zhao_relative_epsilon,29,12537
zhao_relative_epsilon,29,12566
zhao_relative_epsilon,29,12580
zhao_relative_epsilon,29,12605
zhao_relative_epsilon,29,12622
zhao_relative_epsilon,29,12644
zhao_relative_epsilon,29,12657
zhao_relative_epsilon,29,12670
zhao_relative_epsilon,29,12784
zhao_relative_epsilon,29,12796
zhao_relative_epsilon,29,12858
zhao_relative_epsilon,29,12940
zhao_relative_epsilon,29,12947
zhao_relative_epsilon,29,12972
zhao_relative_epsilon,29,12988
zhao_relative_epsilon,29,12996
zhao_relative_epsilon,29,13042
zhao_relative_epsilon,29,13092
zhao_relative_epsilon,29,13118
zhao_relative_epsilon,29,13181
zhao_relative_epsilon,29,13210
zhao_relative_epsilon,29,13238
zhao_relative_epsilon,29,13276
zhao_relative_epsilon,29,13304
zhao_relative_epsilon,29,13321
zhao_relative_epsilon,29,13350
zhao_relative_epsilon,29,13372
zhao_relative_epsilon,29,13401
zhao_relative_epsilon,29,13405
zhao_relative_epsilon,29,13411
zhao_relative_epsilon,29,13413
zhao_relative_epsilon,29,13467
zhao_relative_epsilon,29,13569
zhao_relative_epsilon,29,13687
zhao_relative_epsilon,29,13704
zhao_relative_epsilon,29,13769
zhao_relative_epsilon,29,13771
zhao_relative_epsilon,29,13790
zhao_relative_epsilon,29,13816
zhao_relative_epsilon,29,13822
zhao_relative_epsilon,29,13867
zhao_relative_epsilon,29,13873
zhao_relative_epsilon,29,14012
zhao_relative_epsilon,29,14017
zhao_relative_epsilon,29,14023
zhao_relative_epsilon,29,14025
zhao_relative_epsilon,29,14070
zhao_relative_epsilon,29,14120
zhao_relative_epsilon,29,14145
zhao_relative_epsilon,29,14165
zhao_relative_epsilon,30,10
zhao_relative_epsilon,30,23
zhao_relative_epsilon,30,35
zhao_relative_epsilon,30,58
zhao_relative_epsilon,30,85
zhao_relative_epsilon,30,120
zhao_relative_epsilon,30,139
zhao_relative_epsilon,30,151
zhao_relative_epsilon,30,172
zhao_relative_epsilon,30,191
zhao_relative_epsilon,30,217
zhao_relative_epsilon,30,224
zhao_relative_epsilon,30,225
zhao_relative_epsilon,30,253
zhao_relative_epsilon,30,283
zhao_relative_epsilon,30,360
zhao_relative_epsilon,30,367
zhao_relative_epsilon,30,404
zhao_relative_epsilon,30,409
zhao_relative_epsilon,30,410
zhao_relative_epsilon,30,422
zhao_relative_epsilon,30,458
zhao_relative_epsilon,30,468
zhao_relative_epsilon,30,472
zhao_relative_epsilon,30,535
zhao_relative_epsilon,30,545
zhao_relative_epsilon,30,557
zhao_relative_epsilon,30,559
zhao_relative_epsilon,30,625
zhao_relative_epsilon,30,635
zhao_relative_epsilon,30,655
zhao_relative_epsilon,30,722
zhao_relative_epsilon,30,801
zhao_relative_epsilon,30,806
zhao_relative_epsilon,30,840
zhao_relative_epsilon,30,841
zhao_relative_epsilon,30,874
zhao_relative_epsilon,30,934
zhao_relative_epsilon,30,936
zhao_relative_epsilon,30,965
zhao_relative_epsilon,30,1033
zhao_relative_epsilon,30,1050
zhao_relative_epsilon,30,1067
zhao_relative_epsilon,30,1112
zhao_relative_epsilon,30,1119
zhao_relative_epsilon,30,1124
zhao_relative_epsilon,30,1130
zhao_relative_epsilon,30,1144
zhao_relative_epsilon,30,1152
zhao_relative_epsilon,30,1167
zhao_relative_epsilon,30,1171
zhao_relative_epsilon,30,1235
zhao_relative_epsilon,30,1249
zhao_relative_epsilon,30,1253
zhao_relative_epsilon,30,1274
zhao_relative_epsilon,30,1296
zhao_relative_epsilon,30,1303
zhao_relative_epsilon,30,1307
zhao_relative_epsilon,30,1326
zhao_relative_epsilon,30,1342
zhao_relative_epsilon,30,1365
zhao_relative_epsilon,30,1369
zhao_relative_epsilon,30,1425
zhao_relative_epsilon,30,1431
zhao_relative_epsilon,30,1457
zhao_relative_epsilon,30,1464
zhao_relative_epsilon,30,1466
zhao_relative_epsilon,30,1472
zhao_relative_epsilon,30,1482
zhao_relative_epsilon,30,1516
zhao_relative_epsilon,30,1521
zhao_relative_epsilon,30,1529
zhao_relative_epsilon,30,1548
zhao_relative_epsilon,30,1551
zhao_relative_epsilon,30,1562
zhao_relative_epsilon,30,1579
zhao_relative_epsilon,30,1584
zhao_relative_epsilon,30,1608
zhao_relative_epsilon,30,1617
zhao_relative_epsilon,30,1668
zhao_relative_epsilon,30,1681
zhao_relative_epsilon,30,1719
zhao_relative_epsilon,30,1724
zhao_relative_epsilon,30,1777
zhao_relative_epsilon,30,1791
zhao_relative_epsilon,30,1793
zhao_relative_epsilon,30,1795
zhao_relative_epsilon,30,1801
zhao_relative_epsilon,30,1819
zhao_relative_epsilon,30,1864
zhao_relative_epsilon,30,1867
zhao_relative_epsilon,30,1874
zhao_relative_epsilon,30,1885
zhao_relative_epsilon,30,1914
zhao_relative_epsilon,30,1969
zhao_relative_epsilon,30,1978
zhao_relative_epsilon,30,2005
zhao_relative_epsilon,30,2018
zhao_relative_epsilon,30,2019
zhao_relative_epsilon,30,2025
zhao_relative_epsilon,30,2074
zhao_relative_epsilon,30,2117
zhao_relative_epsilon,30,2120
zhao_relative_epsilon,30,2127
zhao_relative_epsilon,30,2195
zhao_relative_epsilon,30,2196
zhao_relative_epsilon,30,2226
zhao_relative_epsilon,30,2268
zhao_relative_epsilon,30,2273
zhao_relative_epsilon,30,2306
zhao_relative_epsilon,30,2310
zhao_relative_epsilon,30,2341
zhao_relative_epsilon,30,2363
zhao_relative_epsilon,30,2367
zhao_relative_epsilon,30,2403
zhao_relative_epsilon,30,2405
zhao_relative_epsilon,30,2446
zhao_relative_epsilon,30,2453
zhao_relative_epsilon,30,2470
zhao_relative_epsilon,30,2474
zhao_relative_epsilon,30,2486
zhao_relative_epsilon,30,2521
zhao_relative_epsilon,30,2614
zhao_relative_epsilon,30,2627
zhao_relative_epsilon,30,2654
zhao_relative_epsilon,30,2677
zhao_relative_epsilon,30,2709
zhao_relative_epsilon,30,2730
zhao_relative_epsilon,30,2743
zhao_relative_epsilon,30,2762
zhao_relative_epsilon,30,2792
zhao_relative_epsilon,30,2798
zhao_relative_epsilon,30,2815
zhao_relative_epsilon,30,2908
zhao_relative_epsilon,30,2951
zhao_relative_epsilon,30,2969
zhao_relative_epsilon,30,3000
zhao_relative_epsilon,30,3017
zhao_relative_epsilon,30,3032
zhao_relative_epsilon,30,3059
zhao_relative_epsilon,30,3078
zhao_relative_epsilon,30,3086
zhao_relative_epsilon,30,3097
zhao_relative_epsilon,30,3136
zhao_relative_epsilon,30,3152
zhao_relative_epsilon,30,3242
zhao_relative_epsilon,30,3271
zhao_relative_epsilon,30,3295
zhao_relative_epsilon,30,3296
zhao_relative_epsilon,30,3331
zhao_relative_epsilon,30,3336
zhao_relative_epsilon,30,3342
zhao_relative_epsilon,30,3346
zhao_relative_epsilon,30,3364
zhao_relative_epsilon,30,3382
zhao_relative_epsilon,30,3397
zhao_relative_epsilon,30,3404
zhao_relative_epsilon,30,3413
zhao_relative_epsilon,30,3415
zhao_relative_epsilon,30,3416
zhao_relative_epsilon,30,3425
zhao_relative_epsilon,30,3429
zhao_relative_epsilon,30,3430
zhao_relative_epsilon,30,3533
zhao_relative_epsilon,30,3543
zhao_relative_epsilon,30,3574
zhao_relative_epsilon,30,3583
zhao_relative_epsilon,30,3587
zhao_relative_epsilon,30,3600
zhao_relative_epsilon,30,3673
zhao_relative_epsilon,30,3675
zhao_relative_epsilon,30,3695
zhao_relative_epsilon,30,3700
zhao_relative_epsilon,30,3739
zhao_relative_epsilon,30,3776
zhao_relative_epsilon,30,3786
zhao_relative_epsilon,30,3813
zhao_relative_epsilon,30,3843
zhao_relative_epsilon,30,3856
zhao_relative_epsilon,30,3903
zhao_relative_epsilon,30,3912
zhao_relative_epsilon,30,3914
zhao_relative_epsilon,30,3930
zhao_relative_epsilon,30,3937
zhao_relative_epsilon,30,3970
zhao_relative_epsilon,30,4028
zhao_relative_epsilon,30,4035
zhao_relative_epsilon,30,4092
zhao_relative_epsilon,30,4133
zhao_relative_epsilon,30,4213
zhao_relative_epsilon,30,4238
zhao_relative_epsilon,30,4257
zhao_relative_epsilon,30,4306
zhao_relative_epsilon,30,4341
zhao_relative_epsilon,30,4345
zhao_relative_epsilon,30,4346
zhao_relative_epsilon,30,4350
zhao_relative_epsilon,30,4361
zhao_relative_epsilon,30,4381
zhao_relative_epsilon,30,4382
zhao_relative_epsilon,30,4384
zhao_relative_epsilon,30,4431
zhao_relative_epsilon,30,4438
zhao_relative_epsilon,30,4472
zhao_relative_epsilon,30,4497
zhao_relative_epsilon,30,4546
zhao_relative_epsilon,30,4668
zhao_relative_epsilon,30,4673
zhao_relative_epsilon,30,4684
zhao_relative_epsilon,30,4713
zhao_relative_epsilon,30,4800
zhao_relative_epsilon,30,4829
zhao_relative_epsilon,30,4834
zhao_relative_epsilon,30,4842
zhao_relative_epsilon,30,4852
zhao_relative_epsilon,30,4882
zhao_relative_epsilon,30,4886
zhao_relative_epsilon,30,4893
zhao_relative_epsilon,30,4903
zhao_relative_epsilon,30,4936
zhao_relative_epsilon,30,4949
zhao_relative_epsilon,30,4994
zhao_relative_epsilon,30,5024
zhao_relative_epsilon,30,5035
zhao_relative_epsilon,30,5042
zhao_relative_epsilon,30,5043
zhao_relative_epsilon,30,5081
zhao_relative_epsilon,30,5088
zhao_relative_epsilon,30,5114
zhao_relative_epsilon,30,5131
zhao_relative_epsilon,30,5195
zhao_relative_epsilon,30,5251
zhao_relative_epsilon,30,5253
zhao_relative_epsilon,30,5290
zhao_relative_epsilon,30,5336
zhao_relative_epsilon,30,5358
zhao_relative_epsilon,30,5366
zhao_relative_epsilon,30,5426
zhao_relative_epsilon,30,5427
zhao_relative_epsilon,30,5442
zhao_relative_epsilon,30,5473
zhao_relative_epsilon,30,5486
zhao_relative_epsilon,30,5506
zhao_relative_epsilon,30,5526
zhao_relative_epsilon,30,5549
zhao_relative_epsilon,30,5591
zhao_relative_epsilon,30,5624
zhao_relative_epsilon,30,5646
zhao_relative_epsilon,30,5649
zhao_relative_epsilon,30,5713
zhao_relative_epsilon,30,5718
zhao_relative_epsilon,30,5737
zhao_relative_epsilon,30,5748
zhao_relative_epsilon,30,5790
zhao_relative_epsilon,30,5804
zhao_relative_epsilon,30,5832
zhao_relative_epsilon,30,5840
zhao_relative_epsilon,30,5850
zhao_relative_epsilon,30,5852
zhao_relative_epsilon,30,5854
zhao_relative_epsilon,30,5860
zhao_relative_epsilon,30,5872
zhao_relative_epsilon,30,5901
zhao_relative_epsilon,30,5905
zhao_relative_epsilon,30,5906
zhao_relative_epsilon,30,5912
zhao_relative_epsilon,30,5914
zhao_relative_epsilon,30,5920
zhao_relative_epsilon,30,5944
zhao_relative_epsilon,30,5948
zhao_relative_epsilon,30,5951
zhao_relative_epsilon,30,6083
zhao_relative_epsilon,30,6110
zhao_relative_epsilon,30,6159
zhao_relative_epsilon,30,6168
zhao_relative_epsilon,30,6196
zhao_relative_epsilon,30,6203
zhao_relative_epsilon,30,6204
zhao_relative_epsilon,30,6209
zhao_relative_epsilon,30,6220
zhao_relative_epsilon,30,6240
zhao_relative_epsilon,30,6252
zhao_relative_epsilon,30,6255
zhao_relative_epsilon,30,6331
zhao_relative_epsilon,30,6336
zhao_relative_epsilon,30,6372
zhao_relative_epsilon,30,6380
zhao_relative_epsilon,30,6404
zhao_relative_epsilon,30,6424
zhao_relative_epsilon,30,6462
zhao_relative_epsilon,30,6491
zhao_relative_epsilon,30,6499
zhao_relative_epsilon,30,6539
zhao_relative_epsilon,30,6555
zhao_relative_epsilon,30,6595
zhao_relative_epsilon,30,6625
zhao_relative_epsilon,30,6640
zhao_relative_epsilon,30,6659
zhao_relative_epsilon,30,6663
zhao_relative_epsilon,30,6669
zhao_relative_epsilon,30,6680
zhao_relative_epsilon,30,6707
zhao_relative_epsilon,30,6716
zhao_relative_epsilon,30,6725
zhao_relative_epsilon,30,6770
zhao_relative_epsilon,30,6779
zhao_relative_epsilon,30,6816
zhao_relative_epsilon,30,6831
zhao_relative_epsilon,30,6889
zhao_relative_epsilon,30,6893
zhao_relative_epsilon,30,6894
zhao_relative_epsilon,30,6937
zhao_relative_epsilon,30,6948
zhao_relative_epsilon,30,6976
zhao_relative_epsilon,30,6989
zhao_relative_epsilon,30,6999
zhao_relative_epsilon,30,7016
zhao_relative_epsilon,30,7095
zhao_relative_epsilon,30,7144
zhao_relative_epsilon,30,7146
zhao_relative_epsilon,30,7204
zhao_relative_epsilon,30,7207
zhao_relative_epsilon,30,7286
zhao_relative_epsilon,30,7299
zhao_relative_epsilon,30,7304
zhao_relative_epsilon,30,7305
zhao_relative_epsilon,30,7346
zhao_relative_epsilon,30,7398
zhao_relative_epsilon,30,7410
zhao_relative_epsilon,30,7422
zhao_relative_epsilon,30,7423
zhao_relative_epsilon,30,7428
zhao_relative_epsilon,30,7431
zhao_relative_epsilon,30,7463
zhao_relative_epsilon,30,7577
zhao_relative_epsilon,30,7600
zhao_relative_epsilon,30,7609
zhao_relative_epsilon,30,7638
zhao_relative_epsilon,30,7660
zhao_relative_epsilon,30,7663
zhao_relative_epsilon,30,7668
zhao_relative_epsilon,30,7674
zhao_relative_epsilon,30,7675
zhao_relative_epsilon,30,7691
zhao_relative_epsilon,30,7699
zhao_relative_epsilon,30,7708
zhao_relative_epsilon,30,7748
zhao_relative_epsilon,30,7752
zhao_relative_epsilon,30,7776
zhao_relative_epsilon,30,7813
zhao_relative_epsilon,30,7834
zhao_relative_epsilon,30,7843
zhao_relative_epsilon,30,7872
zhao_relative_epsilon,30,7908
zhao_relative_epsilon,30,7985
zhao_relative_epsilon,30,8023
zhao_relative_epsilon,30,8026
zhao_relative_epsilon,30,8028
zhao_relative_epsilon,30,8057
zhao_relative_epsilon,30,8084
zhao_relative_epsilon,30,8125
zhao_relative_epsilon,30,8132
zhao_relative_epsilon,30,8200
zhao_relative_epsilon,30,8223
zhao_relative_epsilon,30,8226
zhao_relative_epsilon,30,8242
zhao_relative_epsilon,30,8247
zhao_relative_epsilon,30,8309
zhao_relative_epsilon,30,8319
zhao_relative_epsilon,30,8321
zhao_relative_epsilon,30,8349
zhao_relative_epsilon,30,8366
zhao_relative_epsilon,30,8385
zhao_relative_epsilon,30,8392
zhao_relative_epsilon,30,8418
zhao_relative_epsilon,30,8426
zhao_relative_epsilon,30,8427
zhao_relative_epsilon,30,8491
zhao_relative_epsilon,30,8539
zhao_relative_epsilon,30,8562
zhao_relative_epsilon,30,8570
zhao_relative_epsilon,30,8610
zhao_relative_epsilon,30,8631
zhao_relative_epsilon,30,8639
zhao_relative_epsilon,30,8652
zhao_relative_epsilon,30,8662
zhao_relative_epsilon,30,8688
zhao_relative_epsilon,30,8699
zhao_relative_epsilon,30,8711
zhao_relative_epsilon,30,8716
zhao_relative_epsilon,30,8726
zhao_relative_epsilon,30,8737
zhao_relative_epsilon,30,8771
zhao_relative_epsilon,30,8803
zhao_relative_epsilon,30,8845
zhao_relative_epsilon,30,8884
zhao_relative_epsilon,30,8911
zhao_relative_epsilon,30,8932
zhao_relative_epsilon,30,8960
zhao_relative_epsilon,30,9025
zhao_relative_epsilon,30,9027
zhao_relative_epsilon,30,9094
zhao_relative_epsilon,30,9096
zhao_relative_epsilon,30,9100
zhao_relative_epsilon,30,9105
zhao_relative_epsilon,30,9106
zhao_relative_epsilon,30,9114
zhao_relative_epsilon,30,9138
zhao_relative_epsilon,30,9198
zhao_relative_epsilon,30,9210
zhao_relative_epsilon,30,9211
zhao_relative_epsilon,30,9237
zhao_relative_epsilon,30,9239
zhao_relative_epsilon,30,9240
zhao_relative_epsilon,30,9247
zhao_relative_epsilon,30,9255
zhao_relative_epsilon,30,9276
zhao_relative_epsilon,30,9296
zhao_relative_epsilon,30,9324
zhao_relative_epsilon,30,9329
zhao_relative_epsilon,30,9333
zhao_relative_epsilon,30,9350
zhao_relative_epsilon,30,9382
zhao_relative_epsilon,30,9387
zhao_relative_epsilon,30,9402
zhao_relative_epsilon,30,9433
zhao_relative_epsilon,30,9465
zhao_relative_epsilon,30,9485
zhao_relative_epsilon,30,9499
zhao_relative_epsilon,30,9513
zhao_relative_epsilon,30,9544
zhao_relative_epsilon,30,9556
zhao_relative_epsilon,30,9558
zhao_relative_epsilon,30,9591
zhao_relative_epsilon,30,9598
zhao_relative_epsilon,30,9604
zhao_relative_epsilon,30,9621
zhao_relative_epsilon,30,9670
zhao_relative_epsilon,30,9698
zhao_relative_epsilon,30,9708
zhao_relative_epsilon,30,9739
zhao_relative_epsilon,30,9756
zhao_relative_epsilon,30,9788
zhao_relative_epsilon,30,9793
zhao_relative_epsilon,30,9832
zhao_relative_epsilon,30,9893
zhao_relative_epsilon,30,9957
zhao_relative_epsilon,30,9959
zhao_relative_epsilon,30,9965
zhao_relative_epsilon,30,10001
zhao_relative_epsilon,30,10006
zhao_relative_epsilon,30,10023
zhao_relative_epsilon,30,10032
zhao_relative_epsilon,30,10104
zhao_relative_epsilon,30,10139
zhao_relative_epsilon,30,10254
zhao_relative_epsilon,30,10321
zhao_relative_epsilon,30,10322
zhao_relative_epsilon,30,10341
zhao_relative_epsilon,30,10364
zhao_relative_epsilon,30,10365
zhao_relative_epsilon,30,10408
zhao_relative_epsilon,30,10428
zhao_relative_epsilon,30,10431
zhao_relative_epsilon,30,10433
zhao_relative_epsilon,30,10498
zhao_relative_epsilon,30,10518
zhao_relative_epsilon,30,10563
zhao_relative_epsilon,30,10599
zhao_relative_epsilon,30,10641
zhao_relative_epsilon,30,10645
zhao_relative_epsilon,30,10682
zhao_relative_epsilon,30,10687
zhao_relative_epsilon,30,10711
zhao_relative_epsilon,30,10725
zhao_relative_epsilon,30,10767
zhao_relative_epsilon,30,10777
zhao_relative_epsilon,30,10794
zhao_relative_epsilon,30,10821
zhao_relative_epsilon,30,10824
zhao_relative_epsilon,30,10830
zhao_relative_epsilon,30,10840
zhao_relative_epsilon,30,10849
zhao_relative_epsilon,30,10853
zhao_relative_epsilon,30,10880
zhao_relative_epsilon,30,10933
zhao_relative_epsilon,30,10950
zhao_relative_epsilon,30,10974
zhao_relative_epsilon,30,10997
zhao_relative_epsilon,30,11022
zhao_relative_epsilon,30,11055
zhao_relative_epsilon,30,11084
zhao_relative_epsilon,30,11104
zhao_relative_epsilon,30,11109
zhao_relative_epsilon,30,11131
zhao_relative_epsilon,30,11169
zhao_relative_epsilon,30,11200
zhao_relative_epsilon,30,11240
zhao_relative_epsilon,30,11258
zhao_relative_epsilon,30,11268
zhao_relative_epsilon,30,11272
zhao_relative_epsilon,30,11289
zhao_relative_epsilon,30,11307
zhao_relative_epsilon,30,11328
zhao_relative_epsilon,30,11360
zhao_relative_epsilon,30,11389
zhao_relative_epsilon,30,11430
zhao_relative_epsilon,30,11463
zhao_relative_epsilon,30,11484
zhao_relative_epsilon,30,11486
zhao_relative_epsilon,30,11494
zhao_relative_epsilon,30,11504
zhao_relative_epsilon,30,11533
zhao_relative_epsilon,30,11574
zhao_relative_epsilon,30,11625
zhao_relative_epsilon,30,11755
zhao_relative_epsilon,30,11768
zhao_relative_epsilon,30,11785
zhao_relative_epsilon,30,11803
zhao_relative_epsilon,30,11810
zhao_relative_epsilon,30,11813
zhao_relative_epsilon,30,11842
zhao_relative_epsilon,30,11860
zhao_relative_epsilon,30,11898
zhao_relative_epsilon,30,11920
zhao_relative_epsilon,30,11976
zhao_relative_epsilon,30,12009
zhao_relative_epsilon,30,12012
zhao_relative_epsilon,30,12016
zhao_relative_epsilon,30,12135
zhao_relative_epsilon,30,12179
zhao_relative_epsilon,30,12246
zhao_relative_epsilon,30,12255
zhao_relative_epsilon,30,12258
zhao_relative_epsilon,30,12287
zhao_relative_epsilon,30,12371
zhao_relative_epsilon,30,12377
zhao_relative_epsilon,30,12379
zhao_relative_epsilon,30,12383
zhao_relative_epsilon,30,12395
zhao_relative_epsilon,30,12446
zhao_relative_epsilon,30,12460
zhao_relative_epsilon,30,12484
zhao_relative_epsilon,30,12495
zhao_relative_epsilon,30,12499
zhao_relative_epsilon,30,12512
zhao_relative_epsilon,30,12522
zhao_relative_epsilon,30,12523
zhao_relative_epsilon,30,12524
zhao_relative_epsilon,30,12554
zhao_relative_epsilon,30,12568
zhao_relative_epsilon,30,12573
zhao_relative_epsilon,30,12586
zhao_relative_epsilon,30,12602
zhao_relative_epsilon,30,12641
zhao_relative_epsilon,30,12660
zhao_relative_epsilon,30,12689
zhao_relative_epsilon,30,12700
zhao_relative_epsilon,30,12730
zhao_relative_epsilon,30,12787
zhao_relative_epsilon,30,12811
zhao_relative_epsilon,30,12814
zhao_relative_epsilon,30,12861
zhao_relative_epsilon,30,12878
zhao_relative_epsilon,30,12903
zhao_relative_epsilon,30,12914
zhao_relative_epsilon,30,12926
zhao_relative_epsilon,30,12933
zhao_relative_epsilon,30,12939
zhao_relative_epsilon,30,12991
zhao_relative_epsilon,30,13006
zhao_relative_epsilon,30,13032
zhao_relative_epsilon,30,13047
zhao_relative_epsilon,30,13048
zhao_relative_epsilon,30,13059
zhao_relative_epsilon,30,13140
zhao_relative_epsilon,30,13168
zhao_relative_epsilon,30,13224
zhao_relative_epsilon,30,13226
zhao_relative_epsilon,30,13235
zhao_relative_epsilon,30,13252
zhao_relative_epsilon,30,13292
zhao_relative_epsilon,30,13308
zhao_relative_epsilon,30,13356
zhao_relative_epsilon,30,13364
zhao_relative_epsilon,30,13459
zhao_relative_epsilon,30,13499
zhao_relative_epsilon,30,13538
zhao_relative_epsilon,30,13546
zhao_relative_epsilon,30,13567
zhao_relative_epsilon,30,13587
zhao_relative_epsilon,30,13607
zhao_relative_epsilon,30,13622
zhao_relative_epsilon,30,13628
zhao_relative_epsilon,30,13655
zhao_relative_epsilon,30,13661
zhao_relative_epsilon,30,13679
zhao_relative_epsilon,30,13681
zhao_relative_epsilon,30,13742
zhao_relative_epsilon,30,13759
zhao_relative_epsilon,30,13790
zhao_relative_epsilon,30,13811
zhao_relative_epsilon,30,13848
zhao_relative_epsilon,30,13867
zhao_relative_epsilon,30,13890
zhao_relative_epsilon,30,13935
zhao_relative_epsilon,30,13953
zhao_relative_epsilon,30,13988
zhao_relative_epsilon,30,14016
zhao_relative_epsilon,30,14108
zhao_relative_epsilon,30,14109
zhao_relative_epsilon,30,14146
zhao_relative_epsilon,30,14159
zhao_relative_epsilon,30,14181
zhao_relative_epsilon,30,14215
zhao_relative_epsilon,30,14244
zhao_relative_epsilon,30,14261
zhao_relative_epsilon,30,14271
zhao_relative_epsilon,30,14282
zhao_relative_epsilon,30,14298
zhao_relative_epsilon,31,207
zhao_relative_epsilon,31,486
zhao_relative_epsilon,31,566
zhao_relative_epsilon,31,801
zhao_relative_epsilon,31,963
zhao_relative_epsilon,31,1159
zhao_relative_epsilon,31,1209
zhao_relative_epsilon,31,1940
zhao_relative_epsilon,31,1955
zhao_relative_epsilon,31,2398
zhao_relative_epsilon,31,3197
zhao_relative_epsilon,31,3387
zhao_relative_epsilon,31,4097
zhao_relative_epsilon,31,4581
zhao_relative_epsilon,31,4768
zhao_relative_epsilon,31,4786
zhao_relative_epsilon,31,5311
zhao_relative_epsilon,31,5509
zhao_relative_epsilon,31,6069
zhao_relative_epsilon,31,6432
zhao_relative_epsilon,31,6466
zhao_relative_epsilon,31,7727
zhao_relative_epsilon,31,8717
zhao_relative_epsilon,31,8771
zhao_relative_epsilon,31,9519
zhao_relative_epsilon,31,10850
zhao_relative_epsilon,31,11342
zhao_relative_epsilon,31,12111
zhao_relative_epsilon,31,12252
zhao_relative_epsilon,31,12732
zhao_relative_epsilon,31,12923
zhao_relative_epsilon,31,13943
zhao_relative_epsilon,31,14201
zhao_relative_epsilon,31,14224
