variant,layer,neuron_index
zhao_relative_epsilon,0,491
zhao_relative_epsilon,0,2605
zhao_relative_epsilon,0,8268
zhao_relative_epsilon,0,10585
zhao_relative_epsilon,0,10902
zhao_relative_epsilon,0,11311
zhao_relative_epsilon,0,11579
zhao_relative_epsilon,0,12829
zhao_relative_epsilon,0,13336
zhao_relative_epsilon,0,13463
zhao_relative_epsilon,1,198
zhao_relative_epsilon,1,2427
zhao_relative_epsilon,2,17
zhao_relative_epsilon,2,54
zhao_relative_epsilon,2,72
zhao_relative_epsilon,2,86
zhao_relative_epsilon,2,138
zhao_relative_epsilon,2,150
zhao_relative_epsilon,2,208
zhao_relative_epsilon,2,392
zhao_relative_epsilon,2,410
zhao_relative_epsilon,2,475
zhao_relative_epsilon,2,531
zhao_relative_epsilon,2,558
zhao_relative_epsilon,2,640
zhao_relative_epsilon,2,692
zhao_relative_epsilon,2,714
zhao_relative_epsilon,2,810
zhao_relative_epsilon,2,930
zhao_relative_epsilon,2,1012
zhao_relative_epsilon,2,1039
zhao_relative_epsilon,2,1139
zhao_relative_epsilon,2,1154
zhao_relative_epsilon,2,1189
zhao_relative_epsilon,2,1230
zhao_relative_epsilon,2,1601
zhao_relative_epsilon,2,1683
zhao_relative_epsilon,2,1940
zhao_relative_epsilon,2,1946
zhao_relative_epsilon,2,1949
zhao_relative_epsilon,2,1994
zhao_relative_epsilon,2,1996
zhao_relative_epsilon,2,2045
zhao_relative_epsilon,2,2125
zhao_relative_epsilon,2,2129
zhao_relative_epsilon,2,2275
zhao_relative_epsilon,2,2482
zhao_relative_epsilon,2,2507
zhao_relative_epsilon,2,2516
zhao_relative_epsilon,2,2649
zhao_relative_epsilon,2,2676
zhao_relative_epsilon,2,2725
zhao_relative_epsilon,2,2741
zhao_relative_epsilon,2,2748
zhao_relative_epsilon,2,2882
zhao_relative_epsilon,2,2947
zhao_relative_epsilon,2,2975
zhao_relative_epsilon,2,3005
zhao_relative_epsilon,2,3126
zhao_relative_epsilon,2,3174
zhao_relative_epsilon,2,3177
zhao_relative_epsilon,2,3197
zhao_relative_epsilon,2,3267
zhao_relative_epsilon,2,3301
zhao_relative_epsilon,2,3328
zhao_relative_epsilon,2,3338
zhao_relative_epsilon,2,3372
zhao_relative_epsilon,2,3373
zhao_relative_epsilon,2,3479
zhao_relative_epsilon,2,3553
zhao_relative_epsilon,2,3709
zhao_relative_epsilon,2,3796
zhao_relative_epsilon,2,3862
zhao_relative_epsilon,2,3881
zhao_relative_epsilon,2,3885
zhao_relative_epsilon,2,3901
zhao_relative_epsilon,2,3996
zhao_relative_epsilon,2,4021
zhao_relative_epsilon,2,4077
zhao_relative_epsilon,2,4107
zhao_relative_epsilon,2,4190
zhao_relative_epsilon,2,4259
zhao_relative_epsilon,2,4270
zhao_relative_epsilon,2,4293
zhao_relative_epsilon,2,4359
zhao_relative_epsilon,2,4403
zhao_relative_epsilon,2,4555
zhao_relative_epsilon,2,4601
zhao_relative_epsilon,2,4615
zhao_relative_epsilon,2,4639
zhao_relative_epsilon,2,4786
zhao_relative_epsilon,2,4810
zhao_relative_epsilon,2,5206
zhao_relative_epsilon,2,5276
zhao_relative_epsilon,2,5308
zhao_relative_epsilon,2,5423
zhao_relative_epsilon,2,5470
zhao_relative_epsilon,2,5502
zhao_relative_epsilon,2,5503
zhao_relative_epsilon,2,5641
zhao_relative_epsilon,2,5644
zhao_relative_epsilon,2,5668
zhao_relative_epsilon,2,5681
zhao_relative_epsilon,2,5800
zhao_relative_epsilon,2,5843
zhao_relative_epsilon,2,5844
zhao_relative_epsilon,2,5891
zhao_relative_epsilon,2,5941
zhao_relative_epsilon,2,5997
zhao_relative_epsilon,2,6113
zhao_relative_epsilon,2,6252
zhao_relative_epsilon,2,6433
zhao_relative_epsilon,2,6614
zhao_relative_epsilon,2,6762
zhao_relative_epsilon,2,6791
zhao_relative_epsilon,2,6833
zhao_relative_epsilon,2,6853
zhao_relative_epsilon,2,6922
zhao_relative_epsilon,2,6973
zhao_relative_epsilon,2,7067
zhao_relative_epsilon,2,7120
zhao_relative_epsilon,2,7277
zhao_relative_epsilon,2,7307
zhao_relative_epsilon,2,7332
zhao_relative_epsilon,2,7360
zhao_relative_epsilon,2,7377
zhao_relative_epsilon,2,7436
zhao_relative_epsilon,2,7628
zhao_relative_epsilon,2,7692
zhao_relative_epsilon,2,7890
zhao_relative_epsilon,2,7994
zhao_relative_epsilon,2,8017
zhao_relative_epsilon,2,8045
zhao_relative_epsilon,2,8077
zhao_relative_epsilon,2,8106
zhao_relative_epsilon,2,8121
zhao_relative_epsilon,2,8132
zhao_relative_epsilon,2,8225
zhao_relative_epsilon,2,8406
zhao_relative_epsilon,2,8510
zhao_relative_epsilon,2,8586
zhao_relative_epsilon,2,8843
zhao_relative_epsilon,2,8853
zhao_relative_epsilon,2,8858
zhao_relative_epsilon,2,8872
zhao_relative_epsilon,2,9038
zhao_relative_epsilon,2,9130
zhao_relative_epsilon,2,9208
zhao_relative_epsilon,2,9231
zhao_relative_epsilon,2,9246
zhao_relative_epsilon,2,9374
zhao_relative_epsilon,2,9407
zhao_relative_epsilon,2,9616
zhao_relative_epsilon,2,9672
zhao_relative_epsilon,2,9676
zhao_relative_epsilon,2,9683
zhao_relative_epsilon,2,9758
zhao_relative_epsilon,2,9805
zhao_relative_epsilon,2,9808
zhao_relative_epsilon,2,9856
zhao_relative_epsilon,2,9858
zhao_relative_epsilon,2,9950
zhao_relative_epsilon,2,9968
zhao_relative_epsilon,2,9988
zhao_relative_epsilon,2,10006
zhao_relative_epsilon,2,10207
zhao_relative_epsilon,2,10346
zhao_relative_epsilon,2,10405
zhao_relative_epsilon,2,10465
zhao_relative_epsilon,2,10510
zhao_relative_epsilon,2,10524
zhao_relative_epsilon,2,10576
zhao_relative_epsilon,2,10709
zhao_relative_epsilon,2,10723
zhao_relative_epsilon,2,10753
zhao_relative_epsilon,2,10953
zhao_relative_epsilon,2,11013
zhao_relative_epsilon,2,11064
zhao_relative_epsilon,2,11217
zhao_relative_epsilon,2,11298
zhao_relative_epsilon,2,11324
zhao_relative_epsilon,2,11325
zhao_relative_epsilon,2,11348
zhao_relative_epsilon,2,11506
zhao_relative_epsilon,2,11649
zhao_relative_epsilon,2,11857
zhao_relative_epsilon,2,11861
zhao_relative_epsilon,2,11863
zhao_relative_epsilon,2,11898
zhao_relative_epsilon,2,11931
zhao_relative_epsilon,2,12097
zhao_relative_epsilon,2,12167
zhao_relative_epsilon,2,12277
zhao_relative_epsilon,2,12417
zhao_relative_epsilon,2,12475
zhao_relative_epsilon,2,12603
zhao_relative_epsilon,2,12705
zhao_relative_epsilon,2,12761
zhao_relative_epsilon,2,12805
zhao_relative_epsilon,2,12825
zhao_relative_epsilon,2,12950
zhao_relative_epsilon,2,13023
zhao_relative_epsilon,2,13072
zhao_relative_epsilon,2,13093
zhao_relative_epsilon,2,13170
zhao_relative_epsilon,2,13172
zhao_relative_epsilon,2,13237
zhao_relative_epsilon,2,13353
zhao_relative_epsilon,2,13392
zhao_relative_epsilon,2,13437
zhao_relative_epsilon,2,13440
zhao_relative_epsilon,2,13473
zhao_relative_epsilon,2,13490
zhao_relative_epsilon,2,13693
zhao_relative_epsilon,2,13695
zhao_relative_epsilon,2,13729
zhao_relative_epsilon,2,13831
zhao_relative_epsilon,2,13924
zhao_relative_epsilon,2,13942
zhao_relative_epsilon,2,13951
zhao_relative_epsilon,2,13955
zhao_relative_epsilon,2,13977
zhao_relative_epsilon,2,14048
zhao_relative_epsilon,2,14074
zhao_relative_epsilon,2,14137
zhao_relative_epsilon,2,14211
zhao_relative_epsilon,2,14241
zhao_relative_epsilon,2,14246
zhao_relative_epsilon,2,14286
zhao_relative_epsilon,3,56
zhao_relative_epsilon,3,67
zhao_relative_epsilon,3,74
zhao_relative_epsilon,3,92
zhao_relative_epsilon,3,161
zhao_relative_epsilon,3,162
zhao_relative_epsilon,3,175
zhao_relative_epsilon,3,234
zhao_relative_epsilon,3,297
zhao_relative_epsilon,3,352
zhao_relative_epsilon,3,408
zhao_relative_epsilon,3,413
zhao_relative_epsilon,3,430
zhao_relative_epsilon,3,436
zhao_relative_epsilon,3,470
zhao_relative_epsilon,3,504
zhao_relative_epsilon,3,533
zhao_relative_epsilon,3,544
zhao_relative_epsilon,3,552
zhao_relative_epsilon,3,587
zhao_relative_epsilon,3,588
zhao_relative_epsilon,3,640
zhao_relative_epsilon,3,664
zhao_relative_epsilon,3,674
zhao_relative_epsilon,3,699
zhao_relative_epsilon,3,727
zhao_relative_epsilon,3,746
zhao_relative_epsilon,3,749
zhao_relative_epsilon,3,771
zhao_relative_epsilon,3,804
zhao_relative_epsilon,3,815
zhao_relative_epsilon,3,830
zhao_relative_epsilon,3,909
zhao_relative_epsilon,3,952
zhao_relative_epsilon,3,963
zhao_relative_epsilon,3,1012
zhao_relative_epsilon,3,1074
zhao_relative_epsilon,3,1080
zhao_relative_epsilon,3,1138
zhao_relative_epsilon,3,1145
zhao_relative_epsilon,3,1158
zhao_relative_epsilon,3,1160
zhao_relative_epsilon,3,1164
zhao_relative_epsilon,3,1169
zhao_relative_epsilon,3,1175
zhao_relative_epsilon,3,1232
zhao_relative_epsilon,3,1328
zhao_relative_epsilon,3,1353
zhao_relative_epsilon,3,1356
zhao_relative_epsilon,3,1395
zhao_relative_epsilon,3,1396
zhao_relative_epsilon,3,1422
zhao_relative_epsilon,3,1426
zhao_relative_epsilon,3,1442
zhao_relative_epsilon,3,1454
zhao_relative_epsilon,3,1500
zhao_relative_epsilon,3,1530
zhao_relative_epsilon,3,1563
zhao_relative_epsilon,3,1574
zhao_relative_epsilon,3,1632
zhao_relative_epsilon,3,1635
zhao_relative_epsilon,3,1649
zhao_relative_epsilon,3,1652
zhao_relative_epsilon,3,1663
zhao_relative_epsilon,3,1669
zhao_relative_epsilon,3,1679
zhao_relative_epsilon,3,1708
zhao_relative_epsilon,3,1728
zhao_relative_epsilon,3,1747
zhao_relative_epsilon,3,1763
zhao_relative_epsilon,3,1834
zhao_relative_epsilon,3,1835
zhao_relative_epsilon,3,1872
zhao_relative_epsilon,3,1895
zhao_relative_epsilon,3,1943
zhao_relative_epsilon,3,1947
zhao_relative_epsilon,3,1957
zhao_relative_epsilon,3,1990
zhao_relative_epsilon,3,2010
zhao_relative_epsilon,3,2069
zhao_relative_epsilon,3,2113
zhao_relative_epsilon,3,2145
zhao_relative_epsilon,3,2194
zhao_relative_epsilon,3,2238
zhao_relative_epsilon,3,2250
zhao_relative_epsilon,3,2258
zhao_relative_epsilon,3,2276
zhao_relative_epsilon,3,2278
zhao_relative_epsilon,3,2284
zhao_relative_epsilon,3,2326
zhao_relative_epsilon,3,2335
zhao_relative_epsilon,3,2359
zhao_relative_epsilon,3,2399
zhao_relative_epsilon,3,2458
zhao_relative_epsilon,3,2459
zhao_relative_epsilon,3,2482
zhao_relative_epsilon,3,2537
zhao_relative_epsilon,3,2606
zhao_relative_epsilon,3,2683
zhao_relative_epsilon,3,2704
zhao_relative_epsilon,3,2785
zhao_relative_epsilon,3,2866
zhao_relative_epsilon,3,2917
zhao_relative_epsilon,3,2919
zhao_relative_epsilon,3,2970
zhao_relative_epsilon,3,2975
zhao_relative_epsilon,3,2990
zhao_relative_epsilon,3,3005
zhao_relative_epsilon,3,3016
zhao_relative_epsilon,3,3037
zhao_relative_epsilon,3,3038
zhao_relative_epsilon,3,3081
zhao_relative_epsilon,3,3117
zhao_relative_epsilon,3,3168
zhao_relative_epsilon,3,3185
zhao_relative_epsilon,3,3195
zhao_relative_epsilon,3,3206
zhao_relative_epsilon,3,3209
zhao_relative_epsilon,3,3214
zhao_relative_epsilon,3,3229
zhao_relative_epsilon,3,3260
zhao_relative_epsilon,3,3302
zhao_relative_epsilon,3,3344
zhao_relative_epsilon,3,3445
zhao_relative_epsilon,3,3483
zhao_relative_epsilon,3,3543
zhao_relative_epsilon,3,3568
zhao_relative_epsilon,3,3610
zhao_relative_epsilon,3,3624
zhao_relative_epsilon,3,3628
zhao_relative_epsilon,3,3652
zhao_relative_epsilon,3,3667
zhao_relative_epsilon,3,3692
zhao_relative_epsilon,3,3717
zhao_relative_epsilon,3,3746
zhao_relative_epsilon,3,3751
zhao_relative_epsilon,3,3768
zhao_relative_epsilon,3,3777
zhao_relative_epsilon,3,3805
zhao_relative_epsilon,3,3813
zhao_relative_epsilon,3,3840
zhao_relative_epsilon,3,3874
zhao_relative_epsilon,3,3877
zhao_relative_epsilon,3,3909
zhao_relative_epsilon,3,3952
zhao_relative_epsilon,3,3982
zhao_relative_epsilon,3,4007
zhao_relative_epsilon,3,4021
zhao_relative_epsilon,3,4044
zhao_relative_epsilon,3,4061
zhao_relative_epsilon,3,4072
zhao_relative_epsilon,3,4116
zhao_relative_epsilon,3,4283
zhao_relative_epsilon,3,4409
zhao_relative_epsilon,3,4566
zhao_relative_epsilon,3,4667
zhao_relative_epsilon,3,4677
zhao_relative_epsilon,3,4704
zhao_relative_epsilon,3,4725
zhao_relative_epsilon,3,4820
zhao_relative_epsilon,3,4863
zhao_relative_epsilon,3,4865
zhao_relative_epsilon,3,4884
zhao_relative_epsilon,3,5023
zhao_relative_epsilon,3,5025
zhao_relative_epsilon,3,5058
zhao_relative_epsilon,3,5071
zhao_relative_epsilon,3,5098
zhao_relative_epsilon,3,5099
zhao_relative_epsilon,3,5100
zhao_relative_epsilon,3,5138
zhao_relative_epsilon,3,5141
zhao_relative_epsilon,3,5167
zhao_relative_epsilon,3,5171
zhao_relative_epsilon,3,5190
zhao_relative_epsilon,3,5205
zhao_relative_epsilon,3,5243
zhao_relative_epsilon,3,5244
zhao_relative_epsilon,3,5253
zhao_relative_epsilon,3,5299
zhao_relative_epsilon,3,5350
zhao_relative_epsilon,3,5399
zhao_relative_epsilon,3,5530
zhao_relative_epsilon,3,5539
zhao_relative_epsilon,3,5557
zhao_relative_epsilon,3,5588
zhao_relative_epsilon,3,5643
zhao_relative_epsilon,3,5650
zhao_relative_epsilon,3,5654
zhao_relative_epsilon,3,5680
zhao_relative_epsilon,3,5715
zhao_relative_epsilon,3,5751
zhao_relative_epsilon,3,5779
zhao_relative_epsilon,3,5795
zhao_relative_epsilon,3,5820
zhao_relative_epsilon,3,5823
zhao_relative_epsilon,3,5829
zhao_relative_epsilon,3,5840
zhao_relative_epsilon,3,5855
zhao_relative_epsilon,3,5869
zhao_relative_epsilon,3,5895
zhao_relative_epsilon,3,5931
zhao_relative_epsilon,3,5976
zhao_relative_epsilon,3,6058
zhao_relative_epsilon,3,6085
zhao_relative_epsilon,3,6087
zhao_relative_epsilon,3,6114
zhao_relative_epsilon,3,6134
zhao_relative_epsilon,3,6140
zhao_relative_epsilon,3,6156
zhao_relative_epsilon,3,6305
zhao_relative_epsilon,3,6348
zhao_relative_epsilon,3,6364
zhao_relative_epsilon,3,6390
zhao_relative_epsilon,3,6425
zhao_relative_epsilon,3,6506
zhao_relative_epsilon,3,6507
zhao_relative_epsilon,3,6524
zhao_relative_epsilon,3,6529
zhao_relative_epsilon,3,6577
zhao_relative_epsilon,3,6817
zhao_relative_epsilon,3,6821
zhao_relative_epsilon,3,6827
zhao_relative_epsilon,3,6831
zhao_relative_epsilon,3,6848
zhao_relative_epsilon,3,6864
zhao_relative_epsilon,3,6877
zhao_relative_epsilon,3,6908
zhao_relative_epsilon,3,6961
zhao_relative_epsilon,3,7049
zhao_relative_epsilon,3,7053
zhao_relative_epsilon,3,7085
zhao_relative_epsilon,3,7114
zhao_relative_epsilon,3,7122
zhao_relative_epsilon,3,7131
zhao_relative_epsilon,3,7161
zhao_relative_epsilon,3,7212
zhao_relative_epsilon,3,7213
zhao_relative_epsilon,3,7255
zhao_relative_epsilon,3,7257
zhao_relative_epsilon,3,7259
zhao_relative_epsilon,3,7339
zhao_relative_epsilon,3,7405
zhao_relative_epsilon,3,7431
zhao_relative_epsilon,3,7449
zhao_relative_epsilon,3,7450
zhao_relative_epsilon,3,7466
zhao_relative_epsilon,3,7551
zhao_relative_epsilon,3,7586
zhao_relative_epsilon,3,7653
zhao_relative_epsilon,3,7657
zhao_relative_epsilon,3,7677
zhao_relative_epsilon,3,7683
zhao_relative_epsilon,3,7744
zhao_relative_epsilon,3,7766
zhao_relative_epsilon,3,7768
zhao_relative_epsilon,3,7776
zhao_relative_epsilon,3,7797
zhao_relative_epsilon,3,7805
zhao_relative_epsilon,3,7842
zhao_relative_epsilon,3,7864
zhao_relative_epsilon,3,7976
zhao_relative_epsilon,3,8065
zhao_relative_epsilon,3,8097
zhao_relative_epsilon,3,8128
zhao_relative_epsilon,3,8140
zhao_relative_epsilon,3,8176
zhao_relative_epsilon,3,8201
zhao_relative_epsilon,3,8231
zhao_relative_epsilon,3,8297
zhao_relative_epsilon,3,8355
zhao_relative_epsilon,3,8359
zhao_relative_epsilon,3,8400
zhao_relative_epsilon,3,8425
zhao_relative_epsilon,3,8492
zhao_relative_epsilon,3,8565
zhao_relative_epsilon,3,8601
zhao_relative_epsilon,3,8644
zhao_relative_epsilon,3,8730
zhao_relative_epsilon,3,8750
zhao_relative_epsilon,3,8786
zhao_relative_epsilon,3,8812
zhao_relative_epsilon,3,8817
zhao_relative_epsilon,3,8849
zhao_relative_epsilon,3,8899
zhao_relative_epsilon,3,8902
zhao_relative_epsilon,3,8926
zhao_relative_epsilon,3,8935
zhao_relative_epsilon,3,8948
zhao_relative_epsilon,3,9007
zhao_relative_epsilon,3,9030
zhao_relative_epsilon,3,9052
zhao_relative_epsilon,3,9166
zhao_relative_epsilon,3,9171
zhao_relative_epsilon,3,9177
zhao_relative_epsilon,3,9204
zhao_relative_epsilon,3,9217
zhao_relative_epsilon,3,9252
zhao_relative_epsilon,3,9287
zhao_relative_epsilon,3,9405
zhao_relative_epsilon,3,9418
zhao_relative_epsilon,3,9513
zhao_relative_epsilon,3,9531
zhao_relative_epsilon,3,9539
zhao_relative_epsilon,3,9579
zhao_relative_epsilon,3,9622
zhao_relative_epsilon,3,9673
zhao_relative_epsilon,3,9688
zhao_relative_epsilon,3,9742
zhao_relative_epsilon,3,9792
zhao_relative_epsilon,3,9793
zhao_relative_epsilon,3,9870
zhao_relative_epsilon,3,9890
zhao_relative_epsilon,3,9908
zhao_relative_epsilon,3,9922
zhao_relative_epsilon,3,9948
zhao_relative_epsilon,3,9961
zhao_relative_epsilon,3,9972
zhao_relative_epsilon,3,9993
zhao_relative_epsilon,3,10108
zhao_relative_epsilon,3,10109
zhao_relative_epsilon,3,10297
zhao_relative_epsilon,3,10306
zhao_relative_epsilon,3,10328
zhao_relative_epsilon,3,10329
zhao_relative_epsilon,3,10351
zhao_relative_epsilon,3,10355
zhao_relative_epsilon,3,10385
zhao_relative_epsilon,3,10392
zhao_relative_epsilon,3,10503
zhao_relative_epsilon,3,10591
zhao_relative_epsilon,3,10593
zhao_relative_epsilon,3,10615
zhao_relative_epsilon,3,10624
zhao_relative_epsilon,3,10629
zhao_relative_epsilon,3,10638
zhao_relative_epsilon,3,10654
zhao_relative_epsilon,3,10683
zhao_relative_epsilon,3,10695
zhao_relative_epsilon,3,10723
zhao_relative_epsilon,3,10733
zhao_relative_epsilon,3,10755
zhao_relative_epsilon,3,10777
zhao_relative_epsilon,3,10784
zhao_relative_epsilon,3,10793
zhao_relative_epsilon,3,10818
zhao_relative_epsilon,3,10835
zhao_relative_epsilon,3,10836
zhao_relative_epsilon,3,10855
zhao_relative_epsilon,3,10866
zhao_relative_epsilon,3,10882
zhao_relative_epsilon,3,10946
zhao_relative_epsilon,3,10949
zhao_relative_epsilon,3,10950
zhao_relative_epsilon,3,10979
zhao_relative_epsilon,3,10995
zhao_relative_epsilon,3,11012
zhao_relative_epsilon,3,11018
zhao_relative_epsilon,3,11049
zhao_relative_epsilon,3,11060
zhao_relative_epsilon,3,11084
zhao_relative_epsilon,3,11112
zhao_relative_epsilon,3,11187
zhao_relative_epsilon,3,11194
zhao_relative_epsilon,3,11227
zhao_relative_epsilon,3,11256
zhao_relative_epsilon,3,11264
zhao_relative_epsilon,3,11336
zhao_relative_epsilon,3,11354
zhao_relative_epsilon,3,11369
zhao_relative_epsilon,3,11396
zhao_relative_epsilon,3,11398
zhao_relative_epsilon,3,11432
zhao_relative_epsilon,3,11452
zhao_relative_epsilon,3,11533
zhao_relative_epsilon,3,11588
zhao_relative_epsilon,3,11612
zhao_relative_epsilon,3,11688
zhao_relative_epsilon,3,11695
zhao_relative_epsilon,3,11738
zhao_relative_epsilon,3,11761
zhao_relative_epsilon,3,11840
zhao_relative_epsilon,3,11906
zhao_relative_epsilon,3,11920
zhao_relative_epsilon,3,11927
zhao_relative_epsilon,3,11951
zhao_relative_epsilon,3,12024
zhao_relative_epsilon,3,12073
zhao_relative_epsilon,3,12133
zhao_relative_epsilon,3,12140
zhao_relative_epsilon,3,12147
zhao_relative_epsilon,3,12179
zhao_relative_epsilon,3,12225
zhao_relative_epsilon,3,12302
zhao_relative_epsilon,3,12306
zhao_relative_epsilon,3,12344
zhao_relative_epsilon,3,12362
zhao_relative_epsilon,3,12375
zhao_relative_epsilon,3,12414
zhao_relative_epsilon,3,12447
zhao_relative_epsilon,3,12461
zhao_relative_epsilon,3,12486
zhao_relative_epsilon,3,12571
zhao_relative_epsilon,3,12650
zhao_relative_epsilon,3,12655
zhao_relative_epsilon,3,12679
zhao_relative_epsilon,3,12706
zhao_relative_epsilon,3,12729
zhao_relative_epsilon,3,12784
zhao_relative_epsilon,3,12800
zhao_relative_epsilon,3,12889
zhao_relative_epsilon,3,12913
zhao_relative_epsilon,3,12946
zhao_relative_epsilon,3,12958
zhao_relative_epsilon,3,12964
zhao_relative_epsilon,3,12969
zhao_relative_epsilon,3,12972
zhao_relative_epsilon,3,13025
zhao_relative_epsilon,3,13051
zhao_relative_epsilon,3,13095
zhao_relative_epsilon,3,13107
zhao_relative_epsilon,3,13176
zhao_relative_epsilon,3,13186
zhao_relative_epsilon,3,13198
zhao_relative_epsilon,3,13442
zhao_relative_epsilon,3,13486
zhao_relative_epsilon,3,13536
zhao_relative_epsilon,3,13538
zhao_relative_epsilon,3,13551
zhao_relative_epsilon,3,13603
zhao_relative_epsilon,3,13640
zhao_relative_epsilon,3,13641
zhao_relative_epsilon,3,13653
zhao_relative_epsilon,3,13673
zhao_relative_epsilon,3,13690
zhao_relative_epsilon,3,13731
zhao_relative_epsilon,3,13801
zhao_relative_epsilon,3,13846
zhao_relative_epsilon,3,13863
zhao_relative_epsilon,3,13905
zhao_relative_epsilon,3,13947
zhao_relative_epsilon,3,13969
zhao_relative_epsilon,3,13977
zhao_relative_epsilon,3,13999
zhao_relative_epsilon,3,14016
zhao_relative_epsilon,3,14027
zhao_relative_epsilon,3,14147
zhao_relative_epsilon,3,14176
zhao_relative_epsilon,3,14182
zhao_relative_epsilon,3,14208
zhao_relative_epsilon,3,14236
zhao_relative_epsilon,3,14254
zhao_relative_epsilon,3,14267
zhao_relative_epsilon,4,27
zhao_relative_epsilon,4,60
zhao_relative_epsilon,4,98
zhao_relative_epsilon,4,121
zhao_relative_epsilon,4,155
zhao_relative_epsilon,4,221
zhao_relative_epsilon,4,259
zhao_relative_epsilon,4,288
zhao_relative_epsilon,4,315
zhao_relative_epsilon,4,323
zhao_relative_epsilon,4,353
zhao_relative_epsilon,4,379
zhao_relative_epsilon,4,416
zhao_relative_epsilon,4,442
zhao_relative_epsilon,4,481
zhao_relative_epsilon,4,505
zhao_relative_epsilon,4,512
zhao_relative_epsilon,4,520
zhao_relative_epsilon,4,526
zhao_relative_epsilon,4,540
zhao_relative_epsilon,4,582
zhao_relative_epsilon,4,587
zhao_relative_epsilon,4,616
zhao_relative_epsilon,4,647
zhao_relative_epsilon,4,652
zhao_relative_epsilon,4,657
zhao_relative_epsilon,4,745
zhao_relative_epsilon,4,759
zhao_relative_epsilon,4,801
zhao_relative_epsilon,4,985
zhao_relative_epsilon,4,1004
zhao_relative_epsilon,4,1016
zhao_relative_epsilon,4,1081
zhao_relative_epsilon,4,1088
zhao_relative_epsilon,4,1111
zhao_relative_epsilon,4,1146
zhao_relative_epsilon,4,1154
zhao_relative_epsilon,4,1178
zhao_relative_epsilon,4,1194
zhao_relative_epsilon,4,1197
zhao_relative_epsilon,4,1207
zhao_relative_epsilon,4,1296
zhao_relative_epsilon,4,1363
zhao_relative_epsilon,4,1382
zhao_relative_epsilon,4,1407
zhao_relative_epsilon,4,1415
zhao_relative_epsilon,4,1428
zhao_relative_epsilon,4,1574
zhao_relative_epsilon,4,1618
zhao_relative_epsilon,4,1619
zhao_relative_epsilon,4,1681
zhao_relative_epsilon,4,1721
zhao_relative_epsilon,4,1759
zhao_relative_epsilon,4,1912
zhao_relative_epsilon,4,1916
zhao_relative_epsilon,4,1955
zhao_relative_epsilon,4,1967
zhao_relative_epsilon,4,1979
zhao_relative_epsilon,4,2027
zhao_relative_epsilon,4,2039
zhao_relative_epsilon,4,2108
zhao_relative_epsilon,4,2187
zhao_relative_epsilon,4,2217
zhao_relative_epsilon,4,2255
zhao_relative_epsilon,4,2292
zhao_relative_epsilon,4,2330
zhao_relative_epsilon,4,2348
zhao_relative_epsilon,4,2366
zhao_relative_epsilon,4,2388
zhao_relative_epsilon,4,2433
zhao_relative_epsilon,4,2435
zhao_relative_epsilon,4,2487
zhao_relative_epsilon,4,2501
zhao_relative_epsilon,4,2526
zhao_relative_epsilon,4,2577
zhao_relative_epsilon,4,2617
zhao_relative_epsilon,4,2636
zhao_relative_epsilon,4,2638
zhao_relative_epsilon,4,2640
zhao_relative_epsilon,4,2712
zhao_relative_epsilon,4,2822
zhao_relative_epsilon,4,2842
zhao_relative_epsilon,4,2885
zhao_relative_epsilon,4,2907
zhao_relative_epsilon,4,2975
zhao_relative_epsilon,4,2999
zhao_relative_epsilon,4,3027
zhao_relative_epsilon,4,3029
zhao_relative_epsilon,4,3053
zhao_relative_epsilon,4,3086
zhao_relative_epsilon,4,3091
zhao_relative_epsilon,4,3105
zhao_relative_epsilon,4,3108
zhao_relative_epsilon,4,3168
zhao_relative_epsilon,4,3177
zhao_relative_epsilon,4,3178
zhao_relative_epsilon,4,3191
zhao_relative_epsilon,4,3211
zhao_relative_epsilon,4,3309
zhao_relative_epsilon,4,3369
zhao_relative_epsilon,4,3406
zhao_relative_epsilon,4,3420
zhao_relative_epsilon,4,3427
zhao_relative_epsilon,4,3466
zhao_relative_epsilon,4,3499
zhao_relative_epsilon,4,3517
zhao_relative_epsilon,4,3599
zhao_relative_epsilon,4,3624
zhao_relative_epsilon,4,3630
zhao_relative_epsilon,4,3652
zhao_relative_epsilon,4,3668
zhao_relative_epsilon,4,3687
zhao_relative_epsilon,4,3701
zhao_relative_epsilon,4,3739
zhao_relative_epsilon,4,3829
zhao_relative_epsilon,4,3847
zhao_relative_epsilon,4,3874
zhao_relative_epsilon,4,3884
zhao_relative_epsilon,4,3908
zhao_relative_epsilon,4,3960
zhao_relative_epsilon,4,3971
zhao_relative_epsilon,4,3981
zhao_relative_epsilon,4,3984
zhao_relative_epsilon,4,4001
zhao_relative_epsilon,4,4009
zhao_relative_epsilon,4,4093
zhao_relative_epsilon,4,4126
zhao_relative_epsilon,4,4152
zhao_relative_epsilon,4,4266
zhao_relative_epsilon,4,4270
zhao_relative_epsilon,4,4291
zhao_relative_epsilon,4,4302
zhao_relative_epsilon,4,4310
zhao_relative_epsilon,4,4345
zhao_relative_epsilon,4,4396
zhao_relative_epsilon,4,4411
zhao_relative_epsilon,4,4416
zhao_relative_epsilon,4,4445
zhao_relative_epsilon,4,4500
zhao_relative_epsilon,4,4544
zhao_relative_epsilon,4,4547
zhao_relative_epsilon,4,4548
zhao_relative_epsilon,4,4597
zhao_relative_epsilon,4,4614
zhao_relative_epsilon,4,4650
zhao_relative_epsilon,4,4676
zhao_relative_epsilon,4,4687
zhao_relative_epsilon,4,4856
zhao_relative_epsilon,4,4873
zhao_relative_epsilon,4,4898
zhao_relative_epsilon,4,4988
zhao_relative_epsilon,4,5019
zhao_relative_epsilon,4,5045
zhao_relative_epsilon,4,5090
zhao_relative_epsilon,4,5110
zhao_relative_epsilon,4,5207
zhao_relative_epsilon,4,5260
zhao_relative_epsilon,4,5267
zhao_relative_epsilon,4,5273
zhao_relative_epsilon,4,5295
zhao_relative_epsilon,4,5427
zhao_relative_epsilon,4,5443
zhao_relative_epsilon,4,5549
zhao_relative_epsilon,4,5556
zhao_relative_epsilon,4,5610
zhao_relative_epsilon,4,5627
zhao_relative_epsilon,4,5647
zhao_relative_epsilon,4,5655
zhao_relative_epsilon,4,5671
zhao_relative_epsilon,4,5674
zhao_relative_epsilon,4,5720
zhao_relative_epsilon,4,5731
zhao_relative_epsilon,4,5765
zhao_relative_epsilon,4,5771
zhao_relative_epsilon,4,5804
zhao_relative_epsilon,4,5810
zhao_relative_epsilon,4,5812
zhao_relative_epsilon,4,5873
zhao_relative_epsilon,4,5879
zhao_relative_epsilon,4,5905
zhao_relative_epsilon,4,6064
zhao_relative_epsilon,4,6075
zhao_relative_epsilon,4,6116
zhao_relative_epsilon,4,6157
zhao_relative_epsilon,4,6233
zhao_relative_epsilon,4,6240
zhao_relative_epsilon,4,6286
zhao_relative_epsilon,4,6289
zhao_relative_epsilon,4,6320
zhao_relative_epsilon,4,6326
zhao_relative_epsilon,4,6333
zhao_relative_epsilon,4,6381
zhao_relative_epsilon,4,6434
zhao_relative_epsilon,4,6491
zhao_relative_epsilon,4,6518
zhao_relative_epsilon,4,6533
zhao_relative_epsilon,4,6546
zhao_relative_epsilon,4,6587
zhao_relative_epsilon,4,6588
zhao_relative_epsilon,4,6603
zhao_relative_epsilon,4,6611
zhao_relative_epsilon,4,6634
zhao_relative_epsilon,4,6648
zhao_relative_epsilon,4,6693
zhao_relative_epsilon,4,6729
zhao_relative_epsilon,4,6746
zhao_relative_epsilon,4,6753
zhao_relative_epsilon,4,6770
zhao_relative_epsilon,4,6787
zhao_relative_epsilon,4,6848
zhao_relative_epsilon,4,7094
zhao_relative_epsilon,4,7113
zhao_relative_epsilon,4,7147
zhao_relative_epsilon,4,7150
zhao_relative_epsilon,4,7251
zhao_relative_epsilon,4,7288
zhao_relative_epsilon,4,7334
zhao_relative_epsilon,4,7347
zhao_relative_epsilon,4,7372
zhao_relative_epsilon,4,7379
zhao_relative_epsilon,4,7392
zhao_relative_epsilon,4,7513
zhao_relative_epsilon,4,7523
zhao_relative_epsilon,4,7574
zhao_relative_epsilon,4,7578
zhao_relative_epsilon,4,7743
zhao_relative_epsilon,4,7808
zhao_relative_epsilon,4,7831
zhao_relative_epsilon,4,7888
zhao_relative_epsilon,4,7909
zhao_relative_epsilon,4,7921
zhao_relative_epsilon,4,7955
zhao_relative_epsilon,4,8022
zhao_relative_epsilon,4,8036
zhao_relative_epsilon,4,8037
zhao_relative_epsilon,4,8102
zhao_relative_epsilon,4,8113
zhao_relative_epsilon,4,8123
zhao_relative_epsilon,4,8154
zhao_relative_epsilon,4,8203
zhao_relative_epsilon,4,8207
zhao_relative_epsilon,4,8247
zhao_relative_epsilon,4,8299
zhao_relative_epsilon,4,8326
zhao_relative_epsilon,4,8339
zhao_relative_epsilon,4,8340
zhao_relative_epsilon,4,8346
zhao_relative_epsilon,4,8348
zhao_relative_epsilon,4,8399
zhao_relative_epsilon,4,8432
zhao_relative_epsilon,4,8452
zhao_relative_epsilon,4,8461
zhao_relative_epsilon,4,8497
zhao_relative_epsilon,4,8621
zhao_relative_epsilon,4,8626
zhao_relative_epsilon,4,8634
zhao_relative_epsilon,4,8662
zhao_relative_epsilon,4,8691
zhao_relative_epsilon,4,8695
zhao_relative_epsilon,4,8742
zhao_relative_epsilon,4,8778
zhao_relative_epsilon,4,8801
zhao_relative_epsilon,4,8816
zhao_relative_epsilon,4,8821
zhao_relative_epsilon,4,8843
zhao_relative_epsilon,4,8894
zhao_relative_epsilon,4,8992
zhao_relative_epsilon,4,9010
zhao_relative_epsilon,4,9104
zhao_relative_epsilon,4,9204
zhao_relative_epsilon,4,9222
zhao_relative_epsilon,4,9240
zhao_relative_epsilon,4,9258
zhao_relative_epsilon,4,9307
zhao_relative_epsilon,4,9331
zhao_relative_epsilon,4,9371
zhao_relative_epsilon,4,9408
zhao_relative_epsilon,4,9431
zhao_relative_epsilon,4,9485
zhao_relative_epsilon,4,9488
zhao_relative_epsilon,4,9497
zhao_relative_epsilon,4,9514
zhao_relative_epsilon,4,9563
zhao_relative_epsilon,4,9580
zhao_relative_epsilon,4,9597
zhao_relative_epsilon,4,9599
zhao_relative_epsilon,4,9620
zhao_relative_epsilon,4,9637
zhao_relative_epsilon,4,9648
zhao_relative_epsilon,4,9795
zhao_relative_epsilon,4,9836
zhao_relative_epsilon,4,10014
zhao_relative_epsilon,4,10040
zhao_relative_epsilon,4,10042
zhao_relative_epsilon,4,10072
zhao_relative_epsilon,4,10118
zhao_relative_epsilon,4,10188
zhao_relative_epsilon,4,10275
zhao_relative_epsilon,4,10276
zhao_relative_epsilon,4,10297
zhao_relative_epsilon,4,10299
zhao_relative_epsilon,4,10328
zhao_relative_epsilon,4,10334
zhao_relative_epsilon,4,10412
zhao_relative_epsilon,4,10424
zhao_relative_epsilon,4,10427
zhao_relative_epsilon,4,10430
zhao_relative_epsilon,4,10464
zhao_relative_epsilon,4,10492
zhao_relative_epsilon,4,10508
zhao_relative_epsilon,4,10511
zhao_relative_epsilon,4,10516
zhao_relative_epsilon,4,10655
zhao_relative_epsilon,4,10656
zhao_relative_epsilon,4,10664
zhao_relative_epsilon,4,10675
zhao_relative_epsilon,4,10711
zhao_relative_epsilon,4,10739
zhao_relative_epsilon,4,10768
zhao_relative_epsilon,4,10831
zhao_relative_epsilon,4,10845
zhao_relative_epsilon,4,10849
zhao_relative_epsilon,4,10854
zhao_relative_epsilon,4,10858
zhao_relative_epsilon,4,10906
zhao_relative_epsilon,4,10928
zhao_relative_epsilon,4,10965
zhao_relative_epsilon,4,11140
zhao_relative_epsilon,4,11163
zhao_relative_epsilon,4,11187
zhao_relative_epsilon,4,11277
zhao_relative_epsilon,4,11399
zhao_relative_epsilon,4,11409
zhao_relative_epsilon,4,11457
zhao_relative_epsilon,4,11480
zhao_relative_epsilon,4,11532
zhao_relative_epsilon,4,11570
zhao_relative_epsilon,4,11573
zhao_relative_epsilon,4,11610
zhao_relative_epsilon,4,11621
zhao_relative_epsilon,4,11647
zhao_relative_epsilon,4,11680
zhao_relative_epsilon,4,11683
zhao_relative_epsilon,4,11701
zhao_relative_epsilon,4,11812
zhao_relative_epsilon,4,11819
zhao_relative_epsilon,4,11847
zhao_relative_epsilon,4,11871
zhao_relative_epsilon,4,11877
zhao_relative_epsilon,4,11943
zhao_relative_epsilon,4,12039
zhao_relative_epsilon,4,12042
zhao_relative_epsilon,4,12117
zhao_relative_epsilon,4,12119
zhao_relative_epsilon,4,12150
zhao_relative_epsilon,4,12191
zhao_relative_epsilon,4,12251
zhao_relative_epsilon,4,12270
zhao_relative_epsilon,4,12293
zhao_relative_epsilon,4,12340
zhao_relative_epsilon,4,12396
zhao_relative_epsilon,4,12417
zhao_relative_epsilon,4,12450
zhao_relative_epsilon,4,12512
zhao_relative_epsilon,4,12542
zhao_relative_epsilon,4,12556
zhao_relative_epsilon,4,12575
zhao_relative_epsilon,4,12593
zhao_relative_epsilon,4,12648
zhao_relative_epsilon,4,12750
zhao_relative_epsilon,4,12771
zhao_relative_epsilon,4,12775
zhao_relative_epsilon,4,12815
zhao_relative_epsilon,4,12885
zhao_relative_epsilon,4,12934
zhao_relative_epsilon,4,12935
zhao_relative_epsilon,4,12990
zhao_relative_epsilon,4,13006
zhao_relative_epsilon,4,13008
zhao_relative_epsilon,4,13036
zhao_relative_epsilon,4,13039
zhao_relative_epsilon,4,13045
zhao_relative_epsilon,4,13204
zhao_relative_epsilon,4,13222
zhao_relative_epsilon,4,13269
zhao_relative_epsilon,4,13304
zhao_relative_epsilon,4,13343
zhao_relative_epsilon,4,13446
zhao_relative_epsilon,4,13484
zhao_relative_epsilon,4,13586
zhao_relative_epsilon,4,13599
zhao_relative_epsilon,4,13775
zhao_relative_epsilon,4,13803
zhao_relative_epsilon,4,13848
zhao_relative_epsilon,4,13907
zhao_relative_epsilon,4,13921
zhao_relative_epsilon,4,13975
zhao_relative_epsilon,4,14077
zhao_relative_epsilon,4,14120
zhao_relative_epsilon,4,14199
zhao_relative_epsilon,4,14240
zhao_relative_epsilon,4,14272
zhao_relative_epsilon,4,14308
zhao_relative_epsilon,4,14325
zhao_relative_epsilon,5,34
zhao_relative_epsilon,5,36
zhao_relative_epsilon,5,154
zhao_relative_epsilon,5,223
zhao_relative_epsilon,5,247
zhao_relative_epsilon,5,314
zhao_relative_epsilon,5,389
zhao_relative_epsilon,5,534
zhao_relative_epsilon,5,543
zhao_relative_epsilon,5,564
zhao_relative_epsilon,5,565
zhao_relative_epsilon,5,622
zhao_relative_epsilon,5,643
zhao_relative_epsilon,5,675
zhao_relative_epsilon,5,799
zhao_relative_epsilon,5,937
zhao_relative_epsilon,5,1063
zhao_relative_epsilon,5,1129
zhao_relative_epsilon,5,1190
zhao_relative_epsilon,5,1209
zhao_relative_epsilon,5,1242
zhao_relative_epsilon,5,1264
zhao_relative_epsilon,5,1282
zhao_relative_epsilon,5,1298
zhao_relative_epsilon,5,1301
zhao_relative_epsilon,5,1310
zhao_relative_epsilon,5,1314
zhao_relative_epsilon,5,1338
zhao_relative_epsilon,5,1388
zhao_relative_epsilon,5,1399
zhao_relative_epsilon,5,1429
zhao_relative_epsilon,5,1447
zhao_relative_epsilon,5,1510
zhao_relative_epsilon,5,1529
zhao_relative_epsilon,5,1540
zhao_relative_epsilon,5,1665
zhao_relative_epsilon,5,1691
zhao_relative_epsilon,5,1698
zhao_relative_epsilon,5,1729
zhao_relative_epsilon,5,1774
zhao_relative_epsilon,5,1920
zhao_relative_epsilon,5,1927
zhao_relative_epsilon,5,1976
zhao_relative_epsilon,5,2180
zhao_relative_epsilon,5,2198
zhao_relative_epsilon,5,2284
zhao_relative_epsilon,5,2443
zhao_relative_epsilon,5,2464
zhao_relative_epsilon,5,2515
zhao_relative_epsilon,5,2534
zhao_relative_epsilon,5,2545
zhao_relative_epsilon,5,2558
zhao_relative_epsilon,5,2636
zhao_relative_epsilon,5,2643
zhao_relative_epsilon,5,2657
zhao_relative_epsilon,5,2709
zhao_relative_epsilon,5,2795
zhao_relative_epsilon,5,2817
zhao_relative_epsilon,5,2885
zhao_relative_epsilon,5,2892
zhao_relative_epsilon,5,2893
zhao_relative_epsilon,5,2898
zhao_relative_epsilon,5,2941
zhao_relative_epsilon,5,2961
zhao_relative_epsilon,5,2978
zhao_relative_epsilon,5,2988
zhao_relative_epsilon,5,3001
zhao_relative_epsilon,5,3038
zhao_relative_epsilon,5,3047
zhao_relative_epsilon,5,3071
zhao_relative_epsilon,5,3129
zhao_relative_epsilon,5,3150
zhao_relative_epsilon,5,3187
zhao_relative_epsilon,5,3220
zhao_relative_epsilon,5,3301
zhao_relative_epsilon,5,3302
zhao_relative_epsilon,5,3319
zhao_relative_epsilon,5,3369
zhao_relative_epsilon,5,3393
zhao_relative_epsilon,5,3396
zhao_relative_epsilon,5,3439
zhao_relative_epsilon,5,3463
zhao_relative_epsilon,5,3481
zhao_relative_epsilon,5,3545
zhao_relative_epsilon,5,3604
zhao_relative_epsilon,5,3685
zhao_relative_epsilon,5,3723
zhao_relative_epsilon,5,3729
zhao_relative_epsilon,5,3781
zhao_relative_epsilon,5,3934
zhao_relative_epsilon,5,3981
zhao_relative_epsilon,5,4060
zhao_relative_epsilon,5,4101
zhao_relative_epsilon,5,4102
zhao_relative_epsilon,5,4103
zhao_relative_epsilon,5,4169
zhao_relative_epsilon,5,4195
zhao_relative_epsilon,5,4200
zhao_relative_epsilon,5,4202
zhao_relative_epsilon,5,4205
zhao_relative_epsilon,5,4333
zhao_relative_epsilon,5,4379
zhao_relative_epsilon,5,4415
zhao_relative_epsilon,5,4449
zhao_relative_epsilon,5,4522
zhao_relative_epsilon,5,4533
zhao_relative_epsilon,5,4584
zhao_relative_epsilon,5,4638
zhao_relative_epsilon,5,4685
zhao_relative_epsilon,5,4693
zhao_relative_epsilon,5,4708
zhao_relative_epsilon,5,4711
zhao_relative_epsilon,5,4836
zhao_relative_epsilon,5,4837
zhao_relative_epsilon,5,4861
zhao_relative_epsilon,5,4974
zhao_relative_epsilon,5,4992
zhao_relative_epsilon,5,5016
zhao_relative_epsilon,5,5025
zhao_relative_epsilon,5,5060
zhao_relative_epsilon,5,5118
zhao_relative_epsilon,5,5147
zhao_relative_epsilon,5,5212
zhao_relative_epsilon,5,5219
zhao_relative_epsilon,5,5229
zhao_relative_epsilon,5,5244
zhao_relative_epsilon,5,5258
zhao_relative_epsilon,5,5270
zhao_relative_epsilon,5,5293
zhao_relative_epsilon,5,5354
zhao_relative_epsilon,5,5402
zhao_relative_epsilon,5,5404
zhao_relative_epsilon,5,5412
zhao_relative_epsilon,5,5427
zhao_relative_epsilon,5,5459
zhao_relative_epsilon,5,5465
zhao_relative_epsilon,5,5481
zhao_relative_epsilon,5,5525
zhao_relative_epsilon,5,5568
zhao_relative_epsilon,5,5584
zhao_relative_epsilon,5,5730
zhao_relative_epsilon,5,5740
zhao_relative_epsilon,5,5775
zhao_relative_epsilon,5,5843
zhao_relative_epsilon,5,6152
zhao_relative_epsilon,5,6180
zhao_relative_epsilon,5,6200
zhao_relative_epsilon,5,6201
zhao_relative_epsilon,5,6220
zhao_relative_epsilon,5,6242
zhao_relative_epsilon,5,6257
zhao_relative_epsilon,5,6279
zhao_relative_epsilon,5,6379
zhao_relative_epsilon,5,6398
zhao_relative_epsilon,5,6508
zhao_relative_epsilon,5,6524
zhao_relative_epsilon,5,6560
zhao_relative_epsilon,5,6570
zhao_relative_epsilon,5,6583
zhao_relative_epsilon,5,6584
zhao_relative_epsilon,5,6587
zhao_relative_epsilon,5,6675
zhao_relative_epsilon,5,6739
zhao_relative_epsilon,5,6764
zhao_relative_epsilon,5,6785
zhao_relative_epsilon,5,6786
zhao_relative_epsilon,5,6787
zhao_relative_epsilon,5,6791
zhao_relative_epsilon,5,6808
zhao_relative_epsilon,5,6834
zhao_relative_epsilon,5,6857
zhao_relative_epsilon,5,6882
zhao_relative_epsilon,5,6955
zhao_relative_epsilon,5,7005
zhao_relative_epsilon,5,7012
zhao_relative_epsilon,5,7015
zhao_relative_epsilon,5,7016
zhao_relative_epsilon,5,7077
zhao_relative_epsilon,5,7078
zhao_relative_epsilon,5,7108
zhao_relative_epsilon,5,7136
zhao_relative_epsilon,5,7156
zhao_relative_epsilon,5,7206
zhao_relative_epsilon,5,7235
zhao_relative_epsilon,5,7252
zhao_relative_epsilon,5,7255
zhao_relative_epsilon,5,7284
zhao_relative_epsilon,5,7381
zhao_relative_epsilon,5,7382
zhao_relative_epsilon,5,7412
zhao_relative_epsilon,5,7435
zhao_relative_epsilon,5,7504
zhao_relative_epsilon,5,7525
zhao_relative_epsilon,5,7590
zhao_relative_epsilon,5,7602
zhao_relative_epsilon,5,7604
zhao_relative_epsilon,5,7652
zhao_relative_epsilon,5,7843
zhao_relative_epsilon,5,7885
zhao_relative_epsilon,5,7951
zhao_relative_epsilon,5,7991
zhao_relative_epsilon,5,7994
zhao_relative_epsilon,5,8028
zhao_relative_epsilon,5,8037
zhao_relative_epsilon,5,8038
zhao_relative_epsilon,5,8128
zhao_relative_epsilon,5,8203
zhao_relative_epsilon,5,8230
zhao_relative_epsilon,5,8300
zhao_relative_epsilon,5,8316
zhao_relative_epsilon,5,8359
zhao_relative_epsilon,5,8368
zhao_relative_epsilon,5,8381
zhao_relative_epsilon,5,8416
zhao_relative_epsilon,5,8453
zhao_relative_epsilon,5,8463
zhao_relative_epsilon,5,8478
zhao_relative_epsilon,5,8529
zhao_relative_epsilon,5,8673
zhao_relative_epsilon,5,8783
zhao_relative_epsilon,5,8788
zhao_relative_epsilon,5,8820
zhao_relative_epsilon,5,8897
zhao_relative_epsilon,5,8949
zhao_relative_epsilon,5,9080
zhao_relative_epsilon,5,9093
zhao_relative_epsilon,5,9151
zhao_relative_epsilon,5,9230
zhao_relative_epsilon,5,9286
zhao_relative_epsilon,5,9314
zhao_relative_epsilon,5,9348
zhao_relative_epsilon,5,9423
zhao_relative_epsilon,5,9483
zhao_relative_epsilon,5,9539
zhao_relative_epsilon,5,9545
zhao_relative_epsilon,5,9552
zhao_relative_epsilon,5,9694
zhao_relative_epsilon,5,9730
zhao_relative_epsilon,5,9817
zhao_relative_epsilon,5,9839
zhao_relative_epsilon,5,9842
zhao_relative_epsilon,5,9910
zhao_relative_epsilon,5,9935
zhao_relative_epsilon,5,10041
zhao_relative_epsilon,5,10131
zhao_relative_epsilon,5,10175
zhao_relative_epsilon,5,10248
zhao_relative_epsilon,5,10275
zhao_relative_epsilon,5,10433
zhao_relative_epsilon,5,10499
zhao_relative_epsilon,5,10515
zhao_relative_epsilon,5,10634
zhao_relative_epsilon,5,10671
zhao_relative_epsilon,5,10736
zhao_relative_epsilon,5,10844
zhao_relative_epsilon,5,10862
zhao_relative_epsilon,5,10868
zhao_relative_epsilon,5,10926
zhao_relative_epsilon,5,10959
zhao_relative_epsilon,5,10962
zhao_relative_epsilon,5,11037
zhao_relative_epsilon,5,11043
zhao_relative_epsilon,5,11080
zhao_relative_epsilon,5,11099
zhao_relative_epsilon,5,11276
zhao_relative_epsilon,5,11278
zhao_relative_epsilon,5,11283
zhao_relative_epsilon,5,11302
zhao_relative_epsilon,5,11312
zhao_relative_epsilon,5,11427
zhao_relative_epsilon,5,11614
zhao_relative_epsilon,5,11661
zhao_relative_epsilon,5,11693
zhao_relative_epsilon,5,11715
zhao_relative_epsilon,5,11852
zhao_relative_epsilon,5,11883
zhao_relative_epsilon,5,11910
zhao_relative_epsilon,5,11982
zhao_relative_epsilon,5,12091
zhao_relative_epsilon,5,12092
zhao_relative_epsilon,5,12124
zhao_relative_epsilon,5,12127
zhao_relative_epsilon,5,12144
zhao_relative_epsilon,5,12154
zhao_relative_epsilon,5,12249
zhao_relative_epsilon,5,12351
zhao_relative_epsilon,5,12395
zhao_relative_epsilon,5,12419
zhao_relative_epsilon,5,12422
zhao_relative_epsilon,5,12466
zhao_relative_epsilon,5,12480
zhao_relative_epsilon,5,12484
zhao_relative_epsilon,5,12485
zhao_relative_epsilon,5,12487
zhao_relative_epsilon,5,12494
zhao_relative_epsilon,5,12506
zhao_relative_epsilon,5,12553
zhao_relative_epsilon,5,12554
zhao_relative_epsilon,5,12574
zhao_relative_epsilon,5,12660
zhao_relative_epsilon,5,12668
zhao_relative_epsilon,5,12767
zhao_relative_epsilon,5,12804
zhao_relative_epsilon,5,12812
zhao_relative_epsilon,5,12883
zhao_relative_epsilon,5,12964
zhao_relative_epsilon,5,13116
zhao_relative_epsilon,5,13142
zhao_relative_epsilon,5,13264
zhao_relative_epsilon,5,13278
zhao_relative_epsilon,5,13364
zhao_relative_epsilon,5,13369
zhao_relative_epsilon,5,13406
zhao_relative_epsilon,5,13418
zhao_relative_epsilon,5,13419
zhao_relative_epsilon,5,13454
zhao_relative_epsilon,5,13502
zhao_relative_epsilon,5,13513
zhao_relative_epsilon,5,13532
zhao_relative_epsilon,5,13548
zhao_relative_epsilon,5,13773
zhao_relative_epsilon,5,13855
zhao_relative_epsilon,5,13861
zhao_relative_epsilon,5,13927
zhao_relative_epsilon,5,13945
zhao_relative_epsilon,5,13950
zhao_relative_epsilon,5,13962
zhao_relative_epsilon,5,14001
zhao_relative_epsilon,5,14004
zhao_relative_epsilon,5,14005
zhao_relative_epsilon,5,14089
zhao_relative_epsilon,5,14135
zhao_relative_epsilon,5,14152
zhao_relative_epsilon,5,14165
zhao_relative_epsilon,5,14182
zhao_relative_epsilon,5,14206
zhao_relative_epsilon,5,14300
zhao_relative_epsilon,5,14304
zhao_relative_epsilon,6,12
zhao_relative_epsilon,6,251
zhao_relative_epsilon,6,340
zhao_relative_epsilon,6,399
zhao_relative_epsilon,6,441
zhao_relative_epsilon,6,580
zhao_relative_epsilon,6,847
zhao_relative_epsilon,6,942
zhao_relative_epsilon,6,976
zhao_relative_epsilon,6,1022
zhao_relative_epsilon,6,1067
zhao_relative_epsilon,6,1133
zhao_relative_epsilon,6,1151
zhao_relative_epsilon,6,1271
zhao_relative_epsilon,6,1273
zhao_relative_epsilon,6,1278
zhao_relative_epsilon,6,1307
zhao_relative_epsilon,6,1312
zhao_relative_epsilon,6,1399
zhao_relative_epsilon,6,1478
zhao_relative_epsilon,6,1508
zhao_relative_epsilon,6,1571
zhao_relative_epsilon,6,1704
zhao_relative_epsilon,6,1777
zhao_relative_epsilon,6,1782
zhao_relative_epsilon,6,1821
zhao_relative_epsilon,6,2134
zhao_relative_epsilon,6,2280
zhao_relative_epsilon,6,2404
zhao_relative_epsilon,6,2439
zhao_relative_epsilon,6,2453
zhao_relative_epsilon,6,2469
zhao_relative_epsilon,6,2665
zhao_relative_epsilon,6,2805
zhao_relative_epsilon,6,2843
zhao_relative_epsilon,6,2938
zhao_relative_epsilon,6,3423
zhao_relative_epsilon,6,3620
zhao_relative_epsilon,6,3690
zhao_relative_epsilon,6,4125
zhao_relative_epsilon,6,4292
zhao_relative_epsilon,6,4354
zhao_relative_epsilon,6,4437
zhao_relative_epsilon,6,4486
zhao_relative_epsilon,6,4528
zhao_relative_epsilon,6,4585
zhao_relative_epsilon,6,4590
zhao_relative_epsilon,6,4689
zhao_relative_epsilon,6,4733
zhao_relative_epsilon,6,4814
zhao_relative_epsilon,6,4818
zhao_relative_epsilon,6,4855
zhao_relative_epsilon,6,4893
zhao_relative_epsilon,6,4918
zhao_relative_epsilon,6,4966
zhao_relative_epsilon,6,5038
zhao_relative_epsilon,6,5080
zhao_relative_epsilon,6,5096
zhao_relative_epsilon,6,5134
zhao_relative_epsilon,6,5430
zhao_relative_epsilon,6,5479
zhao_relative_epsilon,6,5493
zhao_relative_epsilon,6,5697
zhao_relative_epsilon,6,5866
zhao_relative_epsilon,6,5888
zhao_relative_epsilon,6,6107
zhao_relative_epsilon,6,6398
zhao_relative_epsilon,6,6451
zhao_relative_epsilon,6,6457
zhao_relative_epsilon,6,6471
zhao_relative_epsilon,6,6477
zhao_relative_epsilon,6,6598
zhao_relative_epsilon,6,6702
zhao_relative_epsilon,6,6806
zhao_relative_epsilon,6,7021
zhao_relative_epsilon,6,7136
zhao_relative_epsilon,6,7162
zhao_relative_epsilon,6,7168
zhao_relative_epsilon,6,7233
zhao_relative_epsilon,6,7320
zhao_relative_epsilon,6,7457
zhao_relative_epsilon,6,7575
zhao_relative_epsilon,6,7653
zhao_relative_epsilon,6,7704
zhao_relative_epsilon,6,7705
zhao_relative_epsilon,6,7829
zhao_relative_epsilon,6,7858
zhao_relative_epsilon,6,7934
zhao_relative_epsilon,6,7960
zhao_relative_epsilon,6,8103
zhao_relative_epsilon,6,8206
zhao_relative_epsilon,6,8336
zhao_relative_epsilon,6,8517
zhao_relative_epsilon,6,8533
zhao_relative_epsilon,6,8571
zhao_relative_epsilon,6,8601
zhao_relative_epsilon,6,8885
zhao_relative_epsilon,6,8887
zhao_relative_epsilon,6,8922
zhao_relative_epsilon,6,8934
zhao_relative_epsilon,6,8938
zhao_relative_epsilon,6,8948
zhao_relative_epsilon,6,8978
zhao_relative_epsilon,6,9109
zhao_relative_epsilon,6,9123
zhao_relative_epsilon,6,9241
zhao_relative_epsilon,6,9467
zhao_relative_epsilon,6,9511
zhao_relative_epsilon,6,9514
zhao_relative_epsilon,6,9524
zhao_relative_epsilon,6,9582
zhao_relative_epsilon,6,9588
zhao_relative_epsilon,6,9625
zhao_relative_epsilon,6,9716
zhao_relative_epsilon,6,9829
zhao_relative_epsilon,6,9845
zhao_relative_epsilon,6,10005
zhao_relative_epsilon,6,10160
zhao_relative_epsilon,6,10439
zhao_relative_epsilon,6,10462
zhao_relative_epsilon,6,10487
zhao_relative_epsilon,6,10496
zhao_relative_epsilon,6,10506
zhao_relative_epsilon,6,10511
zhao_relative_epsilon,6,10653
zhao_relative_epsilon,6,10666
zhao_relative_epsilon,6,10772
zhao_relative_epsilon,6,10831
zhao_relative_epsilon,6,10840
zhao_relative_epsilon,6,10951
zhao_relative_epsilon,6,10964
zhao_relative_epsilon,6,11170
zhao_relative_epsilon,6,11232
zhao_relative_epsilon,6,11250
zhao_relative_epsilon,6,11268
zhao_relative_epsilon,6,11281
zhao_relative_epsilon,6,11459
zhao_relative_epsilon,6,11511
zhao_relative_epsilon,6,11542
zhao_relative_epsilon,6,11573
zhao_relative_epsilon,6,11581
zhao_relative_epsilon,6,11623
zhao_relative_epsilon,6,11682
zhao_relative_epsilon,6,11705
zhao_relative_epsilon,6,11946
zhao_relative_epsilon,6,11967
zhao_relative_epsilon,6,11975
zhao_relative_epsilon,6,11996
zhao_relative_epsilon,6,12044
zhao_relative_epsilon,6,12140
zhao_relative_epsilon,6,12307
zhao_relative_epsilon,6,12319
zhao_relative_epsilon,6,12390
zhao_relative_epsilon,6,12397
zhao_relative_epsilon,6,12423
zhao_relative_epsilon,6,12432
zhao_relative_epsilon,6,12476
zhao_relative_epsilon,6,12481
zhao_relative_epsilon,6,12511
zhao_relative_epsilon,6,12622
zhao_relative_epsilon,6,12689
zhao_relative_epsilon,6,12769
zhao_relative_epsilon,6,12847
zhao_relative_epsilon,6,12929
zhao_relative_epsilon,6,12958
zhao_relative_epsilon,6,13105
zhao_relative_epsilon,6,13127
zhao_relative_epsilon,6,13129
zhao_relative_epsilon,6,13218
zhao_relative_epsilon,6,13242
zhao_relative_epsilon,6,13476
zhao_relative_epsilon,6,13483
zhao_relative_epsilon,6,13803
zhao_relative_epsilon,6,13945
zhao_relative_epsilon,6,14127
zhao_relative_epsilon,6,14244
zhao_relative_epsilon,7,21
zhao_relative_epsilon,7,36
zhao_relative_epsilon,7,41
zhao_relative_epsilon,7,50
zhao_relative_epsilon,7,52
zhao_relative_epsilon,7,73
zhao_relative_epsilon,7,77
zhao_relative_epsilon,7,94
zhao_relative_epsilon,7,123
zhao_relative_epsilon,7,134
zhao_relative_epsilon,7,138
zhao_relative_epsilon,7,147
zhao_relative_epsilon,7,184
zhao_relative_epsilon,7,224
zhao_relative_epsilon,7,228
zhao_relative_epsilon,7,265
zhao_relative_epsilon,7,268
zhao_relative_epsilon,7,296
zhao_relative_epsilon,7,300
zhao_relative_epsilon,7,301
zhao_relative_epsilon,7,312
zhao_relative_epsilon,7,314
zhao_relative_epsilon,7,329
zhao_relative_epsilon,7,340
zhao_relative_epsilon,7,354
zhao_relative_epsilon,7,360
zhao_relative_epsilon,7,367
zhao_relative_epsilon,7,378
zhao_relative_epsilon,7,379
zhao_relative_epsilon,7,405
zhao_relative_epsilon,7,416
zhao_relative_epsilon,7,430
zhao_relative_epsilon,7,434
zhao_relative_epsilon,7,447
zhao_relative_epsilon,7,449
zhao_relative_epsilon,7,461
zhao_relative_epsilon,7,467
zhao_relative_epsilon,7,473
zhao_relative_epsilon,7,492
zhao_relative_epsilon,7,510
zhao_relative_epsilon,7,512
zhao_relative_epsilon,7,530
zhao_relative_epsilon,7,545
zhao_relative_epsilon,7,551
zhao_relative_epsilon,7,605
zhao_relative_epsilon,7,627
zhao_relative_epsilon,7,632
zhao_relative_epsilon,7,639
zhao_relative_epsilon,7,656
zhao_relative_epsilon,7,658
zhao_relative_epsilon,7,676
zhao_relative_epsilon,7,679
zhao_relative_epsilon,7,686
zhao_relative_epsilon,7,698
zhao_relative_epsilon,7,699
zhao_relative_epsilon,7,707
zhao_relative_epsilon,7,726
zhao_relative_epsilon,7,767
zhao_relative_epsilon,7,801
zhao_relative_epsilon,7,823
zhao_relative_epsilon,7,824
zhao_relative_epsilon,7,833
zhao_relative_epsilon,7,839
zhao_relative_epsilon,7,843
zhao_relative_epsilon,7,848
zhao_relative_epsilon,7,862
zhao_relative_epsilon,7,883
zhao_relative_epsilon,7,889
zhao_relative_epsilon,7,953
zhao_relative_epsilon,7,980
zhao_relative_epsilon,7,990
zhao_relative_epsilon,7,996
zhao_relative_epsilon,7,1006
zhao_relative_epsilon,7,1010
zhao_relative_epsilon,7,1033
zhao_relative_epsilon,7,1045
zhao_relative_epsilon,7,1065
zhao_relative_epsilon,7,1071
zhao_relative_epsilon,7,1086
zhao_relative_epsilon,7,1089
zhao_relative_epsilon,7,1104
zhao_relative_epsilon,7,1164
zhao_relative_epsilon,7,1169
zhao_relative_epsilon,7,1176
zhao_relative_epsilon,7,1178
zhao_relative_epsilon,7,1181
zhao_relative_epsilon,7,1185
zhao_relative_epsilon,7,1186
zhao_relative_epsilon,7,1215
zhao_relative_epsilon,7,1219
zhao_relative_epsilon,7,1228
zhao_relative_epsilon,7,1233
zhao_relative_epsilon,7,1234
zhao_relative_epsilon,7,1241
zhao_relative_epsilon,7,1295
zhao_relative_epsilon,7,1309
zhao_relative_epsilon,7,1314
zhao_relative_epsilon,7,1328
zhao_relative_epsilon,7,1333
zhao_relative_epsilon,7,1343
zhao_relative_epsilon,7,1364
zhao_relative_epsilon,7,1393
zhao_relative_epsilon,7,1460
zhao_relative_epsilon,7,1470
zhao_relative_epsilon,7,1471
zhao_relative_epsilon,7,1488
zhao_relative_epsilon,7,1518
zhao_relative_epsilon,7,1541
zhao_relative_epsilon,7,1543
zhao_relative_epsilon,7,1547
zhao_relative_epsilon,7,1551
zhao_relative_epsilon,7,1555
zhao_relative_epsilon,7,1592
zhao_relative_epsilon,7,1594
zhao_relative_epsilon,7,1603
zhao_relative_epsilon,7,1605
zhao_relative_epsilon,7,1616
zhao_relative_epsilon,7,1621
zhao_relative_epsilon,7,1627
zhao_relative_epsilon,7,1631
zhao_relative_epsilon,7,1647
zhao_relative_epsilon,7,1651
zhao_relative_epsilon,7,1655
zhao_relative_epsilon,7,1666
zhao_relative_epsilon,7,1674
zhao_relative_epsilon,7,1705
zhao_relative_epsilon,7,1706
zhao_relative_epsilon,7,1715
zhao_relative_epsilon,7,1727
zhao_relative_epsilon,7,1731
zhao_relative_epsilon,7,1739
zhao_relative_epsilon,7,1747
zhao_relative_epsilon,7,1749
zhao_relative_epsilon,7,1779
zhao_relative_epsilon,7,1798
zhao_relative_epsilon,7,1802
zhao_relative_epsilon,7,1811
zhao_relative_epsilon,7,1813
zhao_relative_epsilon,7,1814
zhao_relative_epsilon,7,1829
zhao_relative_epsilon,7,1840
zhao_relative_epsilon,7,1842
zhao_relative_epsilon,7,1843
zhao_relative_epsilon,7,1849
zhao_relative_epsilon,7,1862
zhao_relative_epsilon,7,1865
zhao_relative_epsilon,7,1873
zhao_relative_epsilon,7,1885
zhao_relative_epsilon,7,1892
zhao_relative_epsilon,7,1905
zhao_relative_epsilon,7,1923
zhao_relative_epsilon,7,1928
zhao_relative_epsilon,7,1931
zhao_relative_epsilon,7,1950
zhao_relative_epsilon,7,1960
zhao_relative_epsilon,7,1963
zhao_relative_epsilon,7,1970
zhao_relative_epsilon,7,1994
zhao_relative_epsilon,7,2003
zhao_relative_epsilon,7,2006
zhao_relative_epsilon,7,2009
zhao_relative_epsilon,7,2043
zhao_relative_epsilon,7,2067
zhao_relative_epsilon,7,2109
zhao_relative_epsilon,7,2130
zhao_relative_epsilon,7,2145
zhao_relative_epsilon,7,2155
zhao_relative_epsilon,7,2172
zhao_relative_epsilon,7,2176
zhao_relative_epsilon,7,2197
zhao_relative_epsilon,7,2198
zhao_relative_epsilon,7,2201
zhao_relative_epsilon,7,2236
zhao_relative_epsilon,7,2242
zhao_relative_epsilon,7,2256
zhao_relative_epsilon,7,2268
zhao_relative_epsilon,7,2272
zhao_relative_epsilon,7,2277
zhao_relative_epsilon,7,2292
zhao_relative_epsilon,7,2308
zhao_relative_epsilon,7,2312
zhao_relative_epsilon,7,2317
zhao_relative_epsilon,7,2324
zhao_relative_epsilon,7,2356
zhao_relative_epsilon,7,2392
zhao_relative_epsilon,7,2418
zhao_relative_epsilon,7,2472
zhao_relative_epsilon,7,2488
zhao_relative_epsilon,7,2498
zhao_relative_epsilon,7,2500
zhao_relative_epsilon,7,2536
zhao_relative_epsilon,7,2542
zhao_relative_epsilon,7,2562
zhao_relative_epsilon,7,2579
zhao_relative_epsilon,7,2585
zhao_relative_epsilon,7,2627
zhao_relative_epsilon,7,2650
zhao_relative_epsilon,7,2674
zhao_relative_epsilon,7,2675
zhao_relative_epsilon,7,2685
zhao_relative_epsilon,7,2701
zhao_relative_epsilon,7,2712
zhao_relative_epsilon,7,2723
zhao_relative_epsilon,7,2732
zhao_relative_epsilon,7,2736
zhao_relative_epsilon,7,2767
zhao_relative_epsilon,7,2787
zhao_relative_epsilon,7,2806
zhao_relative_epsilon,7,2815
zhao_relative_epsilon,7,2823
zhao_relative_epsilon,7,2829
zhao_relative_epsilon,7,2847
zhao_relative_epsilon,7,2865
zhao_relative_epsilon,7,2869
zhao_relative_epsilon,7,2871
zhao_relative_epsilon,7,2896
zhao_relative_epsilon,7,2899
zhao_relative_epsilon,7,2927
zhao_relative_epsilon,7,2934
zhao_relative_epsilon,7,2946
zhao_relative_epsilon,7,2954
zhao_relative_epsilon,7,2958
zhao_relative_epsilon,7,2983
zhao_relative_epsilon,7,2992
zhao_relative_epsilon,7,3005
zhao_relative_epsilon,7,3013
zhao_relative_epsilon,7,3039
zhao_relative_epsilon,7,3050
zhao_relative_epsilon,7,3067
zhao_relative_epsilon,7,3070
zhao_relative_epsilon,7,3085
zhao_relative_epsilon,7,3100
zhao_relative_epsilon,7,3102
zhao_relative_epsilon,7,3107
zhao_relative_epsilon,7,3112
zhao_relative_epsilon,7,3125
zhao_relative_epsilon,7,3149
zhao_relative_epsilon,7,3189
zhao_relative_epsilon,7,3195
zhao_relative_epsilon,7,3200
zhao_relative_epsilon,7,3203
zhao_relative_epsilon,7,3223
zhao_relative_epsilon,7,3228
zhao_relative_epsilon,7,3262
zhao_relative_epsilon,7,3264
zhao_relative_epsilon,7,3273
zhao_relative_epsilon,7,3299
zhao_relative_epsilon,7,3301
zhao_relative_epsilon,7,3303
zhao_relative_epsilon,7,3304
zhao_relative_epsilon,7,3305
zhao_relative_epsilon,7,3315
zhao_relative_epsilon,7,3331
zhao_relative_epsilon,7,3332
zhao_relative_epsilon,7,3336
zhao_relative_epsilon,7,3337
zhao_relative_epsilon,7,3341
zhao_relative_epsilon,7,3342
zhao_relative_epsilon,7,3366
zhao_relative_epsilon,7,3370
zhao_relative_epsilon,7,3383
zhao_relative_epsilon,7,3397
zhao_relative_epsilon,7,3403
zhao_relative_epsilon,7,3412
zhao_relative_epsilon,7,3424
zhao_relative_epsilon,7,3439
zhao_relative_epsilon,7,3446
zhao_relative_epsilon,7,3462
zhao_relative_epsilon,7,3465
zhao_relative_epsilon,7,3474
zhao_relative_epsilon,7,3479
zhao_relative_epsilon,7,3480
zhao_relative_epsilon,7,3487
zhao_relative_epsilon,7,3488
zhao_relative_epsilon,7,3489
zhao_relative_epsilon,7,3492
zhao_relative_epsilon,7,3504
zhao_relative_epsilon,7,3510
zhao_relative_epsilon,7,3514
zhao_relative_epsilon,7,3520
zhao_relative_epsilon,7,3527
zhao_relative_epsilon,7,3535
zhao_relative_epsilon,7,3538
zhao_relative_epsilon,7,3550
zhao_relative_epsilon,7,3555
zhao_relative_epsilon,7,3558
zhao_relative_epsilon,7,3563
zhao_relative_epsilon,7,3579
zhao_relative_epsilon,7,3608
zhao_relative_epsilon,7,3626
zhao_relative_epsilon,7,3629
zhao_relative_epsilon,7,3643
zhao_relative_epsilon,7,3653
zhao_relative_epsilon,7,3654
zhao_relative_epsilon,7,3668
zhao_relative_epsilon,7,3691
zhao_relative_epsilon,7,3693
zhao_relative_epsilon,7,3694
zhao_relative_epsilon,7,3697
zhao_relative_epsilon,7,3720
zhao_relative_epsilon,7,3722
zhao_relative_epsilon,7,3728
zhao_relative_epsilon,7,3734
zhao_relative_epsilon,7,3739
zhao_relative_epsilon,7,3746
zhao_relative_epsilon,7,3748
zhao_relative_epsilon,7,3751
zhao_relative_epsilon,7,3754
zhao_relative_epsilon,7,3764
zhao_relative_epsilon,7,3780
zhao_relative_epsilon,7,3800
zhao_relative_epsilon,7,3808
zhao_relative_epsilon,7,3837
zhao_relative_epsilon,7,3866
zhao_relative_epsilon,7,3878
zhao_relative_epsilon,7,3882
zhao_relative_epsilon,7,3890
zhao_relative_epsilon,7,3892
zhao_relative_epsilon,7,3893
zhao_relative_epsilon,7,3901
zhao_relative_epsilon,7,3907
zhao_relative_epsilon,7,3925
zhao_relative_epsilon,7,3956
zhao_relative_epsilon,7,3964
zhao_relative_epsilon,7,3979
zhao_relative_epsilon,7,3980
zhao_relative_epsilon,7,3981
zhao_relative_epsilon,7,3987
zhao_relative_epsilon,7,4000
zhao_relative_epsilon,7,4009
zhao_relative_epsilon,7,4026
zhao_relative_epsilon,7,4071
zhao_relative_epsilon,7,4078
zhao_relative_epsilon,7,4090
zhao_relative_epsilon,7,4096
zhao_relative_epsilon,7,4100
zhao_relative_epsilon,7,4114
zhao_relative_epsilon,7,4130
zhao_relative_epsilon,7,4136
zhao_relative_epsilon,7,4153
zhao_relative_epsilon,7,4159
zhao_relative_epsilon,7,4162
zhao_relative_epsilon,7,4170
zhao_relative_epsilon,7,4186
zhao_relative_epsilon,7,4194
zhao_relative_epsilon,7,4197
zhao_relative_epsilon,7,4220
zhao_relative_epsilon,7,4221
zhao_relative_epsilon,7,4229
zhao_relative_epsilon,7,4235
zhao_relative_epsilon,7,4257
zhao_relative_epsilon,7,4269
zhao_relative_epsilon,7,4316
zhao_relative_epsilon,7,4351
zhao_relative_epsilon,7,4356
zhao_relative_epsilon,7,4363
zhao_relative_epsilon,7,4366
zhao_relative_epsilon,7,4383
zhao_relative_epsilon,7,4389
zhao_relative_epsilon,7,4395
zhao_relative_epsilon,7,4407
zhao_relative_epsilon,7,4427
zhao_relative_epsilon,7,4436
zhao_relative_epsilon,7,4439
zhao_relative_epsilon,7,4441
zhao_relative_epsilon,7,4470
zhao_relative_epsilon,7,4475
zhao_relative_epsilon,7,4484
zhao_relative_epsilon,7,4490
zhao_relative_epsilon,7,4493
zhao_relative_epsilon,7,4502
zhao_relative_epsilon,7,4519
zhao_relative_epsilon,7,4549
zhao_relative_epsilon,7,4570
zhao_relative_epsilon,7,4581
zhao_relative_epsilon,7,4582
zhao_relative_epsilon,7,4587
zhao_relative_epsilon,7,4607
zhao_relative_epsilon,7,4611
zhao_relative_epsilon,7,4612
zhao_relative_epsilon,7,4616
zhao_relative_epsilon,7,4631
zhao_relative_epsilon,7,4632
zhao_relative_epsilon,7,4636
zhao_relative_epsilon,7,4646
zhao_relative_epsilon,7,4660
zhao_relative_epsilon,7,4661
zhao_relative_epsilon,7,4662
zhao_relative_epsilon,7,4692
zhao_relative_epsilon,7,4694
zhao_relative_epsilon,7,4703
zhao_relative_epsilon,7,4725
zhao_relative_epsilon,7,4741
zhao_relative_epsilon,7,4750
zhao_relative_epsilon,7,4774
zhao_relative_epsilon,7,4780
zhao_relative_epsilon,7,4794
zhao_relative_epsilon,7,4798
zhao_relative_epsilon,7,4809
zhao_relative_epsilon,7,4819
zhao_relative_epsilon,7,4840
zhao_relative_epsilon,7,4841
zhao_relative_epsilon,7,4844
zhao_relative_epsilon,7,4887
zhao_relative_epsilon,7,4893
zhao_relative_epsilon,7,4898
zhao_relative_epsilon,7,4930
zhao_relative_epsilon,7,4937
zhao_relative_epsilon,7,4941
zhao_relative_epsilon,7,4942
zhao_relative_epsilon,7,4945
zhao_relative_epsilon,7,4961
zhao_relative_epsilon,7,4978
zhao_relative_epsilon,7,5007
zhao_relative_epsilon,7,5015
zhao_relative_epsilon,7,5038
zhao_relative_epsilon,7,5041
zhao_relative_epsilon,7,5049
zhao_relative_epsilon,7,5067
zhao_relative_epsilon,7,5074
zhao_relative_epsilon,7,5082
zhao_relative_epsilon,7,5089
zhao_relative_epsilon,7,5092
zhao_relative_epsilon,7,5176
zhao_relative_epsilon,7,5179
zhao_relative_epsilon,7,5191
zhao_relative_epsilon,7,5200
zhao_relative_epsilon,7,5209
zhao_relative_epsilon,7,5227
zhao_relative_epsilon,7,5229
zhao_relative_epsilon,7,5231
zhao_relative_epsilon,7,5235
zhao_relative_epsilon,7,5239
zhao_relative_epsilon,7,5242
zhao_relative_epsilon,7,5253
zhao_relative_epsilon,7,5271
zhao_relative_epsilon,7,5280
zhao_relative_epsilon,7,5314
zhao_relative_epsilon,7,5329
zhao_relative_epsilon,7,5332
zhao_relative_epsilon,7,5344
zhao_relative_epsilon,7,5364
zhao_relative_epsilon,7,5379
zhao_relative_epsilon,7,5395
zhao_relative_epsilon,7,5415
zhao_relative_epsilon,7,5433
zhao_relative_epsilon,7,5439
zhao_relative_epsilon,7,5440
zhao_relative_epsilon,7,5446
zhao_relative_epsilon,7,5447
zhao_relative_epsilon,7,5462
zhao_relative_epsilon,7,5468
zhao_relative_epsilon,7,5482
zhao_relative_epsilon,7,5492
zhao_relative_epsilon,7,5505
zhao_relative_epsilon,7,5529
zhao_relative_epsilon,7,5532
zhao_relative_epsilon,7,5572
zhao_relative_epsilon,7,5591
zhao_relative_epsilon,7,5596
zhao_relative_epsilon,7,5602
zhao_relative_epsilon,7,5631
zhao_relative_epsilon,7,5632
zhao_relative_epsilon,7,5639
zhao_relative_epsilon,7,5643
zhao_relative_epsilon,7,5671
zhao_relative_epsilon,7,5689
zhao_relative_epsilon,7,5723
zhao_relative_epsilon,7,5725
zhao_relative_epsilon,7,5728
zhao_relative_epsilon,7,5736
zhao_relative_epsilon,7,5738
zhao_relative_epsilon,7,5752
zhao_relative_epsilon,7,5763
zhao_relative_epsilon,7,5765
zhao_relative_epsilon,7,5773
zhao_relative_epsilon,7,5775
zhao_relative_epsilon,7,5793
zhao_relative_epsilon,7,5801
zhao_relative_epsilon,7,5820
zhao_relative_epsilon,7,5830
zhao_relative_epsilon,7,5840
zhao_relative_epsilon,7,5874
zhao_relative_epsilon,7,5879
zhao_relative_epsilon,7,5884
zhao_relative_epsilon,7,5900
zhao_relative_epsilon,7,5911
zhao_relative_epsilon,7,5916
zhao_relative_epsilon,7,5925
zhao_relative_epsilon,7,5932
zhao_relative_epsilon,7,5939
zhao_relative_epsilon,7,5947
zhao_relative_epsilon,7,5976
zhao_relative_epsilon,7,5987
zhao_relative_epsilon,7,6002
zhao_relative_epsilon,7,6003
zhao_relative_epsilon,7,6007
zhao_relative_epsilon,7,6008
zhao_relative_epsilon,7,6043
zhao_relative_epsilon,7,6049
zhao_relative_epsilon,7,6055
zhao_relative_epsilon,7,6060
zhao_relative_epsilon,7,6061
zhao_relative_epsilon,7,6070
zhao_relative_epsilon,7,6085
zhao_relative_epsilon,7,6117
zhao_relative_epsilon,7,6124
zhao_relative_epsilon,7,6130
zhao_relative_epsilon,7,6133
zhao_relative_epsilon,7,6134
zhao_relative_epsilon,7,6141
zhao_relative_epsilon,7,6146
zhao_relative_epsilon,7,6158
zhao_relative_epsilon,7,6168
zhao_relative_epsilon,7,6173
zhao_relative_epsilon,7,6180
zhao_relative_epsilon,7,6181
zhao_relative_epsilon,7,6196
zhao_relative_epsilon,7,6198
zhao_relative_epsilon,7,6199
zhao_relative_epsilon,7,6205
zhao_relative_epsilon,7,6216
zhao_relative_epsilon,7,6231
zhao_relative_epsilon,7,6239
zhao_relative_epsilon,7,6244
zhao_relative_epsilon,7,6281
zhao_relative_epsilon,7,6321
zhao_relative_epsilon,7,6324
zhao_relative_epsilon,7,6330
zhao_relative_epsilon,7,6337
zhao_relative_epsilon,7,6347
zhao_relative_epsilon,7,6360
zhao_relative_epsilon,7,6371
zhao_relative_epsilon,7,6372
zhao_relative_epsilon,7,6391
zhao_relative_epsilon,7,6392
zhao_relative_epsilon,7,6406
zhao_relative_epsilon,7,6440
zhao_relative_epsilon,7,6455
zhao_relative_epsilon,7,6456
zhao_relative_epsilon,7,6475
zhao_relative_epsilon,7,6478
zhao_relative_epsilon,7,6489
zhao_relative_epsilon,7,6504
zhao_relative_epsilon,7,6549
zhao_relative_epsilon,7,6555
zhao_relative_epsilon,7,6568
zhao_relative_epsilon,7,6584
zhao_relative_epsilon,7,6586
zhao_relative_epsilon,7,6590
zhao_relative_epsilon,7,6594
zhao_relative_epsilon,7,6596
zhao_relative_epsilon,7,6597
zhao_relative_epsilon,7,6602
zhao_relative_epsilon,7,6604
zhao_relative_epsilon,7,6608
zhao_relative_epsilon,7,6634
zhao_relative_epsilon,7,6648
zhao_relative_epsilon,7,6650
zhao_relative_epsilon,7,6655
zhao_relative_epsilon,7,6673
zhao_relative_epsilon,7,6675
zhao_relative_epsilon,7,6676
zhao_relative_epsilon,7,6694
zhao_relative_epsilon,7,6715
zhao_relative_epsilon,7,6719
zhao_relative_epsilon,7,6723
zhao_relative_epsilon,7,6729
zhao_relative_epsilon,7,6756
zhao_relative_epsilon,7,6757
zhao_relative_epsilon,7,6768
zhao_relative_epsilon,7,6771
zhao_relative_epsilon,7,6782
zhao_relative_epsilon,7,6784
zhao_relative_epsilon,7,6791
zhao_relative_epsilon,7,6793
zhao_relative_epsilon,7,6799
zhao_relative_epsilon,7,6819
zhao_relative_epsilon,7,6830
zhao_relative_epsilon,7,6831
zhao_relative_epsilon,7,6835
zhao_relative_epsilon,7,6836
zhao_relative_epsilon,7,6867
zhao_relative_epsilon,7,6874
zhao_relative_epsilon,7,6878
zhao_relative_epsilon,7,6883
zhao_relative_epsilon,7,6888
zhao_relative_epsilon,7,6892
zhao_relative_epsilon,7,6898
zhao_relative_epsilon,7,6934
zhao_relative_epsilon,7,6961
zhao_relative_epsilon,7,6969
zhao_relative_epsilon,7,6973
zhao_relative_epsilon,7,6976
zhao_relative_epsilon,7,6989
zhao_relative_epsilon,7,6997
zhao_relative_epsilon,7,7005
zhao_relative_epsilon,7,7016
zhao_relative_epsilon,7,7023
zhao_relative_epsilon,7,7065
zhao_relative_epsilon,7,7102
zhao_relative_epsilon,7,7106
zhao_relative_epsilon,7,7107
zhao_relative_epsilon,7,7138
zhao_relative_epsilon,7,7145
zhao_relative_epsilon,7,7149
zhao_relative_epsilon,7,7164
zhao_relative_epsilon,7,7174
zhao_relative_epsilon,7,7181
zhao_relative_epsilon,7,7198
zhao_relative_epsilon,7,7203
zhao_relative_epsilon,7,7224
zhao_relative_epsilon,7,7228
zhao_relative_epsilon,7,7229
zhao_relative_epsilon,7,7244
zhao_relative_epsilon,7,7259
zhao_relative_epsilon,7,7266
zhao_relative_epsilon,7,7286
zhao_relative_epsilon,7,7295
zhao_relative_epsilon,7,7301
zhao_relative_epsilon,7,7317
zhao_relative_epsilon,7,7322
zhao_relative_epsilon,7,7343
zhao_relative_epsilon,7,7362
zhao_relative_epsilon,7,7377
zhao_relative_epsilon,7,7389
zhao_relative_epsilon,7,7394
zhao_relative_epsilon,7,7413
zhao_relative_epsilon,7,7417
zhao_relative_epsilon,7,7419
zhao_relative_epsilon,7,7439
zhao_relative_epsilon,7,7445
zhao_relative_epsilon,7,7454
zhao_relative_epsilon,7,7478
zhao_relative_epsilon,7,7481
zhao_relative_epsilon,7,7499
zhao_relative_epsilon,7,7502
zhao_relative_epsilon,7,7533
zhao_relative_epsilon,7,7535
zhao_relative_epsilon,7,7536
zhao_relative_epsilon,7,7560
zhao_relative_epsilon,7,7601
zhao_relative_epsilon,7,7612
zhao_relative_epsilon,7,7617
zhao_relative_epsilon,7,7635
zhao_relative_epsilon,7,7654
zhao_relative_epsilon,7,7670
zhao_relative_epsilon,7,7676
zhao_relative_epsilon,7,7691
zhao_relative_epsilon,7,7697
zhao_relative_epsilon,7,7716
zhao_relative_epsilon,7,7730
zhao_relative_epsilon,7,7738
zhao_relative_epsilon,7,7742
zhao_relative_epsilon,7,7756
zhao_relative_epsilon,7,7768
zhao_relative_epsilon,7,7793
zhao_relative_epsilon,7,7809
zhao_relative_epsilon,7,7822
zhao_relative_epsilon,7,7826
zhao_relative_epsilon,7,7833
zhao_relative_epsilon,7,7839
zhao_relative_epsilon,7,7840
zhao_relative_epsilon,7,7845
zhao_relative_epsilon,7,7847
zhao_relative_epsilon,7,7848
zhao_relative_epsilon,7,7855
zhao_relative_epsilon,7,7867
zhao_relative_epsilon,7,7881
zhao_relative_epsilon,7,7882
zhao_relative_epsilon,7,7883
zhao_relative_epsilon,7,7910
zhao_relative_epsilon,7,7921
zhao_relative_epsilon,7,7936
zhao_relative_epsilon,7,7980
zhao_relative_epsilon,7,7982
zhao_relative_epsilon,7,8003
zhao_relative_epsilon,7,8008
zhao_relative_epsilon,7,8019
zhao_relative_epsilon,7,8025
zhao_relative_epsilon,7,8038
zhao_relative_epsilon,7,8042
zhao_relative_epsilon,7,8052
zhao_relative_epsilon,7,8059
zhao_relative_epsilon,7,8068
zhao_relative_epsilon,7,8070
zhao_relative_epsilon,7,8078
zhao_relative_epsilon,7,8120
zhao_relative_epsilon,7,8122
zhao_relative_epsilon,7,8128
zhao_relative_epsilon,7,8145
zhao_relative_epsilon,7,8161
zhao_relative_epsilon,7,8172
zhao_relative_epsilon,7,8179
zhao_relative_epsilon,7,8187
zhao_relative_epsilon,7,8193
zhao_relative_epsilon,7,8196
zhao_relative_epsilon,7,8202
zhao_relative_epsilon,7,8219
zhao_relative_epsilon,7,8233
zhao_relative_epsilon,7,8236
zhao_relative_epsilon,7,8242
zhao_relative_epsilon,7,8287
zhao_relative_epsilon,7,8289
zhao_relative_epsilon,7,8301
zhao_relative_epsilon,7,8315
zhao_relative_epsilon,7,8320
zhao_relative_epsilon,7,8334
zhao_relative_epsilon,7,8341
zhao_relative_epsilon,7,8352
zhao_relative_epsilon,7,8374
zhao_relative_epsilon,7,8375
zhao_relative_epsilon,7,8377
zhao_relative_epsilon,7,8384
zhao_relative_epsilon,7,8389
zhao_relative_epsilon,7,8410
zhao_relative_epsilon,7,8418
zhao_relative_epsilon,7,8431
zhao_relative_epsilon,7,8445
zhao_relative_epsilon,7,8496
zhao_relative_epsilon,7,8514
zhao_relative_epsilon,7,8520
zhao_relative_epsilon,7,8521
zhao_relative_epsilon,7,8531
zhao_relative_epsilon,7,8544
zhao_relative_epsilon,7,8560
zhao_relative_epsilon,7,8565
zhao_relative_epsilon,7,8571
zhao_relative_epsilon,7,8592
zhao_relative_epsilon,7,8621
zhao_relative_epsilon,7,8627
zhao_relative_epsilon,7,8630
zhao_relative_epsilon,7,8644
zhao_relative_epsilon,7,8680
zhao_relative_epsilon,7,8686
zhao_relative_epsilon,7,8703
zhao_relative_epsilon,7,8707
zhao_relative_epsilon,7,8716
zhao_relative_epsilon,7,8717
zhao_relative_epsilon,7,8739
zhao_relative_epsilon,7,8745
zhao_relative_epsilon,7,8751
zhao_relative_epsilon,7,8763
zhao_relative_epsilon,7,8768
zhao_relative_epsilon,7,8812
zhao_relative_epsilon,7,8813
zhao_relative_epsilon,7,8815
zhao_relative_epsilon,7,8836
zhao_relative_epsilon,7,8850
zhao_relative_epsilon,7,8876
zhao_relative_epsilon,7,8899
zhao_relative_epsilon,7,8904
zhao_relative_epsilon,7,8926
zhao_relative_epsilon,7,8929
zhao_relative_epsilon,7,8934
zhao_relative_epsilon,7,8951
zhao_relative_epsilon,7,9000
zhao_relative_epsilon,7,9006
zhao_relative_epsilon,7,9031
zhao_relative_epsilon,7,9040
zhao_relative_epsilon,7,9044
zhao_relative_epsilon,7,9046
zhao_relative_epsilon,7,9078
zhao_relative_epsilon,7,9098
zhao_relative_epsilon,7,9105
zhao_relative_epsilon,7,9114
zhao_relative_epsilon,7,9119
zhao_relative_epsilon,7,9128
zhao_relative_epsilon,7,9143
zhao_relative_epsilon,7,9147
zhao_relative_epsilon,7,9186
zhao_relative_epsilon,7,9207
zhao_relative_epsilon,7,9230
zhao_relative_epsilon,7,9235
zhao_relative_epsilon,7,9247
zhao_relative_epsilon,7,9255
zhao_relative_epsilon,7,9300
zhao_relative_epsilon,7,9305
zhao_relative_epsilon,7,9321
zhao_relative_epsilon,7,9353
zhao_relative_epsilon,7,9387
zhao_relative_epsilon,7,9406
zhao_relative_epsilon,7,9417
zhao_relative_epsilon,7,9428
zhao_relative_epsilon,7,9437
zhao_relative_epsilon,7,9445
zhao_relative_epsilon,7,9451
zhao_relative_epsilon,7,9452
zhao_relative_epsilon,7,9484
zhao_relative_epsilon,7,9495
zhao_relative_epsilon,7,9517
zhao_relative_epsilon,7,9564
zhao_relative_epsilon,7,9576
zhao_relative_epsilon,7,9584
zhao_relative_epsilon,7,9586
zhao_relative_epsilon,7,9593
zhao_relative_epsilon,7,9594
zhao_relative_epsilon,7,9622
zhao_relative_epsilon,7,9632
zhao_relative_epsilon,7,9639
zhao_relative_epsilon,7,9651
zhao_relative_epsilon,7,9657
zhao_relative_epsilon,7,9718
zhao_relative_epsilon,7,9734
zhao_relative_epsilon,7,9736
zhao_relative_epsilon,7,9751
zhao_relative_epsilon,7,9752
zhao_relative_epsilon,7,9759
zhao_relative_epsilon,7,9774
zhao_relative_epsilon,7,9789
zhao_relative_epsilon,7,9807
zhao_relative_epsilon,7,9808
zhao_relative_epsilon,7,9868
zhao_relative_epsilon,7,9876
zhao_relative_epsilon,7,9883
zhao_relative_epsilon,7,9886
zhao_relative_epsilon,7,9900
zhao_relative_epsilon,7,9934
zhao_relative_epsilon,7,9954
zhao_relative_epsilon,7,9957
zhao_relative_epsilon,7,9960
zhao_relative_epsilon,7,9972
zhao_relative_epsilon,7,9983
zhao_relative_epsilon,7,10002
zhao_relative_epsilon,7,10006
zhao_relative_epsilon,7,10008
zhao_relative_epsilon,7,10009
zhao_relative_epsilon,7,10011
zhao_relative_epsilon,7,10036
zhao_relative_epsilon,7,10037
zhao_relative_epsilon,7,10041
zhao_relative_epsilon,7,10046
zhao_relative_epsilon,7,10053
zhao_relative_epsilon,7,10068
zhao_relative_epsilon,7,10129
zhao_relative_epsilon,7,10135
zhao_relative_epsilon,7,10143
zhao_relative_epsilon,7,10201
zhao_relative_epsilon,7,10221
zhao_relative_epsilon,7,10283
zhao_relative_epsilon,7,10284
zhao_relative_epsilon,7,10294
zhao_relative_epsilon,7,10302
zhao_relative_epsilon,7,10308
zhao_relative_epsilon,7,10309
zhao_relative_epsilon,7,10325
zhao_relative_epsilon,7,10366
zhao_relative_epsilon,7,10368
zhao_relative_epsilon,7,10395
zhao_relative_epsilon,7,10404
zhao_relative_epsilon,7,10415
zhao_relative_epsilon,7,10431
zhao_relative_epsilon,7,10471
zhao_relative_epsilon,7,10506
zhao_relative_epsilon,7,10520
zhao_relative_epsilon,7,10542
zhao_relative_epsilon,7,10555
zhao_relative_epsilon,7,10556
zhao_relative_epsilon,7,10562
zhao_relative_epsilon,7,10581
zhao_relative_epsilon,7,10605
zhao_relative_epsilon,7,10606
zhao_relative_epsilon,7,10612
zhao_relative_epsilon,7,10615
zhao_relative_epsilon,7,10659
zhao_relative_epsilon,7,10664
zhao_relative_epsilon,7,10676
zhao_relative_epsilon,7,10683
zhao_relative_epsilon,7,10688
zhao_relative_epsilon,7,10704
zhao_relative_epsilon,7,10707
zhao_relative_epsilon,7,10734
zhao_relative_epsilon,7,10756
zhao_relative_epsilon,7,10762
zhao_relative_epsilon,7,10765
zhao_relative_epsilon,7,10767
zhao_relative_epsilon,7,10785
zhao_relative_epsilon,7,10801
zhao_relative_epsilon,7,10815
zhao_relative_epsilon,7,10824
zhao_relative_epsilon,7,10835
zhao_relative_epsilon,7,10843
zhao_relative_epsilon,7,10852
zhao_relative_epsilon,7,10855
zhao_relative_epsilon,7,10863
zhao_relative_epsilon,7,10891
zhao_relative_epsilon,7,10918
zhao_relative_epsilon,7,10920
zhao_relative_epsilon,7,10930
zhao_relative_epsilon,7,10948
zhao_relative_epsilon,7,10951
zhao_relative_epsilon,7,10953
zhao_relative_epsilon,7,10957
zhao_relative_epsilon,7,10987
zhao_relative_epsilon,7,10989
zhao_relative_epsilon,7,10997
zhao_relative_epsilon,7,11002
zhao_relative_epsilon,7,11006
zhao_relative_epsilon,7,11009
zhao_relative_epsilon,7,11024
zhao_relative_epsilon,7,11031
zhao_relative_epsilon,7,11049
zhao_relative_epsilon,7,11073
zhao_relative_epsilon,7,11079
zhao_relative_epsilon,7,11097
zhao_relative_epsilon,7,11104
zhao_relative_epsilon,7,11107
zhao_relative_epsilon,7,11114
zhao_relative_epsilon,7,11122
zhao_relative_epsilon,7,11128
zhao_relative_epsilon,7,11134
zhao_relative_epsilon,7,11143
zhao_relative_epsilon,7,11154
zhao_relative_epsilon,7,11162
zhao_relative_epsilon,7,11163
zhao_relative_epsilon,7,11195
zhao_relative_epsilon,7,11197
zhao_relative_epsilon,7,11201
zhao_relative_epsilon,7,11211
zhao_relative_epsilon,7,11216
zhao_relative_epsilon,7,11236
zhao_relative_epsilon,7,11247
zhao_relative_epsilon,7,11293
zhao_relative_epsilon,7,11298
zhao_relative_epsilon,7,11304
zhao_relative_epsilon,7,11315
zhao_relative_epsilon,7,11316
zhao_relative_epsilon,7,11329
zhao_relative_epsilon,7,11337
zhao_relative_epsilon,7,11340
zhao_relative_epsilon,7,11346
zhao_relative_epsilon,7,11357
zhao_relative_epsilon,7,11367
zhao_relative_epsilon,7,11374
zhao_relative_epsilon,7,11397
zhao_relative_epsilon,7,11412
zhao_relative_epsilon,7,11416
zhao_relative_epsilon,7,11441
zhao_relative_epsilon,7,11447
zhao_relative_epsilon,7,11454
zhao_relative_epsilon,7,11464
zhao_relative_epsilon,7,11469
zhao_relative_epsilon,7,11473
zhao_relative_epsilon,7,11481
zhao_relative_epsilon,7,11485
zhao_relative_epsilon,7,11492
zhao_relative_epsilon,7,11505
zhao_relative_epsilon,7,11507
zhao_relative_epsilon,7,11513
zhao_relative_epsilon,7,11517
zhao_relative_epsilon,7,11518
zhao_relative_epsilon,7,11520
zhao_relative_epsilon,7,11529
zhao_relative_epsilon,7,11557
zhao_relative_epsilon,7,11571
zhao_relative_epsilon,7,11587
zhao_relative_epsilon,7,11605
zhao_relative_epsilon,7,11609
zhao_relative_epsilon,7,11626
zhao_relative_epsilon,7,11637
zhao_relative_epsilon,7,11656
zhao_relative_epsilon,7,11660
zhao_relative_epsilon,7,11669
zhao_relative_epsilon,7,11672
zhao_relative_epsilon,7,11678
zhao_relative_epsilon,7,11700
zhao_relative_epsilon,7,11706
zhao_relative_epsilon,7,11736
zhao_relative_epsilon,7,11737
zhao_relative_epsilon,7,11742
zhao_relative_epsilon,7,11752
zhao_relative_epsilon,7,11757
zhao_relative_epsilon,7,11767
zhao_relative_epsilon,7,11775
zhao_relative_epsilon,7,11777
zhao_relative_epsilon,7,11781
zhao_relative_epsilon,7,11787
zhao_relative_epsilon,7,11793
zhao_relative_epsilon,7,11822
zhao_relative_epsilon,7,11831
zhao_relative_epsilon,7,11853
zhao_relative_epsilon,7,11873
zhao_relative_epsilon,7,11875
zhao_relative_epsilon,7,11897
zhao_relative_epsilon,7,11902
zhao_relative_epsilon,7,11917
zhao_relative_epsilon,7,11928
zhao_relative_epsilon,7,11949
zhao_relative_epsilon,7,11967
zhao_relative_epsilon,7,11968
zhao_relative_epsilon,7,11977
zhao_relative_epsilon,7,11986
zhao_relative_epsilon,7,11990
zhao_relative_epsilon,7,12022
zhao_relative_epsilon,7,12023
zhao_relative_epsilon,7,12025
zhao_relative_epsilon,7,12043
zhao_relative_epsilon,7,12052
zhao_relative_epsilon,7,12067
zhao_relative_epsilon,7,12068
zhao_relative_epsilon,7,12073
zhao_relative_epsilon,7,12075
zhao_relative_epsilon,7,12079
zhao_relative_epsilon,7,12110
zhao_relative_epsilon,7,12118
zhao_relative_epsilon,7,12123
zhao_relative_epsilon,7,12129
zhao_relative_epsilon,7,12146
zhao_relative_epsilon,7,12157
zhao_relative_epsilon,7,12169
zhao_relative_epsilon,7,12171
zhao_relative_epsilon,7,12178
zhao_relative_epsilon,7,12180
zhao_relative_epsilon,7,12183
zhao_relative_epsilon,7,12209
zhao_relative_epsilon,7,12213
zhao_relative_epsilon,7,12220
zhao_relative_epsilon,7,12229
zhao_relative_epsilon,7,12230
zhao_relative_epsilon,7,12233
zhao_relative_epsilon,7,12235
zhao_relative_epsilon,7,12238
zhao_relative_epsilon,7,12239
zhao_relative_epsilon,7,12247
zhao_relative_epsilon,7,12280
zhao_relative_epsilon,7,12281
zhao_relative_epsilon,7,12282
zhao_relative_epsilon,7,12295
zhao_relative_epsilon,7,12306
zhao_relative_epsilon,7,12322
zhao_relative_epsilon,7,12358
zhao_relative_epsilon,7,12393
zhao_relative_epsilon,7,12423
zhao_relative_epsilon,7,12426
zhao_relative_epsilon,7,12430
zhao_relative_epsilon,7,12448
zhao_relative_epsilon,7,12462
zhao_relative_epsilon,7,12464
zhao_relative_epsilon,7,12486
zhao_relative_epsilon,7,12488
zhao_relative_epsilon,7,12491
zhao_relative_epsilon,7,12497
zhao_relative_epsilon,7,12501
zhao_relative_epsilon,7,12514
zhao_relative_epsilon,7,12538
zhao_relative_epsilon,7,12540
zhao_relative_epsilon,7,12553
zhao_relative_epsilon,7,12566
zhao_relative_epsilon,7,12568
zhao_relative_epsilon,7,12578
zhao_relative_epsilon,7,12584
zhao_relative_epsilon,7,12612
zhao_relative_epsilon,7,12623
zhao_relative_epsilon,7,12644
zhao_relative_epsilon,7,12655
zhao_relative_epsilon,7,12659
zhao_relative_epsilon,7,12669
zhao_relative_epsilon,7,12677
zhao_relative_epsilon,7,12678
zhao_relative_epsilon,7,12683
zhao_relative_epsilon,7,12691
zhao_relative_epsilon,7,12695
zhao_relative_epsilon,7,12696
zhao_relative_epsilon,7,12717
zhao_relative_epsilon,7,12725
zhao_relative_epsilon,7,12741
zhao_relative_epsilon,7,12745
zhao_relative_epsilon,7,12759
zhao_relative_epsilon,7,12764
zhao_relative_epsilon,7,12770
zhao_relative_epsilon,7,12784
zhao_relative_epsilon,7,12796
zhao_relative_epsilon,7,12811
zhao_relative_epsilon,7,12820
zhao_relative_epsilon,7,12838
zhao_relative_epsilon,7,12840
zhao_relative_epsilon,7,12848
zhao_relative_epsilon,7,12849
zhao_relative_epsilon,7,12851
zhao_relative_epsilon,7,12856
zhao_relative_epsilon,7,12864
zhao_relative_epsilon,7,12867
zhao_relative_epsilon,7,12870
zhao_relative_epsilon,7,12875
zhao_relative_epsilon,7,12876
zhao_relative_epsilon,7,12913
zhao_relative_epsilon,7,12932
zhao_relative_epsilon,7,12935
zhao_relative_epsilon,7,12939
zhao_relative_epsilon,7,12942
zhao_relative_epsilon,7,12978
zhao_relative_epsilon,7,12983
zhao_relative_epsilon,7,12992
zhao_relative_epsilon,7,12995
zhao_relative_epsilon,7,13009
zhao_relative_epsilon,7,13018
zhao_relative_epsilon,7,13058
zhao_relative_epsilon,7,13067
zhao_relative_epsilon,7,13075
zhao_relative_epsilon,7,13092
zhao_relative_epsilon,7,13106
zhao_relative_epsilon,7,13111
zhao_relative_epsilon,7,13112
zhao_relative_epsilon,7,13116
zhao_relative_epsilon,7,13165
zhao_relative_epsilon,7,13184
zhao_relative_epsilon,7,13219
zhao_relative_epsilon,7,13229
zhao_relative_epsilon,7,13233
zhao_relative_epsilon,7,13234
zhao_relative_epsilon,7,13271
zhao_relative_epsilon,7,13282
zhao_relative_epsilon,7,13293
zhao_relative_epsilon,7,13295
zhao_relative_epsilon,7,13297
zhao_relative_epsilon,7,13302
zhao_relative_epsilon,7,13311
zhao_relative_epsilon,7,13324
zhao_relative_epsilon,7,13325
zhao_relative_epsilon,7,13327
zhao_relative_epsilon,7,13348
zhao_relative_epsilon,7,13409
zhao_relative_epsilon,7,13415
zhao_relative_epsilon,7,13455
zhao_relative_epsilon,7,13457
zhao_relative_epsilon,7,13458
zhao_relative_epsilon,7,13486
zhao_relative_epsilon,7,13489
zhao_relative_epsilon,7,13497
zhao_relative_epsilon,7,13502
zhao_relative_epsilon,7,13528
zhao_relative_epsilon,7,13538
zhao_relative_epsilon,7,13540
zhao_relative_epsilon,7,13547
zhao_relative_epsilon,7,13564
zhao_relative_epsilon,7,13574
zhao_relative_epsilon,7,13642
zhao_relative_epsilon,7,13645
zhao_relative_epsilon,7,13665
zhao_relative_epsilon,7,13678
zhao_relative_epsilon,7,13681
zhao_relative_epsilon,7,13698
zhao_relative_epsilon,7,13708
zhao_relative_epsilon,7,13715
zhao_relative_epsilon,7,13730
zhao_relative_epsilon,7,13749
zhao_relative_epsilon,7,13756
zhao_relative_epsilon,7,13794
zhao_relative_epsilon,7,13835
zhao_relative_epsilon,7,13841
zhao_relative_epsilon,7,13845
zhao_relative_epsilon,7,13849
zhao_relative_epsilon,7,13853
zhao_relative_epsilon,7,13855
zhao_relative_epsilon,7,13857
zhao_relative_epsilon,7,13882
zhao_relative_epsilon,7,13894
zhao_relative_epsilon,7,13897
zhao_relative_epsilon,7,13907
zhao_relative_epsilon,7,13915
zhao_relative_epsilon,7,13916
zhao_relative_epsilon,7,13926
zhao_relative_epsilon,7,13933
zhao_relative_epsilon,7,13943
zhao_relative_epsilon,7,13949
zhao_relative_epsilon,7,13953
zhao_relative_epsilon,7,13960
zhao_relative_epsilon,7,13961
zhao_relative_epsilon,7,13978
zhao_relative_epsilon,7,13985
zhao_relative_epsilon,7,13999
zhao_relative_epsilon,7,14001
zhao_relative_epsilon,7,14018
zhao_relative_epsilon,7,14021
zhao_relative_epsilon,7,14028
zhao_relative_epsilon,7,14044
zhao_relative_epsilon,7,14049
zhao_relative_epsilon,7,14058
zhao_relative_epsilon,7,14070
zhao_relative_epsilon,7,14071
zhao_relative_epsilon,7,14074
zhao_relative_epsilon,7,14077
zhao_relative_epsilon,7,14093
zhao_relative_epsilon,7,14095
zhao_relative_epsilon,7,14106
zhao_relative_epsilon,7,14121
zhao_relative_epsilon,7,14139
zhao_relative_epsilon,7,14145
zhao_relative_epsilon,7,14146
zhao_relative_epsilon,7,14176
zhao_relative_epsilon,7,14179
zhao_relative_epsilon,7,14181
zhao_relative_epsilon,7,14185
zhao_relative_epsilon,7,14198
zhao_relative_epsilon,7,14206
zhao_relative_epsilon,7,14208
zhao_relative_epsilon,7,14238
zhao_relative_epsilon,7,14241
zhao_relative_epsilon,7,14252
zhao_relative_epsilon,7,14261
zhao_relative_epsilon,7,14264
zhao_relative_epsilon,7,14268
zhao_relative_epsilon,7,14272
zhao_relative_epsilon,7,14289
zhao_relative_epsilon,7,14297
zhao_relative_epsilon,7,14307
zhao_relative_epsilon,7,14316
zhao_relative_epsilon,7,14318
zhao_relative_epsilon,7,14325
zhao_relative_epsilon,7,14329
zhao_relative_epsilon,7,14333
zhao_relative_epsilon,7,14334
zhao_relative_epsilon,8,3
zhao_relative_epsilon,8,23
zhao_relative_epsilon,8,45
zhao_relative_epsilon,8,64
zhao_relative_epsilon,8,78
zhao_relative_epsilon,8,108
zhao_relative_epsilon,8,116
zhao_relative_epsilon,8,133
zhao_relative_epsilon,8,163
zhao_relative_epsilon,8,187
zhao_relative_epsilon,8,192
zhao_relative_epsilon,8,248
zhao_relative_epsilon,8,286
zhao_relative_epsilon,8,295
zhao_relative_epsilon,8,319
zhao_relative_epsilon,8,349
zhao_relative_epsilon,8,352
zhao_relative_epsilon,8,364
zhao_relative_epsilon,8,382
zhao_relative_epsilon,8,383
zhao_relative_epsilon,8,389
zhao_relative_epsilon,8,390
zhao_relative_epsilon,8,405
zhao_relative_epsilon,8,413
zhao_relative_epsilon,8,414
zhao_relative_epsilon,8,418
zhao_relative_epsilon,8,423
zhao_relative_epsilon,8,464
zhao_relative_epsilon,8,478
zhao_relative_epsilon,8,506
zhao_relative_epsilon,8,565
zhao_relative_epsilon,8,590
zhao_relative_epsilon,8,674
zhao_relative_epsilon,8,699
zhao_relative_epsilon,8,746
zhao_relative_epsilon,8,802
zhao_relative_epsilon,8,819
zhao_relative_epsilon,8,831
zhao_relative_epsilon,8,836
zhao_relative_epsilon,8,852
zhao_relative_epsilon,8,894
zhao_relative_epsilon,8,897
zhao_relative_epsilon,8,941
zhao_relative_epsilon,8,978
zhao_relative_epsilon,8,993
zhao_relative_epsilon,8,1004
zhao_relative_epsilon,8,1048
zhao_relative_epsilon,8,1051
zhao_relative_epsilon,8,1055
zhao_relative_epsilon,8,1131
zhao_relative_epsilon,8,1156
zhao_relative_epsilon,8,1157
zhao_relative_epsilon,8,1166
zhao_relative_epsilon,8,1184
zhao_relative_epsilon,8,1186
zhao_relative_epsilon,8,1227
zhao_relative_epsilon,8,1235
zhao_relative_epsilon,8,1268
zhao_relative_epsilon,8,1273
zhao_relative_epsilon,8,1336
zhao_relative_epsilon,8,1350
zhao_relative_epsilon,8,1377
zhao_relative_epsilon,8,1378
zhao_relative_epsilon,8,1390
zhao_relative_epsilon,8,1399
zhao_relative_epsilon,8,1401
zhao_relative_epsilon,8,1402
zhao_relative_epsilon,8,1406
zhao_relative_epsilon,8,1422
zhao_relative_epsilon,8,1425
zhao_relative_epsilon,8,1430
zhao_relative_epsilon,8,1443
zhao_relative_epsilon,8,1544
zhao_relative_epsilon,8,1549
zhao_relative_epsilon,8,1629
zhao_relative_epsilon,8,1691
zhao_relative_epsilon,8,1706
zhao_relative_epsilon,8,1711
zhao_relative_epsilon,8,1719
zhao_relative_epsilon,8,1728
zhao_relative_epsilon,8,1736
zhao_relative_epsilon,8,1741
zhao_relative_epsilon,8,1774
zhao_relative_epsilon,8,1789
zhao_relative_epsilon,8,1824
zhao_relative_epsilon,8,1846
zhao_relative_epsilon,8,1854
zhao_relative_epsilon,8,1869
zhao_relative_epsilon,8,1880
zhao_relative_epsilon,8,2006
zhao_relative_epsilon,8,2030
zhao_relative_epsilon,8,2045
zhao_relative_epsilon,8,2056
zhao_relative_epsilon,8,2123
zhao_relative_epsilon,8,2182
zhao_relative_epsilon,8,2212
zhao_relative_epsilon,8,2218
zhao_relative_epsilon,8,2253
zhao_relative_epsilon,8,2262
zhao_relative_epsilon,8,2322
zhao_relative_epsilon,8,2334
zhao_relative_epsilon,8,2346
zhao_relative_epsilon,8,2360
zhao_relative_epsilon,8,2367
zhao_relative_epsilon,8,2406
zhao_relative_epsilon,8,2415
zhao_relative_epsilon,8,2421
zhao_relative_epsilon,8,2455
zhao_relative_epsilon,8,2483
zhao_relative_epsilon,8,2523
zhao_relative_epsilon,8,2537
zhao_relative_epsilon,8,2547
zhao_relative_epsilon,8,2552
zhao_relative_epsilon,8,2639
zhao_relative_epsilon,8,2650
zhao_relative_epsilon,8,2675
zhao_relative_epsilon,8,2706
zhao_relative_epsilon,8,2712
zhao_relative_epsilon,8,2756
zhao_relative_epsilon,8,2819
zhao_relative_epsilon,8,2840
zhao_relative_epsilon,8,2885
zhao_relative_epsilon,8,2900
zhao_relative_epsilon,8,2968
zhao_relative_epsilon,8,2974
zhao_relative_epsilon,8,2986
zhao_relative_epsilon,8,3075
zhao_relative_epsilon,8,3128
zhao_relative_epsilon,8,3132
zhao_relative_epsilon,8,3133
zhao_relative_epsilon,8,3154
zhao_relative_epsilon,8,3167
zhao_relative_epsilon,8,3170
zhao_relative_epsilon,8,3229
zhao_relative_epsilon,8,3265
zhao_relative_epsilon,8,3284
zhao_relative_epsilon,8,3317
zhao_relative_epsilon,8,3351
zhao_relative_epsilon,8,3354
zhao_relative_epsilon,8,3356
zhao_relative_epsilon,8,3359
zhao_relative_epsilon,8,3366
zhao_relative_epsilon,8,3440
zhao_relative_epsilon,8,3470
zhao_relative_epsilon,8,3482
zhao_relative_epsilon,8,3513
zhao_relative_epsilon,8,3523
zhao_relative_epsilon,8,3528
zhao_relative_epsilon,8,3531
zhao_relative_epsilon,8,3583
zhao_relative_epsilon,8,3604
zhao_relative_epsilon,8,3609
zhao_relative_epsilon,8,3634
zhao_relative_epsilon,8,3707
zhao_relative_epsilon,8,3738
zhao_relative_epsilon,8,3757
zhao_relative_epsilon,8,3797
zhao_relative_epsilon,8,3839
zhao_relative_epsilon,8,3847
zhao_relative_epsilon,8,3880
zhao_relative_epsilon,8,3920
zhao_relative_epsilon,8,3928
zhao_relative_epsilon,8,3933
zhao_relative_epsilon,8,3948
zhao_relative_epsilon,8,3953
zhao_relative_epsilon,8,3954
zhao_relative_epsilon,8,4060
zhao_relative_epsilon,8,4061
zhao_relative_epsilon,8,4076
zhao_relative_epsilon,8,4102
zhao_relative_epsilon,8,4109
zhao_relative_epsilon,8,4114
zhao_relative_epsilon,8,4119
zhao_relative_epsilon,8,4121
zhao_relative_epsilon,8,4143
zhao_relative_epsilon,8,4154
zhao_relative_epsilon,8,4180
zhao_relative_epsilon,8,4264
zhao_relative_epsilon,8,4267
zhao_relative_epsilon,8,4271
zhao_relative_epsilon,8,4272
zhao_relative_epsilon,8,4334
zhao_relative_epsilon,8,4347
zhao_relative_epsilon,8,4353
zhao_relative_epsilon,8,4369
zhao_relative_epsilon,8,4389
zhao_relative_epsilon,8,4399
zhao_relative_epsilon,8,4463
zhao_relative_epsilon,8,4470
zhao_relative_epsilon,8,4568
zhao_relative_epsilon,8,4589
zhao_relative_epsilon,8,4602
zhao_relative_epsilon,8,4610
zhao_relative_epsilon,8,4611
zhao_relative_epsilon,8,4642
zhao_relative_epsilon,8,4664
zhao_relative_epsilon,8,4693
zhao_relative_epsilon,8,4706
zhao_relative_epsilon,8,4744
zhao_relative_epsilon,8,4785
zhao_relative_epsilon,8,4788
zhao_relative_epsilon,8,4799
zhao_relative_epsilon,8,4803
zhao_relative_epsilon,8,4822
zhao_relative_epsilon,8,4882
zhao_relative_epsilon,8,4893
zhao_relative_epsilon,8,4932
zhao_relative_epsilon,8,4933
zhao_relative_epsilon,8,4946
zhao_relative_epsilon,8,4954
zhao_relative_epsilon,8,5001
zhao_relative_epsilon,8,5002
zhao_relative_epsilon,8,5008
zhao_relative_epsilon,8,5015
zhao_relative_epsilon,8,5042
zhao_relative_epsilon,8,5046
zhao_relative_epsilon,8,5109
zhao_relative_epsilon,8,5115
zhao_relative_epsilon,8,5119
zhao_relative_epsilon,8,5182
zhao_relative_epsilon,8,5245
zhao_relative_epsilon,8,5258
zhao_relative_epsilon,8,5296
zhao_relative_epsilon,8,5309
zhao_relative_epsilon,8,5355
zhao_relative_epsilon,8,5360
zhao_relative_epsilon,8,5373
zhao_relative_epsilon,8,5378
zhao_relative_epsilon,8,5381
zhao_relative_epsilon,8,5479
zhao_relative_epsilon,8,5490
zhao_relative_epsilon,8,5516
zhao_relative_epsilon,8,5532
zhao_relative_epsilon,8,5544
zhao_relative_epsilon,8,5563
zhao_relative_epsilon,8,5598
zhao_relative_epsilon,8,5600
zhao_relative_epsilon,8,5635
zhao_relative_epsilon,8,5638
zhao_relative_epsilon,8,5640
zhao_relative_epsilon,8,5652
zhao_relative_epsilon,8,5660
zhao_relative_epsilon,8,5710
zhao_relative_epsilon,8,5738
zhao_relative_epsilon,8,5762
zhao_relative_epsilon,8,5776
zhao_relative_epsilon,8,5785
zhao_relative_epsilon,8,5792
zhao_relative_epsilon,8,5793
zhao_relative_epsilon,8,5806
zhao_relative_epsilon,8,5842
zhao_relative_epsilon,8,5845
zhao_relative_epsilon,8,5849
zhao_relative_epsilon,8,5875
zhao_relative_epsilon,8,5888
zhao_relative_epsilon,8,5947
zhao_relative_epsilon,8,5948
zhao_relative_epsilon,8,5969
zhao_relative_epsilon,8,5999
zhao_relative_epsilon,8,6015
zhao_relative_epsilon,8,6016
zhao_relative_epsilon,8,6032
zhao_relative_epsilon,8,6060
zhao_relative_epsilon,8,6062
zhao_relative_epsilon,8,6069
zhao_relative_epsilon,8,6077
zhao_relative_epsilon,8,6101
zhao_relative_epsilon,8,6111
zhao_relative_epsilon,8,6115
zhao_relative_epsilon,8,6182
zhao_relative_epsilon,8,6207
zhao_relative_epsilon,8,6218
zhao_relative_epsilon,8,6232
zhao_relative_epsilon,8,6251
zhao_relative_epsilon,8,6283
zhao_relative_epsilon,8,6289
zhao_relative_epsilon,8,6313
zhao_relative_epsilon,8,6413
zhao_relative_epsilon,8,6432
zhao_relative_epsilon,8,6444
zhao_relative_epsilon,8,6453
zhao_relative_epsilon,8,6454
zhao_relative_epsilon,8,6462
zhao_relative_epsilon,8,6470
zhao_relative_epsilon,8,6476
zhao_relative_epsilon,8,6480
zhao_relative_epsilon,8,6501
zhao_relative_epsilon,8,6513
zhao_relative_epsilon,8,6534
zhao_relative_epsilon,8,6540
zhao_relative_epsilon,8,6551
zhao_relative_epsilon,8,6561
zhao_relative_epsilon,8,6571
zhao_relative_epsilon,8,6583
zhao_relative_epsilon,8,6601
zhao_relative_epsilon,8,6635
zhao_relative_epsilon,8,6707
zhao_relative_epsilon,8,6731
zhao_relative_epsilon,8,6733
zhao_relative_epsilon,8,6738
zhao_relative_epsilon,8,6759
zhao_relative_epsilon,8,6762
zhao_relative_epsilon,8,6800
zhao_relative_epsilon,8,6823
zhao_relative_epsilon,8,6838
zhao_relative_epsilon,8,6911
zhao_relative_epsilon,8,6919
zhao_relative_epsilon,8,6935
zhao_relative_epsilon,8,6949
zhao_relative_epsilon,8,6966
zhao_relative_epsilon,8,7011
zhao_relative_epsilon,8,7026
zhao_relative_epsilon,8,7039
zhao_relative_epsilon,8,7042
zhao_relative_epsilon,8,7081
zhao_relative_epsilon,8,7082
zhao_relative_epsilon,8,7209
zhao_relative_epsilon,8,7224
zhao_relative_epsilon,8,7225
zhao_relative_epsilon,8,7231
zhao_relative_epsilon,8,7234
zhao_relative_epsilon,8,7236
zhao_relative_epsilon,8,7245
zhao_relative_epsilon,8,7265
zhao_relative_epsilon,8,7281
zhao_relative_epsilon,8,7302
zhao_relative_epsilon,8,7311
zhao_relative_epsilon,8,7331
zhao_relative_epsilon,8,7332
zhao_relative_epsilon,8,7333
zhao_relative_epsilon,8,7437
zhao_relative_epsilon,8,7462
zhao_relative_epsilon,8,7468
zhao_relative_epsilon,8,7493
zhao_relative_epsilon,8,7494
zhao_relative_epsilon,8,7503
zhao_relative_epsilon,8,7510
zhao_relative_epsilon,8,7521
zhao_relative_epsilon,8,7535
zhao_relative_epsilon,8,7539
zhao_relative_epsilon,8,7545
zhao_relative_epsilon,8,7571
zhao_relative_epsilon,8,7585
zhao_relative_epsilon,8,7591
zhao_relative_epsilon,8,7621
zhao_relative_epsilon,8,7630
zhao_relative_epsilon,8,7670
zhao_relative_epsilon,8,7747
zhao_relative_epsilon,8,7752
zhao_relative_epsilon,8,7764
zhao_relative_epsilon,8,7776
zhao_relative_epsilon,8,7800
zhao_relative_epsilon,8,7825
zhao_relative_epsilon,8,7843
zhao_relative_epsilon,8,7861
zhao_relative_epsilon,8,7899
zhao_relative_epsilon,8,7914
zhao_relative_epsilon,8,7929
zhao_relative_epsilon,8,7970
zhao_relative_epsilon,8,7977
zhao_relative_epsilon,8,8010
zhao_relative_epsilon,8,8014
zhao_relative_epsilon,8,8018
zhao_relative_epsilon,8,8050
zhao_relative_epsilon,8,8064
zhao_relative_epsilon,8,8070
zhao_relative_epsilon,8,8075
zhao_relative_epsilon,8,8079
zhao_relative_epsilon,8,8085
zhao_relative_epsilon,8,8138
zhao_relative_epsilon,8,8169
zhao_relative_epsilon,8,8176
zhao_relative_epsilon,8,8203
zhao_relative_epsilon,8,8214
zhao_relative_epsilon,8,8224
zhao_relative_epsilon,8,8228
zhao_relative_epsilon,8,8240
zhao_relative_epsilon,8,8249
zhao_relative_epsilon,8,8293
zhao_relative_epsilon,8,8304
zhao_relative_epsilon,8,8305
zhao_relative_epsilon,8,8317
zhao_relative_epsilon,8,8385
zhao_relative_epsilon,8,8424
zhao_relative_epsilon,8,8445
zhao_relative_epsilon,8,8464
zhao_relative_epsilon,8,8468
zhao_relative_epsilon,8,8474
zhao_relative_epsilon,8,8486
zhao_relative_epsilon,8,8509
zhao_relative_epsilon,8,8566
zhao_relative_epsilon,8,8568
zhao_relative_epsilon,8,8580
zhao_relative_epsilon,8,8585
zhao_relative_epsilon,8,8589
zhao_relative_epsilon,8,8590
zhao_relative_epsilon,8,8599
zhao_relative_epsilon,8,8621
zhao_relative_epsilon,8,8625
zhao_relative_epsilon,8,8642
zhao_relative_epsilon,8,8656
zhao_relative_epsilon,8,8670
zhao_relative_epsilon,8,8686
zhao_relative_epsilon,8,8702
zhao_relative_epsilon,8,8723
zhao_relative_epsilon,8,8797
zhao_relative_epsilon,8,8831
zhao_relative_epsilon,8,8835
zhao_relative_epsilon,8,8846
zhao_relative_epsilon,8,8878
zhao_relative_epsilon,8,8888
zhao_relative_epsilon,8,8902
zhao_relative_epsilon,8,8912
zhao_relative_epsilon,8,8917
zhao_relative_epsilon,8,8924
zhao_relative_epsilon,8,8928
zhao_relative_epsilon,8,8961
zhao_relative_epsilon,8,9018
zhao_relative_epsilon,8,9019
zhao_relative_epsilon,8,9033
zhao_relative_epsilon,8,9034
zhao_relative_epsilon,8,9046
zhao_relative_epsilon,8,9062
zhao_relative_epsilon,8,9179
zhao_relative_epsilon,8,9192
zhao_relative_epsilon,8,9276
zhao_relative_epsilon,8,9293
zhao_relative_epsilon,8,9302
zhao_relative_epsilon,8,9354
zhao_relative_epsilon,8,9362
zhao_relative_epsilon,8,9373
zhao_relative_epsilon,8,9383
zhao_relative_epsilon,8,9394
zhao_relative_epsilon,8,9449
zhao_relative_epsilon,8,9450
zhao_relative_epsilon,8,9471
zhao_relative_epsilon,8,9480
zhao_relative_epsilon,8,9527
zhao_relative_epsilon,8,9536
zhao_relative_epsilon,8,9542
zhao_relative_epsilon,8,9578
zhao_relative_epsilon,8,9583
zhao_relative_epsilon,8,9600
zhao_relative_epsilon,8,9620
zhao_relative_epsilon,8,9622
zhao_relative_epsilon,8,9662
zhao_relative_epsilon,8,9664
zhao_relative_epsilon,8,9679
zhao_relative_epsilon,8,9683
zhao_relative_epsilon,8,9702
zhao_relative_epsilon,8,9791
zhao_relative_epsilon,8,9823
zhao_relative_epsilon,8,9837
zhao_relative_epsilon,8,9838
zhao_relative_epsilon,8,9847
zhao_relative_epsilon,8,9872
zhao_relative_epsilon,8,9901
zhao_relative_epsilon,8,9903
zhao_relative_epsilon,8,9923
zhao_relative_epsilon,8,9937
zhao_relative_epsilon,8,9988
zhao_relative_epsilon,8,9999
zhao_relative_epsilon,8,10004
zhao_relative_epsilon,8,10054
zhao_relative_epsilon,8,10074
zhao_relative_epsilon,8,10075
zhao_relative_epsilon,8,10077
zhao_relative_epsilon,8,10081
zhao_relative_epsilon,8,10109
zhao_relative_epsilon,8,10117
zhao_relative_epsilon,8,10130
zhao_relative_epsilon,8,10139
zhao_relative_epsilon,8,10153
zhao_relative_epsilon,8,10195
zhao_relative_epsilon,8,10197
zhao_relative_epsilon,8,10198
zhao_relative_epsilon,8,10216
zhao_relative_epsilon,8,10274
zhao_relative_epsilon,8,10299
zhao_relative_epsilon,8,10337
zhao_relative_epsilon,8,10376
zhao_relative_epsilon,8,10386
zhao_relative_epsilon,8,10388
zhao_relative_epsilon,8,10410
zhao_relative_epsilon,8,10415
zhao_relative_epsilon,8,10475
zhao_relative_epsilon,8,10492
zhao_relative_epsilon,8,10512
zhao_relative_epsilon,8,10514
zhao_relative_epsilon,8,10560
zhao_relative_epsilon,8,10578
zhao_relative_epsilon,8,10595
zhao_relative_epsilon,8,10597
zhao_relative_epsilon,8,10599
zhao_relative_epsilon,8,10611
zhao_relative_epsilon,8,10630
zhao_relative_epsilon,8,10651
zhao_relative_epsilon,8,10657
zhao_relative_epsilon,8,10694
zhao_relative_epsilon,8,10704
zhao_relative_epsilon,8,10712
zhao_relative_epsilon,8,10724
zhao_relative_epsilon,8,10732
zhao_relative_epsilon,8,10761
zhao_relative_epsilon,8,10780
zhao_relative_epsilon,8,10830
zhao_relative_epsilon,8,10865
zhao_relative_epsilon,8,10963
zhao_relative_epsilon,8,11022
zhao_relative_epsilon,8,11039
zhao_relative_epsilon,8,11047
zhao_relative_epsilon,8,11049
zhao_relative_epsilon,8,11084
zhao_relative_epsilon,8,11095
zhao_relative_epsilon,8,11113
zhao_relative_epsilon,8,11119
zhao_relative_epsilon,8,11127
zhao_relative_epsilon,8,11129
zhao_relative_epsilon,8,11165
zhao_relative_epsilon,8,11187
zhao_relative_epsilon,8,11214
zhao_relative_epsilon,8,11217
zhao_relative_epsilon,8,11227
zhao_relative_epsilon,8,11244
zhao_relative_epsilon,8,11246
zhao_relative_epsilon,8,11262
zhao_relative_epsilon,8,11281
zhao_relative_epsilon,8,11282
zhao_relative_epsilon,8,11296
zhao_relative_epsilon,8,11304
zhao_relative_epsilon,8,11312
zhao_relative_epsilon,8,11314
zhao_relative_epsilon,8,11351
zhao_relative_epsilon,8,11354
zhao_relative_epsilon,8,11355
zhao_relative_epsilon,8,11378
zhao_relative_epsilon,8,11397
zhao_relative_epsilon,8,11410
zhao_relative_epsilon,8,11413
zhao_relative_epsilon,8,11419
zhao_relative_epsilon,8,11420
zhao_relative_epsilon,8,11436
zhao_relative_epsilon,8,11467
zhao_relative_epsilon,8,11482
zhao_relative_epsilon,8,11495
zhao_relative_epsilon,8,11532
zhao_relative_epsilon,8,11595
zhao_relative_epsilon,8,11596
zhao_relative_epsilon,8,11645
zhao_relative_epsilon,8,11664
zhao_relative_epsilon,8,11699
zhao_relative_epsilon,8,11705
zhao_relative_epsilon,8,11724
zhao_relative_epsilon,8,11749
zhao_relative_epsilon,8,11758
zhao_relative_epsilon,8,11759
zhao_relative_epsilon,8,11802
zhao_relative_epsilon,8,11838
zhao_relative_epsilon,8,11845
zhao_relative_epsilon,8,11861
zhao_relative_epsilon,8,11910
zhao_relative_epsilon,8,11916
zhao_relative_epsilon,8,11939
zhao_relative_epsilon,8,11999
zhao_relative_epsilon,8,12003
zhao_relative_epsilon,8,12007
zhao_relative_epsilon,8,12042
zhao_relative_epsilon,8,12050
zhao_relative_epsilon,8,12068
zhao_relative_epsilon,8,12079
zhao_relative_epsilon,8,12161
zhao_relative_epsilon,8,12164
zhao_relative_epsilon,8,12170
zhao_relative_epsilon,8,12172
zhao_relative_epsilon,8,12185
zhao_relative_epsilon,8,12190
zhao_relative_epsilon,8,12196
zhao_relative_epsilon,8,12215
zhao_relative_epsilon,8,12234
zhao_relative_epsilon,8,12256
zhao_relative_epsilon,8,12261
zhao_relative_epsilon,8,12298
zhao_relative_epsilon,8,12312
zhao_relative_epsilon,8,12324
zhao_relative_epsilon,8,12329
zhao_relative_epsilon,8,12332
zhao_relative_epsilon,8,12333
zhao_relative_epsilon,8,12338
zhao_relative_epsilon,8,12371
zhao_relative_epsilon,8,12413
zhao_relative_epsilon,8,12485
zhao_relative_epsilon,8,12504
zhao_relative_epsilon,8,12525
zhao_relative_epsilon,8,12535
zhao_relative_epsilon,8,12565
zhao_relative_epsilon,8,12587
zhao_relative_epsilon,8,12670
zhao_relative_epsilon,8,12675
zhao_relative_epsilon,8,12728
zhao_relative_epsilon,8,12751
zhao_relative_epsilon,8,12767
zhao_relative_epsilon,8,12774
zhao_relative_epsilon,8,12775
zhao_relative_epsilon,8,12798
zhao_relative_epsilon,8,12816
zhao_relative_epsilon,8,12828
zhao_relative_epsilon,8,12837
zhao_relative_epsilon,8,12842
zhao_relative_epsilon,8,12876
zhao_relative_epsilon,8,12897
zhao_relative_epsilon,8,12911
zhao_relative_epsilon,8,12951
zhao_relative_epsilon,8,12957
zhao_relative_epsilon,8,12982
zhao_relative_epsilon,8,12985
zhao_relative_epsilon,8,13022
zhao_relative_epsilon,8,13036
zhao_relative_epsilon,8,13038
zhao_relative_epsilon,8,13044
zhao_relative_epsilon,8,13063
zhao_relative_epsilon,8,13105
zhao_relative_epsilon,8,13110
zhao_relative_epsilon,8,13112
zhao_relative_epsilon,8,13184
zhao_relative_epsilon,8,13200
zhao_relative_epsilon,8,13211
zhao_relative_epsilon,8,13219
zhao_relative_epsilon,8,13243
zhao_relative_epsilon,8,13251
zhao_relative_epsilon,8,13256
zhao_relative_epsilon,8,13323
zhao_relative_epsilon,8,13337
zhao_relative_epsilon,8,13362
zhao_relative_epsilon,8,13378
zhao_relative_epsilon,8,13419
zhao_relative_epsilon,8,13468
zhao_relative_epsilon,8,13494
zhao_relative_epsilon,8,13500
zhao_relative_epsilon,8,13545
zhao_relative_epsilon,8,13566
zhao_relative_epsilon,8,13585
zhao_relative_epsilon,8,13589
zhao_relative_epsilon,8,13613
zhao_relative_epsilon,8,13616
zhao_relative_epsilon,8,13618
zhao_relative_epsilon,8,13634
zhao_relative_epsilon,8,13645
zhao_relative_epsilon,8,13650
zhao_relative_epsilon,8,13677
zhao_relative_epsilon,8,13698
zhao_relative_epsilon,8,13700
zhao_relative_epsilon,8,13766
zhao_relative_epsilon,8,13770
zhao_relative_epsilon,8,13808
zhao_relative_epsilon,8,13854
zhao_relative_epsilon,8,13878
zhao_relative_epsilon,8,13902
zhao_relative_epsilon,8,13914
zhao_relative_epsilon,8,13920
zhao_relative_epsilon,8,13938
zhao_relative_epsilon,8,14004
zhao_relative_epsilon,8,14015
zhao_relative_epsilon,8,14045
zhao_relative_epsilon,8,14084
zhao_relative_epsilon,8,14124
zhao_relative_epsilon,8,14181
zhao_relative_epsilon,8,14191
zhao_relative_epsilon,8,14217
zhao_relative_epsilon,8,14260
zhao_relative_epsilon,8,14272
zhao_relative_epsilon,8,14280
zhao_relative_epsilon,8,14282
zhao_relative_epsilon,9,5
zhao_relative_epsilon,9,25
zhao_relative_epsilon,9,46
zhao_relative_epsilon,9,102
zhao_relative_epsilon,9,130
zhao_relative_epsilon,9,136
zhao_relative_epsilon,9,141
zhao_relative_epsilon,9,144
zhao_relative_epsilon,9,147
zhao_relative_epsilon,9,153
zhao_relative_epsilon,9,155
zhao_relative_epsilon,9,171
zhao_relative_epsilon,9,180
zhao_relative_epsilon,9,193
zhao_relative_epsilon,9,203
zhao_relative_epsilon,9,217
zhao_relative_epsilon,9,224
zhao_relative_epsilon,9,254
zhao_relative_epsilon,9,312
zhao_relative_epsilon,9,334
zhao_relative_epsilon,9,350
zhao_relative_epsilon,9,385
zhao_relative_epsilon,9,392
zhao_relative_epsilon,9,397
zhao_relative_epsilon,9,402
zhao_relative_epsilon,9,418
zhao_relative_epsilon,9,422
zhao_relative_epsilon,9,448
zhao_relative_epsilon,9,449
zhao_relative_epsilon,9,505
zhao_relative_epsilon,9,513
zhao_relative_epsilon,9,529
zhao_relative_epsilon,9,566
zhao_relative_epsilon,9,569
zhao_relative_epsilon,9,633
zhao_relative_epsilon,9,646
zhao_relative_epsilon,9,648
zhao_relative_epsilon,9,676
zhao_relative_epsilon,9,698
zhao_relative_epsilon,9,713
zhao_relative_epsilon,9,736
zhao_relative_epsilon,9,743
zhao_relative_epsilon,9,747
zhao_relative_epsilon,9,748
zhao_relative_epsilon,9,749
zhao_relative_epsilon,9,779
zhao_relative_epsilon,9,827
zhao_relative_epsilon,9,859
zhao_relative_epsilon,9,884
zhao_relative_epsilon,9,910
zhao_relative_epsilon,9,963
zhao_relative_epsilon,9,965
zhao_relative_epsilon,9,994
zhao_relative_epsilon,9,1065
zhao_relative_epsilon,9,1081
zhao_relative_epsilon,9,1090
zhao_relative_epsilon,9,1141
zhao_relative_epsilon,9,1151
zhao_relative_epsilon,9,1153
zhao_relative_epsilon,9,1208
zhao_relative_epsilon,9,1214
zhao_relative_epsilon,9,1229
zhao_relative_epsilon,9,1231
zhao_relative_epsilon,9,1258
zhao_relative_epsilon,9,1290
zhao_relative_epsilon,9,1293
zhao_relative_epsilon,9,1334
zhao_relative_epsilon,9,1336
zhao_relative_epsilon,9,1369
zhao_relative_epsilon,9,1374
zhao_relative_epsilon,9,1430
zhao_relative_epsilon,9,1448
zhao_relative_epsilon,9,1455
zhao_relative_epsilon,9,1466
zhao_relative_epsilon,9,1489
zhao_relative_epsilon,9,1524
zhao_relative_epsilon,9,1527
zhao_relative_epsilon,9,1558
zhao_relative_epsilon,9,1575
zhao_relative_epsilon,9,1599
zhao_relative_epsilon,9,1607
zhao_relative_epsilon,9,1620
zhao_relative_epsilon,9,1625
zhao_relative_epsilon,9,1666
zhao_relative_epsilon,9,1667
zhao_relative_epsilon,9,1670
zhao_relative_epsilon,9,1693
zhao_relative_epsilon,9,1694
zhao_relative_epsilon,9,1718
zhao_relative_epsilon,9,1736
zhao_relative_epsilon,9,1737
zhao_relative_epsilon,9,1745
zhao_relative_epsilon,9,1758
zhao_relative_epsilon,9,1786
zhao_relative_epsilon,9,1793
zhao_relative_epsilon,9,1827
zhao_relative_epsilon,9,1852
zhao_relative_epsilon,9,1875
zhao_relative_epsilon,9,1892
zhao_relative_epsilon,9,1897
zhao_relative_epsilon,9,1933
zhao_relative_epsilon,9,1994
zhao_relative_epsilon,9,1995
zhao_relative_epsilon,9,2022
zhao_relative_epsilon,9,2025
zhao_relative_epsilon,9,2036
zhao_relative_epsilon,9,2114
zhao_relative_epsilon,9,2120
zhao_relative_epsilon,9,2132
zhao_relative_epsilon,9,2134
zhao_relative_epsilon,9,2241
zhao_relative_epsilon,9,2249
zhao_relative_epsilon,9,2272
zhao_relative_epsilon,9,2286
zhao_relative_epsilon,9,2305
zhao_relative_epsilon,9,2309
zhao_relative_epsilon,9,2321
zhao_relative_epsilon,9,2356
zhao_relative_epsilon,9,2365
zhao_relative_epsilon,9,2373
zhao_relative_epsilon,9,2385
zhao_relative_epsilon,9,2398
zhao_relative_epsilon,9,2410
zhao_relative_epsilon,9,2431
zhao_relative_epsilon,9,2444
zhao_relative_epsilon,9,2459
zhao_relative_epsilon,9,2470
zhao_relative_epsilon,9,2563
zhao_relative_epsilon,9,2585
zhao_relative_epsilon,9,2612
zhao_relative_epsilon,9,2615
zhao_relative_epsilon,9,2631
zhao_relative_epsilon,9,2636
zhao_relative_epsilon,9,2649
zhao_relative_epsilon,9,2682
zhao_relative_epsilon,9,2719
zhao_relative_epsilon,9,2721
zhao_relative_epsilon,9,2732
zhao_relative_epsilon,9,2777
zhao_relative_epsilon,9,2794
zhao_relative_epsilon,9,2814
zhao_relative_epsilon,9,2880
zhao_relative_epsilon,9,2901
zhao_relative_epsilon,9,2913
zhao_relative_epsilon,9,2914
zhao_relative_epsilon,9,2981
zhao_relative_epsilon,9,2986
zhao_relative_epsilon,9,2989
zhao_relative_epsilon,9,2996
zhao_relative_epsilon,9,3027
zhao_relative_epsilon,9,3034
zhao_relative_epsilon,9,3055
zhao_relative_epsilon,9,3081
zhao_relative_epsilon,9,3098
zhao_relative_epsilon,9,3101
zhao_relative_epsilon,9,3115
zhao_relative_epsilon,9,3156
zhao_relative_epsilon,9,3188
zhao_relative_epsilon,9,3221
zhao_relative_epsilon,9,3228
zhao_relative_epsilon,9,3229
zhao_relative_epsilon,9,3239
zhao_relative_epsilon,9,3242
zhao_relative_epsilon,9,3260
zhao_relative_epsilon,9,3273
zhao_relative_epsilon,9,3281
zhao_relative_epsilon,9,3300
zhao_relative_epsilon,9,3316
zhao_relative_epsilon,9,3324
zhao_relative_epsilon,9,3354
zhao_relative_epsilon,9,3357
zhao_relative_epsilon,9,3365
zhao_relative_epsilon,9,3422
zhao_relative_epsilon,9,3465
zhao_relative_epsilon,9,3469
zhao_relative_epsilon,9,3487
zhao_relative_epsilon,9,3525
zhao_relative_epsilon,9,3535
zhao_relative_epsilon,9,3545
zhao_relative_epsilon,9,3546
zhao_relative_epsilon,9,3555
zhao_relative_epsilon,9,3576
zhao_relative_epsilon,9,3620
zhao_relative_epsilon,9,3623
zhao_relative_epsilon,9,3633
zhao_relative_epsilon,9,3651
zhao_relative_epsilon,9,3693
zhao_relative_epsilon,9,3698
zhao_relative_epsilon,9,3708
zhao_relative_epsilon,9,3727
zhao_relative_epsilon,9,3812
zhao_relative_epsilon,9,3815
zhao_relative_epsilon,9,3841
zhao_relative_epsilon,9,3842
zhao_relative_epsilon,9,3869
zhao_relative_epsilon,9,3908
zhao_relative_epsilon,9,3914
zhao_relative_epsilon,9,3932
zhao_relative_epsilon,9,3951
zhao_relative_epsilon,9,3990
zhao_relative_epsilon,9,4013
zhao_relative_epsilon,9,4021
zhao_relative_epsilon,9,4040
zhao_relative_epsilon,9,4057
zhao_relative_epsilon,9,4089
zhao_relative_epsilon,9,4098
zhao_relative_epsilon,9,4181
zhao_relative_epsilon,9,4183
zhao_relative_epsilon,9,4197
zhao_relative_epsilon,9,4223
zhao_relative_epsilon,9,4235
zhao_relative_epsilon,9,4255
zhao_relative_epsilon,9,4259
zhao_relative_epsilon,9,4272
zhao_relative_epsilon,9,4276
zhao_relative_epsilon,9,4300
zhao_relative_epsilon,9,4301
zhao_relative_epsilon,9,4321
zhao_relative_epsilon,9,4339
zhao_relative_epsilon,9,4355
zhao_relative_epsilon,9,4373
zhao_relative_epsilon,9,4379
zhao_relative_epsilon,9,4387
zhao_relative_epsilon,9,4432
zhao_relative_epsilon,9,4433
zhao_relative_epsilon,9,4434
zhao_relative_epsilon,9,4450
zhao_relative_epsilon,9,4455
zhao_relative_epsilon,9,4504
zhao_relative_epsilon,9,4506
zhao_relative_epsilon,9,4523
zhao_relative_epsilon,9,4552
zhao_relative_epsilon,9,4569
zhao_relative_epsilon,9,4584
zhao_relative_epsilon,9,4594
zhao_relative_epsilon,9,4597
zhao_relative_epsilon,9,4599
zhao_relative_epsilon,9,4616
zhao_relative_epsilon,9,4621
zhao_relative_epsilon,9,4627
zhao_relative_epsilon,9,4637
zhao_relative_epsilon,9,4647
zhao_relative_epsilon,9,4665
zhao_relative_epsilon,9,4672
zhao_relative_epsilon,9,4677
zhao_relative_epsilon,9,4684
zhao_relative_epsilon,9,4690
zhao_relative_epsilon,9,4691
zhao_relative_epsilon,9,4692
zhao_relative_epsilon,9,4704
zhao_relative_epsilon,9,4721
zhao_relative_epsilon,9,4732
zhao_relative_epsilon,9,4753
zhao_relative_epsilon,9,4796
zhao_relative_epsilon,9,4799
zhao_relative_epsilon,9,4856
zhao_relative_epsilon,9,4867
zhao_relative_epsilon,9,4934
zhao_relative_epsilon,9,4937
zhao_relative_epsilon,9,4948
zhao_relative_epsilon,9,4955
zhao_relative_epsilon,9,4988
zhao_relative_epsilon,9,5025
zhao_relative_epsilon,9,5033
zhao_relative_epsilon,9,5060
zhao_relative_epsilon,9,5065
zhao_relative_epsilon,9,5069
zhao_relative_epsilon,9,5073
zhao_relative_epsilon,9,5075
zhao_relative_epsilon,9,5077
zhao_relative_epsilon,9,5079
zhao_relative_epsilon,9,5096
zhao_relative_epsilon,9,5128
zhao_relative_epsilon,9,5145
zhao_relative_epsilon,9,5156
zhao_relative_epsilon,9,5188
zhao_relative_epsilon,9,5192
zhao_relative_epsilon,9,5217
zhao_relative_epsilon,9,5240
zhao_relative_epsilon,9,5281
zhao_relative_epsilon,9,5282
zhao_relative_epsilon,9,5287
zhao_relative_epsilon,9,5297
zhao_relative_epsilon,9,5328
zhao_relative_epsilon,9,5342
zhao_relative_epsilon,9,5345
zhao_relative_epsilon,9,5356
zhao_relative_epsilon,9,5364
zhao_relative_epsilon,9,5390
zhao_relative_epsilon,9,5395
zhao_relative_epsilon,9,5411
zhao_relative_epsilon,9,5449
zhao_relative_epsilon,9,5468
zhao_relative_epsilon,9,5486
zhao_relative_epsilon,9,5541
zhao_relative_epsilon,9,5555
zhao_relative_epsilon,9,5572
zhao_relative_epsilon,9,5636
zhao_relative_epsilon,9,5639
zhao_relative_epsilon,9,5665
zhao_relative_epsilon,9,5678
zhao_relative_epsilon,9,5679
zhao_relative_epsilon,9,5691
zhao_relative_epsilon,9,5694
zhao_relative_epsilon,9,5714
zhao_relative_epsilon,9,5727
zhao_relative_epsilon,9,5729
zhao_relative_epsilon,9,5760
zhao_relative_epsilon,9,5768
zhao_relative_epsilon,9,5786
zhao_relative_epsilon,9,5822
zhao_relative_epsilon,9,5839
zhao_relative_epsilon,9,5844
zhao_relative_epsilon,9,5868
zhao_relative_epsilon,9,5870
zhao_relative_epsilon,9,5886
zhao_relative_epsilon,9,5921
zhao_relative_epsilon,9,5924
zhao_relative_epsilon,9,5929
zhao_relative_epsilon,9,5950
zhao_relative_epsilon,9,5952
zhao_relative_epsilon,9,5970
zhao_relative_epsilon,9,5991
zhao_relative_epsilon,9,6013
zhao_relative_epsilon,9,6042
zhao_relative_epsilon,9,6051
zhao_relative_epsilon,9,6104
zhao_relative_epsilon,9,6117
zhao_relative_epsilon,9,6258
zhao_relative_epsilon,9,6282
zhao_relative_epsilon,9,6297
zhao_relative_epsilon,9,6319
zhao_relative_epsilon,9,6324
zhao_relative_epsilon,9,6338
zhao_relative_epsilon,9,6360
zhao_relative_epsilon,9,6384
zhao_relative_epsilon,9,6390
zhao_relative_epsilon,9,6420
zhao_relative_epsilon,9,6429
zhao_relative_epsilon,9,6475
zhao_relative_epsilon,9,6483
zhao_relative_epsilon,9,6510
zhao_relative_epsilon,9,6545
zhao_relative_epsilon,9,6567
zhao_relative_epsilon,9,6569
zhao_relative_epsilon,9,6577
zhao_relative_epsilon,9,6583
zhao_relative_epsilon,9,6597
zhao_relative_epsilon,9,6611
zhao_relative_epsilon,9,6646
zhao_relative_epsilon,9,6672
zhao_relative_epsilon,9,6679
zhao_relative_epsilon,9,6683
zhao_relative_epsilon,9,6703
zhao_relative_epsilon,9,6731
zhao_relative_epsilon,9,6748
zhao_relative_epsilon,9,6751
zhao_relative_epsilon,9,6753
zhao_relative_epsilon,9,6765
zhao_relative_epsilon,9,6783
zhao_relative_epsilon,9,6806
zhao_relative_epsilon,9,6825
zhao_relative_epsilon,9,6850
zhao_relative_epsilon,9,6873
zhao_relative_epsilon,9,6879
zhao_relative_epsilon,9,6944
zhao_relative_epsilon,9,6948
zhao_relative_epsilon,9,6975
zhao_relative_epsilon,9,7006
zhao_relative_epsilon,9,7054
zhao_relative_epsilon,9,7057
zhao_relative_epsilon,9,7066
zhao_relative_epsilon,9,7123
zhao_relative_epsilon,9,7125
zhao_relative_epsilon,9,7126
zhao_relative_epsilon,9,7131
zhao_relative_epsilon,9,7186
zhao_relative_epsilon,9,7202
zhao_relative_epsilon,9,7246
zhao_relative_epsilon,9,7260
zhao_relative_epsilon,9,7270
zhao_relative_epsilon,9,7318
zhao_relative_epsilon,9,7329
zhao_relative_epsilon,9,7345
zhao_relative_epsilon,9,7366
zhao_relative_epsilon,9,7389
zhao_relative_epsilon,9,7411
zhao_relative_epsilon,9,7413
zhao_relative_epsilon,9,7484
zhao_relative_epsilon,9,7513
zhao_relative_epsilon,9,7515
zhao_relative_epsilon,9,7516
zhao_relative_epsilon,9,7517
zhao_relative_epsilon,9,7544
zhao_relative_epsilon,9,7559
zhao_relative_epsilon,9,7573
zhao_relative_epsilon,9,7593
zhao_relative_epsilon,9,7601
zhao_relative_epsilon,9,7629
zhao_relative_epsilon,9,7657
zhao_relative_epsilon,9,7658
zhao_relative_epsilon,9,7687
zhao_relative_epsilon,9,7691
zhao_relative_epsilon,9,7694
zhao_relative_epsilon,9,7699
zhao_relative_epsilon,9,7730
zhao_relative_epsilon,9,7788
zhao_relative_epsilon,9,7819
zhao_relative_epsilon,9,7831
zhao_relative_epsilon,9,7833
zhao_relative_epsilon,9,7871
zhao_relative_epsilon,9,7906
zhao_relative_epsilon,9,7934
zhao_relative_epsilon,9,7952
zhao_relative_epsilon,9,7972
zhao_relative_epsilon,9,7986
zhao_relative_epsilon,9,8022
zhao_relative_epsilon,9,8035
zhao_relative_epsilon,9,8038
zhao_relative_epsilon,9,8066
zhao_relative_epsilon,9,8074
zhao_relative_epsilon,9,8083
zhao_relative_epsilon,9,8097
zhao_relative_epsilon,9,8168
zhao_relative_epsilon,9,8213
zhao_relative_epsilon,9,8216
zhao_relative_epsilon,9,8219
zhao_relative_epsilon,9,8224
zhao_relative_epsilon,9,8229
zhao_relative_epsilon,9,8233
zhao_relative_epsilon,9,8280
zhao_relative_epsilon,9,8282
zhao_relative_epsilon,9,8353
zhao_relative_epsilon,9,8355
zhao_relative_epsilon,9,8362
zhao_relative_epsilon,9,8364
zhao_relative_epsilon,9,8398
zhao_relative_epsilon,9,8401
zhao_relative_epsilon,9,8424
zhao_relative_epsilon,9,8435
zhao_relative_epsilon,9,8497
zhao_relative_epsilon,9,8530
zhao_relative_epsilon,9,8575
zhao_relative_epsilon,9,8596
zhao_relative_epsilon,9,8641
zhao_relative_epsilon,9,8663
zhao_relative_epsilon,9,8670
zhao_relative_epsilon,9,8690
zhao_relative_epsilon,9,8692
zhao_relative_epsilon,9,8713
zhao_relative_epsilon,9,8725
zhao_relative_epsilon,9,8726
zhao_relative_epsilon,9,8766
zhao_relative_epsilon,9,8773
zhao_relative_epsilon,9,8815
zhao_relative_epsilon,9,8830
zhao_relative_epsilon,9,8860
zhao_relative_epsilon,9,8861
zhao_relative_epsilon,9,8877
zhao_relative_epsilon,9,8921
zhao_relative_epsilon,9,8936
zhao_relative_epsilon,9,8945
zhao_relative_epsilon,9,8975
zhao_relative_epsilon,9,8992
zhao_relative_epsilon,9,8997
zhao_relative_epsilon,9,9031
zhao_relative_epsilon,9,9041
zhao_relative_epsilon,9,9072
zhao_relative_epsilon,9,9131
zhao_relative_epsilon,9,9133
zhao_relative_epsilon,9,9138
zhao_relative_epsilon,9,9167
zhao_relative_epsilon,9,9209
zhao_relative_epsilon,9,9216
zhao_relative_epsilon,9,9232
zhao_relative_epsilon,9,9312
zhao_relative_epsilon,9,9316
zhao_relative_epsilon,9,9317
zhao_relative_epsilon,9,9334
zhao_relative_epsilon,9,9397
zhao_relative_epsilon,9,9454
zhao_relative_epsilon,9,9481
zhao_relative_epsilon,9,9494
zhao_relative_epsilon,9,9497
zhao_relative_epsilon,9,9507
zhao_relative_epsilon,9,9539
zhao_relative_epsilon,9,9543
zhao_relative_epsilon,9,9555
zhao_relative_epsilon,9,9573
zhao_relative_epsilon,9,9614
zhao_relative_epsilon,9,9622
zhao_relative_epsilon,9,9660
zhao_relative_epsilon,9,9685
zhao_relative_epsilon,9,9799
zhao_relative_epsilon,9,9810
zhao_relative_epsilon,9,9843
zhao_relative_epsilon,9,9850
zhao_relative_epsilon,9,9868
zhao_relative_epsilon,9,9874
zhao_relative_epsilon,9,9877
zhao_relative_epsilon,9,9878
zhao_relative_epsilon,9,9906
zhao_relative_epsilon,9,9936
zhao_relative_epsilon,9,9950
zhao_relative_epsilon,9,9953
zhao_relative_epsilon,9,9961
zhao_relative_epsilon,9,9968
zhao_relative_epsilon,9,10010
zhao_relative_epsilon,9,10024
zhao_relative_epsilon,9,10041
zhao_relative_epsilon,9,10093
zhao_relative_epsilon,9,10100
zhao_relative_epsilon,9,10129
zhao_relative_epsilon,9,10164
zhao_relative_epsilon,9,10206
zhao_relative_epsilon,9,10220
zhao_relative_epsilon,9,10239
zhao_relative_epsilon,9,10264
zhao_relative_epsilon,9,10269
zhao_relative_epsilon,9,10291
zhao_relative_epsilon,9,10314
zhao_relative_epsilon,9,10318
zhao_relative_epsilon,9,10325
zhao_relative_epsilon,9,10331
zhao_relative_epsilon,9,10340
zhao_relative_epsilon,9,10345
zhao_relative_epsilon,9,10362
zhao_relative_epsilon,9,10364
zhao_relative_epsilon,9,10368
zhao_relative_epsilon,9,10398
zhao_relative_epsilon,9,10414
zhao_relative_epsilon,9,10424
zhao_relative_epsilon,9,10437
zhao_relative_epsilon,9,10447
zhao_relative_epsilon,9,10470
zhao_relative_epsilon,9,10477
zhao_relative_epsilon,9,10483
zhao_relative_epsilon,9,10514
zhao_relative_epsilon,9,10515
zhao_relative_epsilon,9,10519
zhao_relative_epsilon,9,10520
zhao_relative_epsilon,9,10550
zhao_relative_epsilon,9,10556
zhao_relative_epsilon,9,10557
zhao_relative_epsilon,9,10592
zhao_relative_epsilon,9,10594
zhao_relative_epsilon,9,10603
zhao_relative_epsilon,9,10644
zhao_relative_epsilon,9,10649
zhao_relative_epsilon,9,10681
zhao_relative_epsilon,9,10687
zhao_relative_epsilon,9,10695
zhao_relative_epsilon,9,10707
zhao_relative_epsilon,9,10725
zhao_relative_epsilon,9,10759
zhao_relative_epsilon,9,10769
zhao_relative_epsilon,9,10797
zhao_relative_epsilon,9,10815
zhao_relative_epsilon,9,10846
zhao_relative_epsilon,9,10869
zhao_relative_epsilon,9,10874
zhao_relative_epsilon,9,10919
zhao_relative_epsilon,9,10920
zhao_relative_epsilon,9,10922
zhao_relative_epsilon,9,10930
zhao_relative_epsilon,9,10931
zhao_relative_epsilon,9,10940
zhao_relative_epsilon,9,10946
zhao_relative_epsilon,9,10979
zhao_relative_epsilon,9,10991
zhao_relative_epsilon,9,11007
zhao_relative_epsilon,9,11009
zhao_relative_epsilon,9,11027
zhao_relative_epsilon,9,11072
zhao_relative_epsilon,9,11076
zhao_relative_epsilon,9,11081
zhao_relative_epsilon,9,11084
zhao_relative_epsilon,9,11087
zhao_relative_epsilon,9,11159
zhao_relative_epsilon,9,11165
zhao_relative_epsilon,9,11168
zhao_relative_epsilon,9,11181
zhao_relative_epsilon,9,11205
zhao_relative_epsilon,9,11248
zhao_relative_epsilon,9,11266
zhao_relative_epsilon,9,11286
zhao_relative_epsilon,9,11319
zhao_relative_epsilon,9,11356
zhao_relative_epsilon,9,11380
zhao_relative_epsilon,9,11381
zhao_relative_epsilon,9,11384
zhao_relative_epsilon,9,11389
zhao_relative_epsilon,9,11397
zhao_relative_epsilon,9,11415
zhao_relative_epsilon,9,11420
zhao_relative_epsilon,9,11428
zhao_relative_epsilon,9,11430
zhao_relative_epsilon,9,11447
zhao_relative_epsilon,9,11472
zhao_relative_epsilon,9,11532
zhao_relative_epsilon,9,11564
zhao_relative_epsilon,9,11592
zhao_relative_epsilon,9,11598
zhao_relative_epsilon,9,11651
zhao_relative_epsilon,9,11667
zhao_relative_epsilon,9,11713
zhao_relative_epsilon,9,11723
zhao_relative_epsilon,9,11792
zhao_relative_epsilon,9,11804
zhao_relative_epsilon,9,11805
zhao_relative_epsilon,9,11812
zhao_relative_epsilon,9,11821
zhao_relative_epsilon,9,11823
zhao_relative_epsilon,9,11854
zhao_relative_epsilon,9,11863
zhao_relative_epsilon,9,11864
zhao_relative_epsilon,9,11884
zhao_relative_epsilon,9,11892
zhao_relative_epsilon,9,11895
zhao_relative_epsilon,9,11928
zhao_relative_epsilon,9,11955
zhao_relative_epsilon,9,11995
zhao_relative_epsilon,9,11998
zhao_relative_epsilon,9,12002
zhao_relative_epsilon,9,12009
zhao_relative_epsilon,9,12022
zhao_relative_epsilon,9,12031
zhao_relative_epsilon,9,12032
zhao_relative_epsilon,9,12066
zhao_relative_epsilon,9,12100
zhao_relative_epsilon,9,12130
zhao_relative_epsilon,9,12139
zhao_relative_epsilon,9,12176
zhao_relative_epsilon,9,12179
zhao_relative_epsilon,9,12191
zhao_relative_epsilon,9,12198
zhao_relative_epsilon,9,12205
zhao_relative_epsilon,9,12207
zhao_relative_epsilon,9,12232
zhao_relative_epsilon,9,12245
zhao_relative_epsilon,9,12249
zhao_relative_epsilon,9,12275
zhao_relative_epsilon,9,12288
zhao_relative_epsilon,9,12312
zhao_relative_epsilon,9,12317
zhao_relative_epsilon,9,12322
zhao_relative_epsilon,9,12338
zhao_relative_epsilon,9,12340
zhao_relative_epsilon,9,12388
zhao_relative_epsilon,9,12419
zhao_relative_epsilon,9,12446
zhao_relative_epsilon,9,12464
zhao_relative_epsilon,9,12466
zhao_relative_epsilon,9,12471
zhao_relative_epsilon,9,12473
zhao_relative_epsilon,9,12474
zhao_relative_epsilon,9,12479
zhao_relative_epsilon,9,12491
zhao_relative_epsilon,9,12500
zhao_relative_epsilon,9,12507
zhao_relative_epsilon,9,12510
zhao_relative_epsilon,9,12538
zhao_relative_epsilon,9,12554
zhao_relative_epsilon,9,12563
zhao_relative_epsilon,9,12578
zhao_relative_epsilon,9,12627
zhao_relative_epsilon,9,12642
zhao_relative_epsilon,9,12654
zhao_relative_epsilon,9,12694
zhao_relative_epsilon,9,12704
zhao_relative_epsilon,9,12724
zhao_relative_epsilon,9,12731
zhao_relative_epsilon,9,12736
zhao_relative_epsilon,9,12743
zhao_relative_epsilon,9,12768
zhao_relative_epsilon,9,12779
zhao_relative_epsilon,9,12795
zhao_relative_epsilon,9,12834
zhao_relative_epsilon,9,12844
zhao_relative_epsilon,9,12869
zhao_relative_epsilon,9,12870
zhao_relative_epsilon,9,12885
zhao_relative_epsilon,9,12907
zhao_relative_epsilon,9,12916
zhao_relative_epsilon,9,12922
zhao_relative_epsilon,9,12929
zhao_relative_epsilon,9,12942
zhao_relative_epsilon,9,12955
zhao_relative_epsilon,9,12971
zhao_relative_epsilon,9,12973
zhao_relative_epsilon,9,12980
zhao_relative_epsilon,9,12986
zhao_relative_epsilon,9,12987
zhao_relative_epsilon,9,12991
zhao_relative_epsilon,9,13009
zhao_relative_epsilon,9,13013
zhao_relative_epsilon,9,13024
zhao_relative_epsilon,9,13039
zhao_relative_epsilon,9,13046
zhao_relative_epsilon,9,13052
zhao_relative_epsilon,9,13067
zhao_relative_epsilon,9,13075
zhao_relative_epsilon,9,13076
zhao_relative_epsilon,9,13092
zhao_relative_epsilon,9,13102
zhao_relative_epsilon,9,13175
zhao_relative_epsilon,9,13232
zhao_relative_epsilon,9,13253
zhao_relative_epsilon,9,13265
zhao_relative_epsilon,9,13279
zhao_relative_epsilon,9,13295
zhao_relative_epsilon,9,13313
zhao_relative_epsilon,9,13330
zhao_relative_epsilon,9,13339
zhao_relative_epsilon,9,13340
zhao_relative_epsilon,9,13361
zhao_relative_epsilon,9,13376
zhao_relative_epsilon,9,13379
zhao_relative_epsilon,9,13398
zhao_relative_epsilon,9,13409
zhao_relative_epsilon,9,13436
zhao_relative_epsilon,9,13460
zhao_relative_epsilon,9,13483
zhao_relative_epsilon,9,13493
zhao_relative_epsilon,9,13513
zhao_relative_epsilon,9,13543
zhao_relative_epsilon,9,13560
zhao_relative_epsilon,9,13592
zhao_relative_epsilon,9,13596
zhao_relative_epsilon,9,13601
zhao_relative_epsilon,9,13602
zhao_relative_epsilon,9,13638
zhao_relative_epsilon,9,13670
zhao_relative_epsilon,9,13674
zhao_relative_epsilon,9,13689
zhao_relative_epsilon,9,13710
zhao_relative_epsilon,9,13711
zhao_relative_epsilon,9,13728
zhao_relative_epsilon,9,13753
zhao_relative_epsilon,9,13754
zhao_relative_epsilon,9,13777
zhao_relative_epsilon,9,13787
zhao_relative_epsilon,9,13789
zhao_relative_epsilon,9,13806
zhao_relative_epsilon,9,13815
zhao_relative_epsilon,9,13819
zhao_relative_epsilon,9,13844
zhao_relative_epsilon,9,13846
zhao_relative_epsilon,9,13872
zhao_relative_epsilon,9,13879
zhao_relative_epsilon,9,13895
zhao_relative_epsilon,9,13922
zhao_relative_epsilon,9,13929
zhao_relative_epsilon,9,13931
zhao_relative_epsilon,9,13943
zhao_relative_epsilon,9,13956
zhao_relative_epsilon,9,14018
zhao_relative_epsilon,9,14037
zhao_relative_epsilon,9,14039
zhao_relative_epsilon,9,14047
zhao_relative_epsilon,9,14054
zhao_relative_epsilon,9,14062
zhao_relative_epsilon,9,14068
zhao_relative_epsilon,9,14071
zhao_relative_epsilon,9,14104
zhao_relative_epsilon,9,14122
zhao_relative_epsilon,9,14162
zhao_relative_epsilon,9,14169
zhao_relative_epsilon,9,14178
zhao_relative_epsilon,9,14197
zhao_relative_epsilon,9,14201
zhao_relative_epsilon,9,14228
zhao_relative_epsilon,9,14285
zhao_relative_epsilon,9,14313
zhao_relative_epsilon,10,37
zhao_relative_epsilon,10,96
zhao_relative_epsilon,10,141
zhao_relative_epsilon,10,244
zhao_relative_epsilon,10,246
zhao_relative_epsilon,10,320
zhao_relative_epsilon,10,452
zhao_relative_epsilon,10,501
zhao_relative_epsilon,10,593
zhao_relative_epsilon,10,631
zhao_relative_epsilon,10,650
zhao_relative_epsilon,10,695
zhao_relative_epsilon,10,704
zhao_relative_epsilon,10,715
zhao_relative_epsilon,10,768
zhao_relative_epsilon,10,783
zhao_relative_epsilon,10,853
zhao_relative_epsilon,10,857
zhao_relative_epsilon,10,1037
zhao_relative_epsilon,10,1151
zhao_relative_epsilon,10,1156
zhao_relative_epsilon,10,1189
zhao_relative_epsilon,10,1202
zhao_relative_epsilon,10,1234
zhao_relative_epsilon,10,1369
zhao_relative_epsilon,10,1451
zhao_relative_epsilon,10,1464
zhao_relative_epsilon,10,1511
zhao_relative_epsilon,10,1609
zhao_relative_epsilon,10,1648
zhao_relative_epsilon,10,1656
zhao_relative_epsilon,10,1736
zhao_relative_epsilon,10,1750
zhao_relative_epsilon,10,1768
zhao_relative_epsilon,10,1801
zhao_relative_epsilon,10,1859
zhao_relative_epsilon,10,2035
zhao_relative_epsilon,10,2059
zhao_relative_epsilon,10,2096
zhao_relative_epsilon,10,2127
zhao_relative_epsilon,10,2140
zhao_relative_epsilon,10,2177
zhao_relative_epsilon,10,2220
zhao_relative_epsilon,10,2257
zhao_relative_epsilon,10,2268
zhao_relative_epsilon,10,2277
zhao_relative_epsilon,10,2437
zhao_relative_epsilon,10,2504
zhao_relative_epsilon,10,2667
zhao_relative_epsilon,10,2714
zhao_relative_epsilon,10,2770
zhao_relative_epsilon,10,2829
zhao_relative_epsilon,10,2911
zhao_relative_epsilon,10,2931
zhao_relative_epsilon,10,2977
zhao_relative_epsilon,10,3084
zhao_relative_epsilon,10,3121
zhao_relative_epsilon,10,3159
zhao_relative_epsilon,10,3204
zhao_relative_epsilon,10,3210
zhao_relative_epsilon,10,3456
zhao_relative_epsilon,10,3545
zhao_relative_epsilon,10,3565
zhao_relative_epsilon,10,3578
zhao_relative_epsilon,10,3609
zhao_relative_epsilon,10,3690
zhao_relative_epsilon,10,3708
zhao_relative_epsilon,10,3732
zhao_relative_epsilon,10,3809
zhao_relative_epsilon,10,3865
zhao_relative_epsilon,10,3931
zhao_relative_epsilon,10,4071
zhao_relative_epsilon,10,4105
zhao_relative_epsilon,10,4158
zhao_relative_epsilon,10,4199
zhao_relative_epsilon,10,4202
zhao_relative_epsilon,10,4228
zhao_relative_epsilon,10,4278
zhao_relative_epsilon,10,4279
zhao_relative_epsilon,10,4489
zhao_relative_epsilon,10,4511
zhao_relative_epsilon,10,4553
zhao_relative_epsilon,10,4582
zhao_relative_epsilon,10,4602
zhao_relative_epsilon,10,4749
zhao_relative_epsilon,10,4792
zhao_relative_epsilon,10,4819
zhao_relative_epsilon,10,4978
zhao_relative_epsilon,10,5078
zhao_relative_epsilon,10,5091
zhao_relative_epsilon,10,5110
zhao_relative_epsilon,10,5190
zhao_relative_epsilon,10,5207
zhao_relative_epsilon,10,5288
zhao_relative_epsilon,10,5323
zhao_relative_epsilon,10,5339
zhao_relative_epsilon,10,5556
zhao_relative_epsilon,10,5606
zhao_relative_epsilon,10,5710
zhao_relative_epsilon,10,5755
zhao_relative_epsilon,10,5781
zhao_relative_epsilon,10,5787
zhao_relative_epsilon,10,5813
zhao_relative_epsilon,10,5823
zhao_relative_epsilon,10,5999
zhao_relative_epsilon,10,6096
zhao_relative_epsilon,10,6133
zhao_relative_epsilon,10,6184
zhao_relative_epsilon,10,6185
zhao_relative_epsilon,10,6201
zhao_relative_epsilon,10,6284
zhao_relative_epsilon,10,6293
zhao_relative_epsilon,10,6337
zhao_relative_epsilon,10,6345
zhao_relative_epsilon,10,6441
zhao_relative_epsilon,10,6508
zhao_relative_epsilon,10,6522
zhao_relative_epsilon,10,6667
zhao_relative_epsilon,10,6699
zhao_relative_epsilon,10,6706
zhao_relative_epsilon,10,6709
zhao_relative_epsilon,10,6718
zhao_relative_epsilon,10,6759
zhao_relative_epsilon,10,6777
zhao_relative_epsilon,10,6940
zhao_relative_epsilon,10,6983
zhao_relative_epsilon,10,7030
zhao_relative_epsilon,10,7033
zhao_relative_epsilon,10,7231
zhao_relative_epsilon,10,7305
zhao_relative_epsilon,10,7310
zhao_relative_epsilon,10,7319
zhao_relative_epsilon,10,7379
zhao_relative_epsilon,10,7386
zhao_relative_epsilon,10,7528
zhao_relative_epsilon,10,7641
zhao_relative_epsilon,10,7642
zhao_relative_epsilon,10,7653
zhao_relative_epsilon,10,7689
zhao_relative_epsilon,10,7885
zhao_relative_epsilon,10,7999
zhao_relative_epsilon,10,8060
zhao_relative_epsilon,10,8156
zhao_relative_epsilon,10,8181
zhao_relative_epsilon,10,8286
zhao_relative_epsilon,10,8353
zhao_relative_epsilon,10,8356
zhao_relative_epsilon,10,8359
zhao_relative_epsilon,10,8445
zhao_relative_epsilon,10,8546
zhao_relative_epsilon,10,8635
zhao_relative_epsilon,10,8682
zhao_relative_epsilon,10,8740
zhao_relative_epsilon,10,8769
zhao_relative_epsilon,10,8815
zhao_relative_epsilon,10,8840
zhao_relative_epsilon,10,8888
zhao_relative_epsilon,10,9050
zhao_relative_epsilon,10,9080
zhao_relative_epsilon,10,9132
zhao_relative_epsilon,10,9150
zhao_relative_epsilon,10,9229
zhao_relative_epsilon,10,9259
zhao_relative_epsilon,10,9322
zhao_relative_epsilon,10,9338
zhao_relative_epsilon,10,9468
zhao_relative_epsilon,10,9495
zhao_relative_epsilon,10,9565
zhao_relative_epsilon,10,9579
zhao_relative_epsilon,10,9593
zhao_relative_epsilon,10,9660
zhao_relative_epsilon,10,9768
zhao_relative_epsilon,10,9779
zhao_relative_epsilon,10,9795
zhao_relative_epsilon,10,9854
zhao_relative_epsilon,10,9961
zhao_relative_epsilon,10,10012
zhao_relative_epsilon,10,10081
zhao_relative_epsilon,10,10116
zhao_relative_epsilon,10,10141
zhao_relative_epsilon,10,10191
zhao_relative_epsilon,10,10197
zhao_relative_epsilon,10,10269
zhao_relative_epsilon,10,10341
zhao_relative_epsilon,10,10415
zhao_relative_epsilon,10,10454
zhao_relative_epsilon,10,10509
zhao_relative_epsilon,10,10510
zhao_relative_epsilon,10,10511
zhao_relative_epsilon,10,10587
zhao_relative_epsilon,10,10621
zhao_relative_epsilon,10,10632
zhao_relative_epsilon,10,10671
zhao_relative_epsilon,10,10707
zhao_relative_epsilon,10,10713
zhao_relative_epsilon,10,10730
zhao_relative_epsilon,10,10745
zhao_relative_epsilon,10,10913
zhao_relative_epsilon,10,10914
zhao_relative_epsilon,10,10925
zhao_relative_epsilon,10,10942
zhao_relative_epsilon,10,11029
zhao_relative_epsilon,10,11057
zhao_relative_epsilon,10,11066
zhao_relative_epsilon,10,11073
zhao_relative_epsilon,10,11157
zhao_relative_epsilon,10,11159
zhao_relative_epsilon,10,11253
zhao_relative_epsilon,10,11349
zhao_relative_epsilon,10,11375
zhao_relative_epsilon,10,11401
zhao_relative_epsilon,10,11447
zhao_relative_epsilon,10,11519
zhao_relative_epsilon,10,11570
zhao_relative_epsilon,10,11599
zhao_relative_epsilon,10,11614
zhao_relative_epsilon,10,11718
zhao_relative_epsilon,10,11728
zhao_relative_epsilon,10,11852
zhao_relative_epsilon,10,11855
zhao_relative_epsilon,10,11864
zhao_relative_epsilon,10,11932
zhao_relative_epsilon,10,12006
zhao_relative_epsilon,10,12009
zhao_relative_epsilon,10,12026
zhao_relative_epsilon,10,12060
zhao_relative_epsilon,10,12093
zhao_relative_epsilon,10,12283
zhao_relative_epsilon,10,12328
zhao_relative_epsilon,10,12353
zhao_relative_epsilon,10,12416
zhao_relative_epsilon,10,12457
zhao_relative_epsilon,10,12478
zhao_relative_epsilon,10,12570
zhao_relative_epsilon,10,12747
zhao_relative_epsilon,10,12824
zhao_relative_epsilon,10,12879
zhao_relative_epsilon,10,13008
zhao_relative_epsilon,10,13023
zhao_relative_epsilon,10,13032
zhao_relative_epsilon,10,13035
zhao_relative_epsilon,10,13285
zhao_relative_epsilon,10,13344
zhao_relative_epsilon,10,13480
zhao_relative_epsilon,10,13481
zhao_relative_epsilon,10,13525
zhao_relative_epsilon,10,13538
zhao_relative_epsilon,10,13540
zhao_relative_epsilon,10,13557
zhao_relative_epsilon,10,13676
zhao_relative_epsilon,10,13750
zhao_relative_epsilon,10,13764
zhao_relative_epsilon,10,13789
zhao_relative_epsilon,10,13824
zhao_relative_epsilon,10,13849
zhao_relative_epsilon,10,13939
zhao_relative_epsilon,10,13944
zhao_relative_epsilon,10,14080
zhao_relative_epsilon,10,14115
zhao_relative_epsilon,10,14116
zhao_relative_epsilon,10,14167
zhao_relative_epsilon,10,14241
zhao_relative_epsilon,10,14261
zhao_relative_epsilon,10,14295
zhao_relative_epsilon,10,14309
zhao_relative_epsilon,11,42
zhao_relative_epsilon,11,49
zhao_relative_epsilon,11,57
zhao_relative_epsilon,11,83
zhao_relative_epsilon,11,163
zhao_relative_epsilon,11,187
zhao_relative_epsilon,11,193
zhao_relative_epsilon,11,194
zhao_relative_epsilon,11,220
zhao_relative_epsilon,11,258
zhao_relative_epsilon,11,260
zhao_relative_epsilon,11,307
zhao_relative_epsilon,11,319
zhao_relative_epsilon,11,327
zhao_relative_epsilon,11,333
zhao_relative_epsilon,11,358
zhao_relative_epsilon,11,370
zhao_relative_epsilon,11,371
zhao_relative_epsilon,11,403
zhao_relative_epsilon,11,406
zhao_relative_epsilon,11,413
zhao_relative_epsilon,11,424
zhao_relative_epsilon,11,432
zhao_relative_epsilon,11,465
zhao_relative_epsilon,11,499
zhao_relative_epsilon,11,587
zhao_relative_epsilon,11,601
zhao_relative_epsilon,11,630
zhao_relative_epsilon,11,632
zhao_relative_epsilon,11,640
zhao_relative_epsilon,11,679
zhao_relative_epsilon,11,722
zhao_relative_epsilon,11,724
zhao_relative_epsilon,11,762
zhao_relative_epsilon,11,763
zhao_relative_epsilon,11,767
zhao_relative_epsilon,11,791
zhao_relative_epsilon,11,823
zhao_relative_epsilon,11,826
zhao_relative_epsilon,11,836
zhao_relative_epsilon,11,846
zhao_relative_epsilon,11,867
zhao_relative_epsilon,11,876
zhao_relative_epsilon,11,879
zhao_relative_epsilon,11,888
zhao_relative_epsilon,11,897
zhao_relative_epsilon,11,898
zhao_relative_epsilon,11,912
zhao_relative_epsilon,11,936
zhao_relative_epsilon,11,939
zhao_relative_epsilon,11,951
zhao_relative_epsilon,11,954
zhao_relative_epsilon,11,991
zhao_relative_epsilon,11,1011
zhao_relative_epsilon,11,1022
zhao_relative_epsilon,11,1052
zhao_relative_epsilon,11,1066
zhao_relative_epsilon,11,1085
zhao_relative_epsilon,11,1087
zhao_relative_epsilon,11,1092
zhao_relative_epsilon,11,1124
zhao_relative_epsilon,11,1144
zhao_relative_epsilon,11,1155
zhao_relative_epsilon,11,1192
zhao_relative_epsilon,11,1271
zhao_relative_epsilon,11,1291
zhao_relative_epsilon,11,1292
zhao_relative_epsilon,11,1345
zhao_relative_epsilon,11,1359
zhao_relative_epsilon,11,1362
zhao_relative_epsilon,11,1420
zhao_relative_epsilon,11,1438
zhao_relative_epsilon,11,1479
zhao_relative_epsilon,11,1502
zhao_relative_epsilon,11,1514
zhao_relative_epsilon,11,1525
zhao_relative_epsilon,11,1556
zhao_relative_epsilon,11,1582
zhao_relative_epsilon,11,1589
zhao_relative_epsilon,11,1622
zhao_relative_epsilon,11,1656
zhao_relative_epsilon,11,1688
zhao_relative_epsilon,11,1693
zhao_relative_epsilon,11,1697
zhao_relative_epsilon,11,1701
zhao_relative_epsilon,11,1754
zhao_relative_epsilon,11,1768
zhao_relative_epsilon,11,1772
zhao_relative_epsilon,11,1779
zhao_relative_epsilon,11,1789
zhao_relative_epsilon,11,1791
zhao_relative_epsilon,11,1792
zhao_relative_epsilon,11,1794
zhao_relative_epsilon,11,1797
zhao_relative_epsilon,11,1803
zhao_relative_epsilon,11,1808
zhao_relative_epsilon,11,1843
zhao_relative_epsilon,11,1846
zhao_relative_epsilon,11,1857
zhao_relative_epsilon,11,1908
zhao_relative_epsilon,11,1936
zhao_relative_epsilon,11,2026
zhao_relative_epsilon,11,2031
zhao_relative_epsilon,11,2035
zhao_relative_epsilon,11,2079
zhao_relative_epsilon,11,2132
zhao_relative_epsilon,11,2143
zhao_relative_epsilon,11,2144
zhao_relative_epsilon,11,2148
zhao_relative_epsilon,11,2158
zhao_relative_epsilon,11,2184
zhao_relative_epsilon,11,2193
zhao_relative_epsilon,11,2197
zhao_relative_epsilon,11,2203
zhao_relative_epsilon,11,2207
zhao_relative_epsilon,11,2228
zhao_relative_epsilon,11,2236
zhao_relative_epsilon,11,2278
zhao_relative_epsilon,11,2289
zhao_relative_epsilon,11,2336
zhao_relative_epsilon,11,2370
zhao_relative_epsilon,11,2382
zhao_relative_epsilon,11,2387
zhao_relative_epsilon,11,2403
zhao_relative_epsilon,11,2433
zhao_relative_epsilon,11,2434
zhao_relative_epsilon,11,2448
zhao_relative_epsilon,11,2493
zhao_relative_epsilon,11,2497
zhao_relative_epsilon,11,2557
zhao_relative_epsilon,11,2573
zhao_relative_epsilon,11,2582
zhao_relative_epsilon,11,2592
zhao_relative_epsilon,11,2613
zhao_relative_epsilon,11,2726
zhao_relative_epsilon,11,2733
zhao_relative_epsilon,11,2738
zhao_relative_epsilon,11,2741
zhao_relative_epsilon,11,2748
zhao_relative_epsilon,11,2766
zhao_relative_epsilon,11,2815
zhao_relative_epsilon,11,2822
zhao_relative_epsilon,11,2839
zhao_relative_epsilon,11,2841
zhao_relative_epsilon,11,2903
zhao_relative_epsilon,11,2909
zhao_relative_epsilon,11,2946
zhao_relative_epsilon,11,3014
zhao_relative_epsilon,11,3032
zhao_relative_epsilon,11,3041
zhao_relative_epsilon,11,3053
zhao_relative_epsilon,11,3069
zhao_relative_epsilon,11,3107
zhao_relative_epsilon,11,3150
zhao_relative_epsilon,11,3167
zhao_relative_epsilon,11,3169
zhao_relative_epsilon,11,3182
zhao_relative_epsilon,11,3225
zhao_relative_epsilon,11,3228
zhao_relative_epsilon,11,3261
zhao_relative_epsilon,11,3306
zhao_relative_epsilon,11,3328
zhao_relative_epsilon,11,3339
zhao_relative_epsilon,11,3353
zhao_relative_epsilon,11,3360
zhao_relative_epsilon,11,3373
zhao_relative_epsilon,11,3450
zhao_relative_epsilon,11,3471
zhao_relative_epsilon,11,3502
zhao_relative_epsilon,11,3539
zhao_relative_epsilon,11,3542
zhao_relative_epsilon,11,3574
zhao_relative_epsilon,11,3588
zhao_relative_epsilon,11,3596
zhao_relative_epsilon,11,3618
zhao_relative_epsilon,11,3664
zhao_relative_epsilon,11,3677
zhao_relative_epsilon,11,3703
zhao_relative_epsilon,11,3745
zhao_relative_epsilon,11,3794
zhao_relative_epsilon,11,3871
zhao_relative_epsilon,11,3884
zhao_relative_epsilon,11,3889
zhao_relative_epsilon,11,3898
zhao_relative_epsilon,11,3930
zhao_relative_epsilon,11,3969
zhao_relative_epsilon,11,3974
zhao_relative_epsilon,11,3976
zhao_relative_epsilon,11,3983
zhao_relative_epsilon,11,3988
zhao_relative_epsilon,11,3998
zhao_relative_epsilon,11,4001
zhao_relative_epsilon,11,4039
zhao_relative_epsilon,11,4052
zhao_relative_epsilon,11,4079
zhao_relative_epsilon,11,4085
zhao_relative_epsilon,11,4090
zhao_relative_epsilon,11,4124
zhao_relative_epsilon,11,4144
zhao_relative_epsilon,11,4146
zhao_relative_epsilon,11,4174
zhao_relative_epsilon,11,4188
zhao_relative_epsilon,11,4210
zhao_relative_epsilon,11,4219
zhao_relative_epsilon,11,4246
zhao_relative_epsilon,11,4250
zhao_relative_epsilon,11,4256
zhao_relative_epsilon,11,4338
zhao_relative_epsilon,11,4353
zhao_relative_epsilon,11,4367
zhao_relative_epsilon,11,4441
zhao_relative_epsilon,11,4448
zhao_relative_epsilon,11,4472
zhao_relative_epsilon,11,4480
zhao_relative_epsilon,11,4493
zhao_relative_epsilon,11,4512
zhao_relative_epsilon,11,4521
zhao_relative_epsilon,11,4549
zhao_relative_epsilon,11,4553
zhao_relative_epsilon,11,4596
zhao_relative_epsilon,11,4610
zhao_relative_epsilon,11,4686
zhao_relative_epsilon,11,4741
zhao_relative_epsilon,11,4825
zhao_relative_epsilon,11,4829
zhao_relative_epsilon,11,4848
zhao_relative_epsilon,11,4868
zhao_relative_epsilon,11,4874
zhao_relative_epsilon,11,4905
zhao_relative_epsilon,11,4910
zhao_relative_epsilon,11,4942
zhao_relative_epsilon,11,4959
zhao_relative_epsilon,11,4966
zhao_relative_epsilon,11,4985
zhao_relative_epsilon,11,4994
zhao_relative_epsilon,11,5010
zhao_relative_epsilon,11,5017
zhao_relative_epsilon,11,5051
zhao_relative_epsilon,11,5133
zhao_relative_epsilon,11,5137
zhao_relative_epsilon,11,5144
zhao_relative_epsilon,11,5160
zhao_relative_epsilon,11,5200
zhao_relative_epsilon,11,5231
zhao_relative_epsilon,11,5275
zhao_relative_epsilon,11,5313
zhao_relative_epsilon,11,5346
zhao_relative_epsilon,11,5348
zhao_relative_epsilon,11,5356
zhao_relative_epsilon,11,5366
zhao_relative_epsilon,11,5377
zhao_relative_epsilon,11,5380
zhao_relative_epsilon,11,5433
zhao_relative_epsilon,11,5451
zhao_relative_epsilon,11,5465
zhao_relative_epsilon,11,5488
zhao_relative_epsilon,11,5501
zhao_relative_epsilon,11,5522
zhao_relative_epsilon,11,5549
zhao_relative_epsilon,11,5587
zhao_relative_epsilon,11,5650
zhao_relative_epsilon,11,5652
zhao_relative_epsilon,11,5659
zhao_relative_epsilon,11,5684
zhao_relative_epsilon,11,5687
zhao_relative_epsilon,11,5702
zhao_relative_epsilon,11,5716
zhao_relative_epsilon,11,5737
zhao_relative_epsilon,11,5780
zhao_relative_epsilon,11,5790
zhao_relative_epsilon,11,5828
zhao_relative_epsilon,11,5833
zhao_relative_epsilon,11,5839
zhao_relative_epsilon,11,5840
zhao_relative_epsilon,11,5870
zhao_relative_epsilon,11,5874
zhao_relative_epsilon,11,5896
zhao_relative_epsilon,11,5901
zhao_relative_epsilon,11,5930
zhao_relative_epsilon,11,5934
zhao_relative_epsilon,11,5967
zhao_relative_epsilon,11,5999
zhao_relative_epsilon,11,6014
zhao_relative_epsilon,11,6019
zhao_relative_epsilon,11,6022
zhao_relative_epsilon,11,6064
zhao_relative_epsilon,11,6083
zhao_relative_epsilon,11,6158
zhao_relative_epsilon,11,6171
zhao_relative_epsilon,11,6177
zhao_relative_epsilon,11,6207
zhao_relative_epsilon,11,6215
zhao_relative_epsilon,11,6266
zhao_relative_epsilon,11,6286
zhao_relative_epsilon,11,6291
zhao_relative_epsilon,11,6293
zhao_relative_epsilon,11,6297
zhao_relative_epsilon,11,6351
zhao_relative_epsilon,11,6357
zhao_relative_epsilon,11,6387
zhao_relative_epsilon,11,6394
zhao_relative_epsilon,11,6395
zhao_relative_epsilon,11,6414
zhao_relative_epsilon,11,6451
zhao_relative_epsilon,11,6452
zhao_relative_epsilon,11,6464
zhao_relative_epsilon,11,6478
zhao_relative_epsilon,11,6490
zhao_relative_epsilon,11,6541
zhao_relative_epsilon,11,6568
zhao_relative_epsilon,11,6572
zhao_relative_epsilon,11,6576
zhao_relative_epsilon,11,6626
zhao_relative_epsilon,11,6636
zhao_relative_epsilon,11,6645
zhao_relative_epsilon,11,6661
zhao_relative_epsilon,11,6698
zhao_relative_epsilon,11,6730
zhao_relative_epsilon,11,6786
zhao_relative_epsilon,11,6812
zhao_relative_epsilon,11,6816
zhao_relative_epsilon,11,6833
zhao_relative_epsilon,11,6878
zhao_relative_epsilon,11,6881
zhao_relative_epsilon,11,6897
zhao_relative_epsilon,11,6903
zhao_relative_epsilon,11,6913
zhao_relative_epsilon,11,6941
zhao_relative_epsilon,11,6945
zhao_relative_epsilon,11,6947
zhao_relative_epsilon,11,6948
zhao_relative_epsilon,11,6998
zhao_relative_epsilon,11,7052
zhao_relative_epsilon,11,7064
zhao_relative_epsilon,11,7075
zhao_relative_epsilon,11,7080
zhao_relative_epsilon,11,7106
zhao_relative_epsilon,11,7124
zhao_relative_epsilon,11,7135
zhao_relative_epsilon,11,7136
zhao_relative_epsilon,11,7140
zhao_relative_epsilon,11,7150
zhao_relative_epsilon,11,7153
zhao_relative_epsilon,11,7187
zhao_relative_epsilon,11,7225
zhao_relative_epsilon,11,7260
zhao_relative_epsilon,11,7264
zhao_relative_epsilon,11,7273
zhao_relative_epsilon,11,7307
zhao_relative_epsilon,11,7323
zhao_relative_epsilon,11,7340
zhao_relative_epsilon,11,7364
zhao_relative_epsilon,11,7382
zhao_relative_epsilon,11,7441
zhao_relative_epsilon,11,7451
zhao_relative_epsilon,11,7478
zhao_relative_epsilon,11,7480
zhao_relative_epsilon,11,7493
zhao_relative_epsilon,11,7508
zhao_relative_epsilon,11,7511
zhao_relative_epsilon,11,7520
zhao_relative_epsilon,11,7525
zhao_relative_epsilon,11,7531
zhao_relative_epsilon,11,7547
zhao_relative_epsilon,11,7550
zhao_relative_epsilon,11,7564
zhao_relative_epsilon,11,7571
zhao_relative_epsilon,11,7572
zhao_relative_epsilon,11,7575
zhao_relative_epsilon,11,7624
zhao_relative_epsilon,11,7639
zhao_relative_epsilon,11,7661
zhao_relative_epsilon,11,7674
zhao_relative_epsilon,11,7684
zhao_relative_epsilon,11,7694
zhao_relative_epsilon,11,7727
zhao_relative_epsilon,11,7755
zhao_relative_epsilon,11,7757
zhao_relative_epsilon,11,7761
zhao_relative_epsilon,11,7772
zhao_relative_epsilon,11,7780
zhao_relative_epsilon,11,7834
zhao_relative_epsilon,11,7868
zhao_relative_epsilon,11,7882
zhao_relative_epsilon,11,7886
zhao_relative_epsilon,11,7892
zhao_relative_epsilon,11,7903
zhao_relative_epsilon,11,7916
zhao_relative_epsilon,11,7934
zhao_relative_epsilon,11,7993
zhao_relative_epsilon,11,8004
zhao_relative_epsilon,11,8015
zhao_relative_epsilon,11,8036
zhao_relative_epsilon,11,8081
zhao_relative_epsilon,11,8089
zhao_relative_epsilon,11,8145
zhao_relative_epsilon,11,8190
zhao_relative_epsilon,11,8215
zhao_relative_epsilon,11,8261
zhao_relative_epsilon,11,8277
zhao_relative_epsilon,11,8282
zhao_relative_epsilon,11,8320
zhao_relative_epsilon,11,8343
zhao_relative_epsilon,11,8348
zhao_relative_epsilon,11,8356
zhao_relative_epsilon,11,8401
zhao_relative_epsilon,11,8437
zhao_relative_epsilon,11,8480
zhao_relative_epsilon,11,8508
zhao_relative_epsilon,11,8517
zhao_relative_epsilon,11,8524
zhao_relative_epsilon,11,8593
zhao_relative_epsilon,11,8609
zhao_relative_epsilon,11,8643
zhao_relative_epsilon,11,8664
zhao_relative_epsilon,11,8680
zhao_relative_epsilon,11,8683
zhao_relative_epsilon,11,8702
zhao_relative_epsilon,11,8711
zhao_relative_epsilon,11,8746
zhao_relative_epsilon,11,8766
zhao_relative_epsilon,11,8826
zhao_relative_epsilon,11,8839
zhao_relative_epsilon,11,8853
zhao_relative_epsilon,11,8872
zhao_relative_epsilon,11,8873
zhao_relative_epsilon,11,8908
zhao_relative_epsilon,11,8930
zhao_relative_epsilon,11,8935
zhao_relative_epsilon,11,8945
zhao_relative_epsilon,11,8980
zhao_relative_epsilon,11,9000
zhao_relative_epsilon,11,9016
zhao_relative_epsilon,11,9058
zhao_relative_epsilon,11,9080
zhao_relative_epsilon,11,9091
zhao_relative_epsilon,11,9148
zhao_relative_epsilon,11,9156
zhao_relative_epsilon,11,9207
zhao_relative_epsilon,11,9223
zhao_relative_epsilon,11,9233
zhao_relative_epsilon,11,9237
zhao_relative_epsilon,11,9240
zhao_relative_epsilon,11,9254
zhao_relative_epsilon,11,9268
zhao_relative_epsilon,11,9287
zhao_relative_epsilon,11,9354
zhao_relative_epsilon,11,9367
zhao_relative_epsilon,11,9392
zhao_relative_epsilon,11,9409
zhao_relative_epsilon,11,9416
zhao_relative_epsilon,11,9424
zhao_relative_epsilon,11,9442
zhao_relative_epsilon,11,9462
zhao_relative_epsilon,11,9465
zhao_relative_epsilon,11,9496
zhao_relative_epsilon,11,9513
zhao_relative_epsilon,11,9527
zhao_relative_epsilon,11,9535
zhao_relative_epsilon,11,9632
zhao_relative_epsilon,11,9638
zhao_relative_epsilon,11,9669
zhao_relative_epsilon,11,9705
zhao_relative_epsilon,11,9719
zhao_relative_epsilon,11,9781
zhao_relative_epsilon,11,9786
zhao_relative_epsilon,11,9813
zhao_relative_epsilon,11,9829
zhao_relative_epsilon,11,9845
zhao_relative_epsilon,11,9864
zhao_relative_epsilon,11,10007
zhao_relative_epsilon,11,10085
zhao_relative_epsilon,11,10135
zhao_relative_epsilon,11,10157
zhao_relative_epsilon,11,10183
zhao_relative_epsilon,11,10186
zhao_relative_epsilon,11,10189
zhao_relative_epsilon,11,10192
zhao_relative_epsilon,11,10215
zhao_relative_epsilon,11,10249
zhao_relative_epsilon,11,10264
zhao_relative_epsilon,11,10283
zhao_relative_epsilon,11,10419
zhao_relative_epsilon,11,10424
zhao_relative_epsilon,11,10435
zhao_relative_epsilon,11,10465
zhao_relative_epsilon,11,10473
zhao_relative_epsilon,11,10482
zhao_relative_epsilon,11,10520
zhao_relative_epsilon,11,10537
zhao_relative_epsilon,11,10549
zhao_relative_epsilon,11,10555
zhao_relative_epsilon,11,10576
zhao_relative_epsilon,11,10594
zhao_relative_epsilon,11,10612
zhao_relative_epsilon,11,10634
zhao_relative_epsilon,11,10692
zhao_relative_epsilon,11,10713
zhao_relative_epsilon,11,10719
zhao_relative_epsilon,11,10724
zhao_relative_epsilon,11,10726
zhao_relative_epsilon,11,10746
zhao_relative_epsilon,11,10778
zhao_relative_epsilon,11,10797
zhao_relative_epsilon,11,10799
zhao_relative_epsilon,11,10803
zhao_relative_epsilon,11,10844
zhao_relative_epsilon,11,10857
zhao_relative_epsilon,11,10875
zhao_relative_epsilon,11,10898
zhao_relative_epsilon,11,10947
zhao_relative_epsilon,11,10950
zhao_relative_epsilon,11,10961
zhao_relative_epsilon,11,11024
zhao_relative_epsilon,11,11047
zhao_relative_epsilon,11,11093
zhao_relative_epsilon,11,11094
zhao_relative_epsilon,11,11133
zhao_relative_epsilon,11,11149
zhao_relative_epsilon,11,11172
zhao_relative_epsilon,11,11199
zhao_relative_epsilon,11,11200
zhao_relative_epsilon,11,11258
zhao_relative_epsilon,11,11266
zhao_relative_epsilon,11,11286
zhao_relative_epsilon,11,11296
zhao_relative_epsilon,11,11321
zhao_relative_epsilon,11,11352
zhao_relative_epsilon,11,11362
zhao_relative_epsilon,11,11363
zhao_relative_epsilon,11,11378
zhao_relative_epsilon,11,11444
zhao_relative_epsilon,11,11445
zhao_relative_epsilon,11,11446
zhao_relative_epsilon,11,11479
zhao_relative_epsilon,11,11517
zhao_relative_epsilon,11,11530
zhao_relative_epsilon,11,11538
zhao_relative_epsilon,11,11581
zhao_relative_epsilon,11,11584
zhao_relative_epsilon,11,11600
zhao_relative_epsilon,11,11633
zhao_relative_epsilon,11,11634
zhao_relative_epsilon,11,11667
zhao_relative_epsilon,11,11719
zhao_relative_epsilon,11,11730
zhao_relative_epsilon,11,11736
zhao_relative_epsilon,11,11749
zhao_relative_epsilon,11,11824
zhao_relative_epsilon,11,11826
zhao_relative_epsilon,11,11850
zhao_relative_epsilon,11,11917
zhao_relative_epsilon,11,11926
zhao_relative_epsilon,11,11927
zhao_relative_epsilon,11,11934
zhao_relative_epsilon,11,11949
zhao_relative_epsilon,11,11954
zhao_relative_epsilon,11,11984
zhao_relative_epsilon,11,11993
zhao_relative_epsilon,11,12049
zhao_relative_epsilon,11,12053
zhao_relative_epsilon,11,12071
zhao_relative_epsilon,11,12073
zhao_relative_epsilon,11,12075
zhao_relative_epsilon,11,12082
zhao_relative_epsilon,11,12094
zhao_relative_epsilon,11,12099
zhao_relative_epsilon,11,12127
zhao_relative_epsilon,11,12141
zhao_relative_epsilon,11,12152
zhao_relative_epsilon,11,12177
zhao_relative_epsilon,11,12187
zhao_relative_epsilon,11,12188
zhao_relative_epsilon,11,12210
zhao_relative_epsilon,11,12260
zhao_relative_epsilon,11,12263
zhao_relative_epsilon,11,12269
zhao_relative_epsilon,11,12270
zhao_relative_epsilon,11,12273
zhao_relative_epsilon,11,12293
zhao_relative_epsilon,11,12356
zhao_relative_epsilon,11,12360
zhao_relative_epsilon,11,12395
zhao_relative_epsilon,11,12398
zhao_relative_epsilon,11,12401
zhao_relative_epsilon,11,12405
zhao_relative_epsilon,11,12417
zhao_relative_epsilon,11,12437
zhao_relative_epsilon,11,12467
zhao_relative_epsilon,11,12514
zhao_relative_epsilon,11,12531
zhao_relative_epsilon,11,12561
zhao_relative_epsilon,11,12599
zhao_relative_epsilon,11,12607
zhao_relative_epsilon,11,12621
zhao_relative_epsilon,11,12635
zhao_relative_epsilon,11,12669
zhao_relative_epsilon,11,12687
zhao_relative_epsilon,11,12699
zhao_relative_epsilon,11,12700
zhao_relative_epsilon,11,12807
zhao_relative_epsilon,11,12838
zhao_relative_epsilon,11,12857
zhao_relative_epsilon,11,12871
zhao_relative_epsilon,11,12897
zhao_relative_epsilon,11,12937
zhao_relative_epsilon,11,12963
zhao_relative_epsilon,11,12966
zhao_relative_epsilon,11,12977
zhao_relative_epsilon,11,12988
zhao_relative_epsilon,11,13005
zhao_relative_epsilon,11,13009
zhao_relative_epsilon,11,13039
zhao_relative_epsilon,11,13042
zhao_relative_epsilon,11,13046
zhao_relative_epsilon,11,13048
zhao_relative_epsilon,11,13050
zhao_relative_epsilon,11,13104
zhao_relative_epsilon,11,13106
zhao_relative_epsilon,11,13153
zhao_relative_epsilon,11,13160
zhao_relative_epsilon,11,13183
zhao_relative_epsilon,11,13240
zhao_relative_epsilon,11,13241
zhao_relative_epsilon,11,13257
zhao_relative_epsilon,11,13272
zhao_relative_epsilon,11,13317
zhao_relative_epsilon,11,13350
zhao_relative_epsilon,11,13359
zhao_relative_epsilon,11,13368
zhao_relative_epsilon,11,13384
zhao_relative_epsilon,11,13398
zhao_relative_epsilon,11,13412
zhao_relative_epsilon,11,13422
zhao_relative_epsilon,11,13442
zhao_relative_epsilon,11,13444
zhao_relative_epsilon,11,13459
zhao_relative_epsilon,11,13460
zhao_relative_epsilon,11,13464
zhao_relative_epsilon,11,13466
zhao_relative_epsilon,11,13490
zhao_relative_epsilon,11,13525
zhao_relative_epsilon,11,13555
zhao_relative_epsilon,11,13586
zhao_relative_epsilon,11,13607
zhao_relative_epsilon,11,13638
zhao_relative_epsilon,11,13639
zhao_relative_epsilon,11,13653
zhao_relative_epsilon,11,13675
zhao_relative_epsilon,11,13724
zhao_relative_epsilon,11,13737
zhao_relative_epsilon,11,13744
zhao_relative_epsilon,11,13759
zhao_relative_epsilon,11,13782
zhao_relative_epsilon,11,13801
zhao_relative_epsilon,11,13819
zhao_relative_epsilon,11,13829
zhao_relative_epsilon,11,13843
zhao_relative_epsilon,11,13926
zhao_relative_epsilon,11,13938
zhao_relative_epsilon,11,13949
zhao_relative_epsilon,11,13972
zhao_relative_epsilon,11,13978
zhao_relative_epsilon,11,14004
zhao_relative_epsilon,11,14033
zhao_relative_epsilon,11,14045
zhao_relative_epsilon,11,14049
zhao_relative_epsilon,11,14057
zhao_relative_epsilon,11,14059
zhao_relative_epsilon,11,14084
zhao_relative_epsilon,11,14092
zhao_relative_epsilon,11,14106
zhao_relative_epsilon,11,14109
zhao_relative_epsilon,11,14120
zhao_relative_epsilon,11,14144
zhao_relative_epsilon,11,14164
zhao_relative_epsilon,11,14180
zhao_relative_epsilon,11,14252
zhao_relative_epsilon,11,14256
zhao_relative_epsilon,11,14290
zhao_relative_epsilon,11,14301
zhao_relative_epsilon,11,14305
zhao_relative_epsilon,11,14312
zhao_relative_epsilon,11,14335
zhao_relative_epsilon,12,1
zhao_relative_epsilon,12,4
zhao_relative_epsilon,12,9
zhao_relative_epsilon,12,46
zhao_relative_epsilon,12,58
zhao_relative_epsilon,12,93
zhao_relative_epsilon,12,110
zhao_relative_epsilon,12,151
zhao_relative_epsilon,12,169
zhao_relative_epsilon,12,180
zhao_relative_epsilon,12,190
zhao_relative_epsilon,12,199
zhao_relative_epsilon,12,203
zhao_relative_epsilon,12,225
zhao_relative_epsilon,12,229
zhao_relative_epsilon,12,234
zhao_relative_epsilon,12,267
zhao_relative_epsilon,12,289
zhao_relative_epsilon,12,310
zhao_relative_epsilon,12,312
zhao_relative_epsilon,12,317
zhao_relative_epsilon,12,319
zhao_relative_epsilon,12,329
zhao_relative_epsilon,12,339
zhao_relative_epsilon,12,341
zhao_relative_epsilon,12,345
zhao_relative_epsilon,12,350
zhao_relative_epsilon,12,351
zhao_relative_epsilon,12,356
zhao_relative_epsilon,12,360
zhao_relative_epsilon,12,364
zhao_relative_epsilon,12,376
zhao_relative_epsilon,12,381
zhao_relative_epsilon,12,400
zhao_relative_epsilon,12,422
zhao_relative_epsilon,12,425
zhao_relative_epsilon,12,428
zhao_relative_epsilon,12,446
zhao_relative_epsilon,12,453
zhao_relative_epsilon,12,470
zhao_relative_epsilon,12,473
zhao_relative_epsilon,12,493
zhao_relative_epsilon,12,495
zhao_relative_epsilon,12,504
zhao_relative_epsilon,12,513
zhao_relative_epsilon,12,515
zhao_relative_epsilon,12,532
zhao_relative_epsilon,12,580
zhao_relative_epsilon,12,581
zhao_relative_epsilon,12,584
zhao_relative_epsilon,12,597
zhao_relative_epsilon,12,622
zhao_relative_epsilon,12,639
zhao_relative_epsilon,12,646
zhao_relative_epsilon,12,665
zhao_relative_epsilon,12,668
zhao_relative_epsilon,12,693
zhao_relative_epsilon,12,734
zhao_relative_epsilon,12,744
zhao_relative_epsilon,12,750
zhao_relative_epsilon,12,756
zhao_relative_epsilon,12,758
zhao_relative_epsilon,12,761
zhao_relative_epsilon,12,768
zhao_relative_epsilon,12,775
zhao_relative_epsilon,12,788
zhao_relative_epsilon,12,798
zhao_relative_epsilon,12,805
zhao_relative_epsilon,12,824
zhao_relative_epsilon,12,829
zhao_relative_epsilon,12,845
zhao_relative_epsilon,12,853
zhao_relative_epsilon,12,864
zhao_relative_epsilon,12,883
zhao_relative_epsilon,12,885
zhao_relative_epsilon,12,886
zhao_relative_epsilon,12,904
zhao_relative_epsilon,12,941
zhao_relative_epsilon,12,945
zhao_relative_epsilon,12,967
zhao_relative_epsilon,12,972
zhao_relative_epsilon,12,976
zhao_relative_epsilon,12,985
zhao_relative_epsilon,12,990
zhao_relative_epsilon,12,992
zhao_relative_epsilon,12,1010
zhao_relative_epsilon,12,1053
zhao_relative_epsilon,12,1084
zhao_relative_epsilon,12,1085
zhao_relative_epsilon,12,1087
zhao_relative_epsilon,12,1103
zhao_relative_epsilon,12,1107
zhao_relative_epsilon,12,1108
zhao_relative_epsilon,12,1118
zhao_relative_epsilon,12,1122
zhao_relative_epsilon,12,1126
zhao_relative_epsilon,12,1138
zhao_relative_epsilon,12,1171
zhao_relative_epsilon,12,1184
zhao_relative_epsilon,12,1193
zhao_relative_epsilon,12,1217
zhao_relative_epsilon,12,1218
zhao_relative_epsilon,12,1224
zhao_relative_epsilon,12,1225
zhao_relative_epsilon,12,1227
zhao_relative_epsilon,12,1250
zhao_relative_epsilon,12,1252
zhao_relative_epsilon,12,1258
zhao_relative_epsilon,12,1260
zhao_relative_epsilon,12,1262
zhao_relative_epsilon,12,1274
zhao_relative_epsilon,12,1275
zhao_relative_epsilon,12,1280
zhao_relative_epsilon,12,1301
zhao_relative_epsilon,12,1313
zhao_relative_epsilon,12,1315
zhao_relative_epsilon,12,1321
zhao_relative_epsilon,12,1327
zhao_relative_epsilon,12,1336
zhao_relative_epsilon,12,1347
zhao_relative_epsilon,12,1351
zhao_relative_epsilon,12,1365
zhao_relative_epsilon,12,1381
zhao_relative_epsilon,12,1382
zhao_relative_epsilon,12,1391
zhao_relative_epsilon,12,1411
zhao_relative_epsilon,12,1449
zhao_relative_epsilon,12,1459
zhao_relative_epsilon,12,1472
zhao_relative_epsilon,12,1473
zhao_relative_epsilon,12,1489
zhao_relative_epsilon,12,1495
zhao_relative_epsilon,12,1500
zhao_relative_epsilon,12,1513
zhao_relative_epsilon,12,1526
zhao_relative_epsilon,12,1532
zhao_relative_epsilon,12,1533
zhao_relative_epsilon,12,1544
zhao_relative_epsilon,12,1558
zhao_relative_epsilon,12,1559
zhao_relative_epsilon,12,1572
zhao_relative_epsilon,12,1574
zhao_relative_epsilon,12,1575
zhao_relative_epsilon,12,1576
zhao_relative_epsilon,12,1577
zhao_relative_epsilon,12,1586
zhao_relative_epsilon,12,1587
zhao_relative_epsilon,12,1617
zhao_relative_epsilon,12,1620
zhao_relative_epsilon,12,1640
zhao_relative_epsilon,12,1654
zhao_relative_epsilon,12,1656
zhao_relative_epsilon,12,1663
zhao_relative_epsilon,12,1674
zhao_relative_epsilon,12,1686
zhao_relative_epsilon,12,1695
zhao_relative_epsilon,12,1701
zhao_relative_epsilon,12,1708
zhao_relative_epsilon,12,1728
zhao_relative_epsilon,12,1743
zhao_relative_epsilon,12,1750
zhao_relative_epsilon,12,1754
zhao_relative_epsilon,12,1755
zhao_relative_epsilon,12,1774
zhao_relative_epsilon,12,1778
zhao_relative_epsilon,12,1791
zhao_relative_epsilon,12,1794
zhao_relative_epsilon,12,1820
zhao_relative_epsilon,12,1825
zhao_relative_epsilon,12,1834
zhao_relative_epsilon,12,1842
zhao_relative_epsilon,12,1849
zhao_relative_epsilon,12,1862
zhao_relative_epsilon,12,1891
zhao_relative_epsilon,12,1903
zhao_relative_epsilon,12,1941
zhao_relative_epsilon,12,1949
zhao_relative_epsilon,12,1951
zhao_relative_epsilon,12,1973
zhao_relative_epsilon,12,1974
zhao_relative_epsilon,12,1975
zhao_relative_epsilon,12,1983
zhao_relative_epsilon,12,1994
zhao_relative_epsilon,12,2021
zhao_relative_epsilon,12,2043
zhao_relative_epsilon,12,2050
zhao_relative_epsilon,12,2055
zhao_relative_epsilon,12,2063
zhao_relative_epsilon,12,2064
zhao_relative_epsilon,12,2071
zhao_relative_epsilon,12,2079
zhao_relative_epsilon,12,2080
zhao_relative_epsilon,12,2099
zhao_relative_epsilon,12,2102
zhao_relative_epsilon,12,2124
zhao_relative_epsilon,12,2136
zhao_relative_epsilon,12,2140
zhao_relative_epsilon,12,2150
zhao_relative_epsilon,12,2162
zhao_relative_epsilon,12,2181
zhao_relative_epsilon,12,2187
zhao_relative_epsilon,12,2189
zhao_relative_epsilon,12,2196
zhao_relative_epsilon,12,2219
zhao_relative_epsilon,12,2232
zhao_relative_epsilon,12,2238
zhao_relative_epsilon,12,2239
zhao_relative_epsilon,12,2242
zhao_relative_epsilon,12,2254
zhao_relative_epsilon,12,2271
zhao_relative_epsilon,12,2272
zhao_relative_epsilon,12,2273
zhao_relative_epsilon,12,2280
zhao_relative_epsilon,12,2281
zhao_relative_epsilon,12,2292
zhao_relative_epsilon,12,2302
zhao_relative_epsilon,12,2303
zhao_relative_epsilon,12,2305
zhao_relative_epsilon,12,2331
zhao_relative_epsilon,12,2350
zhao_relative_epsilon,12,2368
zhao_relative_epsilon,12,2369
zhao_relative_epsilon,12,2381
zhao_relative_epsilon,12,2404
zhao_relative_epsilon,12,2413
zhao_relative_epsilon,12,2438
zhao_relative_epsilon,12,2440
zhao_relative_epsilon,12,2481
zhao_relative_epsilon,12,2512
zhao_relative_epsilon,12,2515
zhao_relative_epsilon,12,2516
zhao_relative_epsilon,12,2518
zhao_relative_epsilon,12,2533
zhao_relative_epsilon,12,2539
zhao_relative_epsilon,12,2550
zhao_relative_epsilon,12,2554
zhao_relative_epsilon,12,2561
zhao_relative_epsilon,12,2570
zhao_relative_epsilon,12,2574
zhao_relative_epsilon,12,2577
zhao_relative_epsilon,12,2581
zhao_relative_epsilon,12,2594
zhao_relative_epsilon,12,2616
zhao_relative_epsilon,12,2621
zhao_relative_epsilon,12,2643
zhao_relative_epsilon,12,2644
zhao_relative_epsilon,12,2655
zhao_relative_epsilon,12,2662
zhao_relative_epsilon,12,2663
zhao_relative_epsilon,12,2679
zhao_relative_epsilon,12,2704
zhao_relative_epsilon,12,2711
zhao_relative_epsilon,12,2723
zhao_relative_epsilon,12,2725
zhao_relative_epsilon,12,2780
zhao_relative_epsilon,12,2796
zhao_relative_epsilon,12,2812
zhao_relative_epsilon,12,2826
zhao_relative_epsilon,12,2838
zhao_relative_epsilon,12,2840
zhao_relative_epsilon,12,2846
zhao_relative_epsilon,12,2857
zhao_relative_epsilon,12,2860
zhao_relative_epsilon,12,2871
zhao_relative_epsilon,12,2876
zhao_relative_epsilon,12,2896
zhao_relative_epsilon,12,2909
zhao_relative_epsilon,12,2937
zhao_relative_epsilon,12,2941
zhao_relative_epsilon,12,2942
zhao_relative_epsilon,12,2962
zhao_relative_epsilon,12,2976
zhao_relative_epsilon,12,2982
zhao_relative_epsilon,12,2992
zhao_relative_epsilon,12,2995
zhao_relative_epsilon,12,2997
zhao_relative_epsilon,12,3003
zhao_relative_epsilon,12,3025
zhao_relative_epsilon,12,3032
zhao_relative_epsilon,12,3034
zhao_relative_epsilon,12,3060
zhao_relative_epsilon,12,3064
zhao_relative_epsilon,12,3068
zhao_relative_epsilon,12,3088
zhao_relative_epsilon,12,3093
zhao_relative_epsilon,12,3100
zhao_relative_epsilon,12,3130
zhao_relative_epsilon,12,3131
zhao_relative_epsilon,12,3136
zhao_relative_epsilon,12,3149
zhao_relative_epsilon,12,3157
zhao_relative_epsilon,12,3163
zhao_relative_epsilon,12,3175
zhao_relative_epsilon,12,3204
zhao_relative_epsilon,12,3206
zhao_relative_epsilon,12,3220
zhao_relative_epsilon,12,3228
zhao_relative_epsilon,12,3237
zhao_relative_epsilon,12,3259
zhao_relative_epsilon,12,3263
zhao_relative_epsilon,12,3282
zhao_relative_epsilon,12,3306
zhao_relative_epsilon,12,3331
zhao_relative_epsilon,12,3339
zhao_relative_epsilon,12,3341
zhao_relative_epsilon,12,3359
zhao_relative_epsilon,12,3361
zhao_relative_epsilon,12,3387
zhao_relative_epsilon,12,3388
zhao_relative_epsilon,12,3390
zhao_relative_epsilon,12,3415
zhao_relative_epsilon,12,3419
zhao_relative_epsilon,12,3429
zhao_relative_epsilon,12,3440
zhao_relative_epsilon,12,3474
zhao_relative_epsilon,12,3489
zhao_relative_epsilon,12,3501
zhao_relative_epsilon,12,3502
zhao_relative_epsilon,12,3509
zhao_relative_epsilon,12,3517
zhao_relative_epsilon,12,3526
zhao_relative_epsilon,12,3544
zhao_relative_epsilon,12,3556
zhao_relative_epsilon,12,3560
zhao_relative_epsilon,12,3578
zhao_relative_epsilon,12,3588
zhao_relative_epsilon,12,3601
zhao_relative_epsilon,12,3608
zhao_relative_epsilon,12,3611
zhao_relative_epsilon,12,3620
zhao_relative_epsilon,12,3621
zhao_relative_epsilon,12,3626
zhao_relative_epsilon,12,3639
zhao_relative_epsilon,12,3645
zhao_relative_epsilon,12,3662
zhao_relative_epsilon,12,3670
zhao_relative_epsilon,12,3697
zhao_relative_epsilon,12,3727
zhao_relative_epsilon,12,3729
zhao_relative_epsilon,12,3734
zhao_relative_epsilon,12,3740
zhao_relative_epsilon,12,3746
zhao_relative_epsilon,12,3769
zhao_relative_epsilon,12,3776
zhao_relative_epsilon,12,3787
zhao_relative_epsilon,12,3803
zhao_relative_epsilon,12,3813
zhao_relative_epsilon,12,3848
zhao_relative_epsilon,12,3858
zhao_relative_epsilon,12,3873
zhao_relative_epsilon,12,3874
zhao_relative_epsilon,12,3910
zhao_relative_epsilon,12,3915
zhao_relative_epsilon,12,3926
zhao_relative_epsilon,12,3933
zhao_relative_epsilon,12,3938
zhao_relative_epsilon,12,3941
zhao_relative_epsilon,12,3967
zhao_relative_epsilon,12,3983
zhao_relative_epsilon,12,3984
zhao_relative_epsilon,12,3985
zhao_relative_epsilon,12,4011
zhao_relative_epsilon,12,4024
zhao_relative_epsilon,12,4029
zhao_relative_epsilon,12,4036
zhao_relative_epsilon,12,4048
zhao_relative_epsilon,12,4062
zhao_relative_epsilon,12,4067
zhao_relative_epsilon,12,4069
zhao_relative_epsilon,12,4103
zhao_relative_epsilon,12,4117
zhao_relative_epsilon,12,4134
zhao_relative_epsilon,12,4160
zhao_relative_epsilon,12,4189
zhao_relative_epsilon,12,4190
zhao_relative_epsilon,12,4195
zhao_relative_epsilon,12,4197
zhao_relative_epsilon,12,4201
zhao_relative_epsilon,12,4214
zhao_relative_epsilon,12,4219
zhao_relative_epsilon,12,4236
zhao_relative_epsilon,12,4239
zhao_relative_epsilon,12,4253
zhao_relative_epsilon,12,4259
zhao_relative_epsilon,12,4265
zhao_relative_epsilon,12,4267
zhao_relative_epsilon,12,4268
zhao_relative_epsilon,12,4286
zhao_relative_epsilon,12,4288
zhao_relative_epsilon,12,4296
zhao_relative_epsilon,12,4300
zhao_relative_epsilon,12,4308
zhao_relative_epsilon,12,4319
zhao_relative_epsilon,12,4320
zhao_relative_epsilon,12,4335
zhao_relative_epsilon,12,4366
zhao_relative_epsilon,12,4389
zhao_relative_epsilon,12,4393
zhao_relative_epsilon,12,4396
zhao_relative_epsilon,12,4399
zhao_relative_epsilon,12,4404
zhao_relative_epsilon,12,4415
zhao_relative_epsilon,12,4439
zhao_relative_epsilon,12,4443
zhao_relative_epsilon,12,4464
zhao_relative_epsilon,12,4476
zhao_relative_epsilon,12,4484
zhao_relative_epsilon,12,4497
zhao_relative_epsilon,12,4498
zhao_relative_epsilon,12,4509
zhao_relative_epsilon,12,4510
zhao_relative_epsilon,12,4515
zhao_relative_epsilon,12,4524
zhao_relative_epsilon,12,4534
zhao_relative_epsilon,12,4537
zhao_relative_epsilon,12,4543
zhao_relative_epsilon,12,4545
zhao_relative_epsilon,12,4546
zhao_relative_epsilon,12,4560
zhao_relative_epsilon,12,4567
zhao_relative_epsilon,12,4570
zhao_relative_epsilon,12,4583
zhao_relative_epsilon,12,4592
zhao_relative_epsilon,12,4595
zhao_relative_epsilon,12,4616
zhao_relative_epsilon,12,4617
zhao_relative_epsilon,12,4638
zhao_relative_epsilon,12,4643
zhao_relative_epsilon,12,4650
zhao_relative_epsilon,12,4691
zhao_relative_epsilon,12,4697
zhao_relative_epsilon,12,4702
zhao_relative_epsilon,12,4706
zhao_relative_epsilon,12,4718
zhao_relative_epsilon,12,4723
zhao_relative_epsilon,12,4724
zhao_relative_epsilon,12,4734
zhao_relative_epsilon,12,4738
zhao_relative_epsilon,12,4744
zhao_relative_epsilon,12,4776
zhao_relative_epsilon,12,4790
zhao_relative_epsilon,12,4792
zhao_relative_epsilon,12,4796
zhao_relative_epsilon,12,4805
zhao_relative_epsilon,12,4811
zhao_relative_epsilon,12,4815
zhao_relative_epsilon,12,4841
zhao_relative_epsilon,12,4849
zhao_relative_epsilon,12,4874
zhao_relative_epsilon,12,4900
zhao_relative_epsilon,12,4926
zhao_relative_epsilon,12,4935
zhao_relative_epsilon,12,4963
zhao_relative_epsilon,12,4979
zhao_relative_epsilon,12,4992
zhao_relative_epsilon,12,5000
zhao_relative_epsilon,12,5028
zhao_relative_epsilon,12,5034
zhao_relative_epsilon,12,5067
zhao_relative_epsilon,12,5070
zhao_relative_epsilon,12,5104
zhao_relative_epsilon,12,5124
zhao_relative_epsilon,12,5125
zhao_relative_epsilon,12,5127
zhao_relative_epsilon,12,5160
zhao_relative_epsilon,12,5178
zhao_relative_epsilon,12,5181
zhao_relative_epsilon,12,5204
zhao_relative_epsilon,12,5208
zhao_relative_epsilon,12,5225
zhao_relative_epsilon,12,5227
zhao_relative_epsilon,12,5247
zhao_relative_epsilon,12,5258
zhao_relative_epsilon,12,5260
zhao_relative_epsilon,12,5277
zhao_relative_epsilon,12,5280
zhao_relative_epsilon,12,5284
zhao_relative_epsilon,12,5287
zhao_relative_epsilon,12,5319
zhao_relative_epsilon,12,5338
zhao_relative_epsilon,12,5350
zhao_relative_epsilon,12,5356
zhao_relative_epsilon,12,5388
zhao_relative_epsilon,12,5399
zhao_relative_epsilon,12,5425
zhao_relative_epsilon,12,5430
zhao_relative_epsilon,12,5431
zhao_relative_epsilon,12,5434
zhao_relative_epsilon,12,5435
zhao_relative_epsilon,12,5447
zhao_relative_epsilon,12,5451
zhao_relative_epsilon,12,5453
zhao_relative_epsilon,12,5460
zhao_relative_epsilon,12,5461
zhao_relative_epsilon,12,5486
zhao_relative_epsilon,12,5493
zhao_relative_epsilon,12,5496
zhao_relative_epsilon,12,5503
zhao_relative_epsilon,12,5512
zhao_relative_epsilon,12,5518
zhao_relative_epsilon,12,5543
zhao_relative_epsilon,12,5570
zhao_relative_epsilon,12,5581
zhao_relative_epsilon,12,5582
zhao_relative_epsilon,12,5599
zhao_relative_epsilon,12,5608
zhao_relative_epsilon,12,5612
zhao_relative_epsilon,12,5614
zhao_relative_epsilon,12,5630
zhao_relative_epsilon,12,5642
zhao_relative_epsilon,12,5644
zhao_relative_epsilon,12,5649
zhao_relative_epsilon,12,5671
zhao_relative_epsilon,12,5684
zhao_relative_epsilon,12,5689
zhao_relative_epsilon,12,5690
zhao_relative_epsilon,12,5697
zhao_relative_epsilon,12,5704
zhao_relative_epsilon,12,5717
zhao_relative_epsilon,12,5740
zhao_relative_epsilon,12,5745
zhao_relative_epsilon,12,5755
zhao_relative_epsilon,12,5758
zhao_relative_epsilon,12,5767
zhao_relative_epsilon,12,5785
zhao_relative_epsilon,12,5800
zhao_relative_epsilon,12,5802
zhao_relative_epsilon,12,5811
zhao_relative_epsilon,12,5812
zhao_relative_epsilon,12,5821
zhao_relative_epsilon,12,5831
zhao_relative_epsilon,12,5834
zhao_relative_epsilon,12,5845
zhao_relative_epsilon,12,5857
zhao_relative_epsilon,12,5886
zhao_relative_epsilon,12,5899
zhao_relative_epsilon,12,5902
zhao_relative_epsilon,12,5903
zhao_relative_epsilon,12,5918
zhao_relative_epsilon,12,5953
zhao_relative_epsilon,12,5961
zhao_relative_epsilon,12,5965
zhao_relative_epsilon,12,5996
zhao_relative_epsilon,12,6000
zhao_relative_epsilon,12,6028
zhao_relative_epsilon,12,6030
zhao_relative_epsilon,12,6054
zhao_relative_epsilon,12,6057
zhao_relative_epsilon,12,6059
zhao_relative_epsilon,12,6063
zhao_relative_epsilon,12,6064
zhao_relative_epsilon,12,6066
zhao_relative_epsilon,12,6068
zhao_relative_epsilon,12,6078
zhao_relative_epsilon,12,6113
zhao_relative_epsilon,12,6117
zhao_relative_epsilon,12,6119
zhao_relative_epsilon,12,6131
zhao_relative_epsilon,12,6133
zhao_relative_epsilon,12,6144
zhao_relative_epsilon,12,6150
zhao_relative_epsilon,12,6165
zhao_relative_epsilon,12,6166
zhao_relative_epsilon,12,6187
zhao_relative_epsilon,12,6198
zhao_relative_epsilon,12,6199
zhao_relative_epsilon,12,6222
zhao_relative_epsilon,12,6241
zhao_relative_epsilon,12,6242
zhao_relative_epsilon,12,6255
zhao_relative_epsilon,12,6260
zhao_relative_epsilon,12,6267
zhao_relative_epsilon,12,6273
zhao_relative_epsilon,12,6278
zhao_relative_epsilon,12,6295
zhao_relative_epsilon,12,6335
zhao_relative_epsilon,12,6338
zhao_relative_epsilon,12,6339
zhao_relative_epsilon,12,6357
zhao_relative_epsilon,12,6373
zhao_relative_epsilon,12,6375
zhao_relative_epsilon,12,6384
zhao_relative_epsilon,12,6390
zhao_relative_epsilon,12,6395
zhao_relative_epsilon,12,6410
zhao_relative_epsilon,12,6415
zhao_relative_epsilon,12,6421
zhao_relative_epsilon,12,6426
zhao_relative_epsilon,12,6447
zhao_relative_epsilon,12,6452
zhao_relative_epsilon,12,6477
zhao_relative_epsilon,12,6501
zhao_relative_epsilon,12,6506
zhao_relative_epsilon,12,6520
zhao_relative_epsilon,12,6523
zhao_relative_epsilon,12,6526
zhao_relative_epsilon,12,6538
zhao_relative_epsilon,12,6546
zhao_relative_epsilon,12,6554
zhao_relative_epsilon,12,6561
zhao_relative_epsilon,12,6566
zhao_relative_epsilon,12,6581
zhao_relative_epsilon,12,6600
zhao_relative_epsilon,12,6606
zhao_relative_epsilon,12,6613
zhao_relative_epsilon,12,6614
zhao_relative_epsilon,12,6616
zhao_relative_epsilon,12,6617
zhao_relative_epsilon,12,6618
zhao_relative_epsilon,12,6638
zhao_relative_epsilon,12,6648
zhao_relative_epsilon,12,6650
zhao_relative_epsilon,12,6679
zhao_relative_epsilon,12,6712
zhao_relative_epsilon,12,6755
zhao_relative_epsilon,12,6770
zhao_relative_epsilon,12,6776
zhao_relative_epsilon,12,6779
zhao_relative_epsilon,12,6786
zhao_relative_epsilon,12,6790
zhao_relative_epsilon,12,6792
zhao_relative_epsilon,12,6793
zhao_relative_epsilon,12,6796
zhao_relative_epsilon,12,6807
zhao_relative_epsilon,12,6844
zhao_relative_epsilon,12,6851
zhao_relative_epsilon,12,6859
zhao_relative_epsilon,12,6882
zhao_relative_epsilon,12,6885
zhao_relative_epsilon,12,6904
zhao_relative_epsilon,12,6912
zhao_relative_epsilon,12,6917
zhao_relative_epsilon,12,6947
zhao_relative_epsilon,12,6950
zhao_relative_epsilon,12,6960
zhao_relative_epsilon,12,6968
zhao_relative_epsilon,12,6973
zhao_relative_epsilon,12,6976
zhao_relative_epsilon,12,6991
zhao_relative_epsilon,12,6993
zhao_relative_epsilon,12,7004
zhao_relative_epsilon,12,7016
zhao_relative_epsilon,12,7023
zhao_relative_epsilon,12,7038
zhao_relative_epsilon,12,7051
zhao_relative_epsilon,12,7055
zhao_relative_epsilon,12,7066
zhao_relative_epsilon,12,7070
zhao_relative_epsilon,12,7074
zhao_relative_epsilon,12,7083
zhao_relative_epsilon,12,7086
zhao_relative_epsilon,12,7087
zhao_relative_epsilon,12,7091
zhao_relative_epsilon,12,7094
zhao_relative_epsilon,12,7095
zhao_relative_epsilon,12,7101
zhao_relative_epsilon,12,7102
zhao_relative_epsilon,12,7114
zhao_relative_epsilon,12,7135
zhao_relative_epsilon,12,7164
zhao_relative_epsilon,12,7173
zhao_relative_epsilon,12,7185
zhao_relative_epsilon,12,7196
zhao_relative_epsilon,12,7206
zhao_relative_epsilon,12,7213
zhao_relative_epsilon,12,7215
zhao_relative_epsilon,12,7219
zhao_relative_epsilon,12,7220
zhao_relative_epsilon,12,7221
zhao_relative_epsilon,12,7234
zhao_relative_epsilon,12,7244
zhao_relative_epsilon,12,7261
zhao_relative_epsilon,12,7269
zhao_relative_epsilon,12,7270
zhao_relative_epsilon,12,7276
zhao_relative_epsilon,12,7280
zhao_relative_epsilon,12,7309
zhao_relative_epsilon,12,7314
zhao_relative_epsilon,12,7325
zhao_relative_epsilon,12,7326
zhao_relative_epsilon,12,7328
zhao_relative_epsilon,12,7342
zhao_relative_epsilon,12,7411
zhao_relative_epsilon,12,7429
zhao_relative_epsilon,12,7470
zhao_relative_epsilon,12,7480
zhao_relative_epsilon,12,7485
zhao_relative_epsilon,12,7495
zhao_relative_epsilon,12,7500
zhao_relative_epsilon,12,7548
zhao_relative_epsilon,12,7552
zhao_relative_epsilon,12,7555
zhao_relative_epsilon,12,7557
zhao_relative_epsilon,12,7561
zhao_relative_epsilon,12,7563
zhao_relative_epsilon,12,7584
zhao_relative_epsilon,12,7588
zhao_relative_epsilon,12,7589
zhao_relative_epsilon,12,7593
zhao_relative_epsilon,12,7597
zhao_relative_epsilon,12,7598
zhao_relative_epsilon,12,7602
zhao_relative_epsilon,12,7632
zhao_relative_epsilon,12,7640
zhao_relative_epsilon,12,7655
zhao_relative_epsilon,12,7656
zhao_relative_epsilon,12,7676
zhao_relative_epsilon,12,7688
zhao_relative_epsilon,12,7699
zhao_relative_epsilon,12,7710
zhao_relative_epsilon,12,7717
zhao_relative_epsilon,12,7735
zhao_relative_epsilon,12,7784
zhao_relative_epsilon,12,7789
zhao_relative_epsilon,12,7801
zhao_relative_epsilon,12,7805
zhao_relative_epsilon,12,7810
zhao_relative_epsilon,12,7823
zhao_relative_epsilon,12,7832
zhao_relative_epsilon,12,7839
zhao_relative_epsilon,12,7860
zhao_relative_epsilon,12,7872
zhao_relative_epsilon,12,7877
zhao_relative_epsilon,12,7896
zhao_relative_epsilon,12,7905
zhao_relative_epsilon,12,7925
zhao_relative_epsilon,12,7931
zhao_relative_epsilon,12,7935
zhao_relative_epsilon,12,7950
zhao_relative_epsilon,12,7952
zhao_relative_epsilon,12,7972
zhao_relative_epsilon,12,7984
zhao_relative_epsilon,12,7988
zhao_relative_epsilon,12,7989
zhao_relative_epsilon,12,8011
zhao_relative_epsilon,12,8015
zhao_relative_epsilon,12,8017
zhao_relative_epsilon,12,8026
zhao_relative_epsilon,12,8032
zhao_relative_epsilon,12,8043
zhao_relative_epsilon,12,8044
zhao_relative_epsilon,12,8054
zhao_relative_epsilon,12,8070
zhao_relative_epsilon,12,8080
zhao_relative_epsilon,12,8107
zhao_relative_epsilon,12,8124
zhao_relative_epsilon,12,8149
zhao_relative_epsilon,12,8155
zhao_relative_epsilon,12,8181
zhao_relative_epsilon,12,8182
zhao_relative_epsilon,12,8197
zhao_relative_epsilon,12,8230
zhao_relative_epsilon,12,8235
zhao_relative_epsilon,12,8238
zhao_relative_epsilon,12,8243
zhao_relative_epsilon,12,8255
zhao_relative_epsilon,12,8277
zhao_relative_epsilon,12,8282
zhao_relative_epsilon,12,8300
zhao_relative_epsilon,12,8308
zhao_relative_epsilon,12,8310
zhao_relative_epsilon,12,8314
zhao_relative_epsilon,12,8322
zhao_relative_epsilon,12,8324
zhao_relative_epsilon,12,8343
zhao_relative_epsilon,12,8365
zhao_relative_epsilon,12,8386
zhao_relative_epsilon,12,8389
zhao_relative_epsilon,12,8390
zhao_relative_epsilon,12,8395
zhao_relative_epsilon,12,8412
zhao_relative_epsilon,12,8419
zhao_relative_epsilon,12,8420
zhao_relative_epsilon,12,8435
zhao_relative_epsilon,12,8447
zhao_relative_epsilon,12,8459
zhao_relative_epsilon,12,8479
zhao_relative_epsilon,12,8484
zhao_relative_epsilon,12,8485
zhao_relative_epsilon,12,8487
zhao_relative_epsilon,12,8500
zhao_relative_epsilon,12,8512
zhao_relative_epsilon,12,8540
zhao_relative_epsilon,12,8552
zhao_relative_epsilon,12,8561
zhao_relative_epsilon,12,8583
zhao_relative_epsilon,12,8585
zhao_relative_epsilon,12,8593
zhao_relative_epsilon,12,8604
zhao_relative_epsilon,12,8628
zhao_relative_epsilon,12,8632
zhao_relative_epsilon,12,8633
zhao_relative_epsilon,12,8636
zhao_relative_epsilon,12,8653
zhao_relative_epsilon,12,8655
zhao_relative_epsilon,12,8672
zhao_relative_epsilon,12,8674
zhao_relative_epsilon,12,8685
zhao_relative_epsilon,12,8692
zhao_relative_epsilon,12,8695
zhao_relative_epsilon,12,8710
zhao_relative_epsilon,12,8713
zhao_relative_epsilon,12,8724
zhao_relative_epsilon,12,8737
zhao_relative_epsilon,12,8743
zhao_relative_epsilon,12,8747
zhao_relative_epsilon,12,8770
zhao_relative_epsilon,12,8776
zhao_relative_epsilon,12,8790
zhao_relative_epsilon,12,8825
zhao_relative_epsilon,12,8835
zhao_relative_epsilon,12,8845
zhao_relative_epsilon,12,8861
zhao_relative_epsilon,12,8893
zhao_relative_epsilon,12,8894
zhao_relative_epsilon,12,8908
zhao_relative_epsilon,12,8927
zhao_relative_epsilon,12,8929
zhao_relative_epsilon,12,8938
zhao_relative_epsilon,12,8964
zhao_relative_epsilon,12,8978
zhao_relative_epsilon,12,9001
zhao_relative_epsilon,12,9002
zhao_relative_epsilon,12,9003
zhao_relative_epsilon,12,9041
zhao_relative_epsilon,12,9051
zhao_relative_epsilon,12,9059
zhao_relative_epsilon,12,9067
zhao_relative_epsilon,12,9073
zhao_relative_epsilon,12,9074
zhao_relative_epsilon,12,9093
zhao_relative_epsilon,12,9138
zhao_relative_epsilon,12,9141
zhao_relative_epsilon,12,9148
zhao_relative_epsilon,12,9176
zhao_relative_epsilon,12,9190
zhao_relative_epsilon,12,9200
zhao_relative_epsilon,12,9203
zhao_relative_epsilon,12,9205
zhao_relative_epsilon,12,9229
zhao_relative_epsilon,12,9258
zhao_relative_epsilon,12,9261
zhao_relative_epsilon,12,9265
zhao_relative_epsilon,12,9270
zhao_relative_epsilon,12,9278
zhao_relative_epsilon,12,9287
zhao_relative_epsilon,12,9293
zhao_relative_epsilon,12,9310
zhao_relative_epsilon,12,9315
zhao_relative_epsilon,12,9319
zhao_relative_epsilon,12,9336
zhao_relative_epsilon,12,9356
zhao_relative_epsilon,12,9365
zhao_relative_epsilon,12,9368
zhao_relative_epsilon,12,9385
zhao_relative_epsilon,12,9392
zhao_relative_epsilon,12,9422
zhao_relative_epsilon,12,9434
zhao_relative_epsilon,12,9444
zhao_relative_epsilon,12,9448
zhao_relative_epsilon,12,9460
zhao_relative_epsilon,12,9474
zhao_relative_epsilon,12,9477
zhao_relative_epsilon,12,9479
zhao_relative_epsilon,12,9505
zhao_relative_epsilon,12,9511
zhao_relative_epsilon,12,9532
zhao_relative_epsilon,12,9569
zhao_relative_epsilon,12,9593
zhao_relative_epsilon,12,9598
zhao_relative_epsilon,12,9599
zhao_relative_epsilon,12,9601
zhao_relative_epsilon,12,9643
zhao_relative_epsilon,12,9659
zhao_relative_epsilon,12,9680
zhao_relative_epsilon,12,9683
zhao_relative_epsilon,12,9691
zhao_relative_epsilon,12,9695
zhao_relative_epsilon,12,9704
zhao_relative_epsilon,12,9710
zhao_relative_epsilon,12,9740
zhao_relative_epsilon,12,9744
zhao_relative_epsilon,12,9772
zhao_relative_epsilon,12,9777
zhao_relative_epsilon,12,9787
zhao_relative_epsilon,12,9790
zhao_relative_epsilon,12,9795
zhao_relative_epsilon,12,9797
zhao_relative_epsilon,12,9799
zhao_relative_epsilon,12,9800
zhao_relative_epsilon,12,9810
zhao_relative_epsilon,12,9845
zhao_relative_epsilon,12,9873
zhao_relative_epsilon,12,9898
zhao_relative_epsilon,12,9906
zhao_relative_epsilon,12,9920
zhao_relative_epsilon,12,9922
zhao_relative_epsilon,12,9923
zhao_relative_epsilon,12,9938
zhao_relative_epsilon,12,9945
zhao_relative_epsilon,12,9966
zhao_relative_epsilon,12,9973
zhao_relative_epsilon,12,9992
zhao_relative_epsilon,12,9998
zhao_relative_epsilon,12,10016
zhao_relative_epsilon,12,10021
zhao_relative_epsilon,12,10028
zhao_relative_epsilon,12,10036
zhao_relative_epsilon,12,10048
zhao_relative_epsilon,12,10051
zhao_relative_epsilon,12,10076
zhao_relative_epsilon,12,10079
zhao_relative_epsilon,12,10082
zhao_relative_epsilon,12,10083
zhao_relative_epsilon,12,10085
zhao_relative_epsilon,12,10099
zhao_relative_epsilon,12,10100
zhao_relative_epsilon,12,10110
zhao_relative_epsilon,12,10115
zhao_relative_epsilon,12,10125
zhao_relative_epsilon,12,10137
zhao_relative_epsilon,12,10142
zhao_relative_epsilon,12,10151
zhao_relative_epsilon,12,10160
zhao_relative_epsilon,12,10180
zhao_relative_epsilon,12,10192
zhao_relative_epsilon,12,10197
zhao_relative_epsilon,12,10206
zhao_relative_epsilon,12,10219
zhao_relative_epsilon,12,10244
zhao_relative_epsilon,12,10252
zhao_relative_epsilon,12,10256
zhao_relative_epsilon,12,10272
zhao_relative_epsilon,12,10294
zhao_relative_epsilon,12,10296
zhao_relative_epsilon,12,10329
zhao_relative_epsilon,12,10330
zhao_relative_epsilon,12,10334
zhao_relative_epsilon,12,10347
zhao_relative_epsilon,12,10354
zhao_relative_epsilon,12,10356
zhao_relative_epsilon,12,10372
zhao_relative_epsilon,12,10373
zhao_relative_epsilon,12,10376
zhao_relative_epsilon,12,10381
zhao_relative_epsilon,12,10382
zhao_relative_epsilon,12,10397
zhao_relative_epsilon,12,10408
zhao_relative_epsilon,12,10418
zhao_relative_epsilon,12,10431
zhao_relative_epsilon,12,10435
zhao_relative_epsilon,12,10441
zhao_relative_epsilon,12,10456
zhao_relative_epsilon,12,10483
zhao_relative_epsilon,12,10511
zhao_relative_epsilon,12,10532
zhao_relative_epsilon,12,10549
zhao_relative_epsilon,12,10560
zhao_relative_epsilon,12,10566
zhao_relative_epsilon,12,10568
zhao_relative_epsilon,12,10570
zhao_relative_epsilon,12,10572
zhao_relative_epsilon,12,10577
zhao_relative_epsilon,12,10645
zhao_relative_epsilon,12,10646
zhao_relative_epsilon,12,10648
zhao_relative_epsilon,12,10661
zhao_relative_epsilon,12,10665
zhao_relative_epsilon,12,10686
zhao_relative_epsilon,12,10697
zhao_relative_epsilon,12,10705
zhao_relative_epsilon,12,10736
zhao_relative_epsilon,12,10737
zhao_relative_epsilon,12,10749
zhao_relative_epsilon,12,10761
zhao_relative_epsilon,12,10779
zhao_relative_epsilon,12,10780
zhao_relative_epsilon,12,10781
zhao_relative_epsilon,12,10786
zhao_relative_epsilon,12,10788
zhao_relative_epsilon,12,10792
zhao_relative_epsilon,12,10817
zhao_relative_epsilon,12,10837
zhao_relative_epsilon,12,10850
zhao_relative_epsilon,12,10860
zhao_relative_epsilon,12,10865
zhao_relative_epsilon,12,10867
zhao_relative_epsilon,12,10907
zhao_relative_epsilon,12,10910
zhao_relative_epsilon,12,10914
zhao_relative_epsilon,12,10926
zhao_relative_epsilon,12,10930
zhao_relative_epsilon,12,10943
zhao_relative_epsilon,12,10950
zhao_relative_epsilon,12,10951
zhao_relative_epsilon,12,10969
zhao_relative_epsilon,12,10989
zhao_relative_epsilon,12,11011
zhao_relative_epsilon,12,11015
zhao_relative_epsilon,12,11020
zhao_relative_epsilon,12,11040
zhao_relative_epsilon,12,11064
zhao_relative_epsilon,12,11078
zhao_relative_epsilon,12,11094
zhao_relative_epsilon,12,11105
zhao_relative_epsilon,12,11126
zhao_relative_epsilon,12,11127
zhao_relative_epsilon,12,11138
zhao_relative_epsilon,12,11139
zhao_relative_epsilon,12,11147
zhao_relative_epsilon,12,11155
zhao_relative_epsilon,12,11162
zhao_relative_epsilon,12,11164
zhao_relative_epsilon,12,11181
zhao_relative_epsilon,12,11185
zhao_relative_epsilon,12,11192
zhao_relative_epsilon,12,11193
zhao_relative_epsilon,12,11217
zhao_relative_epsilon,12,11219
zhao_relative_epsilon,12,11229
zhao_relative_epsilon,12,11237
zhao_relative_epsilon,12,11250
zhao_relative_epsilon,12,11256
zhao_relative_epsilon,12,11257
zhao_relative_epsilon,12,11262
zhao_relative_epsilon,12,11278
zhao_relative_epsilon,12,11282
zhao_relative_epsilon,12,11285
zhao_relative_epsilon,12,11364
zhao_relative_epsilon,12,11379
zhao_relative_epsilon,12,11383
zhao_relative_epsilon,12,11391
zhao_relative_epsilon,12,11414
zhao_relative_epsilon,12,11416
zhao_relative_epsilon,12,11428
zhao_relative_epsilon,12,11445
zhao_relative_epsilon,12,11446
zhao_relative_epsilon,12,11451
zhao_relative_epsilon,12,11452
zhao_relative_epsilon,12,11456
zhao_relative_epsilon,12,11458
zhao_relative_epsilon,12,11460
zhao_relative_epsilon,12,11475
zhao_relative_epsilon,12,11478
zhao_relative_epsilon,12,11481
zhao_relative_epsilon,12,11505
zhao_relative_epsilon,12,11507
zhao_relative_epsilon,12,11525
zhao_relative_epsilon,12,11532
zhao_relative_epsilon,12,11573
zhao_relative_epsilon,12,11594
zhao_relative_epsilon,12,11602
zhao_relative_epsilon,12,11639
zhao_relative_epsilon,12,11648
zhao_relative_epsilon,12,11660
zhao_relative_epsilon,12,11697
zhao_relative_epsilon,12,11699
zhao_relative_epsilon,12,11705
zhao_relative_epsilon,12,11706
zhao_relative_epsilon,12,11718
zhao_relative_epsilon,12,11721
zhao_relative_epsilon,12,11722
zhao_relative_epsilon,12,11729
zhao_relative_epsilon,12,11756
zhao_relative_epsilon,12,11764
zhao_relative_epsilon,12,11771
zhao_relative_epsilon,12,11781
zhao_relative_epsilon,12,11799
zhao_relative_epsilon,12,11800
zhao_relative_epsilon,12,11811
zhao_relative_epsilon,12,11821
zhao_relative_epsilon,12,11831
zhao_relative_epsilon,12,11840
zhao_relative_epsilon,12,11844
zhao_relative_epsilon,12,11849
zhao_relative_epsilon,12,11852
zhao_relative_epsilon,12,11857
zhao_relative_epsilon,12,11858
zhao_relative_epsilon,12,11864
zhao_relative_epsilon,12,11869
zhao_relative_epsilon,12,11878
zhao_relative_epsilon,12,11912
zhao_relative_epsilon,12,11932
zhao_relative_epsilon,12,11937
zhao_relative_epsilon,12,11966
zhao_relative_epsilon,12,11967
zhao_relative_epsilon,12,11994
zhao_relative_epsilon,12,11999
zhao_relative_epsilon,12,12001
zhao_relative_epsilon,12,12026
zhao_relative_epsilon,12,12041
zhao_relative_epsilon,12,12075
zhao_relative_epsilon,12,12079
zhao_relative_epsilon,12,12085
zhao_relative_epsilon,12,12091
zhao_relative_epsilon,12,12094
zhao_relative_epsilon,12,12113
zhao_relative_epsilon,12,12131
zhao_relative_epsilon,12,12145
zhao_relative_epsilon,12,12148
zhao_relative_epsilon,12,12152
zhao_relative_epsilon,12,12160
zhao_relative_epsilon,12,12173
zhao_relative_epsilon,12,12177
zhao_relative_epsilon,12,12192
zhao_relative_epsilon,12,12195
zhao_relative_epsilon,12,12196
zhao_relative_epsilon,12,12199
zhao_relative_epsilon,12,12205
zhao_relative_epsilon,12,12209
zhao_relative_epsilon,12,12231
zhao_relative_epsilon,12,12247
zhao_relative_epsilon,12,12276
zhao_relative_epsilon,12,12281
zhao_relative_epsilon,12,12283
zhao_relative_epsilon,12,12286
zhao_relative_epsilon,12,12298
zhao_relative_epsilon,12,12302
zhao_relative_epsilon,12,12306
zhao_relative_epsilon,12,12308
zhao_relative_epsilon,12,12338
zhao_relative_epsilon,12,12356
zhao_relative_epsilon,12,12380
zhao_relative_epsilon,12,12386
zhao_relative_epsilon,12,12390
zhao_relative_epsilon,12,12422
zhao_relative_epsilon,12,12432
zhao_relative_epsilon,12,12457
zhao_relative_epsilon,12,12472
zhao_relative_epsilon,12,12473
zhao_relative_epsilon,12,12479
zhao_relative_epsilon,12,12528
zhao_relative_epsilon,12,12535
zhao_relative_epsilon,12,12541
zhao_relative_epsilon,12,12544
zhao_relative_epsilon,12,12549
zhao_relative_epsilon,12,12559
zhao_relative_epsilon,12,12563
zhao_relative_epsilon,12,12564
zhao_relative_epsilon,12,12565
zhao_relative_epsilon,12,12576
zhao_relative_epsilon,12,12581
zhao_relative_epsilon,12,12591
zhao_relative_epsilon,12,12597
zhao_relative_epsilon,12,12638
zhao_relative_epsilon,12,12648
zhao_relative_epsilon,12,12654
zhao_relative_epsilon,12,12658
zhao_relative_epsilon,12,12673
zhao_relative_epsilon,12,12683
zhao_relative_epsilon,12,12686
zhao_relative_epsilon,12,12701
zhao_relative_epsilon,12,12702
zhao_relative_epsilon,12,12748
zhao_relative_epsilon,12,12755
zhao_relative_epsilon,12,12767
zhao_relative_epsilon,12,12773
zhao_relative_epsilon,12,12793
zhao_relative_epsilon,12,12795
zhao_relative_epsilon,12,12796
zhao_relative_epsilon,12,12798
zhao_relative_epsilon,12,12803
zhao_relative_epsilon,12,12810
zhao_relative_epsilon,12,12832
zhao_relative_epsilon,12,12834
zhao_relative_epsilon,12,12837
zhao_relative_epsilon,12,12845
zhao_relative_epsilon,12,12851
zhao_relative_epsilon,12,12854
zhao_relative_epsilon,12,12855
zhao_relative_epsilon,12,12861
zhao_relative_epsilon,12,12863
zhao_relative_epsilon,12,12871
zhao_relative_epsilon,12,12882
zhao_relative_epsilon,12,12888
zhao_relative_epsilon,12,12890
zhao_relative_epsilon,12,12916
zhao_relative_epsilon,12,12933
zhao_relative_epsilon,12,12935
zhao_relative_epsilon,12,12951
zhao_relative_epsilon,12,12953
zhao_relative_epsilon,12,12961
zhao_relative_epsilon,12,12991
zhao_relative_epsilon,12,13011
zhao_relative_epsilon,12,13036
zhao_relative_epsilon,12,13053
zhao_relative_epsilon,12,13058
zhao_relative_epsilon,12,13076
zhao_relative_epsilon,12,13098
zhao_relative_epsilon,12,13111
zhao_relative_epsilon,12,13113
zhao_relative_epsilon,12,13129
zhao_relative_epsilon,12,13143
zhao_relative_epsilon,12,13159
zhao_relative_epsilon,12,13264
zhao_relative_epsilon,12,13269
zhao_relative_epsilon,12,13274
zhao_relative_epsilon,12,13275
zhao_relative_epsilon,12,13282
zhao_relative_epsilon,12,13288
zhao_relative_epsilon,12,13291
zhao_relative_epsilon,12,13296
zhao_relative_epsilon,12,13309
zhao_relative_epsilon,12,13334
zhao_relative_epsilon,12,13336
zhao_relative_epsilon,12,13352
zhao_relative_epsilon,12,13368
zhao_relative_epsilon,12,13369
zhao_relative_epsilon,12,13371
zhao_relative_epsilon,12,13402
zhao_relative_epsilon,12,13405
zhao_relative_epsilon,12,13427
zhao_relative_epsilon,12,13431
zhao_relative_epsilon,12,13438
zhao_relative_epsilon,12,13457
zhao_relative_epsilon,12,13466
zhao_relative_epsilon,12,13474
zhao_relative_epsilon,12,13485
zhao_relative_epsilon,12,13490
zhao_relative_epsilon,12,13498
zhao_relative_epsilon,12,13517
zhao_relative_epsilon,12,13520
zhao_relative_epsilon,12,13526
zhao_relative_epsilon,12,13529
zhao_relative_epsilon,12,13531
zhao_relative_epsilon,12,13555
zhao_relative_epsilon,12,13558
zhao_relative_epsilon,12,13562
zhao_relative_epsilon,12,13573
zhao_relative_epsilon,12,13574
zhao_relative_epsilon,12,13592
zhao_relative_epsilon,12,13602
zhao_relative_epsilon,12,13630
zhao_relative_epsilon,12,13631
zhao_relative_epsilon,12,13672
zhao_relative_epsilon,12,13681
zhao_relative_epsilon,12,13698
zhao_relative_epsilon,12,13707
zhao_relative_epsilon,12,13714
zhao_relative_epsilon,12,13727
zhao_relative_epsilon,12,13742
zhao_relative_epsilon,12,13783
zhao_relative_epsilon,12,13787
zhao_relative_epsilon,12,13792
zhao_relative_epsilon,12,13797
zhao_relative_epsilon,12,13806
zhao_relative_epsilon,12,13824
zhao_relative_epsilon,12,13826
zhao_relative_epsilon,12,13834
zhao_relative_epsilon,12,13848
zhao_relative_epsilon,12,13855
zhao_relative_epsilon,12,13860
zhao_relative_epsilon,12,13863
zhao_relative_epsilon,12,13868
zhao_relative_epsilon,12,13873
zhao_relative_epsilon,12,13881
zhao_relative_epsilon,12,13890
zhao_relative_epsilon,12,13908
zhao_relative_epsilon,12,13913
zhao_relative_epsilon,12,13919
zhao_relative_epsilon,12,13936
zhao_relative_epsilon,12,13949
zhao_relative_epsilon,12,13962
zhao_relative_epsilon,12,13969
zhao_relative_epsilon,12,13973
zhao_relative_epsilon,12,13974
zhao_relative_epsilon,12,13979
zhao_relative_epsilon,12,13986
zhao_relative_epsilon,12,14002
zhao_relative_epsilon,12,14004
zhao_relative_epsilon,12,14007
zhao_relative_epsilon,12,14021
zhao_relative_epsilon,12,14031
zhao_relative_epsilon,12,14036
zhao_relative_epsilon,12,14042
zhao_relative_epsilon,12,14044
zhao_relative_epsilon,12,14051
zhao_relative_epsilon,12,14052
zhao_relative_epsilon,12,14061
zhao_relative_epsilon,12,14065
zhao_relative_epsilon,12,14079
zhao_relative_epsilon,12,14080
zhao_relative_epsilon,12,14083
zhao_relative_epsilon,12,14097
zhao_relative_epsilon,12,14105
zhao_relative_epsilon,12,14120
zhao_relative_epsilon,12,14129
zhao_relative_epsilon,12,14130
zhao_relative_epsilon,12,14151
zhao_relative_epsilon,12,14160
zhao_relative_epsilon,12,14165
zhao_relative_epsilon,12,14193
zhao_relative_epsilon,12,14196
zhao_relative_epsilon,12,14207
zhao_relative_epsilon,12,14211
zhao_relative_epsilon,12,14242
zhao_relative_epsilon,12,14260
zhao_relative_epsilon,12,14265
zhao_relative_epsilon,12,14269
zhao_relative_epsilon,12,14274
zhao_relative_epsilon,12,14297
zhao_relative_epsilon,12,14300
zhao_relative_epsilon,12,14308
zhao_relative_epsilon,12,14326
zhao_relative_epsilon,12,14329
zhao_relative_epsilon,13,50
zhao_relative_epsilon,13,155
zhao_relative_epsilon,13,229
zhao_relative_epsilon,13,281
zhao_relative_epsilon,13,289
zhao_relative_epsilon,13,294
zhao_relative_epsilon,13,348
zhao_relative_epsilon,13,384
zhao_relative_epsilon,13,466
zhao_relative_epsilon,13,500
zhao_relative_epsilon,13,589
zhao_relative_epsilon,13,599
zhao_relative_epsilon,13,600
zhao_relative_epsilon,13,647
zhao_relative_epsilon,13,667
zhao_relative_epsilon,13,668
zhao_relative_epsilon,13,724
zhao_relative_epsilon,13,783
zhao_relative_epsilon,13,912
zhao_relative_epsilon,13,943
zhao_relative_epsilon,13,954
zhao_relative_epsilon,13,976
zhao_relative_epsilon,13,982
zhao_relative_epsilon,13,993
zhao_relative_epsilon,13,1065
zhao_relative_epsilon,13,1110
zhao_relative_epsilon,13,1125
zhao_relative_epsilon,13,1135
zhao_relative_epsilon,13,1244
zhao_relative_epsilon,13,1261
zhao_relative_epsilon,13,1317
zhao_relative_epsilon,13,1342
zhao_relative_epsilon,13,1346
zhao_relative_epsilon,13,1367
zhao_relative_epsilon,13,1378
zhao_relative_epsilon,13,1385
zhao_relative_epsilon,13,1488
zhao_relative_epsilon,13,1565
zhao_relative_epsilon,13,1595
zhao_relative_epsilon,13,1644
zhao_relative_epsilon,13,1660
zhao_relative_epsilon,13,1679
zhao_relative_epsilon,13,1789
zhao_relative_epsilon,13,1798
zhao_relative_epsilon,13,1814
zhao_relative_epsilon,13,1828
zhao_relative_epsilon,13,1857
zhao_relative_epsilon,13,1923
zhao_relative_epsilon,13,1924
zhao_relative_epsilon,13,1939
zhao_relative_epsilon,13,1950
zhao_relative_epsilon,13,1951
zhao_relative_epsilon,13,2035
zhao_relative_epsilon,13,2036
zhao_relative_epsilon,13,2046
zhao_relative_epsilon,13,2047
zhao_relative_epsilon,13,2104
zhao_relative_epsilon,13,2145
zhao_relative_epsilon,13,2261
zhao_relative_epsilon,13,2308
zhao_relative_epsilon,13,2338
zhao_relative_epsilon,13,2423
zhao_relative_epsilon,13,2425
zhao_relative_epsilon,13,2427
zhao_relative_epsilon,13,2452
zhao_relative_epsilon,13,2462
zhao_relative_epsilon,13,2482
zhao_relative_epsilon,13,2488
zhao_relative_epsilon,13,2618
zhao_relative_epsilon,13,2741
zhao_relative_epsilon,13,2999
zhao_relative_epsilon,13,3029
zhao_relative_epsilon,13,3032
zhao_relative_epsilon,13,3067
zhao_relative_epsilon,13,3099
zhao_relative_epsilon,13,3183
zhao_relative_epsilon,13,3206
zhao_relative_epsilon,13,3229
zhao_relative_epsilon,13,3264
zhao_relative_epsilon,13,3272
zhao_relative_epsilon,13,3320
zhao_relative_epsilon,13,3408
zhao_relative_epsilon,13,3433
zhao_relative_epsilon,13,3523
zhao_relative_epsilon,13,3557
zhao_relative_epsilon,13,3590
zhao_relative_epsilon,13,3670
zhao_relative_epsilon,13,3844
zhao_relative_epsilon,13,3845
zhao_relative_epsilon,13,3935
zhao_relative_epsilon,13,4030
zhao_relative_epsilon,13,4032
zhao_relative_epsilon,13,4044
zhao_relative_epsilon,13,4065
zhao_relative_epsilon,13,4097
zhao_relative_epsilon,13,4101
zhao_relative_epsilon,13,4149
zhao_relative_epsilon,13,4205
zhao_relative_epsilon,13,4208
zhao_relative_epsilon,13,4293
zhao_relative_epsilon,13,4306
zhao_relative_epsilon,13,4386
zhao_relative_epsilon,13,4389
zhao_relative_epsilon,13,4404
zhao_relative_epsilon,13,4436
zhao_relative_epsilon,13,4514
zhao_relative_epsilon,13,4646
zhao_relative_epsilon,13,4661
zhao_relative_epsilon,13,4685
zhao_relative_epsilon,13,4688
zhao_relative_epsilon,13,4730
zhao_relative_epsilon,13,4820
zhao_relative_epsilon,13,4870
zhao_relative_epsilon,13,4898
zhao_relative_epsilon,13,4905
zhao_relative_epsilon,13,4923
zhao_relative_epsilon,13,4961
zhao_relative_epsilon,13,5009
zhao_relative_epsilon,13,5017
zhao_relative_epsilon,13,5026
zhao_relative_epsilon,13,5063
zhao_relative_epsilon,13,5070
zhao_relative_epsilon,13,5097
zhao_relative_epsilon,13,5102
zhao_relative_epsilon,13,5234
zhao_relative_epsilon,13,5276
zhao_relative_epsilon,13,5294
zhao_relative_epsilon,13,5335
zhao_relative_epsilon,13,5418
zhao_relative_epsilon,13,5444
zhao_relative_epsilon,13,5560
zhao_relative_epsilon,13,5580
zhao_relative_epsilon,13,5620
zhao_relative_epsilon,13,5637
zhao_relative_epsilon,13,5656
zhao_relative_epsilon,13,5694
zhao_relative_epsilon,13,5773
zhao_relative_epsilon,13,5775
zhao_relative_epsilon,13,5808
zhao_relative_epsilon,13,5835
zhao_relative_epsilon,13,5873
zhao_relative_epsilon,13,6044
zhao_relative_epsilon,13,6070
zhao_relative_epsilon,13,6098
zhao_relative_epsilon,13,6209
zhao_relative_epsilon,13,6213
zhao_relative_epsilon,13,6235
zhao_relative_epsilon,13,6275
zhao_relative_epsilon,13,6356
zhao_relative_epsilon,13,6370
zhao_relative_epsilon,13,6555
zhao_relative_epsilon,13,6571
zhao_relative_epsilon,13,6588
zhao_relative_epsilon,13,6641
zhao_relative_epsilon,13,6644
zhao_relative_epsilon,13,6658
zhao_relative_epsilon,13,6690
zhao_relative_epsilon,13,6697
zhao_relative_epsilon,13,6737
zhao_relative_epsilon,13,6820
zhao_relative_epsilon,13,6900
zhao_relative_epsilon,13,6911
zhao_relative_epsilon,13,6952
zhao_relative_epsilon,13,6992
zhao_relative_epsilon,13,6999
zhao_relative_epsilon,13,7079
zhao_relative_epsilon,13,7159
zhao_relative_epsilon,13,7181
zhao_relative_epsilon,13,7224
zhao_relative_epsilon,13,7240
zhao_relative_epsilon,13,7253
zhao_relative_epsilon,13,7286
zhao_relative_epsilon,13,7344
zhao_relative_epsilon,13,7525
zhao_relative_epsilon,13,7554
zhao_relative_epsilon,13,7566
zhao_relative_epsilon,13,7585
zhao_relative_epsilon,13,7606
zhao_relative_epsilon,13,7631
zhao_relative_epsilon,13,7766
zhao_relative_epsilon,13,7884
zhao_relative_epsilon,13,7980
zhao_relative_epsilon,13,8022
zhao_relative_epsilon,13,8031
zhao_relative_epsilon,13,8124
zhao_relative_epsilon,13,8143
zhao_relative_epsilon,13,8237
zhao_relative_epsilon,13,8244
zhao_relative_epsilon,13,8310
zhao_relative_epsilon,13,8383
zhao_relative_epsilon,13,8425
zhao_relative_epsilon,13,8521
zhao_relative_epsilon,13,8522
zhao_relative_epsilon,13,8674
zhao_relative_epsilon,13,8724
zhao_relative_epsilon,13,8818
zhao_relative_epsilon,13,8920
zhao_relative_epsilon,13,8958
zhao_relative_epsilon,13,8959
zhao_relative_epsilon,13,8985
zhao_relative_epsilon,13,9025
zhao_relative_epsilon,13,9082
zhao_relative_epsilon,13,9084
zhao_relative_epsilon,13,9090
zhao_relative_epsilon,13,9100
zhao_relative_epsilon,13,9124
zhao_relative_epsilon,13,9139
zhao_relative_epsilon,13,9172
zhao_relative_epsilon,13,9240
zhao_relative_epsilon,13,9244
zhao_relative_epsilon,13,9262
zhao_relative_epsilon,13,9281
zhao_relative_epsilon,13,9322
zhao_relative_epsilon,13,9330
zhao_relative_epsilon,13,9355
zhao_relative_epsilon,13,9371
zhao_relative_epsilon,13,9404
zhao_relative_epsilon,13,9455
zhao_relative_epsilon,13,9503
zhao_relative_epsilon,13,9507
zhao_relative_epsilon,13,9583
zhao_relative_epsilon,13,9591
zhao_relative_epsilon,13,9649
zhao_relative_epsilon,13,9677
zhao_relative_epsilon,13,9895
zhao_relative_epsilon,13,10010
zhao_relative_epsilon,13,10033
zhao_relative_epsilon,13,10048
zhao_relative_epsilon,13,10101
zhao_relative_epsilon,13,10179
zhao_relative_epsilon,13,10198
zhao_relative_epsilon,13,10238
zhao_relative_epsilon,13,10315
zhao_relative_epsilon,13,10402
zhao_relative_epsilon,13,10406
zhao_relative_epsilon,13,10415
zhao_relative_epsilon,13,10435
zhao_relative_epsilon,13,10449
zhao_relative_epsilon,13,10479
zhao_relative_epsilon,13,10615
zhao_relative_epsilon,13,10626
zhao_relative_epsilon,13,10677
zhao_relative_epsilon,13,10767
zhao_relative_epsilon,13,10939
zhao_relative_epsilon,13,11065
zhao_relative_epsilon,13,11124
zhao_relative_epsilon,13,11163
zhao_relative_epsilon,13,11238
zhao_relative_epsilon,13,11347
zhao_relative_epsilon,13,11443
zhao_relative_epsilon,13,11450
zhao_relative_epsilon,13,11481
zhao_relative_epsilon,13,11500
zhao_relative_epsilon,13,11578
zhao_relative_epsilon,13,11660
zhao_relative_epsilon,13,11666
zhao_relative_epsilon,13,11669
zhao_relative_epsilon,13,11677
zhao_relative_epsilon,13,11679
zhao_relative_epsilon,13,11685
zhao_relative_epsilon,13,11698
zhao_relative_epsilon,13,11818
zhao_relative_epsilon,13,11870
zhao_relative_epsilon,13,11875
zhao_relative_epsilon,13,11924
zhao_relative_epsilon,13,12000
zhao_relative_epsilon,13,12039
zhao_relative_epsilon,13,12075
zhao_relative_epsilon,13,12135
zhao_relative_epsilon,13,12168
zhao_relative_epsilon,13,12222
zhao_relative_epsilon,13,12316
zhao_relative_epsilon,13,12427
zhao_relative_epsilon,13,12428
zhao_relative_epsilon,13,12485
zhao_relative_epsilon,13,12525
zhao_relative_epsilon,13,12561
zhao_relative_epsilon,13,12570
zhao_relative_epsilon,13,12580
zhao_relative_epsilon,13,12617
zhao_relative_epsilon,13,12624
zhao_relative_epsilon,13,12664
zhao_relative_epsilon,13,12680
zhao_relative_epsilon,13,12704
zhao_relative_epsilon,13,12719
zhao_relative_epsilon,13,12865
zhao_relative_epsilon,13,13040
zhao_relative_epsilon,13,13125
zhao_relative_epsilon,13,13215
zhao_relative_epsilon,13,13255
zhao_relative_epsilon,13,13287
zhao_relative_epsilon,13,13351
zhao_relative_epsilon,13,13366
zhao_relative_epsilon,13,13545
zhao_relative_epsilon,13,13614
zhao_relative_epsilon,13,13660
zhao_relative_epsilon,13,13672
zhao_relative_epsilon,13,13730
zhao_relative_epsilon,13,13808
zhao_relative_epsilon,13,13827
zhao_relative_epsilon,13,13853
zhao_relative_epsilon,13,13877
zhao_relative_epsilon,13,13905
zhao_relative_epsilon,13,13948
zhao_relative_epsilon,13,13953
zhao_relative_epsilon,13,14047
zhao_relative_epsilon,13,14123
zhao_relative_epsilon,13,14146
zhao_relative_epsilon,13,14170
zhao_relative_epsilon,13,14173
zhao_relative_epsilon,14,4
zhao_relative_epsilon,14,6
zhao_relative_epsilon,14,24
zhao_relative_epsilon,14,57
zhao_relative_epsilon,14,242
zhao_relative_epsilon,14,545
zhao_relative_epsilon,14,714
zhao_relative_epsilon,14,733
zhao_relative_epsilon,14,833
zhao_relative_epsilon,14,892
zhao_relative_epsilon,14,897
zhao_relative_epsilon,14,907
zhao_relative_epsilon,14,995
zhao_relative_epsilon,14,1330
zhao_relative_epsilon,14,1464
zhao_relative_epsilon,14,1576
zhao_relative_epsilon,14,1598
zhao_relative_epsilon,14,1640
zhao_relative_epsilon,14,1752
zhao_relative_epsilon,14,1754
zhao_relative_epsilon,14,1863
zhao_relative_epsilon,14,1942
zhao_relative_epsilon,14,2057
zhao_relative_epsilon,14,2204
zhao_relative_epsilon,14,2450
zhao_relative_epsilon,14,2515
zhao_relative_epsilon,14,2537
zhao_relative_epsilon,14,2692
zhao_relative_epsilon,14,2717
zhao_relative_epsilon,14,2871
zhao_relative_epsilon,14,2982
zhao_relative_epsilon,14,3184
zhao_relative_epsilon,14,3366
zhao_relative_epsilon,14,3417
zhao_relative_epsilon,14,3475
zhao_relative_epsilon,14,3501
zhao_relative_epsilon,14,3527
zhao_relative_epsilon,14,3686
zhao_relative_epsilon,14,3747
zhao_relative_epsilon,14,3750
zhao_relative_epsilon,14,4142
zhao_relative_epsilon,14,4269
zhao_relative_epsilon,14,4346
zhao_relative_epsilon,14,4366
zhao_relative_epsilon,14,4458
zhao_relative_epsilon,14,4479
zhao_relative_epsilon,14,4491
zhao_relative_epsilon,14,4512
zhao_relative_epsilon,14,4522
zhao_relative_epsilon,14,4544
zhao_relative_epsilon,14,4755
zhao_relative_epsilon,14,4848
zhao_relative_epsilon,14,5056
zhao_relative_epsilon,14,5269
zhao_relative_epsilon,14,5412
zhao_relative_epsilon,14,5430
zhao_relative_epsilon,14,5558
zhao_relative_epsilon,14,5641
zhao_relative_epsilon,14,5649
zhao_relative_epsilon,14,5662
zhao_relative_epsilon,14,5762
zhao_relative_epsilon,14,5834
zhao_relative_epsilon,14,5879
zhao_relative_epsilon,14,5932
zhao_relative_epsilon,14,6133
zhao_relative_epsilon,14,6674
zhao_relative_epsilon,14,6705
zhao_relative_epsilon,14,6787
zhao_relative_epsilon,14,7138
zhao_relative_epsilon,14,7160
zhao_relative_epsilon,14,7202
zhao_relative_epsilon,14,7235
zhao_relative_epsilon,14,7317
zhao_relative_epsilon,14,7337
zhao_relative_epsilon,14,7367
zhao_relative_epsilon,14,7386
zhao_relative_epsilon,14,7417
zhao_relative_epsilon,14,7446
zhao_relative_epsilon,14,7467
zhao_relative_epsilon,14,7541
zhao_relative_epsilon,14,7542
zhao_relative_epsilon,14,7551
zhao_relative_epsilon,14,7586
zhao_relative_epsilon,14,7736
zhao_relative_epsilon,14,7858
zhao_relative_epsilon,14,7917
zhao_relative_epsilon,14,8009
zhao_relative_epsilon,14,8090
zhao_relative_epsilon,14,8174
zhao_relative_epsilon,14,8225
zhao_relative_epsilon,14,8349
zhao_relative_epsilon,14,8361
zhao_relative_epsilon,14,8371
zhao_relative_epsilon,14,8397
zhao_relative_epsilon,14,8419
zhao_relative_epsilon,14,8455
zhao_relative_epsilon,14,8504
zhao_relative_epsilon,14,8553
zhao_relative_epsilon,14,8648
zhao_relative_epsilon,14,8660
zhao_relative_epsilon,14,8738
zhao_relative_epsilon,14,8761
zhao_relative_epsilon,14,8864
zhao_relative_epsilon,14,8909
zhao_relative_epsilon,14,8931
zhao_relative_epsilon,14,9002
zhao_relative_epsilon,14,9013
zhao_relative_epsilon,14,9020
zhao_relative_epsilon,14,9117
zhao_relative_epsilon,14,9315
zhao_relative_epsilon,14,9318
zhao_relative_epsilon,14,9326
zhao_relative_epsilon,14,9431
zhao_relative_epsilon,14,9466
zhao_relative_epsilon,14,9482
zhao_relative_epsilon,14,9711
zhao_relative_epsilon,14,9724
zhao_relative_epsilon,14,9953
zhao_relative_epsilon,14,10280
zhao_relative_epsilon,14,10302
zhao_relative_epsilon,14,10317
zhao_relative_epsilon,14,10372
zhao_relative_epsilon,14,10744
zhao_relative_epsilon,14,11049
zhao_relative_epsilon,14,11244
zhao_relative_epsilon,14,11318
zhao_relative_epsilon,14,11414
zhao_relative_epsilon,14,11469
zhao_relative_epsilon,14,11603
zhao_relative_epsilon,14,11647
zhao_relative_epsilon,14,11722
zhao_relative_epsilon,14,11773
zhao_relative_epsilon,14,11873
zhao_relative_epsilon,14,11946
zhao_relative_epsilon,14,12019
zhao_relative_epsilon,14,12057
zhao_relative_epsilon,14,12188
zhao_relative_epsilon,14,12493
zhao_relative_epsilon,14,12639
zhao_relative_epsilon,14,12688
zhao_relative_epsilon,14,12691
zhao_relative_epsilon,14,12711
zhao_relative_epsilon,14,12760
zhao_relative_epsilon,14,12843
zhao_relative_epsilon,14,12925
zhao_relative_epsilon,14,12927
zhao_relative_epsilon,14,13047
zhao_relative_epsilon,14,13085
zhao_relative_epsilon,14,13182
zhao_relative_epsilon,14,13315
zhao_relative_epsilon,14,13344
zhao_relative_epsilon,14,13420
zhao_relative_epsilon,14,13455
zhao_relative_epsilon,14,13464
zhao_relative_epsilon,14,13469
zhao_relative_epsilon,14,13601
zhao_relative_epsilon,14,13640
zhao_relative_epsilon,14,13798
zhao_relative_epsilon,14,13902
zhao_relative_epsilon,14,14071
zhao_relative_epsilon,14,14095
zhao_relative_epsilon,14,14152
zhao_relative_epsilon,14,14281
zhao_relative_epsilon,14,14301
zhao_relative_epsilon,14,14313
zhao_relative_epsilon,15,421
zhao_relative_epsilon,15,688
zhao_relative_epsilon,15,780
zhao_relative_epsilon,15,792
zhao_relative_epsilon,15,828
zhao_relative_epsilon,15,1143
zhao_relative_epsilon,15,1355
zhao_relative_epsilon,15,1394
zhao_relative_epsilon,15,1453
zhao_relative_epsilon,15,1516
zhao_relative_epsilon,15,1613
zhao_relative_epsilon,15,1688
zhao_relative_epsilon,15,1735
zhao_relative_epsilon,15,1816
zhao_relative_epsilon,15,1867
zhao_relative_epsilon,15,1871
zhao_relative_epsilon,15,1959
zhao_relative_epsilon,15,2064
zhao_relative_epsilon,15,2107
zhao_relative_epsilon,15,2292
zhao_relative_epsilon,15,2395
zhao_relative_epsilon,15,2426
zhao_relative_epsilon,15,2505
zhao_relative_epsilon,15,2618
zhao_relative_epsilon,15,2660
zhao_relative_epsilon,15,2740
zhao_relative_epsilon,15,2820
zhao_relative_epsilon,15,3346
zhao_relative_epsilon,15,3355
zhao_relative_epsilon,15,3414
zhao_relative_epsilon,15,3498
zhao_relative_epsilon,15,3519
zhao_relative_epsilon,15,3542
zhao_relative_epsilon,15,3599
zhao_relative_epsilon,15,3791
zhao_relative_epsilon,15,3917
zhao_relative_epsilon,15,4183
zhao_relative_epsilon,15,4454
zhao_relative_epsilon,15,4485
zhao_relative_epsilon,15,4525
zhao_relative_epsilon,15,4547
zhao_relative_epsilon,15,4719
zhao_relative_epsilon,15,4722
zhao_relative_epsilon,15,4739
zhao_relative_epsilon,15,4792
zhao_relative_epsilon,15,4975
zhao_relative_epsilon,15,5155
zhao_relative_epsilon,15,5168
zhao_relative_epsilon,15,5225
zhao_relative_epsilon,15,5459
zhao_relative_epsilon,15,5862
zhao_relative_epsilon,15,5908
zhao_relative_epsilon,15,6148
zhao_relative_epsilon,15,6149
zhao_relative_epsilon,15,6164
zhao_relative_epsilon,15,6888
zhao_relative_epsilon,15,6982
zhao_relative_epsilon,15,7021
zhao_relative_epsilon,15,7064
zhao_relative_epsilon,15,7157
zhao_relative_epsilon,15,7429
zhao_relative_epsilon,15,7490
zhao_relative_epsilon,15,7492
zhao_relative_epsilon,15,7566
zhao_relative_epsilon,15,7669
zhao_relative_epsilon,15,7691
zhao_relative_epsilon,15,7708
zhao_relative_epsilon,15,7732
zhao_relative_epsilon,15,7922
zhao_relative_epsilon,15,8017
zhao_relative_epsilon,15,8213
zhao_relative_epsilon,15,8218
zhao_relative_epsilon,15,8390
zhao_relative_epsilon,15,8668
zhao_relative_epsilon,15,8744
zhao_relative_epsilon,15,8764
zhao_relative_epsilon,15,8860
zhao_relative_epsilon,15,9033
zhao_relative_epsilon,15,9121
zhao_relative_epsilon,15,9221
zhao_relative_epsilon,15,9275
zhao_relative_epsilon,15,9366
zhao_relative_epsilon,15,9388
zhao_relative_epsilon,15,9393
zhao_relative_epsilon,15,9522
zhao_relative_epsilon,15,9646
zhao_relative_epsilon,15,9816
zhao_relative_epsilon,15,9843
zhao_relative_epsilon,15,9925
zhao_relative_epsilon,15,10190
zhao_relative_epsilon,15,10238
zhao_relative_epsilon,15,10495
zhao_relative_epsilon,15,10510
zhao_relative_epsilon,15,10641
zhao_relative_epsilon,15,10764
zhao_relative_epsilon,15,10816
zhao_relative_epsilon,15,10926
zhao_relative_epsilon,15,10959
zhao_relative_epsilon,15,11150
zhao_relative_epsilon,15,11159
zhao_relative_epsilon,15,11202
zhao_relative_epsilon,15,11526
zhao_relative_epsilon,15,11571
zhao_relative_epsilon,15,11604
zhao_relative_epsilon,15,11749
zhao_relative_epsilon,15,11792
zhao_relative_epsilon,15,11853
zhao_relative_epsilon,15,11991
zhao_relative_epsilon,15,12331
zhao_relative_epsilon,15,12395
zhao_relative_epsilon,15,12406
zhao_relative_epsilon,15,12479
zhao_relative_epsilon,15,12489
zhao_relative_epsilon,15,12567
zhao_relative_epsilon,15,12593
zhao_relative_epsilon,15,12688
zhao_relative_epsilon,15,12706
zhao_relative_epsilon,15,12757
zhao_relative_epsilon,15,12782
zhao_relative_epsilon,15,12892
zhao_relative_epsilon,15,12953
zhao_relative_epsilon,15,12971
zhao_relative_epsilon,15,13269
zhao_relative_epsilon,15,13315
zhao_relative_epsilon,15,13384
zhao_relative_epsilon,15,13423
zhao_relative_epsilon,15,13525
zhao_relative_epsilon,15,13583
zhao_relative_epsilon,15,13591
zhao_relative_epsilon,15,13705
zhao_relative_epsilon,15,14092
zhao_relative_epsilon,15,14132
zhao_relative_epsilon,15,14179
zhao_relative_epsilon,15,14189
zhao_relative_epsilon,16,107
zhao_relative_epsilon,16,429
zhao_relative_epsilon,16,781
zhao_relative_epsilon,16,834
zhao_relative_epsilon,16,867
zhao_relative_epsilon,16,958
zhao_relative_epsilon,16,1241
zhao_relative_epsilon,16,1760
zhao_relative_epsilon,16,1936
zhao_relative_epsilon,16,2121
zhao_relative_epsilon,16,2399
zhao_relative_epsilon,16,2467
zhao_relative_epsilon,16,2636
zhao_relative_epsilon,16,2717
zhao_relative_epsilon,16,2719
zhao_relative_epsilon,16,3172
zhao_relative_epsilon,16,3230
zhao_relative_epsilon,16,3463
zhao_relative_epsilon,16,4123
zhao_relative_epsilon,16,4235
zhao_relative_epsilon,16,5033
zhao_relative_epsilon,16,5213
zhao_relative_epsilon,16,5364
zhao_relative_epsilon,16,5388
zhao_relative_epsilon,16,5576
zhao_relative_epsilon,16,5637
zhao_relative_epsilon,16,5813
zhao_relative_epsilon,16,6070
zhao_relative_epsilon,16,6078
zhao_relative_epsilon,16,6118
zhao_relative_epsilon,16,6373
zhao_relative_epsilon,16,6521
zhao_relative_epsilon,16,6523
zhao_relative_epsilon,16,6644
zhao_relative_epsilon,16,6737
zhao_relative_epsilon,16,6738
zhao_relative_epsilon,16,6893
zhao_relative_epsilon,16,7048
zhao_relative_epsilon,16,7164
zhao_relative_epsilon,16,7292
zhao_relative_epsilon,16,7476
zhao_relative_epsilon,16,8099
zhao_relative_epsilon,16,8156
zhao_relative_epsilon,16,8705
zhao_relative_epsilon,16,8787
zhao_relative_epsilon,16,8831
zhao_relative_epsilon,16,8873
zhao_relative_epsilon,16,8969
zhao_relative_epsilon,16,9055
zhao_relative_epsilon,16,9249
zhao_relative_epsilon,16,9901
zhao_relative_epsilon,16,9912
zhao_relative_epsilon,16,10204
zhao_relative_epsilon,16,10549
zhao_relative_epsilon,16,10581
zhao_relative_epsilon,16,10670
zhao_relative_epsilon,16,10844
zhao_relative_epsilon,16,11009
zhao_relative_epsilon,16,11267
zhao_relative_epsilon,16,11277
zhao_relative_epsilon,16,11331
zhao_relative_epsilon,16,11468
zhao_relative_epsilon,16,11602
zhao_relative_epsilon,16,12012
zhao_relative_epsilon,16,12180
zhao_relative_epsilon,16,12193
zhao_relative_epsilon,16,12588
zhao_relative_epsilon,16,13156
zhao_relative_epsilon,16,13256
zhao_relative_epsilon,16,13314
zhao_relative_epsilon,16,13422
zhao_relative_epsilon,16,13580
zhao_relative_epsilon,16,14209
zhao_relative_epsilon,17,83
zhao_relative_epsilon,17,96
zhao_relative_epsilon,17,431
zhao_relative_epsilon,17,587
zhao_relative_epsilon,17,724
zhao_relative_epsilon,17,839
zhao_relative_epsilon,17,1012
zhao_relative_epsilon,17,1241
zhao_relative_epsilon,17,1580
zhao_relative_epsilon,17,1830
zhao_relative_epsilon,17,2160
zhao_relative_epsilon,17,2307
zhao_relative_epsilon,17,2395
zhao_relative_epsilon,17,2476
zhao_relative_epsilon,17,2636
zhao_relative_epsilon,17,2784
zhao_relative_epsilon,17,2901
zhao_relative_epsilon,17,3267
zhao_relative_epsilon,17,3313
zhao_relative_epsilon,17,3533
zhao_relative_epsilon,17,4397
zhao_relative_epsilon,17,5151
zhao_relative_epsilon,17,5172
zhao_relative_epsilon,17,5300
zhao_relative_epsilon,17,5322
zhao_relative_epsilon,17,5465
zhao_relative_epsilon,17,5531
zhao_relative_epsilon,17,6270
zhao_relative_epsilon,17,6327
zhao_relative_epsilon,17,6439
zhao_relative_epsilon,17,6568
zhao_relative_epsilon,17,6585
zhao_relative_epsilon,17,6719
zhao_relative_epsilon,17,6842
zhao_relative_epsilon,17,6964
zhao_relative_epsilon,17,7130
zhao_relative_epsilon,17,7275
zhao_relative_epsilon,17,7381
zhao_relative_epsilon,17,7522
zhao_relative_epsilon,17,7769
zhao_relative_epsilon,17,7791
zhao_relative_epsilon,17,7810
zhao_relative_epsilon,17,8143
zhao_relative_epsilon,17,8148
zhao_relative_epsilon,17,8320
zhao_relative_epsilon,17,8357
zhao_relative_epsilon,17,8406
zhao_relative_epsilon,17,8445
zhao_relative_epsilon,17,8459
zhao_relative_epsilon,17,8557
zhao_relative_epsilon,17,9004
zhao_relative_epsilon,17,9219
zhao_relative_epsilon,17,9228
zhao_relative_epsilon,17,9271
zhao_relative_epsilon,17,9282
zhao_relative_epsilon,17,9298
zhao_relative_epsilon,17,9309
zhao_relative_epsilon,17,9529
zhao_relative_epsilon,17,10066
zhao_relative_epsilon,17,10272
zhao_relative_epsilon,17,10415
zhao_relative_epsilon,17,10598
zhao_relative_epsilon,17,10680
zhao_relative_epsilon,17,10979
zhao_relative_epsilon,17,11142
zhao_relative_epsilon,17,11161
zhao_relative_epsilon,17,11202
zhao_relative_epsilon,17,11957
zhao_relative_epsilon,17,11983
zhao_relative_epsilon,17,12384
zhao_relative_epsilon,17,12441
zhao_relative_epsilon,17,12768
zhao_relative_epsilon,17,12996
zhao_relative_epsilon,17,13385
zhao_relative_epsilon,17,13441
zhao_relative_epsilon,17,13696
zhao_relative_epsilon,17,13836
zhao_relative_epsilon,17,13881
zhao_relative_epsilon,17,14096
zhao_relative_epsilon,17,14199
zhao_relative_epsilon,17,14210
zhao_relative_epsilon,17,14318
zhao_relative_epsilon,18,60
zhao_relative_epsilon,18,68
zhao_relative_epsilon,18,158
zhao_relative_epsilon,18,179
zhao_relative_epsilon,18,343
zhao_relative_epsilon,18,563
zhao_relative_epsilon,18,924
zhao_relative_epsilon,18,1110
zhao_relative_epsilon,18,1122
zhao_relative_epsilon,18,1201
zhao_relative_epsilon,18,1454
zhao_relative_epsilon,18,1597
zhao_relative_epsilon,18,1700
zhao_relative_epsilon,18,2106
zhao_relative_epsilon,18,2460
zhao_relative_epsilon,18,3493
zhao_relative_epsilon,18,4956
zhao_relative_epsilon,18,5535
zhao_relative_epsilon,18,5591
zhao_relative_epsilon,18,5941
zhao_relative_epsilon,18,6117
zhao_relative_epsilon,18,6223
zhao_relative_epsilon,18,6613
zhao_relative_epsilon,18,6877
zhao_relative_epsilon,18,6940
zhao_relative_epsilon,18,7417
zhao_relative_epsilon,18,7464
zhao_relative_epsilon,18,8160
zhao_relative_epsilon,18,8413
zhao_relative_epsilon,18,8432
zhao_relative_epsilon,18,8463
zhao_relative_epsilon,18,9058
zhao_relative_epsilon,18,9289
zhao_relative_epsilon,18,9419
zhao_relative_epsilon,18,9537
zhao_relative_epsilon,18,9669
zhao_relative_epsilon,18,10439
zhao_relative_epsilon,18,10742
zhao_relative_epsilon,18,10996
zhao_relative_epsilon,18,11215
zhao_relative_epsilon,18,11307
zhao_relative_epsilon,18,11468
zhao_relative_epsilon,18,11591
zhao_relative_epsilon,18,11798
zhao_relative_epsilon,18,11872
zhao_relative_epsilon,18,12063
zhao_relative_epsilon,18,12525
zhao_relative_epsilon,18,12578
zhao_relative_epsilon,18,12797
zhao_relative_epsilon,18,13044
zhao_relative_epsilon,18,13570
zhao_relative_epsilon,18,13664
zhao_relative_epsilon,18,13780
zhao_relative_epsilon,18,14135
zhao_relative_epsilon,18,14280
zhao_relative_epsilon,18,14296
zhao_relative_epsilon,19,494
zhao_relative_epsilon,19,1112
zhao_relative_epsilon,19,1261
zhao_relative_epsilon,19,1762
zhao_relative_epsilon,19,1846
zhao_relative_epsilon,19,2059
zhao_relative_epsilon,19,2523
zhao_relative_epsilon,19,3443
zhao_relative_epsilon,19,3931
zhao_relative_epsilon,19,4513
zhao_relative_epsilon,19,5630
zhao_relative_epsilon,19,6852
zhao_relative_epsilon,19,7393
zhao_relative_epsilon,19,7889
zhao_relative_epsilon,19,8664
zhao_relative_epsilon,19,9590
zhao_relative_epsilon,19,10660
zhao_relative_epsilon,19,10739
zhao_relative_epsilon,19,10931
zhao_relative_epsilon,19,11138
zhao_relative_epsilon,19,11751
zhao_relative_epsilon,19,12164
zhao_relative_epsilon,19,13845
zhao_relative_epsilon,19,14143
zhao_relative_epsilon,19,14185
zhao_relative_epsilon,20,786
zhao_relative_epsilon,20,1234
zhao_relative_epsilon,20,1404
zhao_relative_epsilon,20,1573
zhao_relative_epsilon,20,2269
zhao_relative_epsilon,20,2526
zhao_relative_epsilon,20,2873
zhao_relative_epsilon,20,3847
zhao_relative_epsilon,20,3853
zhao_relative_epsilon,20,3917
zhao_relative_epsilon,20,3972
zhao_relative_epsilon,20,4060
zhao_relative_epsilon,20,4715
zhao_relative_epsilon,20,5016
zhao_relative_epsilon,20,5237
zhao_relative_epsilon,20,5270
zhao_relative_epsilon,20,5288
zhao_relative_epsilon,20,5410
zhao_relative_epsilon,20,5759
zhao_relative_epsilon,20,5771
zhao_relative_epsilon,20,5873
zhao_relative_epsilon,20,6289
zhao_relative_epsilon,20,6324
zhao_relative_epsilon,20,6619
zhao_relative_epsilon,20,6763
zhao_relative_epsilon,20,6954
zhao_relative_epsilon,20,7141
zhao_relative_epsilon,20,7552
zhao_relative_epsilon,20,7896
zhao_relative_epsilon,20,8083
zhao_relative_epsilon,20,8266
zhao_relative_epsilon,20,8388
zhao_relative_epsilon,20,8524
zhao_relative_epsilon,20,8650
zhao_relative_epsilon,20,8869
zhao_relative_epsilon,20,9238
zhao_relative_epsilon,20,9543
zhao_relative_epsilon,20,10425
zhao_relative_epsilon,20,10719
zhao_relative_epsilon,20,10927
zhao_relative_epsilon,20,11768
zhao_relative_epsilon,20,11980
zhao_relative_epsilon,20,11985
zhao_relative_epsilon,20,12040
zhao_relative_epsilon,20,12114
zhao_relative_epsilon,20,13223
zhao_relative_epsilon,20,13354
zhao_relative_epsilon,20,13528
zhao_relative_epsilon,20,13875
zhao_relative_epsilon,20,13961
zhao_relative_epsilon,21,713
zhao_relative_epsilon,21,760
zhao_relative_epsilon,21,1103
zhao_relative_epsilon,21,1210
zhao_relative_epsilon,21,1330
zhao_relative_epsilon,21,1382
zhao_relative_epsilon,21,1603
zhao_relative_epsilon,21,2349
zhao_relative_epsilon,21,2359
zhao_relative_epsilon,21,2544
zhao_relative_epsilon,21,2698
zhao_relative_epsilon,21,2894
zhao_relative_epsilon,21,2955
zhao_relative_epsilon,21,3477
zhao_relative_epsilon,21,3810
zhao_relative_epsilon,21,4312
zhao_relative_epsilon,21,4445
zhao_relative_epsilon,21,4626
zhao_relative_epsilon,21,4722
zhao_relative_epsilon,21,4759
zhao_relative_epsilon,21,4935
zhao_relative_epsilon,21,5087
zhao_relative_epsilon,21,5280
zhao_relative_epsilon,21,5691
zhao_relative_epsilon,21,5752
zhao_relative_epsilon,21,5779
zhao_relative_epsilon,21,5833
zhao_relative_epsilon,21,6041
zhao_relative_epsilon,21,6084
zhao_relative_epsilon,21,6243
zhao_relative_epsilon,21,6388
zhao_relative_epsilon,21,6408
zhao_relative_epsilon,21,6424
zhao_relative_epsilon,21,6426
zhao_relative_epsilon,21,6538
zhao_relative_epsilon,21,7051
zhao_relative_epsilon,21,7271
zhao_relative_epsilon,21,7394
zhao_relative_epsilon,21,7712
zhao_relative_epsilon,21,7872
zhao_relative_epsilon,21,7905
zhao_relative_epsilon,21,8046
zhao_relative_epsilon,21,8054
zhao_relative_epsilon,21,8077
zhao_relative_epsilon,21,8252
zhao_relative_epsilon,21,8315
zhao_relative_epsilon,21,8329
zhao_relative_epsilon,21,8506
zhao_relative_epsilon,21,8692
zhao_relative_epsilon,21,8734
zhao_relative_epsilon,21,8863
zhao_relative_epsilon,21,9255
zhao_relative_epsilon,21,9581
zhao_relative_epsilon,21,9703
zhao_relative_epsilon,21,9848
zhao_relative_epsilon,21,9875
zhao_relative_epsilon,21,9886
zhao_relative_epsilon,21,9911
zhao_relative_epsilon,21,10092
zhao_relative_epsilon,21,10289
zhao_relative_epsilon,21,10529
zhao_relative_epsilon,21,10699
zhao_relative_epsilon,21,10877
zhao_relative_epsilon,21,10983
zhao_relative_epsilon,21,11206
zhao_relative_epsilon,21,11688
zhao_relative_epsilon,21,11869
zhao_relative_epsilon,21,12033
zhao_relative_epsilon,21,12067
zhao_relative_epsilon,21,12084
zhao_relative_epsilon,21,12107
zhao_relative_epsilon,21,12314
zhao_relative_epsilon,21,12318
zhao_relative_epsilon,21,12373
zhao_relative_epsilon,21,12426
zhao_relative_epsilon,21,12554
zhao_relative_epsilon,21,12666
zhao_relative_epsilon,21,12692
zhao_relative_epsilon,21,12693
zhao_relative_epsilon,21,13111
zhao_relative_epsilon,21,13204
zhao_relative_epsilon,21,13230
zhao_relative_epsilon,21,13359
zhao_relative_epsilon,21,13398
zhao_relative_epsilon,21,13489
zhao_relative_epsilon,21,14245
zhao_relative_epsilon,22,476
zhao_relative_epsilon,22,526
zhao_relative_epsilon,22,1083
zhao_relative_epsilon,22,1138
zhao_relative_epsilon,22,1861
zhao_relative_epsilon,22,2214
zhao_relative_epsilon,22,2472
zhao_relative_epsilon,22,2901
zhao_relative_epsilon,22,2940
zhao_relative_epsilon,22,3380
zhao_relative_epsilon,22,3642
zhao_relative_epsilon,22,3936
zhao_relative_epsilon,22,4157
zhao_relative_epsilon,22,4407
zhao_relative_epsilon,22,4433
zhao_relative_epsilon,22,4861
zhao_relative_epsilon,22,4989
zhao_relative_epsilon,22,5345
zhao_relative_epsilon,22,6032
zhao_relative_epsilon,22,6118
zhao_relative_epsilon,22,6723
zhao_relative_epsilon,22,7399
zhao_relative_epsilon,22,7842
zhao_relative_epsilon,22,8084
zhao_relative_epsilon,22,8140
zhao_relative_epsilon,22,8861
zhao_relative_epsilon,22,9467
zhao_relative_epsilon,22,10478
zhao_relative_epsilon,22,10578
zhao_relative_epsilon,22,10995
zhao_relative_epsilon,22,11106
zhao_relative_epsilon,22,12156
zhao_relative_epsilon,22,12305
zhao_relative_epsilon,22,12441
zhao_relative_epsilon,22,13332
zhao_relative_epsilon,22,13544
zhao_relative_epsilon,22,14052
zhao_relative_epsilon,23,306
zhao_relative_epsilon,23,727
zhao_relative_epsilon,23,2565
zhao_relative_epsilon,23,4144
zhao_relative_epsilon,23,4769
zhao_relative_epsilon,23,5023
zhao_relative_epsilon,23,5118
zhao_relative_epsilon,23,5722
zhao_relative_epsilon,23,5765
zhao_relative_epsilon,23,5901
zhao_relative_epsilon,23,6046
zhao_relative_epsilon,23,7298
zhao_relative_epsilon,23,8221
zhao_relative_epsilon,23,9075
zhao_relative_epsilon,23,9657
zhao_relative_epsilon,23,10303
zhao_relative_epsilon,23,11002
zhao_relative_epsilon,23,11719
zhao_relative_epsilon,23,11765
zhao_relative_epsilon,23,12156
zhao_relative_epsilon,23,13108
zhao_relative_epsilon,23,13141
zhao_relative_epsilon,23,13240
zhao_relative_epsilon,23,13591
zhao_relative_epsilon,23,13954
zhao_relative_epsilon,24,507
zhao_relative_epsilon,24,684
zhao_relative_epsilon,24,763
zhao_relative_epsilon,24,1392
zhao_relative_epsilon,24,2804
zhao_relative_epsilon,24,3619
zhao_relative_epsilon,24,4379
zhao_relative_epsilon,24,4668
zhao_relative_epsilon,24,5318
zhao_relative_epsilon,24,5326
zhao_relative_epsilon,24,5610
zhao_relative_epsilon,24,6059
zhao_relative_epsilon,24,7647
zhao_relative_epsilon,24,7891
zhao_relative_epsilon,24,8082
zhao_relative_epsilon,24,8465
zhao_relative_epsilon,24,8540
zhao_relative_epsilon,24,8561
zhao_relative_epsilon,24,8765
zhao_relative_epsilon,24,8824
zhao_relative_epsilon,24,9183
zhao_relative_epsilon,24,11221
zhao_relative_epsilon,24,11418
zhao_relative_epsilon,24,11915
zhao_relative_epsilon,24,12539
zhao_relative_epsilon,24,13267
zhao_relative_epsilon,24,14134
zhao_relative_epsilon,25,59
zhao_relative_epsilon,25,108
zhao_relative_epsilon,25,206
zhao_relative_epsilon,25,213
zhao_relative_epsilon,25,319
zhao_relative_epsilon,25,340
zhao_relative_epsilon,25,391
zhao_relative_epsilon,25,410
zhao_relative_epsilon,25,500
zhao_relative_epsilon,25,560
zhao_relative_epsilon,25,790
zhao_relative_epsilon,25,906
zhao_relative_epsilon,25,1111
zhao_relative_epsilon,25,1116
zhao_relative_epsilon,25,1285
zhao_relative_epsilon,25,1317
zhao_relative_epsilon,25,1457
zhao_relative_epsilon,25,1684
zhao_relative_epsilon,25,1742
zhao_relative_epsilon,25,1958
zhao_relative_epsilon,25,2084
zhao_relative_epsilon,25,2200
zhao_relative_epsilon,25,2226
zhao_relative_epsilon,25,2462
zhao_relative_epsilon,25,2631
zhao_relative_epsilon,25,2637
zhao_relative_epsilon,25,2668
zhao_relative_epsilon,25,2740
zhao_relative_epsilon,25,2799
zhao_relative_epsilon,25,3018
zhao_relative_epsilon,25,3037
zhao_relative_epsilon,25,3071
zhao_relative_epsilon,25,3084
zhao_relative_epsilon,25,3118
zhao_relative_epsilon,25,3176
zhao_relative_epsilon,25,3231
zhao_relative_epsilon,25,3313
zhao_relative_epsilon,25,3599
zhao_relative_epsilon,25,3634
zhao_relative_epsilon,25,3649
zhao_relative_epsilon,25,3743
zhao_relative_epsilon,25,3814
zhao_relative_epsilon,25,3897
zhao_relative_epsilon,25,3957
zhao_relative_epsilon,25,4152
zhao_relative_epsilon,25,4265
zhao_relative_epsilon,25,4293
zhao_relative_epsilon,25,4339
zhao_relative_epsilon,25,4354
zhao_relative_epsilon,25,4473
zhao_relative_epsilon,25,4507
zhao_relative_epsilon,25,4643
zhao_relative_epsilon,25,4692
zhao_relative_epsilon,25,4726
zhao_relative_epsilon,25,4934
zhao_relative_epsilon,25,4969
zhao_relative_epsilon,25,4981
zhao_relative_epsilon,25,5013
zhao_relative_epsilon,25,5065
zhao_relative_epsilon,25,5131
zhao_relative_epsilon,25,5250
zhao_relative_epsilon,25,5263
zhao_relative_epsilon,25,5296
zhao_relative_epsilon,25,5448
zhao_relative_epsilon,25,5503
zhao_relative_epsilon,25,5511
zhao_relative_epsilon,25,5526
zhao_relative_epsilon,25,5563
zhao_relative_epsilon,25,5598
zhao_relative_epsilon,25,5805
zhao_relative_epsilon,25,5902
zhao_relative_epsilon,25,5934
zhao_relative_epsilon,25,6110
zhao_relative_epsilon,25,6287
zhao_relative_epsilon,25,6290
zhao_relative_epsilon,25,6455
zhao_relative_epsilon,25,6603
zhao_relative_epsilon,25,6654
zhao_relative_epsilon,25,6748
zhao_relative_epsilon,25,6753
zhao_relative_epsilon,25,6796
zhao_relative_epsilon,25,6851
zhao_relative_epsilon,25,7015
zhao_relative_epsilon,25,7040
zhao_relative_epsilon,25,7070
zhao_relative_epsilon,25,7076
zhao_relative_epsilon,25,7138
zhao_relative_epsilon,25,7155
zhao_relative_epsilon,25,7235
zhao_relative_epsilon,25,7313
zhao_relative_epsilon,25,7490
zhao_relative_epsilon,25,7586
zhao_relative_epsilon,25,7619
zhao_relative_epsilon,25,7688
zhao_relative_epsilon,25,7757
zhao_relative_epsilon,25,7783
zhao_relative_epsilon,25,7867
zhao_relative_epsilon,25,7923
zhao_relative_epsilon,25,7933
zhao_relative_epsilon,25,7944
zhao_relative_epsilon,25,8021
zhao_relative_epsilon,25,8035
zhao_relative_epsilon,25,8171
zhao_relative_epsilon,25,8327
zhao_relative_epsilon,25,8400
zhao_relative_epsilon,25,8464
zhao_relative_epsilon,25,8469
zhao_relative_epsilon,25,8692
zhao_relative_epsilon,25,8739
zhao_relative_epsilon,25,8807
zhao_relative_epsilon,25,8941
zhao_relative_epsilon,25,9447
zhao_relative_epsilon,25,9449
zhao_relative_epsilon,25,9461
zhao_relative_epsilon,25,9491
zhao_relative_epsilon,25,9583
zhao_relative_epsilon,25,9594
zhao_relative_epsilon,25,9630
zhao_relative_epsilon,25,9659
zhao_relative_epsilon,25,9845
zhao_relative_epsilon,25,9848
zhao_relative_epsilon,25,9876
zhao_relative_epsilon,25,9888
zhao_relative_epsilon,25,9896
zhao_relative_epsilon,25,9944
zhao_relative_epsilon,25,10021
zhao_relative_epsilon,25,10085
zhao_relative_epsilon,25,10140
zhao_relative_epsilon,25,10154
zhao_relative_epsilon,25,10223
zhao_relative_epsilon,25,10273
zhao_relative_epsilon,25,10315
zhao_relative_epsilon,25,10326
zhao_relative_epsilon,25,10419
zhao_relative_epsilon,25,10433
zhao_relative_epsilon,25,10465
zhao_relative_epsilon,25,10497
zhao_relative_epsilon,25,10647
zhao_relative_epsilon,25,10649
zhao_relative_epsilon,25,10782
zhao_relative_epsilon,25,10785
zhao_relative_epsilon,25,10927
zhao_relative_epsilon,25,11025
zhao_relative_epsilon,25,11080
zhao_relative_epsilon,25,11224
zhao_relative_epsilon,25,11278
zhao_relative_epsilon,25,11318
zhao_relative_epsilon,25,11319
zhao_relative_epsilon,25,11387
zhao_relative_epsilon,25,11449
zhao_relative_epsilon,25,11584
zhao_relative_epsilon,25,11604
zhao_relative_epsilon,25,11617
zhao_relative_epsilon,25,11622
zhao_relative_epsilon,25,11658
zhao_relative_epsilon,25,12198
zhao_relative_epsilon,25,12308
zhao_relative_epsilon,25,12309
zhao_relative_epsilon,25,12563
zhao_relative_epsilon,25,12633
zhao_relative_epsilon,25,12659
zhao_relative_epsilon,25,12715
zhao_relative_epsilon,25,13055
zhao_relative_epsilon,25,13062
zhao_relative_epsilon,25,13105
zhao_relative_epsilon,25,13130
zhao_relative_epsilon,25,13291
zhao_relative_epsilon,25,13311
zhao_relative_epsilon,25,13382
zhao_relative_epsilon,25,13410
zhao_relative_epsilon,25,13435
zhao_relative_epsilon,25,13622
zhao_relative_epsilon,25,13700
zhao_relative_epsilon,25,13772
zhao_relative_epsilon,25,13958
zhao_relative_epsilon,25,13989
zhao_relative_epsilon,25,14166
zhao_relative_epsilon,25,14171
zhao_relative_epsilon,26,425
zhao_relative_epsilon,26,450
zhao_relative_epsilon,26,592
zhao_relative_epsilon,26,808
zhao_relative_epsilon,26,1396
zhao_relative_epsilon,26,1478
zhao_relative_epsilon,26,1727
zhao_relative_epsilon,26,2128
zhao_relative_epsilon,26,2293
zhao_relative_epsilon,26,2434
zhao_relative_epsilon,26,2589
zhao_relative_epsilon,26,2645
zhao_relative_epsilon,26,2686
zhao_relative_epsilon,26,2788
zhao_relative_epsilon,26,3082
zhao_relative_epsilon,26,3127
zhao_relative_epsilon,26,3169
zhao_relative_epsilon,26,3426
zhao_relative_epsilon,26,4362
zhao_relative_epsilon,26,4677
zhao_relative_epsilon,26,4760
zhao_relative_epsilon,26,5153
zhao_relative_epsilon,26,5805
zhao_relative_epsilon,26,5916
zhao_relative_epsilon,26,6445
zhao_relative_epsilon,26,6601
zhao_relative_epsilon,26,6653
zhao_relative_epsilon,26,7363
zhao_relative_epsilon,26,7374
zhao_relative_epsilon,26,7919
zhao_relative_epsilon,26,8456
zhao_relative_epsilon,26,8507
zhao_relative_epsilon,26,9190
zhao_relative_epsilon,26,9267
zhao_relative_epsilon,26,9783
zhao_relative_epsilon,26,10070
zhao_relative_epsilon,26,11331
zhao_relative_epsilon,26,12113
zhao_relative_epsilon,26,12228
zhao_relative_epsilon,26,12735
zhao_relative_epsilon,26,13136
zhao_relative_epsilon,26,13688
zhao_relative_epsilon,26,14013
zhao_relative_epsilon,27,0
zhao_relative_epsilon,27,33
zhao_relative_epsilon,27,38
zhao_relative_epsilon,27,74
zhao_relative_epsilon,27,75
zhao_relative_epsilon,27,131
zhao_relative_epsilon,27,175
zhao_relative_epsilon,27,288
zhao_relative_epsilon,27,357
zhao_relative_epsilon,27,391
zhao_relative_epsilon,27,435
zhao_relative_epsilon,27,445
zhao_relative_epsilon,27,462
zhao_relative_epsilon,27,500
zhao_relative_epsilon,27,562
zhao_relative_epsilon,27,611
zhao_relative_epsilon,27,683
zhao_relative_epsilon,27,702
zhao_relative_epsilon,27,716
zhao_relative_epsilon,27,791
zhao_relative_epsilon,27,798
zhao_relative_epsilon,27,800
zhao_relative_epsilon,27,974
zhao_relative_epsilon,27,977
zhao_relative_epsilon,27,1035
zhao_relative_epsilon,27,1044
zhao_relative_epsilon,27,1169
zhao_relative_epsilon,27,1206
zhao_relative_epsilon,27,1293
zhao_relative_epsilon,27,1361
zhao_relative_epsilon,27,1439
zhao_relative_epsilon,27,1471
zhao_relative_epsilon,27,1532
zhao_relative_epsilon,27,1562
zhao_relative_epsilon,27,1571
zhao_relative_epsilon,27,1690
zhao_relative_epsilon,27,1772
zhao_relative_epsilon,27,1779
zhao_relative_epsilon,27,1929
zhao_relative_epsilon,27,1965
zhao_relative_epsilon,27,1971
zhao_relative_epsilon,27,2012
zhao_relative_epsilon,27,2016
zhao_relative_epsilon,27,2050
zhao_relative_epsilon,27,2106
zhao_relative_epsilon,27,2165
zhao_relative_epsilon,27,2170
zhao_relative_epsilon,27,2192
zhao_relative_epsilon,27,2246
zhao_relative_epsilon,27,2248
zhao_relative_epsilon,27,2251
zhao_relative_epsilon,27,2280
zhao_relative_epsilon,27,2298
zhao_relative_epsilon,27,2491
zhao_relative_epsilon,27,2534
zhao_relative_epsilon,27,2548
zhao_relative_epsilon,27,2576
zhao_relative_epsilon,27,2836
zhao_relative_epsilon,27,2844
zhao_relative_epsilon,27,2846
zhao_relative_epsilon,27,2850
zhao_relative_epsilon,27,2878
zhao_relative_epsilon,27,2971
zhao_relative_epsilon,27,2974
zhao_relative_epsilon,27,2986
zhao_relative_epsilon,27,3014
zhao_relative_epsilon,27,3101
zhao_relative_epsilon,27,3110
zhao_relative_epsilon,27,3118
zhao_relative_epsilon,27,3141
zhao_relative_epsilon,27,3195
zhao_relative_epsilon,27,3219
zhao_relative_epsilon,27,3229
zhao_relative_epsilon,27,3231
zhao_relative_epsilon,27,3240
zhao_relative_epsilon,27,3290
zhao_relative_epsilon,27,3293
zhao_relative_epsilon,27,3374
zhao_relative_epsilon,27,3430
zhao_relative_epsilon,27,3470
zhao_relative_epsilon,27,3524
zhao_relative_epsilon,27,3529
zhao_relative_epsilon,27,3574
zhao_relative_epsilon,27,3653
zhao_relative_epsilon,27,3673
zhao_relative_epsilon,27,3755
zhao_relative_epsilon,27,3768
zhao_relative_epsilon,27,3778
zhao_relative_epsilon,27,3857
zhao_relative_epsilon,27,3918
zhao_relative_epsilon,27,3936
zhao_relative_epsilon,27,3960
zhao_relative_epsilon,27,3969
zhao_relative_epsilon,27,4002
zhao_relative_epsilon,27,4110
zhao_relative_epsilon,27,4112
zhao_relative_epsilon,27,4153
zhao_relative_epsilon,27,4216
zhao_relative_epsilon,27,4332
zhao_relative_epsilon,27,4371
zhao_relative_epsilon,27,4402
zhao_relative_epsilon,27,4462
zhao_relative_epsilon,27,4495
zhao_relative_epsilon,27,4506
zhao_relative_epsilon,27,4633
zhao_relative_epsilon,27,4674
zhao_relative_epsilon,27,4696
zhao_relative_epsilon,27,4702
zhao_relative_epsilon,27,4742
zhao_relative_epsilon,27,4752
zhao_relative_epsilon,27,4774
zhao_relative_epsilon,27,4884
zhao_relative_epsilon,27,4968
zhao_relative_epsilon,27,5048
zhao_relative_epsilon,27,5147
zhao_relative_epsilon,27,5181
zhao_relative_epsilon,27,5387
zhao_relative_epsilon,27,5612
zhao_relative_epsilon,27,5792
zhao_relative_epsilon,27,5835
zhao_relative_epsilon,27,5937
zhao_relative_epsilon,27,6022
zhao_relative_epsilon,27,6057
zhao_relative_epsilon,27,6070
zhao_relative_epsilon,27,6153
zhao_relative_epsilon,27,6188
zhao_relative_epsilon,27,6215
zhao_relative_epsilon,27,6239
zhao_relative_epsilon,27,6256
zhao_relative_epsilon,27,6281
zhao_relative_epsilon,27,6384
zhao_relative_epsilon,27,6417
zhao_relative_epsilon,27,6442
zhao_relative_epsilon,27,6541
zhao_relative_epsilon,27,6554
zhao_relative_epsilon,27,6631
zhao_relative_epsilon,27,6679
zhao_relative_epsilon,27,6684
zhao_relative_epsilon,27,6737
zhao_relative_epsilon,27,6816
zhao_relative_epsilon,27,6890
zhao_relative_epsilon,27,7044
zhao_relative_epsilon,27,7090
zhao_relative_epsilon,27,7115
zhao_relative_epsilon,27,7180
zhao_relative_epsilon,27,7186
zhao_relative_epsilon,27,7204
zhao_relative_epsilon,27,7277
zhao_relative_epsilon,27,7307
zhao_relative_epsilon,27,7334
zhao_relative_epsilon,27,7423
zhao_relative_epsilon,27,7523
zhao_relative_epsilon,27,7545
zhao_relative_epsilon,27,7612
zhao_relative_epsilon,27,7722
zhao_relative_epsilon,27,7827
zhao_relative_epsilon,27,7942
zhao_relative_epsilon,27,7954
zhao_relative_epsilon,27,8051
zhao_relative_epsilon,27,8095
zhao_relative_epsilon,27,8140
zhao_relative_epsilon,27,8191
zhao_relative_epsilon,27,8210
zhao_relative_epsilon,27,8243
zhao_relative_epsilon,27,8306
zhao_relative_epsilon,27,8375
zhao_relative_epsilon,27,8387
zhao_relative_epsilon,27,8434
zhao_relative_epsilon,27,8540
zhao_relative_epsilon,27,8581
zhao_relative_epsilon,27,8656
zhao_relative_epsilon,27,8738
zhao_relative_epsilon,27,8796
zhao_relative_epsilon,27,8888
zhao_relative_epsilon,27,8896
zhao_relative_epsilon,27,9092
zhao_relative_epsilon,27,9131
zhao_relative_epsilon,27,9149
zhao_relative_epsilon,27,9385
zhao_relative_epsilon,27,9402
zhao_relative_epsilon,27,9425
zhao_relative_epsilon,27,9450
zhao_relative_epsilon,27,9611
zhao_relative_epsilon,27,9615
zhao_relative_epsilon,27,9661
zhao_relative_epsilon,27,9712
zhao_relative_epsilon,27,9888
zhao_relative_epsilon,27,9904
zhao_relative_epsilon,27,9923
zhao_relative_epsilon,27,9926
zhao_relative_epsilon,27,10132
zhao_relative_epsilon,27,10194
zhao_relative_epsilon,27,10252
zhao_relative_epsilon,27,10292
zhao_relative_epsilon,27,10495
zhao_relative_epsilon,27,10500
zhao_relative_epsilon,27,10512
zhao_relative_epsilon,27,10519
zhao_relative_epsilon,27,10620
zhao_relative_epsilon,27,10646
zhao_relative_epsilon,27,10672
zhao_relative_epsilon,27,10788
zhao_relative_epsilon,27,10813
zhao_relative_epsilon,27,10859
zhao_relative_epsilon,27,10916
zhao_relative_epsilon,27,10970
zhao_relative_epsilon,27,11015
zhao_relative_epsilon,27,11026
zhao_relative_epsilon,27,11063
zhao_relative_epsilon,27,11089
zhao_relative_epsilon,27,11094
zhao_relative_epsilon,27,11133
zhao_relative_epsilon,27,11182
zhao_relative_epsilon,27,11228
zhao_relative_epsilon,27,11265
zhao_relative_epsilon,27,11497
zhao_relative_epsilon,27,11512
zhao_relative_epsilon,27,11527
zhao_relative_epsilon,27,11556
zhao_relative_epsilon,27,11567
zhao_relative_epsilon,27,11594
zhao_relative_epsilon,27,11613
zhao_relative_epsilon,27,11636
zhao_relative_epsilon,27,11691
zhao_relative_epsilon,27,11759
zhao_relative_epsilon,27,11784
zhao_relative_epsilon,27,11804
zhao_relative_epsilon,27,11815
zhao_relative_epsilon,27,11829
zhao_relative_epsilon,27,11841
zhao_relative_epsilon,27,11897
zhao_relative_epsilon,27,11930
zhao_relative_epsilon,27,11932
zhao_relative_epsilon,27,11948
zhao_relative_epsilon,27,11990
zhao_relative_epsilon,27,11991
zhao_relative_epsilon,27,12012
zhao_relative_epsilon,27,12262
zhao_relative_epsilon,27,12313
zhao_relative_epsilon,27,12329
zhao_relative_epsilon,27,12342
zhao_relative_epsilon,27,12395
zhao_relative_epsilon,27,12428
zhao_relative_epsilon,27,12521
zhao_relative_epsilon,27,12536
zhao_relative_epsilon,27,12562
zhao_relative_epsilon,27,12584
zhao_relative_epsilon,27,12660
zhao_relative_epsilon,27,12673
zhao_relative_epsilon,27,12827
zhao_relative_epsilon,27,12888
zhao_relative_epsilon,27,12913
zhao_relative_epsilon,27,12955
zhao_relative_epsilon,27,12956
zhao_relative_epsilon,27,13118
zhao_relative_epsilon,27,13122
zhao_relative_epsilon,27,13132
zhao_relative_epsilon,27,13135
zhao_relative_epsilon,27,13157
zhao_relative_epsilon,27,13174
zhao_relative_epsilon,27,13180
zhao_relative_epsilon,27,13241
zhao_relative_epsilon,27,13253
zhao_relative_epsilon,27,13298
zhao_relative_epsilon,27,13362
zhao_relative_epsilon,27,13445
zhao_relative_epsilon,27,13476
zhao_relative_epsilon,27,13495
zhao_relative_epsilon,27,13524
zhao_relative_epsilon,27,13528
zhao_relative_epsilon,27,13559
zhao_relative_epsilon,27,13587
zhao_relative_epsilon,27,13710
zhao_relative_epsilon,27,13732
zhao_relative_epsilon,27,13853
zhao_relative_epsilon,27,13857
zhao_relative_epsilon,27,14191
zhao_relative_epsilon,27,14219
zhao_relative_epsilon,27,14264
zhao_relative_epsilon,27,14294
zhao_relative_epsilon,27,14295
zhao_relative_epsilon,28,6
zhao_relative_epsilon,28,30
zhao_relative_epsilon,28,156
zhao_relative_epsilon,28,444
zhao_relative_epsilon,28,447
zhao_relative_epsilon,28,742
zhao_relative_epsilon,28,855
zhao_relative_epsilon,28,867
zhao_relative_epsilon,28,1021
zhao_relative_epsilon,28,1022
zhao_relative_epsilon,28,1023
zhao_relative_epsilon,28,1449
zhao_relative_epsilon,28,1478
zhao_relative_epsilon,28,1537
zhao_relative_epsilon,28,1580
zhao_relative_epsilon,28,1692
zhao_relative_epsilon,28,1790
zhao_relative_epsilon,28,1807
zhao_relative_epsilon,28,2215
zhao_relative_epsilon,28,2268
zhao_relative_epsilon,28,2359
zhao_relative_epsilon,28,2460
zhao_relative_epsilon,28,2472
zhao_relative_epsilon,28,2574
zhao_relative_epsilon,28,2838
zhao_relative_epsilon,28,2847
zhao_relative_epsilon,28,2856
zhao_relative_epsilon,28,3198
zhao_relative_epsilon,28,3343
zhao_relative_epsilon,28,3429
zhao_relative_epsilon,28,3893
zhao_relative_epsilon,28,4001
zhao_relative_epsilon,28,4002
zhao_relative_epsilon,28,4064
zhao_relative_epsilon,28,4233
zhao_relative_epsilon,28,4382
zhao_relative_epsilon,28,4593
zhao_relative_epsilon,28,4743
zhao_relative_epsilon,28,4948
zhao_relative_epsilon,28,5039
zhao_relative_epsilon,28,5238
zhao_relative_epsilon,28,5387
zhao_relative_epsilon,28,5418
zhao_relative_epsilon,28,5542
zhao_relative_epsilon,28,5719
zhao_relative_epsilon,28,5770
zhao_relative_epsilon,28,5878
zhao_relative_epsilon,28,5882
zhao_relative_epsilon,28,6005
zhao_relative_epsilon,28,6048
zhao_relative_epsilon,28,6107
zhao_relative_epsilon,28,6199
zhao_relative_epsilon,28,6269
zhao_relative_epsilon,28,6278
zhao_relative_epsilon,28,6826
zhao_relative_epsilon,28,6962
zhao_relative_epsilon,28,7031
zhao_relative_epsilon,28,7064
zhao_relative_epsilon,28,7284
zhao_relative_epsilon,28,7309
zhao_relative_epsilon,28,7385
zhao_relative_epsilon,28,7615
zhao_relative_epsilon,28,7702
zhao_relative_epsilon,28,7811
zhao_relative_epsilon,28,7839
zhao_relative_epsilon,28,7871
zhao_relative_epsilon,28,7888
zhao_relative_epsilon,28,8131
zhao_relative_epsilon,28,8269
zhao_relative_epsilon,28,8470
zhao_relative_epsilon,28,9158
zhao_relative_epsilon,28,9599
zhao_relative_epsilon,28,9648
zhao_relative_epsilon,28,9806
zhao_relative_epsilon,28,9924
zhao_relative_epsilon,28,9954
zhao_relative_epsilon,28,9997
zhao_relative_epsilon,28,10007
zhao_relative_epsilon,28,10491
zhao_relative_epsilon,28,10843
zhao_relative_epsilon,28,10887
zhao_relative_epsilon,28,11098
zhao_relative_epsilon,28,11293
zhao_relative_epsilon,28,11478
zhao_relative_epsilon,28,11567
zhao_relative_epsilon,28,11702
zhao_relative_epsilon,28,11840
zhao_relative_epsilon,28,11921
zhao_relative_epsilon,28,11964
zhao_relative_epsilon,28,12049
zhao_relative_epsilon,28,12067
zhao_relative_epsilon,28,12074
zhao_relative_epsilon,28,12087
zhao_relative_epsilon,28,12167
zhao_relative_epsilon,28,12253
zhao_relative_epsilon,28,12481
zhao_relative_epsilon,28,12523
zhao_relative_epsilon,28,12702
zhao_relative_epsilon,28,12739
zhao_relative_epsilon,28,12884
zhao_relative_epsilon,28,12928
zhao_relative_epsilon,28,12968
zhao_relative_epsilon,28,13044
zhao_relative_epsilon,28,13208
zhao_relative_epsilon,28,13560
zhao_relative_epsilon,28,13614
zhao_relative_epsilon,28,14117
zhao_relative_epsilon,28,14127
zhao_relative_epsilon,28,14244
zhao_relative_epsilon,28,14320
zhao_relative_epsilon,29,5
zhao_relative_epsilon,29,108
zhao_relative_epsilon,29,129
zhao_relative_epsilon,29,142
zhao_relative_epsilon,29,156
zhao_relative_epsilon,29,254
zhao_relative_epsilon,29,258
zhao_relative_epsilon,29,285
zhao_relative_epsilon,29,299
zhao_relative_epsilon,29,313
zhao_relative_epsilon,29,339
zhao_relative_epsilon,29,368
zhao_relative_epsilon,29,417
zhao_relative_epsilon,29,421
zhao_relative_epsilon,29,452
zhao_relative_epsilon,29,512
zhao_relative_epsilon,29,518
zhao_relative_epsilon,29,573
zhao_relative_epsilon,29,578
zhao_relative_epsilon,29,624
zhao_relative_epsilon,29,629
zhao_relative_epsilon,29,664
zhao_relative_epsilon,29,666
zhao_relative_epsilon,29,706
zhao_relative_epsilon,29,715
zhao_relative_epsilon,29,742
zhao_relative_epsilon,29,763
zhao_relative_epsilon,29,796
zhao_relative_epsilon,29,808
zhao_relative_epsilon,29,872
zhao_relative_epsilon,29,923
zhao_relative_epsilon,29,943
zhao_relative_epsilon,29,962
zhao_relative_epsilon,29,969
zhao_relative_epsilon,29,987
zhao_relative_epsilon,29,1016
zhao_relative_epsilon,29,1021
zhao_relative_epsilon,29,1024
zhao_relative_epsilon,29,1040
zhao_relative_epsilon,29,1084
zhao_relative_epsilon,29,1091
zhao_relative_epsilon,29,1114
zhao_relative_epsilon,29,1123
zhao_relative_epsilon,29,1125
zhao_relative_epsilon,29,1127
zhao_relative_epsilon,29,1155
zhao_relative_epsilon,29,1168
zhao_relative_epsilon,29,1173
zhao_relative_epsilon,29,1175
zhao_relative_epsilon,29,1180
zhao_relative_epsilon,29,1189
zhao_relative_epsilon,29,1222
zhao_relative_epsilon,29,1246
zhao_relative_epsilon,29,1251
zhao_relative_epsilon,29,1275
zhao_relative_epsilon,29,1294
zhao_relative_epsilon,29,1303
zhao_relative_epsilon,29,1338
zhao_relative_epsilon,29,1355
zhao_relative_epsilon,29,1356
zhao_relative_epsilon,29,1366
zhao_relative_epsilon,29,1367
zhao_relative_epsilon,29,1370
zhao_relative_epsilon,29,1380
zhao_relative_epsilon,29,1381
zhao_relative_epsilon,29,1393
zhao_relative_epsilon,29,1521
zhao_relative_epsilon,29,1550
zhao_relative_epsilon,29,1563
zhao_relative_epsilon,29,1569
zhao_relative_epsilon,29,1613
zhao_relative_epsilon,29,1646
zhao_relative_epsilon,29,1658
zhao_relative_epsilon,29,1668
zhao_relative_epsilon,29,1710
zhao_relative_epsilon,29,1729
zhao_relative_epsilon,29,1749
zhao_relative_epsilon,29,1773
zhao_relative_epsilon,29,1784
zhao_relative_epsilon,29,1785
zhao_relative_epsilon,29,1823
zhao_relative_epsilon,29,1848
zhao_relative_epsilon,29,1875
zhao_relative_epsilon,29,1878
zhao_relative_epsilon,29,1884
zhao_relative_epsilon,29,1919
zhao_relative_epsilon,29,1928
zhao_relative_epsilon,29,1983
zhao_relative_epsilon,29,2021
zhao_relative_epsilon,29,2099
zhao_relative_epsilon,29,2167
zhao_relative_epsilon,29,2169
zhao_relative_epsilon,29,2205
zhao_relative_epsilon,29,2214
zhao_relative_epsilon,29,2223
zhao_relative_epsilon,29,2310
zhao_relative_epsilon,29,2311
zhao_relative_epsilon,29,2380
zhao_relative_epsilon,29,2388
zhao_relative_epsilon,29,2410
zhao_relative_epsilon,29,2421
zhao_relative_epsilon,29,2422
zhao_relative_epsilon,29,2423
zhao_relative_epsilon,29,2560
zhao_relative_epsilon,29,2583
zhao_relative_epsilon,29,2603
zhao_relative_epsilon,29,2647
zhao_relative_epsilon,29,2688
zhao_relative_epsilon,29,2713
zhao_relative_epsilon,29,2714
zhao_relative_epsilon,29,2715
zhao_relative_epsilon,29,2736
zhao_relative_epsilon,29,2788
zhao_relative_epsilon,29,2790
zhao_relative_epsilon,29,2803
zhao_relative_epsilon,29,2836
zhao_relative_epsilon,29,2846
zhao_relative_epsilon,29,2872
zhao_relative_epsilon,29,2904
zhao_relative_epsilon,29,2908
zhao_relative_epsilon,29,2913
zhao_relative_epsilon,29,2918
zhao_relative_epsilon,29,2947
zhao_relative_epsilon,29,2971
zhao_relative_epsilon,29,2988
zhao_relative_epsilon,29,3041
zhao_relative_epsilon,29,3045
zhao_relative_epsilon,29,3069
zhao_relative_epsilon,29,3086
zhao_relative_epsilon,29,3093
zhao_relative_epsilon,29,3115
zhao_relative_epsilon,29,3123
zhao_relative_epsilon,29,3158
zhao_relative_epsilon,29,3197
zhao_relative_epsilon,29,3214
zhao_relative_epsilon,29,3243
zhao_relative_epsilon,29,3296
zhao_relative_epsilon,29,3311
zhao_relative_epsilon,29,3338
zhao_relative_epsilon,29,3400
zhao_relative_epsilon,29,3431
zhao_relative_epsilon,29,3433
zhao_relative_epsilon,29,3438
zhao_relative_epsilon,29,3468
zhao_relative_epsilon,29,3490
zhao_relative_epsilon,29,3538
zhao_relative_epsilon,29,3576
zhao_relative_epsilon,29,3629
zhao_relative_epsilon,29,3631
zhao_relative_epsilon,29,3637
zhao_relative_epsilon,29,3641
zhao_relative_epsilon,29,3687
zhao_relative_epsilon,29,3720
zhao_relative_epsilon,29,3746
zhao_relative_epsilon,29,3765
zhao_relative_epsilon,29,3783
zhao_relative_epsilon,29,3786
zhao_relative_epsilon,29,3817
zhao_relative_epsilon,29,3843
zhao_relative_epsilon,29,3879
zhao_relative_epsilon,29,3895
zhao_relative_epsilon,29,3949
zhao_relative_epsilon,29,3952
zhao_relative_epsilon,29,3976
zhao_relative_epsilon,29,3979
zhao_relative_epsilon,29,4006
zhao_relative_epsilon,29,4037
zhao_relative_epsilon,29,4048
zhao_relative_epsilon,29,4094
zhao_relative_epsilon,29,4113
zhao_relative_epsilon,29,4145
zhao_relative_epsilon,29,4161
zhao_relative_epsilon,29,4165
zhao_relative_epsilon,29,4189
zhao_relative_epsilon,29,4193
zhao_relative_epsilon,29,4200
zhao_relative_epsilon,29,4210
zhao_relative_epsilon,29,4221
zhao_relative_epsilon,29,4247
zhao_relative_epsilon,29,4266
zhao_relative_epsilon,29,4314
zhao_relative_epsilon,29,4332
zhao_relative_epsilon,29,4360
zhao_relative_epsilon,29,4375
zhao_relative_epsilon,29,4420
zhao_relative_epsilon,29,4424
zhao_relative_epsilon,29,4512
zhao_relative_epsilon,29,4526
zhao_relative_epsilon,29,4566
zhao_relative_epsilon,29,4598
zhao_relative_epsilon,29,4634
zhao_relative_epsilon,29,4650
zhao_relative_epsilon,29,4661
zhao_relative_epsilon,29,4663
zhao_relative_epsilon,29,4670
zhao_relative_epsilon,29,4705
zhao_relative_epsilon,29,4735
zhao_relative_epsilon,29,4827
zhao_relative_epsilon,29,4834
zhao_relative_epsilon,29,4843
zhao_relative_epsilon,29,4854
zhao_relative_epsilon,29,4917
zhao_relative_epsilon,29,4918
zhao_relative_epsilon,29,4960
zhao_relative_epsilon,29,4968
zhao_relative_epsilon,29,4986
zhao_relative_epsilon,29,5003
zhao_relative_epsilon,29,5025
zhao_relative_epsilon,29,5074
zhao_relative_epsilon,29,5096
zhao_relative_epsilon,29,5101
zhao_relative_epsilon,29,5134
zhao_relative_epsilon,29,5178
zhao_relative_epsilon,29,5182
zhao_relative_epsilon,29,5190
zhao_relative_epsilon,29,5195
zhao_relative_epsilon,29,5230
zhao_relative_epsilon,29,5234
zhao_relative_epsilon,29,5277
zhao_relative_epsilon,29,5337
zhao_relative_epsilon,29,5343
zhao_relative_epsilon,29,5363
zhao_relative_epsilon,29,5419
zhao_relative_epsilon,29,5440
zhao_relative_epsilon,29,5469
zhao_relative_epsilon,29,5534
zhao_relative_epsilon,29,5572
zhao_relative_epsilon,29,5589
zhao_relative_epsilon,29,5629
zhao_relative_epsilon,29,5653
zhao_relative_epsilon,29,5676
zhao_relative_epsilon,29,5688
zhao_relative_epsilon,29,5785
zhao_relative_epsilon,29,5790
zhao_relative_epsilon,29,5793
zhao_relative_epsilon,29,5834
zhao_relative_epsilon,29,5852
zhao_relative_epsilon,29,5866
zhao_relative_epsilon,29,5926
zhao_relative_epsilon,29,5932
zhao_relative_epsilon,29,5983
zhao_relative_epsilon,29,6008
zhao_relative_epsilon,29,6026
zhao_relative_epsilon,29,6070
zhao_relative_epsilon,29,6086
zhao_relative_epsilon,29,6122
zhao_relative_epsilon,29,6128
zhao_relative_epsilon,29,6133
zhao_relative_epsilon,29,6168
zhao_relative_epsilon,29,6227
zhao_relative_epsilon,29,6244
zhao_relative_epsilon,29,6253
zhao_relative_epsilon,29,6257
zhao_relative_epsilon,29,6264
zhao_relative_epsilon,29,6266
zhao_relative_epsilon,29,6281
zhao_relative_epsilon,29,6295
zhao_relative_epsilon,29,6301
zhao_relative_epsilon,29,6332
zhao_relative_epsilon,29,6348
zhao_relative_epsilon,29,6372
zhao_relative_epsilon,29,6380
zhao_relative_epsilon,29,6400
zhao_relative_epsilon,29,6422
zhao_relative_epsilon,29,6435
zhao_relative_epsilon,29,6481
zhao_relative_epsilon,29,6482
zhao_relative_epsilon,29,6491
zhao_relative_epsilon,29,6495
zhao_relative_epsilon,29,6538
zhao_relative_epsilon,29,6543
zhao_relative_epsilon,29,6555
zhao_relative_epsilon,29,6571
zhao_relative_epsilon,29,6599
zhao_relative_epsilon,29,6603
zhao_relative_epsilon,29,6609
zhao_relative_epsilon,29,6613
zhao_relative_epsilon,29,6623
zhao_relative_epsilon,29,6636
zhao_relative_epsilon,29,6710
zhao_relative_epsilon,29,6732
zhao_relative_epsilon,29,6739
zhao_relative_epsilon,29,6760
zhao_relative_epsilon,29,6774
zhao_relative_epsilon,29,6782
zhao_relative_epsilon,29,6859
zhao_relative_epsilon,29,6864
zhao_relative_epsilon,29,6894
zhao_relative_epsilon,29,6911
zhao_relative_epsilon,29,6914
zhao_relative_epsilon,29,6975
zhao_relative_epsilon,29,6987
zhao_relative_epsilon,29,7036
zhao_relative_epsilon,29,7041
zhao_relative_epsilon,29,7073
zhao_relative_epsilon,29,7078
zhao_relative_epsilon,29,7103
zhao_relative_epsilon,29,7125
zhao_relative_epsilon,29,7168
zhao_relative_epsilon,29,7175
zhao_relative_epsilon,29,7181
zhao_relative_epsilon,29,7194
zhao_relative_epsilon,29,7206
zhao_relative_epsilon,29,7265
zhao_relative_epsilon,29,7325
zhao_relative_epsilon,29,7328
zhao_relative_epsilon,29,7338
zhao_relative_epsilon,29,7349
zhao_relative_epsilon,29,7352
zhao_relative_epsilon,29,7358
zhao_relative_epsilon,29,7359
zhao_relative_epsilon,29,7375
zhao_relative_epsilon,29,7396
zhao_relative_epsilon,29,7397
zhao_relative_epsilon,29,7414
zhao_relative_epsilon,29,7425
zhao_relative_epsilon,29,7428
zhao_relative_epsilon,29,7455
zhao_relative_epsilon,29,7461
zhao_relative_epsilon,29,7479
zhao_relative_epsilon,29,7509
zhao_relative_epsilon,29,7514
zhao_relative_epsilon,29,7517
zhao_relative_epsilon,29,7522
zhao_relative_epsilon,29,7548
zhao_relative_epsilon,29,7558
zhao_relative_epsilon,29,7570
zhao_relative_epsilon,29,7574
zhao_relative_epsilon,29,7595
zhao_relative_epsilon,29,7607
zhao_relative_epsilon,29,7616
zhao_relative_epsilon,29,7620
zhao_relative_epsilon,29,7647
zhao_relative_epsilon,29,7661
zhao_relative_epsilon,29,7675
zhao_relative_epsilon,29,7679
zhao_relative_epsilon,29,7702
zhao_relative_epsilon,29,7703
zhao_relative_epsilon,29,7704
zhao_relative_epsilon,29,7777
zhao_relative_epsilon,29,7829
zhao_relative_epsilon,29,7839
zhao_relative_epsilon,29,7874
zhao_relative_epsilon,29,7898
zhao_relative_epsilon,29,7906
zhao_relative_epsilon,29,7910
zhao_relative_epsilon,29,7925
zhao_relative_epsilon,29,7953
zhao_relative_epsilon,29,7979
zhao_relative_epsilon,29,7986
zhao_relative_epsilon,29,7999
zhao_relative_epsilon,29,8031
zhao_relative_epsilon,29,8044
zhao_relative_epsilon,29,8088
zhao_relative_epsilon,29,8099
zhao_relative_epsilon,29,8119
zhao_relative_epsilon,29,8151
zhao_relative_epsilon,29,8171
zhao_relative_epsilon,29,8198
zhao_relative_epsilon,29,8209
zhao_relative_epsilon,29,8219
zhao_relative_epsilon,29,8220
zhao_relative_epsilon,29,8265
zhao_relative_epsilon,29,8291
zhao_relative_epsilon,29,8296
zhao_relative_epsilon,29,8309
zhao_relative_epsilon,29,8314
zhao_relative_epsilon,29,8364
zhao_relative_epsilon,29,8374
zhao_relative_epsilon,29,8384
zhao_relative_epsilon,29,8392
zhao_relative_epsilon,29,8424
zhao_relative_epsilon,29,8469
zhao_relative_epsilon,29,8499
zhao_relative_epsilon,29,8501
zhao_relative_epsilon,29,8527
zhao_relative_epsilon,29,8529
zhao_relative_epsilon,29,8533
zhao_relative_epsilon,29,8568
zhao_relative_epsilon,29,8601
zhao_relative_epsilon,29,8605
zhao_relative_epsilon,29,8615
zhao_relative_epsilon,29,8656
zhao_relative_epsilon,29,8674
zhao_relative_epsilon,29,8713
zhao_relative_epsilon,29,8740
zhao_relative_epsilon,29,8741
zhao_relative_epsilon,29,8753
zhao_relative_epsilon,29,8765
zhao_relative_epsilon,29,8788
zhao_relative_epsilon,29,8845
zhao_relative_epsilon,29,8890
zhao_relative_epsilon,29,8909
zhao_relative_epsilon,29,8993
zhao_relative_epsilon,29,8997
zhao_relative_epsilon,29,9000
zhao_relative_epsilon,29,9046
zhao_relative_epsilon,29,9055
zhao_relative_epsilon,29,9060
zhao_relative_epsilon,29,9083
zhao_relative_epsilon,29,9117
zhao_relative_epsilon,29,9120
zhao_relative_epsilon,29,9129
zhao_relative_epsilon,29,9142
zhao_relative_epsilon,29,9164
zhao_relative_epsilon,29,9221
zhao_relative_epsilon,29,9222
zhao_relative_epsilon,29,9228
zhao_relative_epsilon,29,9262
zhao_relative_epsilon,29,9267
zhao_relative_epsilon,29,9298
zhao_relative_epsilon,29,9316
zhao_relative_epsilon,29,9361
zhao_relative_epsilon,29,9387
zhao_relative_epsilon,29,9400
zhao_relative_epsilon,29,9403
zhao_relative_epsilon,29,9424
zhao_relative_epsilon,29,9458
zhao_relative_epsilon,29,9467
zhao_relative_epsilon,29,9502
zhao_relative_epsilon,29,9513
zhao_relative_epsilon,29,9523
zhao_relative_epsilon,29,9533
zhao_relative_epsilon,29,9571
zhao_relative_epsilon,29,9580
zhao_relative_epsilon,29,9588
zhao_relative_epsilon,29,9595
zhao_relative_epsilon,29,9621
zhao_relative_epsilon,29,9654
zhao_relative_epsilon,29,9663
zhao_relative_epsilon,29,9686
zhao_relative_epsilon,29,9706
zhao_relative_epsilon,29,9711
zhao_relative_epsilon,29,9718
zhao_relative_epsilon,29,9738
zhao_relative_epsilon,29,9750
zhao_relative_epsilon,29,9757
zhao_relative_epsilon,29,9804
zhao_relative_epsilon,29,9848
zhao_relative_epsilon,29,9869
zhao_relative_epsilon,29,9901
zhao_relative_epsilon,29,9923
zhao_relative_epsilon,29,9929
zhao_relative_epsilon,29,9936
zhao_relative_epsilon,29,9969
zhao_relative_epsilon,29,9972
zhao_relative_epsilon,29,10030
zhao_relative_epsilon,29,10035
zhao_relative_epsilon,29,10092
zhao_relative_epsilon,29,10112
zhao_relative_epsilon,29,10119
zhao_relative_epsilon,29,10167
zhao_relative_epsilon,29,10184
zhao_relative_epsilon,29,10188
zhao_relative_epsilon,29,10189
zhao_relative_epsilon,29,10191
zhao_relative_epsilon,29,10254
zhao_relative_epsilon,29,10255
zhao_relative_epsilon,29,10297
zhao_relative_epsilon,29,10300
zhao_relative_epsilon,29,10308
zhao_relative_epsilon,29,10317
zhao_relative_epsilon,29,10358
zhao_relative_epsilon,29,10402
zhao_relative_epsilon,29,10407
zhao_relative_epsilon,29,10417
zhao_relative_epsilon,29,10431
zhao_relative_epsilon,29,10434
zhao_relative_epsilon,29,10580
zhao_relative_epsilon,29,10586
zhao_relative_epsilon,29,10629
zhao_relative_epsilon,29,10640
zhao_relative_epsilon,29,10651
zhao_relative_epsilon,29,10662
zhao_relative_epsilon,29,10665
zhao_relative_epsilon,29,10666
zhao_relative_epsilon,29,10686
zhao_relative_epsilon,29,10717
zhao_relative_epsilon,29,10723
zhao_relative_epsilon,29,10726
zhao_relative_epsilon,29,10742
zhao_relative_epsilon,29,10749
zhao_relative_epsilon,29,10788
zhao_relative_epsilon,29,10799
zhao_relative_epsilon,29,10803
zhao_relative_epsilon,29,10824
zhao_relative_epsilon,29,10833
zhao_relative_epsilon,29,10837
zhao_relative_epsilon,29,10857
zhao_relative_epsilon,29,10899
zhao_relative_epsilon,29,10901
zhao_relative_epsilon,29,10946
zhao_relative_epsilon,29,10987
zhao_relative_epsilon,29,11082
zhao_relative_epsilon,29,11100
zhao_relative_epsilon,29,11110
zhao_relative_epsilon,29,11123
zhao_relative_epsilon,29,11151
zhao_relative_epsilon,29,11171
zhao_relative_epsilon,29,11176
zhao_relative_epsilon,29,11181
zhao_relative_epsilon,29,11191
zhao_relative_epsilon,29,11196
zhao_relative_epsilon,29,11202
zhao_relative_epsilon,29,11225
zhao_relative_epsilon,29,11270
zhao_relative_epsilon,29,11285
zhao_relative_epsilon,29,11295
zhao_relative_epsilon,29,11317
zhao_relative_epsilon,29,11326
zhao_relative_epsilon,29,11334
zhao_relative_epsilon,29,11347
zhao_relative_epsilon,29,11351
zhao_relative_epsilon,29,11372
zhao_relative_epsilon,29,11374
zhao_relative_epsilon,29,11377
zhao_relative_epsilon,29,11384
zhao_relative_epsilon,29,11388
zhao_relative_epsilon,29,11395
zhao_relative_epsilon,29,11412
zhao_relative_epsilon,29,11460
zhao_relative_epsilon,29,11475
zhao_relative_epsilon,29,11490
zhao_relative_epsilon,29,11492
zhao_relative_epsilon,29,11498
zhao_relative_epsilon,29,11511
zhao_relative_epsilon,29,11523
zhao_relative_epsilon,29,11535
zhao_relative_epsilon,29,11543
zhao_relative_epsilon,29,11561
zhao_relative_epsilon,29,11605
zhao_relative_epsilon,29,11607
zhao_relative_epsilon,29,11642
zhao_relative_epsilon,29,11650
zhao_relative_epsilon,29,11655
zhao_relative_epsilon,29,11663
zhao_relative_epsilon,29,11696
zhao_relative_epsilon,29,11700
zhao_relative_epsilon,29,11740
zhao_relative_epsilon,29,11761
zhao_relative_epsilon,29,11772
zhao_relative_epsilon,29,11791
zhao_relative_epsilon,29,11794
zhao_relative_epsilon,29,11819
zhao_relative_epsilon,29,11885
zhao_relative_epsilon,29,11909
zhao_relative_epsilon,29,11929
zhao_relative_epsilon,29,11937
zhao_relative_epsilon,29,11961
zhao_relative_epsilon,29,11977
zhao_relative_epsilon,29,12010
zhao_relative_epsilon,29,12012
zhao_relative_epsilon,29,12048
zhao_relative_epsilon,29,12067
zhao_relative_epsilon,29,12092
zhao_relative_epsilon,29,12104
zhao_relative_epsilon,29,12117
zhao_relative_epsilon,29,12129
zhao_relative_epsilon,29,12134
zhao_relative_epsilon,29,12155
zhao_relative_epsilon,29,12177
zhao_relative_epsilon,29,12187
zhao_relative_epsilon,29,12191
zhao_relative_epsilon,29,12211
zhao_relative_epsilon,29,12217
zhao_relative_epsilon,29,12248
zhao_relative_epsilon,29,12267
zhao_relative_epsilon,29,12287
zhao_relative_epsilon,29,12303
zhao_relative_epsilon,29,12322
zhao_relative_epsilon,29,12326
zhao_relative_epsilon,29,12400
zhao_relative_epsilon,29,12405
zhao_relative_epsilon,29,12428
zhao_relative_epsilon,29,12465
zhao_relative_epsilon,29,12466
zhao_relative_epsilon,29,12488
zhao_relative_epsilon,29,12533
zhao_relative_epsilon,29,12537
zhao_relative_epsilon,29,12566
zhao_relative_epsilon,29,12574
zhao_relative_epsilon,29,12580
zhao_relative_epsilon,29,12605
zhao_relative_epsilon,29,12622
zhao_relative_epsilon,29,12631
zhao_relative_epsilon,29,12635
zhao_relative_epsilon,29,12644
zhao_relative_epsilon,29,12657
zhao_relative_epsilon,29,12670
zhao_relative_epsilon,29,12691
zhao_relative_epsilon,29,12784
zhao_relative_epsilon,29,12796
zhao_relative_epsilon,29,12858
zhao_relative_epsilon,29,12877
zhao_relative_epsilon,29,12910
zhao_relative_epsilon,29,12915
zhao_relative_epsilon,29,12940
zhao_relative_epsilon,29,12947
zhao_relative_epsilon,29,12972
zhao_relative_epsilon,29,12988
zhao_relative_epsilon,29,12996
zhao_relative_epsilon,29,13031
zhao_relative_epsilon,29,13036
zhao_relative_epsilon,29,13042
zhao_relative_epsilon,29,13092
zhao_relative_epsilon,29,13118
zhao_relative_epsilon,29,13181
zhao_relative_epsilon,29,13210
zhao_relative_epsilon,29,13231
zhao_relative_epsilon,29,13238
zhao_relative_epsilon,29,13274
zhao_relative_epsilon,29,13275
zhao_relative_epsilon,29,13276
zhao_relative_epsilon,29,13285
zhao_relative_epsilon,29,13304
zhao_relative_epsilon,29,13321
zhao_relative_epsilon,29,13350
zhao_relative_epsilon,29,13372
zhao_relative_epsilon,29,13378
zhao_relative_epsilon,29,13401
zhao_relative_epsilon,29,13405
zhao_relative_epsilon,29,13411
zhao_relative_epsilon,29,13413
zhao_relative_epsilon,29,13445
zhao_relative_epsilon,29,13467
zhao_relative_epsilon,29,13569
zhao_relative_epsilon,29,13575
zhao_relative_epsilon,29,13621
zhao_relative_epsilon,29,13667
zhao_relative_epsilon,29,13687
zhao_relative_epsilon,29,13690
zhao_relative_epsilon,29,13704
zhao_relative_epsilon,29,13769
zhao_relative_epsilon,29,13771
zhao_relative_epsilon,29,13790
zhao_relative_epsilon,29,13799
zhao_relative_epsilon,29,13816
zhao_relative_epsilon,29,13822
zhao_relative_epsilon,29,13859
zhao_relative_epsilon,29,13867
zhao_relative_epsilon,29,13873
zhao_relative_epsilon,29,13979
zhao_relative_epsilon,29,14012
zhao_relative_epsilon,29,14017
zhao_relative_epsilon,29,14023
zhao_relative_epsilon,29,14025
zhao_relative_epsilon,29,14070
zhao_relative_epsilon,29,14108
zhao_relative_epsilon,29,14120
zhao_relative_epsilon,29,14136
zhao_relative_epsilon,29,14145
zhao_relative_epsilon,29,14163
zhao_relative_epsilon,29,14165
zhao_relative_epsilon,29,14177
zhao_relative_epsilon,29,14205
zhao_relative_epsilon,29,14249
zhao_relative_epsilon,29,14314
zhao_relative_epsilon,30,10
zhao_relative_epsilon,30,23
zhao_relative_epsilon,30,35
zhao_relative_epsilon,30,58
zhao_relative_epsilon,30,62
zhao_relative_epsilon,30,85
zhao_relative_epsilon,30,120
zhao_relative_epsilon,30,124
zhao_relative_epsilon,30,139
zhao_relative_epsilon,30,149
zhao_relative_epsilon,30,151
zhao_relative_epsilon,30,168
zhao_relative_epsilon,30,172
zhao_relative_epsilon,30,191
zhao_relative_epsilon,30,217
zhao_relative_epsilon,30,224
zhao_relative_epsilon,30,225
zhao_relative_epsilon,30,239
zhao_relative_epsilon,30,240
zhao_relative_epsilon,30,248
zhao_relative_epsilon,30,253
zhao_relative_epsilon,30,271
zhao_relative_epsilon,30,273
zhao_relative_epsilon,30,276
zhao_relative_epsilon,30,283
zhao_relative_epsilon,30,301
zhao_relative_epsilon,30,305
zhao_relative_epsilon,30,317
zhao_relative_epsilon,30,325
zhao_relative_epsilon,30,334
zhao_relative_epsilon,30,358
zhao_relative_epsilon,30,360
zhao_relative_epsilon,30,367
zhao_relative_epsilon,30,404
zhao_relative_epsilon,30,409
zhao_relative_epsilon,30,410
zhao_relative_epsilon,30,420
zhao_relative_epsilon,30,422
zhao_relative_epsilon,30,429
zhao_relative_epsilon,30,458
zhao_relative_epsilon,30,468
zhao_relative_epsilon,30,472
zhao_relative_epsilon,30,526
zhao_relative_epsilon,30,535
zhao_relative_epsilon,30,545
zhao_relative_epsilon,30,557
zhao_relative_epsilon,30,559
zhao_relative_epsilon,30,563
zhao_relative_epsilon,30,594
zhao_relative_epsilon,30,624
zhao_relative_epsilon,30,625
zhao_relative_epsilon,30,635
zhao_relative_epsilon,30,655
zhao_relative_epsilon,30,667
zhao_relative_epsilon,30,699
zhao_relative_epsilon,30,703
zhao_relative_epsilon,30,711
zhao_relative_epsilon,30,722
zhao_relative_epsilon,30,725
zhao_relative_epsilon,30,779
zhao_relative_epsilon,30,794
zhao_relative_epsilon,30,797
zhao_relative_epsilon,30,801
zhao_relative_epsilon,30,806
zhao_relative_epsilon,30,810
zhao_relative_epsilon,30,840
zhao_relative_epsilon,30,841
zhao_relative_epsilon,30,855
zhao_relative_epsilon,30,856
zhao_relative_epsilon,30,857
zhao_relative_epsilon,30,858
zhao_relative_epsilon,30,862
zhao_relative_epsilon,30,872
zhao_relative_epsilon,30,874
zhao_relative_epsilon,30,903
zhao_relative_epsilon,30,934
zhao_relative_epsilon,30,936
zhao_relative_epsilon,30,950
zhao_relative_epsilon,30,965
zhao_relative_epsilon,30,995
zhao_relative_epsilon,30,999
zhao_relative_epsilon,30,1033
zhao_relative_epsilon,30,1050
zhao_relative_epsilon,30,1058
zhao_relative_epsilon,30,1067
zhao_relative_epsilon,30,1077
zhao_relative_epsilon,30,1084
zhao_relative_epsilon,30,1112
zhao_relative_epsilon,30,1119
zhao_relative_epsilon,30,1124
zhao_relative_epsilon,30,1130
zhao_relative_epsilon,30,1144
zhao_relative_epsilon,30,1152
zhao_relative_epsilon,30,1167
zhao_relative_epsilon,30,1171
zhao_relative_epsilon,30,1235
zhao_relative_epsilon,30,1239
zhao_relative_epsilon,30,1249
zhao_relative_epsilon,30,1252
zhao_relative_epsilon,30,1253
zhao_relative_epsilon,30,1274
zhao_relative_epsilon,30,1280
zhao_relative_epsilon,30,1296
zhao_relative_epsilon,30,1297
zhao_relative_epsilon,30,1302
zhao_relative_epsilon,30,1303
zhao_relative_epsilon,30,1307
zhao_relative_epsilon,30,1311
zhao_relative_epsilon,30,1326
zhao_relative_epsilon,30,1330
zhao_relative_epsilon,30,1332
zhao_relative_epsilon,30,1342
zhao_relative_epsilon,30,1365
zhao_relative_epsilon,30,1369
zhao_relative_epsilon,30,1391
zhao_relative_epsilon,30,1425
zhao_relative_epsilon,30,1431
zhao_relative_epsilon,30,1441
zhao_relative_epsilon,30,1457
zhao_relative_epsilon,30,1464
zhao_relative_epsilon,30,1466
zhao_relative_epsilon,30,1472
zhao_relative_epsilon,30,1482
zhao_relative_epsilon,30,1495
zhao_relative_epsilon,30,1496
zhao_relative_epsilon,30,1516
zhao_relative_epsilon,30,1521
zhao_relative_epsilon,30,1529
zhao_relative_epsilon,30,1548
zhao_relative_epsilon,30,1551
zhao_relative_epsilon,30,1552
zhao_relative_epsilon,30,1562
zhao_relative_epsilon,30,1570
zhao_relative_epsilon,30,1579
zhao_relative_epsilon,30,1584
zhao_relative_epsilon,30,1601
zhao_relative_epsilon,30,1605
zhao_relative_epsilon,30,1608
zhao_relative_epsilon,30,1609
zhao_relative_epsilon,30,1617
zhao_relative_epsilon,30,1668
zhao_relative_epsilon,30,1681
zhao_relative_epsilon,30,1698
zhao_relative_epsilon,30,1719
zhao_relative_epsilon,30,1724
zhao_relative_epsilon,30,1777
zhao_relative_epsilon,30,1791
zhao_relative_epsilon,30,1793
zhao_relative_epsilon,30,1795
zhao_relative_epsilon,30,1797
zhao_relative_epsilon,30,1801
zhao_relative_epsilon,30,1819
zhao_relative_epsilon,30,1823
zhao_relative_epsilon,30,1829
zhao_relative_epsilon,30,1845
zhao_relative_epsilon,30,1861
zhao_relative_epsilon,30,1864
zhao_relative_epsilon,30,1867
zhao_relative_epsilon,30,1874
zhao_relative_epsilon,30,1885
zhao_relative_epsilon,30,1891
zhao_relative_epsilon,30,1914
zhao_relative_epsilon,30,1934
zhao_relative_epsilon,30,1935
zhao_relative_epsilon,30,1950
zhao_relative_epsilon,30,1969
zhao_relative_epsilon,30,1975
zhao_relative_epsilon,30,1978
zhao_relative_epsilon,30,2005
zhao_relative_epsilon,30,2012
zhao_relative_epsilon,30,2018
zhao_relative_epsilon,30,2019
zhao_relative_epsilon,30,2025
zhao_relative_epsilon,30,2026
zhao_relative_epsilon,30,2070
zhao_relative_epsilon,30,2073
zhao_relative_epsilon,30,2074
zhao_relative_epsilon,30,2087
zhao_relative_epsilon,30,2100
zhao_relative_epsilon,30,2103
zhao_relative_epsilon,30,2117
zhao_relative_epsilon,30,2120
zhao_relative_epsilon,30,2127
zhao_relative_epsilon,30,2135
zhao_relative_epsilon,30,2156
zhao_relative_epsilon,30,2173
zhao_relative_epsilon,30,2195
zhao_relative_epsilon,30,2196
zhao_relative_epsilon,30,2204
zhao_relative_epsilon,30,2226
zhao_relative_epsilon,30,2268
zhao_relative_epsilon,30,2273
zhao_relative_epsilon,30,2297
zhao_relative_epsilon,30,2306
zhao_relative_epsilon,30,2309
zhao_relative_epsilon,30,2310
zhao_relative_epsilon,30,2341
zhao_relative_epsilon,30,2363
zhao_relative_epsilon,30,2367
zhao_relative_epsilon,30,2369
zhao_relative_epsilon,30,2403
zhao_relative_epsilon,30,2405
zhao_relative_epsilon,30,2422
zhao_relative_epsilon,30,2427
zhao_relative_epsilon,30,2440
zhao_relative_epsilon,30,2441
zhao_relative_epsilon,30,2446
zhao_relative_epsilon,30,2453
zhao_relative_epsilon,30,2458
zhao_relative_epsilon,30,2470
zhao_relative_epsilon,30,2474
zhao_relative_epsilon,30,2486
zhao_relative_epsilon,30,2516
zhao_relative_epsilon,30,2521
zhao_relative_epsilon,30,2547
zhao_relative_epsilon,30,2585
zhao_relative_epsilon,30,2613
zhao_relative_epsilon,30,2614
zhao_relative_epsilon,30,2627
zhao_relative_epsilon,30,2653
zhao_relative_epsilon,30,2654
zhao_relative_epsilon,30,2677
zhao_relative_epsilon,30,2709
zhao_relative_epsilon,30,2724
zhao_relative_epsilon,30,2730
zhao_relative_epsilon,30,2743
zhao_relative_epsilon,30,2762
zhao_relative_epsilon,30,2767
zhao_relative_epsilon,30,2780
zhao_relative_epsilon,30,2792
zhao_relative_epsilon,30,2798
zhao_relative_epsilon,30,2806
zhao_relative_epsilon,30,2815
zhao_relative_epsilon,30,2904
zhao_relative_epsilon,30,2907
zhao_relative_epsilon,30,2908
zhao_relative_epsilon,30,2939
zhao_relative_epsilon,30,2951
zhao_relative_epsilon,30,2969
zhao_relative_epsilon,30,2990
zhao_relative_epsilon,30,3000
zhao_relative_epsilon,30,3006
zhao_relative_epsilon,30,3015
zhao_relative_epsilon,30,3017
zhao_relative_epsilon,30,3032
zhao_relative_epsilon,30,3059
zhao_relative_epsilon,30,3078
zhao_relative_epsilon,30,3086
zhao_relative_epsilon,30,3097
zhao_relative_epsilon,30,3109
zhao_relative_epsilon,30,3136
zhao_relative_epsilon,30,3141
zhao_relative_epsilon,30,3152
zhao_relative_epsilon,30,3175
zhao_relative_epsilon,30,3195
zhao_relative_epsilon,30,3236
zhao_relative_epsilon,30,3242
zhao_relative_epsilon,30,3271
zhao_relative_epsilon,30,3292
zhao_relative_epsilon,30,3295
zhao_relative_epsilon,30,3296
zhao_relative_epsilon,30,3307
zhao_relative_epsilon,30,3310
zhao_relative_epsilon,30,3331
zhao_relative_epsilon,30,3332
zhao_relative_epsilon,30,3336
zhao_relative_epsilon,30,3342
zhao_relative_epsilon,30,3346
zhao_relative_epsilon,30,3364
zhao_relative_epsilon,30,3382
zhao_relative_epsilon,30,3397
zhao_relative_epsilon,30,3404
zhao_relative_epsilon,30,3413
zhao_relative_epsilon,30,3415
zhao_relative_epsilon,30,3416
zhao_relative_epsilon,30,3425
zhao_relative_epsilon,30,3429
zhao_relative_epsilon,30,3430
zhao_relative_epsilon,30,3434
zhao_relative_epsilon,30,3447
zhao_relative_epsilon,30,3498
zhao_relative_epsilon,30,3533
zhao_relative_epsilon,30,3542
zhao_relative_epsilon,30,3543
zhao_relative_epsilon,30,3557
zhao_relative_epsilon,30,3574
zhao_relative_epsilon,30,3583
zhao_relative_epsilon,30,3587
zhao_relative_epsilon,30,3600
zhao_relative_epsilon,30,3623
zhao_relative_epsilon,30,3668
zhao_relative_epsilon,30,3673
zhao_relative_epsilon,30,3675
zhao_relative_epsilon,30,3695
zhao_relative_epsilon,30,3700
zhao_relative_epsilon,30,3724
zhao_relative_epsilon,30,3739
zhao_relative_epsilon,30,3775
zhao_relative_epsilon,30,3776
zhao_relative_epsilon,30,3786
zhao_relative_epsilon,30,3798
zhao_relative_epsilon,30,3802
zhao_relative_epsilon,30,3803
zhao_relative_epsilon,30,3813
zhao_relative_epsilon,30,3843
zhao_relative_epsilon,30,3856
zhao_relative_epsilon,30,3876
zhao_relative_epsilon,30,3878
zhao_relative_epsilon,30,3903
zhao_relative_epsilon,30,3912
zhao_relative_epsilon,30,3914
zhao_relative_epsilon,30,3930
zhao_relative_epsilon,30,3937
zhao_relative_epsilon,30,3940
zhao_relative_epsilon,30,3970
zhao_relative_epsilon,30,4006
zhao_relative_epsilon,30,4015
zhao_relative_epsilon,30,4028
zhao_relative_epsilon,30,4035
zhao_relative_epsilon,30,4079
zhao_relative_epsilon,30,4084
zhao_relative_epsilon,30,4092
zhao_relative_epsilon,30,4107
zhao_relative_epsilon,30,4128
zhao_relative_epsilon,30,4133
zhao_relative_epsilon,30,4160
zhao_relative_epsilon,30,4200
zhao_relative_epsilon,30,4208
zhao_relative_epsilon,30,4211
zhao_relative_epsilon,30,4213
zhao_relative_epsilon,30,4238
zhao_relative_epsilon,30,4239
zhao_relative_epsilon,30,4240
zhao_relative_epsilon,30,4257
zhao_relative_epsilon,30,4261
zhao_relative_epsilon,30,4280
zhao_relative_epsilon,30,4306
zhao_relative_epsilon,30,4318
zhao_relative_epsilon,30,4334
zhao_relative_epsilon,30,4338
zhao_relative_epsilon,30,4341
zhao_relative_epsilon,30,4345
zhao_relative_epsilon,30,4346
zhao_relative_epsilon,30,4350
zhao_relative_epsilon,30,4361
zhao_relative_epsilon,30,4381
zhao_relative_epsilon,30,4382
zhao_relative_epsilon,30,4384
zhao_relative_epsilon,30,4410
zhao_relative_epsilon,30,4426
zhao_relative_epsilon,30,4431
zhao_relative_epsilon,30,4433
zhao_relative_epsilon,30,4438
zhao_relative_epsilon,30,4459
zhao_relative_epsilon,30,4472
zhao_relative_epsilon,30,4497
zhao_relative_epsilon,30,4503
zhao_relative_epsilon,30,4541
zhao_relative_epsilon,30,4546
zhao_relative_epsilon,30,4661
zhao_relative_epsilon,30,4664
zhao_relative_epsilon,30,4668
zhao_relative_epsilon,30,4673
zhao_relative_epsilon,30,4684
zhao_relative_epsilon,30,4709
zhao_relative_epsilon,30,4713
zhao_relative_epsilon,30,4727
zhao_relative_epsilon,30,4762
zhao_relative_epsilon,30,4770
zhao_relative_epsilon,30,4796
zhao_relative_epsilon,30,4800
zhao_relative_epsilon,30,4807
zhao_relative_epsilon,30,4829
zhao_relative_epsilon,30,4834
zhao_relative_epsilon,30,4842
zhao_relative_epsilon,30,4852
zhao_relative_epsilon,30,4861
zhao_relative_epsilon,30,4875
zhao_relative_epsilon,30,4882
zhao_relative_epsilon,30,4886
zhao_relative_epsilon,30,4893
zhao_relative_epsilon,30,4903
zhao_relative_epsilon,30,4911
zhao_relative_epsilon,30,4936
zhao_relative_epsilon,30,4949
zhao_relative_epsilon,30,4961
zhao_relative_epsilon,30,4994
zhao_relative_epsilon,30,5024
zhao_relative_epsilon,30,5035
zhao_relative_epsilon,30,5042
zhao_relative_epsilon,30,5043
zhao_relative_epsilon,30,5073
zhao_relative_epsilon,30,5081
zhao_relative_epsilon,30,5087
zhao_relative_epsilon,30,5088
zhao_relative_epsilon,30,5114
zhao_relative_epsilon,30,5131
zhao_relative_epsilon,30,5172
zhao_relative_epsilon,30,5193
zhao_relative_epsilon,30,5194
zhao_relative_epsilon,30,5195
zhao_relative_epsilon,30,5251
zhao_relative_epsilon,30,5253
zhao_relative_epsilon,30,5259
zhao_relative_epsilon,30,5269
zhao_relative_epsilon,30,5290
zhao_relative_epsilon,30,5297
zhao_relative_epsilon,30,5320
zhao_relative_epsilon,30,5323
zhao_relative_epsilon,30,5333
zhao_relative_epsilon,30,5336
zhao_relative_epsilon,30,5358
zhao_relative_epsilon,30,5366
zhao_relative_epsilon,30,5375
zhao_relative_epsilon,30,5423
zhao_relative_epsilon,30,5426
zhao_relative_epsilon,30,5427
zhao_relative_epsilon,30,5442
zhao_relative_epsilon,30,5473
zhao_relative_epsilon,30,5486
zhao_relative_epsilon,30,5490
zhao_relative_epsilon,30,5506
zhao_relative_epsilon,30,5526
zhao_relative_epsilon,30,5528
zhao_relative_epsilon,30,5542
zhao_relative_epsilon,30,5549
zhao_relative_epsilon,30,5561
zhao_relative_epsilon,30,5591
zhao_relative_epsilon,30,5624
zhao_relative_epsilon,30,5646
zhao_relative_epsilon,30,5649
zhao_relative_epsilon,30,5687
zhao_relative_epsilon,30,5695
zhao_relative_epsilon,30,5701
zhao_relative_epsilon,30,5705
zhao_relative_epsilon,30,5713
zhao_relative_epsilon,30,5718
zhao_relative_epsilon,30,5737
zhao_relative_epsilon,30,5748
zhao_relative_epsilon,30,5752
zhao_relative_epsilon,30,5759
zhao_relative_epsilon,30,5767
zhao_relative_epsilon,30,5790
zhao_relative_epsilon,30,5794
zhao_relative_epsilon,30,5804
zhao_relative_epsilon,30,5814
zhao_relative_epsilon,30,5831
zhao_relative_epsilon,30,5832
zhao_relative_epsilon,30,5840
zhao_relative_epsilon,30,5850
zhao_relative_epsilon,30,5852
zhao_relative_epsilon,30,5854
zhao_relative_epsilon,30,5860
zhao_relative_epsilon,30,5866
zhao_relative_epsilon,30,5872
zhao_relative_epsilon,30,5886
zhao_relative_epsilon,30,5901
zhao_relative_epsilon,30,5905
zhao_relative_epsilon,30,5906
zhao_relative_epsilon,30,5912
zhao_relative_epsilon,30,5914
zhao_relative_epsilon,30,5920
zhao_relative_epsilon,30,5926
zhao_relative_epsilon,30,5943
zhao_relative_epsilon,30,5944
zhao_relative_epsilon,30,5948
zhao_relative_epsilon,30,5951
zhao_relative_epsilon,30,5961
zhao_relative_epsilon,30,6021
zhao_relative_epsilon,30,6083
zhao_relative_epsilon,30,6093
zhao_relative_epsilon,30,6096
zhao_relative_epsilon,30,6110
zhao_relative_epsilon,30,6142
zhao_relative_epsilon,30,6159
zhao_relative_epsilon,30,6168
zhao_relative_epsilon,30,6171
zhao_relative_epsilon,30,6196
zhao_relative_epsilon,30,6203
zhao_relative_epsilon,30,6204
zhao_relative_epsilon,30,6209
zhao_relative_epsilon,30,6211
zhao_relative_epsilon,30,6220
zhao_relative_epsilon,30,6240
zhao_relative_epsilon,30,6252
zhao_relative_epsilon,30,6255
zhao_relative_epsilon,30,6290
zhao_relative_epsilon,30,6331
zhao_relative_epsilon,30,6336
zhao_relative_epsilon,30,6367
zhao_relative_epsilon,30,6372
zhao_relative_epsilon,30,6380
zhao_relative_epsilon,30,6396
zhao_relative_epsilon,30,6404
zhao_relative_epsilon,30,6424
zhao_relative_epsilon,30,6433
zhao_relative_epsilon,30,6448
zhao_relative_epsilon,30,6462
zhao_relative_epsilon,30,6476
zhao_relative_epsilon,30,6491
zhao_relative_epsilon,30,6499
zhao_relative_epsilon,30,6539
zhao_relative_epsilon,30,6547
zhao_relative_epsilon,30,6555
zhao_relative_epsilon,30,6582
zhao_relative_epsilon,30,6595
zhao_relative_epsilon,30,6618
zhao_relative_epsilon,30,6625
zhao_relative_epsilon,30,6632
zhao_relative_epsilon,30,6640
zhao_relative_epsilon,30,6659
zhao_relative_epsilon,30,6663
zhao_relative_epsilon,30,6669
zhao_relative_epsilon,30,6680
zhao_relative_epsilon,30,6707
zhao_relative_epsilon,30,6712
zhao_relative_epsilon,30,6716
zhao_relative_epsilon,30,6725
zhao_relative_epsilon,30,6735
zhao_relative_epsilon,30,6742
zhao_relative_epsilon,30,6764
zhao_relative_epsilon,30,6770
zhao_relative_epsilon,30,6779
zhao_relative_epsilon,30,6816
zhao_relative_epsilon,30,6831
zhao_relative_epsilon,30,6851
zhao_relative_epsilon,30,6889
zhao_relative_epsilon,30,6893
zhao_relative_epsilon,30,6894
zhao_relative_epsilon,30,6937
zhao_relative_epsilon,30,6939
zhao_relative_epsilon,30,6948
zhao_relative_epsilon,30,6952
zhao_relative_epsilon,30,6954
zhao_relative_epsilon,30,6971
zhao_relative_epsilon,30,6976
zhao_relative_epsilon,30,6989
zhao_relative_epsilon,30,6992
zhao_relative_epsilon,30,6999
zhao_relative_epsilon,30,7016
zhao_relative_epsilon,30,7024
zhao_relative_epsilon,30,7037
zhao_relative_epsilon,30,7066
zhao_relative_epsilon,30,7076
zhao_relative_epsilon,30,7091
zhao_relative_epsilon,30,7095
zhao_relative_epsilon,30,7107
zhao_relative_epsilon,30,7144
zhao_relative_epsilon,30,7146
zhao_relative_epsilon,30,7177
zhao_relative_epsilon,30,7204
zhao_relative_epsilon,30,7207
zhao_relative_epsilon,30,7259
zhao_relative_epsilon,30,7282
zhao_relative_epsilon,30,7286
zhao_relative_epsilon,30,7299
zhao_relative_epsilon,30,7304
zhao_relative_epsilon,30,7305
zhao_relative_epsilon,30,7322
zhao_relative_epsilon,30,7325
zhao_relative_epsilon,30,7340
zhao_relative_epsilon,30,7346
zhao_relative_epsilon,30,7366
zhao_relative_epsilon,30,7367
zhao_relative_epsilon,30,7393
zhao_relative_epsilon,30,7398
zhao_relative_epsilon,30,7410
zhao_relative_epsilon,30,7419
zhao_relative_epsilon,30,7422
zhao_relative_epsilon,30,7423
zhao_relative_epsilon,30,7428
zhao_relative_epsilon,30,7431
zhao_relative_epsilon,30,7463
zhao_relative_epsilon,30,7506
zhao_relative_epsilon,30,7550
zhao_relative_epsilon,30,7554
zhao_relative_epsilon,30,7577
zhao_relative_epsilon,30,7600
zhao_relative_epsilon,30,7609
zhao_relative_epsilon,30,7616
zhao_relative_epsilon,30,7624
zhao_relative_epsilon,30,7638
zhao_relative_epsilon,30,7660
zhao_relative_epsilon,30,7663
zhao_relative_epsilon,30,7668
zhao_relative_epsilon,30,7673
zhao_relative_epsilon,30,7674
zhao_relative_epsilon,30,7675
zhao_relative_epsilon,30,7676
zhao_relative_epsilon,30,7691
zhao_relative_epsilon,30,7699
zhao_relative_epsilon,30,7705
zhao_relative_epsilon,30,7708
zhao_relative_epsilon,30,7727
zhao_relative_epsilon,30,7744
zhao_relative_epsilon,30,7747
zhao_relative_epsilon,30,7748
zhao_relative_epsilon,30,7752
zhao_relative_epsilon,30,7755
zhao_relative_epsilon,30,7776
zhao_relative_epsilon,30,7779
zhao_relative_epsilon,30,7789
zhao_relative_epsilon,30,7790
zhao_relative_epsilon,30,7813
zhao_relative_epsilon,30,7814
zhao_relative_epsilon,30,7834
zhao_relative_epsilon,30,7843
zhao_relative_epsilon,30,7857
zhao_relative_epsilon,30,7872
zhao_relative_epsilon,30,7908
zhao_relative_epsilon,30,7910
zhao_relative_epsilon,30,7958
zhao_relative_epsilon,30,7969
zhao_relative_epsilon,30,7985
zhao_relative_epsilon,30,7999
zhao_relative_epsilon,30,8003
zhao_relative_epsilon,30,8017
zhao_relative_epsilon,30,8023
zhao_relative_epsilon,30,8026
zhao_relative_epsilon,30,8028
zhao_relative_epsilon,30,8057
zhao_relative_epsilon,30,8082
zhao_relative_epsilon,30,8084
zhao_relative_epsilon,30,8125
zhao_relative_epsilon,30,8127
zhao_relative_epsilon,30,8132
zhao_relative_epsilon,30,8200
zhao_relative_epsilon,30,8212
zhao_relative_epsilon,30,8223
zhao_relative_epsilon,30,8226
zhao_relative_epsilon,30,8242
zhao_relative_epsilon,30,8247
zhao_relative_epsilon,30,8248
zhao_relative_epsilon,30,8288
zhao_relative_epsilon,30,8295
zhao_relative_epsilon,30,8309
zhao_relative_epsilon,30,8319
zhao_relative_epsilon,30,8321
zhao_relative_epsilon,30,8349
zhao_relative_epsilon,30,8366
zhao_relative_epsilon,30,8371
zhao_relative_epsilon,30,8385
zhao_relative_epsilon,30,8388
zhao_relative_epsilon,30,8392
zhao_relative_epsilon,30,8418
zhao_relative_epsilon,30,8426
zhao_relative_epsilon,30,8427
zhao_relative_epsilon,30,8428
zhao_relative_epsilon,30,8491
zhao_relative_epsilon,30,8539
zhao_relative_epsilon,30,8562
zhao_relative_epsilon,30,8570
zhao_relative_epsilon,30,8610
zhao_relative_epsilon,30,8621
zhao_relative_epsilon,30,8623
zhao_relative_epsilon,30,8631
zhao_relative_epsilon,30,8634
zhao_relative_epsilon,30,8638
zhao_relative_epsilon,30,8639
zhao_relative_epsilon,30,8652
zhao_relative_epsilon,30,8662
zhao_relative_epsilon,30,8688
zhao_relative_epsilon,30,8698
zhao_relative_epsilon,30,8699
zhao_relative_epsilon,30,8711
zhao_relative_epsilon,30,8716
zhao_relative_epsilon,30,8724
zhao_relative_epsilon,30,8726
zhao_relative_epsilon,30,8737
zhao_relative_epsilon,30,8749
zhao_relative_epsilon,30,8771
zhao_relative_epsilon,30,8780
zhao_relative_epsilon,30,8803
zhao_relative_epsilon,30,8832
zhao_relative_epsilon,30,8834
zhao_relative_epsilon,30,8845
zhao_relative_epsilon,30,8853
zhao_relative_epsilon,30,8855
zhao_relative_epsilon,30,8856
zhao_relative_epsilon,30,8884
zhao_relative_epsilon,30,8886
zhao_relative_epsilon,30,8892
zhao_relative_epsilon,30,8911
zhao_relative_epsilon,30,8932
zhao_relative_epsilon,30,8954
zhao_relative_epsilon,30,8959
zhao_relative_epsilon,30,8960
zhao_relative_epsilon,30,8983
zhao_relative_epsilon,30,9025
zhao_relative_epsilon,30,9027
zhao_relative_epsilon,30,9031
zhao_relative_epsilon,30,9044
zhao_relative_epsilon,30,9065
zhao_relative_epsilon,30,9075
zhao_relative_epsilon,30,9086
zhao_relative_epsilon,30,9094
zhao_relative_epsilon,30,9096
zhao_relative_epsilon,30,9100
zhao_relative_epsilon,30,9105
zhao_relative_epsilon,30,9106
zhao_relative_epsilon,30,9110
zhao_relative_epsilon,30,9114
zhao_relative_epsilon,30,9117
zhao_relative_epsilon,30,9125
zhao_relative_epsilon,30,9138
zhao_relative_epsilon,30,9151
zhao_relative_epsilon,30,9191
zhao_relative_epsilon,30,9198
zhao_relative_epsilon,30,9210
zhao_relative_epsilon,30,9211
zhao_relative_epsilon,30,9237
zhao_relative_epsilon,30,9239
zhao_relative_epsilon,30,9240
zhao_relative_epsilon,30,9247
zhao_relative_epsilon,30,9255
zhao_relative_epsilon,30,9261
zhao_relative_epsilon,30,9264
zhao_relative_epsilon,30,9276
zhao_relative_epsilon,30,9296
zhao_relative_epsilon,30,9307
zhao_relative_epsilon,30,9314
zhao_relative_epsilon,30,9324
zhao_relative_epsilon,30,9329
zhao_relative_epsilon,30,9333
zhao_relative_epsilon,30,9350
zhao_relative_epsilon,30,9355
zhao_relative_epsilon,30,9382
zhao_relative_epsilon,30,9387
zhao_relative_epsilon,30,9400
zhao_relative_epsilon,30,9402
zhao_relative_epsilon,30,9433
zhao_relative_epsilon,30,9439
zhao_relative_epsilon,30,9465
zhao_relative_epsilon,30,9485
zhao_relative_epsilon,30,9499
zhao_relative_epsilon,30,9504
zhao_relative_epsilon,30,9513
zhao_relative_epsilon,30,9514
zhao_relative_epsilon,30,9544
zhao_relative_epsilon,30,9556
zhao_relative_epsilon,30,9558
zhao_relative_epsilon,30,9559
zhao_relative_epsilon,30,9591
zhao_relative_epsilon,30,9598
zhao_relative_epsilon,30,9604
zhao_relative_epsilon,30,9608
zhao_relative_epsilon,30,9621
zhao_relative_epsilon,30,9670
zhao_relative_epsilon,30,9697
zhao_relative_epsilon,30,9698
zhao_relative_epsilon,30,9701
zhao_relative_epsilon,30,9702
zhao_relative_epsilon,30,9708
zhao_relative_epsilon,30,9713
zhao_relative_epsilon,30,9716
zhao_relative_epsilon,30,9725
zhao_relative_epsilon,30,9735
zhao_relative_epsilon,30,9739
zhao_relative_epsilon,30,9756
zhao_relative_epsilon,30,9761
zhao_relative_epsilon,30,9787
zhao_relative_epsilon,30,9788
zhao_relative_epsilon,30,9793
zhao_relative_epsilon,30,9816
zhao_relative_epsilon,30,9832
zhao_relative_epsilon,30,9834
zhao_relative_epsilon,30,9841
zhao_relative_epsilon,30,9893
zhao_relative_epsilon,30,9894
zhao_relative_epsilon,30,9957
zhao_relative_epsilon,30,9959
zhao_relative_epsilon,30,9965
zhao_relative_epsilon,30,9974
zhao_relative_epsilon,30,10001
zhao_relative_epsilon,30,10006
zhao_relative_epsilon,30,10023
zhao_relative_epsilon,30,10032
zhao_relative_epsilon,30,10052
zhao_relative_epsilon,30,10062
zhao_relative_epsilon,30,10083
zhao_relative_epsilon,30,10104
zhao_relative_epsilon,30,10111
zhao_relative_epsilon,30,10117
zhao_relative_epsilon,30,10126
zhao_relative_epsilon,30,10139
zhao_relative_epsilon,30,10174
zhao_relative_epsilon,30,10196
zhao_relative_epsilon,30,10240
zhao_relative_epsilon,30,10254
zhao_relative_epsilon,30,10265
zhao_relative_epsilon,30,10272
zhao_relative_epsilon,30,10321
zhao_relative_epsilon,30,10322
zhao_relative_epsilon,30,10329
zhao_relative_epsilon,30,10339
zhao_relative_epsilon,30,10341
zhao_relative_epsilon,30,10343
zhao_relative_epsilon,30,10364
zhao_relative_epsilon,30,10365
zhao_relative_epsilon,30,10408
zhao_relative_epsilon,30,10411
zhao_relative_epsilon,30,10428
zhao_relative_epsilon,30,10431
zhao_relative_epsilon,30,10433
zhao_relative_epsilon,30,10473
zhao_relative_epsilon,30,10494
zhao_relative_epsilon,30,10498
zhao_relative_epsilon,30,10507
zhao_relative_epsilon,30,10518
zhao_relative_epsilon,30,10527
zhao_relative_epsilon,30,10563
zhao_relative_epsilon,30,10599
zhao_relative_epsilon,30,10617
zhao_relative_epsilon,30,10641
zhao_relative_epsilon,30,10645
zhao_relative_epsilon,30,10682
zhao_relative_epsilon,30,10687
zhao_relative_epsilon,30,10711
zhao_relative_epsilon,30,10725
zhao_relative_epsilon,30,10742
zhao_relative_epsilon,30,10767
zhao_relative_epsilon,30,10777
zhao_relative_epsilon,30,10790
zhao_relative_epsilon,30,10794
zhao_relative_epsilon,30,10821
zhao_relative_epsilon,30,10824
zhao_relative_epsilon,30,10830
zhao_relative_epsilon,30,10840
zhao_relative_epsilon,30,10849
zhao_relative_epsilon,30,10853
zhao_relative_epsilon,30,10879
zhao_relative_epsilon,30,10880
zhao_relative_epsilon,30,10883
zhao_relative_epsilon,30,10887
zhao_relative_epsilon,30,10915
zhao_relative_epsilon,30,10933
zhao_relative_epsilon,30,10950
zhao_relative_epsilon,30,10952
zhao_relative_epsilon,30,10974
zhao_relative_epsilon,30,10997
zhao_relative_epsilon,30,10999
zhao_relative_epsilon,30,11022
zhao_relative_epsilon,30,11055
zhao_relative_epsilon,30,11076
zhao_relative_epsilon,30,11084
zhao_relative_epsilon,30,11089
zhao_relative_epsilon,30,11103
zhao_relative_epsilon,30,11104
zhao_relative_epsilon,30,11109
zhao_relative_epsilon,30,11131
zhao_relative_epsilon,30,11141
zhao_relative_epsilon,30,11151
zhao_relative_epsilon,30,11159
zhao_relative_epsilon,30,11169
zhao_relative_epsilon,30,11200
zhao_relative_epsilon,30,11240
zhao_relative_epsilon,30,11258
zhao_relative_epsilon,30,11268
zhao_relative_epsilon,30,11272
zhao_relative_epsilon,30,11289
zhao_relative_epsilon,30,11294
zhao_relative_epsilon,30,11307
zhao_relative_epsilon,30,11328
zhao_relative_epsilon,30,11335
zhao_relative_epsilon,30,11356
zhao_relative_epsilon,30,11360
zhao_relative_epsilon,30,11377
zhao_relative_epsilon,30,11389
zhao_relative_epsilon,30,11415
zhao_relative_epsilon,30,11430
zhao_relative_epsilon,30,11463
zhao_relative_epsilon,30,11484
zhao_relative_epsilon,30,11486
zhao_relative_epsilon,30,11494
zhao_relative_epsilon,30,11504
zhao_relative_epsilon,30,11510
zhao_relative_epsilon,30,11533
zhao_relative_epsilon,30,11536
zhao_relative_epsilon,30,11538
zhao_relative_epsilon,30,11545
zhao_relative_epsilon,30,11574
zhao_relative_epsilon,30,11592
zhao_relative_epsilon,30,11608
zhao_relative_epsilon,30,11613
zhao_relative_epsilon,30,11625
zhao_relative_epsilon,30,11665
zhao_relative_epsilon,30,11703
zhao_relative_epsilon,30,11706
zhao_relative_epsilon,30,11716
zhao_relative_epsilon,30,11752
zhao_relative_epsilon,30,11755
zhao_relative_epsilon,30,11768
zhao_relative_epsilon,30,11785
zhao_relative_epsilon,30,11803
zhao_relative_epsilon,30,11810
zhao_relative_epsilon,30,11813
zhao_relative_epsilon,30,11820
zhao_relative_epsilon,30,11840
zhao_relative_epsilon,30,11842
zhao_relative_epsilon,30,11859
zhao_relative_epsilon,30,11860
zhao_relative_epsilon,30,11883
zhao_relative_epsilon,30,11889
zhao_relative_epsilon,30,11898
zhao_relative_epsilon,30,11914
zhao_relative_epsilon,30,11920
zhao_relative_epsilon,30,11965
zhao_relative_epsilon,30,11976
zhao_relative_epsilon,30,11992
zhao_relative_epsilon,30,12009
zhao_relative_epsilon,30,12012
zhao_relative_epsilon,30,12016
zhao_relative_epsilon,30,12077
zhao_relative_epsilon,30,12103
zhao_relative_epsilon,30,12127
zhao_relative_epsilon,30,12135
zhao_relative_epsilon,30,12154
zhao_relative_epsilon,30,12161
zhao_relative_epsilon,30,12179
zhao_relative_epsilon,30,12185
zhao_relative_epsilon,30,12200
zhao_relative_epsilon,30,12202
zhao_relative_epsilon,30,12246
zhao_relative_epsilon,30,12255
zhao_relative_epsilon,30,12258
zhao_relative_epsilon,30,12287
zhao_relative_epsilon,30,12302
zhao_relative_epsilon,30,12325
zhao_relative_epsilon,30,12351
zhao_relative_epsilon,30,12371
zhao_relative_epsilon,30,12377
zhao_relative_epsilon,30,12379
zhao_relative_epsilon,30,12383
zhao_relative_epsilon,30,12387
zhao_relative_epsilon,30,12395
zhao_relative_epsilon,30,12419
zhao_relative_epsilon,30,12446
zhao_relative_epsilon,30,12460
zhao_relative_epsilon,30,12463
zhao_relative_epsilon,30,12476
zhao_relative_epsilon,30,12484
zhao_relative_epsilon,30,12495
zhao_relative_epsilon,30,12499
zhao_relative_epsilon,30,12512
zhao_relative_epsilon,30,12516
zhao_relative_epsilon,30,12522
zhao_relative_epsilon,30,12523
zhao_relative_epsilon,30,12524
zhao_relative_epsilon,30,12554
zhao_relative_epsilon,30,12556
zhao_relative_epsilon,30,12568
zhao_relative_epsilon,30,12573
zhao_relative_epsilon,30,12582
zhao_relative_epsilon,30,12586
zhao_relative_epsilon,30,12602
zhao_relative_epsilon,30,12641
zhao_relative_epsilon,30,12660
zhao_relative_epsilon,30,12662
zhao_relative_epsilon,30,12673
zhao_relative_epsilon,30,12687
zhao_relative_epsilon,30,12689
zhao_relative_epsilon,30,12700
zhao_relative_epsilon,30,12711
zhao_relative_epsilon,30,12728
zhao_relative_epsilon,30,12730
zhao_relative_epsilon,30,12741
zhao_relative_epsilon,30,12772
zhao_relative_epsilon,30,12787
zhao_relative_epsilon,30,12811
zhao_relative_epsilon,30,12814
zhao_relative_epsilon,30,12824
zhao_relative_epsilon,30,12827
zhao_relative_epsilon,30,12861
zhao_relative_epsilon,30,12878
zhao_relative_epsilon,30,12903
zhao_relative_epsilon,30,12914
zhao_relative_epsilon,30,12926
zhao_relative_epsilon,30,12933
zhao_relative_epsilon,30,12935
zhao_relative_epsilon,30,12939
zhao_relative_epsilon,30,12963
zhao_relative_epsilon,30,12965
zhao_relative_epsilon,30,12991
zhao_relative_epsilon,30,13006
zhao_relative_epsilon,30,13021
zhao_relative_epsilon,30,13032
zhao_relative_epsilon,30,13047
zhao_relative_epsilon,30,13048
zhao_relative_epsilon,30,13049
zhao_relative_epsilon,30,13058
zhao_relative_epsilon,30,13059
zhao_relative_epsilon,30,13122
zhao_relative_epsilon,30,13140
zhao_relative_epsilon,30,13159
zhao_relative_epsilon,30,13168
zhao_relative_epsilon,30,13175
zhao_relative_epsilon,30,13182
zhao_relative_epsilon,30,13224
zhao_relative_epsilon,30,13226
zhao_relative_epsilon,30,13235
zhao_relative_epsilon,30,13252
zhao_relative_epsilon,30,13260
zhao_relative_epsilon,30,13292
zhao_relative_epsilon,30,13308
zhao_relative_epsilon,30,13310
zhao_relative_epsilon,30,13347
zhao_relative_epsilon,30,13354
zhao_relative_epsilon,30,13356
zhao_relative_epsilon,30,13359
zhao_relative_epsilon,30,13364
zhao_relative_epsilon,30,13392
zhao_relative_epsilon,30,13422
zhao_relative_epsilon,30,13459
zhao_relative_epsilon,30,13487
zhao_relative_epsilon,30,13496
zhao_relative_epsilon,30,13499
zhao_relative_epsilon,30,13538
zhao_relative_epsilon,30,13546
zhao_relative_epsilon,30,13567
zhao_relative_epsilon,30,13570
zhao_relative_epsilon,30,13575
zhao_relative_epsilon,30,13584
zhao_relative_epsilon,30,13587
zhao_relative_epsilon,30,13607
zhao_relative_epsilon,30,13622
zhao_relative_epsilon,30,13628
zhao_relative_epsilon,30,13637
zhao_relative_epsilon,30,13655
zhao_relative_epsilon,30,13661
zhao_relative_epsilon,30,13679
zhao_relative_epsilon,30,13681
zhao_relative_epsilon,30,13698
zhao_relative_epsilon,30,13711
zhao_relative_epsilon,30,13742
zhao_relative_epsilon,30,13759
zhao_relative_epsilon,30,13790
zhao_relative_epsilon,30,13811
zhao_relative_epsilon,30,13846
zhao_relative_epsilon,30,13848
zhao_relative_epsilon,30,13867
zhao_relative_epsilon,30,13869
zhao_relative_epsilon,30,13882
zhao_relative_epsilon,30,13889
zhao_relative_epsilon,30,13890
zhao_relative_epsilon,30,13913
zhao_relative_epsilon,30,13935
zhao_relative_epsilon,30,13953
zhao_relative_epsilon,30,13957
zhao_relative_epsilon,30,13984
zhao_relative_epsilon,30,13988
zhao_relative_epsilon,30,14008
zhao_relative_epsilon,30,14016
zhao_relative_epsilon,30,14069
zhao_relative_epsilon,30,14095
zhao_relative_epsilon,30,14108
zhao_relative_epsilon,30,14109
zhao_relative_epsilon,30,14130
zhao_relative_epsilon,30,14146
zhao_relative_epsilon,30,14154
zhao_relative_epsilon,30,14158
zhao_relative_epsilon,30,14159
zhao_relative_epsilon,30,14161
zhao_relative_epsilon,30,14181
zhao_relative_epsilon,30,14192
zhao_relative_epsilon,30,14211
zhao_relative_epsilon,30,14215
zhao_relative_epsilon,30,14229
zhao_relative_epsilon,30,14244
zhao_relative_epsilon,30,14260
zhao_relative_epsilon,30,14261
zhao_relative_epsilon,30,14271
zhao_relative_epsilon,30,14280
zhao_relative_epsilon,30,14282
zhao_relative_epsilon,30,14288
zhao_relative_epsilon,30,14298
zhao_relative_epsilon,31,207
zhao_relative_epsilon,31,486
zhao_relative_epsilon,31,566
zhao_relative_epsilon,31,801
zhao_relative_epsilon,31,963
zhao_relative_epsilon,31,1159
zhao_relative_epsilon,31,1209
zhao_relative_epsilon,31,1386
zhao_relative_epsilon,31,1712
zhao_relative_epsilon,31,1798
zhao_relative_epsilon,31,1940
zhao_relative_epsilon,31,1955
zhao_relative_epsilon,31,2003
zhao_relative_epsilon,31,2036
zhao_relative_epsilon,31,2100
zhao_relative_epsilon,31,2398
zhao_relative_epsilon,31,2572
zhao_relative_epsilon,31,2754
zhao_relative_epsilon,31,2756
zhao_relative_epsilon,31,3175
zhao_relative_epsilon,31,3197
zhao_relative_epsilon,31,3268
zhao_relative_epsilon,31,3387
zhao_relative_epsilon,31,3487
zhao_relative_epsilon,31,4097
zhao_relative_epsilon,31,4160
zhao_relative_epsilon,31,4501
zhao_relative_epsilon,31,4581
zhao_relative_epsilon,31,4768
zhao_relative_epsilon,31,4786
zhao_relative_epsilon,31,5099
zhao_relative_epsilon,31,5230
zhao_relative_epsilon,31,5253
zhao_relative_epsilon,31,5311
zhao_relative_epsilon,31,5371
zhao_relative_epsilon,31,5509
zhao_relative_epsilon,31,5553
zhao_relative_epsilon,31,5562
zhao_relative_epsilon,31,5933
zhao_relative_epsilon,31,6069
zhao_relative_epsilon,31,6432
zhao_relative_epsilon,31,6466
zhao_relative_epsilon,31,7281
zhao_relative_epsilon,31,7450
zhao_relative_epsilon,31,7727
zhao_relative_epsilon,31,7851
zhao_relative_epsilon,31,8717
zhao_relative_epsilon,31,8771
zhao_relative_epsilon,31,8792
zhao_relative_epsilon,31,9519
zhao_relative_epsilon,31,10233
zhao_relative_epsilon,31,10716
zhao_relative_epsilon,31,10850
zhao_relative_epsilon,31,11024
zhao_relative_epsilon,31,11119
zhao_relative_epsilon,31,11342
zhao_relative_epsilon,31,11541
zhao_relative_epsilon,31,11640
zhao_relative_epsilon,31,11695
zhao_relative_epsilon,31,11752
zhao_relative_epsilon,31,12004
zhao_relative_epsilon,31,12032
zhao_relative_epsilon,31,12033
zhao_relative_epsilon,31,12111
zhao_relative_epsilon,31,12252
zhao_relative_epsilon,31,12529
zhao_relative_epsilon,31,12591
zhao_relative_epsilon,31,12732
zhao_relative_epsilon,31,12923
zhao_relative_epsilon,31,13943
zhao_relative_epsilon,31,14106
zhao_relative_epsilon,31,14201
zhao_relative_epsilon,31,14224
zhao_relative_epsilon,31,14276
